po_number,material_id,vendor,po_creation_date,expected_delivery_date,goods_receipt_date,ordered_qty,received_qty,po_status
GR-PO-000001,1,Springbok Bearing & Drive Co (Pty) Ltd,2026-02-10,2026-05-08,2026-05-11,19,19,DELIVERED
GR-PO-000002,1,Vaal Valve & Fittings (Pty) Ltd,2025-06-16,2025-09-11,2025-08-27,7,7,DELIVERED
GR-PO-000003,1,Lowveld Electromechanical Ltd (Pty) Ltd,2025-10-11,2026-01-06,2025-12-28,17,17,DELIVERED
GR-PO-000004,1,Northern Cape Industrial Distributors (Pty) Ltd,2024-12-08,2025-03-05,2025-02-16,2,2,DELIVERED
GR-PO-000005,1,Namaqua Seals & Sealing Systems (Pty) Ltd,2024-12-31,2025-03-28,2025-04-03,13,13,DELIVERED
GR-PO-000006,3,Waterberg Bearing & Drive Co (Pty) Ltd,2026-04-08,2026-07-16,2026-07-13,10,10,DELIVERED
GR-PO-000007,3,Kuruman Spares & Components (Pty) Ltd,2024-12-30,2025-04-08,2025-04-12,2,2,DELIVERED
GR-PO-000008,3,Escarpment Seals & Sealing Systems (Pty) Ltd,2025-06-27,2025-10-04,2025-10-22,14,14,DELIVERED
GR-PO-000009,3,Kalahari Bearing & Drive Co (Pty) Ltd,2026-07-05,2026-10-12,2026-10-11,3,3,DELIVERED
GR-PO-000010,3,Karoo Industrial Distributors (Pty) Ltd,2025-01-11,2025-04-20,2025-04-20,12,12,DELIVERED
GR-PO-000011,3,Orange River Electromechanical Ltd (Pty) Ltd,2024-12-23,2025-04-01,2025-04-02,9,9,DELIVERED
GR-PO-000012,4,Orange River Bearing & Drive Co (Pty) Ltd,2025-05-27,2025-07-11,2025-07-02,4,4,DELIVERED
GR-PO-000013,4,Bushveld Engineering Supplies (Pty) Ltd,2026-01-13,2026-02-27,2026-03-02,4,4,DELIVERED
GR-PO-000014,4,Highveld Industrial Supplies (Pty) Ltd,2024-11-30,2025-01-14,2025-01-11,6,6,DELIVERED
GR-PO-000015,4,Springbok Bearing & Drive Co (Pty) Ltd,2025-02-07,2025-03-24,2025-04-01,5,5,DELIVERED
GR-PO-000016,4,Postmasburg Valve & Fittings (Pty) Ltd,2026-01-17,2026-03-03,2026-03-10,13,13,DELIVERED
GR-PO-000017,4,Orange River Bearing & Drive Co (Pty) Ltd,2025-12-01,2026-01-15,2026-01-15,1,1,DELIVERED
GR-PO-000018,4,Lowveld Mining Equipment Traders (Pty) Ltd,2025-01-06,2025-02-20,2025-02-22,12,12,DELIVERED
GR-PO-000019,4,Orange River Electromechanical Ltd (Pty) Ltd,2026-05-21,2026-07-05,2026-06-27,14,14,DELIVERED
GR-PO-000020,5,Upington Valve & Fittings (Pty) Ltd,2026-05-22,2026-09-24,2026-09-27,4,4,DELIVERED
GR-PO-000021,5,Northern Cape Industrial Distributors (Pty) Ltd,2024-12-17,2025-04-21,2025-05-09,1,1,DELIVERED
GR-PO-000022,5,Orange River Bearing & Drive Co (Pty) Ltd,2025-07-13,2025-11-15,2025-10-26,20,20,DELIVERED
GR-PO-000023,5,Kuruman Pump Solutions (Pty) Ltd,2025-12-18,2026-04-22,2026-04-16,16,16,DELIVERED
GR-PO-000024,5,Aggeneys Pump Solutions (Pty) Ltd,2025-12-13,2026-04-17,2026-04-11,4,4,DELIVERED
GR-PO-000025,5,Escarpment Mining Equipment Traders (Pty) Ltd,2025-04-06,2025-08-09,2025-08-20,12,12,DELIVERED
GR-PO-000026,5,Highveld Industrial Supplies (Pty) Ltd,2025-06-19,2025-10-22,2025-10-25,5,5,DELIVERED
GR-PO-000027,6,Waterberg Bearing & Drive Co (Pty) Ltd,2026-02-12,2026-06-14,2026-06-23,1,1,DELIVERED
GR-PO-000028,6,Orange River Bearing & Drive Co (Pty) Ltd,2025-08-31,2025-12-31,2025-12-25,4,4,DELIVERED
GR-PO-000029,6,Upington Mining Equipment Traders (Pty) Ltd,2026-05-31,2026-09-30,2026-09-24,4,4,DELIVERED
GR-PO-000030,6,Kimberley Pump Solutions (Pty) Ltd,2025-09-07,2026-01-07,2026-01-26,15,15,DELIVERED
GR-PO-000031,6,Bushveld Pump Solutions (Pty) Ltd,2025-06-21,2025-10-21,2025-11-17,14,14,DELIVERED
GR-PO-000032,6,Orange River Electromechanical Ltd (Pty) Ltd,2025-09-09,2026-01-09,2026-02-09,18,18,DELIVERED
GR-PO-000033,7,Escarpment Mining Equipment Traders (Pty) Ltd,2025-04-19,2025-08-25,2025-09-07,7,7,DELIVERED
GR-PO-000034,7,Orange River Engineering Supplies (Pty) Ltd,2025-01-19,2025-05-27,2025-06-05,12,12,DELIVERED
GR-PO-000035,7,Vaal Mining Equipment Traders (Pty) Ltd,2026-04-14,2026-08-20,2026-07-26,2,2,DELIVERED
GR-PO-000036,7,Northern Cape Engineering Supplies (Pty) Ltd,2025-11-23,2026-03-31,2026-03-17,6,6,DELIVERED
GR-PO-000037,7,Upington Mining Equipment Traders (Pty) Ltd,2025-08-12,2025-12-18,2025-11-18,17,17,DELIVERED
GR-PO-000038,7,Orange River Industrial Supplies (Pty) Ltd,2024-12-21,2025-04-28,2025-05-19,3,3,DELIVERED
GR-PO-000039,7,Orange River Bearing & Drive Co (Pty) Ltd,2025-06-22,2025-10-28,2025-08-20,7,7,DELIVERED
GR-PO-000040,8,Aggeneys Pump Solutions (Pty) Ltd,2026-01-19,2026-05-01,2026-04-09,7,7,DELIVERED
GR-PO-000041,8,Orange River Industrial Distributors (Pty) Ltd,2026-01-16,2026-04-28,2026-05-17,17,17,DELIVERED
GR-PO-000042,8,Bushveld Spares & Components (Pty) Ltd,2025-04-19,2025-07-30,2025-07-29,3,3,DELIVERED
GR-PO-000043,8,Postmasburg Valve & Fittings (Pty) Ltd,2026-06-04,2026-09-14,2026-09-15,14,14,DELIVERED
GR-PO-000044,8,Highveld Mining Equipment Traders (Pty) Ltd,2025-03-28,2025-07-08,2025-07-17,2,2,DELIVERED
GR-PO-000045,9,Orange River Industrial Supplies (Pty) Ltd,2024-09-30,2024-12-10,2024-12-01,12,12,DELIVERED
GR-PO-000046,9,Drakensberg Spares & Components (Pty) Ltd,2025-04-25,2025-07-05,2025-06-24,7,7,DELIVERED
GR-PO-000047,9,Kalahari Bearing & Drive Co (Pty) Ltd,2025-08-13,2025-10-23,2025-10-20,6,6,DELIVERED
GR-PO-000048,9,Springbok Valve & Fittings (Pty) Ltd,2026-04-25,2026-07-05,2026-07-01,11,11,DELIVERED
GR-PO-000049,9,Bushveld Spares & Components (Pty) Ltd,2025-05-24,2025-08-03,2025-08-05,20,20,DELIVERED
GR-PO-000050,9,Bushveld Electromechanical Ltd (Pty) Ltd,2025-11-08,2026-01-18,2025-12-29,3,3,DELIVERED
GR-PO-000051,9,Vaal Mining Equipment Traders (Pty) Ltd,2025-07-05,2025-09-14,2025-09-06,17,17,DELIVERED
GR-PO-000052,10,Orange River Electromechanical Ltd (Pty) Ltd,2025-11-12,2026-01-25,2026-02-01,4,4,DELIVERED
GR-PO-000053,10,Northern Cape Industrial Distributors (Pty) Ltd,2025-10-29,2026-01-11,2026-01-10,13,13,DELIVERED
GR-PO-000054,10,Kalahari Bearing & Drive Co (Pty) Ltd,2024-09-13,2024-11-26,2024-11-18,2,2,DELIVERED
GR-PO-000055,10,Orange River Bearing & Drive Co (Pty) Ltd,2025-03-29,2025-06-11,2025-06-07,18,18,DELIVERED
GR-PO-000056,10,Springbok Bearing & Drive Co (Pty) Ltd,2024-11-23,2025-02-05,2025-01-31,5,5,DELIVERED
GR-PO-000057,10,Copperton Engineering Supplies (Pty) Ltd,2024-10-22,2025-01-04,2024-12-29,11,11,DELIVERED
GR-PO-000058,10,Vaal Valve & Fittings (Pty) Ltd,2026-02-09,2026-04-24,2026-04-22,10,10,DELIVERED
GR-PO-000059,11,Escarpment Seals & Sealing Systems (Pty) Ltd,2024-09-19,2024-12-08,2024-12-28,4,4,DELIVERED
GR-PO-000060,11,Kuruman Industrial Supplies (Pty) Ltd,2025-01-13,2025-04-03,2025-04-06,5,5,DELIVERED
GR-PO-000061,11,Lowveld Electromechanical Ltd (Pty) Ltd,2024-10-13,2025-01-01,2024-12-24,5,5,DELIVERED
GR-PO-000062,11,Orange River Industrial Supplies (Pty) Ltd,2025-09-12,2025-12-01,2025-12-13,11,11,DELIVERED
GR-PO-000063,12,Vaal Valve & Fittings (Pty) Ltd,2024-09-25,2024-12-28,2025-01-11,16,16,DELIVERED
GR-PO-000064,12,Bushveld Pump Solutions (Pty) Ltd,2024-11-03,2025-02-05,2025-01-04,18,18,DELIVERED
GR-PO-000065,12,Lowveld Valve & Fittings (Pty) Ltd,2025-07-04,2025-10-06,2025-09-04,9,9,DELIVERED
GR-PO-000066,12,Vaal Valve & Fittings (Pty) Ltd,2025-01-26,2025-04-30,2025-04-25,10,10,DELIVERED
GR-PO-000067,12,Orange River Industrial Distributors (Pty) Ltd,2025-08-06,2025-11-08,2025-11-04,6,6,DELIVERED
GR-PO-000068,12,Highveld Mining Equipment Traders (Pty) Ltd,2026-02-07,2026-05-12,2026-06-03,12,12,DELIVERED
GR-PO-000069,13,Upington Valve & Fittings (Pty) Ltd,2025-04-29,2025-09-21,2025-10-29,4,4,DELIVERED
GR-PO-000070,13,Springbok Seals & Sealing Systems (Pty) Ltd,2026-04-03,2026-08-26,2026-08-03,16,16,DELIVERED
GR-PO-000071,13,Waterberg Bearing & Drive Co (Pty) Ltd,2025-10-05,2026-02-27,2026-03-03,6,6,DELIVERED
GR-PO-000072,13,Springbok Valve & Fittings (Pty) Ltd,2025-12-06,2026-04-30,2026-05-09,10,10,DELIVERED
GR-PO-000073,13,Escarpment Electromechanical Ltd (Pty) Ltd,2025-04-26,2025-09-18,2025-10-20,5,5,DELIVERED
GR-PO-000074,14,Bushveld Engineering Supplies (Pty) Ltd,2026-05-11,2026-07-10,2026-07-18,18,18,DELIVERED
GR-PO-000075,14,Orange River Bearing & Drive Co (Pty) Ltd,2025-10-07,2025-12-06,2025-12-09,5,5,DELIVERED
GR-PO-000076,14,Vaal Mining Equipment Traders (Pty) Ltd,2025-03-16,2025-05-15,2025-05-08,8,8,DELIVERED
GR-PO-000077,14,Lowveld Valve & Fittings (Pty) Ltd,2025-02-25,2025-04-26,2025-05-14,11,11,DELIVERED
GR-PO-000078,14,Waterberg Bearing & Drive Co (Pty) Ltd,2024-11-23,2025-01-22,2025-01-08,4,4,DELIVERED
GR-PO-000079,15,Kimberley Pump Solutions (Pty) Ltd,2024-09-07,2024-11-09,2024-11-09,4,4,DELIVERED
GR-PO-000080,15,Drakensberg Spares & Components (Pty) Ltd,2025-07-30,2025-10-01,2025-10-15,16,16,DELIVERED
GR-PO-000081,15,Orange River Industrial Supplies (Pty) Ltd,2025-11-12,2026-01-14,2026-02-02,11,11,DELIVERED
GR-PO-000082,15,Orange River Industrial Distributors (Pty) Ltd,2026-02-07,2026-04-11,2026-04-08,14,14,DELIVERED
GR-PO-000083,15,Kuruman Industrial Supplies (Pty) Ltd,2025-03-10,2025-05-12,2025-05-13,8,8,DELIVERED
GR-PO-000084,15,Escarpment Mining Equipment Traders (Pty) Ltd,2024-11-28,2025-01-30,2025-02-03,16,16,DELIVERED
GR-PO-000085,15,Orange River Electromechanical Ltd (Pty) Ltd,2025-12-05,2026-02-06,2026-02-01,13,13,DELIVERED
GR-PO-000086,16,Bushveld Pump Solutions (Pty) Ltd,2026-04-30,2026-06-14,2026-06-13,6,6,DELIVERED
GR-PO-000087,16,Springbok Valve & Fittings (Pty) Ltd,2025-09-28,2025-11-12,2025-11-13,4,4,DELIVERED
GR-PO-000088,16,Namaqua Seals & Sealing Systems (Pty) Ltd,2024-10-24,2024-12-08,2024-12-11,1,1,DELIVERED
GR-PO-000089,16,Northern Cape Industrial Distributors (Pty) Ltd,2025-04-17,2025-06-01,2025-05-26,9,9,DELIVERED
GR-PO-000090,16,Northern Cape Engineering Supplies (Pty) Ltd,2025-10-06,2025-11-20,2025-11-23,4,4,DELIVERED
GR-PO-000091,16,Orange River Industrial Supplies (Pty) Ltd,2025-08-17,2025-10-01,2025-10-08,7,7,DELIVERED
GR-PO-000092,16,Lowveld Mining Equipment Traders (Pty) Ltd,2025-06-17,2025-08-01,2025-07-17,20,20,DELIVERED
GR-PO-000093,17,Drakensberg Spares & Components (Pty) Ltd,2025-01-05,2025-04-21,2025-04-08,19,19,DELIVERED
GR-PO-000094,17,Kuruman Pump Solutions (Pty) Ltd,2026-05-12,2026-08-26,2026-08-22,1,1,DELIVERED
GR-PO-000095,17,Kimberley Pump Solutions (Pty) Ltd,2024-09-30,2025-01-14,2025-01-07,15,15,DELIVERED
GR-PO-000096,17,Copperton Engineering Supplies (Pty) Ltd,2025-05-13,2025-08-27,2025-07-17,14,14,DELIVERED
GR-PO-000097,17,Vaal Valve & Fittings (Pty) Ltd,2024-09-17,2025-01-01,2024-12-14,4,4,DELIVERED
GR-PO-000098,17,Kuruman Spares & Components (Pty) Ltd,2024-09-27,2025-01-11,2025-01-07,7,7,DELIVERED
GR-PO-000099,17,Vaal Valve & Fittings (Pty) Ltd,2026-04-18,2026-08-02,2026-07-25,12,12,DELIVERED
GR-PO-000100,17,Orange River Industrial Distributors (Pty) Ltd,2025-12-17,2026-04-02,2026-03-02,6,6,DELIVERED
GR-PO-000101,18,Northern Cape Engineering Supplies (Pty) Ltd,2026-06-07,2026-08-04,2026-08-10,3,3,DELIVERED
GR-PO-000102,18,Kuruman Industrial Supplies (Pty) Ltd,2025-10-18,2025-12-15,2025-12-09,10,10,DELIVERED
GR-PO-000103,18,Lowveld Mining Equipment Traders (Pty) Ltd,2025-12-28,2026-02-24,2026-02-21,17,17,DELIVERED
GR-PO-000104,18,Highveld Industrial Supplies (Pty) Ltd,2025-04-03,2025-05-31,2025-06-09,18,18,DELIVERED
GR-PO-000105,18,Waterberg Bearing & Drive Co (Pty) Ltd,2025-03-05,2025-05-02,2025-05-12,10,10,DELIVERED
GR-PO-000106,18,Springbok Bearing & Drive Co (Pty) Ltd,2025-09-02,2025-10-30,2025-10-27,14,14,DELIVERED
GR-PO-000107,19,Drakensberg Spares & Components (Pty) Ltd,2025-10-28,2026-02-17,2026-01-25,6,6,DELIVERED
GR-PO-000108,19,Kuruman Industrial Supplies (Pty) Ltd,2025-10-27,2026-02-16,2026-02-04,14,14,DELIVERED
GR-PO-000109,19,Postmasburg Valve & Fittings (Pty) Ltd,2025-04-04,2025-07-25,2025-07-26,16,16,DELIVERED
GR-PO-000110,19,Upington Valve & Fittings (Pty) Ltd,2025-10-31,2026-02-20,2026-02-14,5,5,DELIVERED
GR-PO-000111,19,Highveld Mining Equipment Traders (Pty) Ltd,2026-05-16,2026-09-05,2026-09-22,5,5,DELIVERED
GR-PO-000112,19,Springbok Bearing & Drive Co (Pty) Ltd,2025-04-28,2025-08-18,2025-08-28,10,10,DELIVERED
GR-PO-000113,19,Highveld Industrial Supplies (Pty) Ltd,2025-08-11,2025-12-01,2025-12-01,7,7,DELIVERED
GR-PO-000114,20,Drakensberg Spares & Components (Pty) Ltd,2026-06-18,2026-09-07,2026-09-25,20,20,DELIVERED
GR-PO-000115,20,Bushveld Engineering Supplies (Pty) Ltd,2026-01-23,2026-04-14,2026-04-12,11,11,DELIVERED
GR-PO-000116,20,Orange River Bearing & Drive Co (Pty) Ltd,2025-07-24,2025-10-13,2025-10-16,12,12,DELIVERED
GR-PO-000117,20,Northern Cape Industrial Distributors (Pty) Ltd,2026-05-03,2026-07-23,2026-08-03,8,8,DELIVERED
GR-PO-000118,20,Bushveld Engineering Supplies (Pty) Ltd,2025-06-04,2025-08-24,2025-08-30,12,12,DELIVERED
GR-PO-000119,20,Vaal Valve & Fittings (Pty) Ltd,2024-09-08,2024-11-28,2024-12-16,17,17,DELIVERED
GR-PO-000120,21,Springbok Valve & Fittings (Pty) Ltd,2025-05-06,2025-08-27,2025-08-09,8,8,DELIVERED
GR-PO-000121,21,Namaqua Seals & Sealing Systems (Pty) Ltd,2024-09-29,2025-01-20,2025-01-12,5,5,DELIVERED
GR-PO-000122,21,Copperton Engineering Supplies (Pty) Ltd,2026-03-03,2026-06-24,2026-06-27,8,8,DELIVERED
GR-PO-000123,21,Northern Cape Engineering Supplies (Pty) Ltd,2025-12-13,2026-04-05,2026-04-01,18,18,DELIVERED
GR-PO-000124,22,Lowveld Valve & Fittings (Pty) Ltd,2025-12-20,2026-05-03,2026-05-16,20,20,DELIVERED
GR-PO-000125,22,Springbok Seals & Sealing Systems (Pty) Ltd,2024-12-23,2025-05-06,2025-04-24,4,4,DELIVERED
GR-PO-000126,22,Orange River Industrial Distributors (Pty) Ltd,2025-12-08,2026-04-21,2026-04-26,13,13,DELIVERED
GR-PO-000127,22,Escarpment Mining Equipment Traders (Pty) Ltd,2025-10-10,2026-02-21,2026-02-17,7,7,DELIVERED
GR-PO-000128,22,Copperton Engineering Supplies (Pty) Ltd,2025-08-05,2025-12-17,2025-12-22,16,16,DELIVERED
GR-PO-000129,23,Lowveld Valve & Fittings (Pty) Ltd,2025-11-16,2026-01-26,2025-12-30,20,20,DELIVERED
GR-PO-000130,23,Bushveld Pump Solutions (Pty) Ltd,2025-09-13,2025-11-23,2025-12-22,9,9,DELIVERED
GR-PO-000131,23,Orange River Electromechanical Ltd (Pty) Ltd,2025-08-18,2025-10-28,2025-10-13,7,7,DELIVERED
GR-PO-000132,23,Aggeneys Pump Solutions (Pty) Ltd,2025-11-28,2026-02-07,2026-02-08,16,16,DELIVERED
GR-PO-000133,23,Bushveld Electromechanical Ltd (Pty) Ltd,2025-09-23,2025-12-03,2025-12-17,3,3,DELIVERED
GR-PO-000134,23,Orange River Electromechanical Ltd (Pty) Ltd,2026-03-06,2026-05-16,2026-05-14,1,1,DELIVERED
GR-PO-000135,23,Namaqua Seals & Sealing Systems (Pty) Ltd,2025-04-07,2025-06-17,2025-06-25,18,18,DELIVERED
GR-PO-000136,24,Bushveld Electromechanical Ltd (Pty) Ltd,2025-10-08,2026-02-21,2026-03-13,6,6,DELIVERED
GR-PO-000137,24,Kuruman Pump Solutions (Pty) Ltd,2025-08-29,2026-01-12,2026-02-08,3,3,DELIVERED
GR-PO-000138,24,Upington Valve & Fittings (Pty) Ltd,2024-10-18,2025-03-03,2025-03-19,18,18,DELIVERED
GR-PO-000139,24,Kuruman Pump Solutions (Pty) Ltd,2025-01-22,2025-06-07,2025-06-08,20,20,DELIVERED
GR-PO-000140,24,Aggeneys Pump Solutions (Pty) Ltd,2024-12-08,2025-04-23,2025-04-04,5,5,DELIVERED
GR-PO-000141,24,Orange River Industrial Supplies (Pty) Ltd,2026-07-02,2026-11-15,2026-11-24,5,5,DELIVERED
GR-PO-000142,24,Orange River Bearing & Drive Co (Pty) Ltd,2025-01-31,2025-06-16,2025-05-20,14,14,DELIVERED
GR-PO-000143,24,Karoo Industrial Distributors (Pty) Ltd,2025-06-12,2025-10-26,2025-10-20,11,11,DELIVERED
GR-PO-000144,25,Upington Mining Equipment Traders (Pty) Ltd,2025-06-08,2025-08-12,2025-08-18,18,18,DELIVERED
GR-PO-000145,25,Kimberley Pump Solutions (Pty) Ltd,2024-10-23,2024-12-27,2024-12-18,5,5,DELIVERED
GR-PO-000146,25,Postmasburg Valve & Fittings (Pty) Ltd,2025-04-12,2025-06-16,2025-06-04,6,6,DELIVERED
GR-PO-000147,25,Postmasburg Valve & Fittings (Pty) Ltd,2025-07-12,2025-09-15,2025-09-14,3,3,DELIVERED
GR-PO-000148,25,Bushveld Pump Solutions (Pty) Ltd,2024-09-03,2024-11-07,2024-11-06,1,1,DELIVERED
GR-PO-000149,26,Escarpment Valve & Fittings (Pty) Ltd,2026-06-22,2026-10-22,2026-10-31,19,19,DELIVERED
GR-PO-000150,26,Springbok Industrial Supplies (Pty) Ltd,2024-10-01,2025-01-31,2025-01-10,3,3,DELIVERED
GR-PO-000151,26,Upington Valve & Fittings (Pty) Ltd,2025-10-03,2026-02-02,2026-02-10,11,11,DELIVERED
GR-PO-000152,26,Escarpment Mining Equipment Traders (Pty) Ltd,2025-09-06,2026-01-06,2026-01-15,17,17,DELIVERED
GR-PO-000153,27,Kuruman Spares & Components (Pty) Ltd,2025-12-15,2026-02-22,2026-02-25,1,1,DELIVERED
GR-PO-000154,27,Bushveld Pump Solutions (Pty) Ltd,2025-01-03,2025-03-13,2025-03-08,13,13,DELIVERED
GR-PO-000155,27,Escarpment Electromechanical Ltd (Pty) Ltd,2026-01-25,2026-04-04,2026-04-10,9,9,DELIVERED
GR-PO-000156,27,Springbok Seals & Sealing Systems (Pty) Ltd,2024-08-26,2024-11-03,2024-10-30,11,11,DELIVERED
GR-PO-000157,27,Orange River Bearing & Drive Co (Pty) Ltd,2025-06-08,2025-08-16,2025-08-17,3,3,DELIVERED
GR-PO-000158,27,Drakensberg Spares & Components (Pty) Ltd,2026-05-27,2026-08-04,2026-08-13,7,7,DELIVERED
GR-PO-000159,27,Copperton Engineering Supplies (Pty) Ltd,2024-11-08,2025-01-16,2025-01-22,16,16,DELIVERED
GR-PO-000160,28,Bushveld Electromechanical Ltd (Pty) Ltd,2025-12-22,2026-03-24,2026-03-08,10,10,DELIVERED
GR-PO-000161,28,Vaal Mining Equipment Traders (Pty) Ltd,2025-11-03,2026-02-03,2026-02-17,3,3,DELIVERED
GR-PO-000162,28,Orange River Electromechanical Ltd (Pty) Ltd,2024-11-13,2025-02-13,2025-02-07,19,19,DELIVERED
GR-PO-000163,28,Kuruman Spares & Components (Pty) Ltd,2025-12-28,2026-03-30,2026-04-04,2,2,DELIVERED
GR-PO-000164,28,Kimberley Pump Solutions (Pty) Ltd,2024-10-23,2025-01-23,2025-01-30,18,18,DELIVERED
GR-PO-000165,28,Orange River Industrial Distributors (Pty) Ltd,2026-04-23,2026-07-24,2026-07-21,3,3,DELIVERED
GR-PO-000166,29,Highveld Mining Equipment Traders (Pty) Ltd,2026-06-16,2026-08-22,2026-08-16,14,14,DELIVERED
GR-PO-000167,29,Orange River Industrial Supplies (Pty) Ltd,2025-12-23,2026-02-28,2026-03-04,3,3,DELIVERED
GR-PO-000168,29,Bushveld Pump Solutions (Pty) Ltd,2026-04-30,2026-07-06,2026-07-10,5,5,DELIVERED
GR-PO-000169,29,Bushveld Electromechanical Ltd (Pty) Ltd,2024-11-15,2025-01-21,2025-01-21,8,8,DELIVERED
GR-PO-000170,29,Namaqua Seals & Sealing Systems (Pty) Ltd,2026-05-23,2026-07-29,2026-07-27,16,16,DELIVERED
GR-PO-000171,29,Bushveld Pump Solutions (Pty) Ltd,2026-01-17,2026-03-25,2026-04-03,5,5,DELIVERED
GR-PO-000172,29,Postmasburg Valve & Fittings (Pty) Ltd,2025-12-11,2026-02-16,2026-02-18,20,20,DELIVERED
GR-PO-000173,30,Bushveld Engineering Supplies (Pty) Ltd,2025-01-02,2025-05-08,2025-05-15,14,14,DELIVERED
GR-PO-000174,30,Orange River Bearing & Drive Co (Pty) Ltd,2025-11-21,2026-03-27,2026-04-16,4,4,DELIVERED
GR-PO-000175,30,Kuruman Pump Solutions (Pty) Ltd,2026-02-21,2026-06-27,2026-06-19,2,2,DELIVERED
GR-PO-000176,30,Drakensberg Spares & Components (Pty) Ltd,2026-05-15,2026-09-18,2026-09-26,9,9,DELIVERED
GR-PO-000177,31,Copperton Engineering Supplies (Pty) Ltd,2024-10-01,2024-11-15,2024-11-20,4,4,DELIVERED
GR-PO-000178,31,Kuruman Industrial Supplies (Pty) Ltd,2025-10-15,2025-11-29,2025-12-01,2,2,DELIVERED
GR-PO-000179,31,Escarpment Mining Equipment Traders (Pty) Ltd,2025-11-11,2025-12-26,2025-12-28,8,8,DELIVERED
GR-PO-000180,31,Bushveld Pump Solutions (Pty) Ltd,2025-08-22,2025-10-06,2025-10-05,7,7,DELIVERED
GR-PO-000181,31,Northern Cape Industrial Distributors (Pty) Ltd,2024-09-01,2024-10-16,2024-10-14,9,9,DELIVERED
GR-PO-000182,31,Lowveld Mining Equipment Traders (Pty) Ltd,2025-02-01,2025-03-18,2025-03-23,5,5,DELIVERED
GR-PO-000183,32,Kimberley Pump Solutions (Pty) Ltd,2025-02-25,2025-05-25,2025-06-05,2,2,DELIVERED
GR-PO-000184,32,Springbok Seals & Sealing Systems (Pty) Ltd,2024-09-18,2024-12-16,2024-12-12,19,19,DELIVERED
GR-PO-000185,32,Kuruman Spares & Components (Pty) Ltd,2024-12-07,2025-03-06,2025-03-06,20,20,DELIVERED
GR-PO-000186,32,Upington Valve & Fittings (Pty) Ltd,2026-01-19,2026-04-18,2026-04-30,3,3,DELIVERED
GR-PO-000187,32,Bushveld Spares & Components (Pty) Ltd,2026-02-25,2026-05-25,2026-05-21,3,3,DELIVERED
GR-PO-000188,32,Highveld Industrial Supplies (Pty) Ltd,2025-10-11,2026-01-08,2026-01-13,12,12,DELIVERED
GR-PO-000189,32,Escarpment Valve & Fittings (Pty) Ltd,2025-08-04,2025-11-01,2025-11-02,7,7,DELIVERED
GR-PO-000190,33,Springbok Bearing & Drive Co (Pty) Ltd,2026-02-20,2026-04-15,2026-04-09,14,14,DELIVERED
GR-PO-000191,33,Bushveld Electromechanical Ltd (Pty) Ltd,2026-01-12,2026-03-07,2026-03-06,19,19,DELIVERED
GR-PO-000192,33,Springbok Valve & Fittings (Pty) Ltd,2025-02-01,2025-03-27,2025-03-23,2,2,DELIVERED
GR-PO-000193,33,Escarpment Mining Equipment Traders (Pty) Ltd,2025-08-06,2025-09-29,2025-10-04,18,18,DELIVERED
GR-PO-000194,33,Karoo Industrial Distributors (Pty) Ltd,2025-01-12,2025-03-07,2025-03-13,13,13,DELIVERED
GR-PO-000195,33,Upington Valve & Fittings (Pty) Ltd,2025-06-27,2025-08-20,2025-08-31,14,14,DELIVERED
GR-PO-000196,33,Orange River Engineering Supplies (Pty) Ltd,2026-03-24,2026-05-17,2026-05-19,17,17,DELIVERED
GR-PO-000197,33,Orange River Engineering Supplies (Pty) Ltd,2026-03-30,2026-05-23,2026-06-06,9,9,DELIVERED
GR-PO-000198,34,Kuruman Pump Solutions (Pty) Ltd,2026-05-27,2026-08-11,2026-08-08,6,6,DELIVERED
GR-PO-000199,34,Springbok Bearing & Drive Co (Pty) Ltd,2025-01-05,2025-03-22,2025-03-24,8,8,DELIVERED
GR-PO-000200,34,Springbok Industrial Supplies (Pty) Ltd,2025-10-26,2026-01-10,2025-12-28,20,20,DELIVERED
GR-PO-000201,34,Kuruman Spares & Components (Pty) Ltd,2025-02-13,2025-04-30,2025-04-26,8,8,DELIVERED
GR-PO-000202,35,Kimberley Pump Solutions (Pty) Ltd,2026-07-14,2026-09-27,2026-10-02,9,9,DELIVERED
GR-PO-000203,35,Vaal Valve & Fittings (Pty) Ltd,2026-05-19,2026-08-02,2026-07-11,8,8,DELIVERED
GR-PO-000204,35,Kuruman Pump Solutions (Pty) Ltd,2024-09-06,2024-11-20,2024-11-17,13,13,DELIVERED
GR-PO-000205,35,Springbok Industrial Supplies (Pty) Ltd,2025-08-27,2025-11-10,2025-11-16,14,14,DELIVERED
GR-PO-000206,35,Highveld Industrial Supplies (Pty) Ltd,2026-02-10,2026-04-26,2026-04-17,5,5,DELIVERED
GR-PO-000207,37,Escarpment Valve & Fittings (Pty) Ltd,2025-03-05,2025-06-19,2025-05-19,1,1,DELIVERED
GR-PO-000208,37,Escarpment Valve & Fittings (Pty) Ltd,2026-06-14,2026-09-28,2026-10-09,8,8,DELIVERED
GR-PO-000209,37,Orange River Industrial Supplies (Pty) Ltd,2026-01-12,2026-04-28,2026-05-10,12,12,DELIVERED
GR-PO-000210,37,Bushveld Electromechanical Ltd (Pty) Ltd,2025-10-06,2026-01-20,2026-02-20,4,4,DELIVERED
GR-PO-000211,37,Northern Cape Engineering Supplies (Pty) Ltd,2026-02-09,2026-05-26,2026-06-19,18,18,DELIVERED
GR-PO-000212,37,Springbok Bearing & Drive Co (Pty) Ltd,2025-08-21,2025-12-05,2025-12-16,9,9,DELIVERED
GR-PO-000213,37,Postmasburg Valve & Fittings (Pty) Ltd,2024-10-12,2025-01-26,2025-02-12,16,16,DELIVERED
GR-PO-000214,39,Orange River Industrial Distributors (Pty) Ltd,2026-04-12,2026-08-16,2026-08-20,11,11,DELIVERED
GR-PO-000215,39,Northern Cape Industrial Distributors (Pty) Ltd,2025-08-04,2025-12-08,2026-01-09,17,17,DELIVERED
GR-PO-000216,39,Upington Valve & Fittings (Pty) Ltd,2025-07-13,2025-11-16,2025-12-04,6,6,DELIVERED
GR-PO-000217,39,Namaqua Seals & Sealing Systems (Pty) Ltd,2025-09-13,2026-01-17,2026-01-28,12,12,DELIVERED
GR-PO-000218,39,Orange River Industrial Distributors (Pty) Ltd,2025-05-30,2025-10-03,2025-09-20,14,14,DELIVERED
GR-PO-000219,39,Orange River Bearing & Drive Co (Pty) Ltd,2024-09-16,2025-01-20,2025-01-22,7,7,DELIVERED
GR-PO-000220,39,Highveld Mining Equipment Traders (Pty) Ltd,2026-01-18,2026-05-24,2026-06-15,16,16,DELIVERED
GR-PO-000221,39,Springbok Bearing & Drive Co (Pty) Ltd,2026-07-14,2026-11-17,2026-11-04,6,6,DELIVERED
GR-PO-000222,40,Karoo Industrial Distributors (Pty) Ltd,2024-11-08,2025-02-02,2025-01-19,17,17,DELIVERED
GR-PO-000223,40,Aggeneys Pump Solutions (Pty) Ltd,2026-07-17,2026-10-11,2026-10-16,19,19,DELIVERED
GR-PO-000224,40,Bushveld Engineering Supplies (Pty) Ltd,2026-01-03,2026-03-30,2026-03-04,14,14,DELIVERED
GR-PO-000225,40,Escarpment Electromechanical Ltd (Pty) Ltd,2025-03-31,2025-06-25,2025-07-04,2,2,DELIVERED
GR-PO-000226,40,Kuruman Spares & Components (Pty) Ltd,2025-09-17,2025-12-12,2025-12-21,11,11,DELIVERED
GR-PO-000227,40,Kuruman Spares & Components (Pty) Ltd,2026-03-10,2026-06-04,2026-05-12,8,8,DELIVERED
GR-PO-000228,40,Drakensberg Spares & Components (Pty) Ltd,2025-06-09,2025-09-03,2025-08-26,8,8,DELIVERED
GR-PO-000229,41,Springbok Industrial Supplies (Pty) Ltd,2026-06-26,2026-11-02,2026-11-13,14,14,DELIVERED
GR-PO-000230,41,Kuruman Pump Solutions (Pty) Ltd,2025-04-07,2025-08-14,2025-09-08,2,2,DELIVERED
GR-PO-000231,41,Waterberg Bearing & Drive Co (Pty) Ltd,2025-12-12,2026-04-20,2026-04-08,19,19,DELIVERED
GR-PO-000232,41,Springbok Valve & Fittings (Pty) Ltd,2025-11-14,2026-03-23,2026-03-20,9,9,DELIVERED
GR-PO-000233,41,Aggeneys Pump Solutions (Pty) Ltd,2025-08-29,2026-01-05,2026-01-03,3,3,DELIVERED
GR-PO-000234,41,Lowveld Mining Equipment Traders (Pty) Ltd,2025-02-08,2025-06-17,2025-06-20,9,9,DELIVERED
GR-PO-000235,42,Lowveld Mining Equipment Traders (Pty) Ltd,2025-01-23,2025-03-15,2025-03-12,3,3,DELIVERED
GR-PO-000236,42,Drakensberg Spares & Components (Pty) Ltd,2025-04-29,2025-06-19,2025-07-11,10,10,DELIVERED
GR-PO-000237,42,Springbok Valve & Fittings (Pty) Ltd,2025-11-20,2026-01-10,2026-01-26,2,2,DELIVERED
GR-PO-000238,42,Orange River Industrial Supplies (Pty) Ltd,2026-05-27,2026-07-17,2026-07-29,16,16,DELIVERED
GR-PO-000239,42,Kuruman Spares & Components (Pty) Ltd,2024-09-07,2024-10-28,2024-10-30,3,3,DELIVERED
GR-PO-000240,42,Kalahari Bearing & Drive Co (Pty) Ltd,2025-04-08,2025-05-29,2025-06-13,4,4,DELIVERED
GR-PO-000241,42,Escarpment Electromechanical Ltd (Pty) Ltd,2025-09-30,2025-11-20,2025-11-20,20,20,DELIVERED
GR-PO-000242,42,Kuruman Pump Solutions (Pty) Ltd,2026-06-30,2026-08-20,2026-08-26,2,2,DELIVERED
GR-PO-000243,43,Springbok Seals & Sealing Systems (Pty) Ltd,2025-07-22,2025-10-21,2025-10-24,6,6,DELIVERED
GR-PO-000244,43,Upington Valve & Fittings (Pty) Ltd,2026-06-23,2026-09-22,2026-09-03,16,16,DELIVERED
GR-PO-000245,43,Highveld Mining Equipment Traders (Pty) Ltd,2025-01-20,2025-04-21,2025-05-05,20,20,DELIVERED
GR-PO-000246,43,Namaqua Seals & Sealing Systems (Pty) Ltd,2026-05-30,2026-08-29,2026-08-15,5,5,DELIVERED
GR-PO-000247,43,Kalahari Bearing & Drive Co (Pty) Ltd,2025-10-21,2026-01-20,2026-01-05,3,3,DELIVERED
GR-PO-000248,44,Escarpment Electromechanical Ltd (Pty) Ltd,2026-06-03,2026-10-23,2026-10-06,17,17,DELIVERED
GR-PO-000249,44,Bushveld Spares & Components (Pty) Ltd,2024-12-10,2025-05-01,2025-05-14,13,13,DELIVERED
GR-PO-000250,44,Waterberg Bearing & Drive Co (Pty) Ltd,2025-03-12,2025-08-01,2025-07-27,13,13,DELIVERED
GR-PO-000251,44,Springbok Bearing & Drive Co (Pty) Ltd,2025-05-14,2025-10-03,2025-11-11,20,20,DELIVERED
GR-PO-000252,44,Bushveld Spares & Components (Pty) Ltd,2025-02-10,2025-07-02,2025-07-10,14,14,DELIVERED
GR-PO-000253,44,Orange River Bearing & Drive Co (Pty) Ltd,2024-10-12,2025-03-03,2025-03-08,13,13,DELIVERED
GR-PO-000254,44,Escarpment Seals & Sealing Systems (Pty) Ltd,2025-11-21,2026-04-12,2026-04-26,7,7,DELIVERED
GR-PO-000255,44,Springbok Bearing & Drive Co (Pty) Ltd,2026-01-22,2026-06-13,2026-07-13,9,9,DELIVERED
GR-PO-000256,45,Lowveld Electromechanical Ltd (Pty) Ltd,2026-07-11,2026-09-06,2026-09-02,13,13,DELIVERED
GR-PO-000257,45,Orange River Industrial Distributors (Pty) Ltd,2025-12-03,2026-01-29,2026-01-30,13,13,DELIVERED
GR-PO-000258,45,Orange River Industrial Supplies (Pty) Ltd,2026-01-07,2026-03-05,2026-03-14,10,10,DELIVERED
GR-PO-000259,45,Lowveld Electromechanical Ltd (Pty) Ltd,2026-01-29,2026-03-27,2026-03-31,10,10,DELIVERED
GR-PO-000260,45,Postmasburg Valve & Fittings (Pty) Ltd,2025-01-20,2025-03-18,2025-03-07,17,17,DELIVERED
GR-PO-000261,45,Highveld Industrial Supplies (Pty) Ltd,2025-06-24,2025-08-20,2025-08-17,2,2,DELIVERED
GR-PO-000262,45,Kuruman Spares & Components (Pty) Ltd,2025-10-06,2025-12-02,2025-11-24,16,16,DELIVERED
GR-PO-000263,46,Springbok Bearing & Drive Co (Pty) Ltd,2024-11-15,2025-02-16,2025-02-02,19,19,DELIVERED
GR-PO-000264,46,Kalahari Bearing & Drive Co (Pty) Ltd,2025-09-18,2025-12-20,2025-12-16,13,13,DELIVERED
GR-PO-000265,46,Upington Mining Equipment Traders (Pty) Ltd,2025-11-06,2026-02-07,2026-01-28,9,9,DELIVERED
GR-PO-000266,46,Kalahari Bearing & Drive Co (Pty) Ltd,2025-05-04,2025-08-05,2025-07-19,18,18,DELIVERED
GR-PO-000267,46,Escarpment Mining Equipment Traders (Pty) Ltd,2024-12-07,2025-03-10,2025-02-21,19,19,DELIVERED
GR-PO-000268,46,Escarpment Valve & Fittings (Pty) Ltd,2025-07-03,2025-10-04,2025-09-29,2,2,DELIVERED
GR-PO-000269,47,Escarpment Valve & Fittings (Pty) Ltd,2025-11-24,2026-04-04,2026-03-28,14,14,DELIVERED
GR-PO-000270,47,Orange River Industrial Distributors (Pty) Ltd,2025-04-14,2025-08-23,2025-07-27,3,3,DELIVERED
GR-PO-000271,47,Kuruman Spares & Components (Pty) Ltd,2025-08-04,2025-12-13,2026-01-16,9,9,DELIVERED
GR-PO-000272,47,Namaqua Seals & Sealing Systems (Pty) Ltd,2025-01-20,2025-05-31,2025-05-11,13,13,DELIVERED
GR-PO-000273,48,Waterberg Bearing & Drive Co (Pty) Ltd,2026-06-16,2026-09-27,2026-09-18,2,2,DELIVERED
GR-PO-000274,48,Lowveld Electromechanical Ltd (Pty) Ltd,2026-04-11,2026-07-23,2026-07-25,10,10,DELIVERED
GR-PO-000275,48,Orange River Electromechanical Ltd (Pty) Ltd,2025-11-24,2026-03-07,2026-02-18,15,15,DELIVERED
GR-PO-000276,48,Springbok Valve & Fittings (Pty) Ltd,2025-08-13,2025-11-24,2025-11-04,13,13,DELIVERED
GR-PO-000277,49,Upington Valve & Fittings (Pty) Ltd,2025-07-31,2025-11-06,2025-10-24,8,8,DELIVERED
GR-PO-000278,49,Highveld Mining Equipment Traders (Pty) Ltd,2026-03-04,2026-06-10,2026-05-20,13,13,DELIVERED
GR-PO-000279,49,Namaqua Seals & Sealing Systems (Pty) Ltd,2025-08-03,2025-11-09,2025-11-04,17,17,DELIVERED
GR-PO-000280,49,Karoo Industrial Distributors (Pty) Ltd,2024-10-30,2025-02-05,2025-01-31,10,10,DELIVERED
GR-PO-000281,49,Upington Valve & Fittings (Pty) Ltd,2024-10-08,2025-01-14,2025-01-21,7,7,DELIVERED
GR-PO-000282,50,Bushveld Spares & Components (Pty) Ltd,2025-09-24,2026-01-01,2025-12-27,8,8,DELIVERED
GR-PO-000283,50,Kuruman Pump Solutions (Pty) Ltd,2026-04-09,2026-07-17,2026-07-15,20,20,DELIVERED
GR-PO-000284,50,Postmasburg Valve & Fittings (Pty) Ltd,2026-01-11,2026-04-20,2026-04-20,11,11,DELIVERED
GR-PO-000285,50,Orange River Engineering Supplies (Pty) Ltd,2024-11-28,2025-03-07,2025-02-27,9,9,DELIVERED
GR-PO-000286,50,Lowveld Electromechanical Ltd (Pty) Ltd,2025-02-06,2025-05-16,2025-05-09,14,14,DELIVERED
GR-PO-000287,50,Lowveld Valve & Fittings (Pty) Ltd,2025-05-04,2025-08-11,2025-07-20,2,2,DELIVERED
GR-PO-000288,50,Waterberg Bearing & Drive Co (Pty) Ltd,2025-12-11,2026-03-20,2026-03-07,8,8,DELIVERED
GR-PO-000289,50,Namaqua Seals & Sealing Systems (Pty) Ltd,2026-02-01,2026-05-11,2026-04-30,8,8,DELIVERED
GR-PO-000290,51,Highveld Industrial Supplies (Pty) Ltd,2025-05-21,2025-08-02,2025-07-26,2,2,DELIVERED
GR-PO-000291,51,Escarpment Valve & Fittings (Pty) Ltd,2026-03-02,2026-05-14,2026-05-29,2,2,DELIVERED
GR-PO-000292,51,Escarpment Valve & Fittings (Pty) Ltd,2024-12-08,2025-02-19,2025-02-21,4,4,DELIVERED
GR-PO-000293,51,Namaqua Seals & Sealing Systems (Pty) Ltd,2025-11-16,2026-01-28,2026-01-19,12,12,DELIVERED
GR-PO-000294,52,Escarpment Electromechanical Ltd (Pty) Ltd,2025-09-14,2026-02-03,2026-02-23,3,3,DELIVERED
GR-PO-000295,52,Upington Mining Equipment Traders (Pty) Ltd,2026-06-07,2026-10-27,2026-10-15,7,7,DELIVERED
GR-PO-000296,52,Kuruman Pump Solutions (Pty) Ltd,2025-01-30,2025-06-21,2025-06-05,14,14,DELIVERED
GR-PO-000297,52,Kimberley Pump Solutions (Pty) Ltd,2025-02-05,2025-06-27,2025-06-15,12,12,DELIVERED
GR-PO-000298,52,Escarpment Mining Equipment Traders (Pty) Ltd,2024-10-07,2025-02-26,2025-03-15,8,8,DELIVERED
GR-PO-000299,52,Escarpment Seals & Sealing Systems (Pty) Ltd,2025-01-16,2025-06-07,2025-06-08,11,11,DELIVERED
GR-PO-000300,52,Orange River Bearing & Drive Co (Pty) Ltd,2025-03-10,2025-07-30,2025-08-13,1,1,DELIVERED
GR-PO-000301,52,Escarpment Valve & Fittings (Pty) Ltd,2024-10-24,2025-03-15,2025-04-11,18,18,DELIVERED
GR-PO-000302,53,Orange River Bearing & Drive Co (Pty) Ltd,2026-07-27,2026-10-31,2026-10-14,9,9,DELIVERED
GR-PO-000303,53,Karoo Industrial Distributors (Pty) Ltd,2026-03-25,2026-06-29,2026-07-09,5,5,DELIVERED
GR-PO-000304,53,Bushveld Pump Solutions (Pty) Ltd,2026-05-01,2026-08-05,2026-08-07,18,18,DELIVERED
GR-PO-000305,53,Lowveld Valve & Fittings (Pty) Ltd,2025-08-04,2025-11-08,2025-11-16,16,16,DELIVERED
GR-PO-000306,53,Kuruman Spares & Components (Pty) Ltd,2025-12-16,2026-03-22,2026-03-08,6,6,DELIVERED
GR-PO-000307,54,Copperton Engineering Supplies (Pty) Ltd,2024-11-06,2025-01-06,2025-01-10,4,4,DELIVERED
GR-PO-000308,54,Bushveld Engineering Supplies (Pty) Ltd,2025-07-23,2025-09-22,2025-09-16,5,5,DELIVERED
GR-PO-000309,54,Lowveld Valve & Fittings (Pty) Ltd,2025-06-10,2025-08-10,2025-07-27,3,3,DELIVERED
GR-PO-000310,54,Escarpment Mining Equipment Traders (Pty) Ltd,2025-03-19,2025-05-19,2025-05-28,5,5,DELIVERED
GR-PO-000311,54,Bushveld Pump Solutions (Pty) Ltd,2026-07-20,2026-09-19,2026-09-19,10,10,DELIVERED
GR-PO-000312,54,Highveld Industrial Supplies (Pty) Ltd,2025-05-20,2025-07-20,2025-07-23,9,9,DELIVERED
GR-PO-000313,54,Namaqua Seals & Sealing Systems (Pty) Ltd,2026-05-02,2026-07-02,2026-06-29,19,19,DELIVERED
GR-PO-000314,54,Postmasburg Valve & Fittings (Pty) Ltd,2024-08-26,2024-10-26,2024-11-06,17,17,DELIVERED
GR-PO-000315,55,Kuruman Spares & Components (Pty) Ltd,2026-01-18,2026-04-03,2026-03-30,12,12,DELIVERED
GR-PO-000316,55,Orange River Electromechanical Ltd (Pty) Ltd,2026-04-07,2026-06-21,2026-06-24,9,9,DELIVERED
GR-PO-000317,55,Northern Cape Engineering Supplies (Pty) Ltd,2025-07-23,2025-10-06,2025-10-16,20,20,DELIVERED
GR-PO-000318,55,Kuruman Industrial Supplies (Pty) Ltd,2026-05-09,2026-07-23,2026-08-07,19,19,DELIVERED
GR-PO-000319,55,Orange River Engineering Supplies (Pty) Ltd,2025-07-14,2025-09-27,2025-10-17,2,2,DELIVERED
GR-PO-000320,55,Springbok Valve & Fittings (Pty) Ltd,2025-01-28,2025-04-13,2025-03-29,17,17,DELIVERED
GR-PO-000321,56,Bushveld Spares & Components (Pty) Ltd,2024-09-18,2024-11-10,2024-11-18,19,19,DELIVERED
GR-PO-000322,56,Orange River Engineering Supplies (Pty) Ltd,2025-06-15,2025-08-07,2025-08-08,14,14,DELIVERED
GR-PO-000323,56,Upington Valve & Fittings (Pty) Ltd,2024-11-27,2025-01-19,2025-01-04,2,2,DELIVERED
GR-PO-000324,56,Aggeneys Pump Solutions (Pty) Ltd,2026-02-23,2026-04-17,2026-04-04,14,14,DELIVERED
GR-PO-000325,56,Orange River Electromechanical Ltd (Pty) Ltd,2025-05-31,2025-07-23,2025-07-21,3,3,DELIVERED
GR-PO-000326,56,Orange River Bearing & Drive Co (Pty) Ltd,2026-01-31,2026-03-25,2026-03-27,7,7,DELIVERED
GR-PO-000327,56,Escarpment Valve & Fittings (Pty) Ltd,2025-03-01,2025-04-23,2025-05-09,6,6,DELIVERED
GR-PO-000328,56,Bushveld Spares & Components (Pty) Ltd,2025-05-14,2025-07-06,2025-07-08,3,3,DELIVERED
GR-PO-000329,57,Escarpment Mining Equipment Traders (Pty) Ltd,2024-08-26,2024-12-29,2025-01-15,14,14,DELIVERED
GR-PO-000330,57,Postmasburg Valve & Fittings (Pty) Ltd,2026-05-13,2026-09-15,2026-08-22,15,15,DELIVERED
GR-PO-000331,57,Bushveld Spares & Components (Pty) Ltd,2026-03-29,2026-08-01,2026-09-07,19,19,DELIVERED
GR-PO-000332,57,Kimberley Pump Solutions (Pty) Ltd,2025-09-30,2026-02-02,2026-02-14,20,20,DELIVERED
GR-PO-000333,57,Namaqua Seals & Sealing Systems (Pty) Ltd,2025-07-15,2025-11-17,2025-10-12,5,5,DELIVERED
GR-PO-000334,58,Upington Mining Equipment Traders (Pty) Ltd,2026-05-25,2026-07-26,2026-07-12,1,1,DELIVERED
GR-PO-000335,58,Vaal Valve & Fittings (Pty) Ltd,2025-02-27,2025-04-30,2025-05-13,9,9,DELIVERED
GR-PO-000336,58,Bushveld Pump Solutions (Pty) Ltd,2024-12-15,2025-02-15,2025-03-16,12,12,DELIVERED
GR-PO-000337,58,Lowveld Valve & Fittings (Pty) Ltd,2024-11-19,2025-01-20,2025-01-22,15,15,DELIVERED
GR-PO-000338,58,Springbok Bearing & Drive Co (Pty) Ltd,2025-12-14,2026-02-14,2026-02-26,3,3,DELIVERED
GR-PO-000339,58,Copperton Engineering Supplies (Pty) Ltd,2025-04-08,2025-06-09,2025-06-07,9,9,DELIVERED
GR-PO-000340,58,Kuruman Pump Solutions (Pty) Ltd,2025-10-24,2025-12-25,2025-12-29,18,18,DELIVERED
GR-PO-000341,59,Northern Cape Industrial Distributors (Pty) Ltd,2026-06-18,2026-10-24,2026-10-19,1,1,DELIVERED
GR-PO-000342,59,Springbok Industrial Supplies (Pty) Ltd,2025-04-16,2025-08-22,2025-09-25,10,10,DELIVERED
GR-PO-000343,59,Kimberley Pump Solutions (Pty) Ltd,2024-10-11,2025-02-16,2025-01-23,19,19,DELIVERED
GR-PO-000344,59,Escarpment Valve & Fittings (Pty) Ltd,2026-02-20,2026-06-28,2026-07-11,10,10,DELIVERED
GR-PO-000345,59,Northern Cape Engineering Supplies (Pty) Ltd,2025-10-21,2026-02-26,2026-02-18,14,14,DELIVERED
GR-PO-000346,59,Bushveld Engineering Supplies (Pty) Ltd,2025-09-11,2026-01-17,2026-01-29,4,4,DELIVERED
GR-PO-000347,59,Orange River Engineering Supplies (Pty) Ltd,2025-02-25,2025-07-03,2025-07-25,20,20,DELIVERED
GR-PO-000348,60,Postmasburg Valve & Fittings (Pty) Ltd,2026-06-27,2026-09-04,2026-08-24,8,8,DELIVERED
GR-PO-000349,60,Escarpment Seals & Sealing Systems (Pty) Ltd,2025-06-05,2025-08-13,2025-07-13,18,18,DELIVERED
GR-PO-000350,60,Bushveld Spares & Components (Pty) Ltd,2024-12-05,2025-02-12,2025-02-23,10,10,DELIVERED
GR-PO-000351,60,Lowveld Mining Equipment Traders (Pty) Ltd,2025-04-29,2025-07-07,2025-07-11,5,5,DELIVERED
GR-PO-000352,61,Aggeneys Pump Solutions (Pty) Ltd,2026-03-24,2026-06-15,2026-06-20,12,12,DELIVERED
GR-PO-000353,61,Kuruman Industrial Supplies (Pty) Ltd,2025-06-27,2025-09-18,2025-10-19,2,2,DELIVERED
GR-PO-000354,61,Waterberg Bearing & Drive Co (Pty) Ltd,2025-05-19,2025-08-10,2025-07-26,1,1,DELIVERED
GR-PO-000355,61,Lowveld Valve & Fittings (Pty) Ltd,2025-06-06,2025-08-28,2025-08-19,6,6,DELIVERED
GR-PO-000356,61,Springbok Industrial Supplies (Pty) Ltd,2026-03-09,2026-05-31,2026-06-15,14,14,DELIVERED
GR-PO-000357,61,Highveld Mining Equipment Traders (Pty) Ltd,2026-04-17,2026-07-09,2026-06-30,16,16,DELIVERED
GR-PO-000358,62,Kimberley Pump Solutions (Pty) Ltd,2026-03-30,2026-08-09,2026-08-03,11,11,DELIVERED
GR-PO-000359,62,Northern Cape Industrial Distributors (Pty) Ltd,2024-11-11,2025-03-23,2025-03-03,16,16,DELIVERED
GR-PO-000360,62,Aggeneys Pump Solutions (Pty) Ltd,2025-10-18,2026-02-27,2026-02-10,9,9,DELIVERED
GR-PO-000361,62,Lowveld Electromechanical Ltd (Pty) Ltd,2026-04-07,2026-08-17,2026-08-30,5,5,DELIVERED
GR-PO-000362,62,Orange River Industrial Supplies (Pty) Ltd,2024-10-24,2025-03-05,2025-03-29,2,2,DELIVERED
GR-PO-000363,62,Orange River Electromechanical Ltd (Pty) Ltd,2026-04-10,2026-08-20,2026-08-10,10,10,DELIVERED
GR-PO-000364,62,Vaal Valve & Fittings (Pty) Ltd,2026-04-15,2026-08-25,2026-07-28,1,1,DELIVERED
GR-PO-000365,63,Highveld Mining Equipment Traders (Pty) Ltd,2024-11-04,2025-02-23,2025-02-04,16,16,DELIVERED
GR-PO-000366,63,Lowveld Mining Equipment Traders (Pty) Ltd,2025-12-14,2026-04-04,2026-03-25,18,18,DELIVERED
GR-PO-000367,63,Copperton Engineering Supplies (Pty) Ltd,2026-07-21,2026-11-09,2026-10-25,4,4,DELIVERED
GR-PO-000368,63,Kimberley Pump Solutions (Pty) Ltd,2026-03-30,2026-07-19,2026-07-17,16,16,DELIVERED
GR-PO-000369,63,Upington Mining Equipment Traders (Pty) Ltd,2025-05-19,2025-09-07,2025-08-31,16,16,DELIVERED
GR-PO-000370,63,Escarpment Electromechanical Ltd (Pty) Ltd,2024-08-29,2024-12-18,2025-01-02,10,10,DELIVERED
GR-PO-000371,63,Escarpment Electromechanical Ltd (Pty) Ltd,2025-09-25,2026-01-14,2026-01-07,11,11,DELIVERED
GR-PO-000372,64,Upington Mining Equipment Traders (Pty) Ltd,2024-10-06,2024-12-04,2024-11-23,20,20,DELIVERED
GR-PO-000373,64,Orange River Engineering Supplies (Pty) Ltd,2026-07-12,2026-09-09,2026-09-06,7,7,DELIVERED
GR-PO-000374,64,Namaqua Seals & Sealing Systems (Pty) Ltd,2025-08-27,2025-10-25,2025-10-17,6,6,DELIVERED
GR-PO-000375,64,Bushveld Spares & Components (Pty) Ltd,2025-06-22,2025-08-20,2025-08-24,17,17,DELIVERED
GR-PO-000376,65,Lowveld Electromechanical Ltd (Pty) Ltd,2025-03-01,2025-06-05,2025-05-30,2,2,DELIVERED
GR-PO-000377,65,Lowveld Valve & Fittings (Pty) Ltd,2025-12-27,2026-04-02,2026-03-21,1,1,DELIVERED
GR-PO-000378,65,Springbok Bearing & Drive Co (Pty) Ltd,2025-02-14,2025-05-21,2025-05-29,15,15,DELIVERED
GR-PO-000379,65,Springbok Seals & Sealing Systems (Pty) Ltd,2025-09-01,2025-12-06,2025-11-17,4,4,DELIVERED
GR-PO-000380,65,Orange River Industrial Distributors (Pty) Ltd,2025-07-18,2025-10-22,2025-10-22,3,3,DELIVERED
GR-PO-000381,66,Bushveld Pump Solutions (Pty) Ltd,2025-03-30,2025-05-21,2025-05-14,1,1,DELIVERED
GR-PO-000382,66,Bushveld Spares & Components (Pty) Ltd,2024-12-02,2025-01-23,2025-01-25,10,10,DELIVERED
GR-PO-000383,66,Lowveld Mining Equipment Traders (Pty) Ltd,2026-04-11,2026-06-02,2026-06-04,3,3,DELIVERED
GR-PO-000384,66,Escarpment Electromechanical Ltd (Pty) Ltd,2025-06-11,2025-08-02,2025-08-06,10,10,DELIVERED
GR-PO-000385,66,Kimberley Pump Solutions (Pty) Ltd,2025-03-04,2025-04-25,2025-05-06,9,9,DELIVERED
GR-PO-000386,66,Vaal Valve & Fittings (Pty) Ltd,2026-01-29,2026-03-22,2026-03-16,18,18,DELIVERED
GR-PO-000387,66,Copperton Engineering Supplies (Pty) Ltd,2025-06-28,2025-08-19,2025-08-22,12,12,DELIVERED
GR-PO-000388,68,Vaal Mining Equipment Traders (Pty) Ltd,2025-12-13,2026-03-03,2026-02-20,5,5,DELIVERED
GR-PO-000389,68,Orange River Bearing & Drive Co (Pty) Ltd,2025-12-06,2026-02-24,2026-02-25,15,15,DELIVERED
GR-PO-000390,68,Escarpment Electromechanical Ltd (Pty) Ltd,2025-11-25,2026-02-13,2026-02-17,4,4,DELIVERED
GR-PO-000391,68,Escarpment Electromechanical Ltd (Pty) Ltd,2025-07-13,2025-10-01,2025-10-09,7,7,DELIVERED
GR-PO-000392,68,Bushveld Pump Solutions (Pty) Ltd,2025-03-27,2025-06-15,2025-06-18,6,6,DELIVERED
GR-PO-000393,68,Bushveld Spares & Components (Pty) Ltd,2025-12-02,2026-02-20,2026-02-03,12,12,DELIVERED
GR-PO-000394,68,Lowveld Mining Equipment Traders (Pty) Ltd,2025-09-13,2025-12-02,2025-12-19,14,14,DELIVERED
GR-PO-000395,68,Vaal Valve & Fittings (Pty) Ltd,2026-02-04,2026-04-25,2026-05-06,3,3,DELIVERED
GR-PO-000396,69,Vaal Valve & Fittings (Pty) Ltd,2024-08-31,2024-10-18,2024-10-14,13,13,DELIVERED
GR-PO-000397,69,Highveld Mining Equipment Traders (Pty) Ltd,2026-05-31,2026-07-18,2026-07-20,16,16,DELIVERED
GR-PO-000398,69,Vaal Valve & Fittings (Pty) Ltd,2025-07-31,2025-09-17,2025-09-05,19,19,DELIVERED
GR-PO-000399,69,Karoo Industrial Distributors (Pty) Ltd,2024-10-14,2024-12-01,2024-12-13,2,2,DELIVERED
GR-PO-000400,69,Escarpment Mining Equipment Traders (Pty) Ltd,2025-03-21,2025-05-08,2025-05-10,14,14,DELIVERED
GR-PO-000401,71,Vaal Mining Equipment Traders (Pty) Ltd,2026-03-31,2026-06-11,2026-06-16,8,8,DELIVERED
GR-PO-000402,71,Springbok Valve & Fittings (Pty) Ltd,2025-10-03,2025-12-14,2025-12-01,6,6,DELIVERED
GR-PO-000403,71,Karoo Industrial Distributors (Pty) Ltd,2025-12-18,2026-02-28,2026-02-15,6,6,DELIVERED
GR-PO-000404,71,Postmasburg Valve & Fittings (Pty) Ltd,2025-03-27,2025-06-07,2025-06-13,7,7,DELIVERED
GR-PO-000405,71,Kuruman Industrial Supplies (Pty) Ltd,2025-04-16,2025-06-27,2025-07-08,19,19,DELIVERED
GR-PO-000406,72,Bushveld Engineering Supplies (Pty) Ltd,2026-01-05,2026-04-23,2026-05-10,13,13,DELIVERED
GR-PO-000407,72,Northern Cape Industrial Distributors (Pty) Ltd,2026-03-05,2026-06-21,2026-06-24,12,12,DELIVERED
GR-PO-000408,72,Orange River Industrial Distributors (Pty) Ltd,2025-04-06,2025-07-23,2025-08-14,12,12,DELIVERED
GR-PO-000409,72,Drakensberg Spares & Components (Pty) Ltd,2025-07-29,2025-11-14,2025-11-01,18,18,DELIVERED
GR-PO-000410,72,Kuruman Industrial Supplies (Pty) Ltd,2026-03-02,2026-06-18,2026-06-15,9,9,DELIVERED
GR-PO-000411,72,Orange River Electromechanical Ltd (Pty) Ltd,2024-12-29,2025-04-16,2025-03-31,19,19,DELIVERED
GR-PO-000412,73,Lowveld Valve & Fittings (Pty) Ltd,2024-12-14,2025-02-08,2025-02-04,4,4,DELIVERED
GR-PO-000413,73,Orange River Electromechanical Ltd (Pty) Ltd,2025-12-10,2026-02-04,2026-01-31,4,4,DELIVERED
GR-PO-000414,73,Drakensberg Spares & Components (Pty) Ltd,2025-08-25,2025-10-20,2025-11-07,20,20,DELIVERED
GR-PO-000415,73,Kuruman Spares & Components (Pty) Ltd,2025-11-28,2026-01-23,2026-01-24,4,4,DELIVERED
GR-PO-000416,73,Kuruman Industrial Supplies (Pty) Ltd,2025-03-13,2025-05-08,2025-05-07,15,15,DELIVERED
GR-PO-000417,73,Bushveld Pump Solutions (Pty) Ltd,2025-02-08,2025-04-05,2025-04-10,8,8,DELIVERED
GR-PO-000418,74,Escarpment Mining Equipment Traders (Pty) Ltd,2025-08-09,2025-12-16,2025-12-18,3,3,DELIVERED
GR-PO-000419,74,Kimberley Pump Solutions (Pty) Ltd,2025-01-15,2025-05-24,2025-05-15,3,3,DELIVERED
GR-PO-000420,74,Orange River Bearing & Drive Co (Pty) Ltd,2026-07-15,2026-11-21,2026-11-30,11,11,DELIVERED
GR-PO-000421,74,Lowveld Electromechanical Ltd (Pty) Ltd,2026-06-10,2026-10-17,2026-11-09,7,7,DELIVERED
GR-PO-000422,74,Highveld Industrial Supplies (Pty) Ltd,2025-05-17,2025-09-23,2025-09-29,10,10,DELIVERED
GR-PO-000423,74,Northern Cape Engineering Supplies (Pty) Ltd,2025-02-07,2025-06-16,2025-07-02,20,20,DELIVERED
GR-PO-000424,74,Kuruman Industrial Supplies (Pty) Ltd,2026-03-21,2026-07-28,2026-06-23,20,20,DELIVERED
GR-PO-000425,75,Northern Cape Industrial Distributors (Pty) Ltd,2026-02-23,2026-06-21,2026-06-25,20,20,DELIVERED
GR-PO-000426,75,Highveld Industrial Supplies (Pty) Ltd,2026-04-21,2026-08-17,2026-09-03,20,20,DELIVERED
GR-PO-000427,75,Orange River Engineering Supplies (Pty) Ltd,2025-07-07,2025-11-02,2025-10-26,5,5,DELIVERED
GR-PO-000428,75,Vaal Mining Equipment Traders (Pty) Ltd,2026-07-23,2026-11-18,2026-11-07,5,5,DELIVERED
GR-PO-000429,75,Kalahari Bearing & Drive Co (Pty) Ltd,2025-04-10,2025-08-06,2025-08-03,14,14,DELIVERED
GR-PO-000430,76,Kuruman Spares & Components (Pty) Ltd,2025-08-24,2025-10-17,2025-10-08,10,10,DELIVERED
GR-PO-000431,76,Orange River Industrial Distributors (Pty) Ltd,2026-04-13,2026-06-06,2026-06-17,13,13,DELIVERED
GR-PO-000432,76,Springbok Seals & Sealing Systems (Pty) Ltd,2025-01-20,2025-03-15,2025-03-15,19,19,DELIVERED
GR-PO-000433,76,Orange River Industrial Supplies (Pty) Ltd,2024-11-03,2024-12-27,2024-12-20,11,11,DELIVERED
GR-PO-000434,76,Kimberley Pump Solutions (Pty) Ltd,2026-04-22,2026-06-15,2026-06-27,3,3,DELIVERED
GR-PO-000435,76,Highveld Industrial Supplies (Pty) Ltd,2025-12-17,2026-02-09,2026-01-30,1,1,DELIVERED
GR-PO-000436,76,Escarpment Valve & Fittings (Pty) Ltd,2024-11-03,2024-12-27,2024-12-29,2,2,DELIVERED
GR-PO-000437,76,Bushveld Engineering Supplies (Pty) Ltd,2026-02-14,2026-04-09,2026-03-31,2,2,DELIVERED
GR-PO-000438,77,Lowveld Valve & Fittings (Pty) Ltd,2024-10-24,2024-12-09,2024-11-28,20,20,DELIVERED
GR-PO-000439,77,Bushveld Electromechanical Ltd (Pty) Ltd,2026-06-22,2026-08-07,2026-08-05,2,2,DELIVERED
GR-PO-000440,77,Lowveld Electromechanical Ltd (Pty) Ltd,2025-07-17,2025-09-01,2025-08-26,6,6,DELIVERED
GR-PO-000441,77,Orange River Engineering Supplies (Pty) Ltd,2026-07-26,2026-09-10,2026-09-09,5,5,DELIVERED
GR-PO-000442,78,Highveld Mining Equipment Traders (Pty) Ltd,2025-05-03,2025-08-28,2025-08-23,8,8,DELIVERED
GR-PO-000443,78,Orange River Bearing & Drive Co (Pty) Ltd,2025-02-15,2025-06-12,2025-07-07,15,15,DELIVERED
GR-PO-000444,78,Kalahari Bearing & Drive Co (Pty) Ltd,2025-12-13,2026-04-09,2026-04-02,3,3,DELIVERED
GR-PO-000445,78,Springbok Bearing & Drive Co (Pty) Ltd,2025-03-11,2025-07-06,2025-07-02,2,2,DELIVERED
GR-PO-000446,78,Namaqua Seals & Sealing Systems (Pty) Ltd,2025-12-14,2026-04-10,2026-04-16,17,17,DELIVERED
GR-PO-000447,78,Escarpment Electromechanical Ltd (Pty) Ltd,2026-04-15,2026-08-10,2026-08-15,9,9,DELIVERED
GR-PO-000448,78,Bushveld Electromechanical Ltd (Pty) Ltd,2025-04-17,2025-08-12,2025-08-09,19,19,DELIVERED
GR-PO-000449,78,Namaqua Seals & Sealing Systems (Pty) Ltd,2026-01-14,2026-05-11,2026-05-15,14,14,DELIVERED
GR-PO-000450,79,Northern Cape Industrial Distributors (Pty) Ltd,2026-06-03,2026-08-13,2026-08-16,12,12,DELIVERED
GR-PO-000451,79,Springbok Bearing & Drive Co (Pty) Ltd,2025-02-11,2025-04-23,2025-04-28,16,16,DELIVERED
GR-PO-000452,79,Kimberley Pump Solutions (Pty) Ltd,2025-07-20,2025-09-29,2025-10-12,15,15,DELIVERED
GR-PO-000453,79,Upington Valve & Fittings (Pty) Ltd,2025-04-23,2025-07-03,2025-06-17,3,3,DELIVERED
GR-PO-000454,79,Bushveld Electromechanical Ltd (Pty) Ltd,2025-02-02,2025-04-14,2025-04-16,1,1,DELIVERED
GR-PO-000455,79,Bushveld Electromechanical Ltd (Pty) Ltd,2026-01-24,2026-04-05,2026-03-29,1,1,DELIVERED
GR-PO-000456,80,Lowveld Electromechanical Ltd (Pty) Ltd,2025-08-22,2026-01-11,2025-12-30,4,4,DELIVERED
GR-PO-000457,80,Escarpment Valve & Fittings (Pty) Ltd,2026-02-12,2026-07-04,2026-08-04,13,13,DELIVERED
GR-PO-000458,80,Lowveld Mining Equipment Traders (Pty) Ltd,2026-07-04,2026-11-23,2026-10-19,14,14,DELIVERED
GR-PO-000459,80,Kuruman Pump Solutions (Pty) Ltd,2026-04-08,2026-08-28,2026-09-11,3,3,DELIVERED
GR-PO-000460,81,Escarpment Electromechanical Ltd (Pty) Ltd,2025-04-19,2025-07-27,2025-07-24,14,14,DELIVERED
GR-PO-000461,81,Escarpment Electromechanical Ltd (Pty) Ltd,2026-03-23,2026-06-30,2026-07-09,4,4,DELIVERED
GR-PO-000462,81,Orange River Engineering Supplies (Pty) Ltd,2024-09-10,2024-12-18,2025-01-03,6,6,DELIVERED
GR-PO-000463,81,Escarpment Valve & Fittings (Pty) Ltd,2025-01-21,2025-04-30,2025-04-10,7,7,DELIVERED
GR-PO-000464,81,Springbok Bearing & Drive Co (Pty) Ltd,2026-05-20,2026-08-27,2026-09-13,9,9,DELIVERED
GR-PO-000465,86,Upington Valve & Fittings (Pty) Ltd,2025-10-17,2026-03-15,2026-04-19,18,18,DELIVERED
GR-PO-000466,86,Waterberg Bearing & Drive Co (Pty) Ltd,2024-12-09,2025-05-07,2025-04-15,8,8,DELIVERED
GR-PO-000467,86,Postmasburg Valve & Fittings (Pty) Ltd,2026-01-18,2026-06-16,2026-05-22,9,9,DELIVERED
GR-PO-000468,86,Lowveld Valve & Fittings (Pty) Ltd,2025-10-25,2026-03-23,2026-03-08,16,16,DELIVERED
GR-PO-000469,86,Vaal Valve & Fittings (Pty) Ltd,2025-02-23,2025-07-22,2025-07-02,17,17,DELIVERED
GR-PO-000470,86,Drakensberg Spares & Components (Pty) Ltd,2025-01-10,2025-06-08,2025-06-14,5,5,DELIVERED
GR-PO-000471,86,Kimberley Pump Solutions (Pty) Ltd,2025-08-25,2026-01-21,2026-02-22,11,11,DELIVERED
GR-PO-000472,86,Northern Cape Engineering Supplies (Pty) Ltd,2025-11-23,2026-04-21,2026-03-20,19,19,DELIVERED
GR-PO-000473,88,Bushveld Pump Solutions (Pty) Ltd,2026-05-25,2026-10-17,2026-10-02,15,15,DELIVERED
GR-PO-000474,88,Kuruman Spares & Components (Pty) Ltd,2024-10-02,2025-02-24,2025-03-28,17,17,DELIVERED
GR-PO-000475,88,Escarpment Valve & Fittings (Pty) Ltd,2024-10-10,2025-03-04,2025-02-18,4,4,DELIVERED
GR-PO-000476,88,Orange River Electromechanical Ltd (Pty) Ltd,2024-11-18,2025-04-12,2025-04-11,9,9,DELIVERED
GR-PO-000477,88,Kimberley Pump Solutions (Pty) Ltd,2025-05-08,2025-09-30,2025-09-04,4,4,DELIVERED
GR-PO-000478,88,Kimberley Pump Solutions (Pty) Ltd,2024-11-13,2025-04-07,2025-05-25,9,9,DELIVERED
GR-PO-000479,88,Springbok Bearing & Drive Co (Pty) Ltd,2026-01-16,2026-06-10,2026-05-31,9,9,DELIVERED
GR-PO-000480,88,Kalahari Bearing & Drive Co (Pty) Ltd,2024-11-14,2025-04-08,2025-03-23,6,6,DELIVERED
GR-PO-000481,89,Copperton Engineering Supplies (Pty) Ltd,2026-02-05,2026-06-15,2026-06-07,5,5,DELIVERED
GR-PO-000482,89,Copperton Engineering Supplies (Pty) Ltd,2025-07-29,2025-12-06,2025-11-22,10,10,DELIVERED
GR-PO-000483,89,Kuruman Industrial Supplies (Pty) Ltd,2025-11-14,2026-03-24,2026-03-27,16,16,DELIVERED
GR-PO-000484,89,Vaal Mining Equipment Traders (Pty) Ltd,2024-11-17,2025-03-27,2025-04-03,10,10,DELIVERED
GR-PO-000485,89,Bushveld Electromechanical Ltd (Pty) Ltd,2025-04-28,2025-09-05,2025-09-23,10,10,DELIVERED
GR-PO-000486,89,Aggeneys Pump Solutions (Pty) Ltd,2025-07-24,2025-12-01,2025-12-23,14,14,DELIVERED
GR-PO-000487,89,Orange River Industrial Supplies (Pty) Ltd,2024-11-01,2025-03-11,2025-03-29,16,16,DELIVERED
GR-PO-000488,89,Bushveld Spares & Components (Pty) Ltd,2025-08-27,2026-01-04,2026-02-01,20,20,DELIVERED
GR-PO-000489,90,Drakensberg Spares & Components (Pty) Ltd,2025-03-07,2025-07-30,2025-08-03,6,6,DELIVERED
GR-PO-000490,90,Highveld Mining Equipment Traders (Pty) Ltd,2025-06-19,2025-11-11,2025-10-23,17,17,DELIVERED
GR-PO-000491,90,Karoo Industrial Distributors (Pty) Ltd,2025-06-16,2025-11-08,2025-11-11,8,8,DELIVERED
GR-PO-000492,90,Karoo Industrial Distributors (Pty) Ltd,2026-05-09,2026-10-01,2026-10-12,5,5,DELIVERED
GR-PO-000493,92,Orange River Bearing & Drive Co (Pty) Ltd,2026-03-08,2026-06-26,2026-07-12,3,3,DELIVERED
GR-PO-000494,92,Kalahari Bearing & Drive Co (Pty) Ltd,2025-02-24,2025-06-14,2025-05-22,18,18,DELIVERED
GR-PO-000495,92,Lowveld Electromechanical Ltd (Pty) Ltd,2025-02-16,2025-06-06,2025-05-25,20,20,DELIVERED
GR-PO-000496,92,Escarpment Seals & Sealing Systems (Pty) Ltd,2025-03-27,2025-07-15,2025-08-06,14,14,DELIVERED
GR-PO-000497,92,Kimberley Pump Solutions (Pty) Ltd,2026-06-24,2026-10-12,2026-10-10,7,7,DELIVERED
GR-PO-000498,93,Kimberley Pump Solutions (Pty) Ltd,2025-06-25,2025-08-10,2025-08-05,16,16,DELIVERED
GR-PO-000499,93,Upington Mining Equipment Traders (Pty) Ltd,2026-01-05,2026-02-20,2026-02-12,4,4,DELIVERED
GR-PO-000500,93,Vaal Valve & Fittings (Pty) Ltd,2026-04-16,2026-06-01,2026-06-09,7,7,DELIVERED
GR-PO-000501,93,Upington Mining Equipment Traders (Pty) Ltd,2025-02-26,2025-04-13,2025-04-27,3,3,DELIVERED
GR-PO-000502,94,Escarpment Mining Equipment Traders (Pty) Ltd,2024-12-29,2025-05-20,2025-05-08,5,5,DELIVERED
GR-PO-000503,94,Upington Mining Equipment Traders (Pty) Ltd,2025-03-02,2025-07-22,2025-06-27,14,14,DELIVERED
GR-PO-000504,94,Postmasburg Valve & Fittings (Pty) Ltd,2026-05-01,2026-09-20,2026-10-11,3,3,DELIVERED
GR-PO-000505,94,Escarpment Electromechanical Ltd (Pty) Ltd,2025-12-26,2026-05-17,2026-05-20,4,4,DELIVERED
GR-PO-000506,94,Upington Mining Equipment Traders (Pty) Ltd,2026-04-25,2026-09-14,2026-08-25,7,7,DELIVERED
GR-PO-000507,94,Kimberley Pump Solutions (Pty) Ltd,2026-05-30,2026-10-19,2026-09-27,19,19,DELIVERED
GR-PO-000508,94,Escarpment Valve & Fittings (Pty) Ltd,2025-03-04,2025-07-24,2025-08-17,4,4,DELIVERED
GR-PO-000509,94,Bushveld Electromechanical Ltd (Pty) Ltd,2026-06-06,2026-10-26,2026-11-13,17,17,DELIVERED
GR-PO-000510,95,Escarpment Mining Equipment Traders (Pty) Ltd,2026-01-29,2026-06-01,2026-05-29,6,6,DELIVERED
GR-PO-000511,95,Kuruman Industrial Supplies (Pty) Ltd,2025-06-08,2025-10-09,2025-10-03,2,2,DELIVERED
GR-PO-000512,95,Lowveld Valve & Fittings (Pty) Ltd,2024-12-17,2025-04-19,2025-05-17,14,14,DELIVERED
GR-PO-000513,95,Vaal Valve & Fittings (Pty) Ltd,2025-09-17,2026-01-18,2026-01-27,11,11,DELIVERED
GR-PO-000514,95,Orange River Bearing & Drive Co (Pty) Ltd,2024-10-15,2025-02-15,2025-02-01,6,6,DELIVERED
GR-PO-000515,95,Namaqua Seals & Sealing Systems (Pty) Ltd,2024-12-30,2025-05-02,2025-05-10,9,9,DELIVERED
GR-PO-000516,95,Orange River Bearing & Drive Co (Pty) Ltd,2024-09-26,2025-01-27,2025-01-14,13,13,DELIVERED
GR-PO-000517,96,Bushveld Spares & Components (Pty) Ltd,2026-05-24,2026-10-11,2026-10-11,19,19,DELIVERED
GR-PO-000518,96,Lowveld Electromechanical Ltd (Pty) Ltd,2025-09-22,2026-02-09,2026-03-17,1,1,DELIVERED
GR-PO-000519,96,Springbok Valve & Fittings (Pty) Ltd,2026-06-07,2026-10-25,2026-11-07,7,7,DELIVERED
GR-PO-000520,96,Escarpment Electromechanical Ltd (Pty) Ltd,2025-05-30,2025-10-17,2025-12-06,3,3,DELIVERED
GR-PO-000521,96,Upington Valve & Fittings (Pty) Ltd,2026-04-11,2026-08-29,2026-08-18,15,15,DELIVERED
GR-PO-000522,96,Escarpment Electromechanical Ltd (Pty) Ltd,2025-03-30,2025-08-17,2025-09-02,12,12,DELIVERED
GR-PO-000523,96,Springbok Seals & Sealing Systems (Pty) Ltd,2024-12-28,2025-05-17,2025-03-25,2,2,DELIVERED
GR-PO-000524,97,Upington Valve & Fittings (Pty) Ltd,2026-05-13,2026-07-17,2026-07-20,6,6,DELIVERED
GR-PO-000525,97,Northern Cape Engineering Supplies (Pty) Ltd,2025-08-19,2025-10-23,2025-10-10,11,11,DELIVERED
GR-PO-000526,97,Springbok Valve & Fittings (Pty) Ltd,2024-11-22,2025-01-26,2025-01-21,16,16,DELIVERED
GR-PO-000527,97,Bushveld Pump Solutions (Pty) Ltd,2025-09-15,2025-11-19,2025-11-10,13,13,DELIVERED
GR-PO-000528,97,Springbok Bearing & Drive Co (Pty) Ltd,2026-01-01,2026-03-07,2026-03-13,9,9,DELIVERED
GR-PO-000529,97,Bushveld Spares & Components (Pty) Ltd,2025-01-09,2025-03-15,2025-03-18,15,15,DELIVERED
GR-PO-000530,98,Kalahari Bearing & Drive Co (Pty) Ltd,2024-10-06,2024-12-08,2024-12-01,17,17,DELIVERED
GR-PO-000531,98,Springbok Industrial Supplies (Pty) Ltd,2026-04-29,2026-07-01,2026-06-29,10,10,DELIVERED
GR-PO-000532,98,Springbok Industrial Supplies (Pty) Ltd,2026-05-25,2026-07-27,2026-07-18,19,19,DELIVERED
GR-PO-000533,98,Escarpment Valve & Fittings (Pty) Ltd,2025-11-11,2026-01-13,2026-02-01,9,9,DELIVERED
GR-PO-000534,98,Northern Cape Industrial Distributors (Pty) Ltd,2025-04-27,2025-06-29,2025-06-21,13,13,DELIVERED
GR-PO-000535,99,Escarpment Valve & Fittings (Pty) Ltd,2024-08-29,2024-12-19,2025-01-04,15,15,DELIVERED
GR-PO-000536,99,Highveld Industrial Supplies (Pty) Ltd,2026-01-03,2026-04-25,2026-05-15,6,6,DELIVERED
GR-PO-000537,99,Bushveld Spares & Components (Pty) Ltd,2025-05-11,2025-08-31,2025-08-05,17,17,DELIVERED
GR-PO-000538,99,Vaal Mining Equipment Traders (Pty) Ltd,2025-10-09,2026-01-29,2026-01-01,17,17,DELIVERED
GR-PO-000539,99,Postmasburg Valve & Fittings (Pty) Ltd,2025-05-01,2025-08-21,2025-07-28,15,15,DELIVERED
GR-PO-000540,101,Escarpment Seals & Sealing Systems (Pty) Ltd,2026-07-19,2026-12-07,2027-01-05,8,8,DELIVERED
GR-PO-000541,101,Kimberley Pump Solutions (Pty) Ltd,2025-09-25,2026-02-13,2026-02-16,10,10,DELIVERED
GR-PO-000542,101,Lowveld Electromechanical Ltd (Pty) Ltd,2025-05-10,2025-09-28,2025-08-27,1,1,DELIVERED
GR-PO-000543,101,Kalahari Bearing & Drive Co (Pty) Ltd,2025-06-15,2025-11-03,2025-10-12,17,17,DELIVERED
GR-PO-000544,101,Orange River Industrial Supplies (Pty) Ltd,2025-03-25,2025-08-13,2025-08-14,19,19,DELIVERED
GR-PO-000545,101,Upington Valve & Fittings (Pty) Ltd,2026-04-19,2026-09-07,2026-09-12,5,5,DELIVERED
GR-PO-000546,101,Escarpment Electromechanical Ltd (Pty) Ltd,2024-09-14,2025-02-02,2025-02-28,9,9,DELIVERED
GR-PO-000547,101,Northern Cape Engineering Supplies (Pty) Ltd,2025-08-10,2025-12-29,2026-01-18,6,6,DELIVERED
GR-PO-000548,102,Orange River Industrial Supplies (Pty) Ltd,2025-07-18,2025-09-09,2025-09-29,7,7,DELIVERED
GR-PO-000549,102,Northern Cape Engineering Supplies (Pty) Ltd,2025-05-04,2025-06-26,2025-06-09,6,6,DELIVERED
GR-PO-000550,102,Vaal Mining Equipment Traders (Pty) Ltd,2024-11-17,2025-01-09,2025-01-08,7,7,DELIVERED
GR-PO-000551,102,Vaal Valve & Fittings (Pty) Ltd,2025-07-05,2025-08-27,2025-08-30,6,6,DELIVERED
GR-PO-000552,102,Bushveld Engineering Supplies (Pty) Ltd,2025-11-15,2026-01-07,2026-01-14,16,16,DELIVERED
GR-PO-000553,102,Orange River Industrial Supplies (Pty) Ltd,2026-07-15,2026-09-06,2026-09-04,16,16,DELIVERED
GR-PO-000554,102,Vaal Mining Equipment Traders (Pty) Ltd,2026-02-17,2026-04-11,2026-04-13,2,2,DELIVERED
GR-PO-000555,102,Lowveld Valve & Fittings (Pty) Ltd,2025-08-15,2025-10-07,2025-09-30,15,15,DELIVERED
GR-PO-000556,103,Kimberley Pump Solutions (Pty) Ltd,2025-03-21,2025-07-12,2025-06-29,14,14,DELIVERED
GR-PO-000557,103,Bushveld Pump Solutions (Pty) Ltd,2026-07-25,2026-11-15,2026-11-08,6,6,DELIVERED
GR-PO-000558,103,Highveld Mining Equipment Traders (Pty) Ltd,2025-11-06,2026-02-27,2026-02-18,15,15,DELIVERED
GR-PO-000559,103,Orange River Industrial Supplies (Pty) Ltd,2026-05-14,2026-09-04,2026-09-13,3,3,DELIVERED
GR-PO-000560,104,Kuruman Pump Solutions (Pty) Ltd,2024-11-07,2025-02-13,2025-01-22,10,10,DELIVERED
GR-PO-000561,104,Orange River Engineering Supplies (Pty) Ltd,2026-05-04,2026-08-10,2026-08-21,14,14,DELIVERED
GR-PO-000562,104,Aggeneys Pump Solutions (Pty) Ltd,2025-06-06,2025-09-12,2025-09-10,12,12,DELIVERED
GR-PO-000563,104,Namaqua Seals & Sealing Systems (Pty) Ltd,2025-10-05,2026-01-11,2026-01-03,11,11,DELIVERED
GR-PO-000564,104,Kuruman Spares & Components (Pty) Ltd,2026-06-18,2026-09-24,2026-09-02,20,20,DELIVERED
GR-PO-000565,104,Highveld Mining Equipment Traders (Pty) Ltd,2025-12-22,2026-03-30,2026-03-29,8,8,DELIVERED
GR-PO-000566,104,Kuruman Industrial Supplies (Pty) Ltd,2024-12-12,2025-03-20,2025-03-05,5,5,DELIVERED
GR-PO-000567,104,Orange River Industrial Supplies (Pty) Ltd,2025-10-17,2026-01-23,2026-01-14,7,7,DELIVERED
GR-PO-000568,105,Vaal Valve & Fittings (Pty) Ltd,2025-09-20,2026-01-09,2025-12-31,15,15,DELIVERED
GR-PO-000569,105,Bushveld Pump Solutions (Pty) Ltd,2026-04-04,2026-07-24,2026-08-07,1,1,DELIVERED
GR-PO-000570,105,Escarpment Mining Equipment Traders (Pty) Ltd,2025-12-17,2026-04-07,2026-04-07,6,6,DELIVERED
GR-PO-000571,105,Escarpment Valve & Fittings (Pty) Ltd,2025-03-30,2025-07-19,2025-08-22,14,14,DELIVERED
GR-PO-000572,105,Namaqua Seals & Sealing Systems (Pty) Ltd,2025-06-21,2025-10-10,2025-09-22,3,3,DELIVERED
GR-PO-000573,105,Springbok Bearing & Drive Co (Pty) Ltd,2025-12-22,2026-04-12,2026-05-24,11,11,DELIVERED
GR-PO-000574,106,Orange River Electromechanical Ltd (Pty) Ltd,2025-12-29,2026-03-10,2026-03-05,10,10,DELIVERED
GR-PO-000575,106,Escarpment Valve & Fittings (Pty) Ltd,2025-05-05,2025-07-15,2025-06-30,2,2,DELIVERED
GR-PO-000576,106,Lowveld Valve & Fittings (Pty) Ltd,2024-10-28,2025-01-07,2025-01-08,17,17,DELIVERED
GR-PO-000577,106,Lowveld Electromechanical Ltd (Pty) Ltd,2026-01-29,2026-04-10,2026-04-07,7,7,DELIVERED
GR-PO-000578,106,Upington Mining Equipment Traders (Pty) Ltd,2025-01-22,2025-04-03,2025-03-24,17,17,DELIVERED
GR-PO-000579,107,Springbok Industrial Supplies (Pty) Ltd,2024-12-29,2025-05-19,2025-04-22,4,4,DELIVERED
GR-PO-000580,107,Escarpment Valve & Fittings (Pty) Ltd,2026-03-16,2026-08-04,2026-08-12,11,11,DELIVERED
GR-PO-000581,107,Postmasburg Valve & Fittings (Pty) Ltd,2025-04-29,2025-09-17,2025-10-21,12,12,DELIVERED
GR-PO-000582,107,Karoo Industrial Distributors (Pty) Ltd,2026-03-19,2026-08-07,2026-08-08,3,3,DELIVERED
GR-PO-000583,107,Karoo Industrial Distributors (Pty) Ltd,2025-01-05,2025-05-26,2025-06-09,18,18,DELIVERED
GR-PO-000584,107,Vaal Valve & Fittings (Pty) Ltd,2026-07-21,2026-12-09,2026-12-14,16,16,DELIVERED
GR-PO-000585,107,Escarpment Seals & Sealing Systems (Pty) Ltd,2026-05-10,2026-09-28,2026-09-21,18,18,DELIVERED
GR-PO-000586,109,Springbok Bearing & Drive Co (Pty) Ltd,2025-10-07,2026-02-23,2026-02-10,17,17,DELIVERED
GR-PO-000587,109,Vaal Mining Equipment Traders (Pty) Ltd,2024-10-16,2025-03-04,2025-03-13,20,20,DELIVERED
GR-PO-000588,109,Postmasburg Valve & Fittings (Pty) Ltd,2026-01-21,2026-06-09,2026-06-15,6,6,DELIVERED
GR-PO-000589,109,Copperton Engineering Supplies (Pty) Ltd,2025-04-13,2025-08-30,2025-09-06,13,13,DELIVERED
GR-PO-000590,109,Bushveld Electromechanical Ltd (Pty) Ltd,2025-04-27,2025-09-13,2025-09-12,9,9,DELIVERED
GR-PO-000591,109,Escarpment Electromechanical Ltd (Pty) Ltd,2025-07-01,2025-11-17,2025-10-13,10,10,DELIVERED
GR-PO-000592,110,Springbok Valve & Fittings (Pty) Ltd,2025-06-12,2025-08-21,2025-08-17,20,20,DELIVERED
GR-PO-000593,110,Orange River Industrial Supplies (Pty) Ltd,2025-09-17,2025-11-26,2025-12-07,14,14,DELIVERED
GR-PO-000594,110,Highveld Industrial Supplies (Pty) Ltd,2025-10-14,2025-12-23,2026-01-02,19,19,DELIVERED
GR-PO-000595,110,Vaal Mining Equipment Traders (Pty) Ltd,2026-04-06,2026-06-15,2026-05-26,1,1,DELIVERED
GR-PO-000596,110,Postmasburg Valve & Fittings (Pty) Ltd,2026-01-01,2026-03-12,2026-03-10,4,4,DELIVERED
GR-PO-000597,110,Highveld Industrial Supplies (Pty) Ltd,2025-04-16,2025-06-25,2025-06-19,9,9,DELIVERED
GR-PO-000598,113,Waterberg Bearing & Drive Co (Pty) Ltd,2025-04-03,2025-07-11,2025-06-23,8,8,DELIVERED
GR-PO-000599,113,Waterberg Bearing & Drive Co (Pty) Ltd,2025-01-31,2025-05-10,2025-05-21,5,5,DELIVERED
GR-PO-000600,113,Postmasburg Valve & Fittings (Pty) Ltd,2025-05-17,2025-08-24,2025-08-07,5,5,DELIVERED
GR-PO-000601,113,Northern Cape Industrial Distributors (Pty) Ltd,2024-09-14,2024-12-22,2024-12-28,13,13,DELIVERED
GR-PO-000602,113,Lowveld Electromechanical Ltd (Pty) Ltd,2025-08-18,2025-11-25,2025-11-30,16,16,DELIVERED
GR-PO-000603,114,Kuruman Industrial Supplies (Pty) Ltd,2025-08-27,2025-12-05,2025-11-23,14,14,DELIVERED
GR-PO-000604,114,Bushveld Spares & Components (Pty) Ltd,2025-08-15,2025-11-23,2025-11-01,20,20,DELIVERED
GR-PO-000605,114,Kuruman Industrial Supplies (Pty) Ltd,2024-10-29,2025-02-06,2025-02-14,15,15,DELIVERED
GR-PO-000606,114,Orange River Bearing & Drive Co (Pty) Ltd,2025-06-03,2025-09-11,2025-09-07,15,15,DELIVERED
GR-PO-000607,114,Vaal Valve & Fittings (Pty) Ltd,2026-03-23,2026-07-01,2026-06-02,8,8,DELIVERED
GR-PO-000608,114,Drakensberg Spares & Components (Pty) Ltd,2025-09-27,2026-01-05,2025-12-25,15,15,DELIVERED
GR-PO-000609,115,Orange River Industrial Supplies (Pty) Ltd,2025-05-13,2025-07-04,2025-07-07,20,20,DELIVERED
GR-PO-000610,115,Northern Cape Engineering Supplies (Pty) Ltd,2025-04-13,2025-06-04,2025-05-25,12,12,DELIVERED
GR-PO-000611,115,Bushveld Spares & Components (Pty) Ltd,2025-07-19,2025-09-09,2025-09-06,8,8,DELIVERED
GR-PO-000612,115,Kalahari Bearing & Drive Co (Pty) Ltd,2025-02-11,2025-04-04,2025-03-26,11,11,DELIVERED
GR-PO-000613,115,Springbok Seals & Sealing Systems (Pty) Ltd,2025-05-19,2025-07-10,2025-07-18,9,9,DELIVERED
GR-PO-000614,115,Kuruman Industrial Supplies (Pty) Ltd,2025-05-27,2025-07-18,2025-07-29,18,18,DELIVERED
GR-PO-000615,116,Kalahari Bearing & Drive Co (Pty) Ltd,2024-09-13,2024-12-06,2024-11-28,11,11,DELIVERED
GR-PO-000616,116,Escarpment Mining Equipment Traders (Pty) Ltd,2026-03-31,2026-06-23,2026-06-21,10,10,DELIVERED
GR-PO-000617,116,Kalahari Bearing & Drive Co (Pty) Ltd,2026-02-04,2026-04-29,2026-04-28,19,19,DELIVERED
GR-PO-000618,116,Upington Mining Equipment Traders (Pty) Ltd,2026-05-12,2026-08-04,2026-08-12,5,5,DELIVERED
GR-PO-000619,116,Kuruman Industrial Supplies (Pty) Ltd,2025-03-13,2025-06-05,2025-06-07,6,6,DELIVERED
GR-PO-000620,116,Highveld Industrial Supplies (Pty) Ltd,2024-09-10,2024-12-03,2024-12-14,14,14,DELIVERED
GR-PO-000621,116,Springbok Seals & Sealing Systems (Pty) Ltd,2025-03-10,2025-06-02,2025-05-21,4,4,DELIVERED
GR-PO-000622,116,Vaal Valve & Fittings (Pty) Ltd,2025-05-25,2025-08-17,2025-08-12,14,14,DELIVERED
GR-PO-000623,117,Upington Valve & Fittings (Pty) Ltd,2026-04-07,2026-07-04,2026-06-22,7,7,DELIVERED
GR-PO-000624,117,Springbok Seals & Sealing Systems (Pty) Ltd,2025-12-12,2026-03-10,2026-03-19,10,10,DELIVERED
GR-PO-000625,117,Orange River Industrial Distributors (Pty) Ltd,2026-02-08,2026-05-07,2026-05-13,17,17,DELIVERED
GR-PO-000626,117,Upington Mining Equipment Traders (Pty) Ltd,2024-08-29,2024-11-25,2024-10-28,1,1,DELIVERED
GR-PO-000627,117,Bushveld Spares & Components (Pty) Ltd,2025-07-10,2025-10-06,2025-10-10,8,8,DELIVERED
GR-PO-000628,118,Postmasburg Valve & Fittings (Pty) Ltd,2025-01-22,2025-05-29,2025-05-02,19,19,DELIVERED
GR-PO-000629,118,Highveld Mining Equipment Traders (Pty) Ltd,2025-06-03,2025-10-08,2025-10-20,9,9,DELIVERED
GR-PO-000630,118,Karoo Industrial Distributors (Pty) Ltd,2025-03-17,2025-07-22,2025-07-27,19,19,DELIVERED
GR-PO-000631,118,Northern Cape Industrial Distributors (Pty) Ltd,2025-12-06,2026-04-12,2026-04-30,1,1,DELIVERED
GR-PO-000632,119,Escarpment Mining Equipment Traders (Pty) Ltd,2025-04-16,2025-09-13,2025-09-22,11,11,DELIVERED
GR-PO-000633,119,Springbok Bearing & Drive Co (Pty) Ltd,2025-08-12,2026-01-09,2025-12-10,6,6,DELIVERED
GR-PO-000634,119,Orange River Bearing & Drive Co (Pty) Ltd,2024-11-06,2025-04-05,2025-04-08,12,12,DELIVERED
GR-PO-000635,119,Escarpment Mining Equipment Traders (Pty) Ltd,2025-01-16,2025-06-15,2025-07-14,17,17,DELIVERED
GR-PO-000636,119,Northern Cape Engineering Supplies (Pty) Ltd,2025-11-06,2026-04-05,2026-04-11,8,8,DELIVERED
GR-PO-000637,119,Copperton Engineering Supplies (Pty) Ltd,2024-12-19,2025-05-18,2025-06-08,10,10,DELIVERED
GR-PO-000638,119,Copperton Engineering Supplies (Pty) Ltd,2024-11-11,2025-04-10,2025-04-10,8,8,DELIVERED
GR-PO-000639,119,Upington Valve & Fittings (Pty) Ltd,2025-05-09,2025-10-06,2025-12-02,15,15,DELIVERED
GR-PO-000640,120,Karoo Industrial Distributors (Pty) Ltd,2026-01-20,2026-04-29,2026-04-29,16,16,DELIVERED
GR-PO-000641,120,Highveld Mining Equipment Traders (Pty) Ltd,2026-01-24,2026-05-03,2026-04-28,19,19,DELIVERED
GR-PO-000642,120,Copperton Engineering Supplies (Pty) Ltd,2025-12-08,2026-03-17,2026-03-13,16,16,DELIVERED
GR-PO-000643,120,Postmasburg Valve & Fittings (Pty) Ltd,2025-03-17,2025-06-24,2025-06-23,17,17,DELIVERED
GR-PO-000644,120,Kuruman Pump Solutions (Pty) Ltd,2024-11-07,2025-02-14,2025-02-04,3,3,DELIVERED
GR-PO-000645,121,Upington Mining Equipment Traders (Pty) Ltd,2025-11-14,2026-03-24,2026-04-04,12,12,DELIVERED
GR-PO-000646,121,Upington Valve & Fittings (Pty) Ltd,2024-11-25,2025-04-04,2025-05-06,7,7,DELIVERED
GR-PO-000647,121,Kuruman Spares & Components (Pty) Ltd,2025-10-10,2026-02-17,2026-02-12,15,15,DELIVERED
GR-PO-000648,121,Bushveld Pump Solutions (Pty) Ltd,2025-10-21,2026-02-28,2026-03-11,13,13,DELIVERED
GR-PO-000649,121,Vaal Valve & Fittings (Pty) Ltd,2025-06-23,2025-10-31,2025-10-28,11,11,DELIVERED
GR-PO-000650,121,Karoo Industrial Distributors (Pty) Ltd,2025-03-01,2025-07-09,2025-07-16,5,5,DELIVERED
GR-PO-000651,122,Bushveld Pump Solutions (Pty) Ltd,2026-06-06,2026-10-14,2026-11-02,13,13,DELIVERED
GR-PO-000652,122,Springbok Bearing & Drive Co (Pty) Ltd,2026-02-01,2026-06-11,2026-04-17,13,13,DELIVERED
GR-PO-000653,122,Escarpment Electromechanical Ltd (Pty) Ltd,2024-10-14,2025-02-21,2025-02-05,4,4,DELIVERED
GR-PO-000654,122,Orange River Industrial Distributors (Pty) Ltd,2025-08-07,2025-12-15,2025-12-05,5,5,DELIVERED
GR-PO-000655,122,Orange River Engineering Supplies (Pty) Ltd,2025-06-14,2025-10-22,2025-10-16,6,6,DELIVERED
GR-PO-000656,122,Bushveld Pump Solutions (Pty) Ltd,2025-01-26,2025-06-05,2025-06-08,18,18,DELIVERED
GR-PO-000657,122,Waterberg Bearing & Drive Co (Pty) Ltd,2026-04-10,2026-08-18,2026-08-26,9,9,DELIVERED
GR-PO-000658,124,Kalahari Bearing & Drive Co (Pty) Ltd,2025-07-23,2025-12-15,2025-11-17,2,2,DELIVERED
GR-PO-000659,124,Upington Mining Equipment Traders (Pty) Ltd,2025-11-05,2026-03-30,2026-03-17,19,19,DELIVERED
GR-PO-000660,124,Upington Valve & Fittings (Pty) Ltd,2026-04-15,2026-09-07,2026-10-11,9,9,DELIVERED
GR-PO-000661,124,Springbok Valve & Fittings (Pty) Ltd,2026-02-28,2026-07-23,2026-08-16,1,1,DELIVERED
GR-PO-000662,124,Bushveld Electromechanical Ltd (Pty) Ltd,2026-03-15,2026-08-07,2026-07-27,20,20,DELIVERED
GR-PO-000663,124,Highveld Industrial Supplies (Pty) Ltd,2026-02-20,2026-07-15,2026-07-09,13,13,DELIVERED
GR-PO-000664,124,Orange River Bearing & Drive Co (Pty) Ltd,2024-12-08,2025-05-02,2025-05-09,19,19,DELIVERED
GR-PO-000665,125,Springbok Industrial Supplies (Pty) Ltd,2025-07-25,2025-09-15,2025-09-14,20,20,DELIVERED
GR-PO-000666,125,Escarpment Valve & Fittings (Pty) Ltd,2026-07-02,2026-08-23,2026-08-23,12,12,DELIVERED
GR-PO-000667,125,Escarpment Electromechanical Ltd (Pty) Ltd,2025-04-23,2025-06-14,2025-06-16,5,5,DELIVERED
GR-PO-000668,125,Upington Mining Equipment Traders (Pty) Ltd,2025-05-13,2025-07-04,2025-07-09,6,6,DELIVERED
GR-PO-000669,125,Escarpment Valve & Fittings (Pty) Ltd,2025-02-28,2025-04-21,2025-04-23,17,17,DELIVERED
GR-PO-000670,126,Bushveld Electromechanical Ltd (Pty) Ltd,2024-11-07,2025-02-20,2025-02-14,19,19,DELIVERED
GR-PO-000671,126,Bushveld Pump Solutions (Pty) Ltd,2025-04-21,2025-08-04,2025-07-16,11,11,DELIVERED
GR-PO-000672,126,Escarpment Mining Equipment Traders (Pty) Ltd,2025-02-18,2025-06-03,2025-04-28,3,3,DELIVERED
GR-PO-000673,126,Upington Valve & Fittings (Pty) Ltd,2025-07-02,2025-10-15,2025-10-18,10,10,DELIVERED
GR-PO-000674,126,Bushveld Electromechanical Ltd (Pty) Ltd,2025-10-27,2026-02-09,2026-02-25,6,6,DELIVERED
GR-PO-000675,126,Springbok Seals & Sealing Systems (Pty) Ltd,2025-10-06,2026-01-19,2026-01-08,14,14,DELIVERED
GR-PO-000676,126,Kuruman Spares & Components (Pty) Ltd,2025-12-31,2026-04-15,2026-03-25,2,2,DELIVERED
GR-PO-000677,127,Kuruman Industrial Supplies (Pty) Ltd,2026-06-07,2026-08-13,2026-08-01,19,19,DELIVERED
GR-PO-000678,127,Bushveld Spares & Components (Pty) Ltd,2026-07-05,2026-09-10,2026-08-16,15,15,DELIVERED
GR-PO-000679,127,Lowveld Electromechanical Ltd (Pty) Ltd,2025-06-09,2025-08-15,2025-08-09,14,14,DELIVERED
GR-PO-000680,127,Drakensberg Spares & Components (Pty) Ltd,2025-02-18,2025-04-26,2025-05-10,7,7,DELIVERED
GR-PO-000681,127,Bushveld Engineering Supplies (Pty) Ltd,2026-03-12,2026-05-18,2026-05-18,16,16,DELIVERED
GR-PO-000682,127,Kuruman Spares & Components (Pty) Ltd,2025-01-12,2025-03-20,2025-03-08,15,15,DELIVERED
GR-PO-000683,127,Highveld Mining Equipment Traders (Pty) Ltd,2025-06-03,2025-08-09,2025-07-29,9,9,DELIVERED
GR-PO-000684,127,Orange River Electromechanical Ltd (Pty) Ltd,2025-11-14,2026-01-20,2026-02-03,14,14,DELIVERED
GR-PO-000685,128,Northern Cape Engineering Supplies (Pty) Ltd,2026-04-13,2026-06-29,2026-06-30,19,19,DELIVERED
GR-PO-000686,128,Waterberg Bearing & Drive Co (Pty) Ltd,2025-11-30,2026-02-15,2026-02-17,2,2,DELIVERED
GR-PO-000687,128,Bushveld Pump Solutions (Pty) Ltd,2025-06-11,2025-08-27,2025-09-15,6,6,DELIVERED
GR-PO-000688,128,Kimberley Pump Solutions (Pty) Ltd,2024-11-13,2025-01-29,2025-01-20,4,4,DELIVERED
GR-PO-000689,128,Springbok Valve & Fittings (Pty) Ltd,2025-12-02,2026-02-17,2026-02-09,7,7,DELIVERED
GR-PO-000690,129,Orange River Bearing & Drive Co (Pty) Ltd,2026-01-29,2026-06-20,2026-06-26,11,11,DELIVERED
GR-PO-000691,129,Orange River Bearing & Drive Co (Pty) Ltd,2024-11-23,2025-04-14,2025-04-17,15,15,DELIVERED
GR-PO-000692,129,Springbok Bearing & Drive Co (Pty) Ltd,2024-10-18,2025-03-09,2025-02-08,7,7,DELIVERED
GR-PO-000693,129,Orange River Industrial Distributors (Pty) Ltd,2025-09-14,2026-02-03,2026-02-12,12,12,DELIVERED
GR-PO-000694,129,Orange River Engineering Supplies (Pty) Ltd,2025-09-25,2026-02-14,2026-02-18,4,4,DELIVERED
GR-PO-000695,129,Waterberg Bearing & Drive Co (Pty) Ltd,2025-07-08,2025-11-27,2025-12-24,13,13,DELIVERED
GR-PO-000696,129,Escarpment Valve & Fittings (Pty) Ltd,2025-02-17,2025-07-09,2025-06-04,13,13,DELIVERED
GR-PO-000697,129,Escarpment Valve & Fittings (Pty) Ltd,2026-06-02,2026-10-22,2026-11-29,20,20,DELIVERED
GR-PO-000698,130,Northern Cape Engineering Supplies (Pty) Ltd,2026-04-29,2026-09-19,2026-10-15,18,18,DELIVERED
GR-PO-000699,130,Namaqua Seals & Sealing Systems (Pty) Ltd,2025-06-06,2025-10-27,2025-10-18,6,6,DELIVERED
GR-PO-000700,130,Kuruman Spares & Components (Pty) Ltd,2025-06-25,2025-11-15,2025-11-11,12,12,DELIVERED
GR-PO-000701,130,Upington Valve & Fittings (Pty) Ltd,2026-07-09,2026-11-29,2026-11-13,15,15,DELIVERED
GR-PO-000702,130,Bushveld Spares & Components (Pty) Ltd,2025-01-08,2025-05-31,2025-06-13,20,20,DELIVERED
GR-PO-000703,130,Springbok Valve & Fittings (Pty) Ltd,2025-11-15,2026-04-07,2026-04-11,13,13,DELIVERED
GR-PO-000704,130,Kuruman Industrial Supplies (Pty) Ltd,2026-07-27,2026-12-17,2027-01-21,11,11,DELIVERED
GR-PO-000705,130,Copperton Engineering Supplies (Pty) Ltd,2025-08-23,2026-01-13,2026-01-28,18,18,DELIVERED
GR-PO-000706,131,Springbok Industrial Supplies (Pty) Ltd,2026-05-28,2026-08-20,2026-08-29,13,13,DELIVERED
GR-PO-000707,131,Upington Mining Equipment Traders (Pty) Ltd,2025-01-05,2025-03-30,2025-03-31,18,18,DELIVERED
GR-PO-000708,131,Copperton Engineering Supplies (Pty) Ltd,2026-05-25,2026-08-17,2026-08-28,13,13,DELIVERED
GR-PO-000709,131,Kuruman Industrial Supplies (Pty) Ltd,2024-09-30,2024-12-23,2024-11-30,20,20,DELIVERED
GR-PO-000710,131,Drakensberg Spares & Components (Pty) Ltd,2026-07-14,2026-10-06,2026-09-12,12,12,DELIVERED
GR-PO-000711,131,Orange River Electromechanical Ltd (Pty) Ltd,2025-10-29,2026-01-21,2025-12-31,18,18,DELIVERED
GR-PO-000712,133,Bushveld Engineering Supplies (Pty) Ltd,2026-03-09,2026-04-23,2026-04-27,2,2,DELIVERED
GR-PO-000713,133,Escarpment Seals & Sealing Systems (Pty) Ltd,2025-05-11,2025-06-25,2025-06-28,15,15,DELIVERED
GR-PO-000714,133,Springbok Seals & Sealing Systems (Pty) Ltd,2025-09-05,2025-10-20,2025-10-16,4,4,DELIVERED
GR-PO-000715,133,Namaqua Seals & Sealing Systems (Pty) Ltd,2025-08-11,2025-09-25,2025-09-25,10,10,DELIVERED
GR-PO-000716,133,Springbok Seals & Sealing Systems (Pty) Ltd,2024-09-10,2024-10-25,2024-10-27,19,19,DELIVERED
GR-PO-000717,133,Postmasburg Valve & Fittings (Pty) Ltd,2026-05-03,2026-06-17,2026-06-16,2,2,DELIVERED
GR-PO-000718,133,Springbok Bearing & Drive Co (Pty) Ltd,2026-03-02,2026-04-16,2026-04-16,3,3,DELIVERED
GR-PO-000719,133,Drakensberg Spares & Components (Pty) Ltd,2025-03-20,2025-05-04,2025-04-28,16,16,DELIVERED
GR-PO-000720,134,Postmasburg Valve & Fittings (Pty) Ltd,2026-02-05,2026-06-17,2026-07-04,4,4,DELIVERED
GR-PO-000721,134,Lowveld Electromechanical Ltd (Pty) Ltd,2024-12-04,2025-04-15,2025-04-03,3,3,DELIVERED
GR-PO-000722,134,Orange River Bearing & Drive Co (Pty) Ltd,2024-12-23,2025-05-04,2025-05-09,14,14,DELIVERED
GR-PO-000723,134,Northern Cape Industrial Distributors (Pty) Ltd,2025-05-09,2025-09-18,2025-09-07,10,10,DELIVERED
GR-PO-000724,134,Waterberg Bearing & Drive Co (Pty) Ltd,2025-02-13,2025-06-25,2025-06-26,12,12,DELIVERED
GR-PO-000725,134,Highveld Mining Equipment Traders (Pty) Ltd,2025-08-27,2026-01-06,2026-01-05,3,3,DELIVERED
GR-PO-000726,135,Springbok Seals & Sealing Systems (Pty) Ltd,2025-03-02,2025-05-19,2025-05-20,19,19,DELIVERED
GR-PO-000727,135,Orange River Industrial Distributors (Pty) Ltd,2024-09-17,2024-12-04,2024-12-16,7,7,DELIVERED
GR-PO-000728,135,Orange River Industrial Supplies (Pty) Ltd,2026-03-20,2026-06-06,2026-06-13,15,15,DELIVERED
GR-PO-000729,135,Kalahari Bearing & Drive Co (Pty) Ltd,2026-03-31,2026-06-17,2026-06-16,9,9,DELIVERED
GR-PO-000730,135,Northern Cape Engineering Supplies (Pty) Ltd,2026-06-16,2026-09-02,2026-08-22,14,14,DELIVERED
GR-PO-000731,135,Highveld Mining Equipment Traders (Pty) Ltd,2026-02-23,2026-05-12,2026-04-30,2,2,DELIVERED
GR-PO-000732,135,Upington Valve & Fittings (Pty) Ltd,2026-02-15,2026-05-04,2026-04-26,12,12,DELIVERED
GR-PO-000733,135,Springbok Industrial Supplies (Pty) Ltd,2026-05-01,2026-07-18,2026-06-19,11,11,DELIVERED
GR-PO-000734,136,Copperton Engineering Supplies (Pty) Ltd,2025-01-01,2025-05-27,2025-04-19,7,7,DELIVERED
GR-PO-000735,136,Orange River Engineering Supplies (Pty) Ltd,2026-03-20,2026-08-13,2026-07-05,7,7,DELIVERED
GR-PO-000736,136,Postmasburg Valve & Fittings (Pty) Ltd,2026-01-06,2026-06-01,2026-05-30,5,5,DELIVERED
GR-PO-000737,136,Springbok Industrial Supplies (Pty) Ltd,2025-02-24,2025-07-20,2025-07-08,9,9,DELIVERED
GR-PO-000738,136,Springbok Industrial Supplies (Pty) Ltd,2025-06-05,2025-10-29,2025-11-06,10,10,DELIVERED
GR-PO-000739,137,Bushveld Pump Solutions (Pty) Ltd,2025-11-03,2026-01-31,2026-01-30,8,8,DELIVERED
GR-PO-000740,137,Drakensberg Spares & Components (Pty) Ltd,2026-02-08,2026-05-08,2026-04-23,11,11,DELIVERED
GR-PO-000741,137,Springbok Industrial Supplies (Pty) Ltd,2024-10-09,2025-01-06,2024-12-27,1,1,DELIVERED
GR-PO-000742,137,Vaal Mining Equipment Traders (Pty) Ltd,2026-05-30,2026-08-27,2026-08-11,18,18,DELIVERED
GR-PO-000743,137,Vaal Valve & Fittings (Pty) Ltd,2026-06-07,2026-09-04,2026-09-08,17,17,DELIVERED
GR-PO-000744,138,Lowveld Valve & Fittings (Pty) Ltd,2025-12-09,2026-04-21,2026-04-26,12,12,DELIVERED
GR-PO-000745,138,Springbok Valve & Fittings (Pty) Ltd,2025-11-30,2026-04-12,2026-04-22,7,7,DELIVERED
GR-PO-000746,138,Highveld Industrial Supplies (Pty) Ltd,2026-04-22,2026-09-02,2026-09-15,6,6,DELIVERED
GR-PO-000747,138,Aggeneys Pump Solutions (Pty) Ltd,2025-03-01,2025-07-12,2025-07-16,11,11,DELIVERED
GR-PO-000748,138,Waterberg Bearing & Drive Co (Pty) Ltd,2025-10-26,2026-03-08,2026-03-05,11,11,DELIVERED
GR-PO-000749,138,Escarpment Electromechanical Ltd (Pty) Ltd,2025-08-01,2025-12-12,2025-12-10,14,14,DELIVERED
GR-PO-000750,138,Postmasburg Valve & Fittings (Pty) Ltd,2024-12-13,2025-04-25,2025-05-09,18,18,DELIVERED
GR-PO-000751,139,Vaal Valve & Fittings (Pty) Ltd,2025-11-22,2026-02-19,2026-01-30,17,17,DELIVERED
GR-PO-000752,139,Bushveld Electromechanical Ltd (Pty) Ltd,2024-12-31,2025-03-30,2025-03-28,4,4,DELIVERED
GR-PO-000753,139,Upington Mining Equipment Traders (Pty) Ltd,2025-02-04,2025-05-04,2025-04-25,13,13,DELIVERED
GR-PO-000754,139,Escarpment Mining Equipment Traders (Pty) Ltd,2024-10-16,2025-01-13,2025-01-21,20,20,DELIVERED
GR-PO-000755,139,Lowveld Electromechanical Ltd (Pty) Ltd,2026-05-24,2026-08-21,2026-09-10,18,18,DELIVERED
GR-PO-000756,140,Aggeneys Pump Solutions (Pty) Ltd,2025-09-24,2026-02-09,2026-02-27,13,13,DELIVERED
GR-PO-000757,140,Lowveld Valve & Fittings (Pty) Ltd,2025-03-20,2025-08-05,2025-08-11,11,11,DELIVERED
GR-PO-000758,140,Orange River Industrial Distributors (Pty) Ltd,2026-06-22,2026-11-07,2026-11-06,4,4,DELIVERED
GR-PO-000759,140,Upington Valve & Fittings (Pty) Ltd,2026-07-08,2026-11-23,2026-12-08,12,12,DELIVERED
GR-PO-000760,141,Orange River Bearing & Drive Co (Pty) Ltd,2025-12-10,2026-03-15,2026-03-11,15,15,DELIVERED
GR-PO-000761,141,Kuruman Pump Solutions (Pty) Ltd,2025-12-02,2026-03-07,2026-03-15,14,14,DELIVERED
GR-PO-000762,141,Bushveld Electromechanical Ltd (Pty) Ltd,2026-03-04,2026-06-07,2026-05-29,19,19,DELIVERED
GR-PO-000763,141,Orange River Industrial Distributors (Pty) Ltd,2025-11-25,2026-02-28,2026-03-04,15,15,DELIVERED
GR-PO-000764,141,Springbok Seals & Sealing Systems (Pty) Ltd,2024-10-20,2025-01-23,2025-01-26,7,7,DELIVERED
GR-PO-000765,141,Bushveld Spares & Components (Pty) Ltd,2025-06-03,2025-09-06,2025-09-06,18,18,DELIVERED
GR-PO-000766,142,Namaqua Seals & Sealing Systems (Pty) Ltd,2025-10-27,2026-02-16,2026-02-18,13,13,DELIVERED
GR-PO-000767,142,Escarpment Electromechanical Ltd (Pty) Ltd,2026-07-01,2026-10-21,2026-11-03,10,10,DELIVERED
GR-PO-000768,142,Kuruman Industrial Supplies (Pty) Ltd,2025-03-17,2025-07-07,2025-07-07,7,7,DELIVERED
GR-PO-000769,142,Vaal Valve & Fittings (Pty) Ltd,2025-06-09,2025-09-29,2025-09-11,14,14,DELIVERED
GR-PO-000770,142,Orange River Electromechanical Ltd (Pty) Ltd,2025-04-26,2025-08-16,2025-08-11,4,4,DELIVERED
GR-PO-000771,142,Escarpment Electromechanical Ltd (Pty) Ltd,2026-03-10,2026-06-30,2026-06-26,19,19,DELIVERED
GR-PO-000772,142,Bushveld Spares & Components (Pty) Ltd,2025-07-12,2025-11-01,2025-10-29,8,8,DELIVERED
GR-PO-000773,143,Vaal Mining Equipment Traders (Pty) Ltd,2025-04-24,2025-09-04,2025-08-13,4,4,DELIVERED
GR-PO-000774,143,Escarpment Mining Equipment Traders (Pty) Ltd,2026-07-24,2026-12-04,2026-12-09,4,4,DELIVERED
GR-PO-000775,143,Highveld Industrial Supplies (Pty) Ltd,2026-07-17,2026-11-27,2026-12-01,20,20,DELIVERED
GR-PO-000776,143,Lowveld Valve & Fittings (Pty) Ltd,2026-07-05,2026-11-15,2026-11-23,15,15,DELIVERED
GR-PO-000777,144,Orange River Bearing & Drive Co (Pty) Ltd,2025-12-24,2026-05-07,2026-05-13,4,4,DELIVERED
GR-PO-000778,144,Highveld Industrial Supplies (Pty) Ltd,2025-01-28,2025-06-11,2025-07-25,3,3,DELIVERED
GR-PO-000779,144,Upington Valve & Fittings (Pty) Ltd,2025-09-20,2026-02-01,2026-02-06,7,7,DELIVERED
GR-PO-000780,144,Vaal Mining Equipment Traders (Pty) Ltd,2025-03-20,2025-08-01,2025-08-16,1,1,DELIVERED
GR-PO-000781,144,Bushveld Electromechanical Ltd (Pty) Ltd,2024-09-28,2025-02-09,2025-02-14,10,10,DELIVERED
GR-PO-000782,144,Waterberg Bearing & Drive Co (Pty) Ltd,2025-03-09,2025-07-21,2025-07-30,20,20,DELIVERED
GR-PO-000783,144,Orange River Industrial Supplies (Pty) Ltd,2026-05-07,2026-09-18,2026-09-14,4,4,DELIVERED
GR-PO-000784,145,Bushveld Spares & Components (Pty) Ltd,2025-04-09,2025-08-09,2025-08-02,9,9,DELIVERED
GR-PO-000785,145,Springbok Bearing & Drive Co (Pty) Ltd,2026-05-25,2026-09-24,2026-08-22,11,11,DELIVERED
GR-PO-000786,145,Kuruman Pump Solutions (Pty) Ltd,2025-12-12,2026-04-13,2026-04-03,14,14,DELIVERED
GR-PO-000787,145,Kalahari Bearing & Drive Co (Pty) Ltd,2025-03-07,2025-07-07,2025-07-12,13,13,DELIVERED
GR-PO-000788,145,Upington Mining Equipment Traders (Pty) Ltd,2026-07-10,2026-11-09,2026-10-23,3,3,DELIVERED
GR-PO-000789,145,Springbok Industrial Supplies (Pty) Ltd,2024-08-31,2024-12-31,2024-12-30,1,1,DELIVERED
GR-PO-000790,145,Upington Mining Equipment Traders (Pty) Ltd,2025-08-16,2025-12-16,2025-11-26,13,13,DELIVERED
GR-PO-000791,145,Lowveld Valve & Fittings (Pty) Ltd,2025-02-22,2025-06-24,2025-07-08,13,13,DELIVERED
GR-PO-000792,146,Escarpment Mining Equipment Traders (Pty) Ltd,2025-01-18,2025-03-21,2025-04-04,12,12,DELIVERED
GR-PO-000793,146,Karoo Industrial Distributors (Pty) Ltd,2026-02-10,2026-04-13,2026-04-04,10,10,DELIVERED
GR-PO-000794,146,Escarpment Seals & Sealing Systems (Pty) Ltd,2025-05-27,2025-07-28,2025-08-10,10,10,DELIVERED
GR-PO-000795,146,Springbok Bearing & Drive Co (Pty) Ltd,2024-09-06,2024-11-07,2024-11-12,2,2,DELIVERED
GR-PO-000796,146,Springbok Valve & Fittings (Pty) Ltd,2025-05-08,2025-07-09,2025-07-08,19,19,DELIVERED
GR-PO-000797,147,Lowveld Mining Equipment Traders (Pty) Ltd,2024-12-22,2025-05-13,2025-06-05,2,2,DELIVERED
GR-PO-000798,147,Kuruman Industrial Supplies (Pty) Ltd,2026-04-03,2026-08-23,2026-09-05,6,6,DELIVERED
GR-PO-000799,147,Namaqua Seals & Sealing Systems (Pty) Ltd,2024-12-28,2025-05-19,2025-04-09,17,17,DELIVERED
GR-PO-000800,147,Northern Cape Engineering Supplies (Pty) Ltd,2024-09-21,2025-02-10,2025-03-06,11,11,DELIVERED
GR-PO-000801,147,Escarpment Electromechanical Ltd (Pty) Ltd,2025-11-05,2026-03-27,2026-03-12,8,8,DELIVERED
GR-PO-000802,148,Springbok Bearing & Drive Co (Pty) Ltd,2025-04-20,2025-06-14,2025-06-06,12,12,DELIVERED
GR-PO-000803,148,Kalahari Bearing & Drive Co (Pty) Ltd,2024-09-29,2024-11-23,2024-12-09,15,15,DELIVERED
GR-PO-000804,148,Upington Mining Equipment Traders (Pty) Ltd,2024-10-25,2024-12-19,2024-12-15,19,19,DELIVERED
GR-PO-000805,148,Highveld Mining Equipment Traders (Pty) Ltd,2026-02-02,2026-03-29,2026-03-22,13,13,DELIVERED
GR-PO-000806,148,Lowveld Valve & Fittings (Pty) Ltd,2025-08-03,2025-09-27,2025-09-17,11,11,DELIVERED
GR-PO-000807,149,Lowveld Valve & Fittings (Pty) Ltd,2026-01-12,2026-04-06,2026-04-11,18,18,DELIVERED
GR-PO-000808,149,Kuruman Industrial Supplies (Pty) Ltd,2024-11-27,2025-02-19,2025-02-12,20,20,DELIVERED
GR-PO-000809,149,Springbok Seals & Sealing Systems (Pty) Ltd,2025-06-20,2025-09-12,2025-09-29,19,19,DELIVERED
GR-PO-000810,149,Springbok Bearing & Drive Co (Pty) Ltd,2024-12-16,2025-03-10,2025-03-09,1,1,DELIVERED
GR-PO-000811,149,Northern Cape Engineering Supplies (Pty) Ltd,2026-06-15,2026-09-07,2026-10-03,13,13,DELIVERED
GR-PO-000812,149,Escarpment Mining Equipment Traders (Pty) Ltd,2025-12-23,2026-03-17,2026-04-05,17,17,DELIVERED
GR-PO-000813,149,Orange River Electromechanical Ltd (Pty) Ltd,2025-05-07,2025-07-30,2025-08-29,6,6,DELIVERED
GR-PO-000814,149,Bushveld Engineering Supplies (Pty) Ltd,2024-10-20,2025-01-12,2025-01-21,3,3,DELIVERED
GR-PO-000815,150,Bushveld Electromechanical Ltd (Pty) Ltd,2025-12-18,2026-03-20,2026-03-31,2,2,DELIVERED
GR-PO-000816,150,Kalahari Bearing & Drive Co (Pty) Ltd,2026-04-19,2026-07-20,2026-07-28,11,11,DELIVERED
GR-PO-000817,150,Bushveld Spares & Components (Pty) Ltd,2025-11-20,2026-02-20,2026-01-31,14,14,DELIVERED
GR-PO-000818,150,Lowveld Electromechanical Ltd (Pty) Ltd,2026-05-11,2026-08-11,2026-07-24,4,4,DELIVERED
GR-PO-000819,151,Northern Cape Engineering Supplies (Pty) Ltd,2026-01-06,2026-04-14,2026-04-25,9,9,DELIVERED
GR-PO-000820,151,Postmasburg Valve & Fittings (Pty) Ltd,2024-11-19,2025-02-25,2025-03-05,18,18,DELIVERED
GR-PO-000821,151,Orange River Engineering Supplies (Pty) Ltd,2026-04-16,2026-07-23,2026-07-27,7,7,DELIVERED
GR-PO-000822,151,Orange River Industrial Supplies (Pty) Ltd,2026-02-27,2026-06-05,2026-05-25,14,14,DELIVERED
GR-PO-000823,151,Copperton Engineering Supplies (Pty) Ltd,2026-06-16,2026-09-22,2026-09-24,19,19,DELIVERED
GR-PO-000824,151,Bushveld Pump Solutions (Pty) Ltd,2025-07-09,2025-10-15,2025-09-25,15,15,DELIVERED
GR-PO-000825,151,Kalahari Bearing & Drive Co (Pty) Ltd,2025-05-06,2025-08-12,2025-08-03,2,2,DELIVERED
GR-PO-000826,152,Northern Cape Engineering Supplies (Pty) Ltd,2025-09-23,2025-12-27,2025-12-11,15,15,DELIVERED
GR-PO-000827,152,Kuruman Pump Solutions (Pty) Ltd,2024-11-13,2025-02-16,2025-02-05,15,15,DELIVERED
GR-PO-000828,152,Lowveld Mining Equipment Traders (Pty) Ltd,2026-03-04,2026-06-07,2026-06-08,12,12,DELIVERED
GR-PO-000829,152,Escarpment Mining Equipment Traders (Pty) Ltd,2025-09-17,2025-12-21,2025-12-24,19,19,DELIVERED
GR-PO-000830,152,Lowveld Mining Equipment Traders (Pty) Ltd,2026-01-23,2026-04-28,2026-04-28,17,17,DELIVERED
GR-PO-000831,152,Kimberley Pump Solutions (Pty) Ltd,2025-04-16,2025-07-20,2025-07-08,14,14,DELIVERED
GR-PO-000832,152,Orange River Electromechanical Ltd (Pty) Ltd,2025-10-24,2026-01-27,2026-02-05,3,3,DELIVERED
GR-PO-000833,152,Upington Valve & Fittings (Pty) Ltd,2024-12-14,2025-03-19,2025-04-13,20,20,DELIVERED
GR-PO-000834,153,Escarpment Electromechanical Ltd (Pty) Ltd,2025-05-19,2025-09-29,2025-10-17,2,2,DELIVERED
GR-PO-000835,153,Lowveld Valve & Fittings (Pty) Ltd,2024-09-24,2025-02-04,2025-02-09,1,1,DELIVERED
GR-PO-000836,153,Springbok Seals & Sealing Systems (Pty) Ltd,2025-01-27,2025-06-09,2025-06-02,6,6,DELIVERED
GR-PO-000837,153,Kuruman Pump Solutions (Pty) Ltd,2025-04-18,2025-08-29,2025-08-29,9,9,DELIVERED
GR-PO-000838,153,Northern Cape Engineering Supplies (Pty) Ltd,2025-07-03,2025-11-13,2025-11-16,4,4,DELIVERED
GR-PO-000839,154,Kuruman Industrial Supplies (Pty) Ltd,2025-10-19,2026-03-06,2026-02-26,1,1,DELIVERED
GR-PO-000840,154,Kimberley Pump Solutions (Pty) Ltd,2026-07-07,2026-11-22,2026-12-12,10,10,DELIVERED
GR-PO-000841,154,Orange River Engineering Supplies (Pty) Ltd,2025-08-10,2025-12-26,2025-12-12,20,20,DELIVERED
GR-PO-000842,154,Upington Valve & Fittings (Pty) Ltd,2025-06-25,2025-11-10,2025-10-22,4,4,DELIVERED
GR-PO-000843,155,Upington Valve & Fittings (Pty) Ltd,2024-09-26,2025-02-18,2025-03-09,10,10,DELIVERED
GR-PO-000844,155,Lowveld Valve & Fittings (Pty) Ltd,2026-02-12,2026-07-07,2026-07-24,20,20,DELIVERED
GR-PO-000845,155,Namaqua Seals & Sealing Systems (Pty) Ltd,2026-06-14,2026-11-06,2026-10-02,18,18,DELIVERED
GR-PO-000846,155,Orange River Industrial Supplies (Pty) Ltd,2025-07-06,2025-11-28,2025-12-31,4,4,DELIVERED
GR-PO-000847,155,Highveld Industrial Supplies (Pty) Ltd,2025-05-16,2025-10-08,2025-10-25,10,10,DELIVERED
GR-PO-000848,155,Waterberg Bearing & Drive Co (Pty) Ltd,2024-12-18,2025-05-12,2025-04-27,16,16,DELIVERED
GR-PO-000849,156,Namaqua Seals & Sealing Systems (Pty) Ltd,2026-05-27,2026-10-16,2026-11-09,5,5,DELIVERED
GR-PO-000850,156,Vaal Valve & Fittings (Pty) Ltd,2026-07-03,2026-11-22,2026-11-25,1,1,DELIVERED
GR-PO-000851,156,Lowveld Mining Equipment Traders (Pty) Ltd,2026-02-12,2026-07-04,2026-06-05,15,15,DELIVERED
GR-PO-000852,156,Bushveld Electromechanical Ltd (Pty) Ltd,2026-05-04,2026-09-23,2026-11-05,10,10,DELIVERED
GR-PO-000853,156,Kuruman Pump Solutions (Pty) Ltd,2025-09-28,2026-02-17,2026-01-26,16,16,DELIVERED
GR-PO-000854,156,Orange River Bearing & Drive Co (Pty) Ltd,2025-10-22,2026-03-13,2026-03-23,2,2,DELIVERED
GR-PO-000855,156,Orange River Industrial Distributors (Pty) Ltd,2026-03-09,2026-07-29,2026-07-07,20,20,DELIVERED
GR-PO-000856,157,Lowveld Valve & Fittings (Pty) Ltd,2026-01-15,2026-05-13,2026-05-20,11,11,DELIVERED
GR-PO-000857,157,Springbok Industrial Supplies (Pty) Ltd,2025-11-01,2026-02-27,2026-03-06,7,7,DELIVERED
GR-PO-000858,157,Escarpment Seals & Sealing Systems (Pty) Ltd,2025-03-27,2025-07-23,2025-07-17,3,3,DELIVERED
GR-PO-000859,157,Orange River Bearing & Drive Co (Pty) Ltd,2026-03-31,2026-07-27,2026-08-04,16,16,DELIVERED
GR-PO-000860,157,Orange River Industrial Supplies (Pty) Ltd,2025-09-14,2026-01-10,2026-01-07,13,13,DELIVERED
GR-PO-000861,157,Escarpment Valve & Fittings (Pty) Ltd,2024-09-24,2025-01-20,2024-12-25,1,1,DELIVERED
GR-PO-000862,157,Highveld Industrial Supplies (Pty) Ltd,2025-01-25,2025-05-23,2025-06-11,15,15,DELIVERED
GR-PO-000863,157,Lowveld Mining Equipment Traders (Pty) Ltd,2025-08-10,2025-12-06,2025-11-15,4,4,DELIVERED
GR-PO-000864,158,Highveld Industrial Supplies (Pty) Ltd,2025-07-11,2025-09-18,2025-09-01,17,17,DELIVERED
GR-PO-000865,158,Vaal Valve & Fittings (Pty) Ltd,2026-06-20,2026-08-28,2026-09-07,4,4,DELIVERED
GR-PO-000866,158,Springbok Bearing & Drive Co (Pty) Ltd,2024-09-01,2024-11-09,2024-10-28,2,2,DELIVERED
GR-PO-000867,158,Karoo Industrial Distributors (Pty) Ltd,2025-06-18,2025-08-26,2025-08-21,10,10,DELIVERED
GR-PO-000868,158,Kimberley Pump Solutions (Pty) Ltd,2026-02-08,2026-04-18,2026-04-26,16,16,DELIVERED
GR-PO-000869,158,Karoo Industrial Distributors (Pty) Ltd,2024-09-27,2024-12-05,2024-12-06,6,6,DELIVERED
GR-PO-000870,158,Springbok Valve & Fittings (Pty) Ltd,2026-04-08,2026-06-16,2026-06-22,16,16,DELIVERED
GR-PO-000871,159,Northern Cape Industrial Distributors (Pty) Ltd,2026-01-01,2026-03-11,2026-03-10,12,12,DELIVERED
GR-PO-000872,159,Drakensberg Spares & Components (Pty) Ltd,2024-10-23,2024-12-31,2025-01-12,17,17,DELIVERED
GR-PO-000873,159,Kuruman Spares & Components (Pty) Ltd,2026-02-22,2026-05-02,2026-05-10,20,20,DELIVERED
GR-PO-000874,159,Escarpment Seals & Sealing Systems (Pty) Ltd,2025-05-18,2025-07-26,2025-08-02,11,11,DELIVERED
GR-PO-000875,159,Orange River Industrial Distributors (Pty) Ltd,2025-09-24,2025-12-02,2025-12-03,9,9,DELIVERED
GR-PO-000876,160,Bushveld Pump Solutions (Pty) Ltd,2026-02-25,2026-04-25,2026-04-27,10,10,DELIVERED
GR-PO-000877,160,Kuruman Pump Solutions (Pty) Ltd,2025-07-10,2025-09-07,2025-09-18,13,13,DELIVERED
GR-PO-000878,160,Lowveld Electromechanical Ltd (Pty) Ltd,2025-01-10,2025-03-10,2025-03-04,7,7,DELIVERED
GR-PO-000879,160,Bushveld Engineering Supplies (Pty) Ltd,2024-09-20,2024-11-18,2024-11-19,7,7,DELIVERED
GR-PO-000880,160,Bushveld Electromechanical Ltd (Pty) Ltd,2026-05-16,2026-07-14,2026-07-07,19,19,DELIVERED
GR-PO-000881,161,Escarpment Electromechanical Ltd (Pty) Ltd,2026-07-08,2026-11-06,2026-11-16,2,2,DELIVERED
GR-PO-000882,161,Upington Valve & Fittings (Pty) Ltd,2024-10-20,2025-02-18,2025-03-20,19,19,DELIVERED
GR-PO-000883,161,Springbok Industrial Supplies (Pty) Ltd,2025-08-23,2025-12-22,2026-01-08,12,12,DELIVERED
GR-PO-000884,161,Bushveld Pump Solutions (Pty) Ltd,2026-05-05,2026-09-03,2026-08-14,16,16,DELIVERED
GR-PO-000885,161,Kuruman Spares & Components (Pty) Ltd,2025-04-03,2025-08-02,2025-07-22,8,8,DELIVERED
GR-PO-000886,161,Lowveld Mining Equipment Traders (Pty) Ltd,2024-12-21,2025-04-21,2025-04-28,5,5,DELIVERED
GR-PO-000887,161,Springbok Industrial Supplies (Pty) Ltd,2025-05-30,2025-09-28,2025-10-18,4,4,DELIVERED
GR-PO-000888,161,Springbok Seals & Sealing Systems (Pty) Ltd,2024-10-29,2025-02-27,2025-02-24,4,4,DELIVERED
GR-PO-000889,162,Kuruman Spares & Components (Pty) Ltd,2024-09-17,2024-12-30,2025-01-13,16,16,DELIVERED
GR-PO-000890,162,Kuruman Industrial Supplies (Pty) Ltd,2025-11-27,2026-03-11,2026-03-01,11,11,DELIVERED
GR-PO-000891,162,Karoo Industrial Distributors (Pty) Ltd,2025-12-11,2026-03-25,2026-04-09,6,6,DELIVERED
GR-PO-000892,162,Northern Cape Engineering Supplies (Pty) Ltd,2026-03-17,2026-06-29,2026-06-26,1,1,DELIVERED
GR-PO-000893,162,Springbok Industrial Supplies (Pty) Ltd,2026-01-25,2026-05-09,2026-05-09,16,16,DELIVERED
GR-PO-000894,162,Drakensberg Spares & Components (Pty) Ltd,2026-03-21,2026-07-03,2026-06-17,13,13,DELIVERED
GR-PO-000895,164,Lowveld Electromechanical Ltd (Pty) Ltd,2026-04-22,2026-08-22,2026-08-13,7,7,DELIVERED
GR-PO-000896,164,Escarpment Electromechanical Ltd (Pty) Ltd,2025-10-04,2026-02-03,2026-02-03,15,15,DELIVERED
GR-PO-000897,164,Orange River Electromechanical Ltd (Pty) Ltd,2026-07-20,2026-11-19,2026-12-20,2,2,DELIVERED
GR-PO-000898,164,Escarpment Valve & Fittings (Pty) Ltd,2026-01-20,2026-05-22,2026-05-23,20,20,DELIVERED
GR-PO-000899,164,Bushveld Spares & Components (Pty) Ltd,2026-03-02,2026-07-02,2026-07-15,8,8,DELIVERED
GR-PO-000900,164,Orange River Industrial Distributors (Pty) Ltd,2025-08-04,2025-12-04,2025-12-03,12,12,DELIVERED
GR-PO-000901,164,Kimberley Pump Solutions (Pty) Ltd,2024-11-03,2025-03-05,2025-02-16,19,19,DELIVERED
GR-PO-000902,165,Orange River Industrial Distributors (Pty) Ltd,2025-07-09,2025-10-07,2025-09-17,12,12,DELIVERED
GR-PO-000903,165,Lowveld Electromechanical Ltd (Pty) Ltd,2025-02-16,2025-05-17,2025-05-16,1,1,DELIVERED
GR-PO-000904,165,Kalahari Bearing & Drive Co (Pty) Ltd,2026-06-12,2026-09-10,2026-09-01,8,8,DELIVERED
GR-PO-000905,165,Highveld Industrial Supplies (Pty) Ltd,2025-05-20,2025-08-18,2025-08-16,17,17,DELIVERED
GR-PO-000906,165,Springbok Valve & Fittings (Pty) Ltd,2025-03-09,2025-06-07,2025-06-12,5,5,DELIVERED
GR-PO-000907,165,Namaqua Seals & Sealing Systems (Pty) Ltd,2025-08-23,2025-11-21,2025-12-07,6,6,DELIVERED
GR-PO-000908,166,Vaal Valve & Fittings (Pty) Ltd,2026-06-14,2026-10-26,2026-10-04,8,8,DELIVERED
GR-PO-000909,166,Namaqua Seals & Sealing Systems (Pty) Ltd,2025-08-19,2025-12-31,2026-01-18,14,14,DELIVERED
GR-PO-000910,166,Karoo Industrial Distributors (Pty) Ltd,2024-12-11,2025-04-24,2025-05-07,4,4,DELIVERED
GR-PO-000911,166,Kuruman Industrial Supplies (Pty) Ltd,2026-01-14,2026-05-28,2026-06-04,11,11,DELIVERED
GR-PO-000912,166,Upington Valve & Fittings (Pty) Ltd,2025-07-21,2025-12-02,2025-10-17,11,11,DELIVERED
GR-PO-000913,166,Northern Cape Industrial Distributors (Pty) Ltd,2024-09-25,2025-02-06,2024-12-28,9,9,DELIVERED
GR-PO-000914,168,Orange River Industrial Distributors (Pty) Ltd,2025-05-01,2025-07-18,2025-07-18,15,15,DELIVERED
GR-PO-000915,168,Springbok Bearing & Drive Co (Pty) Ltd,2025-06-30,2025-09-16,2025-09-29,9,9,DELIVERED
GR-PO-000916,168,Postmasburg Valve & Fittings (Pty) Ltd,2024-09-27,2024-12-14,2024-12-07,9,9,DELIVERED
GR-PO-000917,168,Bushveld Electromechanical Ltd (Pty) Ltd,2025-02-03,2025-04-22,2025-04-04,19,19,DELIVERED
GR-PO-000918,168,Highveld Industrial Supplies (Pty) Ltd,2024-12-01,2025-02-17,2025-02-02,14,14,DELIVERED
GR-PO-000919,170,Springbok Industrial Supplies (Pty) Ltd,2026-03-24,2026-07-14,2026-07-01,10,10,DELIVERED
GR-PO-000920,170,Northern Cape Engineering Supplies (Pty) Ltd,2026-07-10,2026-10-30,2026-11-16,15,15,DELIVERED
GR-PO-000921,170,Bushveld Engineering Supplies (Pty) Ltd,2025-05-14,2025-09-03,2025-09-13,14,14,DELIVERED
GR-PO-000922,170,Kuruman Industrial Supplies (Pty) Ltd,2024-09-19,2025-01-09,2025-01-16,19,19,DELIVERED
GR-PO-000923,171,Drakensberg Spares & Components (Pty) Ltd,2025-03-14,2025-08-06,2025-07-31,1,1,DELIVERED
GR-PO-000924,171,Upington Mining Equipment Traders (Pty) Ltd,2026-07-08,2026-11-30,2026-11-22,2,2,DELIVERED
GR-PO-000925,171,Lowveld Mining Equipment Traders (Pty) Ltd,2026-04-21,2026-09-13,2026-09-13,10,10,DELIVERED
GR-PO-000926,171,Karoo Industrial Distributors (Pty) Ltd,2026-05-28,2026-10-20,2026-10-18,6,6,DELIVERED
GR-PO-000927,172,Vaal Valve & Fittings (Pty) Ltd,2025-08-22,2025-11-05,2025-11-01,4,4,DELIVERED
GR-PO-000928,172,Namaqua Seals & Sealing Systems (Pty) Ltd,2025-12-22,2026-03-07,2026-03-02,12,12,DELIVERED
GR-PO-000929,172,Orange River Bearing & Drive Co (Pty) Ltd,2025-09-01,2025-11-15,2025-11-02,14,14,DELIVERED
GR-PO-000930,172,Copperton Engineering Supplies (Pty) Ltd,2026-02-21,2026-05-07,2026-05-03,1,1,DELIVERED
GR-PO-000931,172,Springbok Valve & Fittings (Pty) Ltd,2025-06-06,2025-08-20,2025-08-29,19,19,DELIVERED
GR-PO-000932,173,Orange River Industrial Distributors (Pty) Ltd,2025-02-18,2025-05-26,2025-05-26,20,20,DELIVERED
GR-PO-000933,173,Aggeneys Pump Solutions (Pty) Ltd,2025-11-03,2026-02-08,2026-02-11,12,12,DELIVERED
GR-PO-000934,173,Northern Cape Engineering Supplies (Pty) Ltd,2024-08-26,2024-12-01,2024-11-28,7,7,DELIVERED
GR-PO-000935,173,Orange River Engineering Supplies (Pty) Ltd,2026-03-02,2026-06-07,2026-05-05,12,12,DELIVERED
GR-PO-000936,174,Postmasburg Valve & Fittings (Pty) Ltd,2024-10-07,2024-12-26,2024-12-06,3,3,DELIVERED
GR-PO-000937,174,Karoo Industrial Distributors (Pty) Ltd,2026-06-02,2026-08-21,2026-07-28,8,8,DELIVERED
GR-PO-000938,174,Northern Cape Industrial Distributors (Pty) Ltd,2025-04-14,2025-07-03,2025-07-06,20,20,DELIVERED
GR-PO-000939,174,Escarpment Electromechanical Ltd (Pty) Ltd,2025-06-02,2025-08-21,2025-08-17,9,9,DELIVERED
GR-PO-000940,174,Escarpment Electromechanical Ltd (Pty) Ltd,2026-01-19,2026-04-09,2026-04-11,8,8,DELIVERED
GR-PO-000941,175,Orange River Industrial Distributors (Pty) Ltd,2026-06-01,2026-09-30,2026-09-07,14,14,DELIVERED
GR-PO-000942,175,Orange River Industrial Supplies (Pty) Ltd,2024-11-25,2025-03-26,2025-04-28,10,10,DELIVERED
GR-PO-000943,175,Highveld Mining Equipment Traders (Pty) Ltd,2025-07-04,2025-11-02,2025-11-17,11,11,DELIVERED
GR-PO-000944,175,Escarpment Mining Equipment Traders (Pty) Ltd,2025-03-02,2025-07-01,2025-07-06,4,4,DELIVERED
GR-PO-000945,175,Escarpment Mining Equipment Traders (Pty) Ltd,2025-11-12,2026-03-13,2026-03-19,7,7,DELIVERED
GR-PO-000946,175,Springbok Industrial Supplies (Pty) Ltd,2025-06-09,2025-10-08,2025-10-20,4,4,DELIVERED
GR-PO-000947,175,Vaal Valve & Fittings (Pty) Ltd,2025-09-24,2026-01-23,2026-02-12,17,17,DELIVERED
GR-PO-000948,176,Springbok Industrial Supplies (Pty) Ltd,2025-03-04,2025-06-17,2025-05-17,6,6,DELIVERED
GR-PO-000949,176,Upington Mining Equipment Traders (Pty) Ltd,2025-03-04,2025-06-17,2025-06-14,3,3,DELIVERED
GR-PO-000950,176,Vaal Mining Equipment Traders (Pty) Ltd,2024-09-28,2025-01-11,2024-12-23,10,10,DELIVERED
GR-PO-000951,176,Escarpment Seals & Sealing Systems (Pty) Ltd,2025-04-12,2025-07-26,2025-07-21,2,2,DELIVERED
GR-PO-000952,176,Vaal Valve & Fittings (Pty) Ltd,2025-11-18,2026-03-03,2026-02-22,9,9,DELIVERED
GR-PO-000953,176,Drakensberg Spares & Components (Pty) Ltd,2025-09-23,2026-01-06,2026-01-02,5,5,DELIVERED
GR-PO-000954,176,Lowveld Electromechanical Ltd (Pty) Ltd,2026-01-09,2026-04-24,2026-06-02,8,8,DELIVERED
GR-PO-000955,176,Waterberg Bearing & Drive Co (Pty) Ltd,2026-05-16,2026-08-29,2026-09-03,17,17,DELIVERED
GR-PO-000956,177,Escarpment Mining Equipment Traders (Pty) Ltd,2025-06-07,2025-07-26,2025-08-08,12,12,DELIVERED
GR-PO-000957,177,Kimberley Pump Solutions (Pty) Ltd,2025-06-23,2025-08-11,2025-08-09,8,8,DELIVERED
GR-PO-000958,177,Upington Valve & Fittings (Pty) Ltd,2025-07-26,2025-09-13,2025-09-28,1,1,DELIVERED
GR-PO-000959,177,Highveld Mining Equipment Traders (Pty) Ltd,2026-04-22,2026-06-10,2026-06-23,11,11,DELIVERED
GR-PO-000960,177,Kuruman Pump Solutions (Pty) Ltd,2025-07-11,2025-08-29,2025-08-24,20,20,DELIVERED
GR-PO-000961,177,Bushveld Engineering Supplies (Pty) Ltd,2026-05-21,2026-07-09,2026-07-20,5,5,DELIVERED
GR-PO-000962,178,Springbok Bearing & Drive Co (Pty) Ltd,2024-08-28,2024-10-18,2024-10-15,19,19,DELIVERED
GR-PO-000963,178,Orange River Industrial Supplies (Pty) Ltd,2025-04-13,2025-06-03,2025-06-02,6,6,DELIVERED
GR-PO-000964,178,Lowveld Electromechanical Ltd (Pty) Ltd,2025-07-20,2025-09-09,2025-08-30,19,19,DELIVERED
GR-PO-000965,178,Springbok Valve & Fittings (Pty) Ltd,2025-12-18,2026-02-07,2026-02-05,16,16,DELIVERED
GR-PO-000966,179,Postmasburg Valve & Fittings (Pty) Ltd,2026-05-11,2026-09-07,2026-09-15,12,12,DELIVERED
GR-PO-000967,179,Namaqua Seals & Sealing Systems (Pty) Ltd,2026-06-27,2026-10-24,2026-11-22,3,3,DELIVERED
GR-PO-000968,179,Northern Cape Engineering Supplies (Pty) Ltd,2025-10-26,2026-02-22,2026-02-25,10,10,DELIVERED
GR-PO-000969,179,Postmasburg Valve & Fittings (Pty) Ltd,2026-05-18,2026-09-14,2026-09-24,9,9,DELIVERED
GR-PO-000970,179,Vaal Valve & Fittings (Pty) Ltd,2025-08-03,2025-11-30,2025-11-05,6,6,DELIVERED
GR-PO-000971,179,Kimberley Pump Solutions (Pty) Ltd,2026-07-10,2026-11-06,2026-10-28,16,16,DELIVERED
GR-PO-000972,179,Lowveld Mining Equipment Traders (Pty) Ltd,2026-02-15,2026-06-14,2026-05-22,1,1,DELIVERED
GR-PO-000973,180,Vaal Valve & Fittings (Pty) Ltd,2025-11-03,2026-02-22,2026-03-19,4,4,DELIVERED
GR-PO-000974,180,Kuruman Pump Solutions (Pty) Ltd,2024-11-08,2025-02-27,2025-02-20,9,9,DELIVERED
GR-PO-000975,180,Kimberley Pump Solutions (Pty) Ltd,2026-05-12,2026-08-31,2026-08-25,15,15,DELIVERED
GR-PO-000976,180,Namaqua Seals & Sealing Systems (Pty) Ltd,2026-03-04,2026-06-23,2026-06-17,13,13,DELIVERED
GR-PO-000977,180,Upington Mining Equipment Traders (Pty) Ltd,2025-12-30,2026-04-20,2026-04-16,7,7,DELIVERED
GR-PO-000978,180,Orange River Engineering Supplies (Pty) Ltd,2025-09-18,2026-01-07,2026-01-26,1,1,DELIVERED
GR-PO-000979,180,Orange River Industrial Supplies (Pty) Ltd,2024-09-29,2025-01-18,2025-02-22,2,2,DELIVERED
GR-PO-000980,180,Copperton Engineering Supplies (Pty) Ltd,2025-09-25,2026-01-14,2026-01-20,7,7,DELIVERED
GR-PO-000981,181,Orange River Engineering Supplies (Pty) Ltd,2026-02-20,2026-05-15,2026-05-04,10,10,DELIVERED
GR-PO-000982,181,Upington Valve & Fittings (Pty) Ltd,2026-06-08,2026-08-31,2026-09-17,4,4,DELIVERED
GR-PO-000983,181,Orange River Engineering Supplies (Pty) Ltd,2025-07-18,2025-10-10,2025-10-13,15,15,DELIVERED
GR-PO-000984,181,Postmasburg Valve & Fittings (Pty) Ltd,2025-03-08,2025-05-31,2025-06-05,16,16,DELIVERED
GR-PO-000985,181,Orange River Engineering Supplies (Pty) Ltd,2025-05-24,2025-08-16,2025-09-02,18,18,DELIVERED
GR-PO-000986,181,Springbok Valve & Fittings (Pty) Ltd,2026-05-06,2026-07-29,2026-07-31,14,14,DELIVERED
GR-PO-000987,182,Lowveld Valve & Fittings (Pty) Ltd,2025-07-09,2025-11-19,2025-11-30,13,13,DELIVERED
GR-PO-000988,182,Highveld Mining Equipment Traders (Pty) Ltd,2025-09-30,2026-02-10,2026-01-22,18,18,DELIVERED
GR-PO-000989,182,Kalahari Bearing & Drive Co (Pty) Ltd,2025-05-14,2025-09-24,2025-10-29,5,5,DELIVERED
GR-PO-000990,182,Springbok Industrial Supplies (Pty) Ltd,2024-12-12,2025-04-24,2025-04-05,3,3,DELIVERED
GR-PO-000991,182,Springbok Seals & Sealing Systems (Pty) Ltd,2025-05-10,2025-09-20,2025-08-12,16,16,DELIVERED
GR-PO-000992,182,Kuruman Spares & Components (Pty) Ltd,2026-07-10,2026-11-20,2026-12-08,16,16,DELIVERED
GR-PO-000993,183,Escarpment Seals & Sealing Systems (Pty) Ltd,2025-05-05,2025-09-20,2025-08-28,20,20,DELIVERED
GR-PO-000994,183,Kalahari Bearing & Drive Co (Pty) Ltd,2026-01-08,2026-05-26,2026-05-09,7,7,DELIVERED
GR-PO-000995,183,Escarpment Valve & Fittings (Pty) Ltd,2026-07-01,2026-11-16,2026-10-08,10,10,DELIVERED
GR-PO-000996,183,Highveld Mining Equipment Traders (Pty) Ltd,2025-05-16,2025-10-01,2025-09-13,12,12,DELIVERED
GR-PO-000997,183,Lowveld Electromechanical Ltd (Pty) Ltd,2024-11-16,2025-04-03,2025-03-30,5,5,DELIVERED
GR-PO-000998,184,Lowveld Valve & Fittings (Pty) Ltd,2025-02-25,2025-05-02,2025-05-06,4,4,DELIVERED
GR-PO-000999,184,Springbok Bearing & Drive Co (Pty) Ltd,2026-06-15,2026-08-20,2026-08-29,16,16,DELIVERED
GR-PO-001000,184,Karoo Industrial Distributors (Pty) Ltd,2026-05-07,2026-07-12,2026-07-16,10,10,DELIVERED
GR-PO-001001,184,Drakensberg Spares & Components (Pty) Ltd,2025-02-01,2025-04-08,2025-04-06,11,11,DELIVERED
GR-PO-001002,184,Bushveld Electromechanical Ltd (Pty) Ltd,2026-05-05,2026-07-10,2026-07-18,12,12,DELIVERED
GR-PO-001003,184,Bushveld Engineering Supplies (Pty) Ltd,2025-03-24,2025-05-29,2025-05-15,11,11,DELIVERED
GR-PO-001004,185,Highveld Industrial Supplies (Pty) Ltd,2025-03-23,2025-06-03,2025-05-30,5,5,DELIVERED
GR-PO-001005,185,Orange River Electromechanical Ltd (Pty) Ltd,2024-11-10,2025-01-21,2025-01-21,5,5,DELIVERED
GR-PO-001006,185,Springbok Valve & Fittings (Pty) Ltd,2025-12-21,2026-03-03,2026-02-24,12,12,DELIVERED
GR-PO-001007,185,Postmasburg Valve & Fittings (Pty) Ltd,2026-01-04,2026-03-17,2026-03-12,5,5,DELIVERED
GR-PO-001008,185,Orange River Industrial Supplies (Pty) Ltd,2026-05-08,2026-07-19,2026-07-16,4,4,DELIVERED
GR-PO-001009,185,Drakensberg Spares & Components (Pty) Ltd,2024-09-24,2024-12-05,2024-12-08,20,20,DELIVERED
GR-PO-001010,185,Bushveld Pump Solutions (Pty) Ltd,2024-09-10,2024-11-21,2024-11-26,9,9,DELIVERED
GR-PO-001011,186,Kuruman Industrial Supplies (Pty) Ltd,2026-03-13,2026-07-09,2026-06-23,11,11,DELIVERED
GR-PO-001012,186,Lowveld Electromechanical Ltd (Pty) Ltd,2025-01-12,2025-05-10,2025-04-30,14,14,DELIVERED
GR-PO-001013,186,Aggeneys Pump Solutions (Pty) Ltd,2025-12-12,2026-04-09,2026-03-31,11,11,DELIVERED
GR-PO-001014,186,Springbok Valve & Fittings (Pty) Ltd,2026-06-12,2026-10-08,2026-10-06,4,4,DELIVERED
GR-PO-001015,186,Northern Cape Industrial Distributors (Pty) Ltd,2024-10-20,2025-02-15,2025-02-26,20,20,DELIVERED
GR-PO-001016,187,Upington Valve & Fittings (Pty) Ltd,2026-04-22,2026-07-21,2026-07-18,3,3,DELIVERED
GR-PO-001017,187,Springbok Bearing & Drive Co (Pty) Ltd,2026-06-13,2026-09-11,2026-08-26,17,17,DELIVERED
GR-PO-001018,187,Waterberg Bearing & Drive Co (Pty) Ltd,2025-12-07,2026-03-07,2026-03-05,20,20,DELIVERED
GR-PO-001019,187,Escarpment Seals & Sealing Systems (Pty) Ltd,2024-11-29,2025-02-27,2025-04-08,15,15,DELIVERED
GR-PO-001020,187,Orange River Industrial Supplies (Pty) Ltd,2026-01-16,2026-04-16,2026-04-20,7,7,DELIVERED
GR-PO-001021,187,Escarpment Electromechanical Ltd (Pty) Ltd,2025-08-15,2025-11-13,2025-12-03,13,13,DELIVERED
GR-PO-001022,187,Kuruman Pump Solutions (Pty) Ltd,2025-04-19,2025-07-18,2025-07-09,14,14,DELIVERED
GR-PO-001023,188,Kuruman Industrial Supplies (Pty) Ltd,2026-01-09,2026-06-02,2026-05-24,6,6,DELIVERED
GR-PO-001024,188,Kuruman Spares & Components (Pty) Ltd,2024-09-28,2025-02-19,2025-02-11,13,13,DELIVERED
GR-PO-001025,188,Escarpment Mining Equipment Traders (Pty) Ltd,2024-09-04,2025-01-26,2025-01-05,18,18,DELIVERED
GR-PO-001026,188,Upington Mining Equipment Traders (Pty) Ltd,2026-05-18,2026-10-09,2026-10-14,9,9,DELIVERED
GR-PO-001027,188,Orange River Engineering Supplies (Pty) Ltd,2025-11-04,2026-03-28,2026-04-07,16,16,DELIVERED
GR-PO-001028,189,Bushveld Electromechanical Ltd (Pty) Ltd,2025-06-06,2025-10-29,2025-11-28,9,9,DELIVERED
GR-PO-001029,189,Highveld Mining Equipment Traders (Pty) Ltd,2025-09-15,2026-02-07,2026-02-04,19,19,DELIVERED
GR-PO-001030,189,Orange River Bearing & Drive Co (Pty) Ltd,2025-12-26,2026-05-20,2026-06-05,10,10,DELIVERED
GR-PO-001031,189,Escarpment Electromechanical Ltd (Pty) Ltd,2026-03-17,2026-08-09,2026-09-01,18,18,DELIVERED
GR-PO-001032,191,Highveld Mining Equipment Traders (Pty) Ltd,2025-10-31,2026-02-05,2026-02-06,14,14,DELIVERED
GR-PO-001033,191,Waterberg Bearing & Drive Co (Pty) Ltd,2025-05-19,2025-08-24,2025-09-01,7,7,DELIVERED
GR-PO-001034,191,Kuruman Spares & Components (Pty) Ltd,2024-09-29,2025-01-04,2024-12-02,6,6,DELIVERED
GR-PO-001035,191,Springbok Seals & Sealing Systems (Pty) Ltd,2025-05-05,2025-08-10,2025-08-12,7,7,DELIVERED
GR-PO-001036,191,Orange River Industrial Distributors (Pty) Ltd,2025-06-27,2025-10-02,2025-10-14,13,13,DELIVERED
GR-PO-001037,191,Kuruman Pump Solutions (Pty) Ltd,2026-06-15,2026-09-20,2026-09-15,9,9,DELIVERED
GR-PO-001038,192,Northern Cape Engineering Supplies (Pty) Ltd,2025-05-04,2025-08-03,2025-08-06,7,7,DELIVERED
GR-PO-001039,192,Kuruman Pump Solutions (Pty) Ltd,2025-06-05,2025-09-04,2025-09-06,4,4,DELIVERED
GR-PO-001040,192,Upington Valve & Fittings (Pty) Ltd,2025-07-14,2025-10-13,2025-10-16,15,15,DELIVERED
GR-PO-001041,192,Postmasburg Valve & Fittings (Pty) Ltd,2026-07-09,2026-10-08,2026-10-09,5,5,DELIVERED
GR-PO-001042,192,Vaal Valve & Fittings (Pty) Ltd,2024-12-07,2025-03-08,2025-03-08,6,6,DELIVERED
GR-PO-001043,193,Namaqua Seals & Sealing Systems (Pty) Ltd,2025-06-14,2025-11-03,2025-10-14,16,16,DELIVERED
GR-PO-001044,193,Springbok Valve & Fittings (Pty) Ltd,2026-01-14,2026-06-05,2026-07-12,12,12,DELIVERED
GR-PO-001045,193,Orange River Electromechanical Ltd (Pty) Ltd,2025-02-17,2025-07-09,2025-07-13,15,15,DELIVERED
GR-PO-001046,193,Springbok Bearing & Drive Co (Pty) Ltd,2026-02-21,2026-07-13,2026-08-06,12,12,DELIVERED
GR-PO-001047,193,Upington Mining Equipment Traders (Pty) Ltd,2025-03-04,2025-07-24,2025-07-18,5,5,DELIVERED
GR-PO-001048,193,Northern Cape Engineering Supplies (Pty) Ltd,2025-01-28,2025-06-19,2025-06-14,12,12,DELIVERED
GR-PO-001049,193,Kalahari Bearing & Drive Co (Pty) Ltd,2025-04-13,2025-09-02,2025-09-07,7,7,DELIVERED
GR-PO-001050,194,Orange River Bearing & Drive Co (Pty) Ltd,2026-01-13,2026-05-26,2026-05-25,17,17,DELIVERED
GR-PO-001051,194,Escarpment Mining Equipment Traders (Pty) Ltd,2025-08-14,2025-12-25,2025-11-30,10,10,DELIVERED
GR-PO-001052,194,Postmasburg Valve & Fittings (Pty) Ltd,2025-06-07,2025-10-18,2025-10-20,4,4,DELIVERED
GR-PO-001053,194,Escarpment Electromechanical Ltd (Pty) Ltd,2025-10-04,2026-02-14,2026-01-20,8,8,DELIVERED
GR-PO-001054,195,Postmasburg Valve & Fittings (Pty) Ltd,2025-05-15,2025-09-21,2025-10-05,10,10,DELIVERED
GR-PO-001055,195,Vaal Mining Equipment Traders (Pty) Ltd,2024-09-30,2025-02-06,2025-01-15,15,15,DELIVERED
GR-PO-001056,195,Lowveld Valve & Fittings (Pty) Ltd,2025-11-20,2026-03-29,2026-04-05,6,6,DELIVERED
GR-PO-001057,195,Lowveld Electromechanical Ltd (Pty) Ltd,2025-08-03,2025-12-10,2025-12-17,14,14,DELIVERED
GR-PO-001058,195,Kalahari Bearing & Drive Co (Pty) Ltd,2025-04-28,2025-09-04,2025-10-04,17,17,DELIVERED
GR-PO-001059,195,Kimberley Pump Solutions (Pty) Ltd,2025-10-12,2026-02-18,2026-02-11,2,2,DELIVERED
GR-PO-001060,196,Northern Cape Industrial Distributors (Pty) Ltd,2024-10-04,2024-12-18,2024-12-13,2,2,DELIVERED
GR-PO-001061,196,Vaal Mining Equipment Traders (Pty) Ltd,2025-02-13,2025-04-29,2025-05-14,10,10,DELIVERED
GR-PO-001062,196,Kimberley Pump Solutions (Pty) Ltd,2025-01-30,2025-04-15,2025-04-18,16,16,DELIVERED
GR-PO-001063,196,Escarpment Electromechanical Ltd (Pty) Ltd,2025-06-14,2025-08-28,2025-08-29,1,1,DELIVERED
GR-PO-001064,196,Bushveld Engineering Supplies (Pty) Ltd,2025-11-08,2026-01-22,2026-01-08,15,15,DELIVERED
GR-PO-001065,196,Highveld Mining Equipment Traders (Pty) Ltd,2026-01-15,2026-03-31,2026-04-11,13,13,DELIVERED
GR-PO-001066,196,Highveld Mining Equipment Traders (Pty) Ltd,2025-09-21,2025-12-05,2025-12-09,16,16,DELIVERED
GR-PO-001067,197,Lowveld Valve & Fittings (Pty) Ltd,2026-04-26,2026-06-27,2026-06-18,17,17,DELIVERED
GR-PO-001068,197,Aggeneys Pump Solutions (Pty) Ltd,2026-01-06,2026-03-09,2026-03-18,13,13,DELIVERED
GR-PO-001069,197,Upington Valve & Fittings (Pty) Ltd,2024-12-13,2025-02-13,2025-01-23,16,16,DELIVERED
GR-PO-001070,197,Upington Valve & Fittings (Pty) Ltd,2024-12-01,2025-02-01,2025-01-29,10,10,DELIVERED
GR-PO-001071,198,Bushveld Spares & Components (Pty) Ltd,2026-07-22,2026-11-03,2026-11-12,4,4,DELIVERED
GR-PO-001072,198,Postmasburg Valve & Fittings (Pty) Ltd,2026-03-24,2026-07-06,2026-08-06,11,11,DELIVERED
GR-PO-001073,198,Bushveld Spares & Components (Pty) Ltd,2026-01-17,2026-05-01,2026-05-22,6,6,DELIVERED
GR-PO-001074,198,Waterberg Bearing & Drive Co (Pty) Ltd,2025-03-26,2025-07-08,2025-07-09,8,8,DELIVERED
GR-PO-001075,198,Postmasburg Valve & Fittings (Pty) Ltd,2025-12-12,2026-03-26,2026-03-26,3,3,DELIVERED
GR-PO-001076,198,Orange River Industrial Supplies (Pty) Ltd,2025-01-02,2025-04-16,2025-05-10,18,18,DELIVERED
GR-PO-001077,199,Lowveld Electromechanical Ltd (Pty) Ltd,2025-10-07,2025-12-04,2025-12-14,15,15,DELIVERED
GR-PO-001078,199,Lowveld Electromechanical Ltd (Pty) Ltd,2026-07-08,2026-09-04,2026-09-07,6,6,DELIVERED
GR-PO-001079,199,Springbok Industrial Supplies (Pty) Ltd,2025-06-17,2025-08-14,2025-08-19,3,3,DELIVERED
GR-PO-001080,199,Kalahari Bearing & Drive Co (Pty) Ltd,2026-03-17,2026-05-14,2026-05-12,19,19,DELIVERED
GR-PO-001081,200,Orange River Industrial Supplies (Pty) Ltd,2026-04-04,2026-05-31,2026-05-25,1,1,DELIVERED
GR-PO-001082,200,Namaqua Seals & Sealing Systems (Pty) Ltd,2025-02-15,2025-04-13,2025-04-17,18,18,DELIVERED
GR-PO-001083,200,Bushveld Pump Solutions (Pty) Ltd,2025-07-15,2025-09-10,2025-09-15,11,11,DELIVERED
GR-PO-001084,200,Springbok Bearing & Drive Co (Pty) Ltd,2025-03-19,2025-05-15,2025-05-06,14,14,DELIVERED
GR-PO-001085,201,Orange River Engineering Supplies (Pty) Ltd,2026-01-09,2026-03-28,2026-04-20,3,3,DELIVERED
GR-PO-001086,201,Copperton Engineering Supplies (Pty) Ltd,2024-12-23,2025-03-11,2025-03-08,20,20,DELIVERED
GR-PO-001087,201,Springbok Valve & Fittings (Pty) Ltd,2025-05-08,2025-07-25,2025-07-17,2,2,DELIVERED
GR-PO-001088,201,Namaqua Seals & Sealing Systems (Pty) Ltd,2025-05-25,2025-08-11,2025-08-17,2,2,DELIVERED
GR-PO-001089,201,Orange River Industrial Supplies (Pty) Ltd,2025-12-06,2026-02-22,2026-02-20,13,13,DELIVERED
GR-PO-001090,201,Namaqua Seals & Sealing Systems (Pty) Ltd,2025-06-11,2025-08-28,2025-08-22,18,18,DELIVERED
GR-PO-001091,202,Escarpment Electromechanical Ltd (Pty) Ltd,2026-02-22,2026-04-23,2026-04-14,11,11,DELIVERED
GR-PO-001092,202,Springbok Bearing & Drive Co (Pty) Ltd,2025-06-30,2025-08-29,2025-09-12,12,12,DELIVERED
GR-PO-001093,202,Kuruman Industrial Supplies (Pty) Ltd,2025-07-30,2025-09-28,2025-09-29,17,17,DELIVERED
GR-PO-001094,202,Lowveld Electromechanical Ltd (Pty) Ltd,2024-09-30,2024-11-29,2024-11-21,1,1,DELIVERED
GR-PO-001095,202,Copperton Engineering Supplies (Pty) Ltd,2025-02-26,2025-04-27,2025-04-26,10,10,DELIVERED
GR-PO-001096,202,Orange River Industrial Distributors (Pty) Ltd,2024-10-09,2024-12-08,2024-12-15,10,10,DELIVERED
GR-PO-001097,203,Orange River Industrial Distributors (Pty) Ltd,2024-10-15,2025-02-23,2025-03-01,2,2,DELIVERED
GR-PO-001098,203,Waterberg Bearing & Drive Co (Pty) Ltd,2025-07-13,2025-11-21,2025-11-20,11,11,DELIVERED
GR-PO-001099,203,Copperton Engineering Supplies (Pty) Ltd,2024-10-28,2025-03-08,2025-02-20,5,5,DELIVERED
GR-PO-001100,203,Kuruman Pump Solutions (Pty) Ltd,2024-12-16,2025-04-26,2025-04-12,14,14,DELIVERED
GR-PO-001101,203,Kuruman Industrial Supplies (Pty) Ltd,2024-10-15,2025-02-23,2025-02-28,17,17,DELIVERED
GR-PO-001102,203,Bushveld Pump Solutions (Pty) Ltd,2024-12-09,2025-04-19,2025-04-09,6,6,DELIVERED
GR-PO-001103,203,Kimberley Pump Solutions (Pty) Ltd,2026-02-12,2026-06-23,2026-06-21,1,1,DELIVERED
GR-PO-001104,203,Bushveld Pump Solutions (Pty) Ltd,2024-10-28,2025-03-08,2025-04-03,1,1,DELIVERED
GR-PO-001105,204,Waterberg Bearing & Drive Co (Pty) Ltd,2024-09-10,2024-12-27,2024-12-20,17,17,DELIVERED
GR-PO-001106,204,Lowveld Electromechanical Ltd (Pty) Ltd,2026-03-24,2026-07-10,2026-07-01,13,13,DELIVERED
GR-PO-001107,204,Escarpment Seals & Sealing Systems (Pty) Ltd,2026-04-01,2026-07-18,2026-07-14,7,7,DELIVERED
GR-PO-001108,204,Springbok Industrial Supplies (Pty) Ltd,2026-02-25,2026-06-13,2026-06-29,1,1,DELIVERED
GR-PO-001109,204,Escarpment Valve & Fittings (Pty) Ltd,2025-06-18,2025-10-04,2025-10-04,18,18,DELIVERED
GR-PO-001110,204,Namaqua Seals & Sealing Systems (Pty) Ltd,2025-09-23,2026-01-09,2026-02-01,18,18,DELIVERED
GR-PO-001111,204,Lowveld Valve & Fittings (Pty) Ltd,2026-06-03,2026-09-19,2026-09-06,15,15,DELIVERED
GR-PO-001112,204,Upington Mining Equipment Traders (Pty) Ltd,2026-05-11,2026-08-27,2026-08-03,6,6,DELIVERED
GR-PO-001113,205,Aggeneys Pump Solutions (Pty) Ltd,2025-06-04,2025-09-10,2025-09-14,17,17,DELIVERED
GR-PO-001114,205,Escarpment Mining Equipment Traders (Pty) Ltd,2025-01-28,2025-05-06,2025-05-11,3,3,DELIVERED
GR-PO-001115,205,Kuruman Industrial Supplies (Pty) Ltd,2025-04-25,2025-08-01,2025-07-30,6,6,DELIVERED
GR-PO-001116,205,Upington Valve & Fittings (Pty) Ltd,2026-04-28,2026-08-04,2026-08-03,2,2,DELIVERED
GR-PO-001117,205,Orange River Engineering Supplies (Pty) Ltd,2025-08-23,2025-11-29,2025-11-14,8,8,DELIVERED
GR-PO-001118,205,Highveld Industrial Supplies (Pty) Ltd,2026-05-15,2026-08-21,2026-09-03,14,14,DELIVERED
GR-PO-001119,205,Vaal Mining Equipment Traders (Pty) Ltd,2024-09-09,2024-12-16,2024-11-29,14,14,DELIVERED
