Matnr,Lvorm,Mtart,Matkl,Bismt,Meins,Mstae,Extwg,Sernp
000000000010000000,false,ERSA,MECH-BRG,ELL132938,EA,,400,
000000000010000001,false,ERSA,MECH-SEAL,,EA,,400,
000000000030000000,false,ERSA,MECH-PUMP,,EA,,100,
000000000080000000,false,ERSA,MECH-BRG,,EA,,200,
000000000030000001,false,ERSA,ELEC-MOTR,,EA,,100,
000000000080000001,false,HIBE,MECH-SEAL,,EA,,400,Z00R
000000000030000002,false,ERSA,HYDR-ASSY,,EA,,100,
000000000010000002,false,HIBE,INST-XMTR,,EA,,,
000000000010000003,false,ERSA,CONV-COMP,,EA,,400,
000000000010000004,false,ERSA,MECH-GBOX,,EA,,400,
000000000010000005,false,ERSA,MECH-BRG,,EA,,200,
000000000010000006,false,ERSA,ELEC-CTRL,,EA,,200,
000000000010000007,false,ERSA,ELEC-CTRL,,EA,,,
000000000080000002,false,ERSA,MECH-BRG,ELL414012,EA,,200,Z00R
000000000010000008,false,ERSA,MILL-LINR,ELL345180,EA,,,
000000000010000009,false,ERSA,ELEC-CTRL,,EA,,200,
000000000010000010,false,ERSA,MECH-GBOX,,EA,,400,
000000000010000011,false,ERSA,ELEC-MOTR,,EA,,,
000000000010000012,false,ERSA,HYDR-ASSY,,EA,,300,
000000000010000013,false,ERSA,INST-XMTR,,EA,,400,
000000000010000014,false,ERSA,HYDR-ASSY,ELL423869,EA,,300,
000000000080000003,false,HIBE,MECH-BRG,ELL571145,EA,,300,
000000000010000015,false,ERSA,MECH-BRG,,EA,,200,
000000000080000004,false,HIBE,ELEC-CTRL,,EA,,,
000000000010000016,false,HIBE,ELEC-MOTR,ELL372933,EA,,,
000000000080000005,false,ERSA,MECH-PUMP,ELL680933,EA,,400,
000000000010000017,false,ERSA,INST-XMTR,ELL321048,EA,,,
000000000010000018,false,ERSA,ELEC-CTRL,ELL108574,EA,,200,
000000000090000000,false,ERSA,INST-XMTR,,EA,01,200,
000000000010000019,false,ERSA,MECH-SEAL,,EA,,,
000000000080000006,false,ERSA,HYDR-ASSY,,EA,,,
000000000010000020,false,HIBE,MECH-PUMP,,EA,,300,
000000000010000021,false,ERSA,MILL-LINR,,EA,,,
000000000090000001,false,HIBE,MILL-LINR,,EA,01,,
000000000010000022,false,ERSA,ELEC-MOTR,,EA,,200,
000000000010000023,false,ERSA,MECH-GBOX,ELL898696,EA,,300,
000000000010000024,false,ERSA,ELEC-CTRL,,EA,,400,
000000000080000007,false,ERSA,ELEC-MOTR,,EA,,200,
000000000080000008,false,HIBE,MECH-BRG,,EA,,,
000000000010000025,false,ERSA,HYDR-ASSY,,EA,,300,
000000000010000026,false,ERSA,HYDR-ASSY,,EA,,300,
000000000010000027,false,HIBE,MECH-PUMP,ELL954815,EA,,,
000000000080000009,false,ERSA,INST-XMTR,ELL664939,EA,,300,0001
000000000010000028,false,ERSA,HYDR-ASSY,,EA,,,
000000000010000029,false,ERSA,ELEC-CTRL,,EA,,300,
000000000010000030,false,HIBE,INST-XMTR,,EA,,300,
000000000010000031,false,ERSA,ELEC-CTRL,,EA,,200,
000000000010000032,false,ERSA,MECH-SEAL,,EA,,200,
000000000010000033,false,ERSA,MECH-SEAL,,EA,,300,
000000000010000034,false,ERSA,MECH-PUMP,,EA,,300,
000000000080000010,false,ERSA,CONV-COMP,,EA,,300,0001
000000000080000011,false,ERSA,INST-XMTR,ELL193035,EA,,400,0001
000000000010000035,false,ERSA,MILL-LINR,,EA,,300,
000000000010000036,false,ERSA,MILL-LINR,,EA,,300,
000000000010000037,false,ERSA,MECH-SEAL,ELL683390,EA,,,
000000000080000012,false,HIBE,ELEC-CTRL,ELL415076,EA,,,
000000000030000003,false,ERSA,MECH-SEAL,,EA,,100,
000000000010000038,false,ERSA,MILL-LINR,,EA,,400,
000000000010000039,false,HIBE,MECH-PUMP,,EA,,300,
000000000010000040,false,ERSA,MECH-BRG,,EA,,400,
000000000010000041,false,ERSA,HYDR-ASSY,,EA,,200,
000000000080000013,false,HIBE,ELEC-MOTR,,EA,,300,
000000000010000042,false,ERSA,MILL-LINR,,EA,,300,
000000000030000004,false,ERSA,INST-XMTR,,EA,,100,
000000000010000043,false,ERSA,HYDR-ASSY,ELL789461,EA,,400,
000000000030000005,false,ERSA,MILL-LINR,,EA,,100,
000000000030000006,false,ERSA,MECH-GBOX,,EA,,100,
000000000010000044,false,ERSA,INST-XMTR,,EA,,400,
000000000080000014,false,ERSA,MECH-BRG,,EA,,400,
000000000080000015,false,ERSA,INST-XMTR,,EA,,,
000000000030000007,false,ERSA,HYDR-ASSY,,EA,,100,
000000000010000045,false,ERSA,MECH-PUMP,ELL791423,EA,,300,
000000000010000046,false,ERSA,MECH-SEAL,,EA,,,
000000000030000008,false,HIBE,HYDR-ASSY,ELL520018,EA,,100,
000000000010000047,false,ERSA,MECH-GBOX,,EA,,400,
000000000030000009,false,ERSA,ELEC-CTRL,,EA,,100,
000000000010000048,false,HIBE,ELEC-CTRL,,EA,,300,
000000000010000049,false,ERSA,ELEC-MOTR,,EA,,400,
000000000090000002,false,ERSA,ELEC-MOTR,,EA,01,400,
000000000080000016,false,ERSA,MECH-SEAL,,EA,,,
000000000010000050,false,ERSA,MILL-LINR,,EA,,400,
000000000080000017,false,ERSA,MECH-PUMP,,EA,,300,
000000000010000051,false,ERSA,ELEC-CTRL,ELL410035,EA,,400,
000000000080000018,false,ERSA,MECH-BRG,ELL860397,EA,,300,
000000000010000052,false,ERSA,CONV-COMP,ELL332665,EA,,300,
000000000010000053,false,ERSA,CONV-COMP,,EA,,200,
000000000010000054,false,ERSA,HYDR-ASSY,ELL452497,EA,,200,
000000000010000055,false,ERSA,INST-XMTR,,EA,,400,
000000000010000056,false,HIBE,INST-XMTR,,EA,,,
000000000030000010,false,ERSA,MECH-GBOX,,EA,,100,
000000000010000057,false,ERSA,INST-XMTR,,EA,,200,
000000000010000058,false,ERSA,MILL-LINR,,EA,,400,
000000000030000011,false,HIBE,INST-XMTR,,EA,,100,
000000000010000059,false,ERSA,CONV-COMP,,EA,,200,
000000000010000060,false,ERSA,MECH-GBOX,,EA,,,
000000000030000012,false,ERSA,ELEC-CTRL,ELL465549,EA,,100,
000000000010000061,false,ERSA,MECH-BRG,,EA,,,
000000000080000019,false,ERSA,HYDR-ASSY,,EA,,200,0001
000000000030000013,false,ERSA,INST-XMTR,,EA,,100,
000000000010000062,false,HIBE,CONV-COMP,,EA,,,
000000000010000063,false,ERSA,MILL-LINR,ELL196407,EA,,200,
000000000080000020,false,HIBE,MECH-PUMP,,EA,,400,
000000000010000064,false,ERSA,ELEC-MOTR,,EA,,400,
000000000010000065,false,ERSA,CONV-COMP,,EA,,400,
000000000010000066,false,HIBE,INST-XMTR,,EA,,200,
000000000010000067,false,ERSA,MECH-PUMP,,EA,,200,
000000000010000068,false,ERSA,MECH-GBOX,ELL481884,EA,,400,
000000000010000069,false,HIBE,MECH-GBOX,ELL576935,EA,,,
000000000010000070,false,ERSA,ELEC-MOTR,,EA,,200,
000000000010000071,false,ERSA,HYDR-ASSY,ELL314178,EA,,200,
000000000010000072,false,ERSA,MECH-PUMP,ELL293458,EA,,300,
000000000010000073,false,ERSA,MECH-GBOX,,EA,,200,
000000000080000021,false,ERSA,INST-XMTR,,EA,,300,
000000000010000074,false,ERSA,MECH-PUMP,,EA,,400,
000000000010000075,false,ERSA,MECH-SEAL,ELL397388,EA,,,
000000000010000076,false,ERSA,INST-XMTR,,EA,,300,
000000000010000077,false,ERSA,MECH-PUMP,,EA,,,
000000000010000078,false,ERSA,HYDR-ASSY,,EA,,200,
000000000010000079,false,ERSA,MECH-GBOX,,EA,,200,
000000000010000080,false,ERSA,MECH-PUMP,,EA,,400,
000000000010000081,false,ERSA,MECH-PUMP,,EA,,200,
000000000010000082,false,ERSA,HYDR-ASSY,,EA,,400,
000000000080000022,false,ERSA,INST-XMTR,,EA,,300,
000000000010000083,false,ERSA,MECH-PUMP,ELL618951,EA,,200,
000000000010000084,false,ERSA,ELEC-MOTR,ELL151047,EA,,400,
000000000010000085,false,ERSA,HYDR-ASSY,,EA,,200,
000000000010000086,false,HIBE,ELEC-MOTR,,EA,,200,
000000000010000087,false,HIBE,MECH-BRG,ELL409153,EA,,,
000000000080000023,false,ERSA,ELEC-CTRL,,EA,,,
000000000090000003,false,ERSA,MECH-BRG,,EA,01,,
000000000030000014,false,ERSA,HYDR-ASSY,,EA,,100,
000000000010000088,false,ERSA,ELEC-MOTR,ELL916368,EA,,400,
000000000010000089,false,ERSA,MILL-LINR,,EA,,,
000000000030000015,false,ERSA,CONV-COMP,ELL487538,EA,,100,
000000000080000024,false,ERSA,MECH-BRG,,EA,,300,
000000000080000025,false,ERSA,ELEC-MOTR,ELL680990,EA,,200,
000000000030000016,false,ERSA,ELEC-MOTR,,EA,,100,
000000000010000090,false,ERSA,HYDR-ASSY,ELL540467,EA,,,
000000000090000004,false,HIBE,MECH-BRG,ELL740405,EA,01,,
000000000080000026,false,ERSA,INST-XMTR,,EA,,300,Z00R
000000000010000091,false,ERSA,CONV-COMP,ELL604098,EA,,400,
000000000030000017,false,ERSA,ELEC-CTRL,ELL255783,EA,,100,
000000000080000027,false,ERSA,ELEC-CTRL,ELL637145,EA,,400,
000000000010000092,false,ERSA,MILL-LINR,,EA,,,
000000000010000093,false,ERSA,MILL-LINR,,EA,,400,
000000000090000005,false,ERSA,MILL-LINR,,EA,01,300,
000000000080000028,false,ERSA,HYDR-ASSY,,EA,,200,
000000000010000094,false,ERSA,MECH-SEAL,,EA,,300,
000000000010000095,false,ERSA,MECH-BRG,,EA,,200,
000000000010000096,false,HIBE,HYDR-ASSY,,EA,,200,
000000000010000097,false,ERSA,INST-XMTR,,EA,,,
000000000080000029,false,ERSA,HYDR-ASSY,,EA,,,
000000000030000018,false,HIBE,ELEC-MOTR,ELL622112,EA,,100,
000000000010000098,false,ERSA,HYDR-ASSY,,EA,,300,
000000000080000030,false,ERSA,HYDR-ASSY,,EA,,400,Z00R
000000000010000099,false,ERSA,HYDR-ASSY,ELL186651,EA,,200,
000000000010000100,false,ERSA,CONV-COMP,ELL889649,EA,,200,
000000000030000019,false,ERSA,MECH-PUMP,,EA,,100,
000000000080000031,false,ERSA,MECH-BRG,,EA,,200,
000000000010000101,false,ERSA,MILL-LINR,,EA,,400,
000000000030000020,false,ERSA,MECH-PUMP,,EA,,100,
000000000010000102,false,ERSA,ELEC-MOTR,,EA,,300,
000000000030000021,false,ERSA,HYDR-ASSY,,EA,,100,
000000000010000103,false,ERSA,MECH-BRG,ELL881996,EA,,,
000000000010000104,false,ERSA,MILL-LINR,,EA,,200,
000000000030000022,false,ERSA,MECH-PUMP,,EA,,100,
000000000010000105,false,ERSA,MECH-BRG,ELL515645,EA,,,
000000000010000106,false,ERSA,ELEC-MOTR,ELL311524,EA,,200,
000000000010000107,false,ERSA,ELEC-MOTR,ELL596250,EA,,400,
000000000010000108,false,ERSA,MECH-SEAL,,EA,,300,
000000000030000023,false,ERSA,CONV-COMP,ELL248622,EA,,100,
000000000010000109,false,ERSA,MECH-PUMP,ELL791646,EA,,,
000000000080000032,false,ERSA,ELEC-MOTR,,EA,,400,Z00R
000000000010000110,false,ERSA,MECH-GBOX,,EA,,400,
000000000010000111,false,ERSA,MECH-SEAL,,EA,,400,
000000000010000112,false,ERSA,ELEC-CTRL,,EA,,200,
000000000010000113,false,HIBE,MILL-LINR,,EA,,200,
000000000010000114,false,ERSA,ELEC-CTRL,ELL445326,EA,,,
000000000080000033,false,ERSA,MECH-GBOX,,EA,,200,
000000000030000024,false,HIBE,ELEC-MOTR,,EA,,100,
000000000010000115,false,ERSA,CONV-COMP,ELL403858,EA,,300,
000000000080000034,false,ERSA,ELEC-MOTR,ELL681208,EA,,300,Z00R
000000000010000116,false,ERSA,MECH-SEAL,,EA,,200,
000000000030000025,false,ERSA,INST-XMTR,ELL208639,EA,,100,
000000000090000006,false,HIBE,CONV-COMP,ELL840530,EA,01,,
000000000010000117,false,ERSA,ELEC-MOTR,,EA,,400,
000000000010000118,false,ERSA,MECH-GBOX,,EA,,400,
000000000030000026,false,ERSA,MECH-BRG,,EA,,100,
000000000010000119,false,ERSA,ELEC-CTRL,,EA,,,
000000000080000035,false,HIBE,MECH-PUMP,,EA,,,
000000000080000036,false,HIBE,ELEC-CTRL,,EA,,,
000000000010000120,false,HIBE,HYDR-ASSY,,EA,,200,
000000000030000027,false,ERSA,MECH-PUMP,,EA,,100,
000000000010000121,false,HIBE,MILL-LINR,,EA,,400,
000000000030000028,false,ERSA,ELEC-CTRL,,EA,,100,
000000000010000122,false,HIBE,MECH-BRG,,EA,,400,
000000000080000037,false,HIBE,ELEC-MOTR,,EA,,200,
000000000010000123,false,ERSA,MECH-SEAL,ELL591461,EA,,300,
000000000010000124,false,HIBE,MECH-BRG,,EA,,400,
000000000030000029,false,ERSA,MECH-PUMP,ELL297389,EA,,100,
000000000010000125,false,ERSA,MECH-BRG,,EA,,,
000000000030000030,false,ERSA,MECH-BRG,ELL280426,EA,,100,
000000000010000126,false,ERSA,MECH-GBOX,ELL426203,EA,,,
000000000010000127,false,HIBE,MECH-PUMP,ELL639907,EA,,,
000000000010000128,false,HIBE,ELEC-CTRL,,EA,,200,
000000000010000129,false,ERSA,CONV-COMP,ELL846621,EA,,,
000000000010000130,false,ERSA,MECH-GBOX,,EA,,400,
000000000010000131,false,ERSA,HYDR-ASSY,,EA,,200,
000000000080000038,false,ERSA,MECH-SEAL,,EA,,200,
000000000010000132,false,ERSA,ELEC-MOTR,ELL736956,EA,,400,
000000000010000133,false,ERSA,MECH-SEAL,,EA,,200,
000000000010000134,false,ERSA,INST-XMTR,,EA,,300,
000000000010000135,false,ERSA,ELEC-CTRL,,EA,,,
000000000010000136,false,ERSA,HYDR-ASSY,,EA,,300,
000000000010000137,false,ERSA,ELEC-CTRL,,EA,,300,
000000000010000138,false,ERSA,ELEC-CTRL,ELL638444,EA,,200,
000000000030000031,false,ERSA,MILL-LINR,,EA,,100,
000000000010000139,false,ERSA,ELEC-MOTR,,EA,,200,
000000000010000140,false,ERSA,CONV-COMP,,EA,,,
000000000010000141,false,HIBE,CONV-COMP,,EA,,300,
000000000010000142,false,ERSA,MILL-LINR,,EA,,200,
000000000080000039,false,HIBE,MECH-PUMP,,EA,,,
000000000010000143,false,HIBE,INST-XMTR,,EA,,200,
000000000010000144,false,ERSA,INST-XMTR,ELL978922,EA,,200,
000000000030000032,false,ERSA,MECH-PUMP,,EA,,100,
000000000010000145,false,HIBE,MECH-GBOX,,EA,,300,
000000000030000033,false,ERSA,ELEC-CTRL,ELL967641,EA,,100,
000000000010000146,false,ERSA,MECH-PUMP,,EA,,,
000000000080000040,false,ERSA,MECH-PUMP,,EA,,400,
000000000010000147,false,ERSA,HYDR-ASSY,,EA,,,
000000000090000007,false,ERSA,HYDR-ASSY,,EA,01,,
000000000080000041,false,ERSA,HYDR-ASSY,,EA,,300,
000000000080000042,false,ERSA,ELEC-MOTR,ELL292899,EA,,300,
000000000010000148,false,ERSA,ELEC-MOTR,ELL582273,EA,,,
000000000010000149,false,ERSA,CONV-COMP,,EA,,300,
000000000090000008,false,ERSA,MECH-PUMP,ELL120923,EA,01,400,
000000000080000043,false,ERSA,MECH-SEAL,,EA,,200,Z00R
000000000010000150,false,ERSA,ELEC-MOTR,,EA,,200,
000000000010000151,false,ERSA,MECH-PUMP,ELL901566,EA,,,
000000000010000152,false,HIBE,CONV-COMP,ELL427718,EA,,,
000000000030000034,false,ERSA,INST-XMTR,,EA,,100,
000000000010000153,false,ERSA,MECH-BRG,ELL587524,EA,,300,
000000000010000154,false,ERSA,MECH-SEAL,,EA,,200,
000000000010000155,false,ERSA,MECH-BRG,,EA,,300,
000000000010000156,false,HIBE,MECH-PUMP,,EA,,,
000000000010000157,false,ERSA,INST-XMTR,,EA,,,
000000000010000158,false,ERSA,HYDR-ASSY,,EA,,300,
000000000080000044,false,ERSA,HYDR-ASSY,,EA,,300,
000000000010000159,false,ERSA,ELEC-MOTR,,EA,,,
000000000080000045,false,ERSA,CONV-COMP,ELL970978,EA,,200,
000000000010000160,false,ERSA,INST-XMTR,,EA,,,
000000000010000161,false,ERSA,MECH-GBOX,ELL679896,EA,,200,
000000000090000009,false,ERSA,MECH-GBOX,,EA,01,300,
000000000030000035,false,ERSA,INST-XMTR,ELL778929,EA,,100,
000000000080000046,false,HIBE,HYDR-ASSY,,EA,,300,
000000000010000162,false,ERSA,INST-XMTR,ELL829088,EA,,200,
000000000010000163,false,ERSA,MECH-PUMP,ELL215213,EA,,300,
000000000010000164,false,ERSA,MILL-LINR,,EA,,200,
000000000010000165,false,HIBE,HYDR-ASSY,,EA,,300,
000000000030000036,false,HIBE,MECH-GBOX,,EA,,100,
000000000080000047,false,ERSA,ELEC-MOTR,ELL934870,EA,,200,
000000000010000166,false,ERSA,MECH-SEAL,,EA,,400,
000000000010000167,false,ERSA,CONV-COMP,,EA,,,
000000000010000168,false,HIBE,MECH-GBOX,ELL885813,EA,,400,
000000000030000037,false,ERSA,MECH-BRG,,EA,,100,
000000000010000169,false,ERSA,ELEC-MOTR,,EA,,400,
000000000010000170,false,HIBE,INST-XMTR,,EA,,400,
000000000080000048,false,HIBE,ELEC-CTRL,ELL798201,EA,,300,0001
000000000010000171,false,ERSA,ELEC-MOTR,,EA,,,
000000000010000172,false,ERSA,MECH-SEAL,,EA,,300,
000000000010000173,false,ERSA,INST-XMTR,ELL409890,EA,,,
000000000080000049,false,ERSA,MECH-GBOX,,EA,,400,
000000000010000174,false,ERSA,CONV-COMP,ELL357543,EA,,,
000000000010000175,false,ERSA,ELEC-MOTR,,EA,,300,
000000000010000176,false,ERSA,ELEC-MOTR,,EA,,400,
000000000010000177,false,ERSA,MECH-SEAL,,EA,,,
000000000030000038,false,ERSA,MECH-SEAL,,EA,,100,
000000000010000178,false,ERSA,MILL-LINR,,EA,,,
000000000010000179,false,ERSA,MILL-LINR,,EA,,300,
000000000080000050,false,ERSA,ELEC-MOTR,ELL446401,EA,,200,
000000000080000051,false,ERSA,ELEC-CTRL,,EA,,400,Z00R
000000000010000180,false,ERSA,MECH-GBOX,ELL407269,EA,,200,
000000000090000010,false,ERSA,INST-XMTR,ELL304753,EA,01,300,
000000000010000181,false,ERSA,MECH-GBOX,,EA,,300,
000000000080000052,false,ERSA,MECH-SEAL,ELL302779,EA,,400,
000000000010000182,false,ERSA,MECH-BRG,,EA,,300,
000000000010000183,false,ERSA,HYDR-ASSY,ELL753721,EA,,400,
000000000030000039,false,ERSA,MILL-LINR,,EA,,100,
000000000010000184,false,ERSA,INST-XMTR,ELL755569,EA,,300,
000000000030000040,false,ERSA,INST-XMTR,,EA,,100,
000000000010000185,false,ERSA,MILL-LINR,ELL505042,EA,,400,
000000000010000186,false,HIBE,MECH-PUMP,,EA,,,
000000000030000041,false,ERSA,HYDR-ASSY,,EA,,100,
000000000030000042,false,HIBE,ELEC-MOTR,,EA,,100,
000000000010000187,false,ERSA,CONV-COMP,,EA,,,
000000000010000188,false,ERSA,ELEC-MOTR,,EA,,,
000000000080000053,false,ERSA,INST-XMTR,,EA,,300,
000000000010000189,false,ERSA,MILL-LINR,,EA,,300,
000000000010000190,false,ERSA,CONV-COMP,,EA,,200,
000000000010000191,false,ERSA,MECH-BRG,,EA,,,
000000000010000192,false,ERSA,HYDR-ASSY,,EA,,300,
000000000080000054,false,ERSA,INST-XMTR,ELL740216,EA,,200,
000000000010000193,false,ERSA,HYDR-ASSY,,EA,,200,
000000000010000194,false,ERSA,MECH-SEAL,ELL397918,EA,,300,
000000000010000195,false,ERSA,ELEC-MOTR,,EA,,200,
000000000010000196,false,ERSA,HYDR-ASSY,,EA,,,
000000000010000197,false,ERSA,MECH-PUMP,ELL722977,EA,,400,
000000000010000198,false,ERSA,INST-XMTR,ELL259546,EA,,400,
000000000010000199,false,HIBE,MILL-LINR,ELL808649,EA,,,
000000000030000043,false,ERSA,CONV-COMP,,EA,,100,
000000000030000044,false,ERSA,MILL-LINR,,EA,,100,
000000000090000011,false,HIBE,MILL-LINR,,EA,01,200,
000000000010000200,false,ERSA,MECH-PUMP,,EA,,,
000000000010000201,false,ERSA,HYDR-ASSY,ELL190745,EA,,200,
000000000030000045,false,ERSA,MECH-SEAL,,EA,,100,
000000000010000202,false,ERSA,INST-XMTR,,EA,,200,
000000000010000203,false,ERSA,MECH-PUMP,,EA,,200,
000000000010000204,false,HIBE,CONV-COMP,ELL425954,EA,,200,
000000000010000205,false,ERSA,INST-XMTR,,EA,,300,
000000000010000206,false,ERSA,ELEC-MOTR,,EA,,200,
000000000010000207,false,ERSA,MECH-GBOX,,EA,,,
000000000010000208,false,ERSA,MECH-BRG,,EA,,400,
000000000080000055,false,ERSA,MECH-BRG,ELL511652,EA,,,
000000000010000209,false,ERSA,HYDR-ASSY,,EA,,400,
000000000010000210,false,ERSA,MECH-PUMP,ELL451760,EA,,200,
000000000010000211,false,ERSA,INST-XMTR,ELL727273,EA,,200,
000000000010000212,false,ERSA,MECH-BRG,,EA,,300,
000000000010000213,false,ERSA,INST-XMTR,,EA,,200,
000000000030000046,false,HIBE,ELEC-CTRL,,EA,,100,
000000000010000214,false,ERSA,MECH-PUMP,,EA,,,
000000000010000215,false,ERSA,MECH-PUMP,,EA,,,
000000000010000216,false,ERSA,ELEC-MOTR,ELL327216,EA,,300,
000000000010000217,false,ERSA,MECH-BRG,,EA,,,
000000000010000218,false,ERSA,ELEC-MOTR,,EA,,200,
000000000010000219,false,ERSA,MECH-GBOX,,EA,,,
000000000030000047,false,ERSA,INST-XMTR,,EA,,100,
000000000080000056,false,ERSA,ELEC-MOTR,,EA,,,
000000000010000220,false,ERSA,CONV-COMP,,EA,,,
000000000010000221,false,ERSA,ELEC-MOTR,,EA,,,
000000000010000222,false,ERSA,ELEC-CTRL,,EA,,300,
000000000010000223,false,ERSA,CONV-COMP,,EA,,200,
000000000010000224,false,HIBE,ELEC-CTRL,,EA,,200,
000000000010000225,false,ERSA,INST-XMTR,,EA,,,
000000000010000226,false,ERSA,MECH-PUMP,,EA,,400,
000000000010000227,false,ERSA,HYDR-ASSY,,EA,,,
000000000010000228,false,ERSA,INST-XMTR,ELL329994,EA,,,
000000000030000048,false,ERSA,MECH-GBOX,ELL607146,EA,,100,
000000000010000229,false,HIBE,MECH-SEAL,,EA,,400,
000000000080000057,false,ERSA,MECH-GBOX,,EA,,200,
000000000010000230,false,ERSA,CONV-COMP,,EA,,,
000000000010000231,false,ERSA,CONV-COMP,,EA,,400,
000000000010000232,false,HIBE,INST-XMTR,ELL342606,EA,,,
000000000010000233,false,ERSA,MILL-LINR,ELL392779,EA,,,
000000000010000234,false,ERSA,HYDR-ASSY,,EA,,400,
000000000030000049,false,ERSA,MECH-GBOX,,EA,,100,
000000000030000050,false,ERSA,CONV-COMP,ELL352844,EA,,100,
000000000010000235,false,HIBE,MECH-GBOX,ELL763611,EA,,400,
000000000010000236,false,ERSA,ELEC-CTRL,ELL249642,EA,,,
000000000010000237,false,ERSA,MECH-GBOX,ELL545454,EA,,200,
000000000010000238,false,ERSA,HYDR-ASSY,ELL988544,EA,,300,
000000000030000051,false,ERSA,MECH-PUMP,ELL301765,EA,,100,
000000000010000239,false,ERSA,MILL-LINR,,EA,,400,
000000000010000240,false,ERSA,MECH-SEAL,,EA,,400,
000000000010000241,false,ERSA,MILL-LINR,ELL558419,EA,,400,
000000000030000052,false,ERSA,INST-XMTR,,EA,,100,
000000000010000242,false,ERSA,MECH-BRG,,EA,,,
000000000030000053,false,ERSA,MECH-PUMP,ELL510079,EA,,100,
000000000010000243,false,ERSA,MECH-BRG,,EA,,,
000000000080000058,false,ERSA,MECH-PUMP,,EA,,400,
000000000010000244,false,ERSA,CONV-COMP,,EA,,300,
000000000010000245,false,ERSA,CONV-COMP,,EA,,200,
000000000010000246,false,ERSA,MILL-LINR,,EA,,,
000000000030000054,false,ERSA,MECH-PUMP,,EA,,100,
000000000030000055,false,HIBE,MECH-BRG,,EA,,100,
000000000010000247,false,ERSA,ELEC-MOTR,,EA,,300,
000000000080000059,false,ERSA,HYDR-ASSY,,EA,,,
000000000010000248,false,ERSA,MECH-GBOX,,EA,,400,
000000000010000249,false,HIBE,MECH-SEAL,,EA,,200,
000000000010000250,false,ERSA,INST-XMTR,ELL191233,EA,,300,
000000000010000251,false,ERSA,MILL-LINR,ELL181531,EA,,400,
000000000010000252,false,ERSA,ELEC-MOTR,,EA,,300,
000000000010000253,false,ERSA,MECH-SEAL,ELL698822,EA,,300,
000000000090000012,false,ERSA,MECH-GBOX,,EA,01,300,
000000000010000254,false,ERSA,ELEC-CTRL,ELL926840,EA,,300,
000000000010000255,false,ERSA,ELEC-MOTR,,EA,,200,
000000000090000013,false,HIBE,ELEC-MOTR,ELL885242,EA,01,300,
000000000080000060,false,ERSA,MECH-BRG,,EA,,200,0001
000000000090000014,false,ERSA,MECH-BRG,,EA,01,400,
000000000030000056,false,ERSA,MECH-BRG,ELL322590,EA,,100,
000000000010000256,false,ERSA,MECH-GBOX,,EA,,,
000000000030000057,false,ERSA,INST-XMTR,,EA,,100,
000000000030000058,false,ERSA,MECH-GBOX,ELL524909,EA,,100,
000000000010000257,false,ERSA,MILL-LINR,,EA,,400,
000000000010000258,false,ERSA,MECH-PUMP,,EA,,200,
000000000010000259,false,ERSA,INST-XMTR,,EA,,400,
000000000010000260,false,ERSA,MECH-BRG,,EA,,300,
000000000080000061,false,ERSA,HYDR-ASSY,ELL737543,EA,,300,
000000000080000062,false,ERSA,MECH-BRG,,EA,,,
000000000080000063,false,ERSA,MECH-BRG,ELL821484,EA,,400,0001
000000000010000261,false,ERSA,MECH-BRG,,EA,,400,
000000000080000064,false,ERSA,MECH-GBOX,ELL385526,EA,,,
000000000010000262,false,HIBE,MECH-BRG,,EA,,400,
000000000010000263,false,ERSA,ELEC-MOTR,,EA,,200,
000000000030000059,false,ERSA,MECH-SEAL,ELL341591,EA,,100,
000000000010000264,false,ERSA,MECH-SEAL,,EA,,200,
000000000010000265,false,ERSA,MECH-GBOX,,EA,,300,
000000000010000266,false,ERSA,HYDR-ASSY,,EA,,200,
000000000010000267,false,ERSA,ELEC-MOTR,,EA,,,
000000000010000268,false,HIBE,CONV-COMP,,EA,,400,
000000000010000269,false,ERSA,MECH-SEAL,,EA,,400,
000000000010000270,false,ERSA,MECH-GBOX,,EA,,200,
000000000010000271,false,ERSA,MILL-LINR,,EA,,200,
000000000010000272,false,ERSA,INST-XMTR,,EA,,200,
000000000010000273,false,ERSA,CONV-COMP,ELL917192,EA,,300,
000000000010000274,false,ERSA,MECH-BRG,ELL601681,EA,,300,
000000000080000065,false,ERSA,MECH-BRG,,EA,,,
000000000010000275,false,ERSA,CONV-COMP,,EA,,200,
000000000030000060,false,ERSA,MECH-PUMP,,EA,,100,
000000000030000061,false,ERSA,MECH-SEAL,,EA,,100,
000000000080000066,false,ERSA,MECH-SEAL,,EA,,300,
000000000010000276,false,ERSA,MECH-PUMP,,EA,,200,
000000000010000277,false,ERSA,MILL-LINR,,EA,,300,
000000000010000278,false,ERSA,ELEC-CTRL,ELL764577,EA,,400,
000000000010000279,false,ERSA,ELEC-CTRL,ELL584342,EA,,200,
000000000030000062,false,ERSA,INST-XMTR,,EA,,100,
000000000010000280,false,ERSA,HYDR-ASSY,,EA,,400,
000000000030000063,false,ERSA,MECH-BRG,,EA,,100,
000000000030000064,false,ERSA,MECH-SEAL,ELL646050,EA,,100,
000000000010000281,false,ERSA,ELEC-CTRL,,EA,,200,
000000000010000282,false,ERSA,MECH-PUMP,,EA,,300,
000000000010000283,false,HIBE,MECH-SEAL,ELL682662,EA,,,
000000000030000065,false,ERSA,MECH-BRG,,EA,,100,
000000000010000284,false,ERSA,MECH-PUMP,ELL133459,EA,,400,
000000000010000285,false,ERSA,MECH-BRG,,EA,,400,
000000000080000067,false,ERSA,CONV-COMP,,EA,,200,
000000000010000286,false,ERSA,ELEC-CTRL,,EA,,,
000000000080000068,false,HIBE,MECH-PUMP,,EA,,200,
000000000080000069,false,ERSA,MECH-PUMP,,EA,,300,
000000000090000015,false,ERSA,INST-XMTR,,EA,01,300,
000000000010000287,false,ERSA,MILL-LINR,,EA,,300,
000000000080000070,false,ERSA,HYDR-ASSY,ELL965842,EA,,,0001
000000000010000288,false,ERSA,INST-XMTR,,EA,,300,
000000000010000289,false,ERSA,HYDR-ASSY,,EA,,,
000000000010000290,false,HIBE,MILL-LINR,,EA,,,
000000000010000291,false,ERSA,MECH-GBOX,,EA,,300,
000000000010000292,false,HIBE,MILL-LINR,ELL677028,EA,,200,
000000000080000071,false,ERSA,ELEC-CTRL,ELL783134,EA,,400,
000000000080000072,false,HIBE,HYDR-ASSY,,EA,,400,
000000000010000293,false,ERSA,MECH-BRG,,EA,,400,
000000000080000073,false,ERSA,HYDR-ASSY,,EA,,400,
000000000010000294,false,ERSA,CONV-COMP,ELL732823,EA,,,
000000000010000295,false,ERSA,INST-XMTR,ELL676659,EA,,300,
000000000010000296,false,ERSA,INST-XMTR,,EA,,300,
000000000030000066,false,ERSA,MILL-LINR,,EA,,100,
000000000010000297,false,ERSA,MECH-BRG,,EA,,200,
000000000010000298,false,HIBE,CONV-COMP,ELL725667,EA,,400,
000000000010000299,false,ERSA,ELEC-CTRL,ELL991930,EA,,400,
000000000010000300,false,HIBE,INST-XMTR,,EA,,,
000000000010000301,false,ERSA,MECH-BRG,,EA,,200,
000000000010000302,false,HIBE,ELEC-MOTR,ELL800609,EA,,200,
000000000080000074,false,ERSA,MECH-GBOX,,EA,,300,Z00R
000000000010000303,false,ERSA,MECH-GBOX,,EA,,300,
000000000080000075,false,HIBE,CONV-COMP,,EA,,,
000000000010000304,false,ERSA,MECH-GBOX,,EA,,,
000000000090000016,false,ERSA,ELEC-CTRL,,EA,01,300,
000000000090000017,false,ERSA,MECH-GBOX,,EA,01,200,
000000000010000305,false,ERSA,ELEC-MOTR,,EA,,200,
000000000010000306,false,ERSA,ELEC-MOTR,ELL289051,EA,,300,
000000000010000307,false,ERSA,MECH-BRG,,EA,,,
000000000080000076,false,HIBE,MECH-BRG,ELL857079,EA,,300,
000000000030000067,false,ERSA,MILL-LINR,,EA,,100,
000000000010000308,false,ERSA,MECH-SEAL,,EA,,300,
000000000030000068,false,ERSA,MECH-SEAL,,EA,,100,
000000000010000309,false,ERSA,ELEC-MOTR,ELL686011,EA,,,
000000000080000077,false,ERSA,MILL-LINR,ELL581927,EA,,200,
000000000010000310,false,ERSA,MECH-BRG,,EA,,,
000000000080000078,false,ERSA,CONV-COMP,,EA,,400,
000000000010000311,false,ERSA,MECH-SEAL,,EA,,300,
000000000030000069,false,ERSA,MECH-PUMP,,EA,,100,
000000000030000070,false,ERSA,CONV-COMP,,EA,,100,
000000000010000312,false,ERSA,ELEC-CTRL,,EA,,,
000000000010000313,false,HIBE,ELEC-MOTR,,EA,,200,
000000000010000314,false,ERSA,INST-XMTR,ELL936896,EA,,400,
000000000080000079,false,ERSA,ELEC-MOTR,,EA,,400,
000000000010000315,false,ERSA,ELEC-MOTR,,EA,,200,
000000000010000316,false,ERSA,MECH-GBOX,,EA,,,
000000000010000317,false,ERSA,ELEC-MOTR,,EA,,400,
000000000010000318,false,ERSA,MECH-SEAL,,EA,,,
000000000010000319,false,HIBE,HYDR-ASSY,,EA,,,
000000000010000320,false,ERSA,CONV-COMP,ELL607633,EA,,,
000000000080000080,false,ERSA,MILL-LINR,,EA,,300,
000000000010000321,false,ERSA,ELEC-CTRL,,EA,,200,
000000000010000322,false,ERSA,ELEC-CTRL,,EA,,400,
000000000010000323,false,ERSA,MECH-SEAL,ELL897171,EA,,300,
000000000010000324,false,ERSA,CONV-COMP,ELL192195,EA,,400,
000000000080000081,false,ERSA,MECH-SEAL,,EA,,,0001
000000000030000071,false,ERSA,ELEC-MOTR,ELL659877,EA,,100,
000000000010000325,false,ERSA,MECH-SEAL,,EA,,200,
000000000010000326,false,ERSA,MECH-BRG,ELL415216,EA,,,
000000000030000072,false,ERSA,ELEC-MOTR,,EA,,100,
000000000010000327,false,ERSA,INST-XMTR,,EA,,,
000000000030000073,false,HIBE,MILL-LINR,,EA,,100,
000000000010000328,false,ERSA,HYDR-ASSY,,EA,,200,
000000000010000329,false,ERSA,HYDR-ASSY,ELL397853,EA,,300,
000000000010000330,false,ERSA,MECH-GBOX,ELL619180,EA,,,
000000000010000331,false,ERSA,MECH-PUMP,,EA,,200,
000000000010000332,false,ERSA,MECH-SEAL,,EA,,,
000000000030000074,false,ERSA,ELEC-CTRL,,EA,,100,
000000000010000333,false,ERSA,ELEC-MOTR,ELL394543,EA,,,
000000000080000082,false,ERSA,MECH-SEAL,,EA,,400,
000000000030000075,false,ERSA,MECH-PUMP,,EA,,100,
000000000010000334,false,ERSA,ELEC-MOTR,ELL829400,EA,,200,
000000000010000335,false,HIBE,MILL-LINR,,EA,,,
000000000010000336,false,ERSA,ELEC-MOTR,,EA,,200,
000000000010000337,false,ERSA,HYDR-ASSY,,EA,,400,
000000000010000338,false,ERSA,MECH-PUMP,,EA,,,
000000000010000339,false,ERSA,MECH-PUMP,,EA,,300,
000000000030000076,false,ERSA,MECH-PUMP,,EA,,100,
000000000010000340,false,ERSA,MECH-PUMP,,EA,,400,
000000000090000018,false,ERSA,MECH-BRG,,EA,01,,
000000000010000341,false,HIBE,ELEC-CTRL,ELL297517,EA,,,
000000000030000077,false,ERSA,MECH-SEAL,ELL619928,EA,,100,
000000000010000342,false,ERSA,MECH-GBOX,,EA,,400,
000000000010000343,false,HIBE,INST-XMTR,,EA,,400,
000000000090000019,false,ERSA,MECH-BRG,,EA,01,,
000000000010000344,false,ERSA,MILL-LINR,,EA,,200,
000000000010000345,false,ERSA,MECH-PUMP,,EA,,200,
000000000030000078,false,HIBE,HYDR-ASSY,,EA,,100,
000000000080000083,false,ERSA,ELEC-CTRL,,EA,,400,
000000000010000346,false,ERSA,MECH-GBOX,,EA,,400,
000000000010000347,false,ERSA,INST-XMTR,,EA,,,
000000000010000348,false,ERSA,MECH-SEAL,,EA,,200,
000000000030000079,false,ERSA,CONV-COMP,ELL492047,EA,,100,
000000000010000349,false,ERSA,ELEC-CTRL,,EA,,,
000000000010000350,false,ERSA,ELEC-MOTR,,EA,,300,
000000000030000080,false,ERSA,MECH-SEAL,,EA,,100,
000000000010000351,false,ERSA,HYDR-ASSY,,EA,,200,
000000000090000020,false,ERSA,MECH-PUMP,,EA,01,400,
000000000010000352,false,ERSA,MECH-SEAL,,EA,,400,
000000000010000353,false,ERSA,HYDR-ASSY,,EA,,200,
000000000010000354,false,ERSA,MECH-SEAL,ELL629063,EA,,,
000000000010000355,false,ERSA,MILL-LINR,ELL196009,EA,,300,
000000000010000356,false,ERSA,INST-XMTR,ELL959189,EA,,300,
000000000010000357,false,ERSA,CONV-COMP,,EA,,,
000000000010000358,false,ERSA,MECH-GBOX,,EA,,300,
000000000080000084,false,HIBE,MECH-PUMP,,EA,,,
000000000010000359,false,ERSA,INST-XMTR,,EA,,200,
000000000010000360,false,ERSA,ELEC-CTRL,,EA,,400,
000000000010000361,false,ERSA,ELEC-MOTR,ELL856665,EA,,,
000000000010000362,false,ERSA,INST-XMTR,,EA,,,
000000000010000363,false,ERSA,INST-XMTR,ELL945640,EA,,200,
000000000010000364,false,ERSA,INST-XMTR,,EA,,200,
000000000010000365,false,ERSA,MILL-LINR,,EA,,200,
000000000010000366,false,HIBE,CONV-COMP,ELL324213,EA,,200,
000000000080000085,false,ERSA,ELEC-MOTR,ELL556475,EA,,400,
000000000010000367,false,HIBE,INST-XMTR,,EA,,300,
000000000030000081,false,HIBE,HYDR-ASSY,,EA,,100,
000000000010000368,false,ERSA,ELEC-CTRL,,EA,,,
000000000010000369,false,ERSA,MECH-BRG,ELL570774,EA,,400,
000000000010000370,false,ERSA,MECH-PUMP,ELL926309,EA,,300,
000000000030000082,false,HIBE,INST-XMTR,,EA,,100,
000000000080000086,false,ERSA,CONV-COMP,,EA,,,
000000000010000371,false,ERSA,ELEC-MOTR,ELL418491,EA,,200,
000000000080000087,false,ERSA,MECH-PUMP,,EA,,300,0001
000000000010000372,false,ERSA,ELEC-MOTR,,EA,,300,
000000000010000373,false,ERSA,CONV-COMP,,EA,,200,
000000000080000088,false,ERSA,HYDR-ASSY,ELL456570,EA,,400,
000000000010000374,false,ERSA,CONV-COMP,ELL913231,EA,,400,
000000000010000375,false,ERSA,INST-XMTR,ELL714715,EA,,,
000000000030000083,false,ERSA,MILL-LINR,,EA,,100,
000000000010000376,false,ERSA,INST-XMTR,,EA,,,
000000000010000377,false,ERSA,HYDR-ASSY,,EA,,200,
000000000010000378,false,ERSA,MECH-BRG,,EA,,300,
000000000010000379,false,ERSA,INST-XMTR,ELL756758,EA,,400,
000000000010000380,false,ERSA,MILL-LINR,,EA,,200,
000000000010000381,false,ERSA,MECH-GBOX,,EA,,400,
000000000030000084,false,ERSA,CONV-COMP,,EA,,100,
000000000010000382,false,ERSA,INST-XMTR,,EA,,,
000000000010000383,false,ERSA,INST-XMTR,,EA,,200,
000000000010000384,false,ERSA,MECH-GBOX,,EA,,300,
000000000030000085,false,ERSA,MECH-PUMP,,EA,,100,
000000000080000089,false,ERSA,INST-XMTR,,EA,,300,
000000000080000090,false,ERSA,MECH-PUMP,,EA,,300,
000000000010000385,false,HIBE,MECH-BRG,ELL676464,EA,,,
000000000030000086,false,HIBE,MECH-PUMP,,EA,,100,
000000000030000087,false,ERSA,INST-XMTR,,EA,,100,
000000000010000386,false,ERSA,MILL-LINR,,EA,,200,
000000000010000387,false,ERSA,ELEC-CTRL,ELL373636,EA,,,
000000000090000021,false,ERSA,ELEC-CTRL,,EA,01,300,
000000000080000091,false,ERSA,MILL-LINR,,EA,,400,
000000000010000388,false,ERSA,MECH-GBOX,,EA,,,
000000000010000389,false,ERSA,INST-XMTR,,EA,,400,
000000000010000390,false,HIBE,MECH-GBOX,,EA,,400,
000000000080000092,false,ERSA,INST-XMTR,,EA,,200,
000000000030000088,false,ERSA,MECH-PUMP,,EA,,100,
000000000010000391,false,ERSA,MILL-LINR,,EA,,300,
000000000010000392,false,ERSA,CONV-COMP,,EA,,300,
000000000010000393,false,ERSA,CONV-COMP,,EA,,,
000000000010000394,false,ERSA,MILL-LINR,,EA,,200,
000000000010000395,false,ERSA,MECH-PUMP,ELL112569,EA,,400,
000000000030000089,false,ERSA,MILL-LINR,,EA,,100,
000000000010000396,false,ERSA,MECH-PUMP,,EA,,200,
000000000090000022,false,ERSA,MILL-LINR,,EA,01,400,
000000000030000090,false,ERSA,MECH-BRG,,EA,,100,
000000000010000397,false,ERSA,MECH-PUMP,,EA,,200,
000000000010000398,false,ERSA,MECH-SEAL,,EA,,300,
000000000010000399,false,ERSA,ELEC-CTRL,,EA,,400,
000000000010000400,false,ERSA,MILL-LINR,,EA,,400,
000000000010000401,false,HIBE,MECH-SEAL,,EA,,400,
000000000080000093,false,ERSA,MECH-PUMP,,EA,,,0001
000000000010000402,false,HIBE,MECH-SEAL,,EA,,300,
000000000010000403,false,ERSA,MECH-BRG,,EA,,200,
000000000010000404,false,ERSA,MECH-GBOX,,EA,,,
000000000080000094,false,ERSA,ELEC-MOTR,,EA,,,
000000000010000405,false,ERSA,INST-XMTR,ELL758784,EA,,300,
000000000030000091,false,ERSA,MECH-GBOX,,EA,,100,
000000000010000406,false,ERSA,INST-XMTR,ELL385585,EA,,,
000000000030000092,false,ERSA,MECH-BRG,,EA,,100,
000000000010000407,false,ERSA,ELEC-CTRL,,EA,,300,
000000000030000093,false,ERSA,HYDR-ASSY,,EA,,100,
000000000080000095,false,ERSA,MILL-LINR,,EA,,,
000000000010000408,false,ERSA,MECH-BRG,,EA,,300,
000000000080000096,false,ERSA,MECH-BRG,ELL386947,EA,,300,
000000000010000409,false,ERSA,MECH-SEAL,,EA,,200,
000000000080000097,false,ERSA,ELEC-CTRL,ELL162911,EA,,,Z00R
000000000010000410,false,ERSA,INST-XMTR,,EA,,200,
000000000010000411,false,ERSA,MECH-GBOX,,EA,,400,
000000000030000094,false,ERSA,MECH-GBOX,ELL541270,EA,,100,
000000000080000098,false,ERSA,MECH-PUMP,,EA,,200,
000000000010000412,false,ERSA,MECH-SEAL,ELL116505,EA,,300,
000000000010000413,false,ERSA,MECH-SEAL,,EA,,200,
000000000030000095,false,ERSA,ELEC-CTRL,,EA,,100,
000000000010000414,false,ERSA,MECH-GBOX,,EA,,400,
000000000010000415,false,ERSA,INST-XMTR,,EA,,,
000000000010000416,false,ERSA,MECH-PUMP,,EA,,300,
000000000010000417,false,ERSA,CONV-COMP,ELL471159,EA,,400,
000000000080000099,false,ERSA,MILL-LINR,,EA,,300,
000000000010000418,false,ERSA,INST-XMTR,,EA,,400,
000000000010000419,false,HIBE,MILL-LINR,ELL357120,EA,,300,
000000000010000420,false,ERSA,ELEC-CTRL,ELL475629,EA,,200,
000000000010000421,false,ERSA,MILL-LINR,ELL934291,EA,,,
000000000010000422,false,ERSA,MECH-PUMP,,EA,,,
000000000010000423,false,ERSA,HYDR-ASSY,,EA,,200,
000000000080000100,false,ERSA,ELEC-MOTR,,EA,,300,
000000000010000424,false,ERSA,MECH-GBOX,,EA,,200,
000000000010000425,false,ERSA,MILL-LINR,ELL990466,EA,,400,
000000000010000426,false,ERSA,HYDR-ASSY,ELL872591,EA,,200,
000000000010000427,false,ERSA,MECH-GBOX,,EA,,,
000000000010000428,false,HIBE,HYDR-ASSY,,EA,,200,
000000000010000429,false,HIBE,ELEC-MOTR,,EA,,300,
000000000030000096,false,ERSA,MECH-GBOX,,EA,,100,
000000000030000097,false,ERSA,MILL-LINR,,EA,,100,
000000000010000430,false,HIBE,ELEC-CTRL,,EA,,200,
000000000010000431,false,HIBE,MECH-GBOX,,EA,,300,
000000000010000432,false,ERSA,MECH-PUMP,,EA,,400,
000000000010000433,false,ERSA,MECH-BRG,,EA,,300,
000000000010000434,false,ERSA,INST-XMTR,,EA,,400,
000000000010000435,false,ERSA,CONV-COMP,,EA,,200,
000000000010000436,false,ERSA,MILL-LINR,,EA,,200,
000000000010000437,false,ERSA,MECH-BRG,ELL255168,EA,,200,
000000000010000438,false,ERSA,MECH-GBOX,,EA,,,
000000000010000439,false,ERSA,INST-XMTR,,EA,,400,
000000000080000101,false,ERSA,MECH-BRG,,EA,,200,
000000000010000440,false,ERSA,MILL-LINR,,EA,,200,
000000000010000441,false,ERSA,MECH-PUMP,ELL316145,EA,,400,
000000000030000098,false,ERSA,MECH-BRG,,EA,,100,
000000000080000102,false,ERSA,CONV-COMP,,EA,,400,
000000000030000099,false,ERSA,MILL-LINR,ELL644519,EA,,100,
000000000030000100,false,HIBE,MECH-GBOX,ELL809369,EA,,100,
000000000080000103,false,ERSA,MILL-LINR,,EA,,200,
000000000010000442,false,ERSA,MECH-PUMP,,EA,,400,
000000000090000023,false,ERSA,MILL-LINR,,EA,01,400,
000000000030000101,false,ERSA,MILL-LINR,,EA,,100,
000000000080000104,false,ERSA,MECH-BRG,,EA,,200,0001
000000000010000443,false,ERSA,MECH-BRG,,EA,,300,
000000000030000102,false,ERSA,ELEC-CTRL,ELL763284,EA,,100,
000000000080000105,false,ERSA,MECH-BRG,,EA,,200,
000000000010000444,false,ERSA,HYDR-ASSY,,EA,,300,
000000000030000103,false,ERSA,CONV-COMP,,EA,,100,
000000000010000445,false,HIBE,ELEC-CTRL,,EA,,300,
000000000010000446,false,ERSA,MECH-PUMP,,EA,,300,
000000000010000447,false,ERSA,CONV-COMP,,EA,,400,
000000000010000448,false,ERSA,MECH-GBOX,ELL899847,EA,,400,
000000000010000449,false,ERSA,MECH-GBOX,,EA,,200,
000000000010000450,false,ERSA,ELEC-CTRL,ELL864786,EA,,200,
000000000010000451,false,ERSA,ELEC-CTRL,,EA,,,
000000000080000106,false,ERSA,ELEC-CTRL,ELL917346,EA,,300,0001
000000000010000452,false,ERSA,HYDR-ASSY,,EA,,300,
000000000010000453,false,ERSA,MECH-BRG,,EA,,200,
000000000030000104,false,ERSA,ELEC-MOTR,,EA,,100,
000000000010000454,false,ERSA,MECH-PUMP,ELL707701,EA,,,
000000000010000455,false,ERSA,MECH-SEAL,,EA,,300,
000000000030000105,false,ERSA,MECH-SEAL,,EA,,100,
000000000010000456,false,ERSA,ELEC-MOTR,ELL736587,EA,,300,
000000000010000457,false,ERSA,MECH-SEAL,,EA,,300,
000000000010000458,false,ERSA,MECH-GBOX,,EA,,200,
000000000090000024,false,ERSA,ELEC-CTRL,ELL877711,EA,01,,
000000000010000459,false,ERSA,MECH-SEAL,ELL945346,EA,,400,
000000000010000460,false,ERSA,INST-XMTR,,EA,,400,
000000000010000461,false,ERSA,MECH-SEAL,ELL835805,EA,,400,
000000000010000462,false,ERSA,MECH-PUMP,ELL270218,EA,,200,
000000000010000463,false,ERSA,HYDR-ASSY,,EA,,400,
000000000010000464,false,ERSA,CONV-COMP,,EA,,,
000000000010000465,false,ERSA,HYDR-ASSY,,EA,,,
000000000010000466,false,ERSA,CONV-COMP,ELL255805,EA,,200,
000000000010000467,false,ERSA,MECH-GBOX,,EA,,200,
000000000080000107,false,ERSA,ELEC-MOTR,,EA,,400,
000000000010000468,false,HIBE,CONV-COMP,,EA,,400,
000000000010000469,false,ERSA,MILL-LINR,ELL301762,EA,,200,
000000000010000470,false,ERSA,MECH-GBOX,,EA,,,
000000000010000471,false,ERSA,MECH-BRG,,EA,,,
000000000080000108,false,ERSA,MILL-LINR,,EA,,300,
000000000010000472,false,ERSA,CONV-COMP,,EA,,200,
000000000080000109,false,ERSA,MILL-LINR,,EA,,300,
000000000010000473,false,ERSA,MECH-SEAL,,EA,,200,
000000000080000110,false,HIBE,CONV-COMP,,EA,,,
000000000030000106,false,HIBE,MILL-LINR,ELL914927,EA,,100,
000000000080000111,false,ERSA,MECH-SEAL,ELL634614,EA,,400,
000000000010000474,false,ERSA,MECH-PUMP,,EA,,,
000000000010000475,false,ERSA,HYDR-ASSY,,EA,,300,
000000000010000476,false,ERSA,ELEC-CTRL,,EA,,,
000000000030000107,false,ERSA,MILL-LINR,,EA,,100,
000000000010000477,false,HIBE,CONV-COMP,,EA,,200,
000000000010000478,false,HIBE,CONV-COMP,ELL656372,EA,,400,
000000000010000479,false,ERSA,MECH-BRG,,EA,,300,
000000000010000480,false,ERSA,MECH-SEAL,,EA,,,
000000000010000481,false,ERSA,CONV-COMP,,EA,,400,
000000000010000482,false,ERSA,MECH-BRG,,EA,,200,
000000000030000108,false,ERSA,MECH-GBOX,,EA,,100,
000000000010000483,false,ERSA,ELEC-MOTR,,EA,,,
000000000010000484,false,ERSA,INST-XMTR,,EA,,400,
000000000010000485,false,ERSA,MECH-SEAL,,EA,,400,
000000000010000486,false,ERSA,INST-XMTR,,EA,,400,
000000000010000487,false,ERSA,MECH-PUMP,,EA,,400,
000000000030000109,false,ERSA,CONV-COMP,,EA,,100,
000000000010000488,false,ERSA,HYDR-ASSY,,EA,,200,
000000000010000489,false,ERSA,HYDR-ASSY,,EA,,200,
000000000010000490,false,ERSA,ELEC-MOTR,,EA,,,
000000000010000491,false,ERSA,ELEC-CTRL,,EA,,,
000000000010000492,false,HIBE,MILL-LINR,,EA,,200,
000000000010000493,false,ERSA,ELEC-CTRL,,EA,,300,
000000000010000494,false,ERSA,ELEC-CTRL,,EA,,200,
000000000080000112,false,ERSA,MECH-PUMP,ELL242269,EA,,,Z00R
000000000010000495,false,ERSA,ELEC-CTRL,,EA,,,
000000000030000110,false,ERSA,MILL-LINR,,EA,,100,
000000000010000496,false,ERSA,ELEC-MOTR,,EA,,200,
000000000010000497,false,HIBE,MECH-GBOX,,EA,,300,
000000000010000498,false,ERSA,MECH-BRG,,EA,,400,
000000000090000025,false,HIBE,INST-XMTR,,EA,01,,
000000000010000499,false,ERSA,MECH-BRG,ELL923336,EA,,300,
000000000010000500,false,ERSA,MECH-BRG,ELL307733,EA,,,
000000000010000501,false,ERSA,INST-XMTR,ELL997842,EA,,300,
000000000030000111,false,ERSA,MECH-GBOX,ELL822081,EA,,100,
000000000010000502,false,ERSA,ELEC-MOTR,,EA,,200,
000000000010000503,false,ERSA,CONV-COMP,,EA,,300,
000000000010000504,false,ERSA,ELEC-CTRL,,EA,,400,
000000000010000505,false,ERSA,MECH-PUMP,,EA,,,
000000000010000506,false,ERSA,INST-XMTR,ELL913991,EA,,300,
000000000010000507,false,ERSA,HYDR-ASSY,,EA,,300,
000000000010000508,false,ERSA,INST-XMTR,,EA,,400,
000000000010000509,false,ERSA,MECH-SEAL,,EA,,200,
000000000010000510,false,ERSA,INST-XMTR,ELL412621,EA,,300,
000000000010000511,false,ERSA,CONV-COMP,ELL730791,EA,,400,
000000000090000026,false,ERSA,HYDR-ASSY,,EA,01,300,
000000000030000112,false,ERSA,MILL-LINR,ELL818106,EA,,100,
000000000010000512,false,ERSA,ELEC-MOTR,,EA,,300,
000000000030000113,false,ERSA,MECH-GBOX,ELL678196,EA,,100,
000000000010000513,false,HIBE,MECH-PUMP,,EA,,200,
000000000010000514,false,HIBE,MILL-LINR,,EA,,400,
000000000080000113,false,ERSA,MECH-GBOX,,EA,,400,
000000000010000515,false,ERSA,CONV-COMP,,EA,,300,
000000000010000516,false,ERSA,CONV-COMP,,EA,,200,
000000000010000517,false,ERSA,HYDR-ASSY,ELL368054,EA,,200,
000000000080000114,false,ERSA,MECH-BRG,,EA,,400,
000000000010000518,false,ERSA,ELEC-MOTR,,EA,,400,
000000000030000114,false,HIBE,MECH-GBOX,,EA,,100,
000000000090000027,false,ERSA,MECH-GBOX,ELL590326,EA,01,,
000000000010000519,false,ERSA,ELEC-CTRL,ELL489615,EA,,300,
000000000010000520,false,ERSA,MECH-SEAL,,EA,,300,
000000000010000521,false,ERSA,MECH-BRG,,EA,,200,
000000000010000522,false,ERSA,MECH-GBOX,,EA,,400,
000000000010000523,false,ERSA,ELEC-MOTR,,EA,,400,
000000000010000524,false,ERSA,ELEC-CTRL,,EA,,400,
000000000010000525,false,HIBE,CONV-COMP,ELL261461,EA,,300,
000000000010000526,false,ERSA,MECH-SEAL,,EA,,200,
000000000010000527,false,ERSA,ELEC-CTRL,,EA,,400,
000000000090000028,false,ERSA,CONV-COMP,ELL961528,EA,01,,
000000000030000115,false,ERSA,CONV-COMP,ELL883611,EA,,100,
000000000010000528,false,ERSA,MECH-PUMP,,EA,,200,
000000000010000529,false,HIBE,HYDR-ASSY,ELL577081,EA,,400,
000000000010000530,false,ERSA,ELEC-MOTR,,EA,,,
000000000010000531,false,ERSA,MECH-GBOX,,EA,,,
000000000010000532,false,ERSA,MECH-GBOX,,EA,,300,
000000000010000533,false,ERSA,INST-XMTR,ELL769017,EA,,,
000000000080000115,false,ERSA,MECH-GBOX,,EA,,300,
000000000010000534,false,ERSA,ELEC-MOTR,,EA,,,
000000000010000535,false,HIBE,MECH-BRG,,EA,,400,
000000000030000116,false,ERSA,ELEC-CTRL,,EA,,100,
000000000080000116,false,ERSA,MECH-BRG,,EA,,,
000000000030000117,false,ERSA,MECH-PUMP,,EA,,100,
000000000080000117,false,ERSA,HYDR-ASSY,,EA,,,
000000000010000536,false,ERSA,INST-XMTR,,EA,,,
000000000010000537,false,ERSA,ELEC-MOTR,,EA,,200,
000000000010000538,false,ERSA,MECH-BRG,,EA,,300,
000000000030000118,false,HIBE,MECH-GBOX,,EA,,100,
000000000010000539,false,ERSA,ELEC-CTRL,,EA,,,
000000000030000119,false,ERSA,MECH-SEAL,,EA,,100,
000000000080000118,false,ERSA,HYDR-ASSY,ELL916925,EA,,400,
000000000010000540,false,HIBE,MECH-PUMP,,EA,,200,
000000000010000541,false,HIBE,MECH-PUMP,,EA,,300,
000000000010000542,false,ERSA,MECH-BRG,,EA,,200,
000000000010000543,false,HIBE,HYDR-ASSY,,EA,,400,
000000000030000120,false,ERSA,MECH-SEAL,ELL731296,EA,,100,
000000000030000121,false,ERSA,ELEC-MOTR,ELL351919,EA,,100,
000000000080000119,false,ERSA,MECH-BRG,ELL877932,EA,,,
000000000010000544,false,ERSA,MILL-LINR,ELL601489,EA,,200,
000000000010000545,false,HIBE,MECH-PUMP,,EA,,300,
000000000010000546,false,HIBE,ELEC-MOTR,,EA,,200,
000000000010000547,false,ERSA,MECH-GBOX,,EA,,,
000000000030000122,false,ERSA,HYDR-ASSY,,EA,,100,
000000000080000120,false,ERSA,MECH-SEAL,,EA,,400,
000000000030000123,false,ERSA,CONV-COMP,,EA,,100,
000000000080000121,false,ERSA,ELEC-CTRL,ELL280447,EA,,400,
000000000010000548,false,HIBE,MECH-GBOX,,EA,,200,
000000000030000124,false,ERSA,CONV-COMP,,EA,,100,
000000000010000549,false,ERSA,MECH-SEAL,,EA,,400,
000000000010000550,false,ERSA,MECH-BRG,,EA,,400,
000000000030000125,false,ERSA,MECH-PUMP,,EA,,100,
000000000010000551,false,ERSA,MECH-PUMP,ELL963216,EA,,,
000000000030000126,false,ERSA,CONV-COMP,,EA,,100,
000000000010000552,false,ERSA,INST-XMTR,,EA,,,
000000000010000553,false,HIBE,MECH-GBOX,ELL203562,EA,,300,
000000000030000127,false,ERSA,ELEC-MOTR,,EA,,100,
000000000010000554,false,ERSA,MECH-GBOX,,EA,,,
000000000010000555,false,HIBE,MECH-GBOX,,EA,,,
000000000010000556,false,ERSA,MECH-GBOX,ELL735933,EA,,,
000000000010000557,false,ERSA,MILL-LINR,,EA,,200,
000000000010000558,false,ERSA,MECH-GBOX,,EA,,200,
000000000010000559,false,ERSA,INST-XMTR,,EA,,200,
000000000010000560,false,ERSA,MECH-GBOX,,EA,,300,
000000000080000122,false,ERSA,ELEC-MOTR,,EA,,200,
000000000010000561,false,ERSA,MECH-SEAL,,EA,,200,
000000000010000562,false,ERSA,HYDR-ASSY,,EA,,400,
000000000010000563,false,ERSA,INST-XMTR,,EA,,400,
000000000030000128,false,ERSA,ELEC-MOTR,,EA,,100,
000000000080000123,false,ERSA,MECH-BRG,,EA,,,
000000000090000029,false,ERSA,HYDR-ASSY,,EA,01,300,
000000000090000030,false,ERSA,ELEC-CTRL,,EA,01,300,
000000000010000564,false,ERSA,HYDR-ASSY,,EA,,400,
000000000010000565,false,HIBE,MECH-GBOX,ELL378868,EA,,300,
000000000010000566,false,ERSA,ELEC-CTRL,ELL625161,EA,,300,
000000000030000129,false,ERSA,MECH-SEAL,ELL722643,EA,,100,
000000000080000124,false,HIBE,ELEC-MOTR,,EA,,,0001
000000000010000567,false,ERSA,ELEC-CTRL,,EA,,400,
000000000030000130,false,HIBE,INST-XMTR,,EA,,100,
000000000010000568,false,HIBE,CONV-COMP,,EA,,400,
000000000010000569,false,ERSA,MECH-GBOX,,EA,,200,
000000000080000125,false,ERSA,MECH-PUMP,,EA,,400,
000000000030000131,false,ERSA,HYDR-ASSY,,EA,,100,
000000000010000570,false,HIBE,MILL-LINR,,EA,,400,
000000000010000571,false,ERSA,MECH-GBOX,,EA,,,
000000000010000572,false,ERSA,MECH-GBOX,,EA,,,
000000000010000573,false,ERSA,ELEC-CTRL,ELL256936,EA,,300,
000000000010000574,false,ERSA,MECH-SEAL,,EA,,300,
000000000080000126,false,ERSA,MECH-PUMP,,EA,,400,
000000000080000127,false,ERSA,INST-XMTR,,EA,,,Z00R
000000000030000132,false,ERSA,ELEC-CTRL,ELL763646,EA,,100,
000000000010000575,false,ERSA,ELEC-MOTR,,EA,,400,
000000000030000133,false,HIBE,MECH-PUMP,ELL936355,EA,,100,
000000000080000128,false,ERSA,INST-XMTR,,EA,,200,
000000000010000576,false,HIBE,HYDR-ASSY,,EA,,400,
000000000080000129,false,ERSA,MECH-SEAL,,EA,,300,
000000000010000577,false,ERSA,MILL-LINR,,EA,,300,
000000000010000578,false,HIBE,MECH-GBOX,ELL345653,EA,,400,
000000000010000579,false,HIBE,ELEC-MOTR,,EA,,200,
000000000010000580,false,ERSA,MILL-LINR,,EA,,200,
000000000010000581,false,HIBE,MILL-LINR,,EA,,400,
000000000010000582,false,ERSA,MECH-SEAL,,EA,,200,
000000000010000583,false,ERSA,ELEC-CTRL,ELL335837,EA,,300,
000000000080000130,false,ERSA,INST-XMTR,ELL279582,EA,,,
000000000010000584,false,HIBE,MECH-GBOX,,EA,,,
000000000010000585,false,ERSA,HYDR-ASSY,,EA,,200,
000000000010000586,false,ERSA,CONV-COMP,ELL159326,EA,,,
000000000010000587,false,ERSA,INST-XMTR,,EA,,400,
000000000010000588,false,ERSA,ELEC-MOTR,,EA,,,
000000000010000589,false,HIBE,HYDR-ASSY,,EA,,300,
000000000080000131,false,ERSA,MECH-GBOX,,EA,,200,
000000000090000031,false,ERSA,INST-XMTR,,EA,01,,
000000000010000590,false,HIBE,MECH-BRG,,EA,,,
000000000010000591,false,ERSA,INST-XMTR,,EA,,400,
000000000090000032,false,ERSA,CONV-COMP,,EA,01,200,
000000000010000592,false,ERSA,CONV-COMP,,EA,,400,
000000000080000132,false,ERSA,MECH-BRG,,EA,,,
000000000010000593,false,ERSA,HYDR-ASSY,ELL748698,EA,,200,
000000000030000134,false,ERSA,HYDR-ASSY,,EA,,100,
000000000030000135,false,ERSA,INST-XMTR,,EA,,100,
000000000010000594,false,HIBE,MILL-LINR,ELL383936,EA,,,
000000000010000595,false,ERSA,MECH-GBOX,,EA,,200,
000000000010000596,false,ERSA,CONV-COMP,,EA,,,
000000000010000597,false,ERSA,MECH-BRG,,EA,,200,
000000000080000133,false,ERSA,CONV-COMP,,EA,,,
000000000010000598,false,ERSA,INST-XMTR,ELL389971,EA,,400,
000000000010000599,false,ERSA,HYDR-ASSY,,EA,,,
000000000080000134,false,ERSA,MILL-LINR,ELL338198,EA,,200,
000000000010000600,false,ERSA,MECH-BRG,ELL298780,EA,,400,
000000000010000601,false,HIBE,HYDR-ASSY,,EA,,400,
000000000010000602,false,ERSA,MECH-PUMP,,EA,,400,
000000000010000603,false,ERSA,ELEC-CTRL,,EA,,300,
000000000010000604,false,ERSA,MECH-GBOX,ELL442152,EA,,300,
000000000080000135,false,ERSA,MECH-BRG,,EA,,,
000000000010000605,false,HIBE,MECH-SEAL,,EA,,200,
000000000010000606,false,ERSA,ELEC-MOTR,,EA,,,
000000000030000136,false,ERSA,INST-XMTR,,EA,,100,
000000000080000136,false,ERSA,MILL-LINR,,EA,,400,
000000000080000137,false,ERSA,CONV-COMP,,EA,,,
000000000010000607,false,HIBE,INST-XMTR,ELL276412,EA,,200,
000000000010000608,false,ERSA,MECH-BRG,,EA,,200,
000000000010000609,false,ERSA,INST-XMTR,ELL880438,EA,,300,
000000000010000610,false,ERSA,HYDR-ASSY,,EA,,300,
000000000010000611,false,ERSA,ELEC-MOTR,,EA,,,
000000000010000612,false,ERSA,MECH-SEAL,,EA,,400,
000000000080000138,false,ERSA,HYDR-ASSY,ELL649934,EA,,300,
000000000010000613,false,ERSA,MECH-SEAL,,EA,,,
000000000010000614,false,ERSA,MECH-PUMP,ELL483453,EA,,300,
000000000090000033,false,ERSA,MILL-LINR,ELL998515,EA,01,400,
000000000030000137,false,ERSA,CONV-COMP,ELL882134,EA,,100,
000000000010000615,false,ERSA,MECH-BRG,,EA,,300,
000000000010000616,false,ERSA,MECH-GBOX,,EA,,,
000000000080000139,false,ERSA,MECH-PUMP,,EA,,300,
000000000010000617,false,HIBE,ELEC-CTRL,ELL899354,EA,,300,
000000000010000618,false,ERSA,CONV-COMP,,EA,,400,
000000000010000619,false,ERSA,CONV-COMP,,EA,,200,
000000000010000620,false,ERSA,MECH-SEAL,,EA,,200,
000000000010000621,false,ERSA,ELEC-MOTR,,EA,,,
000000000080000140,false,ERSA,MECH-PUMP,,EA,,400,
000000000030000138,false,ERSA,MECH-SEAL,,EA,,100,
000000000010000622,false,ERSA,INST-XMTR,,EA,,300,
000000000010000623,false,ERSA,MECH-SEAL,ELL305938,EA,,,
000000000010000624,false,ERSA,MECH-BRG,,EA,,200,
000000000010000625,false,HIBE,MECH-PUMP,ELL808985,EA,,300,
000000000010000626,false,ERSA,MECH-GBOX,ELL891035,EA,,,
000000000080000141,false,ERSA,ELEC-MOTR,,EA,,300,
000000000030000139,false,ERSA,CONV-COMP,,EA,,100,
000000000010000627,false,HIBE,MECH-BRG,,EA,,200,
000000000030000140,false,ERSA,INST-XMTR,,EA,,100,
000000000010000628,false,ERSA,CONV-COMP,,EA,,200,
000000000010000629,false,ERSA,INST-XMTR,ELL703166,EA,,200,
000000000010000630,false,ERSA,CONV-COMP,ELL650744,EA,,400,
000000000010000631,false,ERSA,ELEC-CTRL,,EA,,,
000000000010000632,false,ERSA,MECH-SEAL,,EA,,400,
000000000080000142,false,ERSA,MECH-BRG,ELL817292,EA,,300,Z00R
000000000010000633,false,ERSA,MECH-GBOX,,EA,,400,
000000000010000634,false,ERSA,MECH-SEAL,ELL814111,EA,,400,
000000000010000635,false,ERSA,CONV-COMP,,EA,,200,
000000000080000143,false,ERSA,HYDR-ASSY,ELL271289,EA,,300,
000000000010000636,false,ERSA,MECH-BRG,,EA,,,
000000000010000637,false,ERSA,ELEC-CTRL,,EA,,,
000000000030000141,false,ERSA,MECH-PUMP,ELL308181,EA,,100,
000000000030000142,false,ERSA,MECH-BRG,,EA,,100,
000000000080000144,false,ERSA,ELEC-CTRL,,EA,,,
000000000030000143,false,ERSA,HYDR-ASSY,,EA,,100,
000000000010000638,false,ERSA,MECH-GBOX,ELL789988,EA,,300,
000000000010000639,false,ERSA,ELEC-MOTR,ELL525397,EA,,,
000000000010000640,false,HIBE,MILL-LINR,,EA,,400,
000000000010000641,false,HIBE,MECH-BRG,,EA,,300,
000000000010000642,false,ERSA,MILL-LINR,,EA,,200,
000000000010000643,false,ERSA,MILL-LINR,,EA,,300,
000000000030000144,false,ERSA,MECH-BRG,,EA,,100,
000000000010000644,false,ERSA,MECH-GBOX,,EA,,200,
000000000010000645,false,ERSA,CONV-COMP,,EA,,400,
000000000010000646,false,ERSA,MECH-GBOX,,EA,,,
000000000010000647,false,ERSA,ELEC-MOTR,,EA,,,
000000000010000648,false,ERSA,ELEC-CTRL,,EA,,,
000000000010000649,false,ERSA,INST-XMTR,,EA,,300,
000000000010000650,false,ERSA,ELEC-MOTR,,EA,,400,
000000000010000651,false,ERSA,MECH-PUMP,ELL382148,EA,,400,
000000000010000652,false,ERSA,MECH-SEAL,,EA,,400,
000000000010000653,false,ERSA,HYDR-ASSY,,EA,,200,
000000000030000145,false,ERSA,MECH-SEAL,,EA,,100,
000000000010000654,false,ERSA,MILL-LINR,,EA,,,
000000000010000655,false,HIBE,INST-XMTR,,EA,,200,
000000000010000656,false,ERSA,ELEC-CTRL,ELL131269,EA,,300,
000000000080000145,false,ERSA,INST-XMTR,ELL865864,EA,,,0001
000000000030000146,false,ERSA,CONV-COMP,,EA,,100,
000000000010000657,false,ERSA,ELEC-MOTR,,EA,,300,
000000000010000658,false,ERSA,MILL-LINR,,EA,,300,
000000000010000659,false,HIBE,MECH-GBOX,,EA,,400,
000000000010000660,false,ERSA,MECH-BRG,ELL373484,EA,,300,
000000000010000661,false,ERSA,MECH-GBOX,ELL211781,EA,,300,
000000000030000147,false,ERSA,MILL-LINR,,EA,,100,
000000000010000662,false,HIBE,ELEC-MOTR,,EA,,300,
000000000010000663,false,ERSA,MECH-GBOX,,EA,,300,
000000000080000146,false,HIBE,HYDR-ASSY,,EA,,400,
000000000030000148,false,HIBE,INST-XMTR,,EA,,100,
000000000010000664,false,ERSA,MECH-BRG,,EA,,400,
000000000080000147,false,ERSA,HYDR-ASSY,ELL808825,EA,,300,
000000000010000665,false,ERSA,MILL-LINR,,EA,,,
000000000030000149,false,ERSA,ELEC-MOTR,,EA,,100,
000000000080000148,false,ERSA,ELEC-MOTR,,EA,,300,Z00R
000000000080000149,false,ERSA,MILL-LINR,,EA,,400,
000000000010000666,false,ERSA,MECH-BRG,ELL898650,EA,,400,
000000000030000150,false,ERSA,MILL-LINR,,EA,,100,
000000000010000667,false,HIBE,CONV-COMP,ELL632163,EA,,,
000000000010000668,false,ERSA,MECH-BRG,,EA,,400,
000000000010000669,false,ERSA,MILL-LINR,,EA,,200,
000000000010000670,false,ERSA,MECH-GBOX,,EA,,300,
000000000090000034,false,ERSA,MECH-BRG,ELL615453,EA,01,400,
000000000080000150,false,ERSA,ELEC-MOTR,,EA,,,
000000000030000151,false,HIBE,MECH-PUMP,,EA,,100,
000000000010000671,false,ERSA,MECH-BRG,,EA,,300,
000000000090000035,false,ERSA,MECH-BRG,,EA,01,300,
000000000010000672,false,ERSA,MECH-BRG,ELL887519,EA,,,
000000000030000152,false,ERSA,ELEC-MOTR,,EA,,100,
000000000010000673,false,ERSA,ELEC-CTRL,,EA,,200,
000000000010000674,false,ERSA,MECH-SEAL,ELL279169,EA,,300,
000000000010000675,false,ERSA,HYDR-ASSY,,EA,,300,
000000000080000151,false,ERSA,INST-XMTR,,EA,,300,
000000000010000676,false,ERSA,MECH-BRG,ELL503696,EA,,,
000000000010000677,false,ERSA,MECH-BRG,,EA,,,
000000000030000153,false,ERSA,HYDR-ASSY,ELL448309,EA,,100,
000000000090000036,false,ERSA,CONV-COMP,ELL387721,EA,01,400,
000000000010000678,false,ERSA,MECH-BRG,,EA,,,
000000000080000152,false,HIBE,MECH-PUMP,,EA,,400,
000000000030000154,false,ERSA,MECH-BRG,,EA,,100,
000000000030000155,false,ERSA,MECH-BRG,ELL966969,EA,,100,
000000000010000679,false,ERSA,ELEC-CTRL,,EA,,200,
000000000010000680,false,ERSA,ELEC-CTRL,,EA,,,
000000000010000681,false,ERSA,ELEC-CTRL,,EA,,400,
000000000030000156,false,ERSA,MECH-SEAL,,EA,,100,
000000000010000682,false,ERSA,MECH-PUMP,,EA,,400,
000000000080000153,false,ERSA,ELEC-CTRL,,EA,,200,
000000000090000037,false,ERSA,MILL-LINR,ELL496206,EA,01,,
000000000010000683,false,ERSA,MECH-GBOX,,EA,,,
000000000010000684,false,ERSA,ELEC-CTRL,,EA,,400,
000000000010000685,false,ERSA,HYDR-ASSY,ELL780436,EA,,200,
000000000010000686,false,ERSA,HYDR-ASSY,,EA,,300,
000000000010000687,false,ERSA,MECH-GBOX,ELL501453,EA,,300,
000000000080000154,false,ERSA,INST-XMTR,,EA,,400,
000000000010000688,false,ERSA,MECH-BRG,,EA,,,
000000000030000157,false,ERSA,MECH-SEAL,,EA,,100,
000000000090000038,false,ERSA,MILL-LINR,,EA,01,300,
000000000080000155,false,ERSA,INST-XMTR,ELL666633,EA,,,
000000000010000689,false,ERSA,INST-XMTR,,EA,,300,
000000000010000690,false,ERSA,MECH-BRG,,EA,,,
000000000010000691,false,HIBE,MECH-GBOX,,EA,,200,
000000000080000156,false,ERSA,CONV-COMP,ELL386509,EA,,300,
000000000010000692,false,ERSA,MECH-BRG,,EA,,400,
000000000010000693,false,ERSA,MILL-LINR,ELL190049,EA,,200,
000000000010000694,false,HIBE,MECH-BRG,ELL783859,EA,,300,
000000000010000695,false,HIBE,MECH-BRG,,EA,,,
000000000010000696,false,ERSA,ELEC-CTRL,,EA,,,
000000000030000158,false,ERSA,ELEC-CTRL,,EA,,100,
000000000010000697,false,ERSA,ELEC-CTRL,,EA,,400,
000000000010000698,false,ERSA,MECH-SEAL,,EA,,200,
000000000080000157,false,ERSA,HYDR-ASSY,ELL192715,EA,,,
000000000010000699,false,ERSA,MECH-SEAL,,EA,,200,
000000000010000700,false,ERSA,MECH-GBOX,,EA,,400,
000000000010000701,false,ERSA,CONV-COMP,,EA,,400,
000000000030000159,false,ERSA,MECH-PUMP,ELL592458,EA,,100,
000000000010000702,false,ERSA,MECH-SEAL,ELL219252,EA,,,
000000000010000703,false,ERSA,MECH-SEAL,,EA,,200,
000000000010000704,false,ERSA,CONV-COMP,,EA,,,
000000000010000705,false,ERSA,ELEC-MOTR,,EA,,400,
000000000010000706,false,ERSA,INST-XMTR,,EA,,200,
000000000010000707,false,ERSA,CONV-COMP,,EA,,,
000000000010000708,false,ERSA,MECH-PUMP,ELL830382,EA,,,
000000000010000709,false,ERSA,MECH-GBOX,,EA,,400,
000000000010000710,false,ERSA,MECH-GBOX,,EA,,,
000000000010000711,false,ERSA,MILL-LINR,ELL543785,EA,,400,
000000000080000158,false,ERSA,ELEC-CTRL,,EA,,300,
000000000080000159,false,ERSA,MILL-LINR,,EA,,300,
000000000010000712,false,ERSA,MILL-LINR,ELL164652,EA,,200,
000000000010000713,false,ERSA,MECH-GBOX,,EA,,400,
000000000030000160,false,ERSA,HYDR-ASSY,,EA,,100,
000000000030000161,false,HIBE,HYDR-ASSY,,EA,,100,
000000000030000162,false,ERSA,MECH-BRG,,EA,,100,
000000000010000714,false,ERSA,CONV-COMP,,EA,,,
000000000030000163,false,ERSA,ELEC-CTRL,ELL761333,EA,,100,
000000000080000160,false,ERSA,CONV-COMP,,EA,,,
000000000030000164,false,ERSA,CONV-COMP,,EA,,100,
000000000010000715,false,HIBE,ELEC-CTRL,,EA,,200,
000000000010000716,false,ERSA,MILL-LINR,,EA,,400,
000000000010000717,false,ERSA,MECH-SEAL,,EA,,400,
000000000030000165,false,ERSA,MECH-PUMP,,EA,,100,
000000000010000718,false,ERSA,MECH-SEAL,,EA,,300,
000000000080000161,false,ERSA,CONV-COMP,,EA,,200,Z00R
000000000010000719,false,ERSA,ELEC-MOTR,,EA,,400,
000000000030000166,false,ERSA,ELEC-MOTR,,EA,,100,
000000000010000720,false,ERSA,INST-XMTR,,EA,,,
000000000010000721,false,ERSA,MECH-GBOX,ELL194433,EA,,300,
000000000010000722,false,ERSA,MECH-SEAL,,EA,,300,
000000000030000167,false,ERSA,MECH-GBOX,,EA,,100,
000000000010000723,false,ERSA,MECH-SEAL,ELL222885,EA,,200,
000000000010000724,false,ERSA,MILL-LINR,,EA,,300,
000000000010000725,false,ERSA,MECH-BRG,ELL324467,EA,,400,
000000000010000726,false,ERSA,MILL-LINR,,EA,,400,
000000000080000162,false,HIBE,MECH-BRG,ELL836835,EA,,400,
000000000010000727,false,ERSA,ELEC-CTRL,,EA,,300,
000000000010000728,false,ERSA,MECH-SEAL,ELL258175,EA,,300,
000000000010000729,false,ERSA,INST-XMTR,,EA,,300,
000000000010000730,false,ERSA,MILL-LINR,ELL233806,EA,,300,
000000000010000731,false,ERSA,ELEC-CTRL,,EA,,,
000000000010000732,false,HIBE,ELEC-MOTR,,EA,,200,
000000000010000733,false,ERSA,ELEC-CTRL,,EA,,300,
000000000030000168,false,ERSA,MILL-LINR,,EA,,100,
000000000080000163,false,ERSA,ELEC-MOTR,ELL731862,EA,,200,
000000000090000039,false,ERSA,ELEC-CTRL,,EA,01,400,
000000000080000164,false,ERSA,ELEC-CTRL,,EA,,,
000000000010000734,false,HIBE,ELEC-CTRL,,EA,,300,
000000000010000735,false,HIBE,HYDR-ASSY,,EA,,300,
000000000090000040,false,ERSA,MECH-BRG,,EA,01,200,
000000000030000169,false,ERSA,ELEC-MOTR,,EA,,100,
000000000030000170,false,ERSA,MECH-BRG,,EA,,100,
000000000010000736,false,ERSA,HYDR-ASSY,,EA,,,
000000000010000737,false,ERSA,MILL-LINR,ELL364546,EA,,400,
000000000010000738,false,ERSA,MECH-SEAL,ELL518462,EA,,,
000000000010000739,false,ERSA,ELEC-MOTR,,EA,,200,
000000000010000740,false,ERSA,INST-XMTR,,EA,,400,
000000000010000741,false,ERSA,MECH-GBOX,,EA,,200,
000000000030000171,false,ERSA,MECH-SEAL,,EA,,100,
000000000010000742,false,ERSA,INST-XMTR,,EA,,,
000000000080000165,false,ERSA,MILL-LINR,,EA,,200,
000000000010000743,false,ERSA,ELEC-CTRL,,EA,,400,
000000000010000744,false,ERSA,MILL-LINR,,EA,,200,
000000000030000172,false,HIBE,MECH-BRG,,EA,,100,
000000000010000745,false,HIBE,MECH-BRG,ELL118700,EA,,300,
000000000010000746,false,ERSA,ELEC-CTRL,,EA,,400,
000000000030000173,false,ERSA,MECH-BRG,,EA,,100,
000000000080000166,false,ERSA,MECH-SEAL,,EA,,400,
000000000080000167,false,ERSA,MILL-LINR,,EA,,200,
000000000010000747,false,ERSA,MECH-BRG,,EA,,,
000000000030000174,false,ERSA,ELEC-CTRL,,EA,,100,
000000000010000748,false,HIBE,HYDR-ASSY,ELL856183,EA,,,
000000000010000749,false,ERSA,INST-XMTR,ELL922147,EA,,,
000000000010000750,false,ERSA,MILL-LINR,,EA,,200,
000000000080000168,false,ERSA,MECH-PUMP,ELL434189,EA,,300,
000000000080000169,false,ERSA,MECH-SEAL,,EA,,200,
000000000080000170,false,ERSA,MILL-LINR,,EA,,,
000000000010000751,false,ERSA,HYDR-ASSY,,EA,,200,
000000000010000752,false,ERSA,MILL-LINR,,EA,,200,
000000000010000753,false,ERSA,MECH-PUMP,,EA,,400,
000000000080000171,false,ERSA,ELEC-MOTR,ELL350122,EA,,200,
000000000010000754,false,HIBE,CONV-COMP,ELL753432,EA,,200,
000000000010000755,false,ERSA,MECH-GBOX,ELL897741,EA,,300,
000000000010000756,false,ERSA,MECH-GBOX,ELL508304,EA,,400,
000000000080000172,false,ERSA,INST-XMTR,,EA,,200,
000000000010000757,false,ERSA,MECH-PUMP,,EA,,200,
000000000030000175,false,ERSA,CONV-COMP,,EA,,100,
000000000010000758,false,ERSA,ELEC-MOTR,,EA,,400,
000000000010000759,false,ERSA,HYDR-ASSY,ELL554044,EA,,400,
000000000080000173,false,ERSA,HYDR-ASSY,,EA,,,
000000000010000760,false,ERSA,MECH-GBOX,,EA,,,
000000000010000761,false,ERSA,INST-XMTR,,EA,,200,
000000000010000762,false,HIBE,MILL-LINR,,EA,,200,
000000000080000174,false,HIBE,MECH-PUMP,,EA,,300,
000000000010000763,false,ERSA,INST-XMTR,ELL106401,EA,,300,
000000000030000176,false,ERSA,MECH-PUMP,,EA,,100,
000000000090000041,false,ERSA,MECH-GBOX,,EA,01,300,
000000000010000764,false,ERSA,INST-XMTR,,EA,,,
000000000080000175,false,ERSA,HYDR-ASSY,ELL648808,EA,,200,
000000000010000765,false,ERSA,CONV-COMP,ELL903155,EA,,,
000000000010000766,false,ERSA,MECH-GBOX,ELL540342,EA,,300,
000000000010000767,false,ERSA,ELEC-MOTR,ELL566811,EA,,300,
000000000010000768,false,ERSA,HYDR-ASSY,ELL379140,EA,,,
000000000030000177,false,ERSA,MILL-LINR,,EA,,100,
000000000010000769,false,ERSA,MECH-BRG,,EA,,,
000000000080000176,false,ERSA,MILL-LINR,ELL888408,EA,,200,
000000000010000770,false,ERSA,MECH-SEAL,,EA,,,
000000000010000771,false,ERSA,MECH-PUMP,,EA,,,
000000000080000177,false,ERSA,INST-XMTR,ELL194232,EA,,400,Z00R
000000000010000772,false,ERSA,INST-XMTR,,EA,,300,
000000000080000178,false,ERSA,CONV-COMP,,EA,,200,
000000000010000773,false,ERSA,ELEC-CTRL,,EA,,200,
000000000010000774,false,ERSA,ELEC-MOTR,,EA,,400,
000000000010000775,false,ERSA,MECH-GBOX,,EA,,,
000000000030000178,false,ERSA,MECH-BRG,ELL592904,EA,,100,
000000000010000776,false,HIBE,MECH-SEAL,ELL975564,EA,,,
000000000010000777,false,ERSA,MECH-GBOX,,EA,,,
000000000010000778,false,ERSA,MECH-BRG,,EA,,200,
000000000010000779,false,ERSA,INST-XMTR,,EA,,200,
000000000080000179,false,ERSA,ELEC-CTRL,,EA,,400,
000000000010000780,false,HIBE,ELEC-CTRL,,EA,,300,
000000000010000781,false,ERSA,MECH-GBOX,,EA,,300,
000000000030000179,false,HIBE,ELEC-CTRL,,EA,,100,
000000000010000782,false,HIBE,MECH-PUMP,,EA,,,
000000000010000783,false,ERSA,ELEC-MOTR,,EA,,200,
000000000010000784,false,ERSA,MECH-GBOX,ELL458217,EA,,,
000000000010000785,false,ERSA,CONV-COMP,ELL315695,EA,,300,
000000000030000180,false,ERSA,ELEC-CTRL,,EA,,100,
000000000080000180,false,ERSA,MECH-BRG,,EA,,400,
000000000010000786,false,ERSA,MILL-LINR,ELL759562,EA,,400,
000000000010000787,false,ERSA,MECH-BRG,,EA,,,
000000000010000788,false,ERSA,INST-XMTR,,EA,,300,
000000000010000789,false,ERSA,HYDR-ASSY,,EA,,400,
000000000010000790,false,ERSA,CONV-COMP,,EA,,300,
000000000030000181,false,ERSA,CONV-COMP,,EA,,100,
000000000010000791,false,ERSA,ELEC-CTRL,,EA,,400,
000000000010000792,false,ERSA,MILL-LINR,,EA,,,
000000000010000793,false,ERSA,INST-XMTR,,EA,,300,
000000000080000181,false,ERSA,MECH-GBOX,ELL976296,EA,,,
000000000010000794,false,ERSA,INST-XMTR,ELL119079,EA,,400,
000000000010000795,false,HIBE,MECH-PUMP,ELL454899,EA,,,
000000000010000796,false,ERSA,INST-XMTR,,EA,,200,
000000000080000182,false,ERSA,MECH-BRG,,EA,,200,
000000000010000797,false,ERSA,INST-XMTR,,EA,,,
000000000010000798,false,ERSA,CONV-COMP,ELL485324,EA,,300,
000000000030000182,false,ERSA,INST-XMTR,,EA,,100,
000000000030000183,false,ERSA,MECH-GBOX,,EA,,100,
000000000030000184,false,ERSA,INST-XMTR,,EA,,100,
000000000010000799,false,ERSA,CONV-COMP,ELL239454,EA,,300,
000000000010000800,false,ERSA,HYDR-ASSY,,EA,,300,
000000000080000183,false,ERSA,MECH-GBOX,,EA,,300,
000000000030000185,false,ERSA,HYDR-ASSY,ELL880204,EA,,100,
000000000010000801,false,ERSA,MECH-PUMP,,EA,,200,
000000000080000184,false,ERSA,MILL-LINR,ELL153985,EA,,400,
000000000010000802,false,ERSA,MECH-SEAL,,EA,,300,
000000000010000803,false,HIBE,HYDR-ASSY,,EA,,,
000000000010000804,false,ERSA,MILL-LINR,,EA,,,
000000000010000805,false,ERSA,MECH-BRG,ELL616819,EA,,400,
000000000010000806,false,ERSA,ELEC-MOTR,ELL766567,EA,,400,
000000000010000807,false,ERSA,MECH-PUMP,,EA,,,
000000000010000808,false,ERSA,INST-XMTR,,EA,,200,
000000000030000186,false,ERSA,ELEC-CTRL,,EA,,100,
000000000010000809,false,ERSA,MECH-BRG,,EA,,200,
000000000030000187,false,HIBE,ELEC-CTRL,,EA,,100,
000000000030000188,false,ERSA,ELEC-MOTR,ELL991876,EA,,100,
000000000010000810,false,ERSA,ELEC-CTRL,,EA,,300,
000000000030000189,false,ERSA,ELEC-CTRL,,EA,,100,
000000000010000811,false,ERSA,MECH-BRG,,EA,,,
000000000010000812,false,ERSA,HYDR-ASSY,,EA,,200,
000000000010000813,false,ERSA,MECH-BRG,ELL965365,EA,,,
000000000010000814,false,ERSA,MECH-GBOX,ELL307398,EA,,,
000000000010000815,false,HIBE,ELEC-MOTR,,EA,,300,
000000000030000190,false,ERSA,INST-XMTR,,EA,,100,
000000000010000816,false,ERSA,MECH-PUMP,,EA,,200,
000000000010000817,false,ERSA,MECH-PUMP,,EA,,,
000000000080000185,false,ERSA,MECH-PUMP,ELL668722,EA,,200,
000000000080000186,false,ERSA,MECH-SEAL,,EA,,300,
000000000010000818,false,ERSA,CONV-COMP,ELL976884,EA,,200,
000000000090000042,false,ERSA,CONV-COMP,,EA,01,200,
000000000010000819,false,HIBE,MECH-SEAL,,EA,,400,
000000000010000820,false,ERSA,MILL-LINR,,EA,,,
000000000010000821,false,ERSA,MECH-SEAL,,EA,,300,
000000000010000822,false,ERSA,CONV-COMP,,EA,,400,
000000000080000187,false,ERSA,MILL-LINR,,EA,,200,
000000000010000823,false,ERSA,MECH-SEAL,,EA,,300,
000000000010000824,false,ERSA,MILL-LINR,,EA,,200,
000000000030000191,false,ERSA,HYDR-ASSY,,EA,,100,
000000000030000192,false,HIBE,ELEC-CTRL,ELL690272,EA,,100,
000000000010000825,false,ERSA,HYDR-ASSY,ELL597979,EA,,400,
000000000010000826,false,ERSA,MECH-BRG,,EA,,,
000000000010000827,false,ERSA,MECH-GBOX,,EA,,300,
000000000010000828,false,ERSA,ELEC-MOTR,,EA,,200,
000000000010000829,false,ERSA,MECH-GBOX,,EA,,,
000000000010000830,false,ERSA,MECH-BRG,,EA,,400,
000000000010000831,false,ERSA,ELEC-MOTR,ELL854775,EA,,400,
000000000010000832,false,ERSA,ELEC-MOTR,,EA,,,
000000000080000188,false,ERSA,MECH-BRG,ELL947034,EA,,300,
000000000010000833,false,ERSA,CONV-COMP,,EA,,300,
000000000030000193,false,HIBE,MECH-PUMP,ELL811888,EA,,100,
000000000010000834,false,ERSA,ELEC-MOTR,,EA,,300,
000000000080000189,false,ERSA,CONV-COMP,,EA,,300,
000000000030000194,false,ERSA,ELEC-CTRL,,EA,,100,
000000000010000835,false,ERSA,ELEC-CTRL,ELL642444,EA,,200,
000000000030000195,false,ERSA,MECH-SEAL,,EA,,100,
000000000010000836,false,HIBE,ELEC-MOTR,,EA,,,
000000000030000196,false,ERSA,CONV-COMP,,EA,,100,
000000000010000837,false,ERSA,MILL-LINR,,EA,,300,
000000000010000838,false,ERSA,CONV-COMP,ELL331207,EA,,200,
000000000090000043,false,ERSA,MECH-PUMP,ELL836881,EA,01,400,
000000000010000839,false,HIBE,MILL-LINR,,EA,,300,
000000000010000840,false,HIBE,MECH-PUMP,,EA,,200,
000000000010000841,false,ERSA,MECH-BRG,,EA,,200,
000000000080000190,false,ERSA,MILL-LINR,,EA,,300,
000000000010000842,false,ERSA,MECH-PUMP,ELL715101,EA,,300,
000000000010000843,false,ERSA,INST-XMTR,,EA,,300,
000000000030000197,false,ERSA,MECH-PUMP,,EA,,100,
000000000080000191,false,ERSA,MECH-PUMP,ELL528036,EA,,300,
000000000030000198,false,ERSA,MECH-BRG,ELL821436,EA,,100,
000000000030000199,false,ERSA,MECH-SEAL,,EA,,100,
000000000080000192,false,ERSA,INST-XMTR,,EA,,300,
000000000010000844,false,ERSA,INST-XMTR,,EA,,200,
000000000030000200,false,ERSA,MECH-PUMP,,EA,,100,
000000000010000845,false,ERSA,MECH-GBOX,,EA,,,
000000000080000193,false,ERSA,MECH-GBOX,,EA,,400,
000000000010000846,false,ERSA,CONV-COMP,,EA,,300,
000000000030000201,false,HIBE,MECH-PUMP,,EA,,100,
000000000010000847,false,ERSA,HYDR-ASSY,,EA,,400,
000000000010000848,false,ERSA,HYDR-ASSY,,EA,,200,
000000000010000849,false,ERSA,ELEC-MOTR,ELL397979,EA,,300,
000000000030000202,false,ERSA,MECH-BRG,ELL647476,EA,,100,
000000000010000850,false,HIBE,MECH-GBOX,,EA,,400,
000000000010000851,false,ERSA,MECH-SEAL,ELL322728,EA,,200,
000000000010000852,false,ERSA,MECH-PUMP,ELL326595,EA,,200,
000000000030000203,false,HIBE,MECH-SEAL,,EA,,100,
000000000030000204,false,ERSA,HYDR-ASSY,,EA,,100,
000000000010000853,false,ERSA,ELEC-CTRL,ELL479588,EA,,200,
000000000010000854,false,HIBE,MECH-BRG,,EA,,400,
000000000010000855,false,ERSA,MECH-SEAL,ELL656306,EA,,400,
000000000010000856,false,HIBE,ELEC-MOTR,ELL131231,EA,,200,
000000000010000857,false,ERSA,MILL-LINR,,EA,,,
000000000080000194,false,ERSA,CONV-COMP,,EA,,400,
000000000010000858,false,ERSA,INST-XMTR,,EA,,,
000000000010000859,false,ERSA,MECH-GBOX,ELL778209,EA,,400,
000000000010000860,false,ERSA,MECH-SEAL,,EA,,400,
000000000010000861,false,ERSA,MECH-SEAL,,EA,,200,
000000000030000205,false,ERSA,CONV-COMP,,EA,,100,
000000000090000044,false,ERSA,MECH-SEAL,,EA,01,200,
000000000010000862,false,ERSA,ELEC-CTRL,,EA,,,
000000000010000863,false,ERSA,ELEC-MOTR,ELL795261,EA,,300,
000000000010000864,false,ERSA,ELEC-CTRL,,EA,,400,
000000000030000206,false,ERSA,MECH-BRG,ELL791032,EA,,100,
000000000010000865,false,ERSA,MECH-PUMP,,EA,,400,
000000000010000866,false,HIBE,INST-XMTR,ELL159607,EA,,300,
000000000010000867,false,HIBE,MILL-LINR,ELL540900,EA,,200,
000000000080000195,false,ERSA,ELEC-CTRL,,EA,,400,
000000000030000207,false,ERSA,MECH-GBOX,,EA,,100,
000000000080000196,false,ERSA,MILL-LINR,ELL377170,EA,,,
000000000030000208,false,ERSA,ELEC-MOTR,,EA,,100,
000000000030000209,false,ERSA,MECH-GBOX,ELL828666,EA,,100,
000000000080000197,false,ERSA,ELEC-CTRL,ELL222112,EA,,400,
000000000080000198,false,ERSA,HYDR-ASSY,,EA,,,
000000000030000210,false,ERSA,MECH-GBOX,,EA,,100,
000000000010000868,false,ERSA,CONV-COMP,,EA,,400,
000000000010000869,false,ERSA,CONV-COMP,ELL954049,EA,,,
000000000010000870,false,HIBE,MECH-SEAL,,EA,,,
000000000010000871,false,HIBE,MECH-SEAL,ELL653177,EA,,300,
000000000030000211,false,ERSA,MILL-LINR,,EA,,100,
000000000010000872,false,ERSA,MILL-LINR,,EA,,200,
000000000030000212,false,HIBE,MILL-LINR,,EA,,100,
000000000010000873,false,ERSA,MECH-GBOX,,EA,,300,
000000000080000199,false,ERSA,CONV-COMP,,EA,,,
000000000010000874,false,ERSA,MECH-PUMP,ELL762549,EA,,,
000000000080000200,false,ERSA,HYDR-ASSY,ELL119294,EA,,,
000000000010000875,false,ERSA,MECH-PUMP,,EA,,200,
000000000010000876,false,HIBE,MECH-BRG,ELL403538,EA,,,
000000000010000877,false,ERSA,MECH-PUMP,,EA,,400,
000000000010000878,false,ERSA,MILL-LINR,,EA,,400,
000000000010000879,false,ERSA,MECH-BRG,ELL611282,EA,,300,
000000000010000880,false,ERSA,MECH-SEAL,,EA,,,
000000000030000213,false,ERSA,INST-XMTR,,EA,,100,
000000000010000881,false,ERSA,CONV-COMP,,EA,,400,
000000000010000882,false,ERSA,INST-XMTR,,EA,,300,
000000000010000883,false,ERSA,INST-XMTR,,EA,,,
000000000010000884,false,ERSA,MILL-LINR,,EA,,,
000000000010000885,false,ERSA,CONV-COMP,ELL851480,EA,,,
000000000030000214,false,ERSA,MECH-SEAL,ELL569659,EA,,100,
000000000010000886,false,ERSA,MILL-LINR,,EA,,200,
000000000010000887,false,ERSA,MECH-PUMP,,EA,,200,
000000000030000215,false,ERSA,ELEC-MOTR,,EA,,100,
000000000010000888,false,ERSA,INST-XMTR,,EA,,200,
000000000010000889,false,ERSA,ELEC-MOTR,ELL423643,EA,,200,
000000000030000216,false,ERSA,MECH-SEAL,,EA,,100,
000000000010000890,false,ERSA,MILL-LINR,,EA,,400,
000000000010000891,false,ERSA,MILL-LINR,,EA,,,
000000000030000217,false,ERSA,HYDR-ASSY,ELL418745,EA,,100,
000000000090000045,false,HIBE,CONV-COMP,,EA,01,,
000000000010000892,false,ERSA,MECH-GBOX,,EA,,200,
000000000010000893,false,ERSA,MECH-PUMP,,EA,,300,
000000000010000894,false,ERSA,MECH-SEAL,,EA,,,
000000000010000895,false,ERSA,ELEC-MOTR,ELL739346,EA,,200,
000000000030000218,false,ERSA,MECH-SEAL,,EA,,100,
000000000030000219,false,ERSA,MECH-SEAL,,EA,,100,
000000000010000896,false,ERSA,MILL-LINR,ELL654493,EA,,400,
000000000030000220,false,ERSA,MECH-BRG,,EA,,100,
000000000010000897,false,HIBE,ELEC-MOTR,,EA,,200,
000000000010000898,false,ERSA,HYDR-ASSY,,EA,,400,
000000000010000899,false,ERSA,MILL-LINR,,EA,,,
000000000010000900,false,HIBE,MILL-LINR,ELL796093,EA,,200,
000000000010000901,false,HIBE,HYDR-ASSY,,EA,,,
000000000080000201,false,ERSA,INST-XMTR,,EA,,300,
000000000080000202,false,ERSA,ELEC-MOTR,,EA,,400,
000000000080000203,false,ERSA,HYDR-ASSY,ELL462902,EA,,400,
000000000010000902,false,ERSA,MILL-LINR,,EA,,200,
000000000010000903,false,ERSA,ELEC-CTRL,,EA,,400,
000000000010000904,false,ERSA,MECH-PUMP,,EA,,,
000000000010000905,false,HIBE,MECH-SEAL,,EA,,300,
000000000080000204,false,ERSA,MECH-BRG,ELL391483,EA,,300,
000000000010000906,false,ERSA,MECH-PUMP,ELL632686,EA,,400,
000000000090000046,false,ERSA,ELEC-MOTR,ELL667594,EA,01,300,
000000000030000221,false,HIBE,ELEC-CTRL,,EA,,100,
000000000010000907,false,ERSA,INST-XMTR,,EA,,300,
000000000010000908,false,ERSA,ELEC-MOTR,,EA,,400,
000000000010000909,false,ERSA,INST-XMTR,,EA,,200,
000000000010000910,false,ERSA,MECH-GBOX,,EA,,300,
000000000030000222,false,ERSA,MECH-BRG,,EA,,100,
000000000080000205,false,ERSA,MECH-BRG,ELL526849,EA,,200,
000000000010000911,false,ERSA,HYDR-ASSY,,EA,,200,
000000000010000912,false,HIBE,MECH-BRG,,EA,,,
000000000010000913,false,ERSA,ELEC-CTRL,ELL802557,EA,,400,
000000000030000223,false,ERSA,INST-XMTR,ELL241740,EA,,100,
000000000010000914,false,ERSA,MECH-BRG,ELL327569,EA,,,
000000000090000047,false,ERSA,MILL-LINR,,EA,01,200,
000000000030000224,false,ERSA,INST-XMTR,ELL827623,EA,,100,
000000000080000206,false,ERSA,MECH-SEAL,ELL886421,EA,,300,
000000000010000915,false,ERSA,MECH-SEAL,,EA,,,
000000000010000916,false,ERSA,MECH-PUMP,,EA,,,
000000000080000207,false,ERSA,ELEC-MOTR,,EA,,400,
000000000080000208,false,ERSA,MILL-LINR,,EA,,,
000000000010000917,false,HIBE,MECH-PUMP,,EA,,300,
000000000030000225,false,ERSA,MECH-BRG,,EA,,100,
000000000010000918,false,ERSA,MECH-PUMP,ELL633517,EA,,,
000000000030000226,false,ERSA,ELEC-CTRL,,EA,,100,
000000000080000209,false,ERSA,MECH-GBOX,,EA,,,0001
000000000010000919,false,ERSA,MECH-SEAL,,EA,,,
000000000010000920,false,ERSA,MECH-PUMP,,EA,,300,
000000000080000210,false,ERSA,ELEC-MOTR,,EA,,300,
000000000010000921,false,ERSA,HYDR-ASSY,ELL904257,EA,,400,
000000000080000211,false,ERSA,MILL-LINR,,EA,,,
000000000010000922,false,ERSA,MECH-BRG,ELL258560,EA,,300,
000000000030000227,false,ERSA,ELEC-CTRL,,EA,,100,
000000000080000212,false,HIBE,ELEC-MOTR,,EA,,400,
000000000010000923,false,ERSA,MECH-GBOX,,EA,,,
000000000010000924,false,ERSA,MECH-BRG,,EA,,400,
000000000080000213,false,HIBE,MECH-PUMP,ELL784025,EA,,300,0001
000000000030000228,false,HIBE,MECH-BRG,,EA,,100,
000000000010000925,false,ERSA,ELEC-MOTR,ELL422374,EA,,200,
000000000010000926,false,ERSA,HYDR-ASSY,,EA,,300,
000000000030000229,false,ERSA,MECH-GBOX,ELL153089,EA,,100,
000000000010000927,false,ERSA,HYDR-ASSY,,EA,,,
000000000010000928,false,ERSA,MILL-LINR,ELL548001,EA,,200,
000000000030000230,false,HIBE,MECH-PUMP,,EA,,100,
000000000010000929,false,HIBE,ELEC-CTRL,ELL760076,EA,,200,
000000000090000048,false,ERSA,CONV-COMP,,EA,01,300,
000000000030000231,false,ERSA,HYDR-ASSY,,EA,,100,
000000000030000232,false,ERSA,MECH-SEAL,,EA,,100,
000000000030000233,false,ERSA,CONV-COMP,,EA,,100,
000000000010000930,false,ERSA,INST-XMTR,ELL590680,EA,,200,
000000000080000214,false,ERSA,MILL-LINR,,EA,,,
000000000010000931,false,ERSA,INST-XMTR,,EA,,400,
000000000010000932,false,ERSA,CONV-COMP,,EA,,200,
000000000010000933,false,ERSA,MECH-BRG,ELL335483,EA,,300,
000000000080000215,false,ERSA,MECH-GBOX,,EA,,300,
000000000080000216,false,ERSA,ELEC-MOTR,,EA,,200,
000000000010000934,false,ERSA,MECH-SEAL,,EA,,200,
000000000010000935,false,ERSA,HYDR-ASSY,,EA,,400,
000000000080000217,false,ERSA,HYDR-ASSY,ELL502978,EA,,,
000000000080000218,false,HIBE,HYDR-ASSY,ELL356475,EA,,300,
000000000080000219,false,ERSA,HYDR-ASSY,,EA,,,Z00R
000000000010000936,false,ERSA,CONV-COMP,ELL503725,EA,,200,
000000000030000234,false,ERSA,INST-XMTR,,EA,,100,
000000000010000937,false,ERSA,ELEC-CTRL,ELL825469,EA,,200,
000000000030000235,false,ERSA,HYDR-ASSY,,EA,,100,
000000000080000220,false,HIBE,ELEC-MOTR,,EA,,200,
000000000010000938,false,ERSA,ELEC-MOTR,ELL677675,EA,,300,
000000000010000939,false,ERSA,MILL-LINR,,EA,,,
000000000030000236,false,ERSA,INST-XMTR,,EA,,100,
000000000010000940,false,ERSA,ELEC-CTRL,,EA,,300,
000000000010000941,false,ERSA,MECH-GBOX,ELL316003,EA,,300,
000000000010000942,false,ERSA,MECH-BRG,,EA,,,
000000000080000221,false,ERSA,MECH-SEAL,,EA,,300,
000000000010000943,false,ERSA,CONV-COMP,,EA,,300,
000000000090000049,false,ERSA,MECH-PUMP,ELL419235,EA,01,400,
000000000010000944,false,ERSA,ELEC-CTRL,,EA,,400,
000000000010000945,false,ERSA,MILL-LINR,,EA,,,
000000000010000946,false,ERSA,MECH-PUMP,,EA,,300,
000000000080000222,false,ERSA,ELEC-CTRL,ELL347532,EA,,200,
000000000080000223,false,ERSA,CONV-COMP,,EA,,300,
000000000030000237,false,ERSA,ELEC-CTRL,,EA,,100,
000000000010000947,false,ERSA,MECH-SEAL,ELL980866,EA,,400,
000000000010000948,false,HIBE,CONV-COMP,,EA,,,
000000000080000224,false,ERSA,MILL-LINR,ELL381928,EA,,200,
000000000010000949,false,ERSA,HYDR-ASSY,ELL920219,EA,,200,
000000000030000238,false,ERSA,ELEC-MOTR,,EA,,100,
000000000030000239,false,ERSA,MECH-PUMP,,EA,,100,
000000000030000240,false,ERSA,MECH-BRG,,EA,,100,
000000000080000225,false,ERSA,MECH-GBOX,,EA,,300,
000000000030000241,false,ERSA,MECH-GBOX,,EA,,100,
000000000080000226,false,ERSA,ELEC-MOTR,,EA,,200,
000000000030000242,false,ERSA,CONV-COMP,,EA,,100,
000000000030000243,false,ERSA,ELEC-MOTR,,EA,,100,
000000000080000227,false,HIBE,INST-XMTR,ELL608658,EA,,300,Z00R
000000000080000228,false,ERSA,HYDR-ASSY,,EA,,300,Z00R
000000000010000950,false,ERSA,ELEC-CTRL,ELL548468,EA,,400,
000000000030000244,false,ERSA,HYDR-ASSY,,EA,,100,
000000000010000951,false,ERSA,MILL-LINR,,EA,,400,
000000000030000245,false,ERSA,MECH-GBOX,,EA,,100,
000000000090000050,false,ERSA,ELEC-MOTR,ELL454035,EA,01,200,
000000000010000952,false,ERSA,ELEC-MOTR,,EA,,300,
000000000010000953,false,ERSA,MECH-BRG,,EA,,200,
000000000010000954,false,ERSA,ELEC-CTRL,ELL815774,EA,,400,
000000000030000246,false,ERSA,CONV-COMP,,EA,,100,
000000000010000955,false,ERSA,CONV-COMP,ELL926791,EA,,200,
000000000010000956,false,ERSA,CONV-COMP,,EA,,400,
000000000080000229,false,ERSA,MECH-GBOX,,EA,,300,
000000000080000230,false,ERSA,INST-XMTR,ELL905537,EA,,400,0001
000000000010000957,false,ERSA,MECH-SEAL,,EA,,,
000000000010000958,false,ERSA,MECH-BRG,,EA,,300,
000000000010000959,false,HIBE,MILL-LINR,ELL818527,EA,,400,
000000000010000960,false,ERSA,MECH-BRG,,EA,,400,
000000000080000231,false,ERSA,MECH-PUMP,,EA,,400,Z00R
000000000030000247,false,ERSA,ELEC-CTRL,,EA,,100,
000000000080000232,false,HIBE,MECH-SEAL,,EA,,,
000000000010000961,false,ERSA,HYDR-ASSY,ELL675603,EA,,,
000000000030000248,false,ERSA,ELEC-CTRL,,EA,,100,
000000000010000962,false,ERSA,MECH-PUMP,,EA,,200,
000000000010000963,false,ERSA,HYDR-ASSY,,EA,,,
000000000010000964,false,ERSA,MECH-GBOX,ELL373398,EA,,400,
000000000080000233,false,ERSA,MECH-SEAL,,EA,,200,
000000000010000965,false,ERSA,CONV-COMP,ELL698500,EA,,,
000000000010000966,false,ERSA,MECH-SEAL,,EA,,200,
000000000090000051,false,ERSA,MILL-LINR,,EA,01,,
000000000010000967,false,ERSA,ELEC-CTRL,,EA,,400,
000000000030000249,false,HIBE,MILL-LINR,,EA,,100,
000000000010000968,false,HIBE,MILL-LINR,,EA,,300,
000000000010000969,false,ERSA,ELEC-CTRL,ELL794148,EA,,300,
000000000010000970,false,ERSA,ELEC-MOTR,,EA,,,
000000000010000971,false,ERSA,CONV-COMP,,EA,,,
000000000010000972,false,ERSA,CONV-COMP,,EA,,,
000000000010000973,false,HIBE,INST-XMTR,,EA,,300,
000000000010000974,false,ERSA,MILL-LINR,,EA,,200,
000000000010000975,false,ERSA,CONV-COMP,,EA,,300,
000000000010000976,false,HIBE,MECH-SEAL,,EA,,200,
000000000080000234,false,ERSA,MILL-LINR,,EA,,400,
000000000010000977,false,ERSA,MECH-SEAL,,EA,,,
000000000080000235,false,ERSA,INST-XMTR,,EA,,400,
000000000080000236,false,ERSA,MECH-BRG,ELL314610,EA,,300,0001
000000000010000978,false,ERSA,MECH-PUMP,,EA,,,
000000000010000979,false,ERSA,HYDR-ASSY,,EA,,300,
000000000010000980,false,ERSA,MECH-PUMP,,EA,,,
000000000010000981,false,HIBE,HYDR-ASSY,,EA,,200,
000000000010000982,false,ERSA,ELEC-CTRL,,EA,,,
000000000010000983,false,ERSA,MECH-BRG,,EA,,200,
000000000030000250,false,HIBE,MILL-LINR,ELL624834,EA,,100,
000000000080000237,false,HIBE,MECH-GBOX,,EA,,300,
000000000010000984,false,ERSA,MECH-SEAL,,EA,,300,
000000000010000985,false,ERSA,CONV-COMP,ELL853505,EA,,400,
000000000080000238,false,ERSA,MECH-SEAL,,EA,,400,Z00R
000000000010000986,false,ERSA,CONV-COMP,,EA,,300,
000000000010000987,false,ERSA,ELEC-CTRL,,EA,,400,
000000000010000988,false,HIBE,MECH-PUMP,ELL756352,EA,,300,
000000000030000251,false,ERSA,ELEC-CTRL,,EA,,100,
000000000010000989,false,HIBE,ELEC-MOTR,,EA,,300,
000000000010000990,false,ERSA,MECH-SEAL,,EA,,400,
000000000090000052,false,ERSA,ELEC-CTRL,,EA,01,200,
000000000080000239,false,ERSA,ELEC-CTRL,,EA,,,
000000000080000240,false,ERSA,ELEC-CTRL,,EA,,,
000000000010000991,false,ERSA,ELEC-MOTR,,EA,,200,
000000000010000992,false,ERSA,ELEC-MOTR,ELL938723,EA,,,
000000000010000993,false,ERSA,CONV-COMP,ELL332563,EA,,300,
000000000010000994,false,ERSA,INST-XMTR,,EA,,300,
000000000010000995,false,ERSA,MILL-LINR,,EA,,,
000000000010000996,false,ERSA,MILL-LINR,,EA,,300,
000000000010000997,false,ERSA,CONV-COMP,,EA,,200,
000000000010000998,false,ERSA,MILL-LINR,ELL407474,EA,,,
000000000010000999,false,HIBE,MECH-GBOX,ELL986010,EA,,200,
000000000010001000,false,ERSA,MECH-BRG,ELL188727,EA,,,
000000000010001001,false,ERSA,MECH-PUMP,,EA,,,
000000000030000252,false,ERSA,CONV-COMP,,EA,,100,
000000000030000253,false,ERSA,INST-XMTR,,EA,,100,
000000000010001002,false,ERSA,HYDR-ASSY,,EA,,200,
000000000030000254,false,ERSA,MECH-PUMP,,EA,,100,
000000000010001003,false,ERSA,MECH-SEAL,ELL649430,EA,,300,
000000000010001004,false,ERSA,ELEC-MOTR,ELL161622,EA,,200,
000000000010001005,false,ERSA,ELEC-MOTR,,EA,,200,
000000000080000241,false,ERSA,CONV-COMP,,EA,,200,
000000000010001006,false,ERSA,CONV-COMP,,EA,,200,
000000000010001007,false,ERSA,MILL-LINR,,EA,,,
000000000080000242,false,ERSA,ELEC-MOTR,,EA,,,
000000000030000255,false,ERSA,HYDR-ASSY,ELL204525,EA,,100,
000000000010001008,false,ERSA,ELEC-MOTR,,EA,,200,
000000000030000256,false,ERSA,MECH-GBOX,,EA,,100,
000000000080000243,false,ERSA,MECH-GBOX,,EA,,300,Z00R
000000000010001009,false,ERSA,ELEC-MOTR,ELL531056,EA,,,
000000000080000244,false,ERSA,MECH-BRG,,EA,,200,Z00R
000000000080000245,false,ERSA,CONV-COMP,,EA,,200,
000000000010001010,false,ERSA,ELEC-CTRL,ELL482125,EA,,,
000000000010001011,false,ERSA,CONV-COMP,,EA,,400,
000000000010001012,false,ERSA,INST-XMTR,ELL738863,EA,,400,
000000000010001013,false,ERSA,MILL-LINR,,EA,,400,
000000000080000246,false,HIBE,MECH-PUMP,,EA,,300,0001
000000000010001014,false,ERSA,MECH-GBOX,,EA,,300,
000000000080000247,false,ERSA,MECH-SEAL,,EA,,,
000000000080000248,false,HIBE,MECH-GBOX,ELL242683,EA,,400,
000000000080000249,false,ERSA,MECH-GBOX,ELL470705,EA,,200,
000000000010001015,false,ERSA,MECH-GBOX,ELL432247,EA,,300,
000000000010001016,false,ERSA,HYDR-ASSY,,EA,,400,
000000000030000257,false,ERSA,MECH-SEAL,ELL395872,EA,,100,
000000000080000250,false,ERSA,HYDR-ASSY,ELL156244,EA,,,
000000000030000258,false,ERSA,MECH-GBOX,ELL679116,EA,,100,
000000000010001017,false,HIBE,CONV-COMP,,EA,,,
000000000080000251,false,ERSA,MECH-GBOX,ELL145649,EA,,300,
000000000010001018,false,ERSA,MECH-SEAL,,EA,,400,
000000000030000259,false,ERSA,MILL-LINR,,EA,,100,
000000000080000252,false,ERSA,MECH-SEAL,,EA,,400,
000000000010001019,false,ERSA,ELEC-CTRL,ELL130492,EA,,,
000000000010001020,false,ERSA,MECH-GBOX,,EA,,400,
000000000010001021,false,HIBE,MECH-BRG,,EA,,300,
000000000010001022,false,ERSA,INST-XMTR,ELL260525,EA,,400,
000000000010001023,false,ERSA,HYDR-ASSY,,EA,,,
000000000080000253,false,ERSA,INST-XMTR,,EA,,400,
000000000010001024,false,ERSA,MECH-SEAL,,EA,,200,
000000000030000260,false,ERSA,MECH-PUMP,,EA,,100,
000000000010001025,false,ERSA,ELEC-MOTR,,EA,,200,
000000000010001026,false,ERSA,MILL-LINR,ELL518296,EA,,400,
000000000010001027,false,HIBE,ELEC-MOTR,ELL387398,EA,,,
000000000010001028,false,ERSA,MECH-SEAL,,EA,,300,
000000000030000261,false,HIBE,MECH-GBOX,ELL685903,EA,,100,
000000000010001029,false,ERSA,MILL-LINR,,EA,,400,
000000000010001030,false,HIBE,ELEC-MOTR,ELL931327,EA,,,
000000000030000262,false,ERSA,CONV-COMP,ELL850635,EA,,100,
000000000080000254,false,ERSA,ELEC-CTRL,,EA,,300,
000000000010001031,false,ERSA,HYDR-ASSY,,EA,,400,
000000000080000255,false,ERSA,ELEC-CTRL,,EA,,,
000000000080000256,false,ERSA,MILL-LINR,,EA,,200,
000000000010001032,false,HIBE,MECH-GBOX,,EA,,,
000000000010001033,false,ERSA,MECH-GBOX,,EA,,200,
000000000080000257,false,ERSA,MECH-GBOX,,EA,,,
000000000010001034,false,ERSA,INST-XMTR,ELL913630,EA,,400,
000000000010001035,false,ERSA,MECH-PUMP,,EA,,400,
000000000010001036,false,ERSA,HYDR-ASSY,ELL369521,EA,,300,
000000000030000263,false,ERSA,MECH-PUMP,,EA,,100,
000000000010001037,false,ERSA,ELEC-MOTR,,EA,,400,
000000000010001038,false,ERSA,MECH-BRG,,EA,,300,
000000000010001039,false,HIBE,INST-XMTR,,EA,,,
000000000010001040,false,ERSA,MECH-BRG,,EA,,200,
000000000010001041,false,ERSA,MECH-PUMP,,EA,,400,
000000000010001042,false,ERSA,ELEC-CTRL,ELL532796,EA,,200,
000000000080000258,false,HIBE,HYDR-ASSY,,EA,,,
000000000010001043,false,ERSA,ELEC-CTRL,,EA,,300,
000000000010001044,false,ERSA,MILL-LINR,,EA,,300,
000000000010001045,false,ERSA,HYDR-ASSY,,EA,,300,
000000000010001046,false,HIBE,CONV-COMP,ELL897781,EA,,,
000000000010001047,false,HIBE,MECH-SEAL,,EA,,300,
000000000010001048,false,ERSA,INST-XMTR,,EA,,200,
000000000010001049,false,ERSA,ELEC-CTRL,,EA,,,
000000000010001050,false,ERSA,MECH-SEAL,ELL233740,EA,,,
000000000010001051,false,ERSA,MECH-PUMP,ELL801246,EA,,300,
000000000030000264,false,HIBE,INST-XMTR,,EA,,100,
000000000030000265,false,ERSA,ELEC-MOTR,,EA,,100,
000000000080000259,false,ERSA,CONV-COMP,,EA,,300,
000000000010001052,false,ERSA,ELEC-CTRL,,EA,,,
000000000080000260,false,ERSA,MECH-BRG,,EA,,400,
000000000010001053,false,HIBE,ELEC-MOTR,,EA,,300,
000000000080000261,false,ERSA,ELEC-CTRL,,EA,,,
000000000030000266,false,HIBE,ELEC-MOTR,ELL599318,EA,,100,
000000000010001054,false,ERSA,MECH-SEAL,ELL254015,EA,,300,
000000000010001055,false,ERSA,HYDR-ASSY,,EA,,300,
000000000010001056,false,ERSA,MILL-LINR,,EA,,,
000000000010001057,false,ERSA,INST-XMTR,,EA,,200,
000000000030000267,false,ERSA,HYDR-ASSY,,EA,,100,
000000000010001058,false,ERSA,MILL-LINR,ELL653283,EA,,400,
000000000010001059,false,HIBE,ELEC-CTRL,,EA,,400,
000000000080000262,false,ERSA,CONV-COMP,ELL535216,EA,,,
000000000010001060,false,ERSA,MECH-PUMP,ELL108301,EA,,400,
000000000010001061,false,ERSA,MILL-LINR,ELL296895,EA,,200,
000000000090000053,false,ERSA,MECH-PUMP,,EA,01,300,
000000000010001062,false,ERSA,MECH-SEAL,,EA,,300,
000000000010001063,false,ERSA,MECH-SEAL,ELL100177,EA,,,
000000000030000268,false,HIBE,CONV-COMP,ELL259459,EA,,100,
000000000010001064,false,ERSA,HYDR-ASSY,ELL488573,EA,,,
000000000010001065,false,ERSA,MILL-LINR,,EA,,400,
000000000010001066,false,HIBE,INST-XMTR,,EA,,400,
000000000010001067,false,ERSA,MECH-BRG,,EA,,400,
000000000010001068,false,ERSA,MILL-LINR,,EA,,300,
000000000010001069,false,HIBE,MECH-PUMP,ELL674976,EA,,200,
000000000090000054,false,HIBE,ELEC-MOTR,,EA,01,300,
000000000010001070,false,ERSA,MECH-SEAL,,EA,,,
000000000030000269,false,HIBE,MILL-LINR,,EA,,100,
000000000010001071,false,ERSA,HYDR-ASSY,,EA,,400,
000000000010001072,false,ERSA,ELEC-CTRL,ELL578361,EA,,400,
000000000010001073,false,HIBE,INST-XMTR,ELL681419,EA,,400,
000000000030000270,false,ERSA,ELEC-CTRL,ELL658584,EA,,100,
000000000010001074,false,ERSA,ELEC-MOTR,ELL738750,EA,,200,
000000000010001075,false,HIBE,MECH-BRG,,EA,,400,
000000000010001076,false,ERSA,HYDR-ASSY,,EA,,300,
000000000080000263,false,ERSA,MECH-SEAL,,EA,,400,0001
000000000010001077,false,ERSA,HYDR-ASSY,ELL427678,EA,,300,
000000000010001078,false,ERSA,ELEC-MOTR,ELL521565,EA,,300,
000000000080000264,false,ERSA,MECH-BRG,,EA,,400,
000000000010001079,false,ERSA,ELEC-CTRL,ELL436603,EA,,400,
000000000030000271,false,ERSA,MILL-LINR,ELL227833,EA,,100,
000000000010001080,false,ERSA,MECH-GBOX,ELL339000,EA,,200,
000000000010001081,false,HIBE,MECH-GBOX,,EA,,200,
000000000010001082,false,ERSA,INST-XMTR,,EA,,,
000000000010001083,false,ERSA,MILL-LINR,,EA,,400,
000000000030000272,false,ERSA,MILL-LINR,ELL251979,EA,,100,
000000000090000055,false,ERSA,ELEC-MOTR,,EA,01,400,
000000000010001084,false,ERSA,MECH-SEAL,ELL413589,EA,,200,
000000000010001085,false,ERSA,HYDR-ASSY,,EA,,200,
000000000010001086,false,ERSA,ELEC-MOTR,ELL157726,EA,,300,
000000000010001087,false,ERSA,ELEC-MOTR,ELL783948,EA,,300,
000000000090000056,false,ERSA,MECH-GBOX,,EA,01,400,
000000000010001088,false,HIBE,ELEC-CTRL,ELL913317,EA,,,
000000000010001089,false,ERSA,CONV-COMP,,EA,,300,
000000000010001090,false,ERSA,INST-XMTR,,EA,,,
000000000010001091,false,HIBE,MECH-SEAL,,EA,,300,
000000000010001092,false,ERSA,MECH-PUMP,,EA,,200,
000000000010001093,false,ERSA,MILL-LINR,,EA,,300,
000000000030000273,false,ERSA,ELEC-CTRL,ELL312425,EA,,100,
000000000010001094,false,ERSA,MECH-SEAL,ELL613368,EA,,300,
000000000010001095,false,ERSA,MECH-BRG,ELL737200,EA,,,
000000000010001096,false,ERSA,MECH-PUMP,,EA,,,
000000000010001097,false,ERSA,ELEC-CTRL,ELL206343,EA,,,
000000000030000274,false,ERSA,INST-XMTR,ELL522169,EA,,100,
000000000010001098,false,HIBE,HYDR-ASSY,,EA,,,
000000000080000265,false,ERSA,MECH-BRG,,EA,,400,
000000000010001099,false,ERSA,MILL-LINR,,EA,,300,
000000000010001100,false,ERSA,HYDR-ASSY,,EA,,,
000000000010001101,false,ERSA,ELEC-MOTR,ELL714360,EA,,,
000000000080000266,false,HIBE,HYDR-ASSY,,EA,,200,
000000000010001102,false,ERSA,MILL-LINR,,EA,,300,
000000000030000275,false,ERSA,MILL-LINR,ELL755632,EA,,100,
000000000090000057,false,ERSA,ELEC-MOTR,ELL362668,EA,01,200,
000000000010001103,false,ERSA,ELEC-MOTR,,EA,,200,
000000000010001104,false,ERSA,MILL-LINR,,EA,,400,
000000000030000276,false,ERSA,INST-XMTR,,EA,,100,
000000000010001105,false,ERSA,ELEC-MOTR,ELL240861,EA,,200,
000000000010001106,false,ERSA,INST-XMTR,,EA,,200,
000000000010001107,false,HIBE,MECH-GBOX,ELL350714,EA,,,
000000000090000058,false,ERSA,MECH-SEAL,,EA,01,300,
000000000010001108,false,ERSA,ELEC-MOTR,,EA,,,
000000000090000059,false,ERSA,INST-XMTR,ELL345527,EA,01,200,
000000000080000267,false,ERSA,ELEC-MOTR,ELL554876,EA,,200,
000000000030000277,false,ERSA,ELEC-MOTR,,EA,,100,
000000000010001109,false,ERSA,MECH-SEAL,,EA,,,
000000000030000278,false,ERSA,MILL-LINR,,EA,,100,
000000000010001110,false,ERSA,MECH-BRG,,EA,,200,
000000000080000268,false,ERSA,ELEC-CTRL,,EA,,,
000000000030000279,false,ERSA,MECH-PUMP,ELL540650,EA,,100,
000000000010001111,false,ERSA,INST-XMTR,,EA,,,
000000000080000269,false,HIBE,INST-XMTR,,EA,,,0001
000000000010001112,false,ERSA,INST-XMTR,,EA,,400,
000000000030000280,false,ERSA,MECH-GBOX,,EA,,100,
000000000010001113,false,HIBE,INST-XMTR,ELL401090,EA,,200,
000000000030000281,false,ERSA,MECH-SEAL,,EA,,100,
000000000080000270,false,ERSA,HYDR-ASSY,,EA,,300,
000000000010001114,false,ERSA,CONV-COMP,ELL491620,EA,,400,
000000000080000271,false,ERSA,CONV-COMP,,EA,,300,
000000000010001115,false,ERSA,HYDR-ASSY,,EA,,200,
000000000010001116,false,ERSA,MECH-PUMP,,EA,,300,
000000000030000282,false,ERSA,HYDR-ASSY,,EA,,100,
000000000090000060,false,ERSA,MECH-PUMP,ELL734732,EA,01,200,
000000000010001117,false,HIBE,MECH-PUMP,,EA,,400,
000000000010001118,false,ERSA,MECH-SEAL,,EA,,300,
000000000030000283,false,ERSA,MECH-SEAL,ELL243547,EA,,100,
000000000010001119,false,ERSA,MECH-GBOX,,EA,,300,
000000000080000272,false,ERSA,CONV-COMP,,EA,,400,
000000000010001120,false,HIBE,ELEC-MOTR,,EA,,200,
000000000010001121,false,ERSA,MECH-GBOX,,EA,,200,
000000000080000273,false,ERSA,MECH-SEAL,,EA,,300,Z00R
000000000010001122,false,ERSA,MECH-SEAL,ELL111503,EA,,200,
000000000010001123,false,ERSA,MECH-SEAL,,EA,,200,
000000000030000284,false,ERSA,MECH-PUMP,,EA,,100,
000000000010001124,false,HIBE,CONV-COMP,,EA,,,
000000000010001125,false,ERSA,ELEC-CTRL,,EA,,300,
000000000010001126,false,ERSA,ELEC-CTRL,,EA,,300,
000000000080000274,false,ERSA,CONV-COMP,ELL845366,EA,,400,
000000000090000061,false,ERSA,MECH-BRG,,EA,01,300,
000000000010001127,false,ERSA,HYDR-ASSY,,EA,,200,
000000000010001128,false,ERSA,MILL-LINR,,EA,,,
000000000010001129,false,HIBE,CONV-COMP,,EA,,200,
000000000010001130,false,ERSA,MECH-SEAL,,EA,,400,
000000000030000285,false,ERSA,INST-XMTR,,EA,,100,
000000000080000275,false,ERSA,MECH-SEAL,,EA,,200,
000000000010001131,false,ERSA,ELEC-MOTR,,EA,,400,
000000000010001132,false,ERSA,MECH-GBOX,ELL339529,EA,,,
000000000030000286,false,ERSA,HYDR-ASSY,,EA,,100,
000000000010001133,false,ERSA,MECH-GBOX,,EA,,300,
000000000010001134,false,HIBE,ELEC-MOTR,,EA,,,
000000000010001135,false,ERSA,MECH-BRG,,EA,,400,
000000000080000276,false,ERSA,MILL-LINR,ELL208948,EA,,300,
000000000010001136,false,ERSA,MILL-LINR,,EA,,300,
000000000010001137,false,ERSA,MECH-SEAL,ELL852689,EA,,300,
000000000010001138,false,ERSA,INST-XMTR,,EA,,,
000000000010001139,false,ERSA,HYDR-ASSY,,EA,,400,
000000000010001140,false,ERSA,CONV-COMP,,EA,,200,
000000000010001141,false,ERSA,CONV-COMP,,EA,,400,
000000000010001142,false,ERSA,MECH-BRG,,EA,,,
000000000010001143,false,ERSA,HYDR-ASSY,,EA,,200,
000000000080000277,false,ERSA,ELEC-MOTR,ELL926326,EA,,400,0001
000000000010001144,false,ERSA,HYDR-ASSY,,EA,,400,
000000000010001145,false,ERSA,INST-XMTR,,EA,,400,
000000000030000287,false,ERSA,MECH-GBOX,ELL817083,EA,,100,
000000000010001146,false,ERSA,MECH-PUMP,ELL793044,EA,,200,
000000000090000062,false,ERSA,MECH-GBOX,,EA,01,,
000000000010001147,false,ERSA,MILL-LINR,,EA,,400,
000000000010001148,false,ERSA,MECH-PUMP,,EA,,400,
000000000080000278,false,ERSA,HYDR-ASSY,,EA,,400,
000000000080000279,false,ERSA,CONV-COMP,ELL349125,EA,,300,
000000000010001149,false,ERSA,MECH-SEAL,,EA,,300,
000000000010001150,false,ERSA,MECH-SEAL,,EA,,200,
000000000010001151,false,ERSA,MECH-BRG,ELL455602,EA,,200,
000000000010001152,false,ERSA,MILL-LINR,,EA,,200,
000000000010001153,false,ERSA,MECH-SEAL,,EA,,300,
000000000010001154,false,ERSA,MILL-LINR,ELL872152,EA,,300,
000000000010001155,false,HIBE,INST-XMTR,,EA,,300,
000000000010001156,false,ERSA,MECH-PUMP,,EA,,200,
000000000010001157,false,HIBE,CONV-COMP,,EA,,300,
000000000080000280,false,HIBE,MECH-GBOX,,EA,,200,
000000000010001158,false,ERSA,INST-XMTR,,EA,,200,
000000000010001159,false,ERSA,ELEC-CTRL,,EA,,,
000000000010001160,false,ERSA,MECH-PUMP,,EA,,300,
000000000080000281,false,ERSA,MILL-LINR,,EA,,,
000000000080000282,false,ERSA,MECH-GBOX,,EA,,300,Z00R
000000000090000063,false,ERSA,ELEC-CTRL,,EA,01,300,
000000000010001161,false,ERSA,MECH-PUMP,ELL957247,EA,,300,
000000000010001162,false,ERSA,ELEC-MOTR,,EA,,300,
000000000010001163,false,ERSA,MILL-LINR,,EA,,,
000000000010001164,false,ERSA,MECH-PUMP,,EA,,300,
000000000010001165,false,ERSA,MECH-SEAL,,EA,,,
000000000090000064,false,ERSA,MECH-SEAL,ELL851970,EA,01,300,
000000000010001166,false,ERSA,MECH-BRG,,EA,,400,
000000000010001167,false,ERSA,MECH-PUMP,,EA,,300,
000000000010001168,false,ERSA,ELEC-CTRL,,EA,,400,
000000000010001169,false,ERSA,INST-XMTR,,EA,,400,
000000000010001170,false,ERSA,CONV-COMP,,EA,,200,
000000000090000065,false,ERSA,MECH-GBOX,,EA,01,,
000000000010001171,false,ERSA,MILL-LINR,,EA,,,
000000000010001172,false,ERSA,INST-XMTR,ELL355512,EA,,,
000000000080000283,false,ERSA,ELEC-MOTR,ELL939261,EA,,300,
000000000030000288,false,ERSA,MECH-BRG,,EA,,100,
000000000030000289,false,ERSA,INST-XMTR,,EA,,100,
000000000010001173,false,ERSA,HYDR-ASSY,,EA,,200,
000000000010001174,false,ERSA,INST-XMTR,,EA,,200,
000000000010001175,false,ERSA,MECH-SEAL,,EA,,200,
000000000010001176,false,ERSA,HYDR-ASSY,,EA,,300,
000000000010001177,false,ERSA,ELEC-CTRL,,EA,,,
000000000010001178,false,ERSA,MECH-PUMP,,EA,,200,
000000000010001179,false,ERSA,ELEC-CTRL,ELL185064,EA,,,
000000000010001180,false,ERSA,CONV-COMP,,EA,,400,
000000000010001181,false,ERSA,ELEC-CTRL,,EA,,400,
000000000010001182,false,ERSA,ELEC-MOTR,,EA,,200,
000000000030000290,false,ERSA,MECH-PUMP,,EA,,100,
000000000010001183,false,HIBE,MILL-LINR,ELL451714,EA,,200,
000000000010001184,false,ERSA,INST-XMTR,,EA,,200,
000000000080000284,false,ERSA,CONV-COMP,,EA,,300,Z00R
000000000080000285,false,ERSA,MILL-LINR,,EA,,200,
000000000010001185,false,ERSA,MECH-GBOX,ELL415986,EA,,,
000000000030000291,false,ERSA,MILL-LINR,,EA,,100,
000000000010001186,false,ERSA,MECH-GBOX,,EA,,,
000000000030000292,false,ERSA,MILL-LINR,ELL772479,EA,,100,
000000000010001187,false,ERSA,MILL-LINR,ELL173530,EA,,,
000000000010001188,false,ERSA,MECH-PUMP,,EA,,,
000000000030000293,false,ERSA,CONV-COMP,ELL395435,EA,,100,
000000000010001189,false,ERSA,MECH-PUMP,,EA,,300,
000000000080000286,false,ERSA,MECH-GBOX,,EA,,300,
000000000010001190,false,ERSA,MECH-BRG,,EA,,200,
000000000010001191,false,ERSA,MECH-BRG,,EA,,,
000000000080000287,false,ERSA,HYDR-ASSY,,EA,,,
000000000010001192,false,ERSA,CONV-COMP,,EA,,400,
000000000010001193,false,ERSA,INST-XMTR,,EA,,300,
000000000010001194,false,ERSA,CONV-COMP,,EA,,400,
000000000010001195,false,ERSA,MECH-BRG,,EA,,300,
000000000010001196,false,ERSA,MECH-BRG,,EA,,200,
000000000090000066,false,ERSA,HYDR-ASSY,ELL199226,EA,01,400,
000000000010001197,false,ERSA,MECH-GBOX,,EA,,,
000000000010001198,false,ERSA,ELEC-CTRL,ELL641456,EA,,400,
000000000010001199,false,ERSA,CONV-COMP,,EA,,400,
000000000010001200,false,ERSA,HYDR-ASSY,ELL285706,EA,,300,
000000000010001201,false,ERSA,CONV-COMP,ELL468809,EA,,200,
000000000010001202,false,ERSA,MECH-SEAL,,EA,,300,
000000000010001203,false,ERSA,MECH-PUMP,ELL227163,EA,,200,
000000000010001204,false,ERSA,MECH-BRG,ELL902875,EA,,400,
000000000010001205,false,ERSA,MECH-PUMP,,EA,,400,
000000000010001206,false,HIBE,ELEC-MOTR,,EA,,,
000000000030000294,false,ERSA,HYDR-ASSY,,EA,,100,
000000000010001207,false,ERSA,INST-XMTR,,EA,,300,
000000000030000295,false,HIBE,ELEC-MOTR,,EA,,100,
000000000030000296,false,ERSA,CONV-COMP,,EA,,100,
000000000090000067,false,ERSA,ELEC-MOTR,,EA,01,300,
000000000010001208,false,ERSA,MECH-SEAL,,EA,,,
000000000010001209,false,ERSA,MILL-LINR,ELL687222,EA,,300,
000000000010001210,false,ERSA,MILL-LINR,,EA,,400,
000000000030000297,false,ERSA,ELEC-MOTR,,EA,,100,
000000000030000298,false,ERSA,ELEC-MOTR,ELL260214,EA,,100,
000000000010001211,false,ERSA,MECH-PUMP,ELL548896,EA,,200,
000000000010001212,false,ERSA,CONV-COMP,ELL544965,EA,,,
000000000010001213,false,ERSA,ELEC-CTRL,ELL440476,EA,,200,
000000000010001214,false,ERSA,MILL-LINR,,EA,,300,
000000000010001215,false,ERSA,MECH-GBOX,,EA,,200,
000000000030000299,false,ERSA,MECH-SEAL,,EA,,100,
000000000080000288,false,ERSA,MILL-LINR,,EA,,200,0001
000000000080000289,false,ERSA,INST-XMTR,,EA,,200,
000000000030000300,false,ERSA,HYDR-ASSY,,EA,,100,
000000000010001216,false,ERSA,MECH-GBOX,,EA,,300,
000000000080000290,false,HIBE,HYDR-ASSY,,EA,,200,
000000000010001217,false,ERSA,MILL-LINR,,EA,,400,
000000000010001218,false,HIBE,ELEC-CTRL,,EA,,300,
000000000010001219,false,ERSA,MILL-LINR,,EA,,200,
000000000010001220,false,ERSA,HYDR-ASSY,ELL584442,EA,,,
000000000010001221,false,ERSA,MECH-GBOX,,EA,,300,
000000000030000301,false,HIBE,MECH-GBOX,ELL441445,EA,,100,
000000000010001222,false,ERSA,MILL-LINR,,EA,,300,
000000000030000302,false,ERSA,CONV-COMP,,EA,,100,
000000000010001223,false,ERSA,ELEC-CTRL,,EA,,300,
000000000010001224,false,ERSA,MECH-PUMP,ELL312649,EA,,300,
000000000010001225,false,ERSA,HYDR-ASSY,,EA,,300,
000000000080000291,false,ERSA,INST-XMTR,,EA,,200,
000000000010001226,false,ERSA,CONV-COMP,ELL236908,EA,,200,
000000000080000292,false,ERSA,MECH-SEAL,ELL684516,EA,,400,
000000000010001227,false,HIBE,MILL-LINR,,EA,,200,
000000000010001228,false,ERSA,MECH-SEAL,,EA,,300,
000000000010001229,false,ERSA,HYDR-ASSY,,EA,,,
000000000090000068,false,ERSA,INST-XMTR,,EA,01,200,
000000000010001230,false,ERSA,MECH-GBOX,,EA,,,
000000000030000303,false,ERSA,MECH-SEAL,,EA,,100,
000000000010001231,false,ERSA,CONV-COMP,ELL599346,EA,,300,
000000000010001232,false,HIBE,MILL-LINR,ELL374209,EA,,300,
000000000010001233,false,ERSA,ELEC-MOTR,,EA,,400,
000000000010001234,false,ERSA,MILL-LINR,,EA,,,
000000000010001235,false,ERSA,INST-XMTR,ELL340839,EA,,200,
000000000010001236,false,ERSA,MILL-LINR,,EA,,200,
000000000010001237,false,ERSA,MECH-SEAL,ELL690540,EA,,,
000000000030000304,false,ERSA,MILL-LINR,,EA,,100,
000000000090000069,false,ERSA,MECH-GBOX,,EA,01,400,
000000000080000293,false,ERSA,CONV-COMP,ELL274760,EA,,300,
000000000010001238,false,ERSA,MECH-BRG,,EA,,300,
000000000010001239,false,ERSA,MECH-BRG,,EA,,400,
000000000010001240,false,ERSA,ELEC-CTRL,,EA,,,
000000000080000294,false,ERSA,ELEC-CTRL,,EA,,300,
000000000080000295,false,ERSA,MILL-LINR,,EA,,300,
000000000030000305,false,ERSA,MECH-GBOX,ELL315170,EA,,100,
000000000010001241,false,ERSA,MECH-GBOX,,EA,,200,
000000000010001242,false,ERSA,ELEC-CTRL,ELL804408,EA,,200,
000000000030000306,false,ERSA,MECH-PUMP,ELL707968,EA,,100,
000000000010001243,false,ERSA,CONV-COMP,,EA,,400,
000000000030000307,false,ERSA,MILL-LINR,,EA,,100,
000000000010001244,false,ERSA,ELEC-MOTR,,EA,,400,
000000000030000308,false,HIBE,ELEC-MOTR,,EA,,100,
000000000030000309,false,ERSA,ELEC-MOTR,,EA,,100,
000000000010001245,false,HIBE,CONV-COMP,,EA,,400,
000000000010001246,false,ERSA,MECH-SEAL,,EA,,400,
000000000010001247,false,ERSA,MECH-PUMP,ELL107384,EA,,,
000000000010001248,false,ERSA,ELEC-MOTR,,EA,,300,
000000000010001249,false,ERSA,CONV-COMP,,EA,,,
000000000090000070,false,HIBE,CONV-COMP,,EA,01,,
000000000010001250,false,ERSA,ELEC-CTRL,,EA,,300,
000000000010001251,false,ERSA,MECH-BRG,,EA,,200,
000000000090000071,false,ERSA,INST-XMTR,ELL354680,EA,01,200,
000000000010001252,false,ERSA,MECH-SEAL,ELL241667,EA,,200,
000000000010001253,false,ERSA,MECH-PUMP,ELL255570,EA,,300,
000000000080000296,false,ERSA,HYDR-ASSY,,EA,,200,Z00R
000000000010001254,false,ERSA,HYDR-ASSY,ELL143970,EA,,,
000000000030000310,false,ERSA,MECH-SEAL,,EA,,100,
000000000030000311,false,ERSA,ELEC-MOTR,,EA,,100,
000000000010001255,false,ERSA,INST-XMTR,,EA,,300,
000000000010001256,false,ERSA,MECH-GBOX,,EA,,400,
000000000010001257,false,ERSA,MECH-GBOX,,EA,,,
000000000010001258,false,ERSA,INST-XMTR,,EA,,,
000000000010001259,false,ERSA,MECH-PUMP,,EA,,400,
000000000030000312,false,ERSA,MECH-SEAL,ELL144037,EA,,100,
000000000010001260,false,ERSA,HYDR-ASSY,ELL886964,EA,,,
000000000090000072,false,HIBE,MECH-SEAL,,EA,01,200,
000000000010001261,false,ERSA,MECH-BRG,,EA,,,
000000000010001262,false,ERSA,MECH-SEAL,,EA,,200,
000000000010001263,false,ERSA,MECH-GBOX,,EA,,200,
000000000010001264,false,ERSA,INST-XMTR,,EA,,,
000000000030000313,false,ERSA,HYDR-ASSY,,EA,,100,
000000000030000314,false,ERSA,MECH-BRG,,EA,,100,
000000000030000315,false,ERSA,MECH-PUMP,,EA,,100,
000000000010001265,false,ERSA,MECH-PUMP,,EA,,400,
000000000010001266,false,ERSA,INST-XMTR,,EA,,200,
000000000030000316,false,ERSA,HYDR-ASSY,,EA,,100,
000000000010001267,false,ERSA,MECH-SEAL,,EA,,300,
000000000010001268,false,ERSA,INST-XMTR,,EA,,300,
000000000030000317,false,HIBE,MECH-SEAL,,EA,,100,
000000000080000297,false,ERSA,MECH-PUMP,,EA,,,Z00R
000000000010001269,false,HIBE,MECH-BRG,,EA,,200,
000000000010001270,false,ERSA,CONV-COMP,,EA,,400,
000000000010001271,false,ERSA,MECH-BRG,,EA,,,
000000000010001272,false,HIBE,MECH-PUMP,,EA,,200,
000000000010001273,false,HIBE,MILL-LINR,,EA,,400,
000000000010001274,false,ERSA,INST-XMTR,,EA,,,
000000000010001275,false,ERSA,MECH-PUMP,ELL386928,EA,,,
000000000010001276,false,ERSA,MECH-GBOX,ELL113623,EA,,200,
000000000010001277,false,HIBE,ELEC-MOTR,,EA,,400,
000000000010001278,false,ERSA,MECH-BRG,,EA,,,
000000000030000318,false,ERSA,MECH-PUMP,,EA,,100,
000000000010001279,false,ERSA,MILL-LINR,,EA,,400,
000000000030000319,false,HIBE,MECH-PUMP,,EA,,100,
000000000080000298,false,ERSA,CONV-COMP,,EA,,200,
000000000010001280,false,ERSA,CONV-COMP,ELL374827,EA,,,
000000000010001281,false,ERSA,MILL-LINR,ELL850816,EA,,300,
000000000010001282,false,ERSA,HYDR-ASSY,ELL316477,EA,,,
000000000010001283,false,HIBE,CONV-COMP,,EA,,200,
000000000030000320,false,ERSA,MECH-BRG,,EA,,100,
000000000010001284,false,ERSA,ELEC-CTRL,,EA,,400,
000000000010001285,false,ERSA,INST-XMTR,,EA,,400,
000000000010001286,false,ERSA,ELEC-MOTR,ELL253594,EA,,300,
000000000010001287,false,ERSA,MECH-GBOX,,EA,,400,
000000000010001288,false,ERSA,INST-XMTR,,EA,,300,
000000000030000321,false,ERSA,HYDR-ASSY,ELL904634,EA,,100,
000000000010001289,false,ERSA,INST-XMTR,,EA,,,
000000000030000322,false,ERSA,MECH-SEAL,,EA,,100,
000000000010001290,false,HIBE,MECH-BRG,,EA,,400,
000000000090000073,false,ERSA,CONV-COMP,,EA,01,,
000000000010001291,false,ERSA,MECH-GBOX,ELL444407,EA,,300,
000000000010001292,false,HIBE,INST-XMTR,,EA,,,
000000000010001293,false,ERSA,MECH-PUMP,ELL776809,EA,,200,
000000000080000299,false,ERSA,INST-XMTR,,EA,,400,
000000000010001294,false,ERSA,MECH-BRG,ELL506826,EA,,300,
000000000010001295,false,HIBE,MECH-GBOX,,EA,,300,
000000000010001296,false,ERSA,MILL-LINR,,EA,,200,
000000000010001297,false,HIBE,MECH-GBOX,,EA,,300,
000000000010001298,false,ERSA,ELEC-MOTR,ELL548162,EA,,400,
000000000030000323,false,ERSA,INST-XMTR,ELL281883,EA,,100,
000000000030000324,false,ERSA,MILL-LINR,,EA,,100,
000000000080000300,false,ERSA,MECH-SEAL,ELL446649,EA,,,
000000000010001299,false,ERSA,INST-XMTR,,EA,,400,
