Matnr,Spras,Maktx
000000000010000000,EN,Gearbox Bearing 55KW SKF
000000000010000001,EN,Thickener Rake Seal Kit 8/6 METSO
000000000030000000,EN,Vertical Sump Pump Column DN150 MULTOTEC
000000000080000000,EN,Screen Exciter Bearing TYPE A ABB
000000000030000001,EN,Flotation Blower Motor 250KW SIEMENS
000000000080000001,EN,Gland Packing Seal Ring DN100 FLSM
000000000030000002,EN,Crusher Hydroset Cylinder 10/8 SKF
000000000010000002,EN,Slurry Density Transmitter TYPE B FLSM
000000000010000003,EN,Conveyor Take-Up Pulley 250MM KSB
000000000010000004,EN,Apron Feeder Gear Reducer TYPE A SKF
000000000010000005,EN,Ball Mill Trunnion Bearing HD KSB
000000000010000006,EN,Variable Speed Drive Unit 250KW METSO
000000000010000007,EN,PLC Digital Output Card 250KW KSB
000000000080000002,EN,Gearbox Bearing 200MM SKF
000000000010000008,EN,Mill Liner 10/8 ABB
000000000010000009,EN,Soft Starter Power Module 110KW ABB
000000000010000010,EN,Apron Feeder Gear Reducer 6/4 KSB
000000000010000011,EN,Conveyor Drive Motor 250MM SEW
000000000010000012,EN,Valve Assembly TYPE A ABB
000000000010000013,EN,Level Radar Transmitter 6/4 MULTOTEC
000000000010000014,EN,Valve Assembly HD FLSM
000000000080000003,EN,Spherical Roller Bearing 10/8 ABB
000000000010000015,EN,Gearbox Bearing 6/4 SKF
000000000080000004,EN,Variable Speed Drive Unit 200MM ABB
000000000010000016,EN,Mill Lube Pump Motor 200MM WEIR
000000000080000005,EN,Pump Impeller TYPE B ABB
000000000010000017,EN,Pressure Transmitter Assembly 150MM
000000000010000018,EN,MCC Feeder Circuit Breaker 150MM SEW
000000000090000000,EN,Pressure Transmitter Assembly 110KW
000000000010000019,EN,Thickener Rake Seal Kit 150MM KSB
000000000080000006,EN,Valve Assembly TYPE B FLSM
000000000010000020,EN,Centrifugal Pump Casing 250KW SANDVIK
000000000010000021,EN,Flotation Cell Impeller 55KW FLSM
000000000090000001,EN,Ball Mill Shell Liner Plate 8/6 SEW
000000000010000022,EN,Ventilation Fan Motor 250MM SANDVIK
000000000010000023,EN,Ball Mill Gearbox Assembly DN150 SIEMENS
000000000010000024,EN,Variable Speed Drive Unit TYPE B KSB
000000000080000007,EN,Mill Lube Pump Motor 110KW SKF
000000000080000008,EN,Ball Mill Trunnion Bearing 8/6 SIEMENS
000000000010000025,EN,Valve Assembly TYPE B SIEMENS
000000000010000026,EN,Hydraulic Pump Assembly TYPE A SKF
000000000010000027,EN,Vertical Sump Pump Column HD KSB
000000000080000009,EN,Flow Meter Sensor Head 250MM MULTOTEC
000000000010000028,EN,Crusher Hydroset Cylinder 10/8 SEW
000000000010000029,EN,Variable Speed Drive Unit 250MM SIEMENS
000000000010000030,EN,Slurry Density Transmitter 55KW WEIR
000000000010000031,EN,Variable Speed Drive Unit 250MM ABB
000000000010000032,EN,Agitator Shaft Seal 200MM SANDVIK
000000000010000033,EN,Slurry Pump Mechanical Seal 55KW FLSM
000000000010000034,EN,Slurry Pump Wet End Assembly 8/6 KSB
000000000080000010,EN,Conveyor Take-Up Pulley 250MM KSB
000000000080000011,EN,Level Radar Transmitter 250KW MULTOTEC
000000000010000035,EN,Cyclone Apex Liner 250KW SEW
000000000010000036,EN,Flotation Cell Impeller 250MM ABB
000000000010000037,EN,Gland Packing Seal Ring DN100 FLSM
000000000080000012,EN,MCC Feeder Circuit Breaker 6/4 SEW
000000000030000003,EN,Agitator Shaft Seal 150MM SIEMENS
000000000010000038,EN,Ball Mill Shell Liner Plate 8/6
000000000010000039,EN,Pump Impeller DN100 ABB
000000000010000040,EN,Ball Mill Trunnion Bearing DN150 KSB
000000000010000041,EN,Valve Assembly 250MM WEIR
000000000080000013,EN,Flotation Blower Motor TYPE B ABB
000000000010000042,EN,Ball Mill Shell Liner Plate 250KW ABB
000000000030000004,EN,Pressure Transmitter Assembly DN100
000000000010000043,EN,Hydraulic Power Pack 55KW FLSM
000000000030000005,EN,Mill Liner 150MM SIEMENS
000000000030000006,EN,Thickener Rake Drive Gearbox 10/8 FLSM
000000000010000044,EN,Level Radar Transmitter 150MM ABB
000000000080000014,EN,Gearbox Bearing HD SANDVIK
000000000080000015,EN,Level Radar Transmitter TYPE B SANDVIK
000000000030000007,EN,Valve Assembly TYPE A METSO
000000000010000045,EN,Centrifugal Pump Casing 110KW MULTOTEC
000000000010000046,EN,Thickener Rake Seal Kit 8/6 MULTOTEC
000000000030000008,EN,Crusher Hydroset Cylinder HD METSO
000000000010000047,EN,Ball Mill Gearbox Assembly TYPE A METSO
000000000030000009,EN,PLC Digital Output Card 250KW KSB
000000000010000048,EN,PLC Digital Output Card 110KW SEW
000000000010000049,EN,Mill Lube Pump Motor DN150 KSB
000000000090000002,EN,Flotation Blower Motor 6/4 SANDVIK
000000000080000016,EN,Slurry Pump Mechanical Seal 250MM ABB
000000000010000050,EN,Cyclone Apex Liner 6/4 KSB
000000000080000017,EN,Slurry Pump Wet End Assembly 55KW
000000000010000051,EN,PLC Digital Output Card DN150 MULTOTEC
000000000080000018,EN,Gearbox Bearing DN150 SANDVIK
000000000010000052,EN,Skirt Rubber Liner Section 8/6 WEIR
000000000010000053,EN,Conveyor Take-Up Pulley 250MM FLSM
000000000010000054,EN,Hydraulic Power Pack TYPE B MULTOTEC
000000000010000055,EN,Level Radar Transmitter HD SEW
000000000010000056,EN,Level Radar Transmitter 6/4 METSO
000000000030000010,EN,Conveyor Drive Gearbox 200MM FLSM
000000000010000057,EN,Level Radar Transmitter 8/6 SIEMENS
000000000010000058,EN,Ball Mill Shell Liner Plate 150MM FLSM
000000000030000011,EN,Pressure Transmitter Assembly HD
000000000010000059,EN,Conveyor Take-Up Pulley 10/8 SIEMENS
000000000010000060,EN,Ball Mill Gearbox Assembly TYPE B KSB
000000000030000012,EN,PLC Digital Output Card 10/8 WEIR
000000000010000061,EN,Crusher Main Shaft Bearing DN100 FLSM
000000000080000019,EN,Valve Assembly 200MM MULTOTEC
000000000030000013,EN,Pressure Transmitter Assembly 150MM KSB
000000000010000062,EN,Skirt Rubber Liner Section 10/8 SEW
000000000010000063,EN,Mill Liner 250KW KSB
000000000080000020,EN,Vertical Sump Pump Column DN150 KSB
000000000010000064,EN,Ventilation Fan Motor 150MM METSO
000000000010000065,EN,Belt Scraper Blade Cartridge 250MM WEIR
000000000010000066,EN,Level Radar Transmitter 200MM SKF
000000000010000067,EN,Slurry Pump Wet End Assembly 110KW FLSM
000000000010000068,EN,Ball Mill Gearbox Assembly TYPE B FLSM
000000000010000069,EN,Ball Mill Gearbox Assembly 150MM KSB
000000000010000070,EN,Ventilation Fan Motor TYPE B SEW
000000000010000071,EN,Crusher Hydroset Cylinder DN150 METSO
000000000010000072,EN,Pump Impeller 250MM SKF
000000000010000073,EN,Conveyor Drive Gearbox TYPE B SEW
000000000080000021,EN,Flow Meter Sensor Head 200MM WEIR
000000000010000074,EN,Slurry Pump Wet End Assembly 10/8 ABB
000000000010000075,EN,Thickener Rake Seal Kit 10/8 ABB
000000000010000076,EN,Pressure Transmitter Assembly 6/4
000000000010000077,EN,Vertical Sump Pump Column TYPE A SIEMENS
000000000010000078,EN,Valve Assembly 150MM KSB
000000000010000079,EN,Apron Feeder Gear Reducer DN150 SANDVIK
000000000010000080,EN,Pump Impeller 200MM MULTOTEC
000000000010000081,EN,Pump Impeller DN150 KSB
000000000010000082,EN,Valve Assembly TYPE A SIEMENS
000000000080000022,EN,Level Radar Transmitter 200MM KSB
000000000010000083,EN,Slurry Pump Wet End Assembly DN100 FLSM
000000000010000084,EN,Conveyor Drive Motor 6/4 WEIR
000000000010000085,EN,Hydraulic Power Pack 200MM WEIR
000000000010000086,EN,Flotation Blower Motor HD FLSM
000000000010000087,EN,Crusher Main Shaft Bearing 250MM FLSM
000000000080000023,EN,Soft Starter Power Module 250MM SANDVIK
000000000090000003,EN,Screen Exciter Bearing HD KSB
000000000030000014,EN,Hydraulic Power Pack 10/8 SANDVIK
000000000010000088,EN,Mill Lube Pump Motor TYPE A SIEMENS
000000000010000089,EN,Flotation Cell Impeller 110KW SANDVIK
000000000030000015,EN,Skirt Rubber Liner Section 150MM FLSM
000000000080000024,EN,Gearbox Bearing 250KW SEW
000000000080000025,EN,Conveyor Drive Motor 6/4 KSB
000000000030000016,EN,Flotation Blower Motor DN100 METSO
000000000010000090,EN,Valve Assembly 200MM SANDVIK
000000000090000004,EN,Conveyor Pulley Bearing 6/4 METSO
000000000080000026,EN,Slurry Density Transmitter 6/4 WEIR
000000000010000091,EN,Conveyor Idler Roller Set 10/8 SKF
000000000030000017,EN,PLC Digital Output Card 250KW SKF
000000000080000027,EN,Variable Speed Drive Unit 55KW METSO
000000000010000092,EN,Flotation Cell Impeller TYPE A KSB
000000000010000093,EN,Flotation Cell Impeller DN150 SKF
000000000090000005,EN,Mill Liner 6/4 METSO
000000000080000028,EN,Hydraulic Pump Assembly 150MM SEW
000000000010000094,EN,Thickener Rake Seal Kit TYPE A FLSM
000000000010000095,EN,Screen Exciter Bearing 150MM MULTOTEC
000000000010000096,EN,Hydraulic Power Pack TYPE A ABB
000000000010000097,EN,Slurry Density Transmitter 55KW SKF
000000000080000029,EN,Valve Assembly 150MM FLSM
000000000030000018,EN,Mill Lube Pump Motor TYPE A FLSM
000000000010000098,EN,Hydraulic Power Pack TYPE B SKF
000000000080000030,EN,Valve Assembly TYPE B ABB
000000000010000099,EN,Hydraulic Pump Assembly TYPE B KSB
000000000010000100,EN,Conveyor Take-Up Pulley 200MM WEIR
000000000030000019,EN,Pump Impeller DN150 WEIR
000000000080000031,EN,Spherical Roller Bearing 8/6 SANDVIK
000000000010000101,EN,Ball Mill Shell Liner Plate 8/6 METSO
000000000030000020,EN,Pump Impeller 6/4 SANDVIK
000000000010000102,EN,Conveyor Drive Motor DN150 ABB
000000000030000021,EN,Hydraulic Power Pack 250KW SANDVIK
000000000010000103,EN,Ball Mill Trunnion Bearing DN100 SEW
000000000010000104,EN,Ball Mill Shell Liner Plate TYPE A WEIR
000000000030000022,EN,Pump Impeller 6/4 FLSM
000000000010000105,EN,Ball Mill Trunnion Bearing 200MM FLSM
000000000010000106,EN,Mill Lube Pump Motor 55KW METSO
000000000010000107,EN,Mill Lube Pump Motor 200MM SEW
000000000010000108,EN,Agitator Shaft Seal 6/4 MULTOTEC
000000000030000023,EN,Belt Scraper Blade Cartridge 150MM SKF
000000000010000109,EN,Centrifugal Pump Casing 8/6 ABB
000000000080000032,EN,Flotation Blower Motor HD SIEMENS
000000000010000110,EN,Thickener Rake Drive Gearbox HD
000000000010000111,EN,Gland Packing Seal Ring 250MM WEIR
000000000010000112,EN,MCC Feeder Circuit Breaker 150MM ABB
000000000010000113,EN,Cyclone Apex Liner 10/8 MULTOTEC
000000000010000114,EN,MCC Feeder Circuit Breaker TYPE A WEIR
000000000080000033,EN,Thickener Rake Drive Gearbox 8/6 KSB
000000000030000024,EN,Flotation Blower Motor 10/8 WEIR
000000000010000115,EN,Conveyor Take-Up Pulley DN150 METSO
000000000080000034,EN,Flotation Blower Motor 250MM MULTOTEC
000000000010000116,EN,Agitator Shaft Seal 110KW KSB
000000000030000025,EN,Level Radar Transmitter 200MM METSO
000000000090000006,EN,Skirt Rubber Liner Section DN150 WEIR
000000000010000117,EN,Ventilation Fan Motor 200MM KSB
000000000010000118,EN,Thickener Rake Drive Gearbox 150MM
000000000030000026,EN,Gearbox Bearing 10/8 WEIR
000000000010000119,EN,MCC Feeder Circuit Breaker 110KW ABB
000000000080000035,EN,Centrifugal Pump Casing 10/8 WEIR
000000000080000036,EN,Soft Starter Power Module TYPE B ABB
000000000010000120,EN,Crusher Hydroset Cylinder TYPE A SEW
000000000030000027,EN,Slurry Pump Wet End Assembly 250MM WEIR
000000000010000121,EN,Mill Liner 250KW WEIR
000000000030000028,EN,PLC Digital Output Card TYPE A FLSM
000000000010000122,EN,Ball Mill Trunnion Bearing DN150 KSB
000000000080000037,EN,Mill Lube Pump Motor TYPE B SANDVIK
000000000010000123,EN,Slurry Pump Mechanical Seal DN150 SKF
000000000010000124,EN,Gearbox Bearing DN150 ABB
000000000030000029,EN,Vertical Sump Pump Column 150MM SIEMENS
000000000010000125,EN,Screen Exciter Bearing 8/6 KSB
000000000030000030,EN,Crusher Main Shaft Bearing DN150 FLSM
000000000010000126,EN,Ball Mill Gearbox Assembly DN100 SEW
000000000010000127,EN,Centrifugal Pump Casing 55KW SIEMENS
000000000010000128,EN,Variable Speed Drive Unit 150MM FLSM
000000000010000129,EN,Conveyor Take-Up Pulley 200MM SKF
000000000010000130,EN,Conveyor Drive Gearbox 200MM MULTOTEC
000000000010000131,EN,Hydraulic Pump Assembly 6/4 MULTOTEC
000000000080000038,EN,Gland Packing Seal Ring DN150 SANDVIK
000000000010000132,EN,Ventilation Fan Motor TYPE A KSB
000000000010000133,EN,Agitator Shaft Seal 55KW METSO
000000000010000134,EN,Pressure Transmitter Assembly 55KW SEW
000000000010000135,EN,PLC Digital Output Card 10/8 FLSM
000000000010000136,EN,Hydraulic Power Pack TYPE B SIEMENS
000000000010000137,EN,PLC Digital Output Card DN150 METSO
000000000010000138,EN,MCC Feeder Circuit Breaker TYPE A METSO
000000000030000031,EN,Cyclone Apex Liner 200MM ABB
000000000010000139,EN,Conveyor Drive Motor 8/6 SEW
000000000010000140,EN,Conveyor Idler Roller Set 150MM MULTOTEC
000000000010000141,EN,Skirt Rubber Liner Section HD ABB
000000000010000142,EN,Ball Mill Shell Liner Plate 250MM SKF
000000000080000039,EN,Centrifugal Pump Casing HD SKF
000000000010000143,EN,Flow Meter Sensor Head 250MM METSO
000000000010000144,EN,Flow Meter Sensor Head 110KW SANDVIK
000000000030000032,EN,Centrifugal Pump Casing HD METSO
000000000010000145,EN,Apron Feeder Gear Reducer HD WEIR
000000000030000033,EN,Variable Speed Drive Unit 8/6 ABB
000000000010000146,EN,Centrifugal Pump Casing DN100 KSB
000000000080000040,EN,Pump Impeller HD KSB
000000000010000147,EN,Hydraulic Power Pack 8/6 SIEMENS
000000000090000007,EN,Crusher Hydroset Cylinder 6/4 SIEMENS
000000000080000041,EN,Valve Assembly HD SKF
000000000080000042,EN,Mill Lube Pump Motor 6/4 KSB
000000000010000148,EN,Mill Lube Pump Motor 8/6 SEW
000000000010000149,EN,Conveyor Idler Roller Set TYPE A SKF
000000000090000008,EN,Centrifugal Pump Casing 200MM WEIR
000000000080000043,EN,Agitator Shaft Seal 200MM FLSM
000000000010000150,EN,Conveyor Drive Motor 10/8 METSO
000000000010000151,EN,Slurry Pump Wet End Assembly 150MM METSO
000000000010000152,EN,Conveyor Idler Roller Set 150MM KSB
000000000030000034,EN,Level Radar Transmitter HD SKF
000000000010000153,EN,Ball Mill Trunnion Bearing DN150 SKF
000000000010000154,EN,Thickener Rake Seal Kit TYPE A SKF
000000000010000155,EN,Screen Exciter Bearing DN100 MULTOTEC
000000000010000156,EN,Vertical Sump Pump Column DN100 KSB
000000000010000157,EN,Flow Meter Sensor Head 200MM FLSM
000000000010000158,EN,Hydraulic Pump Assembly 110KW SEW
000000000080000044,EN,Hydraulic Pump Assembly HD SIEMENS
000000000010000159,EN,Ventilation Fan Motor 110KW MULTOTEC
000000000080000045,EN,Conveyor Idler Roller Set 8/6 WEIR
000000000010000160,EN,Flow Meter Sensor Head DN100 KSB
000000000010000161,EN,Apron Feeder Gear Reducer TYPE B SKF
000000000090000009,EN,Thickener Rake Drive Gearbox DN150
000000000030000035,EN,Level Radar Transmitter 200MM SEW
000000000080000046,EN,Crusher Hydroset Cylinder 150MM MULTOTEC
000000000010000162,EN,Level Radar Transmitter HD WEIR
000000000010000163,EN,Pump Impeller HD MULTOTEC
000000000010000164,EN,Mill Liner 10/8 KSB
000000000010000165,EN,Valve Assembly 8/6 SKF
000000000030000036,EN,Conveyor Drive Gearbox HD WEIR
000000000080000047,EN,Mill Lube Pump Motor 110KW FLSM
000000000010000166,EN,Slurry Pump Mechanical Seal 150MM SEW
000000000010000167,EN,Conveyor Idler Roller Set DN150 ABB
000000000010000168,EN,Ball Mill Gearbox Assembly 250KW SIEMENS
000000000030000037,EN,Ball Mill Trunnion Bearing HD KSB
000000000010000169,EN,Flotation Blower Motor HD SANDVIK
000000000010000170,EN,Flow Meter Sensor Head DN100 SANDVIK
000000000080000048,EN,PLC Digital Output Card 8/6 SANDVIK
000000000010000171,EN,Flotation Blower Motor TYPE B SKF
000000000010000172,EN,Slurry Pump Mechanical Seal DN150 WEIR
000000000010000173,EN,Flow Meter Sensor Head DN150 ABB
000000000080000049,EN,Conveyor Drive Gearbox TYPE B SKF
000000000010000174,EN,Conveyor Idler Roller Set 55KW SIEMENS
000000000010000175,EN,Mill Lube Pump Motor 55KW KSB
000000000010000176,EN,Flotation Blower Motor 55KW MULTOTEC
000000000010000177,EN,Gland Packing Seal Ring TYPE A SKF
000000000030000038,EN,Thickener Rake Seal Kit HD MULTOTEC
000000000010000178,EN,Flotation Cell Impeller TYPE A WEIR
000000000010000179,EN,Cyclone Apex Liner DN150 WEIR
000000000080000050,EN,Ventilation Fan Motor 200MM SANDVIK
000000000080000051,EN,PLC Digital Output Card 250KW METSO
000000000010000180,EN,Thickener Rake Drive Gearbox HD WEIR
000000000090000010,EN,Slurry Density Transmitter TYPE B SEW
000000000010000181,EN,Conveyor Drive Gearbox 250KW METSO
000000000080000052,EN,Slurry Pump Mechanical Seal HD FLSM
000000000010000182,EN,Conveyor Pulley Bearing 55KW FLSM
000000000010000183,EN,Hydraulic Power Pack TYPE B MULTOTEC
000000000030000039,EN,Flotation Cell Impeller TYPE A MULTOTEC
000000000010000184,EN,Level Radar Transmitter 10/8 WEIR
000000000030000040,EN,Slurry Density Transmitter 150MM METSO
000000000010000185,EN,Mill Liner 55KW SIEMENS
000000000010000186,EN,Vertical Sump Pump Column 55KW SIEMENS
000000000030000041,EN,Valve Assembly TYPE B ABB
000000000030000042,EN,Ventilation Fan Motor 250MM WEIR
000000000010000187,EN,Skirt Rubber Liner Section 250KW SANDVIK
000000000010000188,EN,Flotation Blower Motor 110KW KSB
000000000080000053,EN,Flow Meter Sensor Head 10/8 METSO
000000000010000189,EN,Flotation Cell Impeller 250KW SANDVIK
000000000010000190,EN,Conveyor Take-Up Pulley 150MM FLSM
000000000010000191,EN,Spherical Roller Bearing TYPE B SIEMENS
000000000010000192,EN,Valve Assembly 10/8 WEIR
000000000080000054,EN,Pressure Transmitter Assembly 110KW WEIR
000000000010000193,EN,Crusher Hydroset Cylinder 150MM SKF
000000000010000194,EN,Gland Packing Seal Ring 200MM ABB
000000000010000195,EN,Ventilation Fan Motor 10/8 FLSM
000000000010000196,EN,Hydraulic Power Pack DN150 SANDVIK
000000000010000197,EN,Slurry Pump Wet End Assembly DN150
000000000010000198,EN,Pressure Transmitter Assembly DN100 WEIR
000000000010000199,EN,Ball Mill Shell Liner Plate 55KW ABB
000000000030000043,EN,Conveyor Take-Up Pulley TYPE A WEIR
000000000030000044,EN,Mill Liner 150MM ABB
000000000090000011,EN,Flotation Cell Impeller 150MM SIEMENS
000000000010000200,EN,Slurry Pump Wet End Assembly 150MM METSO
000000000010000201,EN,Hydraulic Power Pack DN150 METSO
000000000030000045,EN,Agitator Shaft Seal 150MM ABB
000000000010000202,EN,Flow Meter Sensor Head 250MM SIEMENS
000000000010000203,EN,Centrifugal Pump Casing 200MM SIEMENS
000000000010000204,EN,Conveyor Idler Roller Set 8/6 METSO
000000000010000205,EN,Pressure Transmitter Assembly DN100 ABB
000000000010000206,EN,Conveyor Drive Motor HD KSB
000000000010000207,EN,Thickener Rake Drive Gearbox 6/4
000000000010000208,EN,Spherical Roller Bearing DN100 KSB
000000000080000055,EN,Ball Mill Trunnion Bearing DN100 WEIR
000000000010000209,EN,Crusher Hydroset Cylinder 55KW MULTOTEC
000000000010000210,EN,Slurry Pump Wet End Assembly DN100 ABB
000000000010000211,EN,Slurry Density Transmitter 110KW SANDVIK
000000000010000212,EN,Ball Mill Trunnion Bearing DN100 SANDVIK
000000000010000213,EN,Flow Meter Sensor Head 250MM KSB
000000000030000046,EN,Soft Starter Power Module 6/4 SKF
000000000010000214,EN,Centrifugal Pump Casing HD METSO
000000000010000215,EN,Slurry Pump Wet End Assembly DN100 METSO
000000000010000216,EN,Ventilation Fan Motor 10/8 SKF
000000000010000217,EN,Screen Exciter Bearing 150MM SEW
000000000010000218,EN,Ventilation Fan Motor 10/8 SIEMENS
000000000010000219,EN,Apron Feeder Gear Reducer DN100 WEIR
000000000030000047,EN,Flow Meter Sensor Head TYPE A WEIR
000000000080000056,EN,Conveyor Drive Motor 55KW SANDVIK
000000000010000220,EN,Conveyor Take-Up Pulley HD SIEMENS
000000000010000221,EN,Ventilation Fan Motor TYPE B MULTOTEC
000000000010000222,EN,Variable Speed Drive Unit DN100 WEIR
000000000010000223,EN,Conveyor Take-Up Pulley HD SEW
000000000010000224,EN,PLC Digital Output Card TYPE B MULTOTEC
000000000010000225,EN,Pressure Transmitter Assembly 150MM SEW
000000000010000226,EN,Centrifugal Pump Casing 250MM MULTOTEC
000000000010000227,EN,Crusher Hydroset Cylinder 110KW SANDVIK
000000000010000228,EN,Pressure Transmitter Assembly 200MM
000000000030000048,EN,Conveyor Drive Gearbox 250MM SANDVIK
000000000010000229,EN,Slurry Pump Mechanical Seal 8/6 ABB
000000000080000057,EN,Thickener Rake Drive Gearbox 10/8
000000000010000230,EN,Conveyor Take-Up Pulley 150MM WEIR
000000000010000231,EN,Skirt Rubber Liner Section DN150 SANDVIK
000000000010000232,EN,Pressure Transmitter Assembly 10/8
000000000010000233,EN,Mill Liner 200MM SANDVIK
000000000010000234,EN,Valve Assembly DN150 FLSM
000000000030000049,EN,Apron Feeder Gear Reducer 10/8 FLSM
000000000030000050,EN,Conveyor Idler Roller Set TYPE B ABB
000000000010000235,EN,Ball Mill Gearbox Assembly TYPE A WEIR
000000000010000236,EN,MCC Feeder Circuit Breaker 150MM SKF
000000000010000237,EN,Thickener Rake Drive Gearbox 55KW KSB
000000000010000238,EN,Crusher Hydroset Cylinder 6/4 SEW
000000000030000051,EN,Vertical Sump Pump Column 150MM SEW
000000000010000239,EN,Flotation Cell Impeller 200MM SIEMENS
000000000010000240,EN,Gland Packing Seal Ring 110KW SEW
000000000010000241,EN,Mill Liner 110KW METSO
000000000030000052,EN,Flow Meter Sensor Head TYPE A MULTOTEC
000000000010000242,EN,Conveyor Pulley Bearing 6/4 SIEMENS
000000000030000053,EN,Pump Impeller 250KW SKF
000000000010000243,EN,Ball Mill Trunnion Bearing 10/8 SKF
000000000080000058,EN,Vertical Sump Pump Column 200MM MULTOTEC
000000000010000244,EN,Belt Scraper Blade Cartridge DN100
000000000010000245,EN,Conveyor Idler Roller Set DN100 METSO
000000000010000246,EN,Mill Liner TYPE B MULTOTEC
000000000030000054,EN,Slurry Pump Wet End Assembly 6/4 WEIR
000000000030000055,EN,Screen Exciter Bearing DN150 SEW
000000000010000247,EN,Mill Lube Pump Motor 150MM KSB
000000000080000059,EN,Hydraulic Power Pack 110KW WEIR
000000000010000248,EN,Conveyor Drive Gearbox 150MM FLSM
000000000010000249,EN,Slurry Pump Mechanical Seal 8/6 SANDVIK
000000000010000250,EN,Level Radar Transmitter TYPE A MULTOTEC
000000000010000251,EN,Mill Liner 250KW METSO
000000000010000252,EN,Flotation Blower Motor 200MM FLSM
000000000010000253,EN,Thickener Rake Seal Kit TYPE A WEIR
000000000090000012,EN,Conveyor Drive Gearbox 110KW MULTOTEC
000000000010000254,EN,Soft Starter Power Module HD SANDVIK
000000000010000255,EN,Ventilation Fan Motor 200MM METSO
000000000090000013,EN,Mill Lube Pump Motor DN100 METSO
000000000080000060,EN,Conveyor Pulley Bearing HD SKF
000000000090000014,EN,Gearbox Bearing 6/4 SKF
000000000030000056,EN,Ball Mill Trunnion Bearing 10/8 SIEMENS
000000000010000256,EN,Thickener Rake Drive Gearbox 8/6 SIEMENS
000000000030000057,EN,Flow Meter Sensor Head 8/6 WEIR
000000000030000058,EN,Apron Feeder Gear Reducer 200MM KSB
000000000010000257,EN,Mill Liner 8/6 KSB
000000000010000258,EN,Centrifugal Pump Casing 55KW FLSM
000000000010000259,EN,Slurry Density Transmitter 110KW METSO
000000000010000260,EN,Conveyor Pulley Bearing 8/6 KSB
000000000080000061,EN,Hydraulic Pump Assembly DN150 METSO
000000000080000062,EN,Ball Mill Trunnion Bearing DN100 SEW
000000000080000063,EN,Spherical Roller Bearing HD KSB
000000000010000261,EN,Spherical Roller Bearing TYPE A METSO
000000000080000064,EN,Ball Mill Gearbox Assembly 10/8 METSO
000000000010000262,EN,Gearbox Bearing DN150 ABB
000000000010000263,EN,Flotation Blower Motor TYPE A SEW
000000000030000059,EN,Agitator Shaft Seal 55KW ABB
000000000010000264,EN,Thickener Rake Seal Kit DN100 ABB
000000000010000265,EN,Ball Mill Gearbox Assembly TYPE B METSO
000000000010000266,EN,Hydraulic Pump Assembly 6/4 MULTOTEC
000000000010000267,EN,Flotation Blower Motor 110KW KSB
000000000010000268,EN,Skirt Rubber Liner Section TYPE A FLSM
000000000010000269,EN,Thickener Rake Seal Kit 250MM SEW
000000000010000270,EN,Ball Mill Gearbox Assembly 110KW KSB
000000000010000271,EN,Ball Mill Shell Liner Plate DN150 FLSM
000000000010000272,EN,Slurry Density Transmitter HD SANDVIK
000000000010000273,EN,Conveyor Idler Roller Set 8/6 SIEMENS
000000000010000274,EN,Spherical Roller Bearing HD ABB
000000000080000065,EN,Spherical Roller Bearing TYPE A METSO
000000000010000275,EN,Conveyor Idler Roller Set 6/4 WEIR
000000000030000060,EN,Slurry Pump Wet End Assembly 55KW SKF
000000000030000061,EN,Gland Packing Seal Ring DN100 KSB
000000000080000066,EN,Agitator Shaft Seal 6/4 SEW
000000000010000276,EN,Vertical Sump Pump Column 150MM WEIR
000000000010000277,EN,Flotation Cell Impeller 8/6 SKF
000000000010000278,EN,Soft Starter Power Module 6/4 SKF
000000000010000279,EN,Soft Starter Power Module 250KW SANDVIK
000000000030000062,EN,Level Radar Transmitter 200MM FLSM
000000000010000280,EN,Hydraulic Pump Assembly 250MM ABB
000000000030000063,EN,Ball Mill Trunnion Bearing 250KW FLSM
000000000030000064,EN,Agitator Shaft Seal HD WEIR
000000000010000281,EN,Variable Speed Drive Unit 250MM ABB
000000000010000282,EN,Pump Impeller 55KW FLSM
000000000010000283,EN,Agitator Shaft Seal HD FLSM
000000000030000065,EN,Gearbox Bearing TYPE B SEW
000000000010000284,EN,Pump Impeller TYPE A FLSM
000000000010000285,EN,Screen Exciter Bearing TYPE A MULTOTEC
000000000080000067,EN,Skirt Rubber Liner Section 8/6 SIEMENS
000000000010000286,EN,Soft Starter Power Module TYPE B SKF
000000000080000068,EN,Pump Impeller TYPE B SKF
000000000080000069,EN,Slurry Pump Wet End Assembly HD WEIR
000000000090000015,EN,Slurry Density Transmitter 250MM KSB
000000000010000287,EN,Flotation Cell Impeller 200MM METSO
000000000080000070,EN,Hydraulic Power Pack 110KW SKF
000000000010000288,EN,Flow Meter Sensor Head 55KW SKF
000000000010000289,EN,Hydraulic Pump Assembly 6/4 METSO
000000000010000290,EN,Ball Mill Shell Liner Plate 110KW WEIR
000000000010000291,EN,Apron Feeder Gear Reducer 110KW SANDVIK
000000000010000292,EN,Mill Liner 110KW SKF
000000000080000071,EN,MCC Feeder Circuit Breaker 55KW SANDVIK
000000000080000072,EN,Crusher Hydroset Cylinder DN150 MULTOTEC
000000000010000293,EN,Spherical Roller Bearing TYPE B KSB
000000000080000073,EN,Crusher Hydroset Cylinder TYPE B ABB
000000000010000294,EN,Skirt Rubber Liner Section 250MM WEIR
000000000010000295,EN,Slurry Density Transmitter TYPE A WEIR
000000000010000296,EN,Level Radar Transmitter DN150 SIEMENS
000000000030000066,EN,Flotation Cell Impeller TYPE B FLSM
000000000010000297,EN,Ball Mill Trunnion Bearing 8/6 ABB
000000000010000298,EN,Conveyor Take-Up Pulley HD ABB
000000000010000299,EN,Soft Starter Power Module 6/4 SIEMENS
000000000010000300,EN,Level Radar Transmitter 6/4 SANDVIK
000000000010000301,EN,Gearbox Bearing TYPE A MULTOTEC
000000000010000302,EN,Flotation Blower Motor DN150 FLSM
000000000080000074,EN,Thickener Rake Drive Gearbox 250MM SEW
000000000010000303,EN,Thickener Rake Drive Gearbox 110KW METSO
000000000080000075,EN,Conveyor Idler Roller Set DN150 WEIR
000000000010000304,EN,Apron Feeder Gear Reducer DN100 SEW
000000000090000016,EN,Variable Speed Drive Unit 250KW SEW
000000000090000017,EN,Apron Feeder Gear Reducer 8/6 KSB
000000000010000305,EN,Conveyor Drive Motor 200MM ABB
000000000010000306,EN,Flotation Blower Motor 6/4 SKF
000000000010000307,EN,Ball Mill Trunnion Bearing TYPE A KSB
000000000080000076,EN,Screen Exciter Bearing 6/4 MULTOTEC
000000000030000067,EN,Cyclone Apex Liner TYPE A METSO
000000000010000308,EN,Agitator Shaft Seal TYPE A SIEMENS
000000000030000068,EN,Slurry Pump Mechanical Seal 250KW
000000000010000309,EN,Mill Lube Pump Motor 150MM METSO
000000000080000077,EN,Cyclone Apex Liner TYPE A SKF
000000000010000310,EN,Conveyor Pulley Bearing 55KW SANDVIK
000000000080000078,EN,Conveyor Take-Up Pulley 250MM METSO
000000000010000311,EN,Gland Packing Seal Ring TYPE B SKF
000000000030000069,EN,Slurry Pump Wet End Assembly 6/4 ABB
000000000030000070,EN,Conveyor Take-Up Pulley 10/8 KSB
000000000010000312,EN,Variable Speed Drive Unit 10/8 SANDVIK
000000000010000313,EN,Conveyor Drive Motor 10/8 METSO
000000000010000314,EN,Level Radar Transmitter 55KW ABB
000000000080000079,EN,Conveyor Drive Motor DN100 WEIR
000000000010000315,EN,Ventilation Fan Motor 6/4 SKF
000000000010000316,EN,Apron Feeder Gear Reducer 150MM SKF
000000000010000317,EN,Conveyor Drive Motor 250MM MULTOTEC
000000000010000318,EN,Thickener Rake Seal Kit 55KW SKF
000000000010000319,EN,Hydraulic Pump Assembly 150MM SIEMENS
000000000010000320,EN,Conveyor Take-Up Pulley HD MULTOTEC
000000000080000080,EN,Flotation Cell Impeller 150MM MULTOTEC
000000000010000321,EN,Soft Starter Power Module DN100 ABB
000000000010000322,EN,Variable Speed Drive Unit DN150 FLSM
000000000010000323,EN,Gland Packing Seal Ring 250KW MULTOTEC
000000000010000324,EN,Belt Scraper Blade Cartridge DN100
000000000080000081,EN,Slurry Pump Mechanical Seal 8/6 SKF
000000000030000071,EN,Mill Lube Pump Motor 55KW WEIR
000000000010000325,EN,Gland Packing Seal Ring 250MM FLSM
000000000010000326,EN,Crusher Main Shaft Bearing TYPE A SKF
000000000030000072,EN,Mill Lube Pump Motor 250KW SKF
000000000010000327,EN,Pressure Transmitter Assembly DN100 KSB
000000000030000073,EN,Cyclone Apex Liner TYPE A SIEMENS
000000000010000328,EN,Crusher Hydroset Cylinder 55KW SANDVIK
000000000010000329,EN,Hydraulic Power Pack 55KW MULTOTEC
000000000010000330,EN,Conveyor Drive Gearbox TYPE B KSB
000000000010000331,EN,Pump Impeller 150MM FLSM
000000000010000332,EN,Slurry Pump Mechanical Seal HD METSO
000000000030000074,EN,PLC Digital Output Card DN150 ABB
000000000010000333,EN,Ventilation Fan Motor TYPE B METSO
000000000080000082,EN,Gland Packing Seal Ring 200MM MULTOTEC
000000000030000075,EN,Vertical Sump Pump Column 55KW KSB
000000000010000334,EN,Flotation Blower Motor 6/4 KSB
000000000010000335,EN,Ball Mill Shell Liner Plate 250KW SKF
000000000010000336,EN,Conveyor Drive Motor TYPE A SIEMENS
000000000010000337,EN,Valve Assembly 150MM MULTOTEC
000000000010000338,EN,Vertical Sump Pump Column TYPE A KSB
000000000010000339,EN,Pump Impeller 150MM KSB
000000000030000076,EN,Slurry Pump Wet End Assembly HD MULTOTEC
000000000010000340,EN,Vertical Sump Pump Column 6/4 FLSM
000000000090000018,EN,Ball Mill Trunnion Bearing 6/4 SANDVIK
000000000010000341,EN,PLC Digital Output Card 10/8 ABB
000000000030000077,EN,Thickener Rake Seal Kit 250KW SANDVIK
000000000010000342,EN,Ball Mill Gearbox Assembly 150MM
000000000010000343,EN,Level Radar Transmitter TYPE A SIEMENS
000000000090000019,EN,Conveyor Pulley Bearing HD SKF
000000000010000344,EN,Ball Mill Shell Liner Plate 8/6 MULTOTEC
000000000010000345,EN,Pump Impeller 250KW WEIR
000000000030000078,EN,Hydraulic Pump Assembly 10/8 MULTOTEC
000000000080000083,EN,Soft Starter Power Module 6/4 KSB
000000000010000346,EN,Conveyor Drive Gearbox 8/6 SANDVIK
000000000010000347,EN,Flow Meter Sensor Head 6/4 MULTOTEC
000000000010000348,EN,Gland Packing Seal Ring DN150 MULTOTEC
000000000030000079,EN,Conveyor Take-Up Pulley DN150 ABB
000000000010000349,EN,PLC Digital Output Card 250KW FLSM
000000000010000350,EN,Ventilation Fan Motor TYPE B SEW
000000000030000080,EN,Thickener Rake Seal Kit DN150 SIEMENS
000000000010000351,EN,Crusher Hydroset Cylinder DN150 SEW
000000000090000020,EN,Centrifugal Pump Casing HD KSB
000000000010000352,EN,Slurry Pump Mechanical Seal 8/6 FLSM
000000000010000353,EN,Crusher Hydroset Cylinder 110KW KSB
000000000010000354,EN,Thickener Rake Seal Kit TYPE A WEIR
000000000010000355,EN,Ball Mill Shell Liner Plate DN150 WEIR
000000000010000356,EN,Flow Meter Sensor Head TYPE A FLSM
000000000010000357,EN,Conveyor Idler Roller Set DN100 MULTOTEC
000000000010000358,EN,Apron Feeder Gear Reducer TYPE B METSO
000000000080000084,EN,Centrifugal Pump Casing 55KW SKF
000000000010000359,EN,Slurry Density Transmitter 8/6 ABB
000000000010000360,EN,Soft Starter Power Module TYPE B SANDVIK
000000000010000361,EN,Ventilation Fan Motor DN100 SANDVIK
000000000010000362,EN,Slurry Density Transmitter 10/8 WEIR
000000000010000363,EN,Level Radar Transmitter 55KW METSO
000000000010000364,EN,Level Radar Transmitter 200MM WEIR
000000000010000365,EN,Cyclone Apex Liner TYPE B MULTOTEC
000000000010000366,EN,Belt Scraper Blade Cartridge TYPE A FLSM
000000000080000085,EN,Flotation Blower Motor 250KW SANDVIK
000000000010000367,EN,Flow Meter Sensor Head DN150 SIEMENS
000000000030000081,EN,Valve Assembly 6/4 SANDVIK
000000000010000368,EN,Variable Speed Drive Unit 200MM MULTOTEC
000000000010000369,EN,Screen Exciter Bearing 10/8 METSO
000000000010000370,EN,Vertical Sump Pump Column 6/4 MULTOTEC
000000000030000082,EN,Slurry Density Transmitter 110KW ABB
000000000080000086,EN,Belt Scraper Blade Cartridge DN100 METSO
000000000010000371,EN,Mill Lube Pump Motor 250KW KSB
000000000080000087,EN,Vertical Sump Pump Column DN150 SEW
000000000010000372,EN,Flotation Blower Motor 250MM MULTOTEC
000000000010000373,EN,Conveyor Take-Up Pulley 150MM KSB
000000000080000088,EN,Hydraulic Power Pack 150MM SEW
000000000010000374,EN,Skirt Rubber Liner Section 6/4 MULTOTEC
000000000010000375,EN,Slurry Density Transmitter HD KSB
000000000030000083,EN,Flotation Cell Impeller 250KW SIEMENS
000000000010000376,EN,Flow Meter Sensor Head DN150 SANDVIK
000000000010000377,EN,Hydraulic Power Pack 6/4 SIEMENS
000000000010000378,EN,Conveyor Pulley Bearing 55KW SKF
000000000010000379,EN,Pressure Transmitter Assembly DN100
000000000010000380,EN,Ball Mill Shell Liner Plate TYPE A WEIR
000000000010000381,EN,Ball Mill Gearbox Assembly 55KW METSO
000000000030000084,EN,Skirt Rubber Liner Section TYPE B ABB
000000000010000382,EN,Slurry Density Transmitter 8/6 SEW
000000000010000383,EN,Pressure Transmitter Assembly DN150
000000000010000384,EN,Conveyor Drive Gearbox TYPE A SKF
000000000030000085,EN,Centrifugal Pump Casing 110KW SIEMENS
000000000080000089,EN,Level Radar Transmitter DN100 FLSM
000000000080000090,EN,Centrifugal Pump Casing 150MM ABB
000000000010000385,EN,Conveyor Pulley Bearing 200MM WEIR
000000000030000086,EN,Centrifugal Pump Casing TYPE A ABB
000000000030000087,EN,Slurry Density Transmitter 250MM WEIR
000000000010000386,EN,Cyclone Apex Liner 8/6 SANDVIK
000000000010000387,EN,PLC Digital Output Card 150MM KSB
000000000090000021,EN,PLC Digital Output Card DN100 MULTOTEC
000000000080000091,EN,Flotation Cell Impeller 250KW KSB
000000000010000388,EN,Thickener Rake Drive Gearbox HD ABB
000000000010000389,EN,Level Radar Transmitter TYPE B FLSM
000000000010000390,EN,Apron Feeder Gear Reducer 110KW ABB
000000000080000092,EN,Pressure Transmitter Assembly HD SEW
000000000030000088,EN,Centrifugal Pump Casing 250MM MULTOTEC
000000000010000391,EN,Flotation Cell Impeller 10/8 WEIR
000000000010000392,EN,Skirt Rubber Liner Section TYPE B SKF
000000000010000393,EN,Conveyor Idler Roller Set 10/8 KSB
000000000010000394,EN,Ball Mill Shell Liner Plate 6/4 SEW
000000000010000395,EN,Slurry Pump Wet End Assembly 6/4
000000000030000089,EN,Cyclone Apex Liner DN100 SIEMENS
000000000010000396,EN,Slurry Pump Wet End Assembly TYPE B WEIR
000000000090000022,EN,Flotation Cell Impeller 10/8 WEIR
000000000030000090,EN,Ball Mill Trunnion Bearing TYPE B SKF
000000000010000397,EN,Pump Impeller 200MM METSO
000000000010000398,EN,Agitator Shaft Seal HD ABB
000000000010000399,EN,Variable Speed Drive Unit 110KW SKF
000000000010000400,EN,Ball Mill Shell Liner Plate 8/6 SEW
000000000010000401,EN,Thickener Rake Seal Kit 200MM WEIR
000000000080000093,EN,Centrifugal Pump Casing 55KW MULTOTEC
000000000010000402,EN,Slurry Pump Mechanical Seal 6/4 WEIR
000000000010000403,EN,Conveyor Pulley Bearing 250MM FLSM
000000000010000404,EN,Ball Mill Gearbox Assembly 150MM KSB
000000000080000094,EN,Mill Lube Pump Motor DN150 MULTOTEC
000000000010000405,EN,Level Radar Transmitter DN150 SKF
000000000030000091,EN,Conveyor Drive Gearbox 10/8 SKF
000000000010000406,EN,Flow Meter Sensor Head HD KSB
000000000030000092,EN,Ball Mill Trunnion Bearing TYPE A SEW
000000000010000407,EN,Soft Starter Power Module 200MM KSB
000000000030000093,EN,Crusher Hydroset Cylinder 110KW SANDVIK
000000000080000095,EN,Ball Mill Shell Liner Plate 10/8
000000000010000408,EN,Screen Exciter Bearing 250KW KSB
000000000080000096,EN,Screen Exciter Bearing 150MM KSB
000000000010000409,EN,Slurry Pump Mechanical Seal 250MM KSB
000000000080000097,EN,PLC Digital Output Card 200MM WEIR
000000000010000410,EN,Level Radar Transmitter 6/4 FLSM
000000000010000411,EN,Conveyor Drive Gearbox DN150 SEW
000000000030000094,EN,Ball Mill Gearbox Assembly 55KW SKF
000000000080000098,EN,Vertical Sump Pump Column 110KW WEIR
000000000010000412,EN,Agitator Shaft Seal DN100 SANDVIK
000000000010000413,EN,Thickener Rake Seal Kit TYPE B SEW
000000000030000095,EN,Soft Starter Power Module DN150 KSB
000000000010000414,EN,Conveyor Drive Gearbox 6/4 KSB
000000000010000415,EN,Flow Meter Sensor Head DN100 KSB
000000000010000416,EN,Vertical Sump Pump Column 150MM FLSM
000000000010000417,EN,Belt Scraper Blade Cartridge HD KSB
000000000080000099,EN,Mill Liner TYPE B FLSM
000000000010000418,EN,Flow Meter Sensor Head 10/8 SEW
000000000010000419,EN,Mill Liner DN150 METSO
000000000010000420,EN,MCC Feeder Circuit Breaker DN100 SEW
000000000010000421,EN,Cyclone Apex Liner 6/4 WEIR
000000000010000422,EN,Vertical Sump Pump Column 150MM FLSM
000000000010000423,EN,Hydraulic Pump Assembly 6/4 ABB
000000000080000100,EN,Ventilation Fan Motor 110KW KSB
000000000010000424,EN,Ball Mill Gearbox Assembly TYPE A METSO
000000000010000425,EN,Mill Liner 10/8 METSO
000000000010000426,EN,Hydraulic Power Pack 200MM SKF
000000000010000427,EN,Conveyor Drive Gearbox 55KW SANDVIK
000000000010000428,EN,Hydraulic Power Pack TYPE A SKF
000000000010000429,EN,Conveyor Drive Motor DN100 METSO
000000000030000096,EN,Ball Mill Gearbox Assembly 250MM SANDVIK
000000000030000097,EN,Cyclone Apex Liner 200MM METSO
000000000010000430,EN,MCC Feeder Circuit Breaker 6/4 ABB
000000000010000431,EN,Ball Mill Gearbox Assembly 250MM
000000000010000432,EN,Vertical Sump Pump Column 150MM SANDVIK
000000000010000433,EN,Gearbox Bearing HD SEW
000000000010000434,EN,Pressure Transmitter Assembly HD
000000000010000435,EN,Skirt Rubber Liner Section 55KW WEIR
000000000010000436,EN,Cyclone Apex Liner TYPE A SANDVIK
000000000010000437,EN,Conveyor Pulley Bearing 250MM SKF
000000000010000438,EN,Conveyor Drive Gearbox TYPE B ABB
000000000010000439,EN,Flow Meter Sensor Head DN100 SEW
000000000080000101,EN,Conveyor Pulley Bearing HD FLSM
000000000010000440,EN,Cyclone Apex Liner 200MM ABB
000000000010000441,EN,Pump Impeller TYPE A SANDVIK
000000000030000098,EN,Spherical Roller Bearing 200MM KSB
000000000080000102,EN,Conveyor Idler Roller Set 250MM ABB
000000000030000099,EN,Flotation Cell Impeller 200MM KSB
000000000030000100,EN,Conveyor Drive Gearbox TYPE B FLSM
000000000080000103,EN,Mill Liner 55KW METSO
000000000010000442,EN,Centrifugal Pump Casing 150MM MULTOTEC
000000000090000023,EN,Flotation Cell Impeller 8/6 SEW
000000000030000101,EN,Ball Mill Shell Liner Plate 110KW SKF
000000000080000104,EN,Crusher Main Shaft Bearing HD KSB
000000000010000443,EN,Spherical Roller Bearing TYPE B SEW
000000000030000102,EN,Soft Starter Power Module TYPE A METSO
000000000080000105,EN,Gearbox Bearing TYPE A SIEMENS
000000000010000444,EN,Crusher Hydroset Cylinder TYPE B WEIR
000000000030000103,EN,Belt Scraper Blade Cartridge 55KW SKF
000000000010000445,EN,Soft Starter Power Module HD KSB
000000000010000446,EN,Slurry Pump Wet End Assembly TYPE B
000000000010000447,EN,Skirt Rubber Liner Section 200MM ABB
000000000010000448,EN,Apron Feeder Gear Reducer 55KW SANDVIK
000000000010000449,EN,Ball Mill Gearbox Assembly 55KW
000000000010000450,EN,Variable Speed Drive Unit 6/4 METSO
000000000010000451,EN,PLC Digital Output Card 55KW SANDVIK
000000000080000106,EN,MCC Feeder Circuit Breaker TYPE B KSB
000000000010000452,EN,Hydraulic Pump Assembly 8/6 KSB
000000000010000453,EN,Ball Mill Trunnion Bearing 150MM FLSM
000000000030000104,EN,Mill Lube Pump Motor 200MM SIEMENS
000000000010000454,EN,Vertical Sump Pump Column 200MM SEW
000000000010000455,EN,Agitator Shaft Seal 250MM SIEMENS
000000000030000105,EN,Thickener Rake Seal Kit 55KW SEW
000000000010000456,EN,Ventilation Fan Motor 55KW KSB
000000000010000457,EN,Agitator Shaft Seal TYPE B METSO
000000000010000458,EN,Apron Feeder Gear Reducer DN100 WEIR
000000000090000024,EN,MCC Feeder Circuit Breaker DN150 ABB
000000000010000459,EN,Thickener Rake Seal Kit TYPE B ABB
000000000010000460,EN,Pressure Transmitter Assembly 6/4 KSB
000000000010000461,EN,Agitator Shaft Seal HD METSO
000000000010000462,EN,Centrifugal Pump Casing DN100 SANDVIK
000000000010000463,EN,Crusher Hydroset Cylinder DN150 SANDVIK
000000000010000464,EN,Belt Scraper Blade Cartridge DN100 SEW
000000000010000465,EN,Hydraulic Pump Assembly 200MM MULTOTEC
000000000010000466,EN,Belt Scraper Blade Cartridge TYPE A
000000000010000467,EN,Apron Feeder Gear Reducer 250KW SEW
000000000080000107,EN,Flotation Blower Motor 55KW FLSM
000000000010000468,EN,Conveyor Idler Roller Set 110KW METSO
000000000010000469,EN,Ball Mill Shell Liner Plate HD SEW
000000000010000470,EN,Conveyor Drive Gearbox TYPE A SKF
000000000010000471,EN,Ball Mill Trunnion Bearing DN100 SEW
000000000080000108,EN,Cyclone Apex Liner 6/4 ABB
000000000010000472,EN,Conveyor Take-Up Pulley DN100 FLSM
000000000080000109,EN,Cyclone Apex Liner 8/6 SKF
000000000010000473,EN,Slurry Pump Mechanical Seal 150MM METSO
000000000080000110,EN,Conveyor Take-Up Pulley 8/6 WEIR
000000000030000106,EN,Flotation Cell Impeller TYPE B METSO
000000000080000111,EN,Agitator Shaft Seal HD METSO
000000000010000474,EN,Vertical Sump Pump Column 6/4 ABB
000000000010000475,EN,Crusher Hydroset Cylinder 150MM SANDVIK
000000000010000476,EN,Variable Speed Drive Unit 110KW ABB
000000000030000107,EN,Ball Mill Shell Liner Plate 250KW SEW
000000000010000477,EN,Conveyor Idler Roller Set 250MM KSB
000000000010000478,EN,Conveyor Take-Up Pulley 150MM ABB
000000000010000479,EN,Screen Exciter Bearing DN100 WEIR
000000000010000480,EN,Gland Packing Seal Ring 110KW FLSM
000000000010000481,EN,Belt Scraper Blade Cartridge DN150
000000000010000482,EN,Conveyor Pulley Bearing 250MM FLSM
000000000030000108,EN,Ball Mill Gearbox Assembly 10/8 SKF
000000000010000483,EN,Mill Lube Pump Motor DN100 FLSM
000000000010000484,EN,Slurry Density Transmitter 150MM ABB
000000000010000485,EN,Agitator Shaft Seal 6/4 SEW
000000000010000486,EN,Pressure Transmitter Assembly 250MM KSB
000000000010000487,EN,Vertical Sump Pump Column DN100 SANDVIK
000000000030000109,EN,Conveyor Take-Up Pulley 250KW SIEMENS
000000000010000488,EN,Hydraulic Power Pack 6/4 KSB
000000000010000489,EN,Crusher Hydroset Cylinder 110KW SKF
000000000010000490,EN,Ventilation Fan Motor 10/8 MULTOTEC
000000000010000491,EN,MCC Feeder Circuit Breaker 110KW SEW
000000000010000492,EN,Mill Liner 150MM MULTOTEC
000000000010000493,EN,MCC Feeder Circuit Breaker HD
000000000010000494,EN,Variable Speed Drive Unit 10/8 SIEMENS
000000000080000112,EN,Centrifugal Pump Casing 250MM SKF
000000000010000495,EN,Soft Starter Power Module TYPE B KSB
000000000030000110,EN,Mill Liner 200MM WEIR
000000000010000496,EN,Conveyor Drive Motor 8/6 ABB
000000000010000497,EN,Conveyor Drive Gearbox 150MM MULTOTEC
000000000010000498,EN,Screen Exciter Bearing 110KW SEW
000000000090000025,EN,Flow Meter Sensor Head 6/4 SIEMENS
000000000010000499,EN,Screen Exciter Bearing 8/6 ABB
000000000010000500,EN,Spherical Roller Bearing 55KW METSO
000000000010000501,EN,Slurry Density Transmitter 55KW METSO
000000000030000111,EN,Thickener Rake Drive Gearbox 150MM METSO
000000000010000502,EN,Mill Lube Pump Motor 10/8 WEIR
000000000010000503,EN,Conveyor Idler Roller Set TYPE B SIEMENS
000000000010000504,EN,Soft Starter Power Module 8/6 SIEMENS
000000000010000505,EN,Slurry Pump Wet End Assembly 10/8
000000000010000506,EN,Pressure Transmitter Assembly 6/4
000000000010000507,EN,Hydraulic Pump Assembly 55KW SANDVIK
000000000010000508,EN,Flow Meter Sensor Head 150MM WEIR
000000000010000509,EN,Thickener Rake Seal Kit 200MM SKF
000000000010000510,EN,Pressure Transmitter Assembly 6/4 SEW
000000000010000511,EN,Belt Scraper Blade Cartridge 6/4 SEW
000000000090000026,EN,Hydraulic Power Pack HD MULTOTEC
000000000030000112,EN,Flotation Cell Impeller DN100 SANDVIK
000000000010000512,EN,Flotation Blower Motor 8/6 SANDVIK
000000000030000113,EN,Conveyor Drive Gearbox HD ABB
000000000010000513,EN,Centrifugal Pump Casing DN150 SEW
000000000010000514,EN,Ball Mill Shell Liner Plate 250KW SEW
000000000080000113,EN,Conveyor Drive Gearbox 110KW MULTOTEC
000000000010000515,EN,Conveyor Take-Up Pulley 150MM MULTOTEC
000000000010000516,EN,Belt Scraper Blade Cartridge 250KW METSO
000000000010000517,EN,Hydraulic Pump Assembly 8/6 KSB
000000000080000114,EN,Gearbox Bearing TYPE B MULTOTEC
000000000010000518,EN,Conveyor Drive Motor DN150 KSB
000000000030000114,EN,Apron Feeder Gear Reducer DN100 ABB
000000000090000027,EN,Thickener Rake Drive Gearbox 150MM SEW
000000000010000519,EN,MCC Feeder Circuit Breaker 8/6 MULTOTEC
000000000010000520,EN,Agitator Shaft Seal 250KW KSB
000000000010000521,EN,Conveyor Pulley Bearing DN150 METSO
000000000010000522,EN,Conveyor Drive Gearbox 6/4 ABB
000000000010000523,EN,Conveyor Drive Motor TYPE B METSO
000000000010000524,EN,MCC Feeder Circuit Breaker 250MM SKF
000000000010000525,EN,Conveyor Take-Up Pulley 250KW METSO
000000000010000526,EN,Gland Packing Seal Ring 10/8 KSB
000000000010000527,EN,PLC Digital Output Card DN150 WEIR
000000000090000028,EN,Conveyor Take-Up Pulley TYPE B SKF
000000000030000115,EN,Skirt Rubber Liner Section DN100 SEW
000000000010000528,EN,Vertical Sump Pump Column 150MM ABB
000000000010000529,EN,Hydraulic Pump Assembly 110KW SEW
000000000010000530,EN,Mill Lube Pump Motor 150MM WEIR
000000000010000531,EN,Thickener Rake Drive Gearbox DN100 FLSM
000000000010000532,EN,Thickener Rake Drive Gearbox 150MM SEW
000000000010000533,EN,Slurry Density Transmitter DN150 SANDVIK
000000000080000115,EN,Conveyor Drive Gearbox 8/6 METSO
000000000010000534,EN,Conveyor Drive Motor 6/4 SIEMENS
000000000010000535,EN,Conveyor Pulley Bearing 8/6 WEIR
000000000030000116,EN,Variable Speed Drive Unit 110KW FLSM
000000000080000116,EN,Gearbox Bearing DN150 WEIR
000000000030000117,EN,Vertical Sump Pump Column DN100 SIEMENS
000000000080000117,EN,Hydraulic Pump Assembly DN100 MULTOTEC
000000000010000536,EN,Slurry Density Transmitter DN150 SKF
000000000010000537,EN,Flotation Blower Motor DN150 SKF
000000000010000538,EN,Conveyor Pulley Bearing 8/6 ABB
000000000030000118,EN,Ball Mill Gearbox Assembly 6/4 SKF
000000000010000539,EN,Variable Speed Drive Unit 150MM WEIR
000000000030000119,EN,Agitator Shaft Seal HD SIEMENS
000000000080000118,EN,Hydraulic Power Pack 6/4 SIEMENS
000000000010000540,EN,Centrifugal Pump Casing TYPE A SKF
000000000010000541,EN,Pump Impeller 6/4 FLSM
000000000010000542,EN,Screen Exciter Bearing 6/4 SKF
000000000010000543,EN,Crusher Hydroset Cylinder 6/4 SANDVIK
000000000030000120,EN,Thickener Rake Seal Kit DN150 KSB
000000000030000121,EN,Ventilation Fan Motor 55KW WEIR
000000000080000119,EN,Crusher Main Shaft Bearing 8/6 SANDVIK
000000000010000544,EN,Ball Mill Shell Liner Plate 6/4 SANDVIK
000000000010000545,EN,Vertical Sump Pump Column 200MM KSB
000000000010000546,EN,Conveyor Drive Motor 150MM ABB
000000000010000547,EN,Ball Mill Gearbox Assembly DN150 SIEMENS
000000000030000122,EN,Crusher Hydroset Cylinder DN100 MULTOTEC
000000000080000120,EN,Slurry Pump Mechanical Seal 6/4 KSB
000000000030000123,EN,Conveyor Idler Roller Set 200MM SANDVIK
000000000080000121,EN,Variable Speed Drive Unit DN100 WEIR
000000000010000548,EN,Conveyor Drive Gearbox 200MM MULTOTEC
000000000030000124,EN,Conveyor Take-Up Pulley 200MM MULTOTEC
000000000010000549,EN,Thickener Rake Seal Kit 150MM ABB
000000000010000550,EN,Ball Mill Trunnion Bearing 10/8 SIEMENS
000000000030000125,EN,Pump Impeller 250KW SIEMENS
000000000010000551,EN,Centrifugal Pump Casing TYPE A SANDVIK
000000000030000126,EN,Belt Scraper Blade Cartridge 250MM FLSM
000000000010000552,EN,Slurry Density Transmitter 110KW METSO
000000000010000553,EN,Ball Mill Gearbox Assembly 10/8 KSB
000000000030000127,EN,Ventilation Fan Motor 250KW METSO
000000000010000554,EN,Apron Feeder Gear Reducer 200MM SKF
000000000010000555,EN,Ball Mill Gearbox Assembly 110KW METSO
000000000010000556,EN,Thickener Rake Drive Gearbox DN100 ABB
000000000010000557,EN,Flotation Cell Impeller DN100 WEIR
000000000010000558,EN,Ball Mill Gearbox Assembly 10/8 KSB
000000000010000559,EN,Slurry Density Transmitter TYPE A ABB
000000000010000560,EN,Ball Mill Gearbox Assembly TYPE B KSB
000000000080000122,EN,Ventilation Fan Motor 8/6 SANDVIK
000000000010000561,EN,Thickener Rake Seal Kit 110KW ABB
000000000010000562,EN,Valve Assembly TYPE B SANDVIK
000000000010000563,EN,Flow Meter Sensor Head DN150 ABB
000000000030000128,EN,Ventilation Fan Motor 8/6 WEIR
000000000080000123,EN,Ball Mill Trunnion Bearing 250KW WEIR
000000000090000029,EN,Hydraulic Pump Assembly 250KW SIEMENS
000000000090000030,EN,Variable Speed Drive Unit 55KW FLSM
000000000010000564,EN,Hydraulic Pump Assembly HD SANDVIK
000000000010000565,EN,Conveyor Drive Gearbox TYPE B KSB
000000000010000566,EN,MCC Feeder Circuit Breaker 10/8 SKF
000000000030000129,EN,Agitator Shaft Seal 55KW MULTOTEC
000000000080000124,EN,Mill Lube Pump Motor 200MM KSB
000000000010000567,EN,Soft Starter Power Module 200MM WEIR
000000000030000130,EN,Flow Meter Sensor Head 250MM WEIR
000000000010000568,EN,Conveyor Take-Up Pulley 200MM WEIR
000000000010000569,EN,Apron Feeder Gear Reducer DN100 KSB
000000000080000125,EN,Pump Impeller 8/6 KSB
000000000030000131,EN,Hydraulic Pump Assembly 55KW SANDVIK
000000000010000570,EN,Mill Liner 6/4 SANDVIK
000000000010000571,EN,Ball Mill Gearbox Assembly 200MM SEW
000000000010000572,EN,Ball Mill Gearbox Assembly TYPE B SKF
000000000010000573,EN,Soft Starter Power Module TYPE B KSB
000000000010000574,EN,Thickener Rake Seal Kit 250MM WEIR
000000000080000126,EN,Centrifugal Pump Casing TYPE B SIEMENS
000000000080000127,EN,Slurry Density Transmitter 200MM SKF
000000000030000132,EN,PLC Digital Output Card 110KW SEW
000000000010000575,EN,Mill Lube Pump Motor TYPE A SANDVIK
000000000030000133,EN,Vertical Sump Pump Column 6/4 MULTOTEC
000000000080000128,EN,Pressure Transmitter Assembly HD FLSM
000000000010000576,EN,Valve Assembly HD MULTOTEC
000000000080000129,EN,Agitator Shaft Seal 8/6 ABB
000000000010000577,EN,Ball Mill Shell Liner Plate 6/4 MULTOTEC
000000000010000578,EN,Apron Feeder Gear Reducer 250MM SANDVIK
000000000010000579,EN,Conveyor Drive Motor 150MM SANDVIK
000000000010000580,EN,Flotation Cell Impeller 110KW ABB
000000000010000581,EN,Ball Mill Shell Liner Plate 250MM KSB
000000000010000582,EN,Thickener Rake Seal Kit HD WEIR
000000000010000583,EN,MCC Feeder Circuit Breaker 10/8 ABB
000000000080000130,EN,Slurry Density Transmitter 10/8 SIEMENS
000000000010000584,EN,Apron Feeder Gear Reducer 6/4 ABB
000000000010000585,EN,Hydraulic Pump Assembly DN100 SANDVIK
000000000010000586,EN,Belt Scraper Blade Cartridge TYPE A FLSM
000000000010000587,EN,Pressure Transmitter Assembly DN100
000000000010000588,EN,Flotation Blower Motor DN100 SIEMENS
000000000010000589,EN,Hydraulic Pump Assembly 6/4 ABB
000000000080000131,EN,Apron Feeder Gear Reducer 200MM METSO
000000000090000031,EN,Level Radar Transmitter 55KW SIEMENS
000000000010000590,EN,Ball Mill Trunnion Bearing 8/6 SIEMENS
000000000010000591,EN,Flow Meter Sensor Head TYPE B WEIR
000000000090000032,EN,Conveyor Take-Up Pulley 110KW METSO
000000000010000592,EN,Conveyor Idler Roller Set 150MM WEIR
000000000080000132,EN,Screen Exciter Bearing 10/8 SANDVIK
000000000010000593,EN,Valve Assembly 150MM MULTOTEC
000000000030000134,EN,Hydraulic Pump Assembly DN150 ABB
000000000030000135,EN,Flow Meter Sensor Head DN150 FLSM
000000000010000594,EN,Ball Mill Shell Liner Plate 250MM ABB
000000000010000595,EN,Apron Feeder Gear Reducer 10/8 SIEMENS
000000000010000596,EN,Conveyor Idler Roller Set 6/4 WEIR
000000000010000597,EN,Spherical Roller Bearing 110KW SKF
000000000080000133,EN,Belt Scraper Blade Cartridge 6/4 SKF
000000000010000598,EN,Level Radar Transmitter 6/4 SANDVIK
000000000010000599,EN,Crusher Hydroset Cylinder 150MM MULTOTEC
000000000080000134,EN,Flotation Cell Impeller 250MM ABB
000000000010000600,EN,Conveyor Pulley Bearing 6/4 WEIR
000000000010000601,EN,Hydraulic Power Pack 200MM MULTOTEC
000000000010000602,EN,Pump Impeller 150MM SKF
000000000010000603,EN,MCC Feeder Circuit Breaker 10/8 SEW
000000000010000604,EN,Apron Feeder Gear Reducer 8/6 FLSM
000000000080000135,EN,Crusher Main Shaft Bearing DN150 SIEMENS
000000000010000605,EN,Agitator Shaft Seal HD SANDVIK
000000000010000606,EN,Ventilation Fan Motor DN150 SANDVIK
000000000030000136,EN,Flow Meter Sensor Head 10/8 MULTOTEC
000000000080000136,EN,Ball Mill Shell Liner Plate 150MM
000000000080000137,EN,Conveyor Take-Up Pulley 250MM MULTOTEC
000000000010000607,EN,Slurry Density Transmitter 110KW SKF
000000000010000608,EN,Crusher Main Shaft Bearing TYPE B SEW
000000000010000609,EN,Level Radar Transmitter HD SANDVIK
000000000010000610,EN,Valve Assembly 6/4 METSO
000000000010000611,EN,Mill Lube Pump Motor 150MM ABB
000000000010000612,EN,Slurry Pump Mechanical Seal 150MM FLSM
000000000080000138,EN,Valve Assembly 6/4 MULTOTEC
000000000010000613,EN,Gland Packing Seal Ring 250KW ABB
000000000010000614,EN,Vertical Sump Pump Column DN100 METSO
000000000090000033,EN,Cyclone Apex Liner 6/4 SANDVIK
000000000030000137,EN,Conveyor Take-Up Pulley 150MM FLSM
000000000010000615,EN,Spherical Roller Bearing 8/6 SANDVIK
000000000010000616,EN,Conveyor Drive Gearbox TYPE A KSB
000000000080000139,EN,Vertical Sump Pump Column HD SANDVIK
000000000010000617,EN,PLC Digital Output Card TYPE B ABB
000000000010000618,EN,Skirt Rubber Liner Section 6/4 SIEMENS
000000000010000619,EN,Belt Scraper Blade Cartridge 200MM
000000000010000620,EN,Gland Packing Seal Ring 55KW MULTOTEC
000000000010000621,EN,Ventilation Fan Motor 6/4 MULTOTEC
000000000080000140,EN,Centrifugal Pump Casing 10/8 SANDVIK
000000000030000138,EN,Agitator Shaft Seal TYPE A SEW
000000000010000622,EN,Slurry Density Transmitter 55KW KSB
000000000010000623,EN,Gland Packing Seal Ring TYPE B SEW
000000000010000624,EN,Conveyor Pulley Bearing 250KW SIEMENS
000000000010000625,EN,Slurry Pump Wet End Assembly 6/4 WEIR
000000000010000626,EN,Conveyor Drive Gearbox 6/4 SKF
000000000080000141,EN,Mill Lube Pump Motor HD SIEMENS
000000000030000139,EN,Conveyor Idler Roller Set 8/6 SIEMENS
000000000010000627,EN,Screen Exciter Bearing 250MM FLSM
000000000030000140,EN,Pressure Transmitter Assembly TYPE B KSB
000000000010000628,EN,Conveyor Take-Up Pulley HD ABB
000000000010000629,EN,Slurry Density Transmitter 250KW SIEMENS
000000000010000630,EN,Conveyor Take-Up Pulley 110KW SEW
000000000010000631,EN,MCC Feeder Circuit Breaker 55KW WEIR
000000000010000632,EN,Thickener Rake Seal Kit 6/4 SEW
000000000080000142,EN,Crusher Main Shaft Bearing 250KW SANDVIK
000000000010000633,EN,Apron Feeder Gear Reducer 10/8 METSO
000000000010000634,EN,Slurry Pump Mechanical Seal 10/8 SKF
000000000010000635,EN,Skirt Rubber Liner Section 6/4 SEW
000000000080000143,EN,Hydraulic Pump Assembly TYPE A SANDVIK
000000000010000636,EN,Conveyor Pulley Bearing TYPE B KSB
000000000010000637,EN,MCC Feeder Circuit Breaker 250KW METSO
000000000030000141,EN,Slurry Pump Wet End Assembly DN100 ABB
000000000030000142,EN,Ball Mill Trunnion Bearing 55KW SKF
000000000080000144,EN,MCC Feeder Circuit Breaker DN150
000000000030000143,EN,Crusher Hydroset Cylinder DN100 WEIR
000000000010000638,EN,Thickener Rake Drive Gearbox TYPE A SKF
000000000010000639,EN,Ventilation Fan Motor 150MM FLSM
000000000010000640,EN,Cyclone Apex Liner 110KW SEW
000000000010000641,EN,Screen Exciter Bearing TYPE B ABB
000000000010000642,EN,Cyclone Apex Liner 8/6 SIEMENS
000000000010000643,EN,Cyclone Apex Liner 250KW WEIR
000000000030000144,EN,Ball Mill Trunnion Bearing 8/6 MULTOTEC
000000000010000644,EN,Ball Mill Gearbox Assembly 6/4
000000000010000645,EN,Conveyor Idler Roller Set 10/8 SIEMENS
000000000010000646,EN,Conveyor Drive Gearbox 8/6 KSB
000000000010000647,EN,Ventilation Fan Motor TYPE B FLSM
000000000010000648,EN,Variable Speed Drive Unit 250KW ABB
000000000010000649,EN,Slurry Density Transmitter 250MM SANDVIK
000000000010000650,EN,Conveyor Drive Motor 110KW MULTOTEC
000000000010000651,EN,Vertical Sump Pump Column 110KW SKF
000000000010000652,EN,Gland Packing Seal Ring 8/6 SEW
000000000010000653,EN,Hydraulic Pump Assembly 10/8 WEIR
000000000030000145,EN,Gland Packing Seal Ring 250KW KSB
000000000010000654,EN,Cyclone Apex Liner DN150 SIEMENS
000000000010000655,EN,Slurry Density Transmitter 6/4 SKF
000000000010000656,EN,Soft Starter Power Module DN150 MULTOTEC
000000000080000145,EN,Pressure Transmitter Assembly 250MM ABB
000000000030000146,EN,Skirt Rubber Liner Section 250MM KSB
000000000010000657,EN,Mill Lube Pump Motor DN100 WEIR
000000000010000658,EN,Mill Liner DN150 MULTOTEC
000000000010000659,EN,Apron Feeder Gear Reducer TYPE B SANDVIK
000000000010000660,EN,Crusher Main Shaft Bearing TYPE A FLSM
000000000010000661,EN,Thickener Rake Drive Gearbox 150MM ABB
000000000030000147,EN,Cyclone Apex Liner 6/4 SANDVIK
000000000010000662,EN,Ventilation Fan Motor 250MM SEW
000000000010000663,EN,Thickener Rake Drive Gearbox TYPE B
000000000080000146,EN,Valve Assembly 250KW SEW
000000000030000148,EN,Slurry Density Transmitter TYPE B SEW
000000000010000664,EN,Ball Mill Trunnion Bearing TYPE B SEW
000000000080000147,EN,Crusher Hydroset Cylinder 200MM ABB
000000000010000665,EN,Flotation Cell Impeller 150MM ABB
000000000030000149,EN,Mill Lube Pump Motor HD SKF
000000000080000148,EN,Ventilation Fan Motor 110KW SKF
000000000080000149,EN,Ball Mill Shell Liner Plate HD SKF
000000000010000666,EN,Crusher Main Shaft Bearing 110KW SEW
000000000030000150,EN,Flotation Cell Impeller 200MM KSB
000000000010000667,EN,Conveyor Take-Up Pulley 250KW METSO
000000000010000668,EN,Conveyor Pulley Bearing 250MM MULTOTEC
000000000010000669,EN,Ball Mill Shell Liner Plate DN150 WEIR
000000000010000670,EN,Thickener Rake Drive Gearbox DN150 KSB
000000000090000034,EN,Gearbox Bearing 200MM WEIR
000000000080000150,EN,Flotation Blower Motor TYPE A SEW
000000000030000151,EN,Centrifugal Pump Casing 150MM SEW
000000000010000671,EN,Conveyor Pulley Bearing 250MM METSO
000000000090000035,EN,Conveyor Pulley Bearing 8/6 SKF
000000000010000672,EN,Spherical Roller Bearing HD WEIR
000000000030000152,EN,Flotation Blower Motor 10/8 KSB
000000000010000673,EN,MCC Feeder Circuit Breaker 150MM ABB
000000000010000674,EN,Gland Packing Seal Ring 8/6 SEW
000000000010000675,EN,Hydraulic Power Pack 250MM SIEMENS
000000000080000151,EN,Flow Meter Sensor Head 6/4 SEW
000000000010000676,EN,Conveyor Pulley Bearing 200MM METSO
000000000010000677,EN,Ball Mill Trunnion Bearing TYPE B FLSM
000000000030000153,EN,Hydraulic Pump Assembly 10/8 SEW
000000000090000036,EN,Belt Scraper Blade Cartridge 110KW SEW
000000000010000678,EN,Spherical Roller Bearing 250MM KSB
000000000080000152,EN,Slurry Pump Wet End Assembly 200MM WEIR
000000000030000154,EN,Conveyor Pulley Bearing 150MM FLSM
000000000030000155,EN,Ball Mill Trunnion Bearing TYPE B METSO
000000000010000679,EN,Soft Starter Power Module 200MM MULTOTEC
000000000010000680,EN,MCC Feeder Circuit Breaker 55KW SANDVIK
000000000010000681,EN,MCC Feeder Circuit Breaker 250MM ABB
000000000030000156,EN,Thickener Rake Seal Kit TYPE B SANDVIK
000000000010000682,EN,Slurry Pump Wet End Assembly 6/4 SEW
000000000080000153,EN,Soft Starter Power Module DN150 WEIR
000000000090000037,EN,Ball Mill Shell Liner Plate 8/6 METSO
000000000010000683,EN,Thickener Rake Drive Gearbox 250KW FLSM
000000000010000684,EN,Soft Starter Power Module 200MM KSB
000000000010000685,EN,Hydraulic Power Pack 110KW MULTOTEC
000000000010000686,EN,Valve Assembly HD KSB
000000000010000687,EN,Thickener Rake Drive Gearbox HD SEW
000000000080000154,EN,Pressure Transmitter Assembly 250KW ABB
000000000010000688,EN,Spherical Roller Bearing TYPE A ABB
000000000030000157,EN,Slurry Pump Mechanical Seal TYPE B SKF
000000000090000038,EN,Cyclone Apex Liner 200MM WEIR
000000000080000155,EN,Level Radar Transmitter TYPE A FLSM
000000000010000689,EN,Level Radar Transmitter 55KW SEW
000000000010000690,EN,Gearbox Bearing 250KW KSB
000000000010000691,EN,Ball Mill Gearbox Assembly 8/6 SANDVIK
000000000080000156,EN,Belt Scraper Blade Cartridge 150MM
000000000010000692,EN,Screen Exciter Bearing DN150 KSB
000000000010000693,EN,Ball Mill Shell Liner Plate 200MM
000000000010000694,EN,Ball Mill Trunnion Bearing 10/8 METSO
000000000010000695,EN,Gearbox Bearing 10/8 SEW
000000000010000696,EN,Variable Speed Drive Unit 250KW SEW
000000000030000158,EN,Soft Starter Power Module 250MM MULTOTEC
000000000010000697,EN,MCC Feeder Circuit Breaker 55KW SANDVIK
000000000010000698,EN,Thickener Rake Seal Kit DN150 SEW
000000000080000157,EN,Hydraulic Power Pack 150MM SIEMENS
000000000010000699,EN,Gland Packing Seal Ring DN100 SANDVIK
000000000010000700,EN,Ball Mill Gearbox Assembly 10/8 KSB
000000000010000701,EN,Belt Scraper Blade Cartridge TYPE B KSB
000000000030000159,EN,Vertical Sump Pump Column TYPE A SEW
000000000010000702,EN,Gland Packing Seal Ring 250MM SANDVIK
000000000010000703,EN,Gland Packing Seal Ring TYPE A ABB
000000000010000704,EN,Skirt Rubber Liner Section TYPE A METSO
000000000010000705,EN,Conveyor Drive Motor 200MM ABB
000000000010000706,EN,Level Radar Transmitter 250MM ABB
000000000010000707,EN,Belt Scraper Blade Cartridge 150MM FLSM
000000000010000708,EN,Centrifugal Pump Casing DN150 FLSM
000000000010000709,EN,Conveyor Drive Gearbox 110KW ABB
000000000010000710,EN,Thickener Rake Drive Gearbox 10/8 ABB
000000000010000711,EN,Mill Liner 8/6 MULTOTEC
000000000080000158,EN,MCC Feeder Circuit Breaker DN100 SIEMENS
000000000080000159,EN,Mill Liner HD METSO
000000000010000712,EN,Cyclone Apex Liner 110KW SANDVIK
000000000010000713,EN,Ball Mill Gearbox Assembly 150MM
000000000030000160,EN,Valve Assembly TYPE A MULTOTEC
000000000030000161,EN,Hydraulic Pump Assembly HD SKF
000000000030000162,EN,Gearbox Bearing 250MM SKF
000000000010000714,EN,Conveyor Idler Roller Set TYPE A FLSM
000000000030000163,EN,Soft Starter Power Module HD FLSM
000000000080000160,EN,Skirt Rubber Liner Section DN100 FLSM
000000000030000164,EN,Conveyor Idler Roller Set HD SKF
000000000010000715,EN,MCC Feeder Circuit Breaker 6/4 FLSM
000000000010000716,EN,Ball Mill Shell Liner Plate 6/4 SKF
000000000010000717,EN,Thickener Rake Seal Kit 250KW SKF
000000000030000165,EN,Pump Impeller 150MM KSB
000000000010000718,EN,Slurry Pump Mechanical Seal 110KW SEW
000000000080000161,EN,Belt Scraper Blade Cartridge 10/8
000000000010000719,EN,Mill Lube Pump Motor 55KW MULTOTEC
000000000030000166,EN,Conveyor Drive Motor 8/6 SKF
000000000010000720,EN,Flow Meter Sensor Head TYPE B SIEMENS
000000000010000721,EN,Conveyor Drive Gearbox 250KW ABB
000000000010000722,EN,Agitator Shaft Seal HD FLSM
000000000030000167,EN,Conveyor Drive Gearbox 150MM MULTOTEC
000000000010000723,EN,Thickener Rake Seal Kit TYPE A ABB
000000000010000724,EN,Mill Liner 200MM SEW
000000000010000725,EN,Conveyor Pulley Bearing 150MM SIEMENS
000000000010000726,EN,Flotation Cell Impeller DN100 WEIR
000000000080000162,EN,Crusher Main Shaft Bearing 6/4 SANDVIK
000000000010000727,EN,PLC Digital Output Card TYPE A METSO
000000000010000728,EN,Agitator Shaft Seal HD ABB
000000000010000729,EN,Slurry Density Transmitter 10/8
000000000010000730,EN,Mill Liner TYPE B ABB
000000000010000731,EN,PLC Digital Output Card 150MM SEW
000000000010000732,EN,Mill Lube Pump Motor HD SANDVIK
000000000010000733,EN,Soft Starter Power Module 250KW MULTOTEC
000000000030000168,EN,Mill Liner DN150 KSB
000000000080000163,EN,Flotation Blower Motor TYPE B SEW
000000000090000039,EN,Soft Starter Power Module TYPE A SANDVIK
000000000080000164,EN,PLC Digital Output Card 250KW SIEMENS
000000000010000734,EN,PLC Digital Output Card 8/6 KSB
000000000010000735,EN,Hydraulic Power Pack 6/4 KSB
000000000090000040,EN,Ball Mill Trunnion Bearing DN100 SKF
000000000030000169,EN,Flotation Blower Motor 8/6 MULTOTEC
000000000030000170,EN,Screen Exciter Bearing DN150 MULTOTEC
000000000010000736,EN,Crusher Hydroset Cylinder 200MM KSB
000000000010000737,EN,Ball Mill Shell Liner Plate 10/8
000000000010000738,EN,Slurry Pump Mechanical Seal TYPE B METSO
000000000010000739,EN,Flotation Blower Motor HD METSO
000000000010000740,EN,Pressure Transmitter Assembly 150MM
000000000010000741,EN,Ball Mill Gearbox Assembly TYPE A ABB
000000000030000171,EN,Agitator Shaft Seal HD METSO
000000000010000742,EN,Pressure Transmitter Assembly 55KW
000000000080000165,EN,Cyclone Apex Liner 200MM METSO
000000000010000743,EN,Variable Speed Drive Unit 110KW FLSM
000000000010000744,EN,Ball Mill Shell Liner Plate 6/4 KSB
000000000030000172,EN,Crusher Main Shaft Bearing DN100 KSB
000000000010000745,EN,Screen Exciter Bearing TYPE A MULTOTEC
000000000010000746,EN,Soft Starter Power Module TYPE A SIEMENS
000000000030000173,EN,Screen Exciter Bearing 110KW KSB
000000000080000166,EN,Slurry Pump Mechanical Seal 250KW ABB
000000000080000167,EN,Mill Liner DN100 METSO
000000000010000747,EN,Spherical Roller Bearing 6/4 WEIR
000000000030000174,EN,MCC Feeder Circuit Breaker 55KW FLSM
000000000010000748,EN,Crusher Hydroset Cylinder HD SANDVIK
000000000010000749,EN,Flow Meter Sensor Head 200MM SIEMENS
000000000010000750,EN,Cyclone Apex Liner 150MM KSB
000000000080000168,EN,Centrifugal Pump Casing 55KW FLSM
000000000080000169,EN,Slurry Pump Mechanical Seal 110KW SKF
000000000080000170,EN,Mill Liner 55KW SIEMENS
000000000010000751,EN,Valve Assembly HD SIEMENS
000000000010000752,EN,Ball Mill Shell Liner Plate 110KW KSB
000000000010000753,EN,Pump Impeller 110KW SIEMENS
000000000080000171,EN,Ventilation Fan Motor 10/8 WEIR
000000000010000754,EN,Conveyor Take-Up Pulley 55KW SKF
000000000010000755,EN,Thickener Rake Drive Gearbox 10/8
000000000010000756,EN,Apron Feeder Gear Reducer 55KW ABB
000000000080000172,EN,Flow Meter Sensor Head 6/4 SIEMENS
000000000010000757,EN,Pump Impeller 110KW SIEMENS
000000000030000175,EN,Skirt Rubber Liner Section HD SIEMENS
000000000010000758,EN,Conveyor Drive Motor 150MM METSO
000000000010000759,EN,Valve Assembly TYPE B MULTOTEC
000000000080000173,EN,Valve Assembly DN100 ABB
000000000010000760,EN,Apron Feeder Gear Reducer 8/6 WEIR
000000000010000761,EN,Pressure Transmitter Assembly 10/8
000000000010000762,EN,Mill Liner 250KW SEW
000000000080000174,EN,Slurry Pump Wet End Assembly 110KW SKF
000000000010000763,EN,Slurry Density Transmitter DN150 SANDVIK
000000000030000176,EN,Slurry Pump Wet End Assembly 55KW ABB
000000000090000041,EN,Apron Feeder Gear Reducer 250MM KSB
000000000010000764,EN,Slurry Density Transmitter HD
000000000080000175,EN,Hydraulic Power Pack 55KW MULTOTEC
000000000010000765,EN,Conveyor Take-Up Pulley TYPE A SIEMENS
000000000010000766,EN,Ball Mill Gearbox Assembly DN100 FLSM
000000000010000767,EN,Conveyor Drive Motor 8/6 SANDVIK
000000000010000768,EN,Hydraulic Pump Assembly 250MM SIEMENS
000000000030000177,EN,Ball Mill Shell Liner Plate 10/8 KSB
000000000010000769,EN,Spherical Roller Bearing 6/4 SIEMENS
000000000080000176,EN,Ball Mill Shell Liner Plate 10/8 ABB
000000000010000770,EN,Gland Packing Seal Ring 150MM WEIR
000000000010000771,EN,Centrifugal Pump Casing 8/6 KSB
000000000080000177,EN,Slurry Density Transmitter TYPE A FLSM
000000000010000772,EN,Flow Meter Sensor Head 250MM MULTOTEC
000000000080000178,EN,Conveyor Take-Up Pulley 110KW WEIR
000000000010000773,EN,PLC Digital Output Card 150MM SKF
000000000010000774,EN,Flotation Blower Motor DN100 KSB
000000000010000775,EN,Thickener Rake Drive Gearbox 6/4 METSO
000000000030000178,EN,Spherical Roller Bearing 110KW SANDVIK
000000000010000776,EN,Thickener Rake Seal Kit 150MM SANDVIK
000000000010000777,EN,Conveyor Drive Gearbox 6/4 KSB
000000000010000778,EN,Ball Mill Trunnion Bearing DN100 SANDVIK
000000000010000779,EN,Pressure Transmitter Assembly 55KW
000000000080000179,EN,Soft Starter Power Module HD ABB
000000000010000780,EN,Variable Speed Drive Unit 55KW MULTOTEC
000000000010000781,EN,Thickener Rake Drive Gearbox 110KW FLSM
000000000030000179,EN,PLC Digital Output Card DN100 METSO
000000000010000782,EN,Slurry Pump Wet End Assembly 250KW
000000000010000783,EN,Mill Lube Pump Motor 6/4 METSO
000000000010000784,EN,Conveyor Drive Gearbox TYPE A SEW
000000000010000785,EN,Belt Scraper Blade Cartridge 55KW METSO
000000000030000180,EN,PLC Digital Output Card 150MM METSO
000000000080000180,EN,Crusher Main Shaft Bearing HD ABB
000000000010000786,EN,Flotation Cell Impeller DN100 SKF
000000000010000787,EN,Screen Exciter Bearing 10/8 SIEMENS
000000000010000788,EN,Slurry Density Transmitter 10/8 SANDVIK
000000000010000789,EN,Hydraulic Pump Assembly DN150 SEW
000000000010000790,EN,Skirt Rubber Liner Section 250MM WEIR
000000000030000181,EN,Conveyor Idler Roller Set 250KW SEW
000000000010000791,EN,Variable Speed Drive Unit 10/8 SEW
000000000010000792,EN,Cyclone Apex Liner 200MM WEIR
000000000010000793,EN,Slurry Density Transmitter 10/8 SEW
000000000080000181,EN,Ball Mill Gearbox Assembly TYPE A KSB
000000000010000794,EN,Level Radar Transmitter 8/6 SKF
000000000010000795,EN,Centrifugal Pump Casing 10/8 ABB
000000000010000796,EN,Flow Meter Sensor Head 8/6 SKF
000000000080000182,EN,Conveyor Pulley Bearing TYPE B MULTOTEC
000000000010000797,EN,Slurry Density Transmitter 8/6 KSB
000000000010000798,EN,Conveyor Take-Up Pulley 10/8 SIEMENS
000000000030000182,EN,Pressure Transmitter Assembly DN150 KSB
000000000030000183,EN,Thickener Rake Drive Gearbox HD
000000000030000184,EN,Slurry Density Transmitter HD KSB
000000000010000799,EN,Belt Scraper Blade Cartridge 6/4 WEIR
000000000010000800,EN,Hydraulic Pump Assembly 250MM METSO
000000000080000183,EN,Apron Feeder Gear Reducer 8/6 SANDVIK
000000000030000185,EN,Valve Assembly 200MM MULTOTEC
000000000010000801,EN,Pump Impeller DN100 SKF
000000000080000184,EN,Cyclone Apex Liner 200MM SIEMENS
000000000010000802,EN,Gland Packing Seal Ring 110KW SEW
000000000010000803,EN,Hydraulic Pump Assembly 200MM SEW
000000000010000804,EN,Flotation Cell Impeller DN150 ABB
000000000010000805,EN,Spherical Roller Bearing 110KW SIEMENS
000000000010000806,EN,Ventilation Fan Motor 6/4 SKF
000000000010000807,EN,Pump Impeller TYPE A METSO
000000000010000808,EN,Slurry Density Transmitter TYPE A FLSM
000000000030000186,EN,PLC Digital Output Card TYPE B SKF
000000000010000809,EN,Spherical Roller Bearing 10/8 SIEMENS
000000000030000187,EN,MCC Feeder Circuit Breaker 10/8 MULTOTEC
000000000030000188,EN,Ventilation Fan Motor 8/6 FLSM
000000000010000810,EN,MCC Feeder Circuit Breaker 110KW SIEMENS
000000000030000189,EN,Soft Starter Power Module 150MM SANDVIK
000000000010000811,EN,Crusher Main Shaft Bearing 110KW FLSM
000000000010000812,EN,Valve Assembly 200MM METSO
000000000010000813,EN,Spherical Roller Bearing 250KW MULTOTEC
000000000010000814,EN,Apron Feeder Gear Reducer 150MM METSO
000000000010000815,EN,Conveyor Drive Motor 150MM MULTOTEC
000000000030000190,EN,Pressure Transmitter Assembly HD SANDVIK
000000000010000816,EN,Slurry Pump Wet End Assembly 150MM SEW
000000000010000817,EN,Pump Impeller 6/4 ABB
000000000080000185,EN,Pump Impeller 250MM ABB
000000000080000186,EN,Gland Packing Seal Ring TYPE A FLSM
000000000010000818,EN,Conveyor Idler Roller Set DN150 MULTOTEC
000000000090000042,EN,Conveyor Take-Up Pulley 110KW FLSM
000000000010000819,EN,Thickener Rake Seal Kit DN100 METSO
000000000010000820,EN,Flotation Cell Impeller DN100 ABB
000000000010000821,EN,Slurry Pump Mechanical Seal 110KW FLSM
000000000010000822,EN,Conveyor Take-Up Pulley 150MM WEIR
000000000080000187,EN,Ball Mill Shell Liner Plate 200MM WEIR
000000000010000823,EN,Gland Packing Seal Ring 250MM WEIR
000000000010000824,EN,Mill Liner 200MM SANDVIK
000000000030000191,EN,Hydraulic Pump Assembly 110KW SKF
000000000030000192,EN,MCC Feeder Circuit Breaker 10/8 SEW
000000000010000825,EN,Hydraulic Pump Assembly DN100 KSB
000000000010000826,EN,Gearbox Bearing 250KW ABB
000000000010000827,EN,Thickener Rake Drive Gearbox 110KW KSB
000000000010000828,EN,Flotation Blower Motor TYPE B ABB
000000000010000829,EN,Thickener Rake Drive Gearbox DN150
000000000010000830,EN,Crusher Main Shaft Bearing 110KW SANDVIK
000000000010000831,EN,Flotation Blower Motor 6/4 KSB
000000000010000832,EN,Flotation Blower Motor DN150 SKF
000000000080000188,EN,Gearbox Bearing 6/4 METSO
000000000010000833,EN,Skirt Rubber Liner Section DN150 FLSM
000000000030000193,EN,Slurry Pump Wet End Assembly 10/8 SKF
000000000010000834,EN,Flotation Blower Motor 250KW SIEMENS
000000000080000189,EN,Conveyor Take-Up Pulley 10/8 SKF
000000000030000194,EN,Variable Speed Drive Unit 8/6 ABB
000000000010000835,EN,Soft Starter Power Module 200MM SIEMENS
000000000030000195,EN,Agitator Shaft Seal 250KW SKF
000000000010000836,EN,Ventilation Fan Motor 55KW WEIR
000000000030000196,EN,Belt Scraper Blade Cartridge TYPE B FLSM
000000000010000837,EN,Mill Liner 150MM SKF
000000000010000838,EN,Belt Scraper Blade Cartridge 6/4
000000000090000043,EN,Centrifugal Pump Casing 200MM SANDVIK
000000000010000839,EN,Cyclone Apex Liner 200MM KSB
000000000010000840,EN,Vertical Sump Pump Column HD METSO
000000000010000841,EN,Gearbox Bearing 110KW ABB
000000000080000190,EN,Ball Mill Shell Liner Plate TYPE B FLSM
000000000010000842,EN,Pump Impeller 250KW SIEMENS
000000000010000843,EN,Flow Meter Sensor Head HD MULTOTEC
000000000030000197,EN,Vertical Sump Pump Column 250KW WEIR
000000000080000191,EN,Slurry Pump Wet End Assembly DN150
000000000030000198,EN,Screen Exciter Bearing 250MM FLSM
000000000030000199,EN,Slurry Pump Mechanical Seal 55KW METSO
000000000080000192,EN,Flow Meter Sensor Head DN100 SANDVIK
000000000010000844,EN,Flow Meter Sensor Head 200MM SKF
000000000030000200,EN,Vertical Sump Pump Column 110KW SKF
000000000010000845,EN,Ball Mill Gearbox Assembly 55KW WEIR
000000000080000193,EN,Apron Feeder Gear Reducer 10/8 ABB
000000000010000846,EN,Conveyor Idler Roller Set TYPE A METSO
000000000030000201,EN,Slurry Pump Wet End Assembly 8/6 SEW
000000000010000847,EN,Crusher Hydroset Cylinder HD WEIR
000000000010000848,EN,Valve Assembly 8/6 SEW
000000000010000849,EN,Ventilation Fan Motor 200MM ABB
000000000030000202,EN,Crusher Main Shaft Bearing 250MM SIEMENS
000000000010000850,EN,Thickener Rake Drive Gearbox 200MM SEW
000000000010000851,EN,Slurry Pump Mechanical Seal 10/8 SKF
000000000010000852,EN,Slurry Pump Wet End Assembly DN150 ABB
000000000030000203,EN,Thickener Rake Seal Kit 10/8 METSO
000000000030000204,EN,Hydraulic Pump Assembly 6/4 WEIR
000000000010000853,EN,Soft Starter Power Module DN100
000000000010000854,EN,Conveyor Pulley Bearing DN100 SANDVIK
000000000010000855,EN,Agitator Shaft Seal 10/8 MULTOTEC
000000000010000856,EN,Flotation Blower Motor 250KW MULTOTEC
000000000010000857,EN,Cyclone Apex Liner 200MM METSO
000000000080000194,EN,Conveyor Idler Roller Set 200MM SIEMENS
000000000010000858,EN,Flow Meter Sensor Head 10/8 FLSM
000000000010000859,EN,Ball Mill Gearbox Assembly 6/4
000000000010000860,EN,Thickener Rake Seal Kit 250KW MULTOTEC
000000000010000861,EN,Thickener Rake Seal Kit 8/6 WEIR
000000000030000205,EN,Conveyor Take-Up Pulley TYPE B FLSM
000000000090000044,EN,Gland Packing Seal Ring 250KW ABB
000000000010000862,EN,PLC Digital Output Card 150MM WEIR
000000000010000863,EN,Flotation Blower Motor 150MM SANDVIK
000000000010000864,EN,Variable Speed Drive Unit DN150 ABB
000000000030000206,EN,Spherical Roller Bearing 150MM WEIR
000000000010000865,EN,Pump Impeller 8/6 WEIR
000000000010000866,EN,Slurry Density Transmitter 6/4 WEIR
000000000010000867,EN,Flotation Cell Impeller HD SEW
000000000080000195,EN,PLC Digital Output Card DN150 SANDVIK
000000000030000207,EN,Conveyor Drive Gearbox TYPE B ABB
000000000080000196,EN,Mill Liner 250MM SEW
000000000030000208,EN,Mill Lube Pump Motor 6/4 SEW
000000000030000209,EN,Apron Feeder Gear Reducer TYPE A FLSM
000000000080000197,EN,Soft Starter Power Module TYPE B SIEMENS
000000000080000198,EN,Hydraulic Pump Assembly TYPE B SKF
000000000030000210,EN,Thickener Rake Drive Gearbox TYPE A FLSM
000000000010000868,EN,Belt Scraper Blade Cartridge DN100 SEW
000000000010000869,EN,Conveyor Idler Roller Set 250MM SKF
000000000010000870,EN,Gland Packing Seal Ring 250KW METSO
000000000010000871,EN,Thickener Rake Seal Kit 110KW FLSM
000000000030000211,EN,Ball Mill Shell Liner Plate 150MM FLSM
000000000010000872,EN,Cyclone Apex Liner DN150 METSO
000000000030000212,EN,Flotation Cell Impeller 110KW ABB
000000000010000873,EN,Apron Feeder Gear Reducer 150MM MULTOTEC
000000000080000199,EN,Conveyor Take-Up Pulley DN150 SEW
000000000010000874,EN,Vertical Sump Pump Column DN150 SEW
000000000080000200,EN,Hydraulic Power Pack 150MM METSO
000000000010000875,EN,Centrifugal Pump Casing 110KW SANDVIK
000000000010000876,EN,Gearbox Bearing 8/6 SANDVIK
000000000010000877,EN,Pump Impeller DN100 SKF
000000000010000878,EN,Mill Liner 200MM SKF
000000000010000879,EN,Conveyor Pulley Bearing 150MM WEIR
000000000010000880,EN,Gland Packing Seal Ring TYPE A SKF
000000000030000213,EN,Pressure Transmitter Assembly 110KW
000000000010000881,EN,Belt Scraper Blade Cartridge DN100 FLSM
000000000010000882,EN,Pressure Transmitter Assembly HD WEIR
000000000010000883,EN,Pressure Transmitter Assembly 8/6 SKF
000000000010000884,EN,Flotation Cell Impeller 55KW MULTOTEC
000000000010000885,EN,Skirt Rubber Liner Section 8/6 FLSM
000000000030000214,EN,Slurry Pump Mechanical Seal 8/6 SANDVIK
000000000010000886,EN,Ball Mill Shell Liner Plate DN150 SKF
000000000010000887,EN,Centrifugal Pump Casing 200MM SIEMENS
000000000030000215,EN,Flotation Blower Motor DN100 SEW
000000000010000888,EN,Flow Meter Sensor Head 8/6 SIEMENS
000000000010000889,EN,Flotation Blower Motor 8/6 SEW
000000000030000216,EN,Gland Packing Seal Ring 110KW SANDVIK
000000000010000890,EN,Mill Liner HD FLSM
000000000010000891,EN,Flotation Cell Impeller TYPE B SKF
000000000030000217,EN,Hydraulic Pump Assembly 200MM ABB
000000000090000045,EN,Belt Scraper Blade Cartridge HD ABB
000000000010000892,EN,Thickener Rake Drive Gearbox 250KW
000000000010000893,EN,Pump Impeller 250MM SIEMENS
000000000010000894,EN,Thickener Rake Seal Kit 8/6 ABB
000000000010000895,EN,Mill Lube Pump Motor 150MM SANDVIK
000000000030000218,EN,Thickener Rake Seal Kit 6/4 ABB
000000000030000219,EN,Agitator Shaft Seal 10/8 FLSM
000000000010000896,EN,Mill Liner 55KW FLSM
000000000030000220,EN,Ball Mill Trunnion Bearing 150MM FLSM
000000000010000897,EN,Ventilation Fan Motor HD FLSM
000000000010000898,EN,Crusher Hydroset Cylinder DN100 ABB
000000000010000899,EN,Cyclone Apex Liner TYPE A SEW
000000000010000900,EN,Mill Liner 150MM SEW
000000000010000901,EN,Hydraulic Pump Assembly DN150 FLSM
000000000080000201,EN,Slurry Density Transmitter 110KW
000000000080000202,EN,Conveyor Drive Motor 250MM ABB
000000000080000203,EN,Crusher Hydroset Cylinder 6/4 KSB
000000000010000902,EN,Cyclone Apex Liner 250MM SANDVIK
000000000010000903,EN,Variable Speed Drive Unit DN150 MULTOTEC
000000000010000904,EN,Centrifugal Pump Casing 10/8 KSB
000000000010000905,EN,Slurry Pump Mechanical Seal 6/4 METSO
000000000080000204,EN,Ball Mill Trunnion Bearing HD MULTOTEC
000000000010000906,EN,Pump Impeller 250MM SEW
000000000090000046,EN,Conveyor Drive Motor TYPE A SIEMENS
000000000030000221,EN,Soft Starter Power Module 250KW METSO
000000000010000907,EN,Level Radar Transmitter HD MULTOTEC
000000000010000908,EN,Ventilation Fan Motor 6/4 FLSM
000000000010000909,EN,Level Radar Transmitter 6/4 SEW
000000000010000910,EN,Apron Feeder Gear Reducer 150MM SEW
000000000030000222,EN,Screen Exciter Bearing 110KW SEW
000000000080000205,EN,Conveyor Pulley Bearing DN150 KSB
000000000010000911,EN,Hydraulic Pump Assembly TYPE A KSB
000000000010000912,EN,Conveyor Pulley Bearing 200MM SKF
000000000010000913,EN,MCC Feeder Circuit Breaker DN100 SKF
000000000030000223,EN,Pressure Transmitter Assembly 6/4 SKF
000000000010000914,EN,Conveyor Pulley Bearing DN150 METSO
000000000090000047,EN,Ball Mill Shell Liner Plate 150MM
000000000030000224,EN,Level Radar Transmitter 55KW KSB
000000000080000206,EN,Slurry Pump Mechanical Seal 150MM ABB
000000000010000915,EN,Gland Packing Seal Ring TYPE B MULTOTEC
000000000010000916,EN,Vertical Sump Pump Column HD METSO
000000000080000207,EN,Flotation Blower Motor 8/6 SEW
000000000080000208,EN,Mill Liner DN100 FLSM
000000000010000917,EN,Vertical Sump Pump Column HD SKF
000000000030000225,EN,Ball Mill Trunnion Bearing 110KW SANDVIK
000000000010000918,EN,Vertical Sump Pump Column 250KW METSO
000000000030000226,EN,Soft Starter Power Module HD MULTOTEC
000000000080000209,EN,Conveyor Drive Gearbox TYPE B MULTOTEC
000000000010000919,EN,Gland Packing Seal Ring TYPE B SANDVIK
000000000010000920,EN,Centrifugal Pump Casing DN100 SKF
000000000080000210,EN,Ventilation Fan Motor TYPE A SKF
000000000010000921,EN,Valve Assembly 150MM MULTOTEC
000000000080000211,EN,Cyclone Apex Liner DN100 SKF
000000000010000922,EN,Conveyor Pulley Bearing TYPE A SIEMENS
000000000030000227,EN,PLC Digital Output Card 10/8 FLSM
000000000080000212,EN,Conveyor Drive Motor TYPE B WEIR
000000000010000923,EN,Apron Feeder Gear Reducer 55KW FLSM
000000000010000924,EN,Crusher Main Shaft Bearing 110KW KSB
000000000080000213,EN,Pump Impeller DN150 SANDVIK
000000000030000228,EN,Ball Mill Trunnion Bearing 110KW FLSM
000000000010000925,EN,Flotation Blower Motor 200MM ABB
000000000010000926,EN,Crusher Hydroset Cylinder HD WEIR
000000000030000229,EN,Ball Mill Gearbox Assembly DN100 SKF
000000000010000927,EN,Hydraulic Pump Assembly 10/8 METSO
000000000010000928,EN,Ball Mill Shell Liner Plate 6/4 METSO
000000000030000230,EN,Vertical Sump Pump Column 55KW SEW
000000000010000929,EN,Soft Starter Power Module DN150 WEIR
000000000090000048,EN,Skirt Rubber Liner Section DN100 ABB
000000000030000231,EN,Crusher Hydroset Cylinder 150MM SIEMENS
000000000030000232,EN,Thickener Rake Seal Kit 10/8 FLSM
000000000030000233,EN,Skirt Rubber Liner Section 200MM WEIR
000000000010000930,EN,Flow Meter Sensor Head 10/8 FLSM
000000000080000214,EN,Cyclone Apex Liner 10/8 SEW
000000000010000931,EN,Slurry Density Transmitter TYPE A KSB
000000000010000932,EN,Conveyor Idler Roller Set 150MM SANDVIK
000000000010000933,EN,Crusher Main Shaft Bearing 250MM SEW
000000000080000215,EN,Conveyor Drive Gearbox 55KW SKF
000000000080000216,EN,Conveyor Drive Motor 250MM SKF
000000000010000934,EN,Slurry Pump Mechanical Seal 200MM FLSM
000000000010000935,EN,Valve Assembly 150MM MULTOTEC
000000000080000217,EN,Hydraulic Pump Assembly 250KW FLSM
000000000080000218,EN,Crusher Hydroset Cylinder 250MM SIEMENS
000000000080000219,EN,Crusher Hydroset Cylinder 55KW SIEMENS
000000000010000936,EN,Conveyor Take-Up Pulley 110KW KSB
000000000030000234,EN,Slurry Density Transmitter 10/8 MULTOTEC
000000000010000937,EN,Variable Speed Drive Unit 6/4 SIEMENS
000000000030000235,EN,Hydraulic Power Pack 250MM SIEMENS
000000000080000220,EN,Mill Lube Pump Motor 10/8 SKF
000000000010000938,EN,Conveyor Drive Motor 250MM FLSM
000000000010000939,EN,Ball Mill Shell Liner Plate 150MM
000000000030000236,EN,Flow Meter Sensor Head HD SKF
000000000010000940,EN,Soft Starter Power Module 55KW KSB
000000000010000941,EN,Thickener Rake Drive Gearbox 150MM
000000000010000942,EN,Ball Mill Trunnion Bearing TYPE B SEW
000000000080000221,EN,Thickener Rake Seal Kit 150MM MULTOTEC
000000000010000943,EN,Belt Scraper Blade Cartridge 250MM METSO
000000000090000049,EN,Centrifugal Pump Casing HD SANDVIK
000000000010000944,EN,PLC Digital Output Card 10/8 METSO
000000000010000945,EN,Ball Mill Shell Liner Plate 200MM ABB
000000000010000946,EN,Vertical Sump Pump Column 10/8 SKF
000000000080000222,EN,MCC Feeder Circuit Breaker HD KSB
000000000080000223,EN,Skirt Rubber Liner Section 10/8 SANDVIK
000000000030000237,EN,Soft Starter Power Module 55KW SANDVIK
000000000010000947,EN,Agitator Shaft Seal 250MM SEW
000000000010000948,EN,Belt Scraper Blade Cartridge DN150 FLSM
000000000080000224,EN,Mill Liner 6/4 FLSM
000000000010000949,EN,Hydraulic Power Pack TYPE A METSO
000000000030000238,EN,Mill Lube Pump Motor 8/6 METSO
000000000030000239,EN,Slurry Pump Wet End Assembly 8/6
000000000030000240,EN,Spherical Roller Bearing HD KSB
000000000080000225,EN,Ball Mill Gearbox Assembly 250MM ABB
000000000030000241,EN,Thickener Rake Drive Gearbox 150MM FLSM
000000000080000226,EN,Ventilation Fan Motor 110KW WEIR
000000000030000242,EN,Skirt Rubber Liner Section HD FLSM
000000000030000243,EN,Conveyor Drive Motor TYPE B WEIR
000000000080000227,EN,Flow Meter Sensor Head HD KSB
000000000080000228,EN,Hydraulic Power Pack 55KW KSB
000000000010000950,EN,Soft Starter Power Module 200MM SKF
000000000030000244,EN,Hydraulic Pump Assembly 6/4 METSO
000000000010000951,EN,Ball Mill Shell Liner Plate 250MM FLSM
000000000030000245,EN,Apron Feeder Gear Reducer 250MM METSO
000000000090000050,EN,Flotation Blower Motor TYPE A MULTOTEC
000000000010000952,EN,Ventilation Fan Motor 8/6 METSO
000000000010000953,EN,Ball Mill Trunnion Bearing DN150 SIEMENS
000000000010000954,EN,Variable Speed Drive Unit 250MM ABB
000000000030000246,EN,Conveyor Idler Roller Set 150MM SANDVIK
000000000010000955,EN,Conveyor Idler Roller Set 55KW SANDVIK
000000000010000956,EN,Conveyor Take-Up Pulley TYPE B SIEMENS
000000000080000229,EN,Ball Mill Gearbox Assembly DN150 SKF
000000000080000230,EN,Flow Meter Sensor Head TYPE B SIEMENS
000000000010000957,EN,Gland Packing Seal Ring DN150 SANDVIK
000000000010000958,EN,Gearbox Bearing DN100 SANDVIK
000000000010000959,EN,Flotation Cell Impeller 55KW WEIR
000000000010000960,EN,Screen Exciter Bearing 250MM ABB
000000000080000231,EN,Slurry Pump Wet End Assembly 10/8
000000000030000247,EN,Variable Speed Drive Unit 10/8 WEIR
000000000080000232,EN,Thickener Rake Seal Kit 8/6 SEW
000000000010000961,EN,Crusher Hydroset Cylinder TYPE B SIEMENS
000000000030000248,EN,PLC Digital Output Card 6/4 SIEMENS
000000000010000962,EN,Centrifugal Pump Casing 110KW SIEMENS
000000000010000963,EN,Hydraulic Power Pack 250MM SIEMENS
000000000010000964,EN,Thickener Rake Drive Gearbox 250MM SKF
000000000080000233,EN,Agitator Shaft Seal 110KW ABB
000000000010000965,EN,Conveyor Take-Up Pulley 250KW ABB
000000000010000966,EN,Thickener Rake Seal Kit DN150 MULTOTEC
000000000090000051,EN,Flotation Cell Impeller 150MM MULTOTEC
000000000010000967,EN,Variable Speed Drive Unit DN100 SANDVIK
000000000030000249,EN,Mill Liner DN150 SKF
000000000010000968,EN,Flotation Cell Impeller 250KW METSO
000000000010000969,EN,Variable Speed Drive Unit 200MM SIEMENS
000000000010000970,EN,Ventilation Fan Motor DN100 SKF
000000000010000971,EN,Conveyor Take-Up Pulley 150MM SEW
000000000010000972,EN,Conveyor Take-Up Pulley 110KW KSB
000000000010000973,EN,Pressure Transmitter Assembly 200MM WEIR
000000000010000974,EN,Cyclone Apex Liner TYPE B KSB
000000000010000975,EN,Skirt Rubber Liner Section 10/8 MULTOTEC
000000000010000976,EN,Agitator Shaft Seal 6/4 FLSM
000000000080000234,EN,Flotation Cell Impeller 110KW KSB
000000000010000977,EN,Thickener Rake Seal Kit TYPE A SEW
000000000080000235,EN,Slurry Density Transmitter TYPE B WEIR
000000000080000236,EN,Ball Mill Trunnion Bearing TYPE A WEIR
000000000010000978,EN,Centrifugal Pump Casing 6/4 KSB
000000000010000979,EN,Hydraulic Pump Assembly 10/8 MULTOTEC
000000000010000980,EN,Centrifugal Pump Casing 10/8 METSO
000000000010000981,EN,Crusher Hydroset Cylinder 6/4 SIEMENS
000000000010000982,EN,PLC Digital Output Card 8/6 SANDVIK
000000000010000983,EN,Spherical Roller Bearing 150MM METSO
000000000030000250,EN,Cyclone Apex Liner 6/4 FLSM
000000000080000237,EN,Conveyor Drive Gearbox 110KW SIEMENS
000000000010000984,EN,Slurry Pump Mechanical Seal 6/4
000000000010000985,EN,Skirt Rubber Liner Section DN100 SANDVIK
000000000080000238,EN,Slurry Pump Mechanical Seal DN150
000000000010000986,EN,Conveyor Take-Up Pulley TYPE A SEW
000000000010000987,EN,PLC Digital Output Card 250MM SEW
000000000010000988,EN,Vertical Sump Pump Column DN100 KSB
000000000030000251,EN,MCC Feeder Circuit Breaker 8/6
000000000010000989,EN,Conveyor Drive Motor TYPE B METSO
000000000010000990,EN,Slurry Pump Mechanical Seal TYPE A SKF
000000000090000052,EN,PLC Digital Output Card TYPE B SIEMENS
000000000080000239,EN,PLC Digital Output Card 10/8 SANDVIK
000000000080000240,EN,Variable Speed Drive Unit 6/4 METSO
000000000010000991,EN,Flotation Blower Motor HD SIEMENS
000000000010000992,EN,Ventilation Fan Motor 8/6 KSB
000000000010000993,EN,Conveyor Take-Up Pulley 8/6 FLSM
000000000010000994,EN,Slurry Density Transmitter 10/8 SKF
000000000010000995,EN,Cyclone Apex Liner 150MM SKF
000000000010000996,EN,Cyclone Apex Liner 200MM ABB
000000000010000997,EN,Belt Scraper Blade Cartridge DN100
000000000010000998,EN,Cyclone Apex Liner TYPE B SIEMENS
000000000010000999,EN,Conveyor Drive Gearbox 55KW ABB
000000000010001000,EN,Crusher Main Shaft Bearing 250KW METSO
000000000010001001,EN,Centrifugal Pump Casing TYPE B SEW
000000000030000252,EN,Conveyor Take-Up Pulley 250MM FLSM
000000000030000253,EN,Slurry Density Transmitter 150MM WEIR
000000000010001002,EN,Valve Assembly 10/8 SKF
000000000030000254,EN,Centrifugal Pump Casing 200MM MULTOTEC
000000000010001003,EN,Gland Packing Seal Ring DN100 SEW
000000000010001004,EN,Conveyor Drive Motor DN150 FLSM
000000000010001005,EN,Ventilation Fan Motor TYPE A SEW
000000000080000241,EN,Conveyor Idler Roller Set HD ABB
000000000010001006,EN,Belt Scraper Blade Cartridge 55KW ABB
000000000010001007,EN,Cyclone Apex Liner DN100 SEW
000000000080000242,EN,Mill Lube Pump Motor TYPE A METSO
000000000030000255,EN,Hydraulic Power Pack 10/8 SKF
000000000010001008,EN,Flotation Blower Motor 150MM KSB
000000000030000256,EN,Conveyor Drive Gearbox TYPE A SKF
000000000080000243,EN,Ball Mill Gearbox Assembly 55KW SANDVIK
000000000010001009,EN,Flotation Blower Motor TYPE A SIEMENS
000000000080000244,EN,Gearbox Bearing 8/6 SEW
000000000080000245,EN,Conveyor Idler Roller Set 110KW SEW
000000000010001010,EN,MCC Feeder Circuit Breaker DN150 SANDVIK
000000000010001011,EN,Skirt Rubber Liner Section DN150 SEW
000000000010001012,EN,Slurry Density Transmitter DN100 WEIR
000000000010001013,EN,Cyclone Apex Liner 200MM SIEMENS
000000000080000246,EN,Pump Impeller DN100 ABB
000000000010001014,EN,Ball Mill Gearbox Assembly 8/6 SIEMENS
000000000080000247,EN,Thickener Rake Seal Kit 250MM KSB
000000000080000248,EN,Conveyor Drive Gearbox 200MM SANDVIK
000000000080000249,EN,Ball Mill Gearbox Assembly TYPE A
000000000010001015,EN,Apron Feeder Gear Reducer TYPE B SIEMENS
000000000010001016,EN,Valve Assembly 250MM WEIR
000000000030000257,EN,Thickener Rake Seal Kit DN150 WEIR
000000000080000250,EN,Valve Assembly 10/8 ABB
000000000030000258,EN,Conveyor Drive Gearbox DN150 SANDVIK
000000000010001017,EN,Belt Scraper Blade Cartridge DN150 FLSM
000000000080000251,EN,Ball Mill Gearbox Assembly DN150 WEIR
000000000010001018,EN,Gland Packing Seal Ring HD MULTOTEC
000000000030000259,EN,Cyclone Apex Liner 55KW WEIR
000000000080000252,EN,Thickener Rake Seal Kit 250MM MULTOTEC
000000000010001019,EN,MCC Feeder Circuit Breaker HD SKF
000000000010001020,EN,Thickener Rake Drive Gearbox 55KW SEW
000000000010001021,EN,Screen Exciter Bearing 10/8 KSB
000000000010001022,EN,Slurry Density Transmitter 8/6 SEW
000000000010001023,EN,Valve Assembly DN150 ABB
000000000080000253,EN,Slurry Density Transmitter 150MM FLSM
000000000010001024,EN,Gland Packing Seal Ring 250MM SEW
000000000030000260,EN,Centrifugal Pump Casing TYPE B KSB
000000000010001025,EN,Mill Lube Pump Motor TYPE B SANDVIK
000000000010001026,EN,Ball Mill Shell Liner Plate DN150 SEW
000000000010001027,EN,Mill Lube Pump Motor 8/6 SIEMENS
000000000010001028,EN,Agitator Shaft Seal 110KW KSB
000000000030000261,EN,Thickener Rake Drive Gearbox 110KW ABB
000000000010001029,EN,Ball Mill Shell Liner Plate 250MM FLSM
000000000010001030,EN,Mill Lube Pump Motor TYPE A METSO
000000000030000262,EN,Conveyor Idler Roller Set 55KW SANDVIK
000000000080000254,EN,Soft Starter Power Module 8/6 ABB
000000000010001031,EN,Valve Assembly 55KW SANDVIK
000000000080000255,EN,MCC Feeder Circuit Breaker 6/4 KSB
000000000080000256,EN,Mill Liner 250KW MULTOTEC
000000000010001032,EN,Apron Feeder Gear Reducer 250MM MULTOTEC
000000000010001033,EN,Conveyor Drive Gearbox 250KW WEIR
000000000080000257,EN,Ball Mill Gearbox Assembly 8/6 MULTOTEC
000000000010001034,EN,Level Radar Transmitter 110KW METSO
000000000010001035,EN,Vertical Sump Pump Column 55KW SANDVIK
000000000010001036,EN,Valve Assembly 200MM SKF
000000000030000263,EN,Pump Impeller 10/8 SANDVIK
000000000010001037,EN,Mill Lube Pump Motor 110KW MULTOTEC
000000000010001038,EN,Conveyor Pulley Bearing 250MM SEW
000000000010001039,EN,Pressure Transmitter Assembly 150MM
000000000010001040,EN,Gearbox Bearing 8/6 ABB
000000000010001041,EN,Pump Impeller DN150 SIEMENS
000000000010001042,EN,Soft Starter Power Module DN100 SKF
000000000080000258,EN,Hydraulic Power Pack 8/6 SEW
000000000010001043,EN,Variable Speed Drive Unit DN100 SEW
000000000010001044,EN,Ball Mill Shell Liner Plate 250KW FLSM
000000000010001045,EN,Hydraulic Pump Assembly 200MM MULTOTEC
000000000010001046,EN,Belt Scraper Blade Cartridge 55KW
000000000010001047,EN,Agitator Shaft Seal 250KW SKF
000000000010001048,EN,Slurry Density Transmitter 55KW WEIR
000000000010001049,EN,PLC Digital Output Card HD METSO
000000000010001050,EN,Gland Packing Seal Ring 8/6 KSB
000000000010001051,EN,Slurry Pump Wet End Assembly TYPE B ABB
000000000030000264,EN,Level Radar Transmitter TYPE B MULTOTEC
000000000030000265,EN,Conveyor Drive Motor 6/4 SIEMENS
000000000080000259,EN,Skirt Rubber Liner Section 6/4 SIEMENS
000000000010001052,EN,MCC Feeder Circuit Breaker 8/6 SEW
000000000080000260,EN,Ball Mill Trunnion Bearing DN100 SKF
000000000010001053,EN,Flotation Blower Motor TYPE A SANDVIK
000000000080000261,EN,MCC Feeder Circuit Breaker 8/6 FLSM
000000000030000266,EN,Mill Lube Pump Motor 250KW MULTOTEC
000000000010001054,EN,Gland Packing Seal Ring 6/4 SANDVIK
000000000010001055,EN,Hydraulic Pump Assembly 250KW ABB
000000000010001056,EN,Flotation Cell Impeller 110KW FLSM
000000000010001057,EN,Slurry Density Transmitter 10/8
000000000030000267,EN,Valve Assembly DN100 SEW
000000000010001058,EN,Flotation Cell Impeller 150MM SEW
000000000010001059,EN,Variable Speed Drive Unit 200MM KSB
000000000080000262,EN,Belt Scraper Blade Cartridge 200MM METSO
000000000010001060,EN,Vertical Sump Pump Column 10/8 SIEMENS
000000000010001061,EN,Mill Liner 200MM SEW
000000000090000053,EN,Pump Impeller 6/4 SANDVIK
000000000010001062,EN,Thickener Rake Seal Kit 110KW SKF
000000000010001063,EN,Gland Packing Seal Ring 10/8 SANDVIK
000000000030000268,EN,Belt Scraper Blade Cartridge HD WEIR
000000000010001064,EN,Hydraulic Power Pack DN100 METSO
000000000010001065,EN,Ball Mill Shell Liner Plate 6/4 MULTOTEC
000000000010001066,EN,Level Radar Transmitter TYPE B FLSM
000000000010001067,EN,Crusher Main Shaft Bearing DN150 WEIR
000000000010001068,EN,Flotation Cell Impeller HD KSB
000000000010001069,EN,Pump Impeller TYPE A ABB
000000000090000054,EN,Conveyor Drive Motor 6/4 METSO
000000000010001070,EN,Thickener Rake Seal Kit 200MM SEW
000000000030000269,EN,Flotation Cell Impeller DN100 ABB
000000000010001071,EN,Hydraulic Pump Assembly 6/4 SKF
000000000010001072,EN,MCC Feeder Circuit Breaker 150MM SEW
000000000010001073,EN,Flow Meter Sensor Head 10/8 FLSM
000000000030000270,EN,Soft Starter Power Module TYPE B SEW
000000000010001074,EN,Conveyor Drive Motor 110KW SANDVIK
000000000010001075,EN,Crusher Main Shaft Bearing 6/4 SANDVIK
000000000010001076,EN,Crusher Hydroset Cylinder 8/6 METSO
000000000080000263,EN,Agitator Shaft Seal TYPE A KSB
000000000010001077,EN,Hydraulic Pump Assembly 200MM WEIR
000000000010001078,EN,Flotation Blower Motor TYPE A SIEMENS
000000000080000264,EN,Crusher Main Shaft Bearing 110KW METSO
000000000010001079,EN,PLC Digital Output Card 200MM FLSM
000000000030000271,EN,Mill Liner 110KW ABB
000000000010001080,EN,Conveyor Drive Gearbox 110KW ABB
000000000010001081,EN,Apron Feeder Gear Reducer 110KW SANDVIK
000000000010001082,EN,Level Radar Transmitter 150MM ABB
000000000010001083,EN,Mill Liner 55KW SIEMENS
000000000030000272,EN,Cyclone Apex Liner 10/8 WEIR
000000000090000055,EN,Mill Lube Pump Motor 110KW SEW
000000000010001084,EN,Thickener Rake Seal Kit 110KW WEIR
000000000010001085,EN,Valve Assembly 250KW SEW
000000000010001086,EN,Flotation Blower Motor TYPE B FLSM
000000000010001087,EN,Mill Lube Pump Motor 10/8 METSO
000000000090000056,EN,Thickener Rake Drive Gearbox HD
000000000010001088,EN,Soft Starter Power Module HD
000000000010001089,EN,Conveyor Idler Roller Set 10/8 WEIR
000000000010001090,EN,Slurry Density Transmitter 10/8 FLSM
000000000010001091,EN,Agitator Shaft Seal 250KW SANDVIK
000000000010001092,EN,Centrifugal Pump Casing 250MM WEIR
000000000010001093,EN,Cyclone Apex Liner 250MM SKF
000000000030000273,EN,Variable Speed Drive Unit DN100 SANDVIK
000000000010001094,EN,Thickener Rake Seal Kit 10/8 METSO
000000000010001095,EN,Conveyor Pulley Bearing 10/8 SANDVIK
000000000010001096,EN,Pump Impeller 150MM SKF
000000000010001097,EN,Variable Speed Drive Unit 250KW MULTOTEC
000000000030000274,EN,Slurry Density Transmitter 250KW SEW
000000000010001098,EN,Hydraulic Power Pack 10/8 SKF
000000000080000265,EN,Gearbox Bearing 250KW SANDVIK
000000000010001099,EN,Ball Mill Shell Liner Plate TYPE A KSB
000000000010001100,EN,Crusher Hydroset Cylinder 110KW METSO
000000000010001101,EN,Mill Lube Pump Motor TYPE B MULTOTEC
000000000080000266,EN,Valve Assembly 250KW SANDVIK
000000000010001102,EN,Cyclone Apex Liner HD FLSM
000000000030000275,EN,Cyclone Apex Liner TYPE A SEW
000000000090000057,EN,Flotation Blower Motor DN150 ABB
000000000010001103,EN,Flotation Blower Motor DN150 SEW
000000000010001104,EN,Cyclone Apex Liner 10/8 ABB
000000000030000276,EN,Flow Meter Sensor Head TYPE A WEIR
000000000010001105,EN,Flotation Blower Motor DN100 WEIR
000000000010001106,EN,Level Radar Transmitter 150MM MULTOTEC
000000000010001107,EN,Thickener Rake Drive Gearbox 150MM FLSM
000000000090000058,EN,Agitator Shaft Seal 6/4 WEIR
000000000010001108,EN,Conveyor Drive Motor 8/6 SEW
000000000090000059,EN,Level Radar Transmitter HD METSO
000000000080000267,EN,Conveyor Drive Motor 110KW FLSM
000000000030000277,EN,Ventilation Fan Motor 200MM FLSM
000000000010001109,EN,Thickener Rake Seal Kit 6/4 MULTOTEC
000000000030000278,EN,Flotation Cell Impeller TYPE B MULTOTEC
000000000010001110,EN,Crusher Main Shaft Bearing HD MULTOTEC
000000000080000268,EN,PLC Digital Output Card 150MM ABB
000000000030000279,EN,Slurry Pump Wet End Assembly 150MM METSO
000000000010001111,EN,Slurry Density Transmitter 250KW SANDVIK
000000000080000269,EN,Level Radar Transmitter 110KW FLSM
000000000010001112,EN,Level Radar Transmitter 250KW ABB
000000000030000280,EN,Conveyor Drive Gearbox 200MM KSB
000000000010001113,EN,Pressure Transmitter Assembly 55KW
000000000030000281,EN,Slurry Pump Mechanical Seal TYPE A SEW
000000000080000270,EN,Hydraulic Pump Assembly 55KW ABB
000000000010001114,EN,Conveyor Take-Up Pulley 150MM SIEMENS
000000000080000271,EN,Skirt Rubber Liner Section 6/4 MULTOTEC
000000000010001115,EN,Crusher Hydroset Cylinder 250MM FLSM
000000000010001116,EN,Centrifugal Pump Casing TYPE B SIEMENS
000000000030000282,EN,Valve Assembly 200MM MULTOTEC
000000000090000060,EN,Vertical Sump Pump Column 250KW MULTOTEC
000000000010001117,EN,Centrifugal Pump Casing TYPE A WEIR
000000000010001118,EN,Gland Packing Seal Ring 250KW KSB
000000000030000283,EN,Gland Packing Seal Ring 55KW FLSM
000000000010001119,EN,Conveyor Drive Gearbox TYPE B SKF
000000000080000272,EN,Conveyor Take-Up Pulley 55KW ABB
000000000010001120,EN,Conveyor Drive Motor 200MM METSO
000000000010001121,EN,Apron Feeder Gear Reducer TYPE B SKF
000000000080000273,EN,Thickener Rake Seal Kit DN100 METSO
000000000010001122,EN,Agitator Shaft Seal HD SKF
000000000010001123,EN,Gland Packing Seal Ring TYPE B SANDVIK
000000000030000284,EN,Pump Impeller HD SANDVIK
000000000010001124,EN,Skirt Rubber Liner Section 150MM SEW
000000000010001125,EN,Soft Starter Power Module 55KW MULTOTEC
000000000010001126,EN,Variable Speed Drive Unit TYPE B METSO
000000000080000274,EN,Skirt Rubber Liner Section DN150 SEW
000000000090000061,EN,Spherical Roller Bearing 10/8 MULTOTEC
000000000010001127,EN,Crusher Hydroset Cylinder 110KW ABB
000000000010001128,EN,Flotation Cell Impeller TYPE B METSO
000000000010001129,EN,Belt Scraper Blade Cartridge 250KW SEW
000000000010001130,EN,Agitator Shaft Seal TYPE A KSB
000000000030000285,EN,Flow Meter Sensor Head TYPE B METSO
000000000080000275,EN,Gland Packing Seal Ring TYPE B METSO
000000000010001131,EN,Flotation Blower Motor 55KW SANDVIK
000000000010001132,EN,Ball Mill Gearbox Assembly DN100 ABB
000000000030000286,EN,Hydraulic Pump Assembly DN100 WEIR
000000000010001133,EN,Conveyor Drive Gearbox TYPE A MULTOTEC
000000000010001134,EN,Conveyor Drive Motor 8/6 SANDVIK
000000000010001135,EN,Conveyor Pulley Bearing TYPE B KSB
000000000080000276,EN,Cyclone Apex Liner DN150 FLSM
000000000010001136,EN,Ball Mill Shell Liner Plate 10/8 METSO
000000000010001137,EN,Thickener Rake Seal Kit 110KW SANDVIK
000000000010001138,EN,Flow Meter Sensor Head TYPE B METSO
000000000010001139,EN,Hydraulic Power Pack 10/8 METSO
000000000010001140,EN,Conveyor Take-Up Pulley 55KW FLSM
000000000010001141,EN,Skirt Rubber Liner Section 200MM SIEMENS
000000000010001142,EN,Crusher Main Shaft Bearing 200MM ABB
000000000010001143,EN,Crusher Hydroset Cylinder 10/8 FLSM
000000000080000277,EN,Mill Lube Pump Motor 55KW SKF
000000000010001144,EN,Crusher Hydroset Cylinder 55KW SANDVIK
000000000010001145,EN,Flow Meter Sensor Head DN100 METSO
000000000030000287,EN,Ball Mill Gearbox Assembly 110KW SIEMENS
000000000010001146,EN,Centrifugal Pump Casing 150MM FLSM
000000000090000062,EN,Ball Mill Gearbox Assembly 8/6 SKF
000000000010001147,EN,Cyclone Apex Liner HD SEW
000000000010001148,EN,Pump Impeller TYPE A METSO
000000000080000278,EN,Hydraulic Power Pack 200MM SIEMENS
000000000080000279,EN,Belt Scraper Blade Cartridge 8/6 SKF
000000000010001149,EN,Thickener Rake Seal Kit 10/8 KSB
000000000010001150,EN,Thickener Rake Seal Kit HD ABB
000000000010001151,EN,Spherical Roller Bearing 150MM SIEMENS
000000000010001152,EN,Ball Mill Shell Liner Plate 250MM SEW
000000000010001153,EN,Thickener Rake Seal Kit 150MM METSO
000000000010001154,EN,Flotation Cell Impeller 250MM ABB
000000000010001155,EN,Level Radar Transmitter 55KW FLSM
000000000010001156,EN,Slurry Pump Wet End Assembly 55KW METSO
000000000010001157,EN,Conveyor Idler Roller Set TYPE A KSB
000000000080000280,EN,Thickener Rake Drive Gearbox DN100
000000000010001158,EN,Level Radar Transmitter TYPE A SANDVIK
000000000010001159,EN,Variable Speed Drive Unit HD SIEMENS
000000000010001160,EN,Vertical Sump Pump Column 110KW WEIR
000000000080000281,EN,Mill Liner TYPE B KSB
000000000080000282,EN,Conveyor Drive Gearbox 110KW SKF
000000000090000063,EN,Soft Starter Power Module 10/8 WEIR
000000000010001161,EN,Centrifugal Pump Casing 6/4 METSO
000000000010001162,EN,Ventilation Fan Motor 10/8 SIEMENS
000000000010001163,EN,Cyclone Apex Liner 200MM ABB
000000000010001164,EN,Vertical Sump Pump Column DN150 KSB
000000000010001165,EN,Agitator Shaft Seal DN100 WEIR
000000000090000064,EN,Slurry Pump Mechanical Seal DN100 ABB
000000000010001166,EN,Ball Mill Trunnion Bearing 250MM ABB
000000000010001167,EN,Vertical Sump Pump Column 250KW ABB
000000000010001168,EN,Variable Speed Drive Unit 10/8 FLSM
000000000010001169,EN,Pressure Transmitter Assembly 6/4 ABB
000000000010001170,EN,Conveyor Idler Roller Set 10/8 ABB
000000000090000065,EN,Apron Feeder Gear Reducer 10/8 SIEMENS
000000000010001171,EN,Flotation Cell Impeller 200MM SANDVIK
000000000010001172,EN,Level Radar Transmitter DN150 KSB
000000000080000283,EN,Flotation Blower Motor 200MM SKF
000000000030000288,EN,Spherical Roller Bearing DN100 MULTOTEC
000000000030000289,EN,Flow Meter Sensor Head TYPE B SKF
000000000010001173,EN,Valve Assembly 110KW SKF
000000000010001174,EN,Level Radar Transmitter 6/4 WEIR
000000000010001175,EN,Thickener Rake Seal Kit 200MM FLSM
000000000010001176,EN,Crusher Hydroset Cylinder TYPE A METSO
000000000010001177,EN,MCC Feeder Circuit Breaker TYPE A SEW
000000000010001178,EN,Slurry Pump Wet End Assembly DN100 FLSM
000000000010001179,EN,MCC Feeder Circuit Breaker 6/4 MULTOTEC
000000000010001180,EN,Conveyor Idler Roller Set 250KW SIEMENS
000000000010001181,EN,Variable Speed Drive Unit DN100 FLSM
000000000010001182,EN,Flotation Blower Motor HD ABB
000000000030000290,EN,Pump Impeller TYPE A KSB
000000000010001183,EN,Flotation Cell Impeller HD WEIR
000000000010001184,EN,Flow Meter Sensor Head 250MM SKF
000000000080000284,EN,Skirt Rubber Liner Section 200MM FLSM
000000000080000285,EN,Flotation Cell Impeller 10/8 SKF
000000000010001185,EN,Apron Feeder Gear Reducer TYPE A SEW
000000000030000291,EN,Ball Mill Shell Liner Plate 250KW WEIR
000000000010001186,EN,Ball Mill Gearbox Assembly 150MM SEW
000000000030000292,EN,Flotation Cell Impeller 6/4 KSB
000000000010001187,EN,Ball Mill Shell Liner Plate 200MM METSO
000000000010001188,EN,Centrifugal Pump Casing DN150 METSO
000000000030000293,EN,Conveyor Idler Roller Set 55KW SKF
000000000010001189,EN,Centrifugal Pump Casing 250MM SKF
000000000080000286,EN,Ball Mill Gearbox Assembly 6/4 SKF
000000000010001190,EN,Ball Mill Trunnion Bearing 200MM FLSM
000000000010001191,EN,Crusher Main Shaft Bearing 200MM
000000000080000287,EN,Hydraulic Power Pack 250MM KSB
000000000010001192,EN,Belt Scraper Blade Cartridge HD
000000000010001193,EN,Flow Meter Sensor Head DN100 METSO
000000000010001194,EN,Conveyor Idler Roller Set 55KW SKF
000000000010001195,EN,Ball Mill Trunnion Bearing 250MM SEW
000000000010001196,EN,Spherical Roller Bearing HD SANDVIK
000000000090000066,EN,Crusher Hydroset Cylinder 10/8 WEIR
000000000010001197,EN,Apron Feeder Gear Reducer 150MM MULTOTEC
000000000010001198,EN,PLC Digital Output Card 110KW SIEMENS
000000000010001199,EN,Skirt Rubber Liner Section 200MM SEW
000000000010001200,EN,Hydraulic Pump Assembly HD ABB
000000000010001201,EN,Conveyor Idler Roller Set HD ABB
000000000010001202,EN,Gland Packing Seal Ring TYPE A FLSM
000000000010001203,EN,Vertical Sump Pump Column DN100 FLSM
000000000010001204,EN,Gearbox Bearing 250KW METSO
000000000010001205,EN,Slurry Pump Wet End Assembly 250KW SEW
000000000010001206,EN,Ventilation Fan Motor 250KW ABB
000000000030000294,EN,Hydraulic Pump Assembly DN150 KSB
000000000010001207,EN,Level Radar Transmitter TYPE B SEW
000000000030000295,EN,Flotation Blower Motor DN150 FLSM
000000000030000296,EN,Conveyor Idler Roller Set 8/6 FLSM
000000000090000067,EN,Flotation Blower Motor 250KW SEW
000000000010001208,EN,Gland Packing Seal Ring 200MM FLSM
000000000010001209,EN,Ball Mill Shell Liner Plate 200MM SKF
000000000010001210,EN,Mill Liner HD SIEMENS
000000000030000297,EN,Conveyor Drive Motor 200MM METSO
000000000030000298,EN,Conveyor Drive Motor TYPE B MULTOTEC
000000000010001211,EN,Centrifugal Pump Casing 55KW SEW
000000000010001212,EN,Conveyor Take-Up Pulley 250KW ABB
000000000010001213,EN,Soft Starter Power Module 110KW METSO
000000000010001214,EN,Cyclone Apex Liner 110KW SIEMENS
000000000010001215,EN,Conveyor Drive Gearbox 250KW SKF
000000000030000299,EN,Thickener Rake Seal Kit DN100 MULTOTEC
000000000080000288,EN,Ball Mill Shell Liner Plate 250KW FLSM
000000000080000289,EN,Slurry Density Transmitter 6/4 SANDVIK
000000000030000300,EN,Valve Assembly 55KW FLSM
000000000010001216,EN,Ball Mill Gearbox Assembly 250MM SEW
000000000080000290,EN,Crusher Hydroset Cylinder DN150 FLSM
000000000010001217,EN,Cyclone Apex Liner DN150 ABB
000000000010001218,EN,MCC Feeder Circuit Breaker 150MM SKF
000000000010001219,EN,Cyclone Apex Liner 110KW WEIR
000000000010001220,EN,Crusher Hydroset Cylinder 110KW FLSM
000000000010001221,EN,Conveyor Drive Gearbox DN150 ABB
000000000030000301,EN,Conveyor Drive Gearbox TYPE A SIEMENS
000000000010001222,EN,Ball Mill Shell Liner Plate DN100 KSB
000000000030000302,EN,Conveyor Take-Up Pulley DN150 KSB
000000000010001223,EN,Variable Speed Drive Unit 250KW SIEMENS
000000000010001224,EN,Vertical Sump Pump Column DN150 METSO
000000000010001225,EN,Hydraulic Power Pack DN150 SEW
000000000080000291,EN,Slurry Density Transmitter 150MM SIEMENS
000000000010001226,EN,Belt Scraper Blade Cartridge 8/6 SKF
000000000080000292,EN,Thickener Rake Seal Kit TYPE B METSO
000000000010001227,EN,Mill Liner 150MM FLSM
000000000010001228,EN,Thickener Rake Seal Kit 250MM KSB
000000000010001229,EN,Hydraulic Power Pack 200MM MULTOTEC
000000000090000068,EN,Pressure Transmitter Assembly 110KW
000000000010001230,EN,Ball Mill Gearbox Assembly 10/8 SANDVIK
000000000030000303,EN,Agitator Shaft Seal 8/6 SIEMENS
000000000010001231,EN,Belt Scraper Blade Cartridge HD FLSM
000000000010001232,EN,Mill Liner DN150 METSO
000000000010001233,EN,Conveyor Drive Motor HD SEW
000000000010001234,EN,Cyclone Apex Liner TYPE B SKF
000000000010001235,EN,Flow Meter Sensor Head 150MM FLSM
000000000010001236,EN,Flotation Cell Impeller 200MM MULTOTEC
000000000010001237,EN,Gland Packing Seal Ring DN100 METSO
000000000030000304,EN,Flotation Cell Impeller TYPE B SANDVIK
000000000090000069,EN,Conveyor Drive Gearbox HD MULTOTEC
000000000080000293,EN,Conveyor Take-Up Pulley DN100 SKF
000000000010001238,EN,Spherical Roller Bearing TYPE A ABB
000000000010001239,EN,Screen Exciter Bearing DN150 WEIR
000000000010001240,EN,PLC Digital Output Card 250MM SANDVIK
000000000080000294,EN,MCC Feeder Circuit Breaker DN150 SANDVIK
000000000080000295,EN,Mill Liner 200MM SIEMENS
000000000030000305,EN,Ball Mill Gearbox Assembly 55KW ABB
000000000010001241,EN,Thickener Rake Drive Gearbox 6/4 SKF
000000000010001242,EN,PLC Digital Output Card TYPE A SIEMENS
000000000030000306,EN,Vertical Sump Pump Column 6/4 WEIR
000000000010001243,EN,Conveyor Idler Roller Set TYPE A SKF
000000000030000307,EN,Ball Mill Shell Liner Plate 250KW WEIR
000000000010001244,EN,Conveyor Drive Motor HD MULTOTEC
000000000030000308,EN,Conveyor Drive Motor TYPE B MULTOTEC
000000000030000309,EN,Ventilation Fan Motor 8/6 SEW
000000000010001245,EN,Conveyor Idler Roller Set 200MM ABB
000000000010001246,EN,Gland Packing Seal Ring 250KW MULTOTEC
000000000010001247,EN,Vertical Sump Pump Column HD ABB
000000000010001248,EN,Mill Lube Pump Motor 8/6 SIEMENS
000000000010001249,EN,Skirt Rubber Liner Section HD METSO
000000000090000070,EN,Skirt Rubber Liner Section TYPE B KSB
000000000010001250,EN,MCC Feeder Circuit Breaker 6/4 METSO
000000000010001251,EN,Gearbox Bearing HD KSB
000000000090000071,EN,Slurry Density Transmitter 8/6 KSB
000000000010001252,EN,Gland Packing Seal Ring 250MM SIEMENS
000000000010001253,EN,Centrifugal Pump Casing HD WEIR
000000000080000296,EN,Valve Assembly 200MM ABB
000000000010001254,EN,Crusher Hydroset Cylinder DN100 SKF
000000000030000310,EN,Slurry Pump Mechanical Seal DN150 FLSM
000000000030000311,EN,Ventilation Fan Motor 8/6 SANDVIK
000000000010001255,EN,Flow Meter Sensor Head 250KW FLSM
000000000010001256,EN,Thickener Rake Drive Gearbox 250KW WEIR
000000000010001257,EN,Conveyor Drive Gearbox 200MM KSB
000000000010001258,EN,Flow Meter Sensor Head 10/8 FLSM
000000000010001259,EN,Centrifugal Pump Casing TYPE A SKF
000000000030000312,EN,Agitator Shaft Seal 150MM SANDVIK
000000000010001260,EN,Crusher Hydroset Cylinder 8/6 SEW
000000000090000072,EN,Slurry Pump Mechanical Seal 55KW KSB
000000000010001261,EN,Conveyor Pulley Bearing 55KW SKF
000000000010001262,EN,Slurry Pump Mechanical Seal HD SIEMENS
000000000010001263,EN,Ball Mill Gearbox Assembly 6/4 WEIR
000000000010001264,EN,Level Radar Transmitter TYPE A FLSM
000000000030000313,EN,Valve Assembly 250MM WEIR
000000000030000314,EN,Screen Exciter Bearing 110KW METSO
000000000030000315,EN,Pump Impeller DN150 SKF
000000000010001265,EN,Slurry Pump Wet End Assembly 250MM METSO
000000000010001266,EN,Flow Meter Sensor Head 110KW WEIR
000000000030000316,EN,Hydraulic Power Pack 110KW SKF
000000000010001267,EN,Thickener Rake Seal Kit 110KW SIEMENS
000000000010001268,EN,Level Radar Transmitter TYPE A FLSM
000000000030000317,EN,Gland Packing Seal Ring 8/6 SEW
000000000080000297,EN,Slurry Pump Wet End Assembly DN150
000000000010001269,EN,Ball Mill Trunnion Bearing 200MM SEW
000000000010001270,EN,Skirt Rubber Liner Section 110KW SANDVIK
000000000010001271,EN,Ball Mill Trunnion Bearing TYPE A SEW
000000000010001272,EN,Vertical Sump Pump Column 200MM SEW
000000000010001273,EN,Ball Mill Shell Liner Plate DN150
000000000010001274,EN,Flow Meter Sensor Head TYPE B FLSM
000000000010001275,EN,Slurry Pump Wet End Assembly 200MM KSB
000000000010001276,EN,Apron Feeder Gear Reducer DN100 KSB
000000000010001277,EN,Conveyor Drive Motor DN100 SIEMENS
000000000010001278,EN,Screen Exciter Bearing 200MM SKF
000000000030000318,EN,Pump Impeller DN150 SKF
000000000010001279,EN,Ball Mill Shell Liner Plate DN100
000000000030000319,EN,Pump Impeller HD MULTOTEC
000000000080000298,EN,Skirt Rubber Liner Section 55KW SANDVIK
000000000010001280,EN,Belt Scraper Blade Cartridge HD
000000000010001281,EN,Cyclone Apex Liner 200MM SKF
000000000010001282,EN,Crusher Hydroset Cylinder 6/4 SKF
000000000010001283,EN,Belt Scraper Blade Cartridge 200MM SKF
000000000030000320,EN,Spherical Roller Bearing 55KW FLSM
000000000010001284,EN,MCC Feeder Circuit Breaker 10/8
000000000010001285,EN,Pressure Transmitter Assembly HD SIEMENS
000000000010001286,EN,Flotation Blower Motor 10/8 WEIR
000000000010001287,EN,Thickener Rake Drive Gearbox DN150 ABB
000000000010001288,EN,Slurry Density Transmitter DN100
000000000030000321,EN,Hydraulic Power Pack 8/6 KSB
000000000010001289,EN,Level Radar Transmitter 6/4 MULTOTEC
000000000030000322,EN,Thickener Rake Seal Kit 10/8 KSB
000000000010001290,EN,Ball Mill Trunnion Bearing 110KW ABB
000000000090000073,EN,Skirt Rubber Liner Section DN150 SIEMENS
000000000010001291,EN,Conveyor Drive Gearbox 6/4 MULTOTEC
000000000010001292,EN,Slurry Density Transmitter 10/8 FLSM
000000000010001293,EN,Vertical Sump Pump Column 200MM WEIR
000000000080000299,EN,Flow Meter Sensor Head DN150 KSB
000000000010001294,EN,Crusher Main Shaft Bearing 55KW ABB
000000000010001295,EN,Apron Feeder Gear Reducer 150MM KSB
000000000010001296,EN,Mill Liner 55KW WEIR
000000000010001297,EN,Thickener Rake Drive Gearbox 6/4 SEW
000000000010001298,EN,Mill Lube Pump Motor 55KW SKF
000000000030000323,EN,Flow Meter Sensor Head DN100 METSO
000000000030000324,EN,Mill Liner 55KW SIEMENS
000000000080000300,EN,Slurry Pump Mechanical Seal 10/8 SKF
000000000010001299,EN,Level Radar Transmitter DN150 SEW
