Matnr,Bwkey,Lbkum,Salk3,Vprsv,Verpr,Stprs,Peinh,Bklas
000000000010000000,2000,151.000,8364362.63,V,55393.13,0.00,1.000,3200
000000000010000000,4000,112.000,6204030.56,V,55393.13,0.00,1.000,3200
000000000010000001,2000,98.000,47450550.42,V,484189.29,0.00,1.000,3200
000000000030000000,1000,4.000,250816.52,V,62704.13,0.00,1.000,3200
000000000080000000,1000,20.000,6161201.40,V,308060.07,0.00,1.000,3200
000000000030000001,2000,5.000,629758.50,V,125951.70,0.00,1.000,3200
000000000080000001,4000,6.000,1558106.94,V,259684.49,0.00,1.000,3200
000000000030000002,2000,0.000,0.00,V,88187.10,0.00,1.000,3200
000000000010000002,2000,1.000,104795.22,V,104795.22,0.00,1.000,3200
000000000010000003,2000,0.000,0.00,V,143913.08,0.00,1.000,3200
000000000010000004,4000,73.000,1070502.66,V,14664.42,0.00,1.000,3200
000000000010000005,3000,13.000,171129.40,V,13163.80,0.00,1.000,3200
000000000010000005,1000,9.000,118474.20,V,13163.80,0.00,1.000,3200
000000000010000006,3000,0.000,0.00,V,74978.65,0.00,1.000,3200
000000000010000007,2000,2.000,98339.08,V,49169.54,0.00,1.000,3200
000000000010000007,3000,1.000,49169.54,V,49169.54,0.00,1.000,3200
000000000080000002,1000,10.000,3411095.40,V,341109.54,0.00,1.000,3200
000000000080000002,2000,2.000,682219.08,V,341109.54,0.00,1.000,3200
000000000010000008,3000,64.000,621525.12,V,9711.33,0.00,1.000,3200
000000000010000008,4000,93.000,903153.69,V,9711.33,0.00,1.000,3200
000000000010000009,3000,69.000,472966.02,V,6854.58,0.00,1.000,3200
000000000010000010,4000,5.000,658679.15,V,131735.83,0.00,1.000,3200
000000000010000011,1000,7.000,2134079.43,V,304868.49,0.00,1.000,3200
000000000010000011,4000,9.000,2743816.41,V,304868.49,0.00,1.000,3200
000000000010000012,3000,0.000,0.00,V,60952.75,0.00,1.000,3200
000000000010000013,1000,5.000,142143.50,V,28428.70,0.00,1.000,3200
000000000010000014,3000,8.000,4276148.96,V,534518.62,0.00,1.000,3200
000000000080000003,1000,26.000,9977075.68,V,383733.68,0.00,1.000,3200
000000000010000015,1000,6.000,1142912.58,V,190485.43,0.00,1.000,3200
000000000080000004,3000,15.000,5094334.65,V,339622.31,0.00,1.000,3200
000000000010000016,3000,0.000,0.00,V,93917.53,0.00,1.000,3200
000000000010000016,4000,0.000,0.00,V,93917.53,0.00,1.000,3200
000000000080000005,2000,8.000,3548856.00,V,443607.00,0.00,1.000,3200
000000000010000017,1000,9.000,86534.37,V,9614.93,0.00,1.000,3200
000000000010000018,3000,23.000,3656944.80,V,158997.60,0.00,1.000,3200
000000000090000000,2000,23.000,1124635.14,V,48897.18,0.00,1.000,3200
000000000010000019,1000,105.000,424236.75,V,4040.35,0.00,1.000,3200
000000000080000006,3000,7.000,1005767.35,V,143681.05,0.00,1.000,3200
000000000080000006,4000,2.000,287362.10,V,143681.05,0.00,1.000,3200
000000000010000020,2000,1.000,22458.71,V,22458.71,0.00,1.000,3200
000000000010000020,4000,3.000,67376.13,V,22458.71,0.00,1.000,3200
000000000010000021,2000,50.000,19289.50,V,385.79,0.00,1.000,3200
000000000090000001,1000,39.000,482856.66,V,12380.94,0.00,1.000,3200
000000000010000022,4000,0.000,0.00,V,153107.36,0.00,1.000,3200
000000000010000023,3000,0.000,0.00,V,109487.05,0.00,1.000,3200
000000000010000024,4000,0.000,0.00,V,116042.46,0.00,1.000,3200
000000000010000024,1000,0.000,0.00,V,116042.46,0.00,1.000,3200
000000000080000007,3000,4.000,1622024.32,V,405506.08,0.00,1.000,3200
000000000080000008,3000,6.000,2444931.00,V,407488.50,0.00,1.000,3200
000000000080000008,2000,18.000,7334793.00,V,407488.50,0.00,1.000,3200
000000000010000025,4000,0.000,0.00,V,3382.78,0.00,1.000,3200
000000000010000026,2000,9.000,1222110.90,V,135790.10,0.00,1.000,3200
000000000010000027,4000,7.000,4893991.69,V,699141.67,0.00,1.000,3200
000000000080000009,3000,8.000,870771.60,V,108846.45,0.00,1.000,3200
000000000010000028,1000,4.000,208485.44,V,52121.36,0.00,1.000,3200
000000000010000029,2000,99.000,2457736.38,V,24825.62,0.00,1.000,3200
000000000010000030,1000,4.000,100235.76,V,25058.94,0.00,1.000,3200
000000000010000031,4000,2.000,281861.26,V,140930.63,0.00,1.000,3200
000000000010000032,3000,3.000,124015.59,V,41338.53,0.00,1.000,3200
000000000010000033,3000,6.000,642920.34,V,107153.39,0.00,1.000,3200
000000000010000034,1000,1.000,462590.67,V,462590.67,0.00,1.000,3200
000000000010000034,4000,17.000,7864041.39,V,462590.67,0.00,1.000,3200
000000000080000010,3000,9.000,397370.07,V,44152.23,0.00,1.000,3200
000000000080000011,3000,13.000,3033674.41,V,233359.57,0.00,1.000,3200
000000000010000035,1000,0.000,0.00,V,18620.99,0.00,1.000,3200
000000000010000035,2000,0.000,0.00,V,18620.99,0.00,1.000,3200
000000000010000036,1000,48.000,235612.80,V,4908.60,0.00,1.000,3200
000000000010000037,3000,32.000,9273987.84,V,289812.12,0.00,1.000,3200
000000000080000012,3000,3.000,1147272.06,V,382424.02,0.00,1.000,3200
000000000030000003,2000,3.000,461721.33,V,153907.11,0.00,1.000,3200
000000000010000038,4000,13.000,344206.46,V,26477.42,0.00,1.000,3200
000000000010000039,4000,118.000,2637685.86,V,22353.27,0.00,1.000,3200
000000000010000040,4000,0.000,0.00,V,443088.23,0.00,1.000,3200
000000000010000041,1000,0.000,0.00,V,732767.47,0.00,1.000,3200
000000000010000041,4000,0.000,0.00,V,732767.47,0.00,1.000,3200
000000000080000013,4000,9.000,628537.05,V,69837.45,0.00,1.000,3200
000000000010000042,4000,42.000,23779611.66,V,566181.23,0.00,1.000,3200
000000000030000004,4000,3.000,199069.89,V,66356.63,0.00,1.000,3200
000000000010000043,4000,0.000,0.00,V,104771.96,0.00,1.000,3200
000000000030000005,2000,3.000,363421.11,V,121140.37,0.00,1.000,3200
000000000030000006,3000,9.000,1559716.47,V,173301.83,0.00,1.000,3200
000000000010000044,3000,9.000,1292605.92,V,143622.88,0.00,1.000,3200
000000000010000044,4000,11.000,1579851.68,V,143622.88,0.00,1.000,3200
000000000080000014,3000,3.000,113887.35,V,37962.45,0.00,1.000,3200
000000000080000014,1000,3.000,113887.35,V,37962.45,0.00,1.000,3200
000000000080000015,1000,1.000,88465.64,V,88465.64,0.00,1.000,3200
000000000030000007,2000,0.000,0.00,V,86968.41,0.00,1.000,3200
000000000010000045,1000,13.000,1838466.24,V,141420.48,0.00,1.000,3200
000000000010000046,4000,0.000,0.00,V,154113.38,0.00,1.000,3200
000000000030000008,1000,0.000,0.00,V,141285.00,0.00,1.000,3200
000000000010000047,2000,0.000,0.00,V,52282.14,0.00,1.000,3200
000000000010000047,4000,0.000,0.00,V,52282.14,0.00,1.000,3200
000000000030000009,2000,5.000,352565.10,V,70513.02,0.00,1.000,3200
000000000010000048,4000,0.000,0.00,V,177214.45,0.00,1.000,3200
000000000010000048,2000,0.000,0.00,V,177214.45,0.00,1.000,3200
000000000010000049,4000,2.000,648886.22,V,324443.11,0.00,1.000,3200
000000000090000002,2000,35.000,4892715.45,V,139791.87,0.00,1.000,3200
000000000080000016,3000,16.000,2500122.24,V,156257.64,0.00,1.000,3200
000000000010000050,1000,0.000,0.00,V,42042.43,0.00,1.000,3200
000000000010000050,4000,0.000,0.00,V,42042.43,0.00,1.000,3200
000000000080000017,2000,5.000,1134643.65,V,226928.73,0.00,1.000,3200
000000000010000051,4000,0.000,0.00,V,155110.11,0.00,1.000,3200
000000000080000018,2000,7.000,351868.30,V,50266.90,0.00,1.000,3200
000000000010000052,1000,0.000,0.00,V,107843.66,0.00,1.000,3200
000000000010000053,2000,0.000,0.00,V,22273.75,0.00,1.000,3200
000000000010000054,1000,5.000,587811.05,V,117562.21,0.00,1.000,3200
000000000010000055,2000,7.000,877397.15,V,125342.45,0.00,1.000,3200
000000000010000055,1000,5.000,626712.25,V,125342.45,0.00,1.000,3200
000000000010000056,3000,3.000,174573.51,V,58191.17,0.00,1.000,3200
000000000030000010,1000,6.000,669870.60,V,111645.10,0.00,1.000,3200
000000000010000057,2000,5.000,29734.05,V,5946.81,0.00,1.000,3200
000000000010000058,1000,11.000,1299209.12,V,118109.92,0.00,1.000,3200
000000000030000011,4000,0.000,0.00,V,95282.33,0.00,1.000,3200
000000000010000059,3000,4.000,378046.28,V,94511.57,0.00,1.000,3200
000000000010000059,2000,19.000,1795719.83,V,94511.57,0.00,1.000,3200
000000000010000060,4000,0.000,0.00,V,119687.13,0.00,1.000,3200
000000000030000012,2000,0.000,0.00,V,21650.34,0.00,1.000,3200
000000000010000061,4000,0.000,0.00,V,616241.38,0.00,1.000,3200
000000000080000019,3000,22.000,9771548.82,V,444161.31,0.00,1.000,3200
000000000080000019,1000,26.000,11548194.06,V,444161.31,0.00,1.000,3200
000000000030000013,3000,2.000,959290.00,V,479645.00,0.00,1.000,3200
000000000010000062,2000,118.000,2799174.76,V,23721.82,0.00,1.000,3200
000000000010000063,2000,0.000,0.00,V,130957.24,0.00,1.000,3200
000000000080000020,1000,14.000,3009731.48,V,214980.82,0.00,1.000,3200
000000000010000064,2000,0.000,0.00,V,153821.56,0.00,1.000,3200
000000000010000065,4000,1.000,129973.42,V,129973.42,0.00,1.000,3200
000000000010000066,2000,94.000,1912389.58,V,20344.57,0.00,1.000,3200
000000000010000067,2000,0.000,0.00,V,171128.20,0.00,1.000,3200
000000000010000068,3000,6.000,197842.80,V,32973.80,0.00,1.000,3200
000000000010000068,2000,19.000,626502.20,V,32973.80,0.00,1.000,3200
000000000010000069,4000,0.000,0.00,V,127039.85,0.00,1.000,3200
000000000010000070,3000,0.000,0.00,V,170378.05,0.00,1.000,3200
000000000010000071,2000,45.000,320210.55,V,7115.79,0.00,1.000,3200
000000000010000072,1000,0.000,0.00,V,178888.49,0.00,1.000,3200
000000000010000073,4000,6.000,98524.38,V,16420.73,0.00,1.000,3200
000000000080000021,4000,3.000,1239589.53,V,413196.51,0.00,1.000,3200
000000000080000021,2000,4.000,1652786.04,V,413196.51,0.00,1.000,3200
000000000010000074,3000,117.000,1082886.48,V,9255.44,0.00,1.000,3200
000000000010000074,1000,81.000,749690.64,V,9255.44,0.00,1.000,3200
000000000010000075,3000,47.000,852428.19,V,18136.77,0.00,1.000,3200
000000000010000076,1000,6.000,654990.18,V,109165.03,0.00,1.000,3200
000000000010000077,2000,2.000,42049.38,V,21024.69,0.00,1.000,3200
000000000010000078,1000,0.000,0.00,V,5469.21,0.00,1.000,3200
000000000010000079,3000,0.000,0.00,V,111174.38,0.00,1.000,3200
000000000010000080,1000,0.000,0.00,V,140481.96,0.00,1.000,3200
000000000010000081,4000,2.000,311055.28,V,155527.64,0.00,1.000,3200
000000000010000082,1000,4.000,120485.16,V,30121.29,0.00,1.000,3200
000000000080000022,3000,20.000,6430846.00,V,321542.30,0.00,1.000,3200
000000000080000022,1000,7.000,2250796.10,V,321542.30,0.00,1.000,3200
000000000010000083,4000,155.000,1042767.15,V,6727.53,0.00,1.000,3200
000000000010000084,1000,3.000,881059.80,V,293686.60,0.00,1.000,3200
000000000010000085,4000,0.000,0.00,V,557330.02,0.00,1.000,3200
000000000010000086,1000,6.000,92774.16,V,15462.36,0.00,1.000,3200
000000000010000087,1000,2.000,171321.64,V,85660.82,0.00,1.000,3200
000000000010000087,4000,3.000,256982.46,V,85660.82,0.00,1.000,3200
000000000080000023,3000,13.000,615890.60,V,47376.20,0.00,1.000,3200
000000000090000003,2000,10.000,526863.60,V,52686.36,0.00,1.000,3200
000000000030000014,3000,3.000,241500.90,V,80500.30,0.00,1.000,3200
000000000030000014,2000,0.000,0.00,V,80500.30,0.00,1.000,3200
000000000010000088,2000,0.000,0.00,V,235725.00,0.00,1.000,3200
000000000010000089,4000,0.000,0.00,V,346086.86,0.00,1.000,3200
000000000030000015,1000,4.000,2965092.08,V,741273.02,0.00,1.000,3200
000000000080000024,1000,6.000,1563130.26,V,260521.71,0.00,1.000,3200
000000000080000025,2000,3.000,684581.25,V,228193.75,0.00,1.000,3200
000000000080000025,4000,8.000,1825550.00,V,228193.75,0.00,1.000,3200
000000000030000016,1000,4.000,1109535.60,V,277383.90,0.00,1.000,3200
000000000010000090,4000,7.000,462159.04,V,66022.72,0.00,1.000,3200
000000000090000004,1000,7.000,169855.98,V,24265.14,0.00,1.000,3200
000000000090000004,3000,13.000,315446.82,V,24265.14,0.00,1.000,3200
000000000080000026,2000,2.000,322246.56,V,161123.28,0.00,1.000,3200
000000000010000091,4000,7.000,289169.86,V,41309.98,0.00,1.000,3200
000000000030000017,1000,4.000,445844.00,V,111461.00,0.00,1.000,3200
000000000080000027,4000,9.000,505188.90,V,56132.10,0.00,1.000,3200
000000000010000092,4000,2.000,33657.68,V,16828.84,0.00,1.000,3200
000000000010000092,3000,3.000,50486.52,V,16828.84,0.00,1.000,3200
000000000010000093,4000,12.000,972757.08,V,81063.09,0.00,1.000,3200
000000000090000005,1000,21.000,425934.18,V,20282.58,0.00,1.000,3200
000000000080000028,2000,7.000,2900582.30,V,414368.90,0.00,1.000,3200
000000000010000094,4000,0.000,0.00,V,92981.27,0.00,1.000,3200
000000000010000095,3000,0.000,0.00,V,161575.13,0.00,1.000,3200
000000000010000095,2000,0.000,0.00,V,161575.13,0.00,1.000,3200
000000000010000096,1000,2.000,112888.46,V,56444.23,0.00,1.000,3200
000000000010000097,4000,0.000,0.00,V,149610.30,0.00,1.000,3200
000000000080000029,3000,8.000,493235.04,V,61654.38,0.00,1.000,3200
000000000080000029,1000,7.000,431580.66,V,61654.38,0.00,1.000,3200
000000000030000018,3000,4.000,1915677.88,V,478919.47,0.00,1.000,3200
000000000010000098,1000,0.000,0.00,V,22150.66,0.00,1.000,3200
000000000080000030,3000,12.000,3664912.68,V,305409.39,0.00,1.000,3200
000000000080000030,1000,6.000,1832456.34,V,305409.39,0.00,1.000,3200
000000000010000099,2000,5.000,2621250.70,V,524250.14,0.00,1.000,3200
000000000010000100,1000,64.000,345208.32,V,5393.88,0.00,1.000,3200
000000000010000100,3000,85.000,458479.80,V,5393.88,0.00,1.000,3200
000000000030000019,3000,4.000,705352.44,V,176338.11,0.00,1.000,3200
000000000030000019,4000,0.000,0.00,V,176338.11,0.00,1.000,3200
000000000080000031,2000,6.000,2685092.64,V,447515.44,0.00,1.000,3200
000000000010000101,4000,219.000,907551.33,V,4144.07,0.00,1.000,3200
000000000030000020,1000,1.000,123672.12,V,123672.12,0.00,1.000,3200
000000000010000102,1000,5.000,1566341.95,V,313268.39,0.00,1.000,3200
000000000010000102,3000,25.000,7831709.75,V,313268.39,0.00,1.000,3200
000000000030000021,3000,3.000,522416.01,V,174138.67,0.00,1.000,3200
000000000010000103,3000,15.000,2623971.60,V,174931.44,0.00,1.000,3200
000000000010000104,1000,18.000,6001314.30,V,333406.35,0.00,1.000,3200
000000000010000104,2000,16.000,5334501.60,V,333406.35,0.00,1.000,3200
000000000030000022,4000,4.000,521039.24,V,130259.81,0.00,1.000,3200
000000000030000022,3000,1.000,130259.81,V,130259.81,0.00,1.000,3200
000000000010000105,4000,1.000,7233.26,V,7233.26,0.00,1.000,3200
000000000010000106,1000,49.000,737383.36,V,15048.64,0.00,1.000,3200
000000000010000106,3000,63.000,948064.32,V,15048.64,0.00,1.000,3200
000000000010000107,4000,9.000,2835237.24,V,315026.36,0.00,1.000,3200
000000000010000108,2000,0.000,0.00,V,126858.91,0.00,1.000,3200
000000000030000023,4000,3.000,370606.05,V,123535.35,0.00,1.000,3200
000000000030000023,1000,2.000,247070.70,V,123535.35,0.00,1.000,3200
000000000010000109,1000,115.000,1724290.45,V,14993.83,0.00,1.000,3200
000000000080000032,4000,3.000,1221241.56,V,407080.52,0.00,1.000,3200
000000000010000110,2000,0.000,0.00,V,140735.17,0.00,1.000,3200
000000000010000110,3000,6.000,844411.02,V,140735.17,0.00,1.000,3200
000000000010000111,1000,0.000,0.00,V,490151.93,0.00,1.000,3200
000000000010000112,2000,3.000,180609.57,V,60203.19,0.00,1.000,3200
000000000010000113,1000,0.000,0.00,V,54772.22,0.00,1.000,3200
000000000010000114,2000,9.000,82701.90,V,9189.10,0.00,1.000,3200
000000000080000033,1000,8.000,1536704.88,V,192088.11,0.00,1.000,3200
000000000080000033,3000,6.000,1152528.66,V,192088.11,0.00,1.000,3200
000000000030000024,4000,4.000,513052.20,V,128263.05,0.00,1.000,3200
000000000010000115,3000,1.000,167011.10,V,167011.10,0.00,1.000,3200
000000000080000034,1000,2.000,793301.86,V,396650.93,0.00,1.000,3200
000000000010000116,2000,0.000,0.00,V,23177.52,0.00,1.000,3200
000000000030000025,4000,0.000,0.00,V,109276.63,0.00,1.000,3200
000000000090000006,2000,28.000,1830022.88,V,65357.96,0.00,1.000,3200
000000000010000117,3000,14.000,1534998.64,V,109642.76,0.00,1.000,3200
000000000010000117,4000,0.000,0.00,V,109642.76,0.00,1.000,3200
000000000010000118,1000,0.000,0.00,V,126006.95,0.00,1.000,3200
000000000030000026,4000,4.000,275340.64,V,68835.16,0.00,1.000,3200
000000000030000026,1000,3.000,206505.48,V,68835.16,0.00,1.000,3200
000000000010000119,1000,90.000,1701626.40,V,18906.96,0.00,1.000,3200
000000000080000035,1000,5.000,1102844.95,V,220568.99,0.00,1.000,3200
000000000080000035,2000,10.000,2205689.90,V,220568.99,0.00,1.000,3200
000000000080000036,3000,2.000,310742.08,V,155371.04,0.00,1.000,3200
000000000010000120,1000,0.000,0.00,V,161690.60,0.00,1.000,3200
000000000030000027,3000,5.000,1637027.15,V,327405.43,0.00,1.000,3200
000000000030000027,1000,0.000,0.00,V,327405.43,0.00,1.000,3200
000000000010000121,4000,6.000,636973.74,V,106162.29,0.00,1.000,3200
000000000030000028,3000,1.000,145142.75,V,145142.75,0.00,1.000,3200
000000000030000028,4000,2.000,290285.50,V,145142.75,0.00,1.000,3200
000000000010000122,2000,0.000,0.00,V,19292.74,0.00,1.000,3200
000000000080000037,4000,12.000,2819047.80,V,234920.65,0.00,1.000,3200
000000000010000123,2000,9.000,164266.56,V,18251.84,0.00,1.000,3200
000000000010000123,4000,7.000,127762.88,V,18251.84,0.00,1.000,3200
000000000010000124,3000,0.000,0.00,V,164120.77,0.00,1.000,3200
000000000010000124,4000,0.000,0.00,V,164120.77,0.00,1.000,3200
000000000030000029,2000,2.000,102589.94,V,51294.97,0.00,1.000,3200
000000000010000125,1000,9.000,4823198.91,V,535910.99,0.00,1.000,3200
000000000030000030,1000,2.000,144369.82,V,72184.91,0.00,1.000,3200
000000000010000126,4000,42.000,364887.18,V,8687.79,0.00,1.000,3200
000000000010000127,4000,35.000,16514.05,V,471.83,0.00,1.000,3200
000000000010000128,3000,180.000,95104954.80,V,528360.86,0.00,1.000,3200
000000000010000129,3000,7.000,896406.14,V,128058.02,0.00,1.000,3200
000000000010000130,4000,0.000,0.00,V,21662.86,0.00,1.000,3200
000000000010000131,4000,10.000,1031211.50,V,103121.15,0.00,1.000,3200
000000000080000038,4000,4.000,1415746.04,V,353936.51,0.00,1.000,3200
000000000010000132,3000,0.000,0.00,V,54136.01,0.00,1.000,3200
000000000010000133,2000,0.000,0.00,V,173155.63,0.00,1.000,3200
000000000010000134,1000,5.000,177087.65,V,35417.53,0.00,1.000,3200
000000000010000135,2000,1.000,137238.15,V,137238.15,0.00,1.000,3200
000000000010000136,3000,1.000,169287.73,V,169287.73,0.00,1.000,3200
000000000010000137,2000,11.000,1746048.48,V,158731.68,0.00,1.000,3200
000000000010000138,4000,3.000,2342011.95,V,780670.65,0.00,1.000,3200
000000000030000031,2000,0.000,0.00,V,118982.82,0.00,1.000,3200
000000000010000139,3000,0.000,0.00,V,16574.59,0.00,1.000,3200
000000000010000140,2000,11.000,1314279.67,V,119479.97,0.00,1.000,3200
000000000010000140,3000,24.000,2867519.28,V,119479.97,0.00,1.000,3200
000000000010000141,3000,32.000,696873.28,V,21777.29,0.00,1.000,3200
000000000010000142,3000,0.000,0.00,V,132414.10,0.00,1.000,3200
000000000080000039,4000,1.000,432394.41,V,432394.41,0.00,1.000,3200
000000000010000143,3000,0.000,0.00,V,176250.24,0.00,1.000,3200
000000000010000144,1000,0.000,0.00,V,166655.89,0.00,1.000,3200
000000000030000032,1000,0.000,0.00,V,111527.89,0.00,1.000,3200
000000000010000145,2000,0.000,0.00,V,29169.61,0.00,1.000,3200
000000000010000145,4000,0.000,0.00,V,29169.61,0.00,1.000,3200
000000000030000033,2000,11.000,645123.82,V,58647.62,0.00,1.000,3200
000000000010000146,3000,6.000,755707.62,V,125951.27,0.00,1.000,3200
000000000010000146,1000,1.000,125951.27,V,125951.27,0.00,1.000,3200
000000000080000040,1000,7.000,256710.58,V,36672.94,0.00,1.000,3200
000000000010000147,3000,17.000,97824.80,V,5754.40,0.00,1.000,3200
000000000090000007,3000,12.000,351999.96,V,29333.33,0.00,1.000,3200
000000000080000041,2000,3.000,834167.22,V,278055.74,0.00,1.000,3200
000000000080000042,4000,7.000,309848.77,V,44264.11,0.00,1.000,3200
000000000010000148,2000,7.000,935137.00,V,133591.00,0.00,1.000,3200
000000000010000149,2000,5.000,602791.75,V,120558.35,0.00,1.000,3200
000000000090000008,2000,21.000,3331048.98,V,158621.38,0.00,1.000,3200
000000000080000043,4000,4.000,596179.80,V,149044.95,0.00,1.000,3200
000000000010000150,2000,2.000,322807.44,V,161403.72,0.00,1.000,3200
000000000010000150,4000,4.000,645614.88,V,161403.72,0.00,1.000,3200
000000000010000151,1000,14.000,2276830.92,V,162630.78,0.00,1.000,3200
000000000010000151,2000,4.000,650523.12,V,162630.78,0.00,1.000,3200
000000000010000152,3000,0.000,0.00,V,45430.61,0.00,1.000,3200
000000000030000034,2000,1.000,85350.83,V,85350.83,0.00,1.000,3200
000000000010000153,4000,2.000,12026.28,V,6013.14,0.00,1.000,3200
000000000010000154,1000,144.000,1324775.52,V,9199.83,0.00,1.000,3200
000000000010000155,2000,5.000,319323.00,V,63864.60,0.00,1.000,3200
000000000010000156,3000,13.000,779136.02,V,59933.54,0.00,1.000,3200
000000000010000157,1000,3.000,217382.10,V,72460.70,0.00,1.000,3200
000000000010000158,3000,0.000,0.00,V,166562.35,0.00,1.000,3200
000000000080000044,3000,19.000,4824453.40,V,253918.60,0.00,1.000,3200
000000000010000159,1000,0.000,0.00,V,111242.37,0.00,1.000,3200
000000000080000045,3000,0.000,0.00,V,409526.43,0.00,1.000,3200
000000000010000160,4000,0.000,0.00,V,30851.34,0.00,1.000,3200
000000000010000161,2000,1.000,86244.58,V,86244.58,0.00,1.000,3200
000000000010000161,3000,7.000,603712.06,V,86244.58,0.00,1.000,3200
000000000090000009,3000,12.000,1298403.00,V,108200.25,0.00,1.000,3200
000000000030000035,3000,7.000,757865.01,V,108266.43,0.00,1.000,3200
000000000080000046,3000,9.000,611242.02,V,67915.78,0.00,1.000,3200
000000000080000046,4000,3.000,203747.34,V,67915.78,0.00,1.000,3200
000000000010000162,3000,14.000,140898.38,V,10064.17,0.00,1.000,3200
000000000010000163,1000,12.000,1695523.32,V,141293.61,0.00,1.000,3200
000000000010000163,4000,4.000,565174.44,V,141293.61,0.00,1.000,3200
000000000010000164,2000,0.000,0.00,V,93243.94,0.00,1.000,3200
000000000010000165,2000,64.000,498040.32,V,7781.88,0.00,1.000,3200
000000000030000036,4000,0.000,0.00,V,50085.65,0.00,1.000,3200
000000000080000047,4000,4.000,1108529.32,V,277132.33,0.00,1.000,3200
000000000080000047,2000,2.000,554264.66,V,277132.33,0.00,1.000,3200
000000000010000166,3000,18.000,2637622.98,V,146534.61,0.00,1.000,3200
000000000010000167,2000,0.000,0.00,V,74209.53,0.00,1.000,3200
000000000010000168,3000,5.000,584807.35,V,116961.47,0.00,1.000,3200
000000000010000168,4000,0.000,0.00,V,116961.47,0.00,1.000,3200
000000000030000037,4000,0.000,0.00,V,151979.50,0.00,1.000,3200
000000000010000169,3000,12.000,8333273.28,V,694439.44,0.00,1.000,3200
000000000010000170,1000,2.000,51627.16,V,25813.58,0.00,1.000,3200
000000000080000048,3000,11.000,3356556.39,V,305141.49,0.00,1.000,3200
000000000010000171,1000,6.000,3061173.54,V,510195.59,0.00,1.000,3200
000000000010000172,2000,4.000,560832.40,V,140208.10,0.00,1.000,3200
000000000010000172,3000,10.000,1402081.00,V,140208.10,0.00,1.000,3200
000000000010000173,4000,3.000,119175.78,V,39725.26,0.00,1.000,3200
000000000080000049,3000,1.000,83563.55,V,83563.55,0.00,1.000,3200
000000000010000174,3000,6.000,56280.84,V,9380.14,0.00,1.000,3200
000000000010000175,1000,13.000,2179652.93,V,167665.61,0.00,1.000,3200
000000000010000176,2000,0.000,0.00,V,737205.84,0.00,1.000,3200
000000000010000176,4000,0.000,0.00,V,737205.84,0.00,1.000,3200
000000000010000177,1000,21.000,414505.56,V,19738.36,0.00,1.000,3200
000000000030000038,3000,2.000,119680.30,V,59840.15,0.00,1.000,3200
000000000010000178,1000,14.000,11549.72,V,824.98,0.00,1.000,3200
000000000010000179,2000,14.000,780711.54,V,55765.11,0.00,1.000,3200
000000000080000050,3000,12.000,3001965.36,V,250163.78,0.00,1.000,3200
000000000080000051,2000,5.000,1317475.85,V,263495.17,0.00,1.000,3200
000000000010000180,3000,17.000,162642.91,V,9567.23,0.00,1.000,3200
000000000090000010,2000,38.000,2751742.64,V,72414.28,0.00,1.000,3200
000000000090000010,1000,12.000,868971.36,V,72414.28,0.00,1.000,3200
000000000010000181,3000,0.000,0.00,V,30663.83,0.00,1.000,3200
000000000080000052,4000,18.000,4164793.02,V,231377.39,0.00,1.000,3200
000000000010000182,4000,0.000,0.00,V,151561.50,0.00,1.000,3200
000000000010000182,3000,0.000,0.00,V,151561.50,0.00,1.000,3200
000000000010000183,1000,0.000,0.00,V,106927.94,0.00,1.000,3200
000000000030000039,1000,0.000,0.00,V,174478.21,0.00,1.000,3200
000000000010000184,3000,0.000,0.00,V,561172.05,0.00,1.000,3200
000000000030000040,2000,0.000,0.00,V,162108.37,0.00,1.000,3200
000000000010000185,3000,124.000,115788.72,V,933.78,0.00,1.000,3200
000000000010000185,2000,1.000,933.78,V,933.78,0.00,1.000,3200
000000000010000186,3000,0.000,0.00,V,172064.97,0.00,1.000,3200
000000000030000041,4000,1.000,183331.33,V,183331.33,0.00,1.000,3200
000000000030000042,1000,0.000,0.00,V,152504.44,0.00,1.000,3200
000000000010000187,4000,0.000,0.00,V,131725.79,0.00,1.000,3200
000000000010000188,2000,0.000,0.00,V,129215.12,0.00,1.000,3200
000000000010000188,4000,0.000,0.00,V,129215.12,0.00,1.000,3200
000000000080000053,1000,6.000,1651191.18,V,275198.53,0.00,1.000,3200
000000000010000189,4000,2.000,309964.26,V,154982.13,0.00,1.000,3200
000000000010000190,2000,2.000,192277.84,V,96138.92,0.00,1.000,3200
000000000010000191,1000,95.000,11901874.55,V,125282.89,0.00,1.000,3200
000000000010000192,2000,1.000,101684.53,V,101684.53,0.00,1.000,3200
000000000080000054,3000,3.000,921345.48,V,307115.16,0.00,1.000,3200
000000000010000193,1000,7.000,654706.29,V,93529.47,0.00,1.000,3200
000000000010000193,4000,7.000,654706.29,V,93529.47,0.00,1.000,3200
000000000010000194,4000,6.000,538454.70,V,89742.45,0.00,1.000,3200
000000000010000195,1000,131.000,65690847.35,V,501456.85,0.00,1.000,3200
000000000010000195,4000,116.000,58168994.60,V,501456.85,0.00,1.000,3200
000000000010000196,4000,3.000,1642127.88,V,547375.96,0.00,1.000,3200
000000000010000197,3000,8.000,868077.20,V,108509.65,0.00,1.000,3200
000000000010000198,4000,22.000,3692631.80,V,167846.90,0.00,1.000,3200
000000000010000198,2000,16.000,2685550.40,V,167846.90,0.00,1.000,3200
000000000010000199,3000,57.000,1139077.74,V,19983.82,0.00,1.000,3200
000000000030000043,3000,6.000,3905382.54,V,650897.09,0.00,1.000,3200
000000000030000044,3000,2.000,215685.04,V,107842.52,0.00,1.000,3200
000000000090000011,2000,11.000,324997.97,V,29545.27,0.00,1.000,3200
000000000010000200,1000,3.000,1187945.55,V,395981.85,0.00,1.000,3200
000000000010000201,2000,2.000,326080.40,V,163040.20,0.00,1.000,3200
000000000030000045,1000,1.000,185457.56,V,185457.56,0.00,1.000,3200
000000000010000202,3000,4.000,122181.20,V,30545.30,0.00,1.000,3200
000000000010000203,1000,8.000,5987393.20,V,748424.15,0.00,1.000,3200
000000000010000204,1000,8.000,4725702.16,V,590712.77,0.00,1.000,3200
000000000010000204,4000,4.000,2362851.08,V,590712.77,0.00,1.000,3200
000000000010000205,3000,0.000,0.00,V,169378.67,0.00,1.000,3200
000000000010000205,4000,0.000,0.00,V,169378.67,0.00,1.000,3200
000000000010000206,3000,56.000,629477.52,V,11240.67,0.00,1.000,3200
000000000010000207,1000,0.000,0.00,V,66000.26,0.00,1.000,3200
000000000010000208,3000,2.000,1141582.30,V,570791.15,0.00,1.000,3200
000000000080000055,2000,1.000,128909.05,V,128909.05,0.00,1.000,3200
000000000080000055,3000,6.000,773454.30,V,128909.05,0.00,1.000,3200
000000000010000209,1000,0.000,0.00,V,162009.82,0.00,1.000,3200
000000000010000210,4000,0.000,0.00,V,161884.24,0.00,1.000,3200
000000000010000211,1000,0.000,0.00,V,138571.07,0.00,1.000,3200
000000000010000212,4000,75.000,1171214.25,V,15616.19,0.00,1.000,3200
000000000010000213,2000,25.000,530219.50,V,21208.78,0.00,1.000,3200
000000000010000213,4000,40.000,848351.20,V,21208.78,0.00,1.000,3200
000000000030000046,4000,3.000,306692.10,V,102230.70,0.00,1.000,3200
000000000010000214,4000,6.000,348223.08,V,58037.18,0.00,1.000,3200
000000000010000214,1000,4.000,232148.72,V,58037.18,0.00,1.000,3200
000000000010000215,1000,1.000,112604.54,V,112604.54,0.00,1.000,3200
000000000010000215,3000,2.000,225209.08,V,112604.54,0.00,1.000,3200
000000000010000216,2000,0.000,0.00,V,80507.00,0.00,1.000,3200
000000000010000216,3000,0.000,0.00,V,80507.00,0.00,1.000,3200
000000000010000217,1000,2.000,351572.80,V,175786.40,0.00,1.000,3200
000000000010000217,4000,7.000,1230504.80,V,175786.40,0.00,1.000,3200
000000000010000218,2000,0.000,0.00,V,81436.95,0.00,1.000,3200
000000000010000219,1000,0.000,0.00,V,339590.70,0.00,1.000,3200
000000000030000047,4000,0.000,0.00,V,63932.98,0.00,1.000,3200
000000000080000056,2000,3.000,349642.11,V,116547.37,0.00,1.000,3200
000000000010000220,4000,11.000,1404652.81,V,127695.71,0.00,1.000,3200
000000000010000221,3000,0.000,0.00,V,28808.83,0.00,1.000,3200
000000000010000222,3000,24.000,2785278.24,V,116053.26,0.00,1.000,3200
000000000010000223,2000,3.000,1550171.82,V,516723.94,0.00,1.000,3200
000000000010000224,4000,5.000,825325.20,V,165065.04,0.00,1.000,3200
000000000010000225,3000,0.000,0.00,V,5214.51,0.00,1.000,3200
000000000010000226,1000,8.000,1102914.24,V,137864.28,0.00,1.000,3200
000000000010000227,3000,91.000,1461964.14,V,16065.54,0.00,1.000,3200
000000000010000228,1000,28.000,3532148.20,V,126148.15,0.00,1.000,3200
000000000030000048,1000,0.000,0.00,V,110280.36,0.00,1.000,3200
000000000010000229,1000,1.000,54705.46,V,54705.46,0.00,1.000,3200
000000000010000229,3000,1.000,54705.46,V,54705.46,0.00,1.000,3200
000000000080000057,3000,6.000,2284350.90,V,380725.15,0.00,1.000,3200
000000000010000230,3000,44.000,63110.52,V,1434.33,0.00,1.000,3200
000000000010000230,4000,31.000,44464.23,V,1434.33,0.00,1.000,3200
000000000010000231,2000,2.000,283411.84,V,141705.92,0.00,1.000,3200
000000000010000231,3000,2.000,283411.84,V,141705.92,0.00,1.000,3200
000000000010000232,1000,39.000,290464.59,V,7447.81,0.00,1.000,3200
000000000010000233,4000,2.000,261069.90,V,130534.95,0.00,1.000,3200
000000000010000234,4000,0.000,0.00,V,54123.41,0.00,1.000,3200
000000000030000049,2000,3.000,2359595.76,V,786531.92,0.00,1.000,3200
000000000030000050,1000,2.000,243380.44,V,121690.22,0.00,1.000,3200
000000000010000235,2000,7.000,412535.55,V,58933.65,0.00,1.000,3200
000000000010000236,4000,74.000,3767843.94,V,50916.81,0.00,1.000,3200
000000000010000237,4000,146.000,488393.36,V,3345.16,0.00,1.000,3200
000000000010000238,2000,0.000,0.00,V,31284.29,0.00,1.000,3200
000000000030000051,4000,5.000,381650.30,V,76330.06,0.00,1.000,3200
000000000010000239,1000,0.000,0.00,V,26942.51,0.00,1.000,3200
000000000010000240,3000,2.000,1555767.00,V,777883.50,0.00,1.000,3200
000000000010000241,4000,0.000,0.00,V,418021.77,0.00,1.000,3200
000000000010000241,3000,5.000,2090108.85,V,418021.77,0.00,1.000,3200
000000000030000052,1000,0.000,0.00,V,3089.79,0.00,1.000,3200
000000000010000242,1000,0.000,0.00,V,497922.83,0.00,1.000,3200
000000000030000053,3000,0.000,0.00,V,497347.63,0.00,1.000,3200
000000000030000053,4000,1.000,497347.63,V,497347.63,0.00,1.000,3200
000000000010000243,4000,0.000,0.00,V,152393.96,0.00,1.000,3200
000000000010000243,3000,0.000,0.00,V,152393.96,0.00,1.000,3200
000000000080000058,1000,3.000,1159468.59,V,386489.53,0.00,1.000,3200
000000000010000244,3000,0.000,0.00,V,41724.49,0.00,1.000,3200
000000000010000245,1000,30.000,574617.30,V,19153.91,0.00,1.000,3200
000000000010000246,4000,0.000,0.00,V,175706.71,0.00,1.000,3200
000000000030000054,1000,3.000,222219.45,V,74073.15,0.00,1.000,3200
000000000030000054,4000,0.000,0.00,V,74073.15,0.00,1.000,3200
000000000030000055,2000,0.000,0.00,V,133259.02,0.00,1.000,3200
000000000010000247,2000,0.000,0.00,V,38427.08,0.00,1.000,3200
000000000080000059,2000,0.000,0.00,V,318455.53,0.00,1.000,3200
000000000010000248,4000,3.000,83339.01,V,27779.67,0.00,1.000,3200
000000000010000249,2000,1.000,81927.99,V,81927.99,0.00,1.000,3200
000000000010000250,1000,43.000,503608.69,V,11711.83,0.00,1.000,3200
000000000010000251,3000,34.000,23233280.86,V,683331.79,0.00,1.000,3200
000000000010000252,1000,78.000,29893364.28,V,383248.26,0.00,1.000,3200
000000000010000253,3000,3.000,421047.45,V,140349.15,0.00,1.000,3200
000000000090000012,3000,39.000,3051933.69,V,78254.71,0.00,1.000,3200
000000000010000254,3000,14.000,822276.84,V,58734.06,0.00,1.000,3200
000000000010000254,2000,8.000,469872.48,V,58734.06,0.00,1.000,3200
000000000010000255,2000,145.000,48827462.40,V,336741.12,0.00,1.000,3200
000000000090000013,4000,21.000,1339599.24,V,63790.44,0.00,1.000,3200
000000000080000060,3000,2.000,291393.04,V,145696.52,0.00,1.000,3200
000000000090000014,4000,15.000,2363697.75,V,157579.85,0.00,1.000,3200
000000000090000014,3000,25.000,3939496.25,V,157579.85,0.00,1.000,3200
000000000030000056,4000,3.000,123450.06,V,41150.02,0.00,1.000,3200
000000000010000256,2000,23.000,517863.40,V,22515.80,0.00,1.000,3200
000000000030000057,2000,1.000,178974.85,V,178974.85,0.00,1.000,3200
000000000030000058,2000,1.000,76985.62,V,76985.62,0.00,1.000,3200
000000000010000257,1000,4.000,2982269.08,V,745567.27,0.00,1.000,3200
000000000010000258,3000,35.000,1921423.35,V,54897.81,0.00,1.000,3200
000000000010000259,4000,9.000,750127.41,V,83347.49,0.00,1.000,3200
000000000010000260,3000,18.000,9336547.08,V,518697.06,0.00,1.000,3200
000000000080000061,2000,9.000,2212492.50,V,245832.50,0.00,1.000,3200
000000000080000061,3000,4.000,983330.00,V,245832.50,0.00,1.000,3200
000000000080000062,3000,5.000,359109.35,V,71821.87,0.00,1.000,3200
000000000080000063,2000,7.000,369411.21,V,52773.03,0.00,1.000,3200
000000000080000063,3000,10.000,527730.30,V,52773.03,0.00,1.000,3200
000000000010000261,1000,9.000,1361507.22,V,151278.58,0.00,1.000,3200
000000000080000064,4000,2.000,681472.14,V,340736.07,0.00,1.000,3200
000000000010000262,1000,0.000,0.00,V,37205.53,0.00,1.000,3200
000000000010000262,3000,0.000,0.00,V,37205.53,0.00,1.000,3200
000000000010000263,4000,45.000,584582.85,V,12990.73,0.00,1.000,3200
000000000030000059,1000,0.000,0.00,V,68340.90,0.00,1.000,3200
000000000010000264,4000,0.000,0.00,V,247882.37,0.00,1.000,3200
000000000010000265,2000,0.000,0.00,V,34631.13,0.00,1.000,3200
000000000010000265,3000,0.000,0.00,V,34631.13,0.00,1.000,3200
000000000010000266,1000,55.000,864074.75,V,15710.45,0.00,1.000,3200
000000000010000267,3000,0.000,0.00,V,106136.33,0.00,1.000,3200
000000000010000268,2000,4.000,589067.00,V,147266.75,0.00,1.000,3200
000000000010000268,4000,12.000,1767201.00,V,147266.75,0.00,1.000,3200
000000000010000269,2000,8.000,110119.44,V,13764.93,0.00,1.000,3200
000000000010000269,1000,8.000,110119.44,V,13764.93,0.00,1.000,3200
000000000010000270,1000,12.000,629975.28,V,52497.94,0.00,1.000,3200
000000000010000271,2000,4.000,264335.08,V,66083.77,0.00,1.000,3200
000000000010000272,1000,15.000,8461770.45,V,564118.03,0.00,1.000,3200
000000000010000273,2000,8.000,181106.16,V,22638.27,0.00,1.000,3200
000000000010000274,3000,0.000,0.00,V,163054.69,0.00,1.000,3200
000000000080000065,4000,4.000,1761776.24,V,440444.06,0.00,1.000,3200
000000000080000065,3000,3.000,1321332.18,V,440444.06,0.00,1.000,3200
000000000010000275,3000,1.000,15230.68,V,15230.68,0.00,1.000,3200
000000000030000060,1000,0.000,0.00,V,82256.95,0.00,1.000,3200
000000000030000061,3000,2.000,80892.14,V,40446.07,0.00,1.000,3200
000000000080000066,1000,2.000,675485.92,V,337742.96,0.00,1.000,3200
000000000080000066,4000,9.000,3039686.64,V,337742.96,0.00,1.000,3200
000000000010000276,2000,67.000,1458309.27,V,21765.81,0.00,1.000,3200
000000000010000277,4000,6.000,807348.12,V,134558.02,0.00,1.000,3200
000000000010000278,2000,2.000,1148113.16,V,574056.58,0.00,1.000,3200
000000000010000279,1000,0.000,0.00,V,71766.78,0.00,1.000,3200
000000000010000279,2000,0.000,0.00,V,71766.78,0.00,1.000,3200
000000000030000062,2000,4.000,290337.56,V,72584.39,0.00,1.000,3200
000000000010000280,1000,22.000,2974211.46,V,135191.43,0.00,1.000,3200
000000000030000063,4000,0.000,0.00,V,96040.18,0.00,1.000,3200
000000000030000064,1000,3.000,489776.64,V,163258.88,0.00,1.000,3200
000000000010000281,3000,0.000,0.00,V,136742.30,0.00,1.000,3200
000000000010000281,2000,0.000,0.00,V,136742.30,0.00,1.000,3200
000000000010000282,3000,0.000,0.00,V,3851.02,0.00,1.000,3200
000000000010000283,3000,17.000,12406474.20,V,729792.60,0.00,1.000,3200
000000000030000065,1000,0.000,0.00,V,161220.51,0.00,1.000,3200
000000000010000284,2000,0.000,0.00,V,46220.01,0.00,1.000,3200
000000000010000284,4000,0.000,0.00,V,46220.01,0.00,1.000,3200
000000000010000285,1000,105.000,289424.10,V,2756.42,0.00,1.000,3200
000000000080000067,2000,0.000,0.00,V,45117.73,0.00,1.000,3200
000000000080000067,3000,7.000,315824.11,V,45117.73,0.00,1.000,3200
000000000010000286,4000,7.000,467106.57,V,66729.51,0.00,1.000,3200
000000000080000068,3000,15.000,3276475.50,V,218431.70,0.00,1.000,3200
000000000080000069,2000,17.000,7051353.84,V,414785.52,0.00,1.000,3200
000000000080000069,4000,9.000,3733069.68,V,414785.52,0.00,1.000,3200
000000000090000015,1000,20.000,3285473.00,V,164273.65,0.00,1.000,3200
000000000010000287,2000,3.000,1207551.33,V,402517.11,0.00,1.000,3200
000000000080000070,4000,14.000,5547332.70,V,396238.05,0.00,1.000,3200
000000000080000070,2000,18.000,7132284.90,V,396238.05,0.00,1.000,3200
000000000010000288,3000,5.000,702738.50,V,140547.70,0.00,1.000,3200
000000000010000288,1000,8.000,1124381.60,V,140547.70,0.00,1.000,3200
000000000010000289,4000,131.000,61518747.56,V,469608.76,0.00,1.000,3200
000000000010000290,2000,303.000,67443664.05,V,222586.35,0.00,1.000,3200
000000000010000291,2000,1.000,18397.61,V,18397.61,0.00,1.000,3200
000000000010000292,2000,13.000,940928.95,V,72379.15,0.00,1.000,3200
000000000080000071,1000,1.000,298763.48,V,298763.48,0.00,1.000,3200
000000000080000072,1000,5.000,614318.75,V,122863.75,0.00,1.000,3200
000000000010000293,4000,9.000,856149.30,V,95127.70,0.00,1.000,3200
000000000010000293,3000,4.000,380510.80,V,95127.70,0.00,1.000,3200
000000000080000073,3000,46.000,1931006.40,V,41978.40,0.00,1.000,3200
000000000010000294,2000,0.000,0.00,V,112426.37,0.00,1.000,3200
000000000010000294,3000,0.000,0.00,V,112426.37,0.00,1.000,3200
000000000010000295,1000,30.000,6643230.30,V,221441.01,0.00,1.000,3200
000000000010000296,4000,26.000,1654001.44,V,63615.44,0.00,1.000,3200
000000000010000296,3000,8.000,508923.52,V,63615.44,0.00,1.000,3200
000000000030000066,4000,0.000,0.00,V,105860.79,0.00,1.000,3200
000000000010000297,2000,0.000,0.00,V,175886.89,0.00,1.000,3200
000000000010000297,1000,15.000,2638303.35,V,175886.89,0.00,1.000,3200
000000000010000298,2000,19.000,632215.69,V,33274.51,0.00,1.000,3200
000000000010000299,2000,0.000,0.00,V,108189.80,0.00,1.000,3200
000000000010000300,1000,79.000,1465815.77,V,18554.63,0.00,1.000,3200
000000000010000301,1000,10.000,207085.90,V,20708.59,0.00,1.000,3200
000000000010000302,3000,4.000,3116072.00,V,779018.00,0.00,1.000,3200
000000000010000302,1000,3.000,2337054.00,V,779018.00,0.00,1.000,3200
000000000080000074,2000,11.000,230408.86,V,20946.26,0.00,1.000,3200
000000000010000303,3000,2.000,120145.02,V,60072.51,0.00,1.000,3200
000000000010000303,2000,13.000,780942.63,V,60072.51,0.00,1.000,3200
000000000080000075,2000,6.000,263698.32,V,43949.72,0.00,1.000,3200
000000000010000304,2000,41.000,297131.10,V,7247.10,0.00,1.000,3200
000000000090000016,2000,21.000,928992.12,V,44237.72,0.00,1.000,3200
000000000090000017,4000,20.000,2020534.40,V,101026.72,0.00,1.000,3200
000000000010000305,1000,0.000,0.00,V,38573.94,0.00,1.000,3200
000000000010000306,2000,17.000,5102535.38,V,300149.14,0.00,1.000,3200
000000000010000307,2000,0.000,0.00,V,105663.74,0.00,1.000,3200
000000000080000076,4000,5.000,321689.95,V,64337.99,0.00,1.000,3200
000000000030000067,1000,0.000,0.00,V,176288.29,0.00,1.000,3200
000000000010000308,1000,4.000,184113.44,V,46028.36,0.00,1.000,3200
000000000030000068,2000,0.000,0.00,V,120051.45,0.00,1.000,3200
000000000030000068,1000,1.000,120051.45,V,120051.45,0.00,1.000,3200
000000000010000309,4000,4.000,453681.56,V,113420.39,0.00,1.000,3200
000000000080000077,2000,6.000,1589407.56,V,264901.26,0.00,1.000,3200
000000000010000310,1000,0.000,0.00,V,97029.24,0.00,1.000,3200
000000000080000078,2000,3.000,880670.10,V,293556.70,0.00,1.000,3200
000000000010000311,3000,0.000,0.00,V,19037.44,0.00,1.000,3200
000000000010000311,1000,4.000,76149.76,V,19037.44,0.00,1.000,3200
000000000030000069,2000,5.000,226965.90,V,45393.18,0.00,1.000,3200
000000000030000070,3000,1.000,69193.51,V,69193.51,0.00,1.000,3200
000000000010000312,4000,54.000,355735.26,V,6587.69,0.00,1.000,3200
000000000010000313,4000,0.000,0.00,V,145525.18,0.00,1.000,3200
000000000010000314,2000,0.000,0.00,V,122862.88,0.00,1.000,3200
000000000080000079,2000,28.000,6053574.52,V,216199.09,0.00,1.000,3200
000000000010000315,3000,6.000,744178.08,V,124029.68,0.00,1.000,3200
000000000010000316,1000,1.000,87480.47,V,87480.47,0.00,1.000,3200
000000000010000316,2000,5.000,437402.35,V,87480.47,0.00,1.000,3200
000000000010000317,1000,0.000,0.00,V,139427.42,0.00,1.000,3200
000000000010000317,4000,0.000,0.00,V,139427.42,0.00,1.000,3200
000000000010000318,1000,79.000,1138588.29,V,14412.51,0.00,1.000,3200
000000000010000319,2000,2.000,113728.56,V,56864.28,0.00,1.000,3200
000000000010000320,4000,4.000,346805.76,V,86701.44,0.00,1.000,3200
000000000080000080,4000,5.000,2014296.90,V,402859.38,0.00,1.000,3200
000000000010000321,3000,0.000,0.00,V,158571.92,0.00,1.000,3200
000000000010000321,1000,0.000,0.00,V,158571.92,0.00,1.000,3200
000000000010000322,3000,14.000,767844.56,V,54846.04,0.00,1.000,3200
000000000010000323,1000,0.000,0.00,V,56783.15,0.00,1.000,3200
000000000010000324,2000,0.000,0.00,V,96981.20,0.00,1.000,3200
000000000080000081,1000,5.000,707208.20,V,141441.64,0.00,1.000,3200
000000000030000071,3000,3.000,494905.29,V,164968.43,0.00,1.000,3200
000000000010000325,1000,148.000,3376269.24,V,22812.63,0.00,1.000,3200
000000000010000326,3000,0.000,0.00,V,101954.02,0.00,1.000,3200
000000000030000072,3000,0.000,0.00,V,112034.91,0.00,1.000,3200
000000000010000327,2000,47.000,294721.49,V,6270.67,0.00,1.000,3200
000000000010000327,1000,25.000,156766.75,V,6270.67,0.00,1.000,3200
000000000030000073,3000,2.000,49918.12,V,24959.06,0.00,1.000,3200
000000000010000328,3000,14.000,2437246.56,V,174089.04,0.00,1.000,3200
000000000010000329,1000,80.000,63318737.60,V,791484.22,0.00,1.000,3200
000000000010000330,2000,3.000,430009.32,V,143336.44,0.00,1.000,3200
000000000010000330,4000,4.000,573345.76,V,143336.44,0.00,1.000,3200
000000000010000331,1000,0.000,0.00,V,1262.14,0.00,1.000,3200
000000000010000331,3000,37.000,46699.18,V,1262.14,0.00,1.000,3200
000000000010000332,2000,22.000,14293313.10,V,649696.05,0.00,1.000,3200
000000000030000074,3000,0.000,0.00,V,170426.32,0.00,1.000,3200
000000000010000333,4000,9.000,376343.10,V,41815.90,0.00,1.000,3200
000000000080000082,1000,33.000,1398885.18,V,42390.46,0.00,1.000,3200
000000000030000075,3000,3.000,429033.60,V,143011.20,0.00,1.000,3200
000000000010000334,4000,51.000,770237.70,V,15102.70,0.00,1.000,3200
000000000010000335,2000,218.000,60433192.64,V,277216.48,0.00,1.000,3200
000000000010000336,4000,9.000,3309033.78,V,367670.42,0.00,1.000,3200
000000000010000337,1000,13.000,3774627.09,V,290355.93,0.00,1.000,3200
000000000010000338,4000,0.000,0.00,V,123270.85,0.00,1.000,3200
000000000010000339,3000,0.000,0.00,V,2675.15,0.00,1.000,3200
000000000030000076,4000,3.000,384418.08,V,128139.36,0.00,1.000,3200
000000000010000340,2000,51.000,220183.32,V,4317.32,0.00,1.000,3200
000000000090000018,3000,11.000,1012973.94,V,92088.54,0.00,1.000,3200
000000000090000018,1000,39.000,3591453.06,V,92088.54,0.00,1.000,3200
000000000010000341,2000,34.000,513730.82,V,15109.73,0.00,1.000,3200
000000000030000077,1000,4.000,1748645.16,V,437161.29,0.00,1.000,3200
000000000010000342,3000,0.000,0.00,V,43842.33,0.00,1.000,3200
000000000010000343,3000,2.000,231569.08,V,115784.54,0.00,1.000,3200
000000000090000019,4000,8.000,1434400.40,V,179300.05,0.00,1.000,3200
000000000010000344,2000,1.000,35548.40,V,35548.40,0.00,1.000,3200
000000000010000344,4000,1.000,35548.40,V,35548.40,0.00,1.000,3200
000000000010000345,3000,2.000,108686.14,V,54343.07,0.00,1.000,3200
000000000030000078,3000,0.000,0.00,V,116331.73,0.00,1.000,3200
000000000030000078,4000,3.000,348995.19,V,116331.73,0.00,1.000,3200
000000000080000083,1000,4.000,1026193.16,V,256548.29,0.00,1.000,3200
000000000080000083,3000,7.000,1795838.03,V,256548.29,0.00,1.000,3200
000000000010000346,1000,84.000,50316598.92,V,599007.13,0.00,1.000,3200
000000000010000347,3000,8.000,2255392.56,V,281924.07,0.00,1.000,3200
000000000010000348,1000,0.000,0.00,V,66325.86,0.00,1.000,3200
000000000030000079,3000,0.000,0.00,V,111670.68,0.00,1.000,3200
000000000010000349,1000,11.000,1688542.35,V,153503.85,0.00,1.000,3200
000000000010000350,2000,0.000,0.00,V,51057.83,0.00,1.000,3200
000000000030000080,3000,0.000,0.00,V,109101.69,0.00,1.000,3200
000000000010000351,1000,14.000,306545.96,V,21896.14,0.00,1.000,3200
000000000010000351,4000,321.000,7028660.94,V,21896.14,0.00,1.000,3200
000000000090000020,2000,21.000,1490412.21,V,70972.01,0.00,1.000,3200
000000000090000020,3000,5.000,354860.05,V,70972.01,0.00,1.000,3200
000000000010000352,3000,4.000,2671637.08,V,667909.27,0.00,1.000,3200
000000000010000353,4000,6.000,50423.64,V,8403.94,0.00,1.000,3200
000000000010000354,4000,4.000,417207.32,V,104301.83,0.00,1.000,3200
000000000010000354,1000,4.000,417207.32,V,104301.83,0.00,1.000,3200
000000000010000355,3000,23.000,3026513.65,V,131587.55,0.00,1.000,3200
000000000010000356,1000,3.000,297346.05,V,99115.35,0.00,1.000,3200
000000000010000356,4000,9.000,892038.15,V,99115.35,0.00,1.000,3200
000000000010000357,3000,1.000,694785.24,V,694785.24,0.00,1.000,3200
000000000010000357,4000,10.000,6947852.40,V,694785.24,0.00,1.000,3200
000000000010000358,4000,33.000,336204.66,V,10188.02,0.00,1.000,3200
000000000080000084,3000,17.000,5844865.54,V,343815.62,0.00,1.000,3200
000000000010000359,3000,3.000,65280.30,V,21760.10,0.00,1.000,3200
000000000010000359,4000,16.000,348161.60,V,21760.10,0.00,1.000,3200
000000000010000360,4000,17.000,672660.08,V,39568.24,0.00,1.000,3200
000000000010000361,4000,8.000,4309208.56,V,538651.07,0.00,1.000,3200
000000000010000362,4000,117.000,1538388.54,V,13148.62,0.00,1.000,3200
000000000010000363,3000,167.000,1169788.24,V,7004.72,0.00,1.000,3200
000000000010000363,1000,69.000,483325.68,V,7004.72,0.00,1.000,3200
000000000010000364,3000,15.000,636792.90,V,42452.86,0.00,1.000,3200
000000000010000364,1000,7.000,297170.02,V,42452.86,0.00,1.000,3200
000000000010000365,1000,4.000,80029.36,V,20007.34,0.00,1.000,3200
000000000010000365,2000,51.000,1020374.34,V,20007.34,0.00,1.000,3200
000000000010000366,4000,8.000,304033.28,V,38004.16,0.00,1.000,3200
000000000080000085,4000,6.000,856755.42,V,142792.57,0.00,1.000,3200
000000000010000367,4000,151.000,26281500.17,V,174049.67,0.00,1.000,3200
000000000030000081,1000,2.000,182466.92,V,91233.46,0.00,1.000,3200
000000000010000368,1000,0.000,0.00,V,20380.58,0.00,1.000,3200
000000000010000369,4000,96.000,890056.32,V,9271.42,0.00,1.000,3200
000000000010000370,3000,5.000,2107455.05,V,421491.01,0.00,1.000,3200
000000000010000370,4000,8.000,3371928.08,V,421491.01,0.00,1.000,3200
000000000030000082,4000,0.000,0.00,V,18587.13,0.00,1.000,3200
000000000080000086,1000,8.000,668979.36,V,83622.42,0.00,1.000,3200
000000000010000371,1000,0.000,0.00,V,150453.48,0.00,1.000,3200
000000000080000087,3000,1.000,294939.67,V,294939.67,0.00,1.000,3200
000000000010000372,4000,142.000,106291295.50,V,748530.25,0.00,1.000,3200
000000000010000372,1000,23.000,17216195.75,V,748530.25,0.00,1.000,3200
000000000010000373,4000,0.000,0.00,V,73380.04,0.00,1.000,3200
000000000080000088,1000,0.000,0.00,V,60635.31,0.00,1.000,3200
000000000010000374,3000,0.000,0.00,V,65917.09,0.00,1.000,3200
000000000010000374,4000,0.000,0.00,V,65917.09,0.00,1.000,3200
000000000010000375,4000,6.000,678750.24,V,113125.04,0.00,1.000,3200
000000000030000083,3000,4.000,191128.04,V,47782.01,0.00,1.000,3200
000000000010000376,3000,4.000,662025.60,V,165506.40,0.00,1.000,3200
000000000010000376,1000,13.000,2151583.20,V,165506.40,0.00,1.000,3200
000000000010000377,2000,99.000,1205609.13,V,12177.87,0.00,1.000,3200
000000000010000378,2000,102.000,54479782.02,V,534115.51,0.00,1.000,3200
000000000010000379,3000,0.000,0.00,V,37182.68,0.00,1.000,3200
000000000010000380,1000,45.000,4221739.35,V,93816.43,0.00,1.000,3200
000000000010000381,4000,8.000,4760318.56,V,595039.82,0.00,1.000,3200
000000000030000084,2000,1.000,138523.59,V,138523.59,0.00,1.000,3200
000000000010000382,2000,4.000,116573.36,V,29143.34,0.00,1.000,3200
000000000010000383,1000,0.000,0.00,V,134271.53,0.00,1.000,3200
000000000010000384,4000,6.000,2548984.02,V,424830.67,0.00,1.000,3200
000000000030000085,4000,0.000,0.00,V,80458.28,0.00,1.000,3200
000000000080000089,3000,4.000,1043518.08,V,260879.52,0.00,1.000,3200
000000000080000090,3000,2.000,259609.64,V,129804.82,0.00,1.000,3200
000000000080000090,1000,1.000,129804.82,V,129804.82,0.00,1.000,3200
000000000010000385,2000,117.000,19288274.85,V,164857.05,0.00,1.000,3200
000000000030000086,1000,0.000,0.00,V,2875.10,0.00,1.000,3200
000000000030000087,1000,1.000,154330.63,V,154330.63,0.00,1.000,3200
000000000010000386,2000,26.000,250931.20,V,9651.20,0.00,1.000,3200
000000000010000387,1000,0.000,0.00,V,169378.71,0.00,1.000,3200
000000000010000387,2000,0.000,0.00,V,169378.71,0.00,1.000,3200
000000000090000021,1000,22.000,2636191.14,V,119826.87,0.00,1.000,3200
000000000080000091,3000,4.000,1011104.60,V,252776.15,0.00,1.000,3200
000000000010000388,1000,0.000,0.00,V,124583.95,0.00,1.000,3200
000000000010000389,1000,0.000,0.00,V,40953.55,0.00,1.000,3200
000000000010000390,1000,0.000,0.00,V,116391.89,0.00,1.000,3200
000000000010000390,2000,0.000,0.00,V,116391.89,0.00,1.000,3200
000000000080000092,3000,5.000,206612.85,V,41322.57,0.00,1.000,3200
000000000080000092,1000,13.000,537193.41,V,41322.57,0.00,1.000,3200
000000000030000088,1000,8.000,957442.16,V,119680.27,0.00,1.000,3200
000000000010000391,4000,13.000,912579.59,V,70198.43,0.00,1.000,3200
000000000010000392,2000,12.000,2267522.04,V,188960.17,0.00,1.000,3200
000000000010000393,3000,80.000,1453071.20,V,18163.39,0.00,1.000,3200
000000000010000393,2000,15.000,272450.85,V,18163.39,0.00,1.000,3200
000000000010000394,2000,10.000,1232352.80,V,123235.28,0.00,1.000,3200
000000000010000394,4000,13.000,1602058.64,V,123235.28,0.00,1.000,3200
000000000010000395,1000,2.000,290309.88,V,145154.94,0.00,1.000,3200
000000000010000395,4000,3.000,435464.82,V,145154.94,0.00,1.000,3200
000000000030000089,2000,2.000,132125.86,V,66062.93,0.00,1.000,3200
000000000010000396,3000,13.000,1828622.12,V,140663.24,0.00,1.000,3200
000000000090000022,1000,14.000,626226.58,V,44730.47,0.00,1.000,3200
000000000090000022,2000,28.000,1252453.16,V,44730.47,0.00,1.000,3200
000000000030000090,2000,6.000,3912595.56,V,652099.26,0.00,1.000,3200
000000000010000397,1000,41.000,122907.75,V,2997.75,0.00,1.000,3200
000000000010000398,2000,0.000,0.00,V,79788.02,0.00,1.000,3200
000000000010000399,2000,61.000,102620.30,V,1682.30,0.00,1.000,3200
000000000010000400,4000,0.000,0.00,V,144429.45,0.00,1.000,3200
000000000010000401,4000,25.000,296359.50,V,11854.38,0.00,1.000,3200
000000000080000093,3000,5.000,1574210.00,V,314842.00,0.00,1.000,3200
000000000010000402,3000,0.000,0.00,V,25750.52,0.00,1.000,3200
000000000010000402,4000,0.000,0.00,V,25750.52,0.00,1.000,3200
000000000010000403,3000,59.000,972535.94,V,16483.66,0.00,1.000,3200
000000000010000404,3000,149.000,68494508.81,V,459694.69,0.00,1.000,3200
000000000080000094,1000,0.000,0.00,V,408828.28,0.00,1.000,3200
000000000010000405,1000,0.000,0.00,V,4104.31,0.00,1.000,3200
000000000030000091,1000,0.000,0.00,V,90092.48,0.00,1.000,3200
000000000010000406,3000,0.000,0.00,V,90452.80,0.00,1.000,3200
000000000010000406,1000,7.000,633169.60,V,90452.80,0.00,1.000,3200
000000000030000092,3000,4.000,2968986.60,V,742246.65,0.00,1.000,3200
000000000010000407,4000,0.000,0.00,V,52821.99,0.00,1.000,3200
000000000030000093,1000,0.000,0.00,V,122779.78,0.00,1.000,3200
000000000080000095,2000,31.000,3839673.64,V,123860.44,0.00,1.000,3200
000000000010000408,2000,110.000,2095208.50,V,19047.35,0.00,1.000,3200
000000000080000096,3000,5.000,2130459.40,V,426091.88,0.00,1.000,3200
000000000080000096,4000,8.000,3408735.04,V,426091.88,0.00,1.000,3200
000000000010000409,2000,3.000,134316.12,V,44772.04,0.00,1.000,3200
000000000080000097,2000,0.000,0.00,V,252375.02,0.00,1.000,3200
000000000080000097,4000,7.000,1766625.14,V,252375.02,0.00,1.000,3200
000000000010000410,3000,102.000,509770.50,V,4997.75,0.00,1.000,3200
000000000010000410,4000,121.000,604727.75,V,4997.75,0.00,1.000,3200
000000000010000411,4000,2.000,144999.46,V,72499.73,0.00,1.000,3200
000000000030000094,2000,5.000,704894.20,V,140978.84,0.00,1.000,3200
000000000080000098,1000,3.000,915381.75,V,305127.25,0.00,1.000,3200
000000000080000098,3000,7.000,2135890.75,V,305127.25,0.00,1.000,3200
000000000010000412,3000,13.000,614916.12,V,47301.24,0.00,1.000,3200
000000000010000412,1000,19.000,898723.56,V,47301.24,0.00,1.000,3200
000000000010000413,1000,11.000,1466105.08,V,133282.28,0.00,1.000,3200
000000000030000095,2000,6.000,1029732.54,V,171622.09,0.00,1.000,3200
000000000030000095,1000,0.000,0.00,V,171622.09,0.00,1.000,3200
000000000010000414,3000,3.000,152264.79,V,50754.93,0.00,1.000,3200
000000000010000414,1000,4.000,203019.72,V,50754.93,0.00,1.000,3200
000000000010000415,1000,0.000,0.00,V,19785.51,0.00,1.000,3200
000000000010000416,4000,0.000,0.00,V,10558.28,0.00,1.000,3200
000000000010000417,3000,80.000,1418180.00,V,17727.25,0.00,1.000,3200
000000000010000417,4000,26.000,460908.50,V,17727.25,0.00,1.000,3200
000000000080000099,3000,4.000,1081775.84,V,270443.96,0.00,1.000,3200
000000000010000418,4000,1.000,472804.70,V,472804.70,0.00,1.000,3200
000000000010000419,2000,5.000,83388.30,V,16677.66,0.00,1.000,3200
000000000010000420,1000,0.000,0.00,V,510035.44,0.00,1.000,3200
000000000010000420,4000,0.000,0.00,V,510035.44,0.00,1.000,3200
000000000010000421,4000,12.000,324854.76,V,27071.23,0.00,1.000,3200
000000000010000421,2000,16.000,433139.68,V,27071.23,0.00,1.000,3200
000000000010000422,1000,3.000,212682.45,V,70894.15,0.00,1.000,3200
000000000010000423,4000,1.000,125123.51,V,125123.51,0.00,1.000,3200
000000000080000100,4000,0.000,0.00,V,227146.01,0.00,1.000,3200
000000000080000100,1000,16.000,3634336.16,V,227146.01,0.00,1.000,3200
000000000010000424,2000,0.000,0.00,V,118571.24,0.00,1.000,3200
000000000010000425,1000,0.000,0.00,V,126630.08,0.00,1.000,3200
000000000010000426,1000,6.000,4099084.26,V,683180.71,0.00,1.000,3200
000000000010000427,4000,62.000,260474.40,V,4201.20,0.00,1.000,3200
000000000010000428,3000,2.000,129301.90,V,64650.95,0.00,1.000,3200
000000000010000429,2000,0.000,0.00,V,96306.57,0.00,1.000,3200
000000000010000429,1000,0.000,0.00,V,96306.57,0.00,1.000,3200
000000000030000096,2000,0.000,0.00,V,144983.14,0.00,1.000,3200
000000000030000097,3000,3.000,398528.04,V,132842.68,0.00,1.000,3200
000000000010000430,2000,5.000,480940.95,V,96188.19,0.00,1.000,3200
000000000010000431,2000,0.000,0.00,V,130716.87,0.00,1.000,3200
000000000010000432,2000,56.000,1193120.32,V,21305.72,0.00,1.000,3200
000000000010000433,2000,8.000,827335.44,V,103416.93,0.00,1.000,3200
000000000010000434,1000,2.000,1463521.34,V,731760.67,0.00,1.000,3200
000000000010000434,2000,6.000,4390564.02,V,731760.67,0.00,1.000,3200
000000000010000435,1000,0.000,0.00,V,4200.69,0.00,1.000,3200
000000000010000436,4000,6.000,249722.82,V,41620.47,0.00,1.000,3200
000000000010000437,1000,0.000,0.00,V,131735.60,0.00,1.000,3200
000000000010000438,4000,57.000,42744.30,V,749.90,0.00,1.000,3200
000000000010000439,3000,4.000,66038.28,V,16509.57,0.00,1.000,3200
000000000080000101,4000,38.000,11948056.14,V,314422.53,0.00,1.000,3200
000000000010000440,3000,72.000,21675665.52,V,301050.91,0.00,1.000,3200
000000000010000441,4000,0.000,0.00,V,119617.58,0.00,1.000,3200
000000000030000098,1000,0.000,0.00,V,126564.24,0.00,1.000,3200
000000000080000102,4000,2.000,857649.30,V,428824.65,0.00,1.000,3200
000000000030000099,3000,6.000,354119.52,V,59019.92,0.00,1.000,3200
000000000030000099,2000,2.000,118039.84,V,59019.92,0.00,1.000,3200
000000000030000100,1000,0.000,0.00,V,142669.46,0.00,1.000,3200
000000000080000103,1000,6.000,616882.74,V,102813.79,0.00,1.000,3200
000000000010000442,3000,9.000,406596.78,V,45177.42,0.00,1.000,3200
000000000090000023,3000,22.000,3633485.90,V,165158.45,0.00,1.000,3200
000000000030000101,2000,2.000,187953.90,V,93976.95,0.00,1.000,3200
000000000080000104,4000,6.000,1869095.28,V,311515.88,0.00,1.000,3200
000000000080000104,3000,5.000,1557579.40,V,311515.88,0.00,1.000,3200
000000000010000443,3000,11.000,1784073.17,V,162188.47,0.00,1.000,3200
000000000030000102,1000,4.000,406036.48,V,101509.12,0.00,1.000,3200
000000000080000105,3000,8.000,2335684.80,V,291960.60,0.00,1.000,3200
000000000080000105,4000,3.000,875881.80,V,291960.60,0.00,1.000,3200
000000000010000444,3000,0.000,0.00,V,63665.27,0.00,1.000,3200
000000000030000103,1000,0.000,0.00,V,658769.19,0.00,1.000,3200
000000000010000445,3000,0.000,0.00,V,10565.71,0.00,1.000,3200
000000000010000446,1000,8.000,3614465.92,V,451808.24,0.00,1.000,3200
000000000010000447,2000,0.000,0.00,V,161038.44,0.00,1.000,3200
000000000010000448,2000,7.000,35618.66,V,5088.38,0.00,1.000,3200
000000000010000448,1000,21.000,106855.98,V,5088.38,0.00,1.000,3200
000000000010000449,2000,2.000,97228.74,V,48614.37,0.00,1.000,3200
000000000010000450,3000,4.000,1339352.12,V,334838.03,0.00,1.000,3200
000000000010000451,4000,0.000,0.00,V,140420.75,0.00,1.000,3200
000000000010000451,2000,0.000,0.00,V,140420.75,0.00,1.000,3200
000000000080000106,3000,15.000,829359.45,V,55290.63,0.00,1.000,3200
000000000010000452,3000,0.000,0.00,V,179229.28,0.00,1.000,3200
000000000010000453,3000,0.000,0.00,V,148776.85,0.00,1.000,3200
000000000010000453,2000,0.000,0.00,V,148776.85,0.00,1.000,3200
000000000030000104,3000,0.000,0.00,V,94854.95,0.00,1.000,3200
000000000030000104,4000,0.000,0.00,V,94854.95,0.00,1.000,3200
000000000010000454,4000,5.000,521003.00,V,104200.60,0.00,1.000,3200
000000000010000454,1000,3.000,312601.80,V,104200.60,0.00,1.000,3200
000000000010000455,4000,10.000,1743854.30,V,174385.43,0.00,1.000,3200
000000000030000105,2000,0.000,0.00,V,65775.22,0.00,1.000,3200
000000000010000456,2000,7.000,1894669.00,V,270667.00,0.00,1.000,3200
000000000010000457,2000,2.000,258100.28,V,129050.14,0.00,1.000,3200
000000000010000457,3000,3.000,387150.42,V,129050.14,0.00,1.000,3200
000000000010000458,1000,1.000,780246.44,V,780246.44,0.00,1.000,3200
000000000010000458,3000,3.000,2340739.32,V,780246.44,0.00,1.000,3200
000000000090000024,1000,27.000,1216500.12,V,45055.56,0.00,1.000,3200
000000000010000459,4000,131.000,55706846.10,V,425243.10,0.00,1.000,3200
000000000010000460,1000,86.000,736236.54,V,8560.89,0.00,1.000,3200
000000000010000460,3000,25.000,214022.25,V,8560.89,0.00,1.000,3200
000000000010000461,3000,2.000,95126.80,V,47563.40,0.00,1.000,3200
000000000010000462,3000,125.000,2089657.50,V,16717.26,0.00,1.000,3200
000000000010000463,1000,13.000,550487.34,V,42345.18,0.00,1.000,3200
000000000010000463,4000,6.000,254071.08,V,42345.18,0.00,1.000,3200
000000000010000464,4000,0.000,0.00,V,177452.72,0.00,1.000,3200
000000000010000465,4000,7.000,54524.54,V,7789.22,0.00,1.000,3200
000000000010000465,3000,10.000,77892.20,V,7789.22,0.00,1.000,3200
000000000010000466,1000,7.000,1211137.62,V,173019.66,0.00,1.000,3200
000000000010000466,4000,7.000,1211137.62,V,173019.66,0.00,1.000,3200
000000000010000467,2000,0.000,0.00,V,79624.27,0.00,1.000,3200
000000000010000467,4000,0.000,0.00,V,79624.27,0.00,1.000,3200
000000000080000107,4000,17.000,1391766.03,V,81868.59,0.00,1.000,3200
000000000080000107,3000,1.000,81868.59,V,81868.59,0.00,1.000,3200
000000000010000468,1000,0.000,0.00,V,141657.69,0.00,1.000,3200
000000000010000468,4000,0.000,0.00,V,141657.69,0.00,1.000,3200
000000000010000469,3000,34.000,123196.28,V,3623.42,0.00,1.000,3200
000000000010000470,3000,5.000,416770.70,V,83354.14,0.00,1.000,3200
000000000010000470,2000,16.000,1333666.24,V,83354.14,0.00,1.000,3200
000000000010000471,4000,1.000,21405.40,V,21405.40,0.00,1.000,3200
000000000010000471,2000,1.000,21405.40,V,21405.40,0.00,1.000,3200
000000000080000108,3000,12.000,3692576.16,V,307714.68,0.00,1.000,3200
000000000080000108,4000,6.000,1846288.08,V,307714.68,0.00,1.000,3200
000000000010000472,1000,19.000,2946744.01,V,155091.79,0.00,1.000,3200
000000000080000109,2000,6.000,1356699.48,V,226116.58,0.00,1.000,3200
000000000080000109,4000,8.000,1808932.64,V,226116.58,0.00,1.000,3200
000000000010000473,4000,0.000,0.00,V,55432.50,0.00,1.000,3200
000000000080000110,2000,7.000,160503.35,V,22929.05,0.00,1.000,3200
000000000080000110,1000,0.000,0.00,V,22929.05,0.00,1.000,3200
000000000030000106,1000,4.000,614851.84,V,153712.96,0.00,1.000,3200
000000000080000111,4000,5.000,1538525.55,V,307705.11,0.00,1.000,3200
000000000010000474,4000,0.000,0.00,V,79468.95,0.00,1.000,3200
000000000010000475,1000,0.000,0.00,V,18642.52,0.00,1.000,3200
000000000010000476,2000,34.000,9810012.52,V,288529.78,0.00,1.000,3200
000000000030000107,3000,3.000,34448.94,V,11482.98,0.00,1.000,3200
000000000010000477,1000,68.000,639044.28,V,9397.71,0.00,1.000,3200
000000000010000478,1000,0.000,0.00,V,38675.15,0.00,1.000,3200
000000000010000478,2000,0.000,0.00,V,38675.15,0.00,1.000,3200
000000000010000479,4000,6.000,876991.68,V,146165.28,0.00,1.000,3200
000000000010000479,1000,7.000,1023156.96,V,146165.28,0.00,1.000,3200
000000000010000480,1000,1.000,52459.05,V,52459.05,0.00,1.000,3200
000000000010000480,4000,3.000,157377.15,V,52459.05,0.00,1.000,3200
000000000010000481,3000,5.000,757852.80,V,151570.56,0.00,1.000,3200
000000000010000482,3000,0.000,0.00,V,76474.20,0.00,1.000,3200
000000000010000482,1000,0.000,0.00,V,76474.20,0.00,1.000,3200
000000000030000108,4000,1.000,74982.43,V,74982.43,0.00,1.000,3200
000000000030000108,1000,1.000,74982.43,V,74982.43,0.00,1.000,3200
000000000010000483,3000,0.000,0.00,V,281811.90,0.00,1.000,3200
000000000010000484,3000,4.000,408520.12,V,102130.03,0.00,1.000,3200
000000000010000484,2000,15.000,1531950.45,V,102130.03,0.00,1.000,3200
000000000010000485,2000,0.000,0.00,V,156146.28,0.00,1.000,3200
000000000010000486,2000,47.000,1003491.83,V,21350.89,0.00,1.000,3200
000000000010000487,4000,0.000,0.00,V,141725.11,0.00,1.000,3200
000000000030000109,1000,4.000,288188.68,V,72047.17,0.00,1.000,3200
000000000030000109,3000,0.000,0.00,V,72047.17,0.00,1.000,3200
000000000010000488,3000,2.000,52718.58,V,26359.29,0.00,1.000,3200
000000000010000489,1000,22.000,2292992.02,V,104226.91,0.00,1.000,3200
000000000010000490,4000,0.000,0.00,V,92256.65,0.00,1.000,3200
000000000010000491,4000,91.000,1848480.27,V,20312.97,0.00,1.000,3200
000000000010000492,3000,4.000,3180392.24,V,795098.06,0.00,1.000,3200
000000000010000493,3000,2.000,162694.42,V,81347.21,0.00,1.000,3200
000000000010000494,3000,116.000,73544882.76,V,634007.61,0.00,1.000,3200
000000000010000494,2000,126.000,79884958.86,V,634007.61,0.00,1.000,3200
000000000080000112,2000,11.000,4919808.19,V,447255.29,0.00,1.000,3200
000000000010000495,2000,1.000,145448.82,V,145448.82,0.00,1.000,3200
000000000010000495,1000,5.000,727244.10,V,145448.82,0.00,1.000,3200
000000000030000110,4000,0.000,0.00,V,51898.40,0.00,1.000,3200
000000000030000110,3000,4.000,207593.60,V,51898.40,0.00,1.000,3200
000000000010000496,3000,14.000,62109.18,V,4436.37,0.00,1.000,3200
000000000010000496,1000,56.000,248436.72,V,4436.37,0.00,1.000,3200
000000000010000497,1000,150.000,797169.00,V,5314.46,0.00,1.000,3200
000000000010000498,1000,2.000,18421.26,V,9210.63,0.00,1.000,3200
000000000090000025,2000,5.000,792686.55,V,158537.31,0.00,1.000,3200
000000000010000499,4000,27.000,333471.33,V,12350.79,0.00,1.000,3200
000000000010000500,3000,18.000,1410537.78,V,78363.21,0.00,1.000,3200
000000000010000500,1000,5.000,391816.05,V,78363.21,0.00,1.000,3200
000000000010000501,1000,0.000,0.00,V,690790.71,0.00,1.000,3200
000000000030000111,1000,10.000,862440.10,V,86244.01,0.00,1.000,3200
000000000010000502,4000,5.000,776587.60,V,155317.52,0.00,1.000,3200
000000000010000503,2000,0.000,0.00,V,360540.76,0.00,1.000,3200
000000000010000503,4000,0.000,0.00,V,360540.76,0.00,1.000,3200
000000000010000504,2000,0.000,0.00,V,86005.24,0.00,1.000,3200
000000000010000504,1000,0.000,0.00,V,86005.24,0.00,1.000,3200
000000000010000505,4000,53.000,83126.26,V,1568.42,0.00,1.000,3200
000000000010000506,2000,9.000,1256919.12,V,139657.68,0.00,1.000,3200
000000000010000506,3000,5.000,698288.40,V,139657.68,0.00,1.000,3200
000000000010000507,4000,0.000,0.00,V,126067.45,0.00,1.000,3200
000000000010000507,1000,0.000,0.00,V,126067.45,0.00,1.000,3200
000000000010000508,1000,144.000,1393106.40,V,9674.35,0.00,1.000,3200
000000000010000508,2000,226.000,2186403.10,V,9674.35,0.00,1.000,3200
000000000010000509,4000,0.000,0.00,V,59252.25,0.00,1.000,3200
000000000010000510,2000,35.000,475681.50,V,13590.90,0.00,1.000,3200
000000000010000511,2000,1.000,131152.11,V,131152.11,0.00,1.000,3200
000000000090000026,4000,7.000,874670.58,V,124952.94,0.00,1.000,3200
000000000090000026,2000,31.000,3873541.14,V,124952.94,0.00,1.000,3200
000000000030000112,4000,3.000,10042.80,V,3347.60,0.00,1.000,3200
000000000010000512,3000,0.000,0.00,V,76249.76,0.00,1.000,3200
000000000010000512,1000,0.000,0.00,V,76249.76,0.00,1.000,3200
000000000030000113,3000,2.000,303391.18,V,151695.59,0.00,1.000,3200
000000000010000513,2000,1.000,157275.07,V,157275.07,0.00,1.000,3200
000000000010000514,1000,17.000,150287.82,V,8840.46,0.00,1.000,3200
000000000010000514,2000,227.000,2006784.42,V,8840.46,0.00,1.000,3200
000000000080000113,4000,5.000,254026.35,V,50805.27,0.00,1.000,3200
000000000010000515,4000,0.000,0.00,V,73898.25,0.00,1.000,3200
000000000010000515,3000,0.000,0.00,V,73898.25,0.00,1.000,3200
000000000010000516,2000,0.000,0.00,V,110529.92,0.00,1.000,3200
000000000010000516,1000,48.000,5305436.16,V,110529.92,0.00,1.000,3200
000000000010000517,1000,40.000,908992.40,V,22724.81,0.00,1.000,3200
000000000080000114,1000,6.000,2247509.94,V,374584.99,0.00,1.000,3200
000000000080000114,3000,6.000,2247509.94,V,374584.99,0.00,1.000,3200
000000000010000518,4000,16.000,2522619.04,V,157663.69,0.00,1.000,3200
000000000010000518,2000,7.000,1103645.83,V,157663.69,0.00,1.000,3200
000000000030000114,2000,2.000,24861.52,V,12430.76,0.00,1.000,3200
000000000090000027,2000,35.000,704026.05,V,20115.03,0.00,1.000,3200
000000000010000519,3000,0.000,0.00,V,13375.78,0.00,1.000,3200
000000000010000520,3000,118.000,1903306.96,V,16129.72,0.00,1.000,3200
000000000010000521,2000,0.000,0.00,V,111762.89,0.00,1.000,3200
000000000010000521,4000,0.000,0.00,V,111762.89,0.00,1.000,3200
000000000010000522,2000,8.000,5471396.96,V,683924.62,0.00,1.000,3200
000000000010000523,3000,3.000,2306400.72,V,768800.24,0.00,1.000,3200
000000000010000524,1000,1.000,4062.93,V,4062.93,0.00,1.000,3200
000000000010000525,3000,4.000,2659916.04,V,664979.01,0.00,1.000,3200
000000000010000525,4000,5.000,3324895.05,V,664979.01,0.00,1.000,3200
000000000010000526,3000,0.000,0.00,V,169438.88,0.00,1.000,3200
000000000010000527,4000,72.000,1791077.76,V,24876.08,0.00,1.000,3200
000000000090000028,4000,7.000,138803.77,V,19829.11,0.00,1.000,3200
000000000090000028,3000,10.000,198291.10,V,19829.11,0.00,1.000,3200
000000000030000115,2000,5.000,192807.75,V,38561.55,0.00,1.000,3200
000000000010000528,1000,2.000,293337.32,V,146668.66,0.00,1.000,3200
000000000010000529,4000,0.000,0.00,V,46458.54,0.00,1.000,3200
000000000010000529,3000,0.000,0.00,V,46458.54,0.00,1.000,3200
000000000010000530,1000,4.000,498803.16,V,124700.79,0.00,1.000,3200
000000000010000531,3000,0.000,0.00,V,59104.47,0.00,1.000,3200
000000000010000531,4000,0.000,0.00,V,59104.47,0.00,1.000,3200
000000000010000532,4000,0.000,0.00,V,163734.65,0.00,1.000,3200
000000000010000533,2000,8.000,535694.64,V,66961.83,0.00,1.000,3200
000000000080000115,3000,3.000,444899.31,V,148299.77,0.00,1.000,3200
000000000010000534,1000,0.000,0.00,V,272983.32,0.00,1.000,3200
000000000010000535,2000,0.000,0.00,V,78371.53,0.00,1.000,3200
000000000010000535,4000,0.000,0.00,V,78371.53,0.00,1.000,3200
000000000030000116,4000,5.000,575061.05,V,115012.21,0.00,1.000,3200
000000000030000116,2000,0.000,0.00,V,115012.21,0.00,1.000,3200
000000000080000116,4000,6.000,189571.98,V,31595.33,0.00,1.000,3200
000000000030000117,1000,0.000,0.00,V,10098.75,0.00,1.000,3200
000000000080000117,3000,11.000,2227887.42,V,202535.22,0.00,1.000,3200
000000000010000536,2000,4.000,2434568.68,V,608642.17,0.00,1.000,3200
000000000010000537,1000,36.000,611767.44,V,16993.54,0.00,1.000,3200
000000000010000538,4000,23.000,11874022.78,V,516261.86,0.00,1.000,3200
000000000030000118,4000,0.000,0.00,V,4472.82,0.00,1.000,3200
000000000010000539,2000,1.000,174966.37,V,174966.37,0.00,1.000,3200
000000000030000119,1000,5.000,447146.25,V,89429.25,0.00,1.000,3200
000000000080000118,2000,12.000,2148347.40,V,179028.95,0.00,1.000,3200
000000000010000540,3000,17.000,4811831.81,V,283048.93,0.00,1.000,3200
000000000010000540,4000,0.000,0.00,V,283048.93,0.00,1.000,3200
000000000010000541,1000,0.000,0.00,V,91241.83,0.00,1.000,3200
000000000010000542,2000,0.000,0.00,V,165409.07,0.00,1.000,3200
000000000010000542,4000,0.000,0.00,V,165409.07,0.00,1.000,3200
000000000010000543,2000,175.000,230209.00,V,1315.48,0.00,1.000,3200
000000000030000120,2000,1.000,116149.89,V,116149.89,0.00,1.000,3200
000000000030000121,3000,4.000,506326.76,V,126581.69,0.00,1.000,3200
000000000080000119,4000,1.000,345218.60,V,345218.60,0.00,1.000,3200
000000000080000119,2000,15.000,5178279.00,V,345218.60,0.00,1.000,3200
000000000010000544,4000,8.000,103950.96,V,12993.87,0.00,1.000,3200
000000000010000544,1000,83.000,1078491.21,V,12993.87,0.00,1.000,3200
000000000010000545,1000,58.000,175963.88,V,3033.86,0.00,1.000,3200
000000000010000545,3000,12.000,36406.32,V,3033.86,0.00,1.000,3200
000000000010000546,3000,2.000,1474537.62,V,737268.81,0.00,1.000,3200
000000000010000547,1000,123.000,970904.19,V,7893.53,0.00,1.000,3200
000000000030000122,3000,2.000,12385.20,V,6192.60,0.00,1.000,3200
000000000080000120,4000,2.000,246293.92,V,123146.96,0.00,1.000,3200
000000000030000123,3000,3.000,1066014.84,V,355338.28,0.00,1.000,3200
000000000080000121,1000,7.000,1599651.34,V,228521.62,0.00,1.000,3200
000000000010000548,1000,7.000,126704.27,V,18100.61,0.00,1.000,3200
000000000030000124,4000,3.000,320573.88,V,106857.96,0.00,1.000,3200
000000000010000549,2000,20.000,467519.60,V,23375.98,0.00,1.000,3200
000000000010000550,1000,12.000,336763.80,V,28063.65,0.00,1.000,3200
000000000030000125,3000,0.000,0.00,V,14223.95,0.00,1.000,3200
000000000030000125,4000,0.000,0.00,V,14223.95,0.00,1.000,3200
000000000010000551,2000,0.000,0.00,V,51180.39,0.00,1.000,3200
000000000030000126,4000,4.000,231176.92,V,57794.23,0.00,1.000,3200
000000000010000552,4000,8.000,6240259.28,V,780032.41,0.00,1.000,3200
000000000010000553,2000,27.000,1349366.04,V,49976.52,0.00,1.000,3200
000000000030000127,2000,0.000,0.00,V,155965.18,0.00,1.000,3200
000000000010000554,3000,52.000,904831.20,V,17400.60,0.00,1.000,3200
000000000010000555,4000,21.000,1695046.29,V,80716.49,0.00,1.000,3200
000000000010000556,4000,2.000,1124691.26,V,562345.63,0.00,1.000,3200
000000000010000557,2000,14.000,2279924.78,V,162851.77,0.00,1.000,3200
000000000010000558,3000,1.000,505745.13,V,505745.13,0.00,1.000,3200
000000000010000559,4000,2.000,48177.72,V,24088.86,0.00,1.000,3200
000000000010000560,4000,2.000,259936.94,V,129968.47,0.00,1.000,3200
000000000010000560,3000,5.000,649842.35,V,129968.47,0.00,1.000,3200
000000000080000122,1000,11.000,4774260.59,V,434023.69,0.00,1.000,3200
000000000080000122,3000,4.000,1736094.76,V,434023.69,0.00,1.000,3200
000000000010000561,4000,0.000,0.00,V,487598.90,0.00,1.000,3200
000000000010000562,3000,0.000,0.00,V,77971.32,0.00,1.000,3200
000000000010000563,4000,0.000,0.00,V,68269.03,0.00,1.000,3200
000000000030000128,3000,1.000,92038.43,V,92038.43,0.00,1.000,3200
000000000030000128,1000,2.000,184076.86,V,92038.43,0.00,1.000,3200
000000000080000123,3000,3.000,1343930.04,V,447976.68,0.00,1.000,3200
000000000090000029,3000,33.000,1672890.45,V,50693.65,0.00,1.000,3200
000000000090000030,4000,26.000,2187885.70,V,84149.45,0.00,1.000,3200
000000000010000564,2000,11.000,850432.55,V,77312.05,0.00,1.000,3200
000000000010000565,1000,142.000,100544440.48,V,708059.44,0.00,1.000,3200
000000000010000565,3000,63.000,44607744.72,V,708059.44,0.00,1.000,3200
000000000010000566,1000,0.000,0.00,V,45398.33,0.00,1.000,3200
000000000030000129,3000,1.000,316978.69,V,316978.69,0.00,1.000,3200
000000000080000124,2000,5.000,264347.70,V,52869.54,0.00,1.000,3200
000000000010000567,2000,9.000,6633451.80,V,737050.20,0.00,1.000,3200
000000000030000130,2000,0.000,0.00,V,149414.03,0.00,1.000,3200
000000000030000130,4000,4.000,597656.12,V,149414.03,0.00,1.000,3200
000000000010000568,4000,0.000,0.00,V,39985.79,0.00,1.000,3200
000000000010000568,3000,0.000,0.00,V,39985.79,0.00,1.000,3200
000000000010000569,2000,0.000,0.00,V,60441.28,0.00,1.000,3200
000000000080000125,2000,4.000,927978.52,V,231994.63,0.00,1.000,3200
000000000030000131,2000,6.000,573740.58,V,95623.43,0.00,1.000,3200
000000000010000570,1000,17.000,365597.75,V,21505.75,0.00,1.000,3200
000000000010000571,3000,0.000,0.00,V,74212.01,0.00,1.000,3200
000000000010000571,1000,0.000,0.00,V,74212.01,0.00,1.000,3200
000000000010000572,4000,2.000,224021.84,V,112010.92,0.00,1.000,3200
000000000010000573,1000,0.000,0.00,V,2655.47,0.00,1.000,3200
000000000010000573,4000,0.000,0.00,V,2655.47,0.00,1.000,3200
000000000010000574,1000,1.000,73010.65,V,73010.65,0.00,1.000,3200
000000000010000574,3000,1.000,73010.65,V,73010.65,0.00,1.000,3200
000000000080000126,3000,10.000,1305352.10,V,130535.21,0.00,1.000,3200
000000000080000127,1000,3.000,879871.08,V,293290.36,0.00,1.000,3200
000000000030000132,4000,0.000,0.00,V,116318.75,0.00,1.000,3200
000000000010000575,3000,0.000,0.00,V,284732.59,0.00,1.000,3200
000000000030000133,3000,1.000,102159.98,V,102159.98,0.00,1.000,3200
000000000080000128,3000,11.000,3498804.21,V,318073.11,0.00,1.000,3200
000000000080000128,1000,13.000,4134950.43,V,318073.11,0.00,1.000,3200
000000000010000576,1000,2.000,38467.72,V,19233.86,0.00,1.000,3200
000000000080000129,2000,4.000,441143.80,V,110285.95,0.00,1.000,3200
000000000010000577,4000,0.000,0.00,V,139295.49,0.00,1.000,3200
000000000010000577,1000,0.000,0.00,V,139295.49,0.00,1.000,3200
000000000010000578,2000,0.000,0.00,V,156517.95,0.00,1.000,3200
000000000010000578,4000,0.000,0.00,V,156517.95,0.00,1.000,3200
000000000010000579,2000,3.000,317986.89,V,105995.63,0.00,1.000,3200
000000000010000580,3000,0.000,0.00,V,105204.01,0.00,1.000,3200
000000000010000581,1000,37.000,12741379.57,V,344361.61,0.00,1.000,3200
000000000010000581,4000,20.000,6887232.20,V,344361.61,0.00,1.000,3200
000000000010000582,3000,1.000,138224.31,V,138224.31,0.00,1.000,3200
000000000010000583,1000,67.000,1564408.46,V,23349.38,0.00,1.000,3200
000000000080000130,4000,1.000,306318.84,V,306318.84,0.00,1.000,3200
000000000010000584,2000,2.000,652058.98,V,326029.49,0.00,1.000,3200
000000000010000585,3000,1.000,122943.97,V,122943.97,0.00,1.000,3200
000000000010000585,2000,3.000,368831.91,V,122943.97,0.00,1.000,3200
000000000010000586,4000,0.000,0.00,V,119785.90,0.00,1.000,3200
000000000010000587,2000,7.000,238518.07,V,34074.01,0.00,1.000,3200
000000000010000588,2000,4.000,409649.72,V,102412.43,0.00,1.000,3200
000000000010000589,3000,38.000,28328975.30,V,745499.35,0.00,1.000,3200
000000000080000131,2000,8.000,3089486.40,V,386185.80,0.00,1.000,3200
000000000090000031,1000,29.000,5168529.93,V,178225.17,0.00,1.000,3200
000000000010000590,3000,0.000,0.00,V,41669.41,0.00,1.000,3200
000000000010000591,2000,29.000,2035217.68,V,70179.92,0.00,1.000,3200
000000000010000591,1000,218.000,15299222.56,V,70179.92,0.00,1.000,3200
000000000090000032,1000,38.000,1970122.54,V,51845.33,0.00,1.000,3200
000000000010000592,3000,33.000,2190353.88,V,66374.36,0.00,1.000,3200
000000000080000132,2000,11.000,1107630.26,V,100693.66,0.00,1.000,3200
000000000080000132,1000,3.000,302080.98,V,100693.66,0.00,1.000,3200
000000000010000593,3000,7.000,344278.55,V,49182.65,0.00,1.000,3200
000000000030000134,2000,7.000,772954.00,V,110422.00,0.00,1.000,3200
000000000030000135,4000,0.000,0.00,V,114571.83,0.00,1.000,3200
000000000010000594,4000,0.000,0.00,V,87641.83,0.00,1.000,3200
000000000010000595,1000,5.000,696935.10,V,139387.02,0.00,1.000,3200
000000000010000595,4000,9.000,1254483.18,V,139387.02,0.00,1.000,3200
000000000010000596,1000,10.000,237475.70,V,23747.57,0.00,1.000,3200
000000000010000597,3000,0.000,0.00,V,110734.49,0.00,1.000,3200
000000000080000133,4000,4.000,1592821.00,V,398205.25,0.00,1.000,3200
000000000010000598,1000,1.000,241887.99,V,241887.99,0.00,1.000,3200
000000000010000598,4000,11.000,2660767.89,V,241887.99,0.00,1.000,3200
000000000010000599,3000,3.000,351244.98,V,117081.66,0.00,1.000,3200
000000000080000134,2000,16.000,914546.40,V,57159.15,0.00,1.000,3200
000000000080000134,4000,18.000,1028864.70,V,57159.15,0.00,1.000,3200
000000000010000600,3000,0.000,0.00,V,72878.50,0.00,1.000,3200
000000000010000601,4000,67.000,6893179.76,V,102883.28,0.00,1.000,3200
000000000010000601,2000,133.000,13683476.24,V,102883.28,0.00,1.000,3200
000000000010000602,1000,0.000,0.00,V,132871.58,0.00,1.000,3200
000000000010000602,4000,3.000,398614.74,V,132871.58,0.00,1.000,3200
000000000010000603,2000,15.000,1343970.60,V,89598.04,0.00,1.000,3200
000000000010000604,2000,102.000,2179714.50,V,21369.75,0.00,1.000,3200
000000000080000135,1000,7.000,715874.67,V,102267.81,0.00,1.000,3200
000000000010000605,3000,28.000,443464.28,V,15838.01,0.00,1.000,3200
000000000010000606,3000,0.000,0.00,V,164233.32,0.00,1.000,3200
000000000010000606,4000,0.000,0.00,V,164233.32,0.00,1.000,3200
000000000030000136,3000,0.000,0.00,V,170754.00,0.00,1.000,3200
000000000080000136,1000,0.000,0.00,V,40398.96,0.00,1.000,3200
000000000080000137,3000,11.000,4585492.67,V,416862.97,0.00,1.000,3200
000000000010000607,3000,22.000,2126892.46,V,96676.93,0.00,1.000,3200
000000000010000607,4000,5.000,483384.65,V,96676.93,0.00,1.000,3200
000000000010000608,3000,0.000,0.00,V,14655.25,0.00,1.000,3200
000000000010000609,4000,9.000,1138899.06,V,126544.34,0.00,1.000,3200
000000000010000610,2000,0.000,0.00,V,125652.29,0.00,1.000,3200
000000000010000611,1000,2.000,295924.52,V,147962.26,0.00,1.000,3200
000000000010000611,2000,1.000,147962.26,V,147962.26,0.00,1.000,3200
000000000010000612,3000,11.000,562395.90,V,51126.90,0.00,1.000,3200
000000000080000138,4000,7.000,324466.24,V,46352.32,0.00,1.000,3200
000000000010000613,3000,1.000,88707.05,V,88707.05,0.00,1.000,3200
000000000010000614,2000,0.000,0.00,V,25810.11,0.00,1.000,3200
000000000090000033,3000,23.000,2944255.07,V,128011.09,0.00,1.000,3200
000000000030000137,2000,2.000,28327.46,V,14163.73,0.00,1.000,3200
000000000030000137,3000,2.000,28327.46,V,14163.73,0.00,1.000,3200
000000000010000615,2000,0.000,0.00,V,595740.83,0.00,1.000,3200
000000000010000616,3000,60.000,1047984.60,V,17466.41,0.00,1.000,3200
000000000080000139,3000,6.000,1360672.50,V,226778.75,0.00,1.000,3200
000000000010000617,2000,0.000,0.00,V,60136.23,0.00,1.000,3200
000000000010000618,4000,21.000,12132048.39,V,577716.59,0.00,1.000,3200
000000000010000618,3000,7.000,4044016.13,V,577716.59,0.00,1.000,3200
000000000010000619,2000,4.000,1358336.08,V,339584.02,0.00,1.000,3200
000000000010000619,4000,5.000,1697920.10,V,339584.02,0.00,1.000,3200
000000000010000620,2000,0.000,0.00,V,159813.54,0.00,1.000,3200
000000000010000621,1000,0.000,0.00,V,119954.03,0.00,1.000,3200
000000000010000621,4000,0.000,0.00,V,119954.03,0.00,1.000,3200
000000000080000140,4000,3.000,495802.26,V,165267.42,0.00,1.000,3200
000000000030000138,4000,0.000,0.00,V,56221.33,0.00,1.000,3200
000000000010000622,1000,0.000,0.00,V,3046.64,0.00,1.000,3200
000000000010000623,4000,0.000,0.00,V,311705.93,0.00,1.000,3200
000000000010000623,3000,0.000,0.00,V,311705.93,0.00,1.000,3200
000000000010000624,2000,16.000,10930094.88,V,683130.93,0.00,1.000,3200
000000000010000625,4000,0.000,0.00,V,109613.52,0.00,1.000,3200
000000000010000626,3000,0.000,0.00,V,163176.86,0.00,1.000,3200
000000000080000141,1000,6.000,2661153.00,V,443525.50,0.00,1.000,3200
000000000030000139,3000,3.000,428457.36,V,142819.12,0.00,1.000,3200
000000000030000139,1000,8.000,1142552.96,V,142819.12,0.00,1.000,3200
000000000010000627,4000,2.000,199689.08,V,99844.54,0.00,1.000,3200
000000000010000627,3000,1.000,99844.54,V,99844.54,0.00,1.000,3200
000000000030000140,1000,1.000,105302.31,V,105302.31,0.00,1.000,3200
000000000030000140,3000,0.000,0.00,V,105302.31,0.00,1.000,3200
000000000010000628,2000,4.000,433053.72,V,108263.43,0.00,1.000,3200
000000000010000629,4000,0.000,0.00,V,93586.78,0.00,1.000,3200
000000000010000630,4000,7.000,457034.48,V,65290.64,0.00,1.000,3200
000000000010000631,1000,0.000,0.00,V,154949.29,0.00,1.000,3200
000000000010000632,4000,5.000,493968.90,V,98793.78,0.00,1.000,3200
000000000010000632,1000,4.000,395175.12,V,98793.78,0.00,1.000,3200
000000000080000142,4000,6.000,641814.00,V,106969.00,0.00,1.000,3200
000000000080000142,2000,0.000,0.00,V,106969.00,0.00,1.000,3200
000000000010000633,4000,11.000,257698.32,V,23427.12,0.00,1.000,3200
000000000010000634,1000,58.000,128846.42,V,2221.49,0.00,1.000,3200
000000000010000635,2000,0.000,0.00,V,64422.65,0.00,1.000,3200
000000000080000143,3000,15.000,5501242.05,V,366749.47,0.00,1.000,3200
000000000010000636,2000,6.000,930822.96,V,155137.16,0.00,1.000,3200
000000000010000637,4000,0.000,0.00,V,75489.97,0.00,1.000,3200
000000000010000637,3000,0.000,0.00,V,75489.97,0.00,1.000,3200
000000000030000141,3000,0.000,0.00,V,10745.72,0.00,1.000,3200
000000000030000142,2000,0.000,0.00,V,84070.86,0.00,1.000,3200
000000000080000144,1000,9.000,3835218.24,V,426135.36,0.00,1.000,3200
000000000030000143,3000,0.000,0.00,V,783308.66,0.00,1.000,3200
000000000010000638,3000,7.000,120210.86,V,17172.98,0.00,1.000,3200
000000000010000639,2000,12.000,1898541.60,V,158211.80,0.00,1.000,3200
000000000010000640,3000,4.000,631019.60,V,157754.90,0.00,1.000,3200
000000000010000641,4000,0.000,0.00,V,212790.91,0.00,1.000,3200
000000000010000641,1000,0.000,0.00,V,212790.91,0.00,1.000,3200
000000000010000642,4000,36.000,529828.20,V,14717.45,0.00,1.000,3200
000000000010000643,1000,1.000,637467.61,V,637467.61,0.00,1.000,3200
000000000030000144,1000,9.000,1349397.09,V,149933.01,0.00,1.000,3200
000000000030000144,4000,0.000,0.00,V,149933.01,0.00,1.000,3200
000000000010000644,4000,3.000,419469.60,V,139823.20,0.00,1.000,3200
000000000010000645,3000,0.000,0.00,V,110800.47,0.00,1.000,3200
000000000010000646,3000,0.000,0.00,V,66722.62,0.00,1.000,3200
000000000010000646,2000,0.000,0.00,V,66722.62,0.00,1.000,3200
000000000010000647,3000,49.000,23210528.74,V,473684.26,0.00,1.000,3200
000000000010000648,2000,4.000,1049592.92,V,262398.23,0.00,1.000,3200
000000000010000649,1000,0.000,0.00,V,32947.97,0.00,1.000,3200
000000000010000650,3000,7.000,448218.68,V,64031.24,0.00,1.000,3200
000000000010000651,3000,48.000,199954.08,V,4165.71,0.00,1.000,3200
000000000010000652,2000,7.000,510255.55,V,72893.65,0.00,1.000,3200
000000000010000653,2000,0.000,0.00,V,170297.51,0.00,1.000,3200
000000000030000145,4000,3.000,876616.35,V,292205.45,0.00,1.000,3200
000000000010000654,4000,28.000,78900.36,V,2817.87,0.00,1.000,3200
000000000010000654,3000,49.000,138075.63,V,2817.87,0.00,1.000,3200
000000000010000655,4000,180.000,2083622.40,V,11575.68,0.00,1.000,3200
000000000010000656,1000,92.000,420877.00,V,4574.75,0.00,1.000,3200
000000000080000145,3000,5.000,1339887.00,V,267977.40,0.00,1.000,3200
000000000080000145,2000,2.000,535954.80,V,267977.40,0.00,1.000,3200
000000000030000146,2000,8.000,528855.44,V,66106.93,0.00,1.000,3200
000000000010000657,1000,9.000,82945.26,V,9216.14,0.00,1.000,3200
000000000010000658,4000,18.000,1922148.36,V,106786.02,0.00,1.000,3200
000000000010000659,2000,30.000,22446000.90,V,748200.03,0.00,1.000,3200
000000000010000660,1000,16.000,3365634.72,V,210352.17,0.00,1.000,3200
000000000010000660,2000,4.000,841408.68,V,210352.17,0.00,1.000,3200
000000000010000661,2000,0.000,0.00,V,166088.41,0.00,1.000,3200
000000000030000147,2000,6.000,198339.00,V,33056.50,0.00,1.000,3200
000000000010000662,3000,9.000,3961356.30,V,440150.70,0.00,1.000,3200
000000000010000662,1000,2.000,880301.40,V,440150.70,0.00,1.000,3200
000000000010000663,4000,0.000,0.00,V,16085.99,0.00,1.000,3200
000000000080000146,1000,6.000,1031685.84,V,171947.64,0.00,1.000,3200
000000000030000148,1000,4.000,2977237.76,V,744309.44,0.00,1.000,3200
000000000010000664,1000,11.000,143316.25,V,13028.75,0.00,1.000,3200
000000000080000147,3000,9.000,455913.27,V,50657.03,0.00,1.000,3200
000000000010000665,3000,8.000,1290580.08,V,161322.51,0.00,1.000,3200
000000000030000149,4000,0.000,0.00,V,37146.15,0.00,1.000,3200
000000000080000148,4000,10.000,397591.60,V,39759.16,0.00,1.000,3200
000000000080000149,1000,7.000,1512519.68,V,216074.24,0.00,1.000,3200
000000000010000666,3000,0.000,0.00,V,23566.73,0.00,1.000,3200
000000000030000150,1000,0.000,0.00,V,96682.84,0.00,1.000,3200
000000000030000150,2000,2.000,193365.68,V,96682.84,0.00,1.000,3200
000000000010000667,3000,2.000,323363.02,V,161681.51,0.00,1.000,3200
000000000010000668,3000,10.000,1712594.60,V,171259.46,0.00,1.000,3200
000000000010000669,1000,18.000,2667009.78,V,148167.21,0.00,1.000,3200
000000000010000669,3000,6.000,889003.26,V,148167.21,0.00,1.000,3200
000000000010000670,2000,49.000,730548.84,V,14909.16,0.00,1.000,3200
000000000090000034,4000,24.000,2637346.56,V,109889.44,0.00,1.000,3200
000000000080000150,3000,1.000,163441.43,V,163441.43,0.00,1.000,3200
000000000030000151,2000,7.000,1605095.94,V,229299.42,0.00,1.000,3200
000000000010000671,2000,9.000,166013.28,V,18445.92,0.00,1.000,3200
000000000090000035,2000,22.000,1898525.64,V,86296.62,0.00,1.000,3200
000000000010000672,2000,27.000,12091550.40,V,447835.20,0.00,1.000,3200
000000000010000672,1000,79.000,35378980.80,V,447835.20,0.00,1.000,3200
000000000030000152,4000,1.000,138594.89,V,138594.89,0.00,1.000,3200
000000000010000673,3000,2.000,418299.60,V,209149.80,0.00,1.000,3200
000000000010000673,2000,2.000,418299.60,V,209149.80,0.00,1.000,3200
000000000010000674,3000,0.000,0.00,V,100079.95,0.00,1.000,3200
000000000010000675,2000,0.000,0.00,V,175272.47,0.00,1.000,3200
000000000010000675,1000,0.000,0.00,V,175272.47,0.00,1.000,3200
000000000080000151,3000,3.000,484851.99,V,161617.33,0.00,1.000,3200
000000000010000676,1000,6.000,461191.08,V,76865.18,0.00,1.000,3200
000000000010000677,4000,31.000,117307.72,V,3784.12,0.00,1.000,3200
000000000030000153,3000,0.000,0.00,V,59960.66,0.00,1.000,3200
000000000090000036,3000,27.000,208598.49,V,7725.87,0.00,1.000,3200
000000000090000036,1000,24.000,185420.88,V,7725.87,0.00,1.000,3200
000000000010000678,3000,0.000,0.00,V,197156.28,0.00,1.000,3200
000000000080000152,1000,0.000,0.00,V,54006.05,0.00,1.000,3200
000000000030000154,3000,3.000,409305.60,V,136435.20,0.00,1.000,3200
000000000030000155,3000,0.000,0.00,V,88290.62,0.00,1.000,3200
000000000030000155,2000,0.000,0.00,V,88290.62,0.00,1.000,3200
000000000010000679,3000,0.000,0.00,V,497383.12,0.00,1.000,3200
000000000010000679,2000,0.000,0.00,V,497383.12,0.00,1.000,3200
000000000010000680,3000,6.000,160394.10,V,26732.35,0.00,1.000,3200
000000000010000681,1000,4.000,65526.24,V,16381.56,0.00,1.000,3200
000000000030000156,4000,4.000,702287.28,V,175571.82,0.00,1.000,3200
000000000010000682,4000,13.000,258060.92,V,19850.84,0.00,1.000,3200
000000000080000153,4000,11.000,490425.65,V,44584.15,0.00,1.000,3200
000000000090000037,3000,15.000,2113740.30,V,140916.02,0.00,1.000,3200
000000000010000683,1000,12.000,2037575.64,V,169797.97,0.00,1.000,3200
000000000010000684,4000,0.000,0.00,V,117952.86,0.00,1.000,3200
000000000010000684,3000,0.000,0.00,V,117952.86,0.00,1.000,3200
000000000010000685,2000,0.000,0.00,V,24890.25,0.00,1.000,3200
000000000010000685,1000,0.000,0.00,V,24890.25,0.00,1.000,3200
000000000010000686,4000,0.000,0.00,V,142563.67,0.00,1.000,3200
000000000010000687,4000,7.000,72803.99,V,10400.57,0.00,1.000,3200
000000000080000154,4000,7.000,2784168.94,V,397738.42,0.00,1.000,3200
000000000080000154,3000,5.000,1988692.10,V,397738.42,0.00,1.000,3200
000000000010000688,3000,18.000,417378.24,V,23187.68,0.00,1.000,3200
000000000030000157,4000,3.000,59308.41,V,19769.47,0.00,1.000,3200
000000000090000038,3000,11.000,1860745.48,V,169158.68,0.00,1.000,3200
000000000090000038,4000,6.000,1014952.08,V,169158.68,0.00,1.000,3200
000000000080000155,2000,11.000,4362043.18,V,396549.38,0.00,1.000,3200
000000000080000155,3000,4.000,1586197.52,V,396549.38,0.00,1.000,3200
000000000010000689,4000,16.000,965120.64,V,60320.04,0.00,1.000,3200
000000000010000689,1000,36.000,2171521.44,V,60320.04,0.00,1.000,3200
000000000010000690,4000,2.000,119061.86,V,59530.93,0.00,1.000,3200
000000000010000691,1000,3.000,523272.78,V,174424.26,0.00,1.000,3200
000000000080000156,3000,9.000,925465.59,V,102829.51,0.00,1.000,3200
000000000010000692,4000,0.000,0.00,V,168489.03,0.00,1.000,3200
000000000010000692,3000,0.000,0.00,V,168489.03,0.00,1.000,3200
000000000010000693,1000,67.000,1365015.79,V,20373.37,0.00,1.000,3200
000000000010000694,1000,4.000,295188.12,V,73797.03,0.00,1.000,3200
000000000010000695,2000,0.000,0.00,V,481661.30,0.00,1.000,3200
000000000010000695,4000,0.000,0.00,V,481661.30,0.00,1.000,3200
000000000010000696,3000,0.000,0.00,V,285423.32,0.00,1.000,3200
000000000030000158,3000,0.000,0.00,V,6025.95,0.00,1.000,3200
000000000030000158,1000,0.000,0.00,V,6025.95,0.00,1.000,3200
000000000010000697,3000,0.000,0.00,V,37571.10,0.00,1.000,3200
000000000010000697,4000,0.000,0.00,V,37571.10,0.00,1.000,3200
000000000010000698,3000,116.000,1346438.68,V,11607.23,0.00,1.000,3200
000000000010000698,1000,182.000,2112515.86,V,11607.23,0.00,1.000,3200
000000000080000157,2000,0.000,0.00,V,239015.91,0.00,1.000,3200
000000000010000699,4000,115.000,1993419.20,V,17334.08,0.00,1.000,3200
000000000010000700,4000,6.000,615802.26,V,102633.71,0.00,1.000,3200
000000000010000701,3000,7.000,1135402.66,V,162200.38,0.00,1.000,3200
000000000010000701,2000,13.000,2108604.94,V,162200.38,0.00,1.000,3200
000000000030000159,1000,2.000,1293526.90,V,646763.45,0.00,1.000,3200
000000000010000702,3000,0.000,0.00,V,29019.56,0.00,1.000,3200
000000000010000703,3000,0.000,0.00,V,51845.74,0.00,1.000,3200
000000000010000704,1000,39.000,3040914.63,V,77972.17,0.00,1.000,3200
000000000010000705,1000,3.000,49154.16,V,16384.72,0.00,1.000,3200
000000000010000705,4000,2.000,32769.44,V,16384.72,0.00,1.000,3200
000000000010000706,3000,10.000,7975609.80,V,797560.98,0.00,1.000,3200
000000000010000707,4000,11.000,4985467.30,V,453224.30,0.00,1.000,3200
000000000010000707,2000,89.000,40336962.70,V,453224.30,0.00,1.000,3200
000000000010000708,4000,3.000,166632.96,V,55544.32,0.00,1.000,3200
000000000010000709,4000,4.000,480388.96,V,120097.24,0.00,1.000,3200
000000000010000709,3000,8.000,960777.92,V,120097.24,0.00,1.000,3200
000000000010000710,4000,0.000,0.00,V,584324.59,0.00,1.000,3200
000000000010000711,2000,9.000,354890.16,V,39432.24,0.00,1.000,3200
000000000080000158,1000,6.000,444527.88,V,74087.98,0.00,1.000,3200
000000000080000159,1000,7.000,2994227.25,V,427746.75,0.00,1.000,3200
000000000010000712,1000,82.000,1916330.98,V,23369.89,0.00,1.000,3200
000000000010000713,2000,277.000,954123.73,V,3444.49,0.00,1.000,3200
000000000030000160,4000,3.000,161869.86,V,53956.62,0.00,1.000,3200
000000000030000161,3000,0.000,0.00,V,114978.09,0.00,1.000,3200
000000000030000162,2000,4.000,428347.28,V,107086.82,0.00,1.000,3200
000000000010000714,2000,65.000,1245564.45,V,19162.53,0.00,1.000,3200
000000000030000163,3000,0.000,0.00,V,508542.11,0.00,1.000,3200
000000000080000160,4000,5.000,1885352.80,V,377070.56,0.00,1.000,3200
000000000030000164,4000,0.000,0.00,V,86606.76,0.00,1.000,3200
000000000010000715,4000,4.000,545510.00,V,136377.50,0.00,1.000,3200
000000000010000716,3000,6.000,212650.32,V,35441.72,0.00,1.000,3200
000000000010000717,1000,0.000,0.00,V,239671.26,0.00,1.000,3200
000000000030000165,1000,0.000,0.00,V,158303.55,0.00,1.000,3200
000000000010000718,3000,35.000,603778.70,V,17250.82,0.00,1.000,3200
000000000010000718,2000,17.000,293263.94,V,17250.82,0.00,1.000,3200
000000000080000161,3000,15.000,3684867.45,V,245657.83,0.00,1.000,3200
000000000010000719,1000,2.000,291462.22,V,145731.11,0.00,1.000,3200
000000000030000166,1000,4.000,523488.16,V,130872.04,0.00,1.000,3200
000000000010000720,1000,16.000,820482.40,V,51280.15,0.00,1.000,3200
000000000010000721,1000,39.000,22453102.23,V,575720.57,0.00,1.000,3200
000000000010000721,2000,62.000,35694675.34,V,575720.57,0.00,1.000,3200
000000000010000722,2000,33.000,75697.71,V,2293.87,0.00,1.000,3200
000000000030000167,2000,3.000,2142690.24,V,714230.08,0.00,1.000,3200
000000000010000723,1000,0.000,0.00,V,114326.53,0.00,1.000,3200
000000000010000723,3000,0.000,0.00,V,114326.53,0.00,1.000,3200
000000000010000724,1000,0.000,0.00,V,70555.59,0.00,1.000,3200
000000000010000725,4000,1.000,47345.20,V,47345.20,0.00,1.000,3200
000000000010000726,3000,6.000,389397.66,V,64899.61,0.00,1.000,3200
000000000080000162,3000,3.000,551636.19,V,183878.73,0.00,1.000,3200
000000000010000727,3000,4.000,2277359.64,V,569339.91,0.00,1.000,3200
000000000010000728,1000,9.000,6549184.89,V,727687.21,0.00,1.000,3200
000000000010000729,2000,13.000,57505.63,V,4423.51,0.00,1.000,3200
000000000010000730,2000,0.000,0.00,V,60625.94,0.00,1.000,3200
000000000010000730,3000,0.000,0.00,V,60625.94,0.00,1.000,3200
000000000010000731,1000,0.000,0.00,V,104809.12,0.00,1.000,3200
000000000010000732,3000,0.000,0.00,V,144017.20,0.00,1.000,3200
000000000010000733,3000,1.000,82826.64,V,82826.64,0.00,1.000,3200
000000000010000733,2000,3.000,248479.92,V,82826.64,0.00,1.000,3200
000000000030000168,4000,0.000,0.00,V,119977.94,0.00,1.000,3200
000000000080000163,2000,7.000,2205741.72,V,315105.96,0.00,1.000,3200
000000000080000163,1000,2.000,630211.92,V,315105.96,0.00,1.000,3200
000000000090000039,4000,14.000,1825029.36,V,130359.24,0.00,1.000,3200
000000000080000164,1000,3.000,578575.26,V,192858.42,0.00,1.000,3200
000000000080000164,4000,6.000,1157150.52,V,192858.42,0.00,1.000,3200
000000000010000734,4000,0.000,0.00,V,11473.36,0.00,1.000,3200
000000000010000735,3000,4.000,188176.00,V,47044.00,0.00,1.000,3200
000000000090000040,2000,24.000,4241858.16,V,176744.09,0.00,1.000,3200
000000000030000169,3000,0.000,0.00,V,9159.69,0.00,1.000,3200
000000000030000170,4000,3.000,250723.32,V,83574.44,0.00,1.000,3200
000000000010000736,2000,8.000,1088978.80,V,136122.35,0.00,1.000,3200
000000000010000737,3000,130.000,2180517.30,V,16773.21,0.00,1.000,3200
000000000010000738,3000,0.000,0.00,V,30708.26,0.00,1.000,3200
000000000010000738,2000,0.000,0.00,V,30708.26,0.00,1.000,3200
000000000010000739,3000,6.000,470389.20,V,78398.20,0.00,1.000,3200
000000000010000740,2000,65.000,471444.35,V,7252.99,0.00,1.000,3200
000000000010000741,4000,17.000,2750200.33,V,161776.49,0.00,1.000,3200
000000000030000171,4000,2.000,264757.96,V,132378.98,0.00,1.000,3200
000000000010000742,2000,2.000,216501.06,V,108250.53,0.00,1.000,3200
000000000080000165,2000,13.000,5330967.33,V,410074.41,0.00,1.000,3200
000000000010000743,4000,10.000,3414755.60,V,341475.56,0.00,1.000,3200
000000000010000743,2000,11.000,3756231.16,V,341475.56,0.00,1.000,3200
000000000010000744,3000,2.000,1131666.78,V,565833.39,0.00,1.000,3200
000000000030000172,2000,3.000,504412.05,V,168137.35,0.00,1.000,3200
000000000010000745,4000,2.000,1599421.20,V,799710.60,0.00,1.000,3200
000000000010000745,3000,2.000,1599421.20,V,799710.60,0.00,1.000,3200
000000000010000746,3000,1.000,50757.90,V,50757.90,0.00,1.000,3200
000000000030000173,4000,10.000,1662152.30,V,166215.23,0.00,1.000,3200
000000000080000166,2000,10.000,4450985.30,V,445098.53,0.00,1.000,3200
000000000080000166,3000,10.000,4450985.30,V,445098.53,0.00,1.000,3200
000000000080000167,4000,3.000,870435.87,V,290145.29,0.00,1.000,3200
000000000010000747,1000,0.000,0.00,V,165446.04,0.00,1.000,3200
000000000010000747,3000,0.000,0.00,V,165446.04,0.00,1.000,3200
000000000030000174,1000,0.000,0.00,V,144672.20,0.00,1.000,3200
000000000030000174,2000,4.000,578688.80,V,144672.20,0.00,1.000,3200
000000000010000748,4000,19.000,2140027.19,V,112633.01,0.00,1.000,3200
000000000010000749,1000,0.000,0.00,V,11932.23,0.00,1.000,3200
000000000010000750,1000,4.000,636858.96,V,159214.74,0.00,1.000,3200
000000000080000168,2000,1.000,81524.09,V,81524.09,0.00,1.000,3200
000000000080000169,2000,15.000,4938809.85,V,329253.99,0.00,1.000,3200
000000000080000170,3000,0.000,0.00,V,46229.19,0.00,1.000,3200
000000000010000751,2000,3.000,138473.55,V,46157.85,0.00,1.000,3200
000000000010000752,1000,7.000,916252.61,V,130893.23,0.00,1.000,3200
000000000010000753,3000,16.000,519791.84,V,32486.99,0.00,1.000,3200
000000000080000171,4000,13.000,858535.99,V,66041.23,0.00,1.000,3200
000000000080000171,1000,17.000,1122700.91,V,66041.23,0.00,1.000,3200
000000000010000754,1000,0.000,0.00,V,50069.95,0.00,1.000,3200
000000000010000755,3000,7.000,1071166.88,V,153023.84,0.00,1.000,3200
000000000010000756,2000,0.000,0.00,V,174488.79,0.00,1.000,3200
000000000010000756,4000,8.000,1395910.32,V,174488.79,0.00,1.000,3200
000000000080000172,2000,29.000,2688106.57,V,92693.33,0.00,1.000,3200
000000000010000757,1000,6.000,4506377.88,V,751062.98,0.00,1.000,3200
000000000010000757,4000,4.000,3004251.92,V,751062.98,0.00,1.000,3200
000000000030000175,3000,0.000,0.00,V,174949.78,0.00,1.000,3200
000000000030000175,1000,6.000,1049698.68,V,174949.78,0.00,1.000,3200
000000000010000758,4000,9.000,454771.53,V,50530.17,0.00,1.000,3200
000000000010000759,1000,3.000,232498.71,V,77499.57,0.00,1.000,3200
000000000080000173,4000,3.000,905441.55,V,301813.85,0.00,1.000,3200
000000000080000173,2000,8.000,2414510.80,V,301813.85,0.00,1.000,3200
000000000010000760,4000,7.000,1013798.45,V,144828.35,0.00,1.000,3200
000000000010000760,2000,3.000,434485.05,V,144828.35,0.00,1.000,3200
000000000010000761,4000,7.000,31011.61,V,4430.23,0.00,1.000,3200
000000000010000761,1000,7.000,31011.61,V,4430.23,0.00,1.000,3200
000000000010000762,2000,11.000,3653356.96,V,332123.36,0.00,1.000,3200
000000000080000174,1000,3.000,232769.49,V,77589.83,0.00,1.000,3200
000000000010000763,1000,5.000,751091.10,V,150218.22,0.00,1.000,3200
000000000010000763,3000,3.000,450654.66,V,150218.22,0.00,1.000,3200
000000000030000176,3000,2.000,949878.62,V,474939.31,0.00,1.000,3200
000000000090000041,2000,9.000,566993.79,V,62999.31,0.00,1.000,3200
000000000010000764,1000,12.000,2235639.72,V,186303.31,0.00,1.000,3200
000000000010000764,4000,95.000,17698814.45,V,186303.31,0.00,1.000,3200
000000000080000175,3000,1.000,384755.02,V,384755.02,0.00,1.000,3200
000000000080000175,2000,3.000,1154265.06,V,384755.02,0.00,1.000,3200
000000000010000765,2000,8.000,1653846.00,V,206730.75,0.00,1.000,3200
000000000010000766,2000,9.000,6344851.14,V,704983.46,0.00,1.000,3200
000000000010000766,3000,1.000,704983.46,V,704983.46,0.00,1.000,3200
000000000010000767,1000,190.000,3173286.90,V,16701.51,0.00,1.000,3200
000000000010000768,3000,90.000,36643617.00,V,407151.30,0.00,1.000,3200
000000000030000177,2000,4.000,476047.24,V,119011.81,0.00,1.000,3200
000000000010000769,1000,0.000,0.00,V,178154.15,0.00,1.000,3200
000000000080000176,1000,2.000,346607.84,V,173303.92,0.00,1.000,3200
000000000010000770,2000,61.000,226217.89,V,3708.49,0.00,1.000,3200
000000000010000771,1000,5.000,231210.00,V,46242.00,0.00,1.000,3200
000000000080000177,4000,13.000,1957947.68,V,150611.36,0.00,1.000,3200
000000000080000177,1000,10.000,1506113.60,V,150611.36,0.00,1.000,3200
000000000010000772,3000,2.000,261465.48,V,130732.74,0.00,1.000,3200
000000000080000178,1000,5.000,1395023.70,V,279004.74,0.00,1.000,3200
000000000010000773,1000,0.000,0.00,V,177903.22,0.00,1.000,3200
000000000010000774,2000,4.000,1324627.84,V,331156.96,0.00,1.000,3200
000000000010000774,3000,14.000,4636197.44,V,331156.96,0.00,1.000,3200
000000000010000775,3000,40.000,35238.80,V,880.97,0.00,1.000,3200
000000000010000775,1000,31.000,27310.07,V,880.97,0.00,1.000,3200
000000000030000178,3000,6.000,1313094.06,V,218849.01,0.00,1.000,3200
000000000030000178,4000,5.000,1094245.05,V,218849.01,0.00,1.000,3200
000000000010000776,4000,12.000,221901.00,V,18491.75,0.00,1.000,3200
000000000010000776,2000,141.000,2607336.75,V,18491.75,0.00,1.000,3200
000000000010000777,2000,125.000,44569953.75,V,356559.63,0.00,1.000,3200
000000000010000778,4000,11.000,957743.71,V,87067.61,0.00,1.000,3200
000000000010000779,2000,0.000,0.00,V,93498.31,0.00,1.000,3200
000000000080000179,1000,3.000,1305321.30,V,435107.10,0.00,1.000,3200
000000000080000179,4000,7.000,3045749.70,V,435107.10,0.00,1.000,3200
000000000010000780,3000,1.000,147875.73,V,147875.73,0.00,1.000,3200
000000000010000781,2000,23.000,3765082.75,V,163699.25,0.00,1.000,3200
000000000030000179,1000,4.000,652223.60,V,163055.90,0.00,1.000,3200
000000000010000782,3000,64.000,1366431.36,V,21350.49,0.00,1.000,3200
000000000010000783,1000,13.000,302063.84,V,23235.68,0.00,1.000,3200
000000000010000784,4000,11.000,3573112.07,V,324828.37,0.00,1.000,3200
000000000010000785,4000,3.000,357231.06,V,119077.02,0.00,1.000,3200
000000000030000180,4000,1.000,125193.43,V,125193.43,0.00,1.000,3200
000000000030000180,1000,0.000,0.00,V,125193.43,0.00,1.000,3200
000000000080000180,3000,8.000,1262997.12,V,157874.64,0.00,1.000,3200
000000000080000180,1000,16.000,2525994.24,V,157874.64,0.00,1.000,3200
000000000010000786,1000,12.000,1141171.32,V,95097.61,0.00,1.000,3200
000000000010000787,3000,0.000,0.00,V,107193.81,0.00,1.000,3200
000000000010000787,2000,5.000,535969.05,V,107193.81,0.00,1.000,3200
000000000010000788,4000,50.000,897078.50,V,17941.57,0.00,1.000,3200
000000000010000789,3000,1.000,12292.97,V,12292.97,0.00,1.000,3200
000000000010000789,1000,1.000,12292.97,V,12292.97,0.00,1.000,3200
000000000010000790,2000,3.000,1488151.47,V,496050.49,0.00,1.000,3200
000000000030000181,1000,0.000,0.00,V,61956.61,0.00,1.000,3200
000000000010000791,4000,0.000,0.00,V,38929.00,0.00,1.000,3200
000000000010000792,2000,37.000,544224.12,V,14708.76,0.00,1.000,3200
000000000010000793,1000,0.000,0.00,V,60247.04,0.00,1.000,3200
000000000080000181,2000,8.000,2967388.24,V,370923.53,0.00,1.000,3200
000000000010000794,3000,0.000,0.00,V,54962.91,0.00,1.000,3200
000000000010000795,1000,4.000,534017.96,V,133504.49,0.00,1.000,3200
000000000010000796,3000,0.000,0.00,V,162398.77,0.00,1.000,3200
000000000080000182,3000,2.000,753681.58,V,376840.79,0.00,1.000,3200
000000000010000797,3000,151.000,3308734.65,V,21912.15,0.00,1.000,3200
000000000010000798,4000,36.000,87477.48,V,2429.93,0.00,1.000,3200
000000000010000798,2000,149.000,362059.57,V,2429.93,0.00,1.000,3200
000000000030000182,1000,4.000,448964.52,V,112241.13,0.00,1.000,3200
000000000030000182,3000,3.000,336723.39,V,112241.13,0.00,1.000,3200
000000000030000183,4000,5.000,877178.80,V,175435.76,0.00,1.000,3200
000000000030000183,1000,1.000,175435.76,V,175435.76,0.00,1.000,3200
000000000030000184,1000,4.000,478638.92,V,119659.73,0.00,1.000,3200
000000000010000799,1000,0.000,0.00,V,139511.09,0.00,1.000,3200
000000000010000800,1000,0.000,0.00,V,57022.61,0.00,1.000,3200
000000000080000183,1000,10.000,437869.80,V,43786.98,0.00,1.000,3200
000000000080000183,3000,6.000,262721.88,V,43786.98,0.00,1.000,3200
000000000030000185,4000,3.000,1102583.88,V,367527.96,0.00,1.000,3200
000000000030000185,1000,1.000,367527.96,V,367527.96,0.00,1.000,3200
000000000010000801,3000,8.000,5259980.40,V,657497.55,0.00,1.000,3200
000000000080000184,3000,15.000,6015060.45,V,401004.03,0.00,1.000,3200
000000000010000802,2000,0.000,0.00,V,134549.85,0.00,1.000,3200
000000000010000803,1000,11.000,1484634.91,V,134966.81,0.00,1.000,3200
000000000010000804,3000,5.000,594227.15,V,118845.43,0.00,1.000,3200
000000000010000805,1000,20.000,14617059.00,V,730852.95,0.00,1.000,3200
000000000010000806,2000,3.000,1236625.23,V,412208.41,0.00,1.000,3200
000000000010000807,2000,4.000,296895.00,V,74223.75,0.00,1.000,3200
000000000010000808,3000,0.000,0.00,V,24943.39,0.00,1.000,3200
000000000030000186,2000,7.000,785693.72,V,112241.96,0.00,1.000,3200
000000000010000809,3000,13.000,1987850.28,V,152911.56,0.00,1.000,3200
000000000030000187,1000,2.000,280542.42,V,140271.21,0.00,1.000,3200
000000000030000188,4000,0.000,0.00,V,8076.81,0.00,1.000,3200
000000000010000810,2000,0.000,0.00,V,80684.88,0.00,1.000,3200
000000000030000189,4000,3.000,446799.30,V,148933.10,0.00,1.000,3200
000000000010000811,4000,4.000,274025.44,V,68506.36,0.00,1.000,3200
000000000010000811,1000,1.000,68506.36,V,68506.36,0.00,1.000,3200
000000000010000812,1000,0.000,0.00,V,175601.17,0.00,1.000,3200
000000000010000813,3000,7.000,423425.03,V,60489.29,0.00,1.000,3200
000000000010000813,1000,5.000,302446.45,V,60489.29,0.00,1.000,3200
000000000010000814,2000,0.000,0.00,V,14628.25,0.00,1.000,3200
000000000010000815,3000,15.000,240176.40,V,16011.76,0.00,1.000,3200
000000000030000190,2000,1.000,34097.26,V,34097.26,0.00,1.000,3200
000000000030000190,4000,7.000,238680.82,V,34097.26,0.00,1.000,3200
000000000010000816,3000,5.000,245751.70,V,49150.34,0.00,1.000,3200
000000000010000817,2000,13.000,326031.03,V,25079.31,0.00,1.000,3200
000000000080000185,3000,7.000,2010232.42,V,287176.06,0.00,1.000,3200
000000000080000186,4000,9.000,2187359.01,V,243039.89,0.00,1.000,3200
000000000080000186,2000,5.000,1215199.45,V,243039.89,0.00,1.000,3200
000000000010000818,2000,64.000,479938.56,V,7499.04,0.00,1.000,3200
000000000010000818,4000,82.000,614921.28,V,7499.04,0.00,1.000,3200
000000000090000042,2000,37.000,4211863.55,V,113834.15,0.00,1.000,3200
000000000010000819,4000,5.000,133675.70,V,26735.14,0.00,1.000,3200
000000000010000820,3000,5.000,41677.10,V,8335.42,0.00,1.000,3200
000000000010000821,4000,0.000,0.00,V,9735.84,0.00,1.000,3200
000000000010000821,3000,0.000,0.00,V,9735.84,0.00,1.000,3200
000000000010000822,1000,0.000,0.00,V,95031.54,0.00,1.000,3200
000000000010000822,4000,0.000,0.00,V,95031.54,0.00,1.000,3200
000000000080000187,2000,8.000,2012749.12,V,251593.64,0.00,1.000,3200
000000000010000823,4000,0.000,0.00,V,45639.99,0.00,1.000,3200
000000000010000824,3000,2.000,198016.48,V,99008.24,0.00,1.000,3200
000000000030000191,1000,2.000,27655.60,V,13827.80,0.00,1.000,3200
000000000030000192,2000,3.000,1485214.65,V,495071.55,0.00,1.000,3200
000000000010000825,3000,0.000,0.00,V,48196.22,0.00,1.000,3200
000000000010000825,4000,0.000,0.00,V,48196.22,0.00,1.000,3200
000000000010000826,2000,0.000,0.00,V,136064.25,0.00,1.000,3200
000000000010000826,4000,0.000,0.00,V,136064.25,0.00,1.000,3200
000000000010000827,4000,0.000,0.00,V,58047.87,0.00,1.000,3200
000000000010000827,1000,0.000,0.00,V,58047.87,0.00,1.000,3200
000000000010000828,3000,16.000,1264828.00,V,79051.75,0.00,1.000,3200
000000000010000829,1000,3.000,474331.68,V,158110.56,0.00,1.000,3200
000000000010000829,4000,1.000,158110.56,V,158110.56,0.00,1.000,3200
000000000010000830,3000,3.000,265544.82,V,88514.94,0.00,1.000,3200
000000000010000831,1000,0.000,0.00,V,31134.53,0.00,1.000,3200
000000000010000832,2000,0.000,0.00,V,33238.14,0.00,1.000,3200
000000000080000188,2000,14.000,5257001.12,V,375500.08,0.00,1.000,3200
000000000010000833,4000,109.000,59016597.03,V,541436.67,0.00,1.000,3200
000000000030000193,1000,4.000,1649098.40,V,412274.60,0.00,1.000,3200
000000000030000193,2000,7.000,2885922.20,V,412274.60,0.00,1.000,3200
000000000010000834,3000,80.000,48937656.00,V,611720.70,0.00,1.000,3200
000000000080000189,3000,24.000,2379596.88,V,99149.87,0.00,1.000,3200
000000000030000194,4000,2.000,971737.64,V,485868.82,0.00,1.000,3200
000000000010000835,3000,3.000,351856.23,V,117285.41,0.00,1.000,3200
000000000030000195,3000,1.000,78209.19,V,78209.19,0.00,1.000,3200
000000000010000836,3000,0.000,0.00,V,23890.59,0.00,1.000,3200
000000000030000196,2000,0.000,0.00,V,32640.52,0.00,1.000,3200
000000000010000837,3000,19.000,494381.71,V,26020.09,0.00,1.000,3200
000000000010000838,1000,20.000,229382.80,V,11469.14,0.00,1.000,3200
000000000090000043,4000,36.000,2330949.60,V,64748.60,0.00,1.000,3200
000000000010000839,2000,0.000,0.00,V,177540.26,0.00,1.000,3200
000000000010000840,1000,1.000,117488.29,V,117488.29,0.00,1.000,3200
000000000010000841,3000,0.000,0.00,V,147303.30,0.00,1.000,3200
000000000080000190,4000,7.000,2259361.86,V,322765.98,0.00,1.000,3200
000000000010000842,1000,0.000,0.00,V,132845.48,0.00,1.000,3200
000000000010000842,3000,0.000,0.00,V,132845.48,0.00,1.000,3200
000000000010000843,4000,0.000,0.00,V,151591.11,0.00,1.000,3200
000000000030000197,2000,1.000,128173.08,V,128173.08,0.00,1.000,3200
000000000030000197,1000,2.000,256346.16,V,128173.08,0.00,1.000,3200
000000000080000191,1000,13.000,3391362.00,V,260874.00,0.00,1.000,3200
000000000030000198,3000,4.000,119904.28,V,29976.07,0.00,1.000,3200
000000000030000199,3000,0.000,0.00,V,149109.21,0.00,1.000,3200
000000000080000192,1000,1.000,24663.76,V,24663.76,0.00,1.000,3200
000000000010000844,1000,126.000,1532704.32,V,12164.32,0.00,1.000,3200
000000000030000200,1000,4.000,202169.56,V,50542.39,0.00,1.000,3200
000000000010000845,3000,0.000,0.00,V,175846.38,0.00,1.000,3200
000000000080000193,2000,9.000,1539715.95,V,171079.55,0.00,1.000,3200
000000000010000846,4000,21.000,377529.81,V,17977.61,0.00,1.000,3200
000000000030000201,4000,4.000,497228.68,V,124307.17,0.00,1.000,3200
000000000030000201,3000,1.000,124307.17,V,124307.17,0.00,1.000,3200
000000000010000847,4000,0.000,0.00,V,14423.25,0.00,1.000,3200
000000000010000848,3000,0.000,0.00,V,75269.05,0.00,1.000,3200
000000000010000849,2000,13.000,1536455.70,V,118188.90,0.00,1.000,3200
000000000030000202,3000,3.000,187912.17,V,62637.39,0.00,1.000,3200
000000000010000850,3000,14.000,922809.58,V,65914.97,0.00,1.000,3200
000000000010000851,1000,53.000,24948293.03,V,470722.51,0.00,1.000,3200
000000000010000852,2000,191.000,813182.50,V,4257.50,0.00,1.000,3200
000000000010000852,3000,126.000,536445.00,V,4257.50,0.00,1.000,3200
000000000030000203,2000,3.000,1746513.75,V,582171.25,0.00,1.000,3200
000000000030000204,1000,2.000,149907.04,V,74953.52,0.00,1.000,3200
000000000030000204,3000,0.000,0.00,V,74953.52,0.00,1.000,3200
000000000010000853,4000,16.000,1382825.28,V,86426.58,0.00,1.000,3200
000000000010000853,3000,4.000,345706.32,V,86426.58,0.00,1.000,3200
000000000010000854,3000,27.000,219728.70,V,8138.10,0.00,1.000,3200
000000000010000855,1000,96.000,992906.88,V,10342.78,0.00,1.000,3200
000000000010000855,3000,0.000,0.00,V,10342.78,0.00,1.000,3200
000000000010000856,3000,5.000,1910655.85,V,382131.17,0.00,1.000,3200
000000000010000857,3000,142.000,954014.22,V,6718.41,0.00,1.000,3200
000000000010000857,1000,61.000,409823.01,V,6718.41,0.00,1.000,3200
000000000080000194,4000,27.000,7598902.41,V,281440.83,0.00,1.000,3200
000000000010000858,4000,0.000,0.00,V,162443.03,0.00,1.000,3200
000000000010000858,1000,0.000,0.00,V,162443.03,0.00,1.000,3200
000000000010000859,2000,57.000,161813.31,V,2838.83,0.00,1.000,3200
000000000010000860,1000,0.000,0.00,V,50330.47,0.00,1.000,3200
000000000010000861,4000,18.000,166135.32,V,9229.74,0.00,1.000,3200
000000000030000205,3000,5.000,133670.10,V,26734.02,0.00,1.000,3200
000000000090000044,3000,28.000,2806746.32,V,100240.94,0.00,1.000,3200
000000000010000862,1000,1.000,62256.52,V,62256.52,0.00,1.000,3200
000000000010000863,3000,9.000,954082.98,V,106009.22,0.00,1.000,3200
000000000010000864,1000,35.000,483011.55,V,13800.33,0.00,1.000,3200
000000000010000864,2000,51.000,703816.83,V,13800.33,0.00,1.000,3200
000000000030000206,1000,0.000,0.00,V,162092.01,0.00,1.000,3200
000000000010000865,4000,154.000,1491423.78,V,9684.57,0.00,1.000,3200
000000000010000866,4000,190.000,39539613.70,V,208103.23,0.00,1.000,3200
000000000010000867,4000,30.000,3634416.90,V,121147.23,0.00,1.000,3200
000000000080000195,1000,8.000,1541773.36,V,192721.67,0.00,1.000,3200
000000000030000207,1000,5.000,96574.35,V,19314.87,0.00,1.000,3200
000000000030000207,3000,6.000,115889.22,V,19314.87,0.00,1.000,3200
000000000080000196,3000,7.000,2537740.24,V,362534.32,0.00,1.000,3200
000000000080000196,4000,5.000,1812671.60,V,362534.32,0.00,1.000,3200
000000000030000208,1000,0.000,0.00,V,100656.16,0.00,1.000,3200
000000000030000209,3000,1.000,21920.99,V,21920.99,0.00,1.000,3200
000000000080000197,4000,5.000,1056294.45,V,211258.89,0.00,1.000,3200
000000000080000197,3000,7.000,1478812.23,V,211258.89,0.00,1.000,3200
000000000080000198,2000,0.000,0.00,V,310456.77,0.00,1.000,3200
000000000030000210,1000,2.000,336663.52,V,168331.76,0.00,1.000,3200
000000000010000868,3000,5.000,391651.50,V,78330.30,0.00,1.000,3200
000000000010000869,4000,5.000,3978042.95,V,795608.59,0.00,1.000,3200
000000000010000870,1000,6.000,913041.96,V,152173.66,0.00,1.000,3200
000000000010000871,4000,14.000,83090.00,V,5935.00,0.00,1.000,3200
000000000030000211,4000,0.000,0.00,V,157277.51,0.00,1.000,3200
000000000010000872,3000,1.000,159005.37,V,159005.37,0.00,1.000,3200
000000000030000212,2000,3.000,260082.87,V,86694.29,0.00,1.000,3200
000000000010000873,1000,0.000,0.00,V,17432.28,0.00,1.000,3200
000000000080000199,4000,7.000,686524.23,V,98074.89,0.00,1.000,3200
000000000080000199,1000,0.000,0.00,V,98074.89,0.00,1.000,3200
000000000010000874,2000,0.000,0.00,V,166419.97,0.00,1.000,3200
000000000010000874,1000,0.000,0.00,V,166419.97,0.00,1.000,3200
000000000080000200,3000,7.000,2842215.60,V,406030.80,0.00,1.000,3200
000000000010000875,3000,6.000,3725135.82,V,620855.97,0.00,1.000,3200
000000000010000876,4000,15.000,6512923.65,V,434194.91,0.00,1.000,3200
000000000010000876,2000,5.000,2170974.55,V,434194.91,0.00,1.000,3200
000000000010000877,2000,10.000,435088.60,V,43508.86,0.00,1.000,3200
000000000010000877,3000,0.000,0.00,V,43508.86,0.00,1.000,3200
000000000010000878,2000,0.000,0.00,V,144324.24,0.00,1.000,3200
000000000010000879,1000,9.000,2387965.77,V,265329.53,0.00,1.000,3200
000000000010000880,4000,65.000,863349.50,V,13282.30,0.00,1.000,3200
000000000030000213,2000,2.000,350720.58,V,175360.29,0.00,1.000,3200
000000000010000881,3000,3.000,70053.24,V,23351.08,0.00,1.000,3200
000000000010000882,2000,0.000,0.00,V,164446.90,0.00,1.000,3200
000000000010000883,2000,6.000,485425.02,V,80904.17,0.00,1.000,3200
000000000010000884,3000,0.000,0.00,V,131171.09,0.00,1.000,3200
000000000010000884,1000,0.000,0.00,V,131171.09,0.00,1.000,3200
000000000010000885,3000,0.000,0.00,V,15401.25,0.00,1.000,3200
000000000030000214,2000,2.000,390154.74,V,195077.37,0.00,1.000,3200
000000000010000886,3000,0.000,0.00,V,95295.23,0.00,1.000,3200
000000000010000887,4000,7.000,930560.61,V,132937.23,0.00,1.000,3200
000000000010000887,3000,8.000,1063497.84,V,132937.23,0.00,1.000,3200
000000000030000215,3000,1.000,12622.16,V,12622.16,0.00,1.000,3200
000000000030000215,4000,2.000,25244.32,V,12622.16,0.00,1.000,3200
000000000010000888,2000,0.000,0.00,V,73714.65,0.00,1.000,3200
000000000010000889,3000,9.000,866984.76,V,96331.64,0.00,1.000,3200
000000000030000216,2000,0.000,0.00,V,201202.39,0.00,1.000,3200
000000000010000890,4000,0.000,0.00,V,20239.39,0.00,1.000,3200
000000000010000891,4000,0.000,0.00,V,173019.26,0.00,1.000,3200
000000000030000217,4000,0.000,0.00,V,5210.34,0.00,1.000,3200
000000000030000217,3000,4.000,20841.36,V,5210.34,0.00,1.000,3200
000000000090000045,4000,30.000,1769645.70,V,58988.19,0.00,1.000,3200
000000000010000892,4000,11.000,2715433.49,V,246857.59,0.00,1.000,3200
000000000010000893,4000,8.000,1112730.00,V,139091.25,0.00,1.000,3200
000000000010000894,2000,48.000,233348.16,V,4861.42,0.00,1.000,3200
000000000010000895,3000,37.000,303983.49,V,8215.77,0.00,1.000,3200
000000000030000218,4000,0.000,0.00,V,26288.80,0.00,1.000,3200
000000000030000219,4000,0.000,0.00,V,59703.59,0.00,1.000,3200
000000000010000896,4000,99.000,68975845.29,V,696725.71,0.00,1.000,3200
000000000030000220,2000,2.000,216606.76,V,108303.38,0.00,1.000,3200
000000000010000897,4000,6.000,1039731.30,V,173288.55,0.00,1.000,3200
000000000010000898,3000,160.000,21147099.20,V,132169.37,0.00,1.000,3200
000000000010000899,3000,64.000,525578.24,V,8212.16,0.00,1.000,3200
000000000010000900,2000,2.000,1564262.16,V,782131.08,0.00,1.000,3200
000000000010000901,2000,200.000,1198114.00,V,5990.57,0.00,1.000,3200
000000000080000201,1000,9.000,2201553.54,V,244617.06,0.00,1.000,3200
000000000080000202,2000,1.000,38928.18,V,38928.18,0.00,1.000,3200
000000000080000202,3000,7.000,272497.26,V,38928.18,0.00,1.000,3200
000000000080000203,4000,2.000,635358.24,V,317679.12,0.00,1.000,3200
000000000010000902,1000,8.000,1377016.16,V,172127.02,0.00,1.000,3200
000000000010000902,4000,6.000,1032762.12,V,172127.02,0.00,1.000,3200
000000000010000903,2000,10.000,1675084.90,V,167508.49,0.00,1.000,3200
000000000010000904,4000,8.000,1350898.24,V,168862.28,0.00,1.000,3200
000000000010000905,1000,7.000,3788410.64,V,541201.52,0.00,1.000,3200
000000000010000905,4000,10.000,5412015.20,V,541201.52,0.00,1.000,3200
000000000080000204,1000,9.000,3491490.51,V,387943.39,0.00,1.000,3200
000000000080000204,4000,11.000,4267377.29,V,387943.39,0.00,1.000,3200
000000000010000906,4000,86.000,113395.30,V,1318.55,0.00,1.000,3200
000000000010000906,3000,34.000,44830.70,V,1318.55,0.00,1.000,3200
000000000090000046,3000,25.000,1164408.00,V,46576.32,0.00,1.000,3200
000000000030000221,3000,1.000,101809.88,V,101809.88,0.00,1.000,3200
000000000010000907,2000,14.000,127580.18,V,9112.87,0.00,1.000,3200
000000000010000908,3000,0.000,0.00,V,179407.69,0.00,1.000,3200
000000000010000909,3000,0.000,0.00,V,130055.35,0.00,1.000,3200
000000000010000910,4000,0.000,0.00,V,148271.27,0.00,1.000,3200
000000000010000910,1000,0.000,0.00,V,148271.27,0.00,1.000,3200
000000000030000222,3000,3.000,122962.95,V,40987.65,0.00,1.000,3200
000000000080000205,2000,28.000,6893446.84,V,246194.53,0.00,1.000,3200
000000000010000911,2000,0.000,0.00,V,7779.29,0.00,1.000,3200
000000000010000912,2000,1.000,91258.75,V,91258.75,0.00,1.000,3200
000000000010000913,3000,2.000,161446.58,V,80723.29,0.00,1.000,3200
000000000010000913,1000,9.000,726509.61,V,80723.29,0.00,1.000,3200
000000000030000223,4000,2.000,1253405.92,V,626702.96,0.00,1.000,3200
000000000010000914,4000,0.000,0.00,V,178881.27,0.00,1.000,3200
000000000010000914,1000,0.000,0.00,V,178881.27,0.00,1.000,3200
000000000090000047,2000,12.000,1300972.80,V,108414.40,0.00,1.000,3200
000000000030000224,3000,0.000,0.00,V,166829.95,0.00,1.000,3200
000000000080000206,1000,2.000,656446.96,V,328223.48,0.00,1.000,3200
000000000010000915,4000,72.000,5087637.36,V,70661.63,0.00,1.000,3200
000000000010000916,2000,6.000,1580220.66,V,263370.11,0.00,1.000,3200
000000000080000207,1000,9.000,1552328.73,V,172480.97,0.00,1.000,3200
000000000080000208,3000,4.000,1529863.32,V,382465.83,0.00,1.000,3200
000000000010000917,1000,53.000,856715.85,V,16164.45,0.00,1.000,3200
000000000030000225,4000,2.000,728986.84,V,364493.42,0.00,1.000,3200
000000000030000225,1000,0.000,0.00,V,364493.42,0.00,1.000,3200
000000000010000918,1000,8.000,5606104.00,V,700763.00,0.00,1.000,3200
000000000010000918,2000,7.000,4905341.00,V,700763.00,0.00,1.000,3200
000000000030000226,2000,3.000,334287.42,V,111429.14,0.00,1.000,3200
000000000080000209,2000,6.000,704164.80,V,117360.80,0.00,1.000,3200
000000000010000919,1000,0.000,0.00,V,10570.88,0.00,1.000,3200
000000000010000920,3000,14.000,6951177.94,V,496512.71,0.00,1.000,3200
000000000010000920,4000,6.000,2979076.26,V,496512.71,0.00,1.000,3200
000000000080000210,3000,1.000,92966.62,V,92966.62,0.00,1.000,3200
000000000010000921,1000,13.000,180241.23,V,13864.71,0.00,1.000,3200
000000000080000211,4000,3.000,383099.13,V,127699.71,0.00,1.000,3200
000000000010000922,2000,8.000,904006.88,V,113000.86,0.00,1.000,3200
000000000030000227,4000,1.000,91936.73,V,91936.73,0.00,1.000,3200
000000000030000227,2000,3.000,275810.19,V,91936.73,0.00,1.000,3200
000000000080000212,3000,6.000,1327134.24,V,221189.04,0.00,1.000,3200
000000000080000212,2000,7.000,1548323.28,V,221189.04,0.00,1.000,3200
000000000010000923,3000,13.000,7467517.98,V,574424.46,0.00,1.000,3200
000000000010000923,2000,12.000,6893093.52,V,574424.46,0.00,1.000,3200
000000000010000924,1000,1.000,142553.95,V,142553.95,0.00,1.000,3200
000000000080000213,3000,12.000,3521832.96,V,293486.08,0.00,1.000,3200
000000000030000228,1000,0.000,0.00,V,4072.97,0.00,1.000,3200
000000000010000925,1000,4.000,685139.64,V,171284.91,0.00,1.000,3200
000000000010000925,4000,2.000,342569.82,V,171284.91,0.00,1.000,3200
000000000010000926,1000,0.000,0.00,V,151107.18,0.00,1.000,3200
000000000010000926,3000,0.000,0.00,V,151107.18,0.00,1.000,3200
000000000030000229,1000,1.000,69474.21,V,69474.21,0.00,1.000,3200
000000000010000927,3000,0.000,0.00,V,89341.77,0.00,1.000,3200
000000000010000927,2000,0.000,0.00,V,89341.77,0.00,1.000,3200
000000000010000928,2000,6.000,901525.92,V,150254.32,0.00,1.000,3200
000000000010000928,4000,5.000,751271.60,V,150254.32,0.00,1.000,3200
000000000030000230,3000,0.000,0.00,V,104038.63,0.00,1.000,3200
000000000010000929,3000,0.000,0.00,V,149559.41,0.00,1.000,3200
000000000010000929,2000,12.000,1794712.92,V,149559.41,0.00,1.000,3200
000000000090000048,2000,23.000,3526752.61,V,153337.07,0.00,1.000,3200
000000000030000231,2000,1.000,28995.48,V,28995.48,0.00,1.000,3200
000000000030000232,3000,3.000,182186.97,V,60728.99,0.00,1.000,3200
000000000030000233,1000,2.000,691756.26,V,345878.13,0.00,1.000,3200
000000000030000233,4000,3.000,1037634.39,V,345878.13,0.00,1.000,3200
000000000010000930,4000,0.000,0.00,V,56118.74,0.00,1.000,3200
000000000080000214,4000,0.000,0.00,V,216820.68,0.00,1.000,3200
000000000010000931,4000,0.000,0.00,V,177082.29,0.00,1.000,3200
000000000010000932,1000,14.000,10501628.62,V,750116.33,0.00,1.000,3200
000000000010000933,2000,2.000,332796.82,V,166398.41,0.00,1.000,3200
000000000080000215,3000,4.000,1297566.80,V,324391.70,0.00,1.000,3200
000000000080000216,4000,11.000,324700.86,V,29518.26,0.00,1.000,3200
000000000010000934,4000,7.000,4972496.34,V,710356.62,0.00,1.000,3200
000000000010000934,3000,78.000,55407816.36,V,710356.62,0.00,1.000,3200
000000000010000935,1000,6.000,566527.32,V,94421.22,0.00,1.000,3200
000000000080000217,1000,14.000,284754.82,V,20339.63,0.00,1.000,3200
000000000080000217,4000,11.000,223735.93,V,20339.63,0.00,1.000,3200
000000000080000218,4000,2.000,545043.72,V,272521.86,0.00,1.000,3200
000000000080000219,3000,10.000,1039179.70,V,103917.97,0.00,1.000,3200
000000000010000936,2000,4.000,574100.36,V,143525.09,0.00,1.000,3200
000000000030000234,1000,0.000,0.00,V,33888.85,0.00,1.000,3200
000000000010000937,4000,0.000,0.00,V,32753.97,0.00,1.000,3200
000000000010000937,2000,0.000,0.00,V,32753.97,0.00,1.000,3200
000000000030000235,4000,0.000,0.00,V,26940.97,0.00,1.000,3200
000000000080000220,3000,9.000,2645490.15,V,293943.35,0.00,1.000,3200
000000000010000938,1000,3.000,795313.38,V,265104.46,0.00,1.000,3200
000000000010000939,3000,4.000,1113848.64,V,278462.16,0.00,1.000,3200
000000000030000236,1000,0.000,0.00,V,165550.49,0.00,1.000,3200
000000000030000236,3000,1.000,165550.49,V,165550.49,0.00,1.000,3200
000000000010000940,4000,0.000,0.00,V,651246.63,0.00,1.000,3200
000000000010000941,2000,16.000,978134.72,V,61133.42,0.00,1.000,3200
000000000010000942,3000,0.000,0.00,V,174943.96,0.00,1.000,3200
000000000080000221,1000,17.000,3884861.76,V,228521.28,0.00,1.000,3200
000000000010000943,1000,6.000,1590479.04,V,265079.84,0.00,1.000,3200
000000000010000943,4000,19.000,5036516.96,V,265079.84,0.00,1.000,3200
000000000090000049,1000,22.000,2036843.82,V,92583.81,0.00,1.000,3200
000000000010000944,1000,0.000,0.00,V,746837.48,0.00,1.000,3200
000000000010000945,4000,1.000,46755.53,V,46755.53,0.00,1.000,3200
000000000010000946,1000,7.000,3158868.79,V,451266.97,0.00,1.000,3200
000000000010000946,2000,8.000,3610135.76,V,451266.97,0.00,1.000,3200
000000000080000222,2000,20.000,8496639.40,V,424831.97,0.00,1.000,3200
000000000080000223,2000,2.000,366936.68,V,183468.34,0.00,1.000,3200
000000000030000237,2000,0.000,0.00,V,28576.15,0.00,1.000,3200
000000000030000237,1000,4.000,114304.60,V,28576.15,0.00,1.000,3200
000000000010000947,2000,6.000,781716.42,V,130286.07,0.00,1.000,3200
000000000010000948,3000,0.000,0.00,V,110248.66,0.00,1.000,3200
000000000080000224,1000,7.000,723029.09,V,103289.87,0.00,1.000,3200
000000000010000949,3000,314.000,7089074.38,V,22576.67,0.00,1.000,3200
000000000010000949,4000,60.000,1354600.20,V,22576.67,0.00,1.000,3200
000000000030000238,4000,1.000,293832.66,V,293832.66,0.00,1.000,3200
000000000030000239,3000,4.000,1723194.12,V,430798.53,0.00,1.000,3200
000000000030000240,4000,8.000,765204.16,V,95650.52,0.00,1.000,3200
000000000080000225,1000,7.000,2742430.11,V,391775.73,0.00,1.000,3200
000000000030000241,2000,0.000,0.00,V,86570.66,0.00,1.000,3200
000000000080000226,3000,2.000,556695.16,V,278347.58,0.00,1.000,3200
000000000080000226,4000,10.000,2783475.80,V,278347.58,0.00,1.000,3200
000000000030000242,3000,0.000,0.00,V,16958.33,0.00,1.000,3200
000000000030000242,1000,0.000,0.00,V,16958.33,0.00,1.000,3200
000000000030000243,3000,3.000,527472.36,V,175824.12,0.00,1.000,3200
000000000030000243,4000,3.000,527472.36,V,175824.12,0.00,1.000,3200
000000000080000227,1000,0.000,0.00,V,114405.33,0.00,1.000,3200
000000000080000228,1000,5.000,1211008.85,V,242201.77,0.00,1.000,3200
000000000010000950,2000,1.000,106519.31,V,106519.31,0.00,1.000,3200
000000000030000244,3000,3.000,365819.43,V,121939.81,0.00,1.000,3200
000000000010000951,2000,7.000,115261.58,V,16465.94,0.00,1.000,3200
000000000010000951,3000,16.000,263455.04,V,16465.94,0.00,1.000,3200
000000000030000245,3000,5.000,964252.40,V,192850.48,0.00,1.000,3200
000000000090000050,4000,15.000,1727337.00,V,115155.80,0.00,1.000,3200
000000000010000952,4000,8.000,951197.68,V,118899.71,0.00,1.000,3200
000000000010000953,1000,5.000,621292.15,V,124258.43,0.00,1.000,3200
000000000010000954,4000,95.000,1232115.80,V,12969.64,0.00,1.000,3200
000000000030000246,1000,2.000,467242.22,V,233621.11,0.00,1.000,3200
000000000010000955,3000,0.000,0.00,V,67709.02,0.00,1.000,3200
000000000010000956,4000,165.000,291144.15,V,1764.51,0.00,1.000,3200
000000000010000956,3000,84.000,148218.84,V,1764.51,0.00,1.000,3200
000000000080000229,4000,13.000,1103455.60,V,84881.20,0.00,1.000,3200
000000000080000230,3000,5.000,1698229.15,V,339645.83,0.00,1.000,3200
000000000010000957,4000,101.000,2021191.80,V,20011.80,0.00,1.000,3200
000000000010000958,3000,0.000,0.00,V,76833.74,0.00,1.000,3200
000000000010000958,4000,16.000,1229339.84,V,76833.74,0.00,1.000,3200
000000000010000959,4000,0.000,0.00,V,13363.56,0.00,1.000,3200
000000000010000960,3000,9.000,186774.39,V,20752.71,0.00,1.000,3200
000000000010000960,4000,5.000,103763.55,V,20752.71,0.00,1.000,3200
000000000080000231,4000,15.000,4379052.45,V,291936.83,0.00,1.000,3200
000000000030000247,3000,7.000,716017.54,V,102288.22,0.00,1.000,3200
000000000080000232,1000,6.000,1814791.68,V,302465.28,0.00,1.000,3200
000000000010000961,4000,0.000,0.00,V,32059.12,0.00,1.000,3200
000000000030000248,1000,4.000,1531753.76,V,382938.44,0.00,1.000,3200
000000000010000962,2000,3.000,455988.30,V,151996.10,0.00,1.000,3200
000000000010000962,3000,6.000,911976.60,V,151996.10,0.00,1.000,3200
000000000010000963,2000,3.000,244651.17,V,81550.39,0.00,1.000,3200
000000000010000964,4000,15.000,2218516.05,V,147901.07,0.00,1.000,3200
000000000080000233,3000,4.000,1236592.24,V,309148.06,0.00,1.000,3200
000000000010000965,2000,2.000,183690.28,V,91845.14,0.00,1.000,3200
000000000010000965,4000,1.000,91845.14,V,91845.14,0.00,1.000,3200
000000000010000966,2000,5.000,712429.75,V,142485.95,0.00,1.000,3200
000000000010000966,3000,6.000,854915.70,V,142485.95,0.00,1.000,3200
000000000090000051,1000,34.000,3576050.30,V,105177.95,0.00,1.000,3200
000000000010000967,3000,0.000,0.00,V,10662.20,0.00,1.000,3200
000000000030000249,2000,3.000,107687.58,V,35895.86,0.00,1.000,3200
000000000010000968,3000,11.000,4451497.49,V,404681.59,0.00,1.000,3200
000000000010000968,1000,9.000,3642134.31,V,404681.59,0.00,1.000,3200
000000000010000969,2000,0.000,0.00,V,175625.96,0.00,1.000,3200
000000000010000970,3000,63.000,14391365.31,V,228434.37,0.00,1.000,3200
000000000010000971,4000,31.000,1279723.71,V,41281.41,0.00,1.000,3200
000000000010000971,1000,15.000,619221.15,V,41281.41,0.00,1.000,3200
000000000010000972,1000,5.000,495119.60,V,99023.92,0.00,1.000,3200
000000000010000973,2000,49.000,138198.62,V,2820.38,0.00,1.000,3200
000000000010000974,3000,0.000,0.00,V,96450.37,0.00,1.000,3200
000000000010000974,2000,0.000,0.00,V,96450.37,0.00,1.000,3200
000000000010000975,1000,13.000,30697.68,V,2361.36,0.00,1.000,3200
000000000010000975,2000,57.000,134597.52,V,2361.36,0.00,1.000,3200
000000000010000976,1000,155.000,108851850.00,V,702270.00,0.00,1.000,3200
000000000080000234,2000,14.000,718757.76,V,51339.84,0.00,1.000,3200
000000000010000977,2000,18.000,107365.86,V,5964.77,0.00,1.000,3200
000000000010000977,3000,104.000,620336.08,V,5964.77,0.00,1.000,3200
000000000080000235,2000,11.000,567199.05,V,51563.55,0.00,1.000,3200
000000000080000236,2000,16.000,4890853.60,V,305678.35,0.00,1.000,3200
000000000010000978,1000,46.000,20795626.64,V,452078.84,0.00,1.000,3200
000000000010000979,2000,6.000,957542.40,V,159590.40,0.00,1.000,3200
000000000010000979,1000,4.000,638361.60,V,159590.40,0.00,1.000,3200
000000000010000980,2000,65.000,759172.05,V,11679.57,0.00,1.000,3200
000000000010000981,1000,5.000,1305446.90,V,261089.38,0.00,1.000,3200
000000000010000981,2000,9.000,2349804.42,V,261089.38,0.00,1.000,3200
000000000010000982,2000,12.000,409336.56,V,34111.38,0.00,1.000,3200
000000000010000982,4000,7.000,238779.66,V,34111.38,0.00,1.000,3200
000000000010000983,2000,3.000,131162.94,V,43720.98,0.00,1.000,3200
000000000030000250,4000,3.000,1727247.69,V,575749.23,0.00,1.000,3200
000000000080000237,4000,2.000,97364.88,V,48682.44,0.00,1.000,3200
000000000010000984,3000,15.000,6760991.40,V,450732.76,0.00,1.000,3200
000000000010000985,3000,16.000,1822107.20,V,113881.70,0.00,1.000,3200
000000000080000238,4000,7.000,436191.91,V,62313.13,0.00,1.000,3200
000000000010000986,4000,2.000,241393.20,V,120696.60,0.00,1.000,3200
000000000010000986,3000,1.000,120696.60,V,120696.60,0.00,1.000,3200
000000000010000987,1000,17.000,10702051.48,V,629532.44,0.00,1.000,3200
000000000010000988,1000,0.000,0.00,V,209389.33,0.00,1.000,3200
000000000030000251,1000,3.000,1904130.03,V,634710.01,0.00,1.000,3200
000000000010000989,2000,7.000,1736740.32,V,248105.76,0.00,1.000,3200
000000000010000989,1000,4.000,992423.04,V,248105.76,0.00,1.000,3200
000000000010000990,1000,2.000,263098.88,V,131549.44,0.00,1.000,3200
000000000090000052,2000,17.000,1397794.23,V,82223.19,0.00,1.000,3200
000000000090000052,3000,37.000,3042258.03,V,82223.19,0.00,1.000,3200
000000000080000239,3000,5.000,1568060.80,V,313612.16,0.00,1.000,3200
000000000080000240,3000,3.000,346627.59,V,115542.53,0.00,1.000,3200
000000000010000991,2000,58.000,759864.38,V,13101.11,0.00,1.000,3200
000000000010000992,2000,35.000,241148.25,V,6889.95,0.00,1.000,3200
000000000010000993,3000,0.000,0.00,V,163382.26,0.00,1.000,3200
000000000010000994,1000,3.000,57282.90,V,19094.30,0.00,1.000,3200
000000000010000995,1000,6.000,3140845.80,V,523474.30,0.00,1.000,3200
000000000010000996,3000,0.000,0.00,V,12141.26,0.00,1.000,3200
000000000010000997,4000,48.000,34774511.52,V,724468.99,0.00,1.000,3200
000000000010000998,4000,0.000,0.00,V,118463.65,0.00,1.000,3200
000000000010000999,2000,0.000,0.00,V,72477.21,0.00,1.000,3200
000000000010001000,2000,5.000,245894.65,V,49178.93,0.00,1.000,3200
000000000010001001,4000,107.000,1513775.01,V,14147.43,0.00,1.000,3200
000000000030000252,4000,0.000,0.00,V,108976.36,0.00,1.000,3200
000000000030000253,3000,4.000,615864.04,V,153966.01,0.00,1.000,3200
000000000030000253,2000,2.000,307932.02,V,153966.01,0.00,1.000,3200
000000000010001002,4000,3.000,1340022.96,V,446674.32,0.00,1.000,3200
000000000030000254,3000,0.000,0.00,V,94898.27,0.00,1.000,3200
000000000010001003,3000,62.000,1366126.60,V,22034.30,0.00,1.000,3200
000000000010001004,2000,95.000,244838.75,V,2577.25,0.00,1.000,3200
000000000010001005,4000,15.000,166652.85,V,11110.19,0.00,1.000,3200
000000000010001005,1000,4.000,44440.76,V,11110.19,0.00,1.000,3200
000000000080000241,1000,4.000,158236.72,V,39559.18,0.00,1.000,3200
000000000080000241,4000,1.000,39559.18,V,39559.18,0.00,1.000,3200
000000000010001006,4000,0.000,0.00,V,476204.18,0.00,1.000,3200
000000000010001006,1000,3.000,1428612.54,V,476204.18,0.00,1.000,3200
000000000010001007,3000,3.000,304318.50,V,101439.50,0.00,1.000,3200
000000000010001007,4000,4.000,405758.00,V,101439.50,0.00,1.000,3200
000000000080000242,3000,2.000,325175.92,V,162587.96,0.00,1.000,3200
000000000080000242,2000,3.000,487763.88,V,162587.96,0.00,1.000,3200
000000000030000255,4000,0.000,0.00,V,114128.08,0.00,1.000,3200
000000000010001008,3000,2.000,107133.08,V,53566.54,0.00,1.000,3200
000000000030000256,3000,0.000,0.00,V,128947.99,0.00,1.000,3200
000000000080000243,1000,0.000,0.00,V,44096.08,0.00,1.000,3200
000000000010001009,2000,5.000,861405.10,V,172281.02,0.00,1.000,3200
000000000080000244,3000,2.000,263237.58,V,131618.79,0.00,1.000,3200
000000000080000245,3000,18.000,3510081.18,V,195004.51,0.00,1.000,3200
000000000010001010,2000,52.000,743552.16,V,14299.08,0.00,1.000,3200
000000000010001011,3000,5.000,746835.20,V,149367.04,0.00,1.000,3200
000000000010001012,2000,2.000,270966.94,V,135483.47,0.00,1.000,3200
000000000010001013,1000,11.000,7868207.16,V,715291.56,0.00,1.000,3200
000000000010001013,2000,4.000,2861166.24,V,715291.56,0.00,1.000,3200
000000000080000246,3000,2.000,817429.26,V,408714.63,0.00,1.000,3200
000000000010001014,2000,12.000,104707.92,V,8725.66,0.00,1.000,3200
000000000080000247,2000,9.000,3874313.70,V,430479.30,0.00,1.000,3200
000000000080000247,3000,6.000,2582875.80,V,430479.30,0.00,1.000,3200
000000000080000248,2000,4.000,1015018.76,V,253754.69,0.00,1.000,3200
000000000080000249,4000,3.000,809088.60,V,269696.20,0.00,1.000,3200
000000000010001015,3000,1.000,36227.03,V,36227.03,0.00,1.000,3200
000000000010001016,2000,6.000,921486.84,V,153581.14,0.00,1.000,3200
000000000030000257,2000,4.000,58189.96,V,14547.49,0.00,1.000,3200
000000000080000250,3000,13.000,4034648.54,V,310357.58,0.00,1.000,3200
000000000030000258,3000,0.000,0.00,V,177475.41,0.00,1.000,3200
000000000010001017,3000,5.000,395406.70,V,79081.34,0.00,1.000,3200
000000000010001017,2000,6.000,474488.04,V,79081.34,0.00,1.000,3200
000000000080000251,2000,3.000,486207.42,V,162069.14,0.00,1.000,3200
000000000010001018,1000,0.000,0.00,V,366760.73,0.00,1.000,3200
000000000030000259,2000,2.000,52989.12,V,26494.56,0.00,1.000,3200
000000000080000252,2000,1.000,397332.23,V,397332.23,0.00,1.000,3200
000000000010001019,2000,0.000,0.00,V,88353.35,0.00,1.000,3200
000000000010001020,3000,0.000,0.00,V,53939.54,0.00,1.000,3200
000000000010001020,1000,0.000,0.00,V,53939.54,0.00,1.000,3200
000000000010001021,3000,124.000,1786766.84,V,14409.41,0.00,1.000,3200
000000000010001022,4000,1.000,128913.60,V,128913.60,0.00,1.000,3200
000000000010001023,3000,5.000,3049591.75,V,609918.35,0.00,1.000,3200
000000000080000253,3000,0.000,0.00,V,372090.24,0.00,1.000,3200
000000000010001024,4000,0.000,0.00,V,17974.13,0.00,1.000,3200
000000000030000260,4000,4.000,31026.76,V,7756.69,0.00,1.000,3200
000000000030000260,3000,0.000,0.00,V,7756.69,0.00,1.000,3200
000000000010001025,1000,3.000,2142089.49,V,714029.83,0.00,1.000,3200
000000000010001026,4000,8.000,5414848.32,V,676856.04,0.00,1.000,3200
000000000010001027,3000,52.000,343502.12,V,6605.81,0.00,1.000,3200
000000000010001028,1000,0.000,0.00,V,49371.81,0.00,1.000,3200
000000000030000261,4000,0.000,0.00,V,562315.15,0.00,1.000,3200
000000000010001029,3000,4.000,2242605.32,V,560651.33,0.00,1.000,3200
000000000010001030,4000,0.000,0.00,V,69946.05,0.00,1.000,3200
000000000010001030,2000,0.000,0.00,V,69946.05,0.00,1.000,3200
000000000030000262,1000,0.000,0.00,V,711412.93,0.00,1.000,3200
000000000030000262,3000,2.000,1422825.86,V,711412.93,0.00,1.000,3200
000000000080000254,1000,5.000,1372513.50,V,274502.70,0.00,1.000,3200
000000000010001031,4000,3.000,319190.16,V,106396.72,0.00,1.000,3200
000000000080000255,2000,1.000,268591.13,V,268591.13,0.00,1.000,3200
000000000080000256,3000,0.000,0.00,V,63051.17,0.00,1.000,3200
000000000080000256,4000,5.000,315255.85,V,63051.17,0.00,1.000,3200
000000000010001032,4000,21.000,431782.47,V,20561.07,0.00,1.000,3200
000000000010001033,4000,0.000,0.00,V,157463.47,0.00,1.000,3200
000000000080000257,2000,6.000,758882.34,V,126480.39,0.00,1.000,3200
000000000010001034,3000,0.000,0.00,V,139889.36,0.00,1.000,3200
000000000010001035,4000,51.000,675710.22,V,13249.22,0.00,1.000,3200
000000000010001036,4000,0.000,0.00,V,85899.49,0.00,1.000,3200
000000000030000263,4000,2.000,1128491.84,V,564245.92,0.00,1.000,3200
000000000010001037,2000,2.000,93907.92,V,46953.96,0.00,1.000,3200
000000000010001038,2000,34.000,26515499.08,V,779867.62,0.00,1.000,3200
000000000010001039,1000,26.000,10776936.82,V,414497.57,0.00,1.000,3200
000000000010001040,1000,1.000,30532.33,V,30532.33,0.00,1.000,3200
000000000010001041,4000,0.000,0.00,V,10450.06,0.00,1.000,3200
000000000010001042,2000,0.000,0.00,V,35310.22,0.00,1.000,3200
000000000080000258,1000,11.000,492437.44,V,44767.04,0.00,1.000,3200
000000000010001043,3000,3.000,2390207.31,V,796735.77,0.00,1.000,3200
000000000010001044,1000,39.000,53722.89,V,1377.51,0.00,1.000,3200
000000000010001044,3000,83.000,114333.33,V,1377.51,0.00,1.000,3200
000000000010001045,3000,3.000,239909.70,V,79969.90,0.00,1.000,3200
000000000010001046,3000,3.000,21120.57,V,7040.19,0.00,1.000,3200
000000000010001047,1000,8.000,6207217.84,V,775902.23,0.00,1.000,3200
000000000010001048,2000,0.000,0.00,V,135043.78,0.00,1.000,3200
000000000010001049,4000,64.000,1275753.60,V,19933.65,0.00,1.000,3200
000000000010001050,4000,0.000,0.00,V,126366.31,0.00,1.000,3200
000000000010001051,3000,8.000,787206.24,V,98400.78,0.00,1.000,3200
000000000010001051,4000,4.000,393603.12,V,98400.78,0.00,1.000,3200
000000000030000264,1000,7.000,809969.09,V,115709.87,0.00,1.000,3200
000000000030000265,3000,0.000,0.00,V,796620.54,0.00,1.000,3200
000000000030000265,2000,3.000,2389861.62,V,796620.54,0.00,1.000,3200
000000000080000259,1000,11.000,3157790.35,V,287071.85,0.00,1.000,3200
000000000010001052,1000,66.000,1118630.04,V,16948.94,0.00,1.000,3200
000000000080000260,2000,11.000,3353403.90,V,304854.90,0.00,1.000,3200
000000000080000260,4000,6.000,1829129.40,V,304854.90,0.00,1.000,3200
000000000010001053,4000,9.000,114072.75,V,12674.75,0.00,1.000,3200
000000000080000261,3000,3.000,1317096.03,V,439032.01,0.00,1.000,3200
000000000030000266,3000,0.000,0.00,V,145082.34,0.00,1.000,3200
000000000010001054,4000,52.000,168098.84,V,3232.67,0.00,1.000,3200
000000000010001055,4000,5.000,655156.45,V,131031.29,0.00,1.000,3200
000000000010001056,4000,0.000,0.00,V,43818.47,0.00,1.000,3200
000000000010001056,2000,0.000,0.00,V,43818.47,0.00,1.000,3200
000000000010001057,4000,0.000,0.00,V,11867.90,0.00,1.000,3200
000000000010001057,3000,87.000,1032507.30,V,11867.90,0.00,1.000,3200
000000000030000267,1000,0.000,0.00,V,112052.59,0.00,1.000,3200
000000000010001058,1000,8.000,5879170.56,V,734896.32,0.00,1.000,3200
000000000010001058,3000,10.000,7348963.20,V,734896.32,0.00,1.000,3200
000000000010001059,2000,0.000,0.00,V,38356.73,0.00,1.000,3200
000000000010001059,3000,0.000,0.00,V,38356.73,0.00,1.000,3200
000000000080000262,4000,3.000,947013.69,V,315671.23,0.00,1.000,3200
000000000080000262,2000,2.000,631342.46,V,315671.23,0.00,1.000,3200
000000000010001060,3000,0.000,0.00,V,662735.33,0.00,1.000,3200
000000000010001060,2000,0.000,0.00,V,662735.33,0.00,1.000,3200
000000000010001061,4000,0.000,0.00,V,55709.83,0.00,1.000,3200
000000000090000053,3000,24.000,698147.28,V,29089.47,0.00,1.000,3200
000000000090000053,1000,9.000,261805.23,V,29089.47,0.00,1.000,3200
000000000010001062,1000,11.000,347695.81,V,31608.71,0.00,1.000,3200
000000000010001063,2000,0.000,0.00,V,608715.53,0.00,1.000,3200
000000000010001063,3000,10.000,6087155.30,V,608715.53,0.00,1.000,3200
000000000030000268,1000,3.000,1776295.92,V,592098.64,0.00,1.000,3200
000000000010001064,1000,67.000,32396970.29,V,483536.87,0.00,1.000,3200
000000000010001065,3000,0.000,0.00,V,85790.04,0.00,1.000,3200
000000000010001065,1000,0.000,0.00,V,85790.04,0.00,1.000,3200
000000000010001066,4000,3.000,741998.16,V,247332.72,0.00,1.000,3200
000000000010001067,1000,6.000,493192.02,V,82198.67,0.00,1.000,3200
000000000010001067,4000,3.000,246596.01,V,82198.67,0.00,1.000,3200
000000000010001068,1000,0.000,0.00,V,709740.85,0.00,1.000,3200
000000000010001069,1000,7.000,98855.75,V,14122.25,0.00,1.000,3200
000000000010001069,2000,7.000,98855.75,V,14122.25,0.00,1.000,3200
000000000090000054,4000,38.000,2760663.52,V,72649.04,0.00,1.000,3200
000000000010001070,3000,10.000,6027211.70,V,602721.17,0.00,1.000,3200
000000000030000269,2000,2.000,298593.32,V,149296.66,0.00,1.000,3200
000000000010001071,3000,0.000,0.00,V,760617.07,0.00,1.000,3200
000000000010001072,4000,18.000,13687955.46,V,760441.97,0.00,1.000,3200
000000000010001073,4000,6.000,4758314.88,V,793052.48,0.00,1.000,3200
000000000010001073,3000,16.000,12688839.68,V,793052.48,0.00,1.000,3200
000000000030000270,4000,7.000,852233.83,V,121747.69,0.00,1.000,3200
000000000010001074,3000,0.000,0.00,V,140781.06,0.00,1.000,3200
000000000010001075,2000,4.000,485354.36,V,121338.59,0.00,1.000,3200
000000000010001076,1000,0.000,0.00,V,3937.62,0.00,1.000,3200
000000000080000263,4000,5.000,2238282.15,V,447656.43,0.00,1.000,3200
000000000010001077,1000,175.000,1628718.00,V,9306.96,0.00,1.000,3200
000000000010001078,4000,0.000,0.00,V,36962.69,0.00,1.000,3200
000000000010001078,3000,9.000,332664.21,V,36962.69,0.00,1.000,3200
000000000080000264,2000,12.000,2342276.16,V,195189.68,0.00,1.000,3200
000000000010001079,4000,35.000,761666.15,V,21761.89,0.00,1.000,3200
000000000030000271,4000,3.000,250851.54,V,83617.18,0.00,1.000,3200
000000000010001080,1000,0.000,0.00,V,102629.47,0.00,1.000,3200
000000000010001081,3000,0.000,0.00,V,58532.65,0.00,1.000,3200
000000000010001082,1000,0.000,0.00,V,25762.37,0.00,1.000,3200
000000000010001082,2000,0.000,0.00,V,25762.37,0.00,1.000,3200
000000000010001083,2000,8.000,130762.72,V,16345.34,0.00,1.000,3200
000000000030000272,2000,7.000,567073.43,V,81010.49,0.00,1.000,3200
000000000090000055,4000,10.000,1492837.50,V,149283.75,0.00,1.000,3200
000000000090000055,2000,6.000,895702.50,V,149283.75,0.00,1.000,3200
000000000010001084,2000,6.000,841732.14,V,140288.69,0.00,1.000,3200
000000000010001084,3000,3.000,420866.07,V,140288.69,0.00,1.000,3200
000000000010001085,4000,0.000,0.00,V,128261.61,0.00,1.000,3200
000000000010001086,4000,7.000,1244961.27,V,177851.61,0.00,1.000,3200
000000000010001087,3000,0.000,0.00,V,60005.32,0.00,1.000,3200
000000000090000056,3000,8.000,1178409.20,V,147301.15,0.00,1.000,3200
000000000090000056,4000,9.000,1325710.35,V,147301.15,0.00,1.000,3200
000000000010001088,3000,0.000,0.00,V,37561.92,0.00,1.000,3200
000000000010001089,4000,3.000,155560.50,V,51853.50,0.00,1.000,3200
000000000010001089,2000,1.000,51853.50,V,51853.50,0.00,1.000,3200
000000000010001090,3000,7.000,4636199.75,V,662314.25,0.00,1.000,3200
000000000010001091,2000,7.000,626960.88,V,89565.84,0.00,1.000,3200
000000000010001092,3000,0.000,0.00,V,176569.89,0.00,1.000,3200
000000000010001092,2000,0.000,0.00,V,176569.89,0.00,1.000,3200
000000000010001093,2000,8.000,781510.40,V,97688.80,0.00,1.000,3200
000000000030000273,2000,2.000,384648.00,V,192324.00,0.00,1.000,3200
000000000010001094,4000,26.000,161084.56,V,6195.56,0.00,1.000,3200
000000000010001095,4000,0.000,0.00,V,146859.84,0.00,1.000,3200
000000000010001096,4000,4.000,663763.52,V,165940.88,0.00,1.000,3200
000000000010001096,2000,19.000,3152876.72,V,165940.88,0.00,1.000,3200
000000000010001097,4000,1.000,81727.99,V,81727.99,0.00,1.000,3200
000000000030000274,2000,3.000,331300.68,V,110433.56,0.00,1.000,3200
000000000010001098,4000,16.000,1547290.56,V,96705.66,0.00,1.000,3200
000000000080000265,1000,5.000,2122049.25,V,424409.85,0.00,1.000,3200
000000000080000265,2000,10.000,4244098.50,V,424409.85,0.00,1.000,3200
000000000010001099,2000,0.000,0.00,V,141653.25,0.00,1.000,3200
000000000010001099,4000,0.000,0.00,V,141653.25,0.00,1.000,3200
000000000010001100,2000,5.000,2942841.35,V,588568.27,0.00,1.000,3200
000000000010001100,4000,8.000,4708546.16,V,588568.27,0.00,1.000,3200
000000000010001101,1000,6.000,1103418.90,V,183903.15,0.00,1.000,3200
000000000010001101,4000,0.000,0.00,V,183903.15,0.00,1.000,3200
000000000080000266,2000,9.000,282179.79,V,31353.31,0.00,1.000,3200
000000000010001102,1000,0.000,0.00,V,138813.25,0.00,1.000,3200
000000000030000275,1000,4.000,498533.52,V,124633.38,0.00,1.000,3200
000000000090000057,2000,31.000,2362686.39,V,76215.69,0.00,1.000,3200
000000000090000057,1000,35.000,2667549.15,V,76215.69,0.00,1.000,3200
000000000010001103,4000,0.000,0.00,V,7874.56,0.00,1.000,3200
000000000010001104,1000,6.000,3588558.96,V,598093.16,0.00,1.000,3200
000000000030000276,4000,4.000,144991.24,V,36247.81,0.00,1.000,3200
000000000030000276,3000,0.000,0.00,V,36247.81,0.00,1.000,3200
000000000010001105,4000,116.000,2185578.04,V,18841.19,0.00,1.000,3200
000000000010001105,2000,60.000,1130471.40,V,18841.19,0.00,1.000,3200
000000000010001106,1000,6.000,3673413.36,V,612235.56,0.00,1.000,3200
000000000010001107,3000,62.000,30493570.98,V,491831.79,0.00,1.000,3200
000000000090000058,4000,19.000,423534.51,V,22291.29,0.00,1.000,3200
000000000010001108,3000,6.000,565111.98,V,94185.33,0.00,1.000,3200
000000000090000059,2000,9.000,1005740.73,V,111748.97,0.00,1.000,3200
000000000080000267,4000,14.000,4921201.46,V,351514.39,0.00,1.000,3200
000000000030000277,4000,0.000,0.00,V,83854.97,0.00,1.000,3200
000000000010001109,2000,0.000,0.00,V,83630.64,0.00,1.000,3200
000000000030000278,1000,0.000,0.00,V,97442.09,0.00,1.000,3200
000000000010001110,4000,53.000,132227.58,V,2494.86,0.00,1.000,3200
000000000080000268,3000,4.000,1023278.40,V,255819.60,0.00,1.000,3200
000000000030000279,1000,2.000,1119484.38,V,559742.19,0.00,1.000,3200
000000000010001111,1000,3.000,472550.88,V,157516.96,0.00,1.000,3200
000000000080000269,1000,3.000,809047.71,V,269682.57,0.00,1.000,3200
000000000080000269,4000,4.000,1078730.28,V,269682.57,0.00,1.000,3200
000000000010001112,3000,5.000,761298.25,V,152259.65,0.00,1.000,3200
000000000030000280,3000,2.000,43974.48,V,21987.24,0.00,1.000,3200
000000000010001113,2000,157.000,36041761.52,V,229565.36,0.00,1.000,3200
000000000010001113,3000,130.000,29843496.80,V,229565.36,0.00,1.000,3200
000000000030000281,2000,0.000,0.00,V,711346.02,0.00,1.000,3200
000000000030000281,4000,7.000,4979422.14,V,711346.02,0.00,1.000,3200
000000000080000270,3000,7.000,1018911.88,V,145558.84,0.00,1.000,3200
000000000010001114,2000,31.000,127493.70,V,4112.70,0.00,1.000,3200
000000000080000271,4000,2.000,436317.48,V,218158.74,0.00,1.000,3200
000000000010001115,3000,0.000,0.00,V,164145.64,0.00,1.000,3200
000000000010001116,1000,24.000,143204.40,V,5966.85,0.00,1.000,3200
000000000010001116,4000,133.000,793591.05,V,5966.85,0.00,1.000,3200
000000000030000282,1000,0.000,0.00,V,739792.42,0.00,1.000,3200
000000000030000282,3000,1.000,739792.42,V,739792.42,0.00,1.000,3200
000000000090000060,1000,7.000,751323.09,V,107331.87,0.00,1.000,3200
000000000090000060,3000,33.000,3541951.71,V,107331.87,0.00,1.000,3200
000000000010001117,2000,0.000,0.00,V,125084.08,0.00,1.000,3200
000000000010001117,4000,1.000,125084.08,V,125084.08,0.00,1.000,3200
000000000010001118,1000,2.000,16617.52,V,8308.76,0.00,1.000,3200
000000000030000283,3000,0.000,0.00,V,18941.75,0.00,1.000,3200
000000000010001119,1000,1.000,61127.24,V,61127.24,0.00,1.000,3200
000000000010001119,2000,2.000,122254.48,V,61127.24,0.00,1.000,3200
000000000080000272,4000,0.000,0.00,V,114860.86,0.00,1.000,3200
000000000010001120,3000,11.000,846527.44,V,76957.04,0.00,1.000,3200
000000000010001121,3000,42.000,695124.78,V,16550.59,0.00,1.000,3200
000000000010001121,2000,158.000,2614993.22,V,16550.59,0.00,1.000,3200
000000000080000273,1000,9.000,3047726.97,V,338636.33,0.00,1.000,3200
000000000010001122,2000,9.000,6974468.64,V,774940.96,0.00,1.000,3200
000000000010001123,1000,2.000,7993.54,V,3996.77,0.00,1.000,3200
000000000030000284,3000,1.000,501639.47,V,501639.47,0.00,1.000,3200
000000000010001124,1000,170.000,3732730.80,V,21957.24,0.00,1.000,3200
000000000010001125,3000,9.000,1201028.22,V,133447.58,0.00,1.000,3200
000000000010001125,2000,9.000,1201028.22,V,133447.58,0.00,1.000,3200
000000000010001126,3000,138.000,1236473.10,V,8959.95,0.00,1.000,3200
000000000080000274,4000,8.000,2243973.36,V,280496.67,0.00,1.000,3200
000000000090000061,4000,25.000,123376.75,V,4935.07,0.00,1.000,3200
000000000010001127,2000,0.000,0.00,V,38537.84,0.00,1.000,3200
000000000010001128,2000,11.000,1882353.99,V,171123.09,0.00,1.000,3200
000000000010001128,1000,2.000,342246.18,V,171123.09,0.00,1.000,3200
000000000010001129,1000,26.000,183713.66,V,7065.91,0.00,1.000,3200
000000000010001130,2000,27.000,30952.26,V,1146.38,0.00,1.000,3200
000000000010001130,1000,214.000,245325.32,V,1146.38,0.00,1.000,3200
000000000030000285,1000,0.000,0.00,V,96085.18,0.00,1.000,3200
000000000080000275,1000,13.000,3637733.06,V,279825.62,0.00,1.000,3200
000000000010001131,1000,0.000,0.00,V,107054.46,0.00,1.000,3200
000000000010001132,4000,4.000,2889763.40,V,722440.85,0.00,1.000,3200
000000000010001132,2000,4.000,2889763.40,V,722440.85,0.00,1.000,3200
000000000030000286,2000,0.000,0.00,V,692605.89,0.00,1.000,3200
000000000010001133,3000,42.000,446354.16,V,10627.48,0.00,1.000,3200
000000000010001134,3000,6.000,607638.06,V,101273.01,0.00,1.000,3200
000000000010001135,1000,8.000,151788.00,V,18973.50,0.00,1.000,3200
000000000010001135,3000,6.000,113841.00,V,18973.50,0.00,1.000,3200
000000000080000276,4000,21.000,5558688.45,V,264699.45,0.00,1.000,3200
000000000080000276,2000,19.000,5029289.55,V,264699.45,0.00,1.000,3200
000000000010001136,2000,9.000,798262.29,V,88695.81,0.00,1.000,3200
000000000010001136,4000,3.000,266087.43,V,88695.81,0.00,1.000,3200
000000000010001137,3000,4.000,78187.08,V,19546.77,0.00,1.000,3200
000000000010001138,2000,11.000,767556.35,V,69777.85,0.00,1.000,3200
000000000010001139,2000,28.000,110615.68,V,3950.56,0.00,1.000,3200
000000000010001140,2000,19.000,329917.90,V,17364.10,0.00,1.000,3200
000000000010001140,1000,40.000,694564.00,V,17364.10,0.00,1.000,3200
000000000010001141,3000,0.000,0.00,V,27945.01,0.00,1.000,3200
000000000010001141,1000,4.000,111780.04,V,27945.01,0.00,1.000,3200
000000000010001142,1000,0.000,0.00,V,467180.69,0.00,1.000,3200
000000000010001143,2000,0.000,0.00,V,172956.36,0.00,1.000,3200
000000000080000277,3000,18.000,6783061.32,V,376836.74,0.00,1.000,3200
000000000010001144,4000,0.000,0.00,V,174434.56,0.00,1.000,3200
000000000010001145,1000,137.000,1714024.81,V,12511.13,0.00,1.000,3200
000000000030000287,1000,8.000,2180531.36,V,272566.42,0.00,1.000,3200
000000000010001146,2000,0.000,0.00,V,72124.95,0.00,1.000,3200
000000000090000062,3000,33.000,5054639.37,V,153170.89,0.00,1.000,3200
000000000010001147,2000,0.000,0.00,V,89489.93,0.00,1.000,3200
000000000010001148,4000,0.000,0.00,V,121053.53,0.00,1.000,3200
000000000080000278,2000,10.000,2882604.70,V,288260.47,0.00,1.000,3200
000000000080000279,2000,10.000,3522755.10,V,352275.51,0.00,1.000,3200
000000000010001149,3000,0.000,0.00,V,97317.63,0.00,1.000,3200
000000000010001150,3000,0.000,0.00,V,121888.19,0.00,1.000,3200
000000000010001151,2000,2.000,1105790.74,V,552895.37,0.00,1.000,3200
000000000010001152,4000,53.000,848915.84,V,16017.28,0.00,1.000,3200
000000000010001153,2000,7.000,223710.55,V,31958.65,0.00,1.000,3200
000000000010001154,3000,7.000,737863.42,V,105409.06,0.00,1.000,3200
000000000010001155,3000,54.000,433682.64,V,8031.16,0.00,1.000,3200
000000000010001156,4000,0.000,0.00,V,12894.22,0.00,1.000,3200
000000000010001156,1000,4.000,51576.88,V,12894.22,0.00,1.000,3200
000000000010001157,4000,74.000,29180844.02,V,394335.73,0.00,1.000,3200
000000000080000280,2000,5.000,767932.45,V,153586.49,0.00,1.000,3200
000000000010001158,2000,0.000,0.00,V,150164.11,0.00,1.000,3200
000000000010001159,2000,0.000,0.00,V,102693.27,0.00,1.000,3200
000000000010001160,3000,54.000,655744.14,V,12143.41,0.00,1.000,3200
000000000080000281,2000,10.000,2687050.00,V,268705.00,0.00,1.000,3200
000000000080000282,3000,3.000,302904.96,V,100968.32,0.00,1.000,3200
000000000090000063,2000,19.000,2419603.45,V,127347.55,0.00,1.000,3200
000000000010001161,4000,0.000,0.00,V,188165.25,0.00,1.000,3200
000000000010001161,3000,19.000,3575139.75,V,188165.25,0.00,1.000,3200
000000000010001162,2000,0.000,0.00,V,20835.81,0.00,1.000,3200
000000000010001163,4000,1.000,8794.12,V,8794.12,0.00,1.000,3200
000000000010001164,2000,0.000,0.00,V,137020.33,0.00,1.000,3200
000000000010001165,2000,0.000,0.00,V,134338.56,0.00,1.000,3200
000000000090000064,2000,14.000,2016616.42,V,144044.03,0.00,1.000,3200
000000000090000064,1000,36.000,5185585.08,V,144044.03,0.00,1.000,3200
000000000010001166,4000,0.000,0.00,V,24182.84,0.00,1.000,3200
000000000010001167,1000,0.000,0.00,V,14255.94,0.00,1.000,3200
000000000010001168,2000,0.000,0.00,V,715494.59,0.00,1.000,3200
000000000010001169,2000,0.000,0.00,V,7043.48,0.00,1.000,3200
000000000010001170,1000,0.000,0.00,V,543099.54,0.00,1.000,3200
000000000010001170,3000,0.000,0.00,V,543099.54,0.00,1.000,3200
000000000090000065,4000,20.000,423889.20,V,21194.46,0.00,1.000,3200
000000000010001171,4000,21.000,69114.15,V,3291.15,0.00,1.000,3200
000000000010001172,1000,9.000,6709931.19,V,745547.91,0.00,1.000,3200
000000000080000283,4000,8.000,2249269.28,V,281158.66,0.00,1.000,3200
000000000080000283,2000,6.000,1686951.96,V,281158.66,0.00,1.000,3200
000000000030000288,1000,3.000,45759.24,V,15253.08,0.00,1.000,3200
000000000030000289,1000,5.000,328443.80,V,65688.76,0.00,1.000,3200
000000000010001173,1000,127.000,225733.61,V,1777.43,0.00,1.000,3200
000000000010001174,2000,8.000,5992260.64,V,749032.58,0.00,1.000,3200
000000000010001175,3000,0.000,0.00,V,551462.07,0.00,1.000,3200
000000000010001176,3000,0.000,0.00,V,7628.75,0.00,1.000,3200
000000000010001176,4000,113.000,862048.75,V,7628.75,0.00,1.000,3200
000000000010001177,4000,22.000,2402824.60,V,109219.30,0.00,1.000,3200
000000000010001178,4000,8.000,421664.56,V,52708.07,0.00,1.000,3200
000000000010001179,3000,14.000,7677383.98,V,548384.57,0.00,1.000,3200
000000000010001180,1000,0.000,0.00,V,35995.76,0.00,1.000,3200
000000000010001181,1000,3.000,1996979.07,V,665659.69,0.00,1.000,3200
000000000010001182,3000,6.000,673819.08,V,112303.18,0.00,1.000,3200
000000000030000290,2000,0.000,0.00,V,84229.12,0.00,1.000,3200
000000000010001183,1000,0.000,0.00,V,708707.31,0.00,1.000,3200
000000000010001184,4000,0.000,0.00,V,15622.51,0.00,1.000,3200
000000000080000284,1000,3.000,876847.89,V,292282.63,0.00,1.000,3200
000000000080000285,2000,1.000,185789.85,V,185789.85,0.00,1.000,3200
000000000010001185,3000,0.000,0.00,V,140271.55,0.00,1.000,3200
000000000030000291,4000,5.000,450895.05,V,90179.01,0.00,1.000,3200
000000000030000291,2000,7.000,631253.07,V,90179.01,0.00,1.000,3200
000000000010001186,4000,12.000,567026.88,V,47252.24,0.00,1.000,3200
000000000030000292,3000,0.000,0.00,V,129714.19,0.00,1.000,3200
000000000010001187,1000,0.000,0.00,V,221723.73,0.00,1.000,3200
000000000010001188,4000,197.000,131814197.20,V,669107.60,0.00,1.000,3200
000000000030000293,4000,4.000,568955.00,V,142238.75,0.00,1.000,3200
000000000010001189,3000,54.000,546506.46,V,10120.49,0.00,1.000,3200
000000000080000286,1000,6.000,381662.40,V,63610.40,0.00,1.000,3200
000000000080000286,3000,7.000,445272.80,V,63610.40,0.00,1.000,3200
000000000010001190,2000,0.000,0.00,V,178940.13,0.00,1.000,3200
000000000010001191,2000,0.000,0.00,V,309676.10,0.00,1.000,3200
000000000080000287,2000,19.000,635489.77,V,33446.83,0.00,1.000,3200
000000000010001192,4000,7.000,28542.50,V,4077.50,0.00,1.000,3200
000000000010001192,1000,12.000,48930.00,V,4077.50,0.00,1.000,3200
000000000010001193,3000,1.000,29820.91,V,29820.91,0.00,1.000,3200
000000000010001194,4000,0.000,0.00,V,176709.43,0.00,1.000,3200
000000000010001195,1000,223.000,43916745.84,V,196936.08,0.00,1.000,3200
000000000010001196,3000,16.000,2301086.24,V,143817.89,0.00,1.000,3200
000000000010001196,4000,38.000,5465079.82,V,143817.89,0.00,1.000,3200
000000000090000066,4000,9.000,752213.97,V,83579.33,0.00,1.000,3200
000000000090000066,2000,18.000,1504427.94,V,83579.33,0.00,1.000,3200
000000000010001197,1000,37.000,790301.50,V,21359.50,0.00,1.000,3200
000000000010001198,1000,38.000,862030.76,V,22685.02,0.00,1.000,3200
000000000010001199,2000,3.000,325975.59,V,108658.53,0.00,1.000,3200
000000000010001200,3000,84.000,1725128.16,V,20537.24,0.00,1.000,3200
000000000010001201,3000,1.000,179692.16,V,179692.16,0.00,1.000,3200
000000000010001202,2000,7.000,24175.97,V,3453.71,0.00,1.000,3200
000000000010001203,3000,6.000,116470.92,V,19411.82,0.00,1.000,3200
000000000010001204,1000,115.000,1345547.15,V,11700.41,0.00,1.000,3200
000000000010001205,4000,0.000,0.00,V,105355.06,0.00,1.000,3200
000000000010001206,3000,0.000,0.00,V,56480.16,0.00,1.000,3200
000000000030000294,1000,0.000,0.00,V,156027.74,0.00,1.000,3200
000000000010001207,1000,2.000,1011934.12,V,505967.06,0.00,1.000,3200
000000000010001207,4000,2.000,1011934.12,V,505967.06,0.00,1.000,3200
000000000030000295,4000,6.000,744080.76,V,124013.46,0.00,1.000,3200
000000000030000295,1000,0.000,0.00,V,124013.46,0.00,1.000,3200
000000000030000296,2000,0.000,0.00,V,103057.90,0.00,1.000,3200
000000000090000067,2000,20.000,2797882.60,V,139894.13,0.00,1.000,3200
000000000010001208,3000,0.000,0.00,V,144961.15,0.00,1.000,3200
000000000010001209,1000,0.000,0.00,V,12018.86,0.00,1.000,3200
000000000010001210,2000,14.000,1000369.16,V,71454.94,0.00,1.000,3200
000000000030000297,1000,0.000,0.00,V,87365.18,0.00,1.000,3200
000000000030000297,3000,2.000,174730.36,V,87365.18,0.00,1.000,3200
000000000030000298,3000,0.000,0.00,V,774461.59,0.00,1.000,3200
000000000010001211,4000,9.000,968232.24,V,107581.36,0.00,1.000,3200
000000000010001212,1000,153.000,659085.75,V,4307.75,0.00,1.000,3200
000000000010001213,3000,118.000,64653470.86,V,547910.77,0.00,1.000,3200
000000000010001214,3000,0.000,0.00,V,138910.95,0.00,1.000,3200
000000000010001214,2000,0.000,0.00,V,138910.95,0.00,1.000,3200
000000000010001215,3000,63.000,1068494.49,V,16960.23,0.00,1.000,3200
000000000010001215,2000,29.000,491846.67,V,16960.23,0.00,1.000,3200
000000000030000299,1000,1.000,8838.39,V,8838.39,0.00,1.000,3200
000000000080000288,2000,4.000,454582.88,V,113645.72,0.00,1.000,3200
000000000080000289,1000,29.000,7536817.83,V,259890.27,0.00,1.000,3200
000000000030000300,3000,3.000,391962.18,V,130654.06,0.00,1.000,3200
000000000010001216,4000,21.000,11489353.68,V,547112.08,0.00,1.000,3200
000000000080000290,1000,3.000,993670.92,V,331223.64,0.00,1.000,3200
000000000080000290,2000,12.000,3974683.68,V,331223.64,0.00,1.000,3200
000000000010001217,2000,0.000,0.00,V,23590.98,0.00,1.000,3200
000000000010001218,3000,9.000,6274373.76,V,697152.64,0.00,1.000,3200
000000000010001218,2000,5.000,3485763.20,V,697152.64,0.00,1.000,3200
000000000010001219,3000,8.000,520159.28,V,65019.91,0.00,1.000,3200
000000000010001219,1000,4.000,260079.64,V,65019.91,0.00,1.000,3200
000000000010001220,1000,2.000,52156.58,V,26078.29,0.00,1.000,3200
000000000010001220,2000,7.000,182548.03,V,26078.29,0.00,1.000,3200
000000000010001221,1000,0.000,0.00,V,73994.53,0.00,1.000,3200
000000000030000301,1000,3.000,468985.08,V,156328.36,0.00,1.000,3200
000000000010001222,3000,6.000,2451359.28,V,408559.88,0.00,1.000,3200
000000000030000302,3000,3.000,528846.69,V,176282.23,0.00,1.000,3200
000000000010001223,1000,0.000,0.00,V,172807.61,0.00,1.000,3200
000000000010001223,3000,2.000,345615.22,V,172807.61,0.00,1.000,3200
000000000010001224,2000,6.000,118833.66,V,19805.61,0.00,1.000,3200
000000000010001225,2000,181.000,1712634.67,V,9462.07,0.00,1.000,3200
000000000080000291,4000,3.000,1241877.72,V,413959.24,0.00,1.000,3200
000000000010001226,4000,18.000,349950.60,V,19441.70,0.00,1.000,3200
000000000010001226,3000,68.000,1322035.60,V,19441.70,0.00,1.000,3200
000000000080000292,1000,12.000,2356890.84,V,196407.57,0.00,1.000,3200
000000000080000292,3000,9.000,1767668.13,V,196407.57,0.00,1.000,3200
000000000010001227,3000,135.000,2565724.95,V,19005.37,0.00,1.000,3200
000000000010001228,4000,0.000,0.00,V,117803.31,0.00,1.000,3200
000000000010001228,2000,0.000,0.00,V,117803.31,0.00,1.000,3200
000000000010001229,2000,8.000,263175.52,V,32896.94,0.00,1.000,3200
000000000090000068,3000,13.000,914506.45,V,70346.65,0.00,1.000,3200
000000000090000068,1000,29.000,2040052.85,V,70346.65,0.00,1.000,3200
000000000010001230,3000,4.000,476079.08,V,119019.77,0.00,1.000,3200
000000000010001230,4000,3.000,357059.31,V,119019.77,0.00,1.000,3200
000000000030000303,3000,3.000,384989.13,V,128329.71,0.00,1.000,3200
000000000010001231,1000,1.000,111319.30,V,111319.30,0.00,1.000,3200
000000000010001232,3000,59.000,314329.58,V,5327.62,0.00,1.000,3200
000000000010001233,3000,0.000,0.00,V,63480.66,0.00,1.000,3200
000000000010001234,1000,9.000,332407.71,V,36934.19,0.00,1.000,3200
000000000010001235,4000,7.000,1146225.78,V,163746.54,0.00,1.000,3200
000000000010001236,1000,0.000,0.00,V,19697.00,0.00,1.000,3200
000000000010001237,3000,4.000,19931.84,V,4982.96,0.00,1.000,3200
000000000010001237,1000,0.000,0.00,V,4982.96,0.00,1.000,3200
000000000030000304,4000,1.000,155806.60,V,155806.60,0.00,1.000,3200
000000000090000069,4000,33.000,844355.49,V,25586.53,0.00,1.000,3200
000000000080000293,3000,3.000,896077.38,V,298692.46,0.00,1.000,3200
000000000010001238,2000,0.000,0.00,V,19796.94,0.00,1.000,3200
000000000010001239,2000,6.000,2592927.54,V,432154.59,0.00,1.000,3200
000000000010001240,1000,26.000,2547678.64,V,97987.64,0.00,1.000,3200
000000000080000294,1000,20.000,7447201.60,V,372360.08,0.00,1.000,3200
000000000080000294,3000,6.000,2234160.48,V,372360.08,0.00,1.000,3200
000000000080000295,1000,4.000,1656271.24,V,414067.81,0.00,1.000,3200
000000000030000305,2000,0.000,0.00,V,79633.75,0.00,1.000,3200
000000000010001241,3000,112.000,404563.04,V,3612.17,0.00,1.000,3200
000000000010001241,1000,37.000,133650.29,V,3612.17,0.00,1.000,3200
000000000010001242,2000,0.000,0.00,V,646314.89,0.00,1.000,3200
000000000010001242,4000,0.000,0.00,V,646314.89,0.00,1.000,3200
000000000030000306,2000,0.000,0.00,V,62038.63,0.00,1.000,3200
000000000010001243,3000,38.000,906425.40,V,23853.30,0.00,1.000,3200
000000000010001243,2000,8.000,190826.40,V,23853.30,0.00,1.000,3200
000000000030000307,2000,1.000,122101.12,V,122101.12,0.00,1.000,3200
000000000010001244,2000,17.000,6055689.34,V,356217.02,0.00,1.000,3200
000000000030000308,3000,1.000,760697.41,V,760697.41,0.00,1.000,3200
000000000030000308,2000,0.000,0.00,V,760697.41,0.00,1.000,3200
000000000030000309,2000,4.000,66500.00,V,16625.00,0.00,1.000,3200
000000000030000309,4000,4.000,66500.00,V,16625.00,0.00,1.000,3200
000000000010001245,1000,0.000,0.00,V,92551.22,0.00,1.000,3200
000000000010001245,3000,0.000,0.00,V,92551.22,0.00,1.000,3200
000000000010001246,4000,14.000,2196873.42,V,156919.53,0.00,1.000,3200
000000000010001247,2000,4.000,131042.36,V,32760.59,0.00,1.000,3200
000000000010001248,1000,6.000,1044427.44,V,174071.24,0.00,1.000,3200
000000000010001249,3000,29.000,14347963.44,V,494757.36,0.00,1.000,3200
000000000090000070,1000,19.000,1706445.48,V,89812.92,0.00,1.000,3200
000000000010001250,1000,7.000,766044.16,V,109434.88,0.00,1.000,3200
000000000010001250,2000,7.000,766044.16,V,109434.88,0.00,1.000,3200
000000000010001251,4000,0.000,0.00,V,135058.34,0.00,1.000,3200
000000000010001251,1000,0.000,0.00,V,135058.34,0.00,1.000,3200
000000000090000071,4000,20.000,2564394.00,V,128219.70,0.00,1.000,3200
000000000090000071,2000,15.000,1923295.50,V,128219.70,0.00,1.000,3200
000000000010001252,1000,37.000,882209.13,V,23843.49,0.00,1.000,3200
000000000010001252,4000,47.000,1120644.03,V,23843.49,0.00,1.000,3200
000000000010001253,3000,50.000,754181.50,V,15083.63,0.00,1.000,3200
000000000010001253,2000,35.000,527927.05,V,15083.63,0.00,1.000,3200
000000000080000296,1000,6.000,1813785.12,V,302297.52,0.00,1.000,3200
000000000010001254,1000,36.000,28082266.92,V,780062.97,0.00,1.000,3200
000000000030000310,4000,4.000,1781225.48,V,445306.37,0.00,1.000,3200
000000000030000311,1000,1.000,96937.53,V,96937.53,0.00,1.000,3200
000000000030000311,2000,6.000,581625.18,V,96937.53,0.00,1.000,3200
000000000010001255,2000,8.000,144380.64,V,18047.58,0.00,1.000,3200
000000000010001256,4000,4.000,192711.28,V,48177.82,0.00,1.000,3200
000000000010001257,4000,4.000,93180.96,V,23295.24,0.00,1.000,3200
000000000010001258,2000,18.000,745844.76,V,41435.82,0.00,1.000,3200
000000000010001259,4000,2.000,324510.14,V,162255.07,0.00,1.000,3200
000000000030000312,1000,2.000,1159965.66,V,579982.83,0.00,1.000,3200
000000000010001260,3000,4.000,2549704.36,V,637426.09,0.00,1.000,3200
000000000010001260,4000,15.000,9561391.35,V,637426.09,0.00,1.000,3200
000000000090000072,4000,31.000,685695.82,V,22119.22,0.00,1.000,3200
000000000010001261,2000,2.000,200482.08,V,100241.04,0.00,1.000,3200
000000000010001262,2000,20.000,2863468.80,V,143173.44,0.00,1.000,3200
000000000010001263,2000,0.000,0.00,V,109549.39,0.00,1.000,3200
000000000010001264,3000,5.000,675429.10,V,135085.82,0.00,1.000,3200
000000000030000313,4000,1.000,108488.21,V,108488.21,0.00,1.000,3200
000000000030000313,3000,3.000,325464.63,V,108488.21,0.00,1.000,3200
000000000030000314,4000,0.000,0.00,V,109202.75,0.00,1.000,3200
000000000030000315,2000,0.000,0.00,V,82822.42,0.00,1.000,3200
000000000030000315,4000,0.000,0.00,V,82822.42,0.00,1.000,3200
000000000010001265,3000,15.000,1018375.35,V,67891.69,0.00,1.000,3200
000000000010001266,4000,0.000,0.00,V,174766.74,0.00,1.000,3200
000000000030000316,1000,0.000,0.00,V,706402.59,0.00,1.000,3200
000000000010001267,1000,0.000,0.00,V,41866.98,0.00,1.000,3200
000000000010001267,3000,0.000,0.00,V,41866.98,0.00,1.000,3200
000000000010001268,1000,1.000,78770.39,V,78770.39,0.00,1.000,3200
000000000030000317,3000,0.000,0.00,V,114714.55,0.00,1.000,3200
000000000080000297,2000,13.000,4814391.66,V,370337.82,0.00,1.000,3200
000000000080000297,4000,19.000,7036418.58,V,370337.82,0.00,1.000,3200
000000000010001269,2000,5.000,408024.90,V,81604.98,0.00,1.000,3200
000000000010001270,2000,2.000,346458.90,V,173229.45,0.00,1.000,3200
000000000010001270,1000,0.000,0.00,V,173229.45,0.00,1.000,3200
000000000010001271,1000,2.000,18646.50,V,9323.25,0.00,1.000,3200
000000000010001272,1000,1.000,176961.80,V,176961.80,0.00,1.000,3200
000000000010001273,2000,12.000,1261377.48,V,105114.79,0.00,1.000,3200
000000000010001274,3000,10.000,1228352.50,V,122835.25,0.00,1.000,3200
000000000010001275,2000,0.000,0.00,V,755730.11,0.00,1.000,3200
000000000010001276,4000,0.000,0.00,V,25430.20,0.00,1.000,3200
000000000010001276,2000,0.000,0.00,V,25430.20,0.00,1.000,3200
000000000010001277,3000,0.000,0.00,V,102423.36,0.00,1.000,3200
000000000010001277,1000,0.000,0.00,V,102423.36,0.00,1.000,3200
000000000010001278,1000,0.000,0.00,V,14697.14,0.00,1.000,3200
000000000030000318,1000,3.000,614851.05,V,204950.35,0.00,1.000,3200
000000000010001279,2000,1.000,15659.88,V,15659.88,0.00,1.000,3200
000000000030000319,4000,4.000,345811.00,V,86452.75,0.00,1.000,3200
000000000080000298,2000,5.000,1539688.60,V,307937.72,0.00,1.000,3200
000000000080000298,3000,7.000,2155564.04,V,307937.72,0.00,1.000,3200
000000000010001280,1000,0.000,0.00,V,185992.70,0.00,1.000,3200
000000000010001281,1000,1.000,84578.15,V,84578.15,0.00,1.000,3200
000000000010001282,4000,3.000,44199.99,V,14733.33,0.00,1.000,3200
000000000010001282,3000,5.000,73666.65,V,14733.33,0.00,1.000,3200
000000000010001283,4000,0.000,0.00,V,25001.67,0.00,1.000,3200
000000000030000320,4000,0.000,0.00,V,118283.17,0.00,1.000,3200
000000000010001284,1000,0.000,0.00,V,105663.77,0.00,1.000,3200
000000000010001285,1000,6.000,4728195.96,V,788032.66,0.00,1.000,3200
000000000010001286,2000,6.000,222404.34,V,37067.39,0.00,1.000,3200
000000000010001286,1000,3.000,111202.17,V,37067.39,0.00,1.000,3200
000000000010001287,2000,2.000,22116.02,V,11058.01,0.00,1.000,3200
000000000010001287,4000,2.000,22116.02,V,11058.01,0.00,1.000,3200
000000000010001288,1000,3.000,461549.16,V,153849.72,0.00,1.000,3200
000000000030000321,4000,6.000,2801221.62,V,466870.27,0.00,1.000,3200
000000000010001289,3000,3.000,31308.75,V,10436.25,0.00,1.000,3200
000000000030000322,2000,1.000,525632.45,V,525632.45,0.00,1.000,3200
000000000010001290,4000,0.000,0.00,V,6333.87,0.00,1.000,3200
000000000090000073,3000,17.000,2366767.54,V,139221.62,0.00,1.000,3200
000000000090000073,1000,40.000,5568864.80,V,139221.62,0.00,1.000,3200
000000000010001291,4000,9.000,644950.35,V,71661.15,0.00,1.000,3200
000000000010001292,3000,26.000,386398.22,V,14861.47,0.00,1.000,3200
000000000010001292,2000,135.000,2006298.45,V,14861.47,0.00,1.000,3200
000000000010001293,3000,38.000,249584.76,V,6568.02,0.00,1.000,3200
000000000010001293,1000,3.000,19704.06,V,6568.02,0.00,1.000,3200
000000000080000299,3000,6.000,1541047.38,V,256841.23,0.00,1.000,3200
000000000080000299,1000,10.000,2568412.30,V,256841.23,0.00,1.000,3200
000000000010001294,4000,0.000,0.00,V,143409.65,0.00,1.000,3200
000000000010001295,1000,0.000,0.00,V,67388.80,0.00,1.000,3200
000000000010001295,3000,0.000,0.00,V,67388.80,0.00,1.000,3200
000000000010001296,1000,0.000,0.00,V,72756.00,0.00,1.000,3200
000000000010001297,4000,2.000,116744.60,V,58372.30,0.00,1.000,3200
000000000010001298,1000,0.000,0.00,V,51439.97,0.00,1.000,3200
000000000030000323,4000,0.000,0.00,V,39190.74,0.00,1.000,3200
000000000030000324,2000,6.000,1076468.64,V,179411.44,0.00,1.000,3200
000000000080000300,2000,0.000,0.00,V,270017.56,0.00,1.000,3200
000000000010001299,2000,0.000,0.00,V,29689.76,0.00,1.000,3200
