Matnr,Werks,Lvorm,Dismm,Dispo,Plifz,Webaz,Minbe,Eisbe,Bstmi,Bstma,Mabst
000000000010000000,2000,false,VB,009,58.000,0.000,49.407,7.381,29.417,176.500,264.458
000000000010000000,4000,false,PD,009,58.000,1.000,116.441,22.068,40.667,244.000,272.698
000000000010000001,2000,false,PD,003,61.000,0.000,98.127,17.862,30.000,180.000,214.199
000000000030000000,1000,false,PD,003,52.000,1.000,0.000,0.000,1.000,3.000,0.000
000000000080000000,1000,false,VB,006,58.000,0.000,13.046,5.711,2.875,17.250,20.218
000000000030000001,2000,false,PD,004,32.000,0.000,0.000,0.000,1.167,7.000,0.000
000000000080000001,4000,false,PD,001,10.000,2.000,1.433,1.075,1.000,4.750,5.613
000000000030000002,2000,false,PD,008,34.000,2.000,0.000,0.000,2.167,13.000,0.000
000000000010000002,2000,false,PD,008,13.000,3.000,1.969,1.552,1.000,3.750,2.493
000000000010000003,2000,false,VB,008,29.000,0.000,0.000,0.000,1.000,1.000,0.000
000000000010000004,4000,false,PD,008,49.000,2.000,53.574,9.894,16.792,100.750,103.575
000000000010000005,3000,false,PD,007,59.000,1.000,8.173,4.653,1.208,7.250,12.576
000000000010000005,1000,false,VB,008,59.000,3.000,7.095,4.106,1.000,5.500,7.095
000000000010000006,3000,false,PD,009,28.000,0.000,0.000,0.000,1.000,1.000,0.000
000000000010000007,2000,false,VB,009,20.000,3.000,1.596,1.091,1.000,4.250,3.105
000000000010000007,3000,false,PD,007,20.000,3.000,2.667,1.806,1.000,6.000,8.243
000000000080000002,1000,false,VB,001,21.000,3.000,1.277,0.918,1.208,7.250,10.630
000000000080000002,2000,false,PD,009,21.000,3.000,3.953,2.656,2.625,15.750,19.344
000000000010000008,3000,false,VB,006,44.000,2.000,13.338,3.510,15.250,91.500,83.809
000000000010000008,4000,false,VB,003,44.000,0.000,78.667,17.017,26.625,159.750,110.821
000000000010000009,3000,false,PD,002,18.000,1.000,22.134,5.717,24.292,145.750,110.608
000000000010000010,4000,false,VB,009,83.000,0.000,1.597,1.181,1.000,1.000,3.456
000000000010000011,1000,false,VB,005,237.000,1.000,6.152,1.640,1.250,7.500,19.316
000000000010000011,4000,false,VB,002,237.000,3.000,14.986,3.469,1.417,8.500,27.133
000000000010000012,3000,false,VB,010,58.000,0.000,10.010,6.922,1.000,5.500,10.010
000000000010000013,1000,false,PD,010,94.000,0.000,1.905,1.332,1.000,1.250,4.880
000000000010000014,3000,false,VB,003,41.000,1.000,8.009,4.544,2.458,14.750,15.179
000000000080000003,1000,false,VB,009,121.000,1.000,10.224,5.902,1.958,11.750,41.188
000000000010000015,1000,false,PD,006,83.000,0.000,5.034,3.057,1.000,3.750,6.081
000000000080000004,3000,false,PD,002,32.000,2.000,6.202,3.470,2.083,12.500,16.239
000000000010000016,3000,false,VB,003,38.000,3.000,0.000,0.000,1.000,1.000,0.000
000000000010000016,4000,false,PD,002,38.000,2.000,0.000,0.000,1.000,1.000,0.000
000000000080000005,2000,false,VB,003,14.000,1.000,1.836,1.429,1.542,9.250,8.076
000000000010000017,1000,false,VB,007,12.000,1.000,2.085,1.312,1.750,10.500,8.879
000000000010000018,3000,false,VB,006,106.000,0.000,20.711,10.906,2.458,14.750,37.670
000000000090000000,2000,false,ND,003,37.000,1.000,0.000,0.000,1.000,1.000,1.000
000000000010000019,1000,false,PD,005,33.000,3.000,49.843,16.824,28.417,170.500,173.463
000000000080000006,3000,false,VB,005,9.000,0.000,5.082,4.020,2.000,12.000,10.037
000000000080000006,4000,false,VB,004,9.000,0.000,1.912,1.492,1.167,7.000,6.748
000000000010000020,2000,false,VB,001,51.000,3.000,0.847,0.607,1.000,1.250,2.492
000000000010000020,4000,false,VB,009,51.000,2.000,1.993,1.429,1.000,1.250,3.153
000000000010000021,2000,false,VB,006,60.000,1.000,57.126,6.841,16.542,99.250,130.408
000000000090000001,1000,false,ND,009,24.000,3.000,0.000,0.000,1.000,1.000,1.000
000000000010000022,4000,false,VB,008,60.000,0.000,0.000,0.000,1.000,1.000,0.000
000000000010000023,3000,false,VB,010,116.000,3.000,8.166,5.259,1.000,3.250,8.166
000000000010000024,4000,false,VB,005,122.000,0.000,10.801,6.431,1.792,10.750,21.071
000000000010000024,1000,false,PD,004,122.000,3.000,8.337,5.358,1.000,3.750,8.337
000000000080000007,3000,false,VB,002,50.000,2.000,2.339,1.212,1.000,3.500,4.294
000000000080000008,3000,false,PD,010,122.000,1.000,7.446,4.443,1.000,5.250,11.416
000000000080000008,2000,false,PD,006,122.000,0.000,15.944,11.192,1.000,5.500,15.944
000000000010000025,4000,false,PD,010,43.000,3.000,7.282,5.245,1.125,6.750,8.196
000000000010000026,2000,false,PD,003,155.000,3.000,6.196,3.114,1.000,5.500,16.979
000000000010000027,4000,false,PD,004,36.000,2.000,4.325,2.899,1.000,4.500,4.325
000000000080000009,3000,false,VB,006,57.000,3.000,7.893,5.001,1.083,6.500,13.215
000000000010000028,1000,false,PD,004,60.000,0.000,1.631,1.023,1.000,3.250,7.396
000000000010000029,2000,false,VB,004,48.000,0.000,69.536,12.394,25.042,150.250,126.273
000000000010000030,1000,false,PD,003,27.000,1.000,1.269,0.931,1.000,2.750,4.394
000000000010000031,4000,false,VB,007,54.000,2.000,1.582,0.961,1.000,1.250,2.374
000000000010000032,3000,false,VB,009,18.000,2.000,1.330,0.901,1.208,7.250,5.889
000000000010000033,3000,false,PD,007,39.000,2.000,3.939,3.085,1.000,2.500,3.939
000000000010000034,1000,false,PD,009,125.000,3.000,3.203,1.380,1.000,4.500,7.043
000000000010000034,4000,false,PD,010,125.000,1.000,27.061,12.116,2.167,13.000,27.061
000000000080000010,3000,false,VB,010,41.000,2.000,12.745,9.253,1.500,9.000,20.704
000000000080000011,3000,false,VB,006,149.000,1.000,12.114,6.749,1.000,5.000,16.022
000000000010000035,1000,false,PD,001,22.000,2.000,0.000,0.000,1.000,1.000,0.000
000000000010000035,2000,false,VB,008,22.000,2.000,0.000,0.000,1.000,1.000,0.000
000000000010000036,1000,false,PD,004,77.000,1.000,73.808,17.494,12.875,77.250,97.084
000000000010000037,3000,false,VB,004,63.000,3.000,78.030,14.313,22.750,136.500,143.783
000000000080000012,3000,false,VB,003,24.000,2.000,1.374,1.033,1.000,4.000,6.826
000000000030000003,2000,false,PD,005,17.000,2.000,0.000,0.000,1.042,6.250,0.000
000000000010000038,4000,false,PD,007,50.000,3.000,8.875,5.457,1.208,7.250,8.875
000000000010000039,4000,false,PD,002,102.000,2.000,112.826,22.561,18.875,113.250,128.753
000000000010000040,4000,false,VB,004,106.000,1.000,5.953,2.265,1.875,11.250,13.343
000000000010000041,1000,false,VB,002,93.000,0.000,0.000,0.000,1.000,1.000,0.000
000000000010000041,4000,false,VB,008,93.000,1.000,0.000,0.000,1.000,1.000,0.000
000000000080000013,4000,false,PD,002,54.000,2.000,5.037,3.128,1.000,6.000,9.500
000000000010000042,4000,false,VB,009,96.000,0.000,69.992,10.433,13.083,78.500,69.992
000000000030000004,4000,false,PD,001,73.000,0.000,0.000,0.000,1.750,10.500,0.000
000000000010000043,4000,false,PD,009,118.000,3.000,15.320,9.764,1.000,5.000,16.898
000000000030000005,2000,false,PD,009,10.000,1.000,0.000,0.000,1.833,11.000,0.000
000000000030000006,3000,false,PD,001,18.000,2.000,0.000,0.000,1.000,2.500,0.000
000000000010000044,3000,false,VB,005,147.000,1.000,7.310,4.372,1.000,3.500,9.327
000000000010000044,4000,false,PD,003,147.000,2.000,9.263,5.772,1.000,3.000,12.467
000000000080000014,3000,false,VB,007,14.000,2.000,1.889,1.468,1.000,5.500,3.273
000000000080000014,1000,false,VB,009,14.000,1.000,1.053,0.836,1.000,3.500,3.699
000000000080000015,1000,false,VB,006,35.000,0.000,1.673,1.089,1.000,6.000,8.862
000000000030000007,2000,false,PD,009,116.000,1.000,0.000,0.000,1.000,4.750,0.000
000000000010000045,1000,false,VB,004,232.000,2.000,28.808,13.033,1.375,8.250,31.076
000000000010000046,4000,false,VB,005,0.000,2.000,0.000,0.000,1.000,1.000,0.000
000000000030000008,1000,false,PD,007,35.000,3.000,0.000,0.000,1.000,3.750,0.000
000000000010000047,2000,false,VB,009,42.000,2.000,0.000,0.000,1.000,1.000,0.000
000000000010000047,4000,false,VB,008,42.000,3.000,0.000,0.000,1.000,1.000,0.000
000000000030000009,2000,false,PD,009,140.000,3.000,0.000,0.000,1.708,10.250,0.000
000000000010000048,4000,false,VB,008,53.000,3.000,0.000,0.000,1.000,1.000,0.000
000000000010000048,2000,false,PD,006,53.000,2.000,0.000,0.000,1.000,1.000,0.000
000000000010000049,4000,false,VB,010,73.000,1.000,3.226,1.706,1.000,5.000,4.866
000000000090000002,2000,false,ND,007,38.000,3.000,0.000,0.000,1.000,1.000,1.000
000000000080000016,3000,false,PD,010,27.000,3.000,6.948,4.574,2.292,13.750,10.883
000000000010000050,1000,false,VB,002,99.000,3.000,6.955,4.745,1.000,5.250,10.504
000000000010000050,4000,false,PD,004,99.000,2.000,3.781,2.145,1.125,6.750,14.283
000000000080000017,2000,false,VB,008,62.000,1.000,9.493,6.397,1.000,5.500,10.457
000000000010000051,4000,false,PD,001,147.000,3.000,4.888,2.520,1.000,4.250,11.396
000000000080000018,2000,false,VB,007,123.000,2.000,4.722,3.936,1.000,1.000,4.722
000000000010000052,1000,false,PD,009,25.000,1.000,0.000,0.000,1.000,1.000,0.000
000000000010000053,2000,false,VB,003,30.000,1.000,42.751,13.284,31.958,191.750,146.567
000000000010000054,1000,false,VB,002,94.000,0.000,4.119,2.248,1.000,5.000,11.872
000000000010000055,2000,false,PD,009,28.000,3.000,5.507,3.356,1.333,8.000,9.402
000000000010000055,1000,false,PD,003,28.000,1.000,3.986,2.323,1.125,6.750,6.088
000000000010000056,3000,false,PD,005,143.000,1.000,5.927,3.039,1.000,5.500,8.523
000000000030000010,1000,false,PD,008,140.000,0.000,0.000,0.000,1.000,6.000,0.000
000000000010000057,2000,false,VB,004,35.000,2.000,7.052,4.447,2.125,12.750,14.954
000000000010000058,1000,false,VB,009,0.000,3.000,6.040,2.934,1.000,3.250,8.268
000000000030000011,4000,false,PD,001,23.000,3.000,0.000,0.000,1.333,8.000,0.000
000000000010000059,3000,false,VB,009,60.000,2.000,5.301,2.213,1.000,5.250,5.301
000000000010000059,2000,false,VB,008,60.000,2.000,5.331,2.125,2.500,15.000,21.278
000000000010000060,4000,false,VB,006,46.000,2.000,0.000,0.000,1.000,1.000,0.000
000000000030000012,2000,false,PD,010,37.000,3.000,0.000,0.000,1.208,7.250,0.000
000000000010000061,4000,false,VB,010,145.000,2.000,0.000,0.000,1.000,1.000,0.000
000000000080000019,3000,false,VB,010,108.000,3.000,18.888,11.432,1.792,10.750,25.668
000000000080000019,1000,false,PD,005,108.000,2.000,23.544,14.259,1.833,11.000,25.583
000000000030000013,3000,false,PD,001,51.000,0.000,0.000,0.000,1.000,5.750,0.000
000000000010000062,2000,false,VB,001,125.000,0.000,168.294,30.736,24.833,149.000,357.204
000000000010000063,2000,false,PD,007,21.000,1.000,0.000,0.000,1.000,1.000,0.000
000000000080000020,1000,false,VB,008,111.000,2.000,12.605,6.766,1.042,6.250,12.605
000000000010000064,2000,false,PD,002,41.000,2.000,0.000,0.000,1.000,1.000,0.000
000000000010000065,4000,false,PD,002,8.000,0.000,0.762,0.626,1.000,2.000,1.204
000000000010000066,2000,false,VB,003,73.000,3.000,79.599,15.211,19.583,117.500,183.568
000000000010000067,2000,false,VB,004,108.000,1.000,0.000,0.000,1.000,1.000,0.000
000000000010000068,3000,false,VB,006,93.000,2.000,8.745,4.808,1.625,9.750,13.077
000000000010000068,2000,false,VB,007,93.000,1.000,12.357,7.883,1.417,8.500,15.633
000000000010000069,4000,false,PD,002,17.000,2.000,0.000,0.000,1.000,1.000,0.000
000000000010000070,3000,false,PD,002,119.000,3.000,27.567,14.445,2.208,13.250,43.085
000000000010000071,2000,false,VB,010,17.000,2.000,26.102,6.495,22.167,133.000,71.628
000000000010000072,1000,false,PD,006,9.000,0.000,0.819,0.645,1.042,6.250,3.329
000000000010000073,4000,false,VB,009,0.000,0.000,5.016,2.567,1.000,3.000,5.016
000000000080000021,4000,false,VB,003,47.000,0.000,6.895,3.941,1.208,7.250,7.015
000000000080000021,2000,false,VB,002,47.000,0.000,3.808,2.097,1.000,4.250,5.828
000000000010000074,3000,false,VB,001,51.000,2.000,81.244,13.843,32.375,194.250,218.801
000000000010000074,1000,false,VB,002,51.000,2.000,73.338,13.549,39.792,238.750,224.809
000000000010000075,3000,false,PD,004,42.000,3.000,38.435,12.056,28.167,169.000,129.879
000000000010000076,1000,false,VB,005,115.000,1.000,5.879,3.792,1.000,3.250,5.879
000000000010000077,2000,false,VB,006,127.000,3.000,1.127,0.785,1.000,1.000,2.892
000000000010000078,1000,false,PD,001,105.000,1.000,9.607,5.609,1.542,9.250,22.049
000000000010000079,3000,false,VB,006,133.000,0.000,11.132,6.088,1.375,8.250,17.869
000000000010000080,1000,false,PD,004,149.000,1.000,0.000,0.000,1.000,1.000,0.000
000000000010000081,4000,false,PD,005,62.000,3.000,7.624,4.830,1.625,9.750,22.160
000000000010000082,1000,false,VB,010,59.000,0.000,1.163,0.661,1.000,3.000,4.136
000000000080000022,3000,false,VB,001,23.000,1.000,8.512,5.839,2.542,15.250,20.745
000000000080000022,1000,false,PD,003,23.000,3.000,3.700,2.556,1.500,9.000,7.196
000000000010000083,4000,false,VB,001,37.000,3.000,30.323,4.144,23.333,140.000,177.121
000000000010000084,1000,false,VB,002,87.000,2.000,3.060,1.841,1.000,2.500,4.777
000000000010000085,4000,false,PD,008,179.000,3.000,1.734,0.712,1.000,2.250,5.636
000000000010000086,1000,false,PD,005,143.000,1.000,4.670,2.297,1.000,3.000,8.503
000000000010000087,1000,false,VB,004,92.000,3.000,0.757,0.645,1.000,1.000,1.438
000000000010000087,4000,false,VB,001,0.000,2.000,1.830,1.336,1.000,1.000,4.238
000000000080000023,3000,false,VB,002,133.000,3.000,12.232,8.695,1.000,3.000,12.232
000000000090000003,2000,false,ND,007,28.000,1.000,0.000,0.000,1.000,1.000,1.000
000000000030000014,3000,false,PD,007,8.000,2.000,0.000,0.000,1.125,6.750,0.000
000000000030000014,2000,false,PD,009,8.000,1.000,0.000,0.000,1.000,4.250,0.000
000000000010000088,2000,false,VB,008,124.000,0.000,0.000,0.000,1.000,1.000,0.000
000000000010000089,4000,false,VB,008,129.000,0.000,0.000,0.000,1.000,1.000,0.000
000000000030000015,1000,false,PD,008,77.000,0.000,0.000,0.000,1.583,9.500,0.000
000000000080000024,1000,false,PD,008,112.000,3.000,3.578,1.832,1.000,5.000,8.106
000000000080000025,2000,false,PD,004,11.000,2.000,2.163,1.598,1.000,6.000,6.565
000000000080000025,4000,false,VB,004,11.000,1.000,3.773,2.639,2.042,12.250,15.292
000000000030000016,1000,false,PD,001,110.000,2.000,0.000,0.000,1.000,3.500,0.000
000000000010000090,4000,false,PD,008,93.000,0.000,4.403,2.869,1.000,1.750,5.333
000000000090000004,1000,false,ND,007,57.000,3.000,0.000,0.000,1.000,1.000,1.000
000000000090000004,3000,false,ND,008,57.000,3.000,0.000,0.000,1.000,1.000,1.000
000000000080000026,2000,false,VB,010,40.000,2.000,5.257,2.814,1.500,9.000,9.303
000000000010000091,4000,false,VB,004,47.000,3.000,4.299,2.202,1.000,5.000,4.299
000000000030000017,1000,false,PD,007,55.000,1.000,0.000,0.000,1.000,5.250,0.000
000000000080000027,4000,false,PD,007,55.000,1.000,2.535,1.437,1.458,8.750,14.847
000000000010000092,4000,false,VB,008,57.000,3.000,0.929,0.710,1.000,1.000,2.388
000000000010000092,3000,false,PD,008,57.000,2.000,2.437,1.658,1.000,1.500,2.437
000000000010000093,4000,false,PD,004,138.000,3.000,6.617,3.562,1.000,5.000,18.246
000000000090000005,1000,false,ND,008,55.000,3.000,0.000,0.000,1.000,1.000,1.000
000000000080000028,2000,false,VB,004,120.000,0.000,9.160,5.474,1.375,8.250,12.628
000000000010000094,4000,false,PD,007,33.000,1.000,5.446,3.115,2.000,12.000,11.826
000000000010000095,3000,false,VB,010,127.000,1.000,11.177,6.699,1.000,5.000,11.177
000000000010000095,2000,false,VB,004,127.000,2.000,4.839,2.663,1.042,6.250,10.875
000000000010000096,1000,false,PD,002,92.000,3.000,1.566,1.253,1.000,1.000,2.638
000000000010000097,4000,false,PD,003,51.000,1.000,0.000,0.000,1.000,1.000,0.000
000000000080000029,3000,false,VB,006,7.000,2.000,2.328,1.691,1.625,9.750,7.617
000000000080000029,1000,false,VB,008,0.000,0.000,1.859,1.371,2.208,13.250,11.761
000000000030000018,3000,false,PD,010,142.000,2.000,0.000,0.000,1.250,7.500,0.000
000000000010000098,1000,false,VB,005,23.000,1.000,0.000,0.000,1.000,1.000,0.000
000000000080000030,3000,false,PD,007,40.000,2.000,7.297,4.805,1.625,9.750,11.919
000000000080000030,1000,false,VB,007,40.000,1.000,2.778,1.713,1.333,8.000,12.810
000000000010000099,2000,false,PD,002,155.000,1.000,5.031,2.155,1.000,2.250,5.031
000000000010000100,1000,false,VB,010,43.000,2.000,18.463,2.856,18.792,112.750,114.753
000000000010000100,3000,false,VB,002,43.000,2.000,31.097,6.651,15.125,90.750,105.379
000000000030000019,3000,false,PD,003,31.000,2.000,0.000,0.000,1.333,8.000,0.000
000000000030000019,4000,false,PD,002,31.000,1.000,0.000,0.000,1.000,4.750,0.000
000000000080000031,2000,false,VB,002,22.000,1.000,1.478,1.061,1.417,8.500,13.231
000000000010000101,4000,false,PD,007,30.000,0.000,32.509,11.297,37.208,223.250,256.142
000000000030000020,1000,false,PD,008,56.000,3.000,0.000,0.000,1.458,8.750,0.000
000000000010000102,1000,false,PD,004,240.000,3.000,7.291,2.061,1.167,7.000,21.961
000000000010000102,3000,false,VB,010,240.000,1.000,18.948,6.738,1.250,7.500,27.927
000000000030000021,3000,false,PD,005,39.000,0.000,0.000,0.000,1.000,5.250,0.000
000000000010000103,3000,false,VB,004,152.000,3.000,14.396,6.671,1.625,9.750,27.370
000000000010000104,1000,false,VB,003,42.000,2.000,13.957,2.910,13.375,80.250,108.066
000000000010000104,2000,false,PD,005,42.000,0.000,24.731,4.876,16.208,97.250,62.281
000000000030000022,4000,false,PD,001,87.000,2.000,0.000,0.000,1.000,4.750,0.000
000000000030000022,3000,false,PD,005,87.000,2.000,0.000,0.000,1.458,8.750,0.000
000000000010000105,4000,false,VB,010,48.000,2.000,0.990,0.646,1.000,1.000,1.150
000000000010000106,1000,false,VB,002,20.000,1.000,16.801,3.647,24.833,149.000,82.631
000000000010000106,3000,false,PD,002,20.000,3.000,46.102,10.867,35.125,210.750,116.171
000000000010000107,4000,false,PD,007,76.000,1.000,8.898,4.415,1.708,10.250,10.798
000000000010000108,2000,false,VB,001,57.000,2.000,0.000,0.000,1.000,1.000,0.000
000000000030000023,4000,false,PD,003,55.000,2.000,0.000,0.000,1.125,6.750,0.000
000000000030000023,1000,false,PD,009,55.000,2.000,0.000,0.000,1.000,3.750,0.000
000000000010000109,1000,false,VB,004,42.000,2.000,91.437,16.086,39.417,236.500,279.191
000000000080000032,4000,false,PD,008,7.000,2.000,0.595,0.507,1.000,4.500,3.828
000000000010000110,2000,false,VB,010,53.000,0.000,0.756,0.402,1.000,3.000,4.278
000000000010000110,3000,false,VB,007,53.000,2.000,4.180,2.298,1.000,5.250,6.003
000000000010000111,1000,false,PD,004,62.000,2.000,0.000,0.000,1.000,1.000,0.000
000000000010000112,2000,false,PD,005,52.000,2.000,2.399,1.266,1.333,8.000,7.100
000000000010000113,1000,false,VB,007,32.000,0.000,0.000,0.000,1.000,1.000,0.000
000000000010000114,2000,false,PD,003,57.000,0.000,12.571,7.242,2.542,15.250,19.697
000000000080000033,1000,false,VB,005,56.000,2.000,5.394,2.772,1.042,6.250,8.797
000000000080000033,3000,false,PD,006,0.000,2.000,3.004,1.944,1.083,6.500,9.214
000000000030000024,4000,false,PD,006,26.000,0.000,0.000,0.000,1.000,4.250,0.000
000000000010000115,3000,false,PD,007,38.000,0.000,1.406,0.874,1.000,1.500,1.533
000000000080000034,1000,false,PD,005,50.000,0.000,4.494,2.484,1.000,5.000,7.061
000000000010000116,2000,false,VB,005,10.000,0.000,0.000,0.000,1.000,1.000,0.000
000000000030000025,4000,false,PD,008,16.000,2.000,0.000,0.000,1.333,8.000,0.000
000000000090000006,2000,false,ND,010,17.000,1.000,0.000,0.000,1.000,1.000,1.000
000000000010000117,3000,false,VB,009,90.000,1.000,20.528,11.671,2.958,17.750,29.577
000000000010000117,4000,false,VB,003,90.000,0.000,4.272,2.584,1.000,4.250,11.963
000000000010000118,1000,false,PD,009,99.000,3.000,3.492,2.268,1.000,5.250,8.176
000000000030000026,4000,false,PD,006,128.000,2.000,0.000,0.000,2.125,12.750,0.000
000000000030000026,1000,false,PD,009,128.000,2.000,0.000,0.000,2.958,17.750,0.000
000000000010000119,1000,false,PD,001,58.000,2.000,64.357,13.696,34.250,205.500,181.122
000000000080000035,1000,false,VB,010,7.000,2.000,0.945,0.667,2.417,14.500,10.686
000000000080000035,2000,false,PD,006,7.000,2.000,2.753,2.085,1.917,11.500,10.347
000000000080000036,3000,false,VB,009,36.000,3.000,2.236,1.531,1.375,8.250,8.203
000000000010000120,1000,false,PD,007,28.000,3.000,0.000,0.000,1.000,1.000,0.000
000000000030000027,3000,false,PD,001,105.000,1.000,0.000,0.000,1.000,5.250,0.000
000000000030000027,1000,false,PD,007,105.000,2.000,0.000,0.000,1.000,2.750,0.000
000000000010000121,4000,false,VB,002,15.000,2.000,1.273,0.877,1.000,6.000,8.101
000000000030000028,3000,false,PD,003,137.000,3.000,0.000,0.000,1.000,5.500,0.000
000000000030000028,4000,false,PD,005,137.000,3.000,0.000,0.000,2.667,16.000,0.000
000000000010000122,2000,false,VB,006,55.000,3.000,6.627,4.587,1.500,9.000,13.870
000000000080000037,4000,false,VB,001,41.000,1.000,8.848,4.466,2.042,12.250,9.913
000000000010000123,2000,false,PD,009,51.000,3.000,9.967,4.863,1.875,11.250,12.415
000000000010000123,4000,false,VB,001,51.000,2.000,7.248,4.112,1.042,6.250,12.408
000000000010000124,3000,false,PD,003,42.000,2.000,2.271,1.663,1.042,6.250,13.763
000000000010000124,4000,false,VB,004,42.000,1.000,3.577,2.605,1.000,6.000,8.981
000000000030000029,2000,false,PD,001,18.000,0.000,0.000,0.000,1.125,6.750,0.000
000000000010000125,1000,false,PD,003,163.000,2.000,11.545,4.172,1.000,6.000,14.534
000000000030000030,1000,false,PD,007,36.000,1.000,0.000,0.000,1.125,6.750,0.000
000000000010000126,4000,false,VB,006,41.000,2.000,28.238,8.830,9.458,56.750,56.073
000000000010000127,4000,false,PD,004,16.000,3.000,11.544,2.642,16.875,101.250,62.263
000000000010000128,3000,false,VB,001,122.000,1.000,167.968,23.459,21.542,129.250,238.574
000000000010000129,3000,false,PD,009,8.000,0.000,0.976,0.749,1.083,6.500,6.793
000000000010000130,4000,false,VB,004,18.000,0.000,33.550,12.548,36.042,216.250,164.936
000000000010000131,4000,false,VB,007,141.000,3.000,9.159,4.712,1.000,5.500,20.219
000000000080000038,4000,false,PD,005,121.000,1.000,16.109,9.555,1.458,8.750,16.109
000000000010000132,3000,false,VB,004,116.000,0.000,25.067,13.496,1.917,11.500,33.686
000000000010000133,2000,false,VB,004,42.000,3.000,0.000,0.000,1.000,1.000,0.000
000000000010000134,1000,false,VB,002,54.000,1.000,2.985,1.428,1.000,6.000,9.255
000000000010000135,2000,false,VB,006,11.000,2.000,0.508,0.405,1.000,1.000,1.290
000000000010000136,3000,false,PD,002,55.000,2.000,0.753,0.509,1.000,1.000,1.080
000000000010000137,2000,false,PD,006,47.000,3.000,6.899,4.762,1.500,9.000,15.836
000000000010000138,4000,false,PD,003,41.000,0.000,7.415,4.516,1.333,8.000,7.458
000000000030000031,2000,false,PD,007,21.000,0.000,0.000,0.000,1.958,11.750,0.000
000000000010000139,3000,false,VB,010,51.000,1.000,0.000,0.000,1.000,1.000,0.000
000000000010000140,2000,false,PD,006,54.000,2.000,2.371,1.274,1.542,9.250,12.897
000000000010000140,3000,false,VB,004,54.000,2.000,11.070,5.705,2.000,12.000,23.679
000000000010000141,3000,false,VB,002,47.000,1.000,75.581,14.612,24.333,146.000,124.091
000000000010000142,3000,false,PD,002,19.000,1.000,0.000,0.000,1.000,1.000,0.000
000000000080000039,4000,false,VB,008,10.000,0.000,1.849,1.461,1.042,6.250,7.366
000000000010000143,3000,false,VB,005,142.000,3.000,6.311,4.232,1.000,1.750,6.311
000000000010000144,1000,false,VB,009,141.000,3.000,29.829,16.396,2.250,13.500,46.203
000000000030000032,1000,false,PD,005,29.000,0.000,0.000,0.000,1.750,10.500,0.000
000000000010000145,2000,false,VB,010,42.000,3.000,0.000,0.000,1.000,1.000,0.000
000000000010000145,4000,false,VB,010,42.000,3.000,0.000,0.000,1.000,1.000,0.000
000000000030000033,2000,false,PD,001,22.000,3.000,0.000,0.000,1.458,8.750,0.000
000000000010000146,3000,false,VB,007,41.000,3.000,4.058,2.812,1.000,3.500,4.058
000000000010000146,1000,false,PD,003,41.000,1.000,1.502,1.009,1.000,2.000,3.052
000000000080000040,1000,false,VB,006,109.000,1.000,11.120,6.679,1.083,6.500,14.697
000000000010000147,3000,false,PD,004,38.000,2.000,3.837,2.082,2.042,12.250,17.059
000000000090000007,3000,false,ND,007,9.000,3.000,0.000,0.000,1.000,1.000,1.000
000000000080000041,2000,false,PD,001,23.000,2.000,2.379,1.324,1.000,4.750,5.754
000000000080000042,4000,false,PD,003,48.000,2.000,1.968,1.180,1.000,4.000,8.222
000000000010000148,2000,false,VB,007,30.000,3.000,4.168,2.523,1.708,10.250,8.634
000000000010000149,2000,false,VB,005,102.000,1.000,9.984,6.010,1.000,4.250,9.984
000000000090000008,2000,false,ND,008,15.000,2.000,0.000,0.000,1.000,1.000,1.000
000000000080000043,4000,false,VB,006,46.000,1.000,3.908,2.502,1.000,3.500,6.563
000000000010000150,2000,false,PD,009,39.000,1.000,1.684,1.176,1.000,1.750,1.968
000000000010000150,4000,false,VB,004,39.000,2.000,2.392,1.839,1.000,2.000,2.674
000000000010000151,1000,false,PD,001,74.000,1.000,7.012,4.876,1.042,6.250,20.462
000000000010000151,2000,false,VB,006,74.000,1.000,4.920,3.381,1.000,3.000,7.395
000000000010000152,3000,false,VB,010,33.000,1.000,0.000,0.000,1.000,1.000,0.000
000000000030000034,2000,false,PD,005,102.000,3.000,0.000,0.000,1.458,8.750,0.000
000000000010000153,4000,false,PD,003,25.000,0.000,0.668,0.464,1.000,1.250,1.571
000000000010000154,1000,false,VB,007,55.000,0.000,24.036,3.559,26.542,159.250,209.602
000000000010000155,2000,false,PD,009,30.000,0.000,4.132,3.188,1.000,4.500,7.262
000000000010000156,3000,false,VB,004,122.000,2.000,16.441,9.897,1.000,6.000,22.551
000000000010000157,1000,false,VB,008,11.000,3.000,1.750,1.178,1.500,9.000,6.665
000000000010000158,3000,false,PD,010,28.000,1.000,0.000,0.000,1.000,1.000,0.000
000000000080000044,3000,false,VB,010,94.000,3.000,19.381,11.361,1.500,9.000,19.381
000000000010000159,1000,false,PD,007,111.000,2.000,0.000,0.000,1.000,1.000,0.000
000000000080000045,3000,false,PD,007,55.000,1.000,1.039,0.547,1.000,4.000,7.061
000000000010000160,4000,false,PD,001,13.000,1.000,1.018,0.670,1.000,3.250,1.897
000000000010000161,2000,false,VB,009,49.000,1.000,1.930,1.195,1.000,2.500,2.357
000000000010000161,3000,false,PD,004,49.000,2.000,4.911,3.092,1.000,5.500,6.403
000000000090000009,3000,false,ND,009,23.000,1.000,0.000,0.000,1.000,1.000,1.000
000000000030000035,3000,false,PD,005,20.000,0.000,0.000,0.000,1.000,4.750,0.000
000000000080000046,3000,false,PD,001,31.000,2.000,2.255,1.737,1.000,5.000,10.387
000000000080000046,4000,false,VB,005,31.000,1.000,3.500,2.512,1.000,5.750,6.858
000000000010000162,3000,false,VB,003,76.000,3.000,10.127,6.054,1.458,8.750,10.127
000000000010000163,1000,false,VB,003,43.000,2.000,13.277,8.837,2.167,13.000,18.705
000000000010000163,4000,false,VB,006,43.000,2.000,4.700,2.805,1.458,8.750,11.317
000000000010000164,2000,false,PD,003,127.000,1.000,0.000,0.000,1.000,1.000,0.000
000000000010000165,2000,false,VB,010,9.000,2.000,13.653,5.442,21.625,129.750,79.976
000000000030000036,4000,false,PD,010,91.000,3.000,0.000,0.000,1.000,3.500,0.000
000000000080000047,4000,false,PD,008,17.000,2.000,5.002,3.852,1.292,7.750,6.124
000000000080000047,2000,false,VB,001,17.000,3.000,1.427,1.086,1.000,3.000,4.618
000000000010000166,3000,false,VB,001,53.000,2.000,10.618,6.881,1.750,10.500,23.908
000000000010000167,2000,false,PD,007,32.000,2.000,4.986,4.031,1.000,4.750,8.786
000000000010000168,3000,false,PD,002,28.000,2.000,3.746,2.201,1.000,6.000,8.289
000000000010000168,4000,false,VB,006,28.000,3.000,0.482,0.361,1.000,1.750,1.764
000000000030000037,4000,false,PD,003,15.000,0.000,0.000,0.000,1.542,9.250,0.000
000000000010000169,3000,false,PD,008,146.000,0.000,9.440,3.918,1.000,4.250,10.586
000000000010000170,1000,false,VB,003,29.000,0.000,2.814,2.050,1.000,3.500,4.384
000000000080000048,3000,false,VB,007,35.000,0.000,2.681,1.649,1.667,10.000,16.448
000000000010000171,1000,false,PD,003,139.000,1.000,9.241,3.784,1.000,5.000,9.241
000000000010000172,2000,false,VB,008,82.000,3.000,4.417,2.337,1.000,3.250,4.417
000000000010000172,3000,false,PD,010,82.000,3.000,6.425,3.478,1.000,4.000,6.425
000000000010000173,4000,false,VB,003,45.000,3.000,2.323,1.755,1.000,2.000,2.972
000000000080000049,3000,false,PD,005,96.000,0.000,13.679,8.092,2.208,13.250,30.178
000000000010000174,3000,false,PD,009,33.000,0.000,3.542,2.716,1.000,3.000,6.584
000000000010000175,1000,false,PD,002,142.000,2.000,9.451,4.820,1.500,9.000,17.107
000000000010000176,2000,false,VB,006,94.000,0.000,0.000,0.000,1.000,1.000,0.000
000000000010000176,4000,false,VB,004,94.000,2.000,0.000,0.000,1.000,1.000,0.000
000000000010000177,1000,false,VB,001,223.000,2.000,19.297,9.232,1.000,5.000,19.297
000000000030000038,3000,false,PD,001,148.000,2.000,0.000,0.000,1.958,11.750,0.000
000000000010000178,1000,false,VB,008,47.000,1.000,55.328,14.403,26.458,158.750,175.708
000000000010000179,2000,false,PD,007,150.000,3.000,5.787,2.933,1.000,5.500,18.243
000000000080000050,3000,false,VB,009,16.000,2.000,4.032,3.114,1.333,8.000,11.950
000000000080000051,2000,false,VB,007,51.000,0.000,5.006,3.088,1.208,7.250,14.915
000000000010000180,3000,false,PD,008,11.000,0.000,5.039,1.138,9.167,55.000,25.464
000000000090000010,2000,false,ND,006,8.000,1.000,0.000,0.000,1.000,1.000,1.000
000000000090000010,1000,false,ND,002,8.000,0.000,0.000,0.000,1.000,1.000,1.000
000000000010000181,3000,false,VB,008,45.000,1.000,0.981,0.590,1.000,1.500,1.373
000000000080000052,4000,false,VB,003,142.000,0.000,10.025,6.694,1.000,2.500,10.025
000000000010000182,4000,false,PD,002,49.000,3.000,0.000,0.000,1.000,1.000,0.000
000000000010000182,3000,false,VB,002,0.000,1.000,0.000,0.000,1.000,1.000,0.000
000000000010000183,1000,false,PD,010,42.000,1.000,0.000,0.000,1.000,1.000,0.000
000000000030000039,1000,false,PD,003,39.000,1.000,0.000,0.000,1.000,5.500,0.000
000000000010000184,3000,false,PD,007,70.000,2.000,0.000,0.000,1.000,1.000,0.000
000000000030000040,2000,false,PD,004,24.000,2.000,0.000,0.000,2.333,14.000,0.000
000000000010000185,3000,false,VB,010,30.000,3.000,72.258,18.874,34.750,208.500,138.942
000000000010000185,2000,false,VB,009,30.000,2.000,18.303,4.626,23.750,142.500,125.739
000000000010000186,3000,false,VB,005,37.000,2.000,0.000,0.000,1.000,1.000,0.000
000000000030000041,4000,false,PD,004,66.000,3.000,0.000,0.000,1.958,11.750,0.000
000000000030000042,1000,false,PD,001,30.000,0.000,0.000,0.000,1.583,9.500,0.000
000000000010000187,4000,false,VB,007,60.000,0.000,6.034,3.709,1.125,6.750,13.861
000000000010000188,2000,false,VB,006,108.000,2.000,6.156,3.856,1.000,3.250,7.340
000000000010000188,4000,false,PD,004,108.000,1.000,3.363,2.266,1.000,2.250,6.382
000000000080000053,1000,false,PD,005,50.000,0.000,4.999,3.327,1.000,3.750,7.876
000000000010000189,4000,false,PD,006,28.000,3.000,0.615,0.381,1.000,3.500,5.656
000000000010000190,2000,false,VB,002,109.000,0.000,3.647,1.740,1.000,4.250,8.217
000000000010000191,1000,false,VB,009,59.000,2.000,82.960,12.005,26.417,158.500,101.177
000000000010000192,2000,false,VB,010,14.000,0.000,0.339,0.273,1.000,1.500,1.310
000000000080000054,3000,false,VB,001,22.000,2.000,2.681,2.099,1.000,6.000,8.391
000000000010000193,1000,false,VB,006,36.000,1.000,6.928,5.115,1.333,8.000,8.793
000000000010000193,4000,false,VB,006,36.000,0.000,8.211,6.178,1.083,6.500,12.055
000000000010000194,4000,false,VB,004,35.000,3.000,6.601,4.673,1.125,6.750,7.746
000000000010000195,1000,false,PD,005,86.000,0.000,122.283,22.514,39.042,234.250,442.019
000000000010000195,4000,false,VB,002,86.000,2.000,49.007,7.496,18.833,113.000,141.651
000000000010000196,4000,false,PD,007,198.000,2.000,3.128,1.182,1.000,2.500,7.601
000000000010000197,3000,false,VB,005,30.000,3.000,6.534,4.383,1.458,8.750,14.333
000000000010000198,4000,false,VB,002,208.000,2.000,19.839,8.834,1.500,9.000,28.584
000000000010000198,2000,false,VB,009,208.000,1.000,22.690,9.637,1.083,6.500,22.690
000000000010000199,3000,false,VB,009,30.000,1.000,15.819,4.877,17.542,105.250,68.825
000000000030000043,3000,false,PD,010,37.000,3.000,0.000,0.000,1.458,8.750,0.000
000000000030000044,3000,false,PD,002,48.000,0.000,0.000,0.000,1.917,11.500,0.000
000000000090000011,2000,false,ND,001,59.000,0.000,0.000,0.000,1.000,1.000,1.000
000000000010000200,1000,false,VB,002,79.000,0.000,4.982,2.563,1.000,3.250,7.900
000000000010000201,2000,false,PD,008,7.000,3.000,0.458,0.381,1.000,2.000,1.907
000000000030000045,1000,false,PD,002,84.000,1.000,0.000,0.000,1.083,6.500,0.000
000000000010000202,3000,false,PD,003,18.000,3.000,4.882,3.365,2.375,14.250,16.505
000000000010000203,1000,false,VB,007,148.000,2.000,6.701,2.637,1.000,4.750,11.796
000000000010000204,1000,false,PD,005,131.000,1.000,5.010,2.433,1.000,4.250,7.655
000000000010000204,4000,false,VB,003,131.000,0.000,11.289,5.325,1.000,6.000,13.261
000000000010000205,3000,false,VB,002,51.000,2.000,0.000,0.000,1.000,1.000,0.000
000000000010000205,4000,false,VB,008,51.000,2.000,0.000,0.000,1.000,1.000,0.000
000000000010000206,3000,false,PD,010,55.000,2.000,33.314,4.951,29.542,177.250,142.779
000000000010000207,1000,false,VB,002,9.000,3.000,0.000,0.000,1.000,1.000,0.000
000000000010000208,3000,false,VB,001,64.000,3.000,1.717,1.095,1.000,2.500,3.904
000000000080000055,2000,false,VB,002,39.000,1.000,1.761,1.111,1.167,7.000,10.236
000000000080000055,3000,false,VB,010,39.000,0.000,3.478,1.895,1.000,5.000,8.282
000000000010000209,1000,false,VB,003,91.000,3.000,14.347,9.047,2.250,13.500,37.088
000000000010000210,4000,false,PD,008,9.000,2.000,0.000,0.000,1.000,1.000,0.000
000000000010000211,1000,false,PD,010,15.000,1.000,0.000,0.000,1.000,1.000,0.000
000000000010000212,4000,false,PD,004,11.000,2.000,24.489,9.897,22.792,136.750,119.462
000000000010000213,2000,false,VB,006,15.000,1.000,11.645,3.312,13.625,81.750,72.923
000000000010000213,4000,false,VB,007,15.000,2.000,30.284,8.858,31.833,191.000,169.763
000000000030000046,4000,false,PD,005,77.000,1.000,0.000,0.000,2.458,14.750,0.000
000000000010000214,4000,false,PD,007,56.000,1.000,4.176,2.812,1.000,2.750,6.833
000000000010000214,1000,false,PD,009,56.000,0.000,6.181,3.767,1.000,5.750,6.181
000000000010000215,1000,false,VB,007,31.000,2.000,0.848,0.595,1.000,1.000,1.008
000000000010000215,3000,false,PD,007,31.000,2.000,1.180,0.678,1.000,4.500,3.233
000000000010000216,2000,false,VB,006,71.000,2.000,11.276,7.468,1.500,9.000,12.110
000000000010000216,3000,false,VB,006,71.000,0.000,14.517,9.021,1.917,11.500,16.376
000000000010000217,1000,false,VB,006,34.000,1.000,1.055,0.729,1.000,1.000,1.421
000000000010000217,4000,false,VB,001,34.000,3.000,1.869,1.095,1.000,4.000,6.511
000000000010000218,2000,false,PD,001,43.000,1.000,0.000,0.000,1.000,1.000,0.000
000000000010000219,1000,false,VB,004,124.000,0.000,0.000,0.000,1.000,1.000,0.000
000000000030000047,4000,false,PD,004,30.000,2.000,0.000,0.000,1.000,5.750,0.000
000000000080000056,2000,false,VB,006,16.000,0.000,5.151,3.792,2.167,13.000,17.364
000000000010000220,4000,false,VB,006,40.000,1.000,7.711,4.925,1.833,11.000,8.893
000000000010000221,3000,false,PD,007,36.000,3.000,2.794,1.859,1.000,4.750,6.216
000000000010000222,3000,false,VB,002,155.000,3.000,10.736,5.397,1.375,8.250,30.427
000000000010000223,2000,false,VB,009,133.000,0.000,4.190,1.784,1.000,5.000,7.452
000000000010000224,4000,false,VB,001,49.000,3.000,2.192,1.092,1.000,6.000,6.325
000000000010000225,3000,false,VB,010,89.000,3.000,2.371,1.365,1.000,4.500,10.018
000000000010000226,1000,false,VB,003,49.000,0.000,7.213,4.683,1.333,8.000,7.735
000000000010000227,3000,false,VB,010,86.000,3.000,212.118,47.474,39.333,236.000,383.939
000000000010000228,1000,false,VB,007,185.000,3.000,13.393,6.158,1.000,6.000,19.561
000000000030000048,1000,false,PD,001,39.000,3.000,0.000,0.000,1.042,6.250,0.000
000000000010000229,1000,false,VB,005,51.000,1.000,0.545,0.420,1.000,1.000,1.384
000000000010000229,3000,false,PD,005,51.000,0.000,0.845,0.615,1.000,1.000,1.506
000000000080000057,3000,false,PD,006,25.000,1.000,5.467,3.648,2.083,12.500,18.419
000000000010000230,3000,false,VB,005,20.000,2.000,12.269,3.365,14.708,88.250,83.677
000000000010000230,4000,false,PD,008,20.000,2.000,9.375,2.014,12.958,77.750,46.587
000000000010000231,2000,false,VB,006,50.000,2.000,1.400,1.006,1.000,1.250,2.395
000000000010000231,3000,false,VB,005,50.000,3.000,1.208,0.839,1.000,1.500,1.790
000000000010000232,1000,false,VB,004,23.000,1.000,9.201,1.745,15.083,90.500,70.567
000000000010000233,4000,false,PD,003,140.000,0.000,1.720,1.062,1.000,1.000,1.799
000000000010000234,4000,false,VB,006,113.000,2.000,6.679,4.684,1.000,3.750,12.913
000000000030000049,2000,false,PD,006,80.000,0.000,0.000,0.000,1.000,5.500,0.000
000000000030000050,1000,false,PD,010,15.000,1.000,0.000,0.000,1.000,3.250,0.000
000000000010000235,2000,false,PD,005,41.000,2.000,4.519,2.857,1.000,4.250,4.981
000000000010000236,4000,false,VB,006,99.000,2.000,74.355,11.631,12.042,72.250,143.011
000000000010000237,4000,false,VB,007,38.000,1.000,28.787,5.777,33.042,198.250,263.279
000000000010000238,2000,false,VB,002,0.000,2.000,26.624,16.011,1.542,9.250,28.158
000000000030000051,4000,false,PD,004,18.000,3.000,0.000,0.000,1.000,5.250,0.000
000000000010000239,1000,false,PD,002,93.000,1.000,10.856,6.630,2.000,12.000,19.548
000000000010000240,3000,false,VB,001,33.000,1.000,1.303,0.925,1.000,1.250,1.756
000000000010000241,4000,false,PD,003,34.000,2.000,0.865,0.590,1.000,3.000,2.877
000000000010000241,3000,false,PD,008,34.000,3.000,2.980,1.898,1.000,4.000,5.631
000000000030000052,1000,false,PD,006,31.000,2.000,0.000,0.000,1.917,11.500,0.000
000000000010000242,1000,false,VB,003,107.000,0.000,0.000,0.000,1.000,1.000,0.000
000000000030000053,3000,false,PD,001,87.000,1.000,0.000,0.000,2.417,14.500,0.000
000000000030000053,4000,false,PD,001,87.000,0.000,0.000,0.000,1.583,9.500,0.000
000000000010000243,4000,false,PD,008,38.000,1.000,0.000,0.000,1.000,1.000,0.000
000000000010000243,3000,false,VB,006,38.000,3.000,0.000,0.000,1.000,1.000,0.000
000000000080000058,1000,false,PD,004,33.000,0.000,5.569,3.107,1.542,9.250,6.819
000000000010000244,3000,false,VB,001,69.000,1.000,12.683,7.622,1.792,10.750,27.276
000000000010000245,1000,false,VB,007,125.000,0.000,23.367,14.256,1.792,10.750,23.367
000000000010000246,4000,false,PD,010,90.000,2.000,23.272,12.249,2.750,16.500,23.272
000000000030000054,1000,false,PD,004,60.000,2.000,0.000,0.000,1.000,5.000,0.000
000000000030000054,4000,false,PD,010,60.000,1.000,0.000,0.000,1.000,5.500,0.000
000000000030000055,2000,false,PD,005,0.000,3.000,0.000,0.000,1.000,4.000,0.000
000000000010000247,2000,false,VB,006,117.000,1.000,0.000,0.000,1.000,1.000,0.000
000000000080000059,2000,false,VB,007,49.000,1.000,2.979,1.605,1.000,4.500,4.196
000000000010000248,4000,false,PD,003,48.000,2.000,1.313,0.816,1.000,1.250,1.313
000000000010000249,2000,false,PD,010,11.000,2.000,0.313,0.236,1.000,1.500,0.856
000000000010000250,1000,false,VB,007,15.000,0.000,34.561,8.526,34.250,205.500,145.252
000000000010000251,3000,false,VB,009,137.000,1.000,16.962,6.431,2.458,14.750,22.162
000000000010000252,1000,false,VB,009,37.000,3.000,19.085,3.544,12.875,77.250,100.989
000000000010000253,3000,false,VB,008,84.000,1.000,2.377,1.103,1.125,6.750,14.198
000000000090000012,3000,false,ND,001,42.000,2.000,0.000,0.000,1.000,1.000,1.000
000000000010000254,3000,false,VB,003,219.000,1.000,15.703,6.892,1.000,6.000,15.703
000000000010000254,2000,false,VB,004,219.000,1.000,10.179,3.841,1.875,11.250,41.925
000000000010000255,2000,false,PD,010,58.000,0.000,86.851,11.822,22.167,133.000,193.249
000000000090000013,4000,false,ND,009,31.000,3.000,0.000,0.000,1.000,1.000,1.000
000000000080000060,3000,false,VB,005,45.000,0.000,1.732,1.146,1.000,3.000,4.474
000000000090000014,4000,false,ND,010,39.000,0.000,0.000,0.000,1.000,1.000,1.000
000000000090000014,3000,false,ND,008,39.000,2.000,0.000,0.000,1.000,1.000,1.000
000000000030000056,4000,false,PD,008,25.000,3.000,0.000,0.000,1.208,7.250,0.000
000000000010000256,2000,false,VB,007,28.000,1.000,24.406,5.150,13.667,82.000,42.778
000000000030000057,2000,false,PD,007,58.000,1.000,0.000,0.000,1.000,4.500,0.000
000000000030000058,2000,false,PD,003,41.000,0.000,0.000,0.000,1.000,3.750,0.000
000000000010000257,1000,false,VB,002,140.000,3.000,0.931,0.506,1.000,1.250,3.792
000000000010000258,3000,false,VB,003,60.000,2.000,18.649,10.604,2.458,14.750,18.649
000000000010000259,4000,false,PD,003,0.000,1.000,2.495,1.591,1.750,10.500,9.497
000000000010000260,3000,false,VB,008,129.000,2.000,17.690,8.300,1.375,8.250,17.690
000000000080000061,2000,false,VB,003,23.000,0.000,5.281,3.764,1.542,9.250,14.028
000000000080000061,3000,false,VB,008,23.000,2.000,2.799,2.126,1.000,5.500,4.564
000000000080000062,3000,false,VB,004,23.000,0.000,1.271,0.832,1.333,8.000,10.546
000000000080000063,2000,false,VB,001,27.000,3.000,3.194,1.693,1.125,6.750,7.151
000000000080000063,3000,false,VB,010,27.000,0.000,3.883,2.311,1.208,7.250,10.189
000000000010000261,1000,false,VB,001,189.000,1.000,8.950,4.466,1.000,2.500,8.950
000000000080000064,4000,false,PD,004,31.000,1.000,7.640,4.893,2.208,13.250,17.409
000000000010000262,1000,false,VB,007,51.000,3.000,0.000,0.000,1.000,1.000,0.000
000000000010000262,3000,false,VB,005,51.000,1.000,0.000,0.000,1.000,1.000,0.000
000000000010000263,4000,false,VB,001,21.000,2.000,30.439,9.854,18.542,111.250,64.828
000000000030000059,1000,false,PD,010,11.000,2.000,0.000,0.000,1.167,7.000,0.000
000000000010000264,4000,false,VB,008,93.000,0.000,0.000,0.000,1.000,1.000,0.000
000000000010000265,2000,false,VB,010,102.000,0.000,9.412,4.936,2.250,13.500,39.734
000000000010000265,3000,false,VB,008,102.000,2.000,14.607,8.559,1.875,11.250,21.395
000000000010000266,1000,false,PD,007,17.000,2.000,40.254,14.597,29.958,179.750,132.836
000000000010000267,3000,false,PD,001,112.000,0.000,9.405,6.367,1.000,5.750,14.030
000000000010000268,2000,false,PD,007,19.000,1.000,1.595,1.099,1.000,4.250,5.162
000000000010000268,4000,false,VB,002,19.000,2.000,5.453,3.382,2.167,13.000,16.513
000000000010000269,2000,false,VB,010,23.000,1.000,4.766,3.544,1.250,7.500,11.942
000000000010000269,1000,false,VB,001,23.000,2.000,7.247,4.659,2.333,14.000,12.717
000000000010000270,1000,false,VB,002,90.000,0.000,15.229,9.620,1.375,8.250,17.018
000000000010000271,2000,false,VB,008,135.000,2.000,3.386,2.059,1.000,1.750,4.408
000000000010000272,1000,false,PD,003,109.000,0.000,7.524,3.835,1.000,4.750,13.314
000000000010000273,2000,false,PD,004,231.000,2.000,9.128,4.135,1.000,2.750,11.929
000000000010000274,3000,false,PD,002,116.000,2.000,0.000,0.000,1.000,1.000,0.000
000000000080000065,4000,false,VB,008,21.000,1.000,2.300,1.783,1.083,6.500,5.463
000000000080000065,3000,false,VB,005,21.000,0.000,3.867,2.600,2.042,12.250,10.547
000000000010000275,3000,false,PD,010,17.000,3.000,1.684,1.196,1.000,3.000,3.445
000000000030000060,1000,false,PD,003,78.000,3.000,0.000,0.000,1.000,5.250,0.000
000000000030000061,3000,false,PD,005,31.000,1.000,0.000,0.000,1.000,3.250,0.000
000000000080000066,1000,false,VB,001,53.000,3.000,0.846,0.480,1.000,3.000,5.541
000000000080000066,4000,false,PD,004,53.000,1.000,8.948,3.495,2.625,15.750,11.086
000000000010000276,2000,false,PD,007,21.000,1.000,32.532,7.373,33.125,198.750,132.568
000000000010000277,4000,false,VB,005,18.000,3.000,4.182,3.105,1.500,9.000,8.802
000000000010000278,2000,false,VB,010,104.000,0.000,0.517,0.362,1.000,1.000,1.810
000000000010000279,1000,false,VB,001,13.000,2.000,0.000,0.000,1.000,1.000,0.000
000000000010000279,2000,false,VB,009,13.000,3.000,0.000,0.000,1.000,1.000,0.000
000000000030000062,2000,false,PD,004,25.000,0.000,0.000,0.000,1.042,6.250,0.000
000000000010000280,1000,false,VB,010,33.000,0.000,24.751,5.441,32.667,196.000,102.021
000000000030000063,4000,false,PD,002,16.000,1.000,0.000,0.000,1.583,9.500,0.000
000000000030000064,1000,false,PD,003,26.000,3.000,0.000,0.000,1.542,9.250,0.000
000000000010000281,3000,false,VB,006,52.000,0.000,2.345,1.789,1.000,3.750,5.558
000000000010000281,2000,false,VB,003,52.000,1.000,2.717,1.993,1.000,4.000,7.851
000000000010000282,3000,false,VB,010,66.000,2.000,4.451,2.883,1.000,3.750,9.367
000000000010000283,3000,false,VB,008,127.000,2.000,6.585,3.936,1.000,4.500,10.682
000000000030000065,1000,false,PD,006,43.000,0.000,0.000,0.000,1.708,10.250,0.000
000000000010000284,2000,false,PD,003,145.000,2.000,4.894,2.676,1.000,4.250,15.980
000000000010000284,4000,false,VB,002,145.000,0.000,10.686,6.421,1.208,7.250,20.052
000000000010000285,1000,false,VB,006,34.000,0.000,39.800,13.223,23.292,139.750,169.852
000000000080000067,2000,false,PD,006,28.000,1.000,0.613,0.349,1.000,4.000,2.506
000000000080000067,3000,false,PD,003,28.000,2.000,5.179,2.831,1.583,9.500,13.254
000000000010000286,4000,false,VB,007,136.000,2.000,10.882,6.542,1.250,7.500,15.133
000000000080000068,3000,false,PD,001,38.000,1.000,10.837,7.367,1.750,10.500,18.861
000000000080000069,2000,false,VB,005,39.000,3.000,11.388,7.636,1.667,10.000,19.084
000000000080000069,4000,false,VB,009,39.000,0.000,3.769,2.423,1.125,6.750,8.834
000000000090000015,1000,false,ND,006,57.000,3.000,0.000,0.000,1.000,1.000,1.000
000000000010000287,2000,false,VB,002,103.000,2.000,1.994,1.101,1.000,1.500,4.102
000000000080000070,4000,false,PD,006,134.000,3.000,16.900,10.481,1.000,6.000,16.900
000000000080000070,2000,false,VB,007,134.000,3.000,8.449,5.729,1.000,4.000,16.462
000000000010000288,3000,false,VB,004,25.000,1.000,4.124,2.246,2.625,15.750,15.149
000000000010000288,1000,false,PD,001,25.000,0.000,3.812,2.288,1.208,7.250,8.906
000000000010000289,4000,false,PD,004,33.000,2.000,42.476,9.977,35.958,215.750,255.134
000000000010000290,2000,false,VB,004,124.000,3.000,137.404,15.557,33.667,202.000,333.217
000000000010000291,2000,false,VB,003,15.000,3.000,0.585,0.506,1.000,1.000,0.997
000000000010000292,2000,false,VB,003,112.000,2.000,4.548,3.228,1.000,2.000,7.009
000000000080000071,1000,false,PD,003,12.000,1.000,0.999,0.641,2.167,13.000,15.526
000000000080000072,1000,false,VB,007,30.000,2.000,3.210,1.723,2.417,14.500,14.354
000000000010000293,4000,false,VB,001,76.000,0.000,7.815,5.145,1.375,8.250,22.219
000000000010000293,3000,false,VB,005,76.000,3.000,5.025,3.347,1.000,2.250,5.025
000000000080000073,3000,false,VB,001,118.000,0.000,25.819,15.167,1.875,11.250,25.819
000000000010000294,2000,false,VB,009,105.000,1.000,6.084,3.959,1.000,5.000,11.026
000000000010000294,3000,false,PD,003,105.000,3.000,11.863,6.599,1.000,5.250,14.987
000000000010000295,1000,false,VB,007,92.000,0.000,14.510,8.136,1.292,7.750,14.510
000000000010000296,4000,false,PD,009,116.000,2.000,23.452,13.523,1.458,8.750,26.465
000000000010000296,3000,false,VB,008,116.000,0.000,6.852,3.913,1.375,8.250,14.784
000000000030000066,4000,false,PD,007,60.000,3.000,0.000,0.000,2.542,15.250,0.000
000000000010000297,2000,false,VB,007,98.000,3.000,1.922,1.232,1.000,3.000,7.722
000000000010000297,1000,false,VB,007,98.000,0.000,12.336,8.600,1.000,4.000,13.424
000000000010000298,2000,false,PD,003,134.000,2.000,5.850,3.469,1.167,7.000,23.504
000000000010000299,2000,false,PD,002,50.000,2.000,0.000,0.000,1.000,1.000,0.000
000000000010000300,1000,false,PD,010,47.000,1.000,29.345,5.103,33.792,202.750,221.444
000000000010000301,1000,false,VB,001,209.000,0.000,10.833,4.595,1.000,3.250,10.833
000000000010000302,3000,false,PD,010,217.000,1.000,8.836,3.073,1.375,8.250,31.081
000000000010000302,1000,false,PD,004,217.000,0.000,3.259,0.897,1.000,3.750,6.194
000000000080000074,2000,false,VB,010,25.000,3.000,8.332,5.783,2.417,14.500,9.741
000000000010000303,3000,false,PD,006,81.000,2.000,6.806,4.959,1.000,2.750,10.248
000000000010000303,2000,false,PD,007,81.000,1.000,11.979,7.642,1.167,7.000,20.425
000000000080000075,2000,false,VB,007,28.000,1.000,4.858,3.322,1.875,11.250,12.340
000000000010000304,2000,false,PD,008,50.000,3.000,39.440,8.308,15.042,90.250,129.961
000000000090000016,2000,false,ND,005,48.000,0.000,0.000,0.000,1.000,1.000,1.000
000000000090000017,4000,false,ND,002,33.000,3.000,0.000,0.000,1.000,1.000,1.000
000000000010000305,1000,false,VB,006,128.000,1.000,0.000,0.000,1.000,1.000,0.000
000000000010000306,2000,false,VB,009,132.000,3.000,10.671,4.926,1.583,9.500,18.152
000000000010000307,2000,false,PD,005,123.000,2.000,8.809,4.909,1.833,11.000,26.663
000000000080000076,4000,false,PD,010,25.000,0.000,3.279,2.622,1.000,3.500,5.126
000000000030000067,1000,false,PD,003,42.000,1.000,0.000,0.000,1.083,6.500,0.000
000000000010000308,1000,false,VB,007,0.000,3.000,2.650,1.685,1.083,6.500,4.153
000000000030000068,2000,false,PD,009,17.000,3.000,0.000,0.000,1.042,6.250,0.000
000000000030000068,1000,false,PD,009,17.000,2.000,0.000,0.000,2.417,14.500,0.000
000000000010000309,4000,false,VB,004,72.000,2.000,1.394,1.092,1.000,1.500,4.641
000000000080000077,2000,false,VB,009,52.000,1.000,2.351,1.632,1.000,4.000,7.389
000000000010000310,1000,false,VB,005,34.000,2.000,0.000,0.000,1.000,1.000,0.000
000000000080000078,2000,false,PD,004,29.000,1.000,3.826,2.838,1.417,8.500,14.161
000000000010000311,3000,false,PD,007,0.000,3.000,6.579,1.798,11.958,71.750,40.932
000000000010000311,1000,false,VB,003,12.000,2.000,8.898,2.459,11.708,70.250,66.536
000000000030000069,2000,false,PD,004,42.000,2.000,0.000,0.000,1.000,4.500,0.000
000000000030000070,3000,false,PD,005,74.000,3.000,0.000,0.000,2.208,13.250,0.000
000000000010000312,4000,false,VB,003,32.000,2.000,60.781,18.794,23.875,143.250,150.161
000000000010000313,4000,false,PD,005,32.000,3.000,1.005,0.765,1.000,2.500,4.707
000000000010000314,2000,false,PD,008,70.000,0.000,7.429,4.620,1.708,10.250,19.049
000000000080000079,2000,false,PD,006,147.000,2.000,19.173,11.224,1.042,6.250,24.278
000000000010000315,3000,false,VB,002,167.000,3.000,5.019,2.691,1.000,2.250,5.107
000000000010000316,1000,false,PD,005,39.000,0.000,6.234,3.116,1.792,10.750,9.503
000000000010000316,2000,false,VB,001,39.000,3.000,1.362,0.822,1.042,6.250,5.787
000000000010000317,1000,false,PD,008,19.000,2.000,0.000,0.000,1.000,1.000,0.000
000000000010000317,4000,false,PD,003,19.000,2.000,0.000,0.000,1.000,1.000,0.000
000000000010000318,1000,false,VB,009,12.000,3.000,13.913,3.563,37.917,227.500,159.683
000000000010000319,2000,false,PD,006,21.000,1.000,1.402,1.220,1.000,1.000,1.796
000000000010000320,4000,false,PD,002,58.000,1.000,0.877,0.617,1.000,1.250,3.245
000000000080000080,4000,false,VB,005,35.000,0.000,3.018,1.741,1.000,4.250,7.075
000000000010000321,3000,false,VB,005,98.000,2.000,0.000,0.000,1.000,1.000,0.000
000000000010000321,1000,false,PD,010,98.000,0.000,0.000,0.000,1.000,1.000,0.000
000000000010000322,3000,false,VB,006,132.000,1.000,11.714,5.482,1.042,6.250,11.714
000000000010000323,1000,false,VB,004,80.000,2.000,17.002,9.093,2.042,12.250,18.042
000000000010000324,2000,false,VB,009,80.000,2.000,5.642,3.772,1.000,3.500,8.008
000000000080000081,1000,false,PD,008,12.000,3.000,2.629,1.944,1.542,9.250,6.133
000000000030000071,3000,false,PD,006,46.000,1.000,0.000,0.000,1.000,2.500,0.000
000000000010000325,1000,false,PD,008,69.000,1.000,52.143,15.298,25.542,153.250,186.223
000000000010000326,3000,false,VB,006,45.000,0.000,0.000,0.000,1.000,1.000,0.000
000000000030000072,3000,false,PD,005,32.000,2.000,0.000,0.000,1.708,10.250,0.000
000000000010000327,2000,false,PD,002,10.000,1.000,10.265,2.801,20.375,122.250,112.103
000000000010000327,1000,false,PD,007,10.000,0.000,14.017,5.088,34.458,206.750,117.589
000000000030000073,3000,false,PD,001,27.000,3.000,0.000,0.000,1.000,2.500,0.000
000000000010000328,3000,false,VB,001,172.000,1.000,15.408,6.583,1.750,10.500,22.763
000000000010000329,1000,false,PD,009,110.000,2.000,81.873,11.282,15.958,95.750,98.836
000000000010000330,2000,false,VB,004,91.000,2.000,2.617,1.773,1.000,1.500,3.762
000000000010000330,4000,false,VB,006,91.000,0.000,2.808,2.052,1.000,1.000,2.808
000000000010000331,1000,false,VB,009,25.000,2.000,10.383,2.100,19.542,117.250,67.294
000000000010000331,3000,false,VB,001,25.000,0.000,26.451,5.771,16.750,100.500,92.591
000000000010000332,2000,false,VB,001,132.000,2.000,13.436,6.079,2.083,12.500,36.384
000000000030000074,3000,false,PD,001,46.000,3.000,0.000,0.000,1.833,11.000,0.000
000000000010000333,4000,false,PD,008,161.000,0.000,10.659,5.764,1.000,4.500,17.313
000000000080000082,1000,false,PD,010,60.000,3.000,14.191,6.868,2.375,14.250,15.532
000000000030000075,3000,false,PD,010,19.000,3.000,0.000,0.000,2.792,16.750,0.000
000000000010000334,4000,false,PD,002,21.000,0.000,35.781,9.897,21.375,128.250,128.600
000000000010000335,2000,false,VB,004,139.000,1.000,294.753,43.429,30.958,185.750,414.966
000000000010000336,4000,false,VB,002,60.000,1.000,7.834,4.080,1.375,8.250,12.680
000000000010000337,1000,false,PD,006,33.000,0.000,2.711,1.676,1.417,8.500,13.349
000000000010000338,4000,false,VB,006,64.000,2.000,1.787,1.198,1.000,3.250,7.120
000000000010000339,3000,false,VB,004,47.000,3.000,16.166,10.301,2.333,14.000,23.765
000000000030000076,4000,false,PD,007,33.000,1.000,0.000,0.000,1.833,11.000,0.000
000000000010000340,2000,false,VB,008,51.000,0.000,91.826,17.383,37.875,227.250,171.734
000000000090000018,3000,false,ND,006,58.000,2.000,0.000,0.000,1.000,1.000,1.000
000000000090000018,1000,false,ND,006,58.000,1.000,0.000,0.000,1.000,1.000,1.000
000000000010000341,2000,false,VB,004,93.000,3.000,38.151,8.794,8.500,51.000,92.108
000000000030000077,1000,false,PD,005,143.000,3.000,0.000,0.000,1.000,6.000,0.000
000000000010000342,3000,false,PD,005,37.000,0.000,0.000,0.000,1.000,1.000,0.000
000000000010000343,3000,false,VB,005,0.000,1.000,1.013,0.787,1.000,1.000,1.987
000000000090000019,4000,false,ND,006,10.000,0.000,0.000,0.000,1.000,1.000,1.000
000000000010000344,2000,false,VB,001,16.000,2.000,0.540,0.375,1.000,1.750,1.077
000000000010000344,4000,false,VB,007,16.000,1.000,0.676,0.484,1.000,1.500,0.869
000000000010000345,3000,false,PD,010,31.000,2.000,4.152,2.993,1.000,5.750,5.747
000000000030000078,3000,false,PD,005,34.000,0.000,0.000,0.000,1.000,4.500,0.000
000000000030000078,4000,false,PD,005,34.000,2.000,0.000,0.000,1.167,7.000,0.000
000000000080000083,1000,false,PD,007,35.000,3.000,1.978,1.342,1.333,8.000,8.079
000000000080000083,3000,false,VB,001,35.000,2.000,5.182,3.737,1.375,8.250,7.282
000000000010000346,1000,false,PD,005,77.000,2.000,88.024,13.174,18.042,108.250,118.679
000000000010000347,3000,false,PD,001,215.000,2.000,12.755,3.978,1.083,6.500,21.813
000000000010000348,1000,false,PD,003,58.000,0.000,0.000,0.000,1.000,1.000,0.000
000000000030000079,3000,false,PD,003,43.000,3.000,0.000,0.000,1.000,3.250,0.000
000000000010000349,1000,false,VB,008,28.000,2.000,4.392,2.596,1.542,9.250,10.916
000000000010000350,2000,false,VB,003,22.000,2.000,0.000,0.000,1.000,1.000,0.000
000000000030000080,3000,false,PD,003,40.000,3.000,0.000,0.000,1.000,4.000,0.000
000000000010000351,1000,false,PD,007,141.000,0.000,74.894,14.483,25.750,154.500,200.029
000000000010000351,4000,false,VB,007,141.000,3.000,370.471,91.266,37.417,224.500,370.471
000000000090000020,2000,false,ND,001,41.000,1.000,0.000,0.000,1.000,1.000,1.000
000000000090000020,3000,false,ND,008,41.000,2.000,0.000,0.000,1.000,1.000,1.000
000000000010000352,3000,false,VB,003,59.000,2.000,3.884,2.309,1.000,3.500,7.114
000000000010000353,4000,false,VB,001,113.000,2.000,10.920,6.027,1.667,10.000,16.471
000000000010000354,4000,false,VB,004,22.000,3.000,4.540,2.784,1.375,8.250,4.873
000000000010000354,1000,false,VB,010,22.000,3.000,0.516,0.309,1.000,3.750,4.770
000000000010000355,3000,false,VB,006,59.000,1.000,13.831,6.064,2.292,13.750,26.246
000000000010000356,1000,false,VB,002,84.000,0.000,5.541,3.287,1.000,3.000,6.794
000000000010000356,4000,false,PD,002,84.000,0.000,8.258,4.649,1.000,5.000,11.087
000000000010000357,3000,false,VB,010,78.000,3.000,5.412,2.837,1.500,9.000,20.918
000000000010000357,4000,false,PD,007,78.000,2.000,5.857,2.850,1.042,6.250,9.612
000000000010000358,4000,false,VB,005,9.000,2.000,13.226,4.039,21.458,128.750,53.247
000000000080000084,3000,false,PD,001,39.000,1.000,3.017,1.590,2.333,14.000,17.834
000000000010000359,3000,false,PD,008,41.000,2.000,4.011,2.257,1.000,4.750,8.071
000000000010000359,4000,false,VB,005,41.000,1.000,6.577,3.769,1.208,7.250,9.839
000000000010000360,4000,false,PD,010,47.000,2.000,8.518,4.566,1.458,8.750,16.605
000000000010000361,4000,false,PD,004,139.000,3.000,6.480,3.017,1.292,7.750,12.218
000000000010000362,4000,false,VB,007,38.000,2.000,76.341,15.181,31.875,191.250,164.834
000000000010000363,3000,false,VB,005,105.000,3.000,131.124,27.823,34.458,206.750,299.000
000000000010000363,1000,false,PD,004,105.000,1.000,71.913,19.416,21.042,126.250,138.791
000000000010000364,3000,false,PD,006,58.000,2.000,5.999,3.244,1.250,7.500,15.041
000000000010000364,1000,false,PD,006,58.000,1.000,4.369,2.559,1.000,4.250,8.876
000000000010000365,1000,false,VB,004,74.000,3.000,43.905,11.798,20.750,124.500,106.757
000000000010000365,2000,false,PD,003,74.000,3.000,58.201,15.031,16.833,101.000,97.689
000000000010000366,4000,false,PD,010,213.000,0.000,5.669,2.745,1.000,2.500,5.669
000000000080000085,4000,false,VB,006,31.000,1.000,4.402,3.468,1.083,6.500,7.907
000000000010000367,4000,false,VB,006,111.000,1.000,173.551,21.362,25.542,153.250,213.679
000000000030000081,1000,false,PD,004,120.000,2.000,0.000,0.000,1.000,4.000,0.000
000000000010000368,1000,false,VB,003,49.000,2.000,26.021,5.639,25.125,150.750,116.112
000000000010000369,4000,false,PD,010,93.000,1.000,144.452,35.280,22.208,133.250,231.721
000000000010000370,3000,false,PD,002,128.000,1.000,7.886,4.179,1.000,3.250,9.524
000000000010000370,4000,false,VB,009,128.000,3.000,7.830,3.434,1.042,6.250,11.450
000000000030000082,4000,false,PD,005,9.000,0.000,0.000,0.000,1.000,4.250,0.000
000000000080000086,1000,false,PD,005,27.000,3.000,6.837,4.549,1.708,10.250,9.700
000000000010000371,1000,false,VB,004,142.000,3.000,19.670,12.793,1.000,6.000,19.670
000000000080000087,3000,false,PD,002,15.000,3.000,2.426,1.686,1.000,5.250,3.968
000000000010000372,4000,false,PD,007,78.000,1.000,114.528,17.384,33.167,199.000,251.077
000000000010000372,1000,false,VB,009,78.000,3.000,57.856,8.957,11.708,70.250,117.639
000000000010000373,4000,false,PD,007,21.000,0.000,0.453,0.312,1.000,1.500,2.029
000000000080000088,1000,false,VB,008,21.000,3.000,1.474,1.011,1.000,6.000,7.579
000000000010000374,3000,false,PD,005,56.000,0.000,1.877,1.220,1.000,4.000,9.502
000000000010000374,4000,false,PD,002,56.000,2.000,8.794,5.399,1.458,8.750,9.883
000000000010000375,4000,false,PD,007,56.000,2.000,5.476,4.464,1.000,2.500,9.030
000000000030000083,3000,false,PD,003,109.000,0.000,0.000,0.000,1.375,8.250,0.000
000000000010000376,3000,false,VB,001,51.000,2.000,4.641,2.694,1.000,5.500,6.354
000000000010000376,1000,false,PD,007,51.000,3.000,8.990,5.246,1.333,8.000,13.443
000000000010000377,2000,false,PD,001,37.000,2.000,35.049,11.789,14.958,89.750,110.524
000000000010000378,2000,false,PD,005,0.000,0.000,100.390,13.326,15.708,94.250,123.542
000000000010000379,3000,false,VB,001,33.000,1.000,4.030,2.954,1.000,4.750,5.236
000000000010000380,1000,false,PD,002,149.000,2.000,25.534,13.053,1.875,11.250,37.859
000000000010000381,4000,false,VB,001,213.000,1.000,7.896,2.917,1.000,2.500,7.896
000000000030000084,2000,false,PD,003,35.000,3.000,0.000,0.000,1.083,6.500,0.000
000000000010000382,2000,false,PD,007,57.000,0.000,1.167,0.739,1.000,2.000,4.255
000000000010000383,1000,false,VB,007,132.000,0.000,3.832,2.587,1.000,3.250,9.798
000000000010000384,4000,false,PD,001,151.000,1.000,7.999,3.119,1.000,5.500,8.814
000000000030000085,4000,false,PD,002,60.000,1.000,0.000,0.000,1.500,9.000,0.000
000000000080000089,3000,false,PD,005,31.000,3.000,2.071,1.480,1.000,3.250,4.153
000000000080000090,3000,false,VB,010,13.000,0.000,0.602,0.463,1.000,2.000,2.903
000000000080000090,1000,false,PD,008,13.000,2.000,3.398,2.377,1.542,9.250,5.107
000000000010000385,2000,false,PD,007,126.000,3.000,176.256,23.692,37.250,223.500,502.739
000000000030000086,1000,false,PD,009,7.000,2.000,0.000,0.000,1.500,9.000,0.000
000000000030000087,1000,false,PD,004,11.000,3.000,0.000,0.000,2.458,14.750,0.000
000000000010000386,2000,false,PD,003,36.000,2.000,79.262,15.868,38.167,229.000,238.023
000000000010000387,1000,false,VB,004,0.000,3.000,14.527,10.130,1.000,3.750,14.527
000000000010000387,2000,false,PD,006,139.000,0.000,17.346,11.135,1.000,6.000,28.191
000000000090000021,1000,false,ND,007,54.000,2.000,0.000,0.000,1.000,1.000,1.000
000000000080000091,3000,false,VB,003,30.000,3.000,4.343,2.981,1.292,7.750,7.446
000000000010000388,1000,false,VB,005,34.000,0.000,0.000,0.000,1.000,1.000,0.000
000000000010000389,1000,false,PD,008,44.000,2.000,1.234,0.818,1.000,2.000,2.641
000000000010000390,1000,false,VB,010,87.000,3.000,19.116,12.382,1.375,8.250,21.482
000000000010000390,2000,false,VB,005,87.000,0.000,23.820,14.459,2.042,12.250,32.003
000000000080000092,3000,false,VB,001,50.000,1.000,1.430,0.730,1.000,4.750,5.587
000000000080000092,1000,false,VB,010,50.000,0.000,8.879,4.271,1.583,9.500,12.347
000000000030000088,1000,false,PD,006,22.000,2.000,0.000,0.000,2.583,15.500,0.000
000000000010000391,4000,false,VB,009,90.000,1.000,7.814,5.088,1.042,6.250,20.012
000000000010000392,2000,false,VB,008,209.000,2.000,15.754,6.524,1.000,6.000,20.841
000000000010000393,3000,false,PD,002,7.000,3.000,4.585,2.100,20.208,121.250,79.913
000000000010000393,2000,false,PD,009,7.000,0.000,13.989,6.086,24.667,148.000,140.507
000000000010000394,2000,false,VB,005,124.000,2.000,5.885,3.940,1.000,2.500,8.050
000000000010000394,4000,false,PD,005,124.000,1.000,10.882,6.728,1.000,3.500,10.882
000000000010000395,1000,false,VB,008,9.000,1.000,0.757,0.607,1.000,3.000,2.490
000000000010000395,4000,false,VB,006,9.000,0.000,2.394,1.835,1.250,7.500,5.772
000000000030000089,2000,false,PD,009,9.000,1.000,0.000,0.000,1.167,7.000,0.000
000000000010000396,3000,false,VB,002,178.000,0.000,11.423,5.545,1.000,5.500,19.293
000000000090000022,1000,false,ND,007,21.000,3.000,0.000,0.000,1.000,1.000,1.000
000000000090000022,2000,false,ND,010,21.000,0.000,0.000,0.000,1.000,1.000,1.000
000000000030000090,2000,false,PD,004,42.000,2.000,0.000,0.000,1.333,8.000,0.000
000000000010000397,1000,false,PD,010,23.000,1.000,37.611,10.799,20.292,121.750,86.003
000000000010000398,2000,false,VB,001,20.000,1.000,0.000,0.000,1.000,1.000,0.000
000000000010000399,2000,false,VB,001,39.000,0.000,64.284,15.606,25.125,150.750,114.330
000000000010000400,4000,false,PD,005,85.000,3.000,0.000,0.000,1.000,1.000,0.000
000000000010000401,4000,false,VB,010,8.000,2.000,8.032,3.574,9.583,57.500,51.752
000000000080000093,3000,false,PD,003,16.000,1.000,5.848,4.293,2.083,12.500,11.700
000000000010000402,3000,false,PD,010,150.000,3.000,23.195,12.442,1.708,10.250,40.728
000000000010000402,4000,false,PD,009,150.000,0.000,50.041,26.428,2.667,16.000,50.041
000000000010000403,3000,false,VB,003,42.000,2.000,54.707,11.700,19.000,114.000,91.372
000000000010000404,3000,false,PD,007,110.000,3.000,209.185,23.952,38.625,231.750,466.242
000000000080000094,1000,false,VB,002,43.000,2.000,1.293,0.998,1.000,2.500,3.355
000000000010000405,1000,false,VB,007,99.000,1.000,0.000,0.000,1.000,1.000,0.000
000000000030000091,1000,false,PD,007,56.000,2.000,0.000,0.000,1.000,5.250,0.000
000000000010000406,3000,false,PD,007,214.000,1.000,2.797,1.121,1.000,3.500,9.089
000000000010000406,1000,false,VB,002,214.000,1.000,3.427,1.585,1.000,2.750,9.724
000000000030000092,3000,false,PD,003,63.000,2.000,0.000,0.000,1.583,9.500,0.000
000000000010000407,4000,false,VB,001,10.000,2.000,0.000,0.000,1.000,1.000,0.000
000000000030000093,1000,false,PD,006,130.000,3.000,0.000,0.000,1.667,10.000,0.000
000000000080000095,2000,false,VB,010,114.000,0.000,26.993,15.232,1.792,10.750,26.993
000000000010000408,2000,false,VB,003,45.000,0.000,20.866,3.111,26.625,159.750,109.893
000000000080000096,3000,false,VB,006,27.000,1.000,2.949,2.038,1.167,7.000,8.116
000000000080000096,4000,false,PD,003,27.000,0.000,2.410,1.648,1.292,7.750,11.067
000000000010000409,2000,false,VB,009,45.000,3.000,3.543,2.332,1.000,3.500,4.113
000000000080000097,2000,false,PD,009,19.000,3.000,2.413,1.873,1.000,4.750,4.788
000000000080000097,4000,false,VB,003,19.000,1.000,4.344,2.778,1.583,9.500,5.625
000000000010000410,3000,false,PD,010,49.000,1.000,60.611,15.082,20.750,124.500,100.763
000000000010000410,4000,false,PD,001,49.000,2.000,87.012,23.623,23.292,139.750,194.400
000000000010000411,4000,false,PD,005,83.000,1.000,2.217,1.640,1.000,1.000,2.372
000000000030000094,2000,false,PD,007,33.000,0.000,0.000,0.000,1.792,10.750,0.000
000000000080000098,1000,false,VB,009,13.000,1.000,1.584,1.287,1.000,2.500,3.580
000000000080000098,3000,false,PD,003,13.000,0.000,3.520,2.505,1.333,8.000,7.261
000000000010000412,3000,false,VB,001,141.000,1.000,10.737,6.004,1.167,7.000,19.874
000000000010000412,1000,false,VB,009,141.000,1.000,22.768,12.176,1.333,8.000,28.396
000000000010000413,1000,false,VB,004,177.000,2.000,11.947,5.311,1.083,6.500,23.032
000000000030000095,2000,false,PD,004,141.000,3.000,0.000,0.000,1.833,11.000,0.000
000000000030000095,1000,false,PD,007,141.000,3.000,0.000,0.000,1.542,9.250,0.000
000000000010000414,3000,false,PD,006,25.000,0.000,2.629,1.454,1.000,5.250,4.707
000000000010000414,1000,false,VB,010,25.000,0.000,2.256,1.388,1.000,3.750,4.479
000000000010000415,1000,false,VB,002,45.000,0.000,0.000,0.000,1.000,1.000,0.000
000000000010000416,4000,false,VB,005,12.000,3.000,3.294,1.114,12.417,74.500,34.280
000000000010000417,3000,false,PD,006,22.000,2.000,29.076,6.051,26.083,156.500,139.387
000000000010000417,4000,false,VB,005,22.000,2.000,34.769,8.518,33.000,198.000,110.022
000000000080000099,3000,false,PD,007,29.000,1.000,4.746,3.017,1.250,7.500,11.921
000000000010000418,4000,false,VB,006,0.000,1.000,5.907,2.559,1.000,3.750,8.681
000000000010000419,2000,false,VB,008,181.000,2.000,5.490,2.653,1.000,2.750,8.047
000000000010000420,1000,false,VB,009,44.000,1.000,0.000,0.000,1.000,1.000,0.000
000000000010000420,4000,false,PD,006,44.000,0.000,0.000,0.000,1.000,1.000,0.000
000000000010000421,4000,false,PD,010,32.000,2.000,12.318,8.417,2.083,12.500,17.318
000000000010000421,2000,false,VB,010,32.000,1.000,12.289,8.818,2.000,12.000,13.867
000000000010000422,1000,false,PD,002,119.000,0.000,4.427,2.495,1.000,2.500,5.678
000000000010000423,4000,false,PD,007,44.000,3.000,0.584,0.465,1.000,1.000,1.415
000000000080000100,4000,false,VB,004,40.000,2.000,1.528,1.000,1.000,3.750,3.032
000000000080000100,1000,false,VB,007,40.000,0.000,9.257,5.683,1.750,10.500,16.518
000000000010000424,2000,false,VB,004,42.000,3.000,7.505,5.251,1.667,10.000,20.420
000000000010000425,1000,false,PD,005,46.000,2.000,7.278,4.834,1.333,8.000,10.263
000000000010000426,1000,false,VB,003,98.000,1.000,3.920,2.430,1.000,2.000,4.750
000000000010000427,4000,false,VB,010,11.000,2.000,20.840,6.017,39.792,238.750,190.004
000000000010000428,3000,false,VB,010,55.000,0.000,2.787,1.468,1.000,4.000,4.402
000000000010000429,2000,false,VB,002,103.000,2.000,14.546,8.592,1.125,6.750,20.607
000000000010000429,1000,false,VB,009,103.000,1.000,8.105,4.543,1.000,4.000,8.863
000000000030000096,2000,false,PD,010,70.000,0.000,0.000,0.000,1.125,6.750,0.000
000000000030000097,3000,false,PD,006,27.000,2.000,0.000,0.000,1.000,3.750,0.000
000000000010000430,2000,false,VB,003,139.000,0.000,4.251,3.252,1.000,1.000,4.251
000000000010000431,2000,false,VB,010,52.000,1.000,4.431,2.904,1.000,5.750,9.056
000000000010000432,2000,false,PD,004,52.000,3.000,69.487,20.032,16.500,99.000,77.298
000000000010000433,2000,false,PD,010,66.000,0.000,4.579,2.960,1.542,9.250,23.275
000000000010000434,1000,false,VB,001,0.000,0.000,1.170,0.798,1.000,1.250,1.726
000000000010000434,2000,false,PD,010,43.000,2.000,2.400,1.575,1.000,3.000,3.882
000000000010000435,1000,false,PD,004,59.000,2.000,79.149,13.578,25.042,150.250,127.722
000000000010000436,4000,false,VB,005,19.000,3.000,2.613,1.545,1.792,10.750,11.695
000000000010000437,1000,false,VB,003,78.000,2.000,0.000,0.000,1.000,1.000,0.000
000000000010000438,4000,false,PD,001,32.000,2.000,36.376,6.737,22.750,136.500,82.887
000000000010000439,3000,false,PD,006,12.000,2.000,0.468,0.341,1.000,4.500,5.319
000000000080000101,4000,false,VB,002,144.000,3.000,29.915,19.339,1.333,8.000,29.915
000000000010000440,3000,false,PD,010,129.000,3.000,96.619,10.277,14.375,86.250,116.151
000000000010000441,4000,false,PD,002,94.000,1.000,12.751,8.649,1.083,6.500,21.508
000000000030000098,1000,false,PD,008,21.000,1.000,0.000,0.000,1.000,2.250,0.000
000000000080000102,4000,false,PD,005,22.000,1.000,5.278,3.475,1.417,8.500,5.982
000000000030000099,3000,false,PD,003,115.000,2.000,0.000,0.000,1.000,5.500,0.000
000000000030000099,2000,false,PD,002,115.000,3.000,0.000,0.000,2.167,13.000,0.000
000000000030000100,1000,false,PD,010,50.000,2.000,0.000,0.000,1.000,3.000,0.000
000000000080000103,1000,false,PD,005,8.000,2.000,2.179,1.743,1.083,6.500,6.467
000000000010000442,3000,false,PD,001,120.000,1.000,5.401,2.775,1.000,6.000,18.623
000000000090000023,3000,false,ND,009,13.000,0.000,0.000,0.000,1.000,1.000,1.000
000000000030000101,2000,false,PD,001,9.000,1.000,0.000,0.000,1.083,6.500,0.000
000000000080000104,4000,false,PD,003,12.000,0.000,1.476,1.037,1.542,9.250,6.504
000000000080000104,3000,false,VB,008,12.000,2.000,2.113,1.455,1.458,8.750,8.342
000000000010000443,3000,false,VB,010,72.000,2.000,7.648,5.849,1.000,3.250,10.753
000000000030000102,1000,false,PD,010,52.000,2.000,0.000,0.000,1.000,4.000,0.000
000000000080000105,3000,false,PD,003,13.000,2.000,3.071,2.134,2.000,12.000,8.219
000000000080000105,4000,false,VB,003,13.000,1.000,2.104,1.603,1.000,4.250,5.177
000000000010000444,3000,false,PD,001,16.000,0.000,0.000,0.000,1.000,1.000,0.000
000000000030000103,1000,false,PD,001,68.000,0.000,0.000,0.000,1.000,5.500,0.000
000000000010000445,3000,false,VB,004,45.000,2.000,70.103,13.759,24.500,147.000,110.666
000000000010000446,1000,false,VB,004,138.000,1.000,2.421,1.320,1.000,1.250,4.477
000000000010000447,2000,false,VB,005,122.000,3.000,12.327,7.809,1.000,5.000,13.501
000000000010000448,2000,false,VB,005,78.000,3.000,35.701,10.583,17.458,104.750,118.142
000000000010000448,1000,false,VB,006,78.000,2.000,25.791,5.547,8.875,53.250,66.467
000000000010000449,2000,false,VB,001,23.000,2.000,0.667,0.558,1.000,1.500,1.726
000000000010000450,3000,false,PD,007,149.000,3.000,5.659,2.216,1.000,2.750,6.349
000000000010000451,4000,false,PD,003,48.000,1.000,2.120,1.644,1.000,2.500,3.761
000000000010000451,2000,false,PD,008,48.000,1.000,5.399,4.193,1.000,3.000,5.539
000000000080000106,3000,false,VB,004,74.000,3.000,12.320,8.517,1.000,5.500,12.635
000000000010000452,3000,false,VB,008,77.000,1.000,0.000,0.000,1.000,1.000,0.000
000000000010000453,3000,false,VB,008,51.000,0.000,0.000,0.000,1.000,1.000,0.000
000000000010000453,2000,false,PD,002,51.000,3.000,0.000,0.000,1.000,1.000,0.000
000000000030000104,3000,false,PD,004,31.000,3.000,0.000,0.000,1.000,5.750,0.000
000000000030000104,4000,false,PD,009,31.000,3.000,0.000,0.000,1.000,4.750,0.000
000000000010000454,4000,false,VB,003,50.000,1.000,1.309,0.705,1.000,4.000,5.185
000000000010000454,1000,false,VB,007,50.000,2.000,0.789,0.578,1.000,1.000,2.589
000000000010000455,4000,false,VB,004,25.000,3.000,4.184,2.714,2.250,13.500,12.708
000000000030000105,2000,false,PD,009,51.000,0.000,0.000,0.000,2.042,12.250,0.000
000000000010000456,2000,false,VB,004,216.000,1.000,10.905,3.594,1.000,6.000,10.905
000000000010000457,2000,false,PD,010,32.000,2.000,2.262,1.456,1.000,3.000,3.100
000000000010000457,3000,false,PD,003,32.000,0.000,1.646,1.094,1.000,4.500,6.016
000000000010000458,1000,false,PD,010,117.000,1.000,2.374,1.343,1.000,2.500,6.693
000000000010000458,3000,false,VB,008,117.000,2.000,1.870,1.194,1.000,1.500,3.928
000000000090000024,1000,false,ND,004,41.000,1.000,0.000,0.000,1.000,1.000,1.000
000000000010000459,4000,false,VB,002,120.000,3.000,36.156,4.578,16.917,101.500,165.845
000000000010000460,1000,false,VB,003,9.000,1.000,11.124,5.270,36.875,221.250,149.276
000000000010000460,3000,false,PD,009,9.000,0.000,32.207,14.088,36.167,217.000,172.679
000000000010000461,3000,false,PD,007,11.000,0.000,1.015,0.809,1.000,2.000,1.824
000000000010000462,3000,false,VB,008,12.000,2.000,16.716,4.874,22.667,136.000,143.929
000000000010000463,1000,false,PD,002,136.000,1.000,9.281,4.429,1.083,6.500,19.479
000000000010000463,4000,false,VB,005,136.000,3.000,6.348,3.429,1.000,5.000,15.525
000000000010000464,4000,false,VB,010,30.000,1.000,1.333,0.750,1.000,3.750,4.123
000000000010000465,4000,false,VB,006,24.000,1.000,3.542,2.335,2.375,14.250,17.898
000000000010000465,3000,false,VB,003,24.000,3.000,7.142,5.043,1.750,10.500,14.687
000000000010000466,1000,false,PD,008,174.000,2.000,9.251,3.542,1.333,8.000,24.984
000000000010000466,4000,false,VB,009,174.000,1.000,9.100,4.253,1.000,3.000,11.170
000000000010000467,2000,false,PD,005,113.000,1.000,5.497,3.003,1.000,4.500,10.156
000000000010000467,4000,false,VB,010,113.000,0.000,9.611,6.038,1.000,4.500,9.611
000000000080000107,4000,false,PD,005,91.000,3.000,14.173,8.710,1.042,6.250,14.173
000000000080000107,3000,false,PD,001,91.000,0.000,3.640,2.456,1.000,4.750,16.144
000000000010000468,1000,false,VB,006,57.000,3.000,0.000,0.000,1.000,1.000,0.000
000000000010000468,4000,false,VB,006,57.000,3.000,0.000,0.000,1.000,1.000,0.000
000000000010000469,3000,false,PD,004,84.000,0.000,134.009,26.426,36.167,217.000,359.221
000000000010000470,3000,false,PD,010,194.000,2.000,3.447,1.636,1.000,2.750,9.267
000000000010000470,2000,false,VB,010,194.000,1.000,20.448,10.138,1.250,7.500,31.011
000000000010000471,4000,false,PD,004,29.000,3.000,0.306,0.217,1.000,1.000,1.452
000000000010000471,2000,false,VB,004,29.000,2.000,0.791,0.516,1.000,1.500,1.729
000000000080000108,3000,false,VB,010,52.000,2.000,7.961,4.606,1.208,7.250,8.443
000000000080000108,4000,false,VB,005,52.000,0.000,1.710,1.048,1.000,5.000,7.888
000000000010000472,1000,false,VB,008,103.000,2.000,21.421,12.901,1.458,8.750,21.421
000000000080000109,2000,false,VB,003,53.000,3.000,2.176,1.286,1.000,6.000,6.450
000000000080000109,4000,false,VB,001,53.000,1.000,1.673,0.851,1.000,5.250,7.916
000000000010000473,4000,false,PD,005,39.000,0.000,0.000,0.000,1.000,1.000,0.000
000000000080000110,2000,false,PD,001,0.000,0.000,5.996,3.664,2.167,13.000,8.190
000000000080000110,1000,false,PD,007,21.000,2.000,1.923,1.282,1.458,8.750,7.695
000000000030000106,1000,false,PD,009,73.000,2.000,0.000,0.000,1.000,3.250,0.000
000000000080000111,4000,false,PD,001,35.000,3.000,3.224,2.104,1.000,4.000,3.458
000000000010000474,4000,false,VB,001,88.000,1.000,8.511,5.315,1.167,7.000,18.823
000000000010000475,1000,false,PD,007,33.000,3.000,0.000,0.000,1.000,1.000,0.000
000000000010000476,2000,false,PD,009,43.000,0.000,98.057,24.551,41.375,248.250,265.774
000000000030000107,3000,false,PD,004,55.000,3.000,0.000,0.000,1.083,6.500,0.000
000000000010000477,1000,false,VB,008,63.000,3.000,91.153,22.851,35.958,215.750,157.824
000000000010000478,1000,false,VB,007,45.000,3.000,7.633,5.641,1.083,6.500,10.447
000000000010000478,2000,false,VB,008,45.000,1.000,5.483,3.598,1.000,4.500,5.483
000000000010000479,4000,false,PD,009,16.000,3.000,4.199,3.182,1.625,9.750,6.155
000000000010000479,1000,false,VB,005,16.000,0.000,1.060,0.866,1.000,4.750,6.975
000000000010000480,1000,false,PD,001,47.000,3.000,0.000,0.000,1.000,1.000,0.000
000000000010000480,4000,false,PD,009,47.000,0.000,3.064,1.912,1.000,2.500,3.064
000000000010000481,3000,false,VB,008,14.000,1.000,2.207,1.531,1.792,10.750,7.978
000000000010000482,3000,false,VB,006,121.000,3.000,10.289,6.365,1.000,4.000,10.289
000000000010000482,1000,false,VB,010,121.000,3.000,4.420,2.364,1.000,4.750,13.579
000000000030000108,4000,false,PD,010,13.000,1.000,0.000,0.000,2.042,12.250,0.000
000000000030000108,1000,false,PD,008,13.000,2.000,0.000,0.000,1.333,8.000,0.000
000000000010000483,3000,false,VB,001,119.000,1.000,8.690,4.082,2.042,12.250,23.106
000000000010000484,3000,false,PD,009,37.000,3.000,2.029,1.279,1.208,7.250,7.462
000000000010000484,2000,false,PD,010,37.000,1.000,6.631,4.477,1.333,8.000,7.905
000000000010000485,2000,false,VB,007,13.000,2.000,0.000,0.000,1.000,1.000,0.000
000000000010000486,2000,false,PD,008,35.000,0.000,34.988,9.893,14.750,88.500,74.175
000000000010000487,4000,false,VB,010,48.000,1.000,0.000,0.000,1.000,1.000,0.000
000000000030000109,1000,false,PD,002,18.000,3.000,0.000,0.000,1.667,10.000,0.000
000000000030000109,3000,false,PD,006,18.000,2.000,0.000,0.000,2.208,13.250,0.000
000000000010000488,3000,false,VB,008,53.000,0.000,1.205,0.774,1.000,1.000,2.177
000000000010000489,1000,false,VB,009,239.000,3.000,24.167,8.871,1.250,7.500,31.762
000000000010000490,4000,false,PD,002,99.000,3.000,39.891,21.314,3.333,20.000,46.820
000000000010000491,4000,false,VB,002,49.000,1.000,123.109,17.642,39.208,235.250,237.975
000000000010000492,3000,false,PD,001,138.000,0.000,3.462,1.610,1.000,2.000,5.633
000000000010000493,3000,false,VB,002,41.000,0.000,4.365,3.242,1.083,6.500,13.058
000000000010000494,3000,false,PD,001,65.000,2.000,105.405,16.837,35.375,212.250,243.061
000000000010000494,2000,false,VB,006,65.000,1.000,154.984,32.433,33.125,198.750,282.562
000000000080000112,2000,false,PD,010,82.000,2.000,9.529,7.826,1.000,2.500,11.106
000000000010000495,2000,false,VB,003,64.000,1.000,1.677,1.329,1.000,1.000,2.108
000000000010000495,1000,false,VB,001,64.000,3.000,2.959,2.346,1.000,1.500,4.278
000000000030000110,4000,false,PD,008,42.000,3.000,0.000,0.000,1.000,3.000,0.000
000000000030000110,3000,false,PD,003,42.000,1.000,0.000,0.000,1.417,8.500,0.000
000000000010000496,3000,false,VB,007,36.000,3.000,13.592,2.561,11.833,71.000,72.670
000000000010000496,1000,false,VB,002,36.000,2.000,57.608,10.230,23.375,140.250,128.005
000000000010000497,1000,false,VB,002,86.000,2.000,78.558,15.071,24.833,149.000,129.344
000000000010000498,1000,false,VB,003,60.000,2.000,24.995,5.050,11.292,67.750,44.659
000000000090000025,2000,false,ND,005,41.000,3.000,0.000,0.000,1.000,1.000,1.000
000000000010000499,4000,false,PD,010,25.000,1.000,13.189,3.450,12.125,72.750,39.995
000000000010000500,3000,false,PD,006,52.000,0.000,10.560,6.344,1.500,9.000,14.168
000000000010000500,1000,false,PD,004,52.000,3.000,5.340,3.135,1.000,5.750,5.940
000000000010000501,1000,false,VB,001,131.000,1.000,0.000,0.000,1.000,1.000,0.000
000000000030000111,1000,false,PD,003,111.000,1.000,0.000,0.000,1.958,11.750,0.000
000000000010000502,4000,false,VB,004,50.000,1.000,2.268,1.253,1.333,8.000,8.357
000000000010000503,2000,false,PD,005,48.000,2.000,0.000,0.000,1.000,1.000,0.000
000000000010000503,4000,false,VB,002,48.000,3.000,0.000,0.000,1.000,1.000,0.000
000000000010000504,2000,false,VB,002,59.000,1.000,2.950,2.218,1.000,2.250,3.736
000000000010000504,1000,false,VB,010,59.000,1.000,3.160,2.281,1.000,5.000,6.499
000000000010000505,4000,false,VB,003,33.000,0.000,14.539,2.305,23.458,140.750,131.965
000000000010000506,2000,false,PD,002,59.000,1.000,2.925,1.455,1.083,6.500,8.868
000000000010000506,3000,false,VB,010,59.000,2.000,6.202,3.165,1.458,8.750,12.640
000000000010000507,4000,false,VB,006,146.000,0.000,15.322,9.123,1.000,5.000,21.437
000000000010000507,1000,false,PD,006,146.000,2.000,23.952,13.474,1.458,8.750,23.952
000000000010000508,1000,false,VB,005,148.000,3.000,107.171,19.020,19.667,118.000,168.078
000000000010000508,2000,false,PD,001,148.000,2.000,264.680,53.659,26.917,161.500,264.680
000000000010000509,4000,false,VB,010,0.000,1.000,1.581,1.071,1.000,3.500,5.635
000000000010000510,2000,false,PD,005,17.000,1.000,17.760,3.604,19.917,119.500,101.044
000000000010000511,2000,false,VB,010,28.000,1.000,1.306,0.982,1.000,1.500,1.836
000000000090000026,4000,false,ND,003,37.000,3.000,0.000,0.000,1.000,1.000,1.000
000000000090000026,2000,false,ND,007,37.000,1.000,0.000,0.000,1.000,1.000,1.000
000000000030000112,4000,false,PD,001,22.000,3.000,0.000,0.000,1.000,3.000,0.000
000000000010000512,3000,false,VB,008,109.000,2.000,0.000,0.000,1.000,1.000,0.000
000000000010000512,1000,false,VB,003,109.000,1.000,0.000,0.000,1.000,1.000,0.000
000000000030000113,3000,false,PD,009,150.000,3.000,0.000,0.000,1.167,7.000,0.000
000000000010000513,2000,false,VB,002,11.000,2.000,0.606,0.517,1.000,1.000,1.415
000000000010000514,1000,false,PD,002,55.000,0.000,69.961,10.983,26.792,160.750,121.459
000000000010000514,2000,false,VB,008,55.000,1.000,69.534,13.391,37.792,226.750,246.965
000000000080000113,4000,false,VB,009,20.000,3.000,1.375,1.064,1.167,7.000,6.413
000000000010000515,4000,false,PD,007,141.000,2.000,0.000,0.000,1.000,1.000,0.000
000000000010000515,3000,false,PD,005,141.000,2.000,0.000,0.000,1.000,1.000,0.000
000000000010000516,2000,false,PD,004,91.000,0.000,50.476,7.784,32.833,197.000,208.716
000000000010000516,1000,false,PD,008,91.000,3.000,68.710,9.916,11.000,66.000,80.019
000000000010000517,1000,false,VB,005,38.000,0.000,18.729,3.350,9.625,57.750,72.128
000000000080000114,1000,false,VB,005,54.000,0.000,1.372,0.753,1.000,4.750,8.467
000000000080000114,3000,false,PD,009,54.000,3.000,3.606,2.280,1.333,8.000,7.448
000000000010000518,4000,false,PD,004,29.000,2.000,7.859,4.642,1.958,11.750,15.662
000000000010000518,2000,false,VB,005,29.000,2.000,3.432,2.063,1.250,7.500,7.319
000000000030000114,2000,false,PD,009,97.000,3.000,0.000,0.000,1.583,9.500,0.000
000000000090000027,2000,false,ND,005,58.000,3.000,0.000,0.000,1.000,1.000,1.000
000000000010000519,3000,false,VB,005,52.000,0.000,5.653,3.319,1.375,8.250,15.829
000000000010000520,3000,false,PD,010,43.000,1.000,28.906,4.679,25.625,153.750,188.828
000000000010000521,2000,false,VB,009,107.000,3.000,21.561,12.080,1.500,9.000,21.561
000000000010000521,4000,false,PD,006,107.000,0.000,20.267,11.650,1.583,9.500,22.054
000000000010000522,2000,false,VB,010,178.000,0.000,12.461,4.143,1.083,6.500,12.461
000000000010000523,3000,false,PD,009,108.000,0.000,12.622,6.313,1.292,7.750,14.492
000000000010000524,1000,false,VB,001,139.000,3.000,28.108,5.406,8.500,51.000,94.912
000000000010000525,3000,false,PD,008,31.000,2.000,3.573,2.341,1.250,7.500,7.380
000000000010000525,4000,false,PD,008,31.000,0.000,1.341,0.863,1.000,3.500,4.708
000000000010000526,3000,false,PD,002,67.000,3.000,4.809,3.031,1.792,10.750,25.137
000000000010000527,4000,false,VB,002,47.000,3.000,71.811,10.093,22.833,137.000,98.488
000000000090000028,4000,false,ND,002,28.000,0.000,0.000,0.000,1.000,1.000,1.000
000000000090000028,3000,false,ND,001,28.000,0.000,0.000,0.000,1.000,1.000,1.000
000000000030000115,2000,false,PD,004,20.000,3.000,0.000,0.000,1.000,4.000,0.000
000000000010000528,1000,false,PD,009,58.000,1.000,2.625,1.765,1.000,2.500,6.445
000000000010000529,4000,false,VB,007,26.000,3.000,0.000,0.000,1.000,1.000,0.000
000000000010000529,3000,false,PD,003,26.000,2.000,0.000,0.000,1.000,1.000,0.000
000000000010000530,1000,false,VB,006,60.000,3.000,6.336,3.866,1.958,11.750,22.486
000000000010000531,3000,false,VB,008,107.000,3.000,7.894,4.799,1.458,8.750,18.381
000000000010000531,4000,false,VB,009,107.000,1.000,4.453,2.556,1.000,5.250,15.673
000000000010000532,4000,false,PD,008,83.000,2.000,8.943,5.268,1.083,6.500,10.791
000000000010000533,2000,false,VB,001,54.000,2.000,7.838,3.635,1.500,9.000,10.006
000000000080000115,3000,false,VB,002,21.000,0.000,2.785,2.063,1.000,4.750,3.284
000000000010000534,1000,false,VB,004,111.000,3.000,26.315,3.573,9.042,54.250,47.793
000000000010000535,2000,false,VB,006,128.000,1.000,11.016,5.310,2.250,13.500,37.701
000000000010000535,4000,false,PD,009,128.000,2.000,11.654,6.942,1.000,5.500,17.543
000000000030000116,4000,false,PD,003,23.000,0.000,0.000,0.000,1.000,2.000,0.000
000000000030000116,2000,false,PD,007,23.000,0.000,0.000,0.000,1.042,6.250,0.000
000000000080000116,4000,false,PD,002,46.000,2.000,5.890,4.128,1.000,4.000,9.019
000000000030000117,1000,false,PD,006,32.000,1.000,0.000,0.000,1.417,8.500,0.000
000000000080000117,3000,false,VB,008,57.000,2.000,7.906,5.183,1.625,9.750,22.967
000000000010000536,2000,false,VB,005,66.000,3.000,3.536,1.956,1.000,3.500,3.536
000000000010000537,1000,false,PD,001,49.000,3.000,83.180,13.115,24.958,149.750,100.818
000000000010000538,4000,false,PD,006,0.000,1.000,100.157,13.695,19.417,116.500,122.597
000000000030000118,4000,false,PD,001,37.000,3.000,0.000,0.000,1.417,8.500,0.000
000000000010000539,2000,false,VB,008,19.000,0.000,0.528,0.448,1.000,1.000,0.783
000000000030000119,1000,false,PD,006,12.000,1.000,0.000,0.000,1.000,3.250,0.000
000000000080000118,2000,false,PD,005,36.000,2.000,2.658,1.744,1.583,9.500,16.965
000000000010000540,3000,false,VB,001,70.000,1.000,6.068,3.416,1.583,9.500,16.748
000000000010000540,4000,false,PD,010,70.000,3.000,4.479,2.553,1.583,9.500,13.146
000000000010000541,1000,false,VB,007,106.000,1.000,7.076,4.905,1.000,2.250,7.076
000000000010000542,2000,false,VB,005,51.000,2.000,0.000,0.000,1.000,1.000,0.000
000000000010000542,4000,false,PD,002,51.000,3.000,0.000,0.000,1.000,1.000,0.000
000000000010000543,2000,false,VB,010,18.000,1.000,38.890,8.508,33.167,199.000,194.728
000000000030000120,2000,false,PD,001,20.000,2.000,0.000,0.000,1.000,2.750,0.000
000000000030000121,3000,false,PD,004,58.000,0.000,0.000,0.000,1.042,6.250,0.000
000000000080000119,4000,false,VB,006,43.000,0.000,1.202,0.877,1.000,3.000,4.740
000000000080000119,2000,false,VB,010,43.000,0.000,8.914,6.425,1.542,9.250,18.485
000000000010000544,4000,false,VB,005,37.000,2.000,47.675,11.459,31.667,190.000,181.174
000000000010000544,1000,false,VB,001,37.000,1.000,49.429,13.151,16.875,101.250,101.854
000000000010000545,1000,false,VB,004,44.000,2.000,58.979,16.109,22.625,135.750,191.458
000000000010000545,3000,false,VB,001,44.000,3.000,24.668,8.485,11.708,70.250,64.853
000000000010000546,3000,false,PD,002,40.000,0.000,2.050,1.028,1.083,6.500,5.743
000000000010000547,1000,false,VB,010,60.000,1.000,42.219,11.332,37.167,223.000,252.411
000000000030000122,3000,false,PD,010,0.000,2.000,0.000,0.000,1.500,9.000,0.000
000000000080000120,4000,false,VB,005,15.000,3.000,1.373,0.862,1.000,4.000,3.305
000000000030000123,3000,false,PD,008,39.000,0.000,0.000,0.000,1.208,7.250,0.000
000000000080000121,1000,false,VB,008,39.000,0.000,7.567,4.719,2.125,12.750,10.232
000000000010000548,1000,false,VB,002,31.000,0.000,15.509,4.425,22.583,135.500,156.739
000000000030000124,4000,false,PD,004,90.000,0.000,0.000,0.000,1.000,4.500,0.000
000000000010000549,2000,false,VB,007,50.000,3.000,30.914,4.404,13.458,80.750,50.362
000000000010000550,1000,false,VB,007,126.000,3.000,15.711,6.625,1.333,8.000,22.478
000000000030000125,3000,false,PD,004,0.000,2.000,0.000,0.000,1.458,8.750,0.000
000000000030000125,4000,false,PD,003,107.000,1.000,0.000,0.000,1.000,5.000,0.000
000000000010000551,2000,false,VB,007,109.000,1.000,19.541,12.089,1.333,8.000,19.541
000000000030000126,4000,false,PD,003,58.000,3.000,0.000,0.000,1.500,9.000,0.000
000000000010000552,4000,false,PD,005,63.000,3.000,7.293,4.697,1.000,5.250,7.293
000000000010000553,2000,false,PD,007,127.000,1.000,27.576,14.562,2.500,15.000,52.102
000000000030000127,2000,false,PD,004,23.000,2.000,0.000,0.000,1.000,4.750,0.000
000000000010000554,3000,false,PD,005,89.000,3.000,106.918,24.625,15.792,94.750,125.492
000000000010000555,4000,false,VB,004,143.000,3.000,16.482,7.801,2.958,17.750,53.996
000000000010000556,4000,false,VB,009,119.000,1.000,1.256,0.750,1.000,1.000,2.341
000000000010000557,2000,false,PD,004,210.000,3.000,12.343,3.659,1.167,7.000,21.811
000000000010000558,3000,false,PD,005,133.000,3.000,4.935,2.318,1.000,4.000,5.774
000000000010000559,4000,false,VB,008,27.000,1.000,4.108,2.830,1.208,7.250,11.749
000000000010000560,4000,false,VB,008,42.000,3.000,2.265,1.260,1.000,3.500,5.168
000000000010000560,3000,false,VB,005,42.000,0.000,2.628,1.452,1.000,5.000,8.960
000000000080000122,1000,false,VB,002,22.000,1.000,1.390,1.087,1.000,5.750,10.805
000000000080000122,3000,false,VB,006,22.000,2.000,5.462,3.776,1.417,8.500,8.190
000000000010000561,4000,false,VB,009,34.000,1.000,0.000,0.000,1.000,1.000,0.000
000000000010000562,3000,false,VB,006,41.000,0.000,0.000,0.000,1.000,1.000,0.000
000000000010000563,4000,false,VB,010,13.000,0.000,0.000,0.000,1.000,1.000,0.000
000000000030000128,3000,false,PD,004,58.000,2.000,0.000,0.000,1.708,10.250,0.000
000000000030000128,1000,false,PD,010,58.000,0.000,0.000,0.000,1.042,6.250,0.000
000000000080000123,3000,false,VB,007,50.000,0.000,0.918,0.559,1.000,3.250,6.320
000000000090000029,3000,false,ND,007,44.000,2.000,0.000,0.000,1.000,1.000,1.000
000000000090000030,4000,false,ND,006,38.000,2.000,0.000,0.000,1.000,1.000,1.000
000000000010000564,2000,false,VB,002,183.000,0.000,8.087,3.562,1.000,3.250,9.290
000000000010000565,1000,false,VB,009,71.000,2.000,140.722,22.510,36.125,216.750,343.850
000000000010000565,3000,false,VB,001,71.000,3.000,108.778,18.225,28.833,173.000,155.680
000000000010000566,1000,false,PD,010,58.000,1.000,3.554,2.228,1.000,4.500,10.404
000000000030000129,3000,false,PD,001,62.000,1.000,0.000,0.000,1.000,3.500,0.000
000000000080000124,2000,false,PD,009,16.000,3.000,2.090,1.610,1.250,7.500,6.334
000000000010000567,2000,false,PD,005,73.000,3.000,13.889,8.036,1.375,8.250,13.889
000000000030000130,2000,false,PD,001,10.000,0.000,0.000,0.000,1.583,9.500,0.000
000000000030000130,4000,false,PD,004,10.000,1.000,0.000,0.000,1.375,8.250,0.000
000000000010000568,4000,false,PD,009,8.000,2.000,0.000,0.000,1.000,1.000,0.000
000000000010000568,3000,false,VB,002,8.000,0.000,0.000,0.000,1.000,1.000,0.000
000000000010000569,2000,false,VB,005,47.000,3.000,6.941,4.780,2.250,13.500,30.883
000000000080000125,2000,false,PD,008,11.000,0.000,0.609,0.388,1.500,9.000,6.488
000000000030000131,2000,false,PD,003,28.000,1.000,0.000,0.000,1.000,6.000,0.000
000000000010000570,1000,false,VB,003,41.000,1.000,88.813,17.682,33.292,199.750,169.264
000000000010000571,3000,false,VB,007,58.000,1.000,0.000,0.000,1.000,1.000,0.000
000000000010000571,1000,false,PD,001,58.000,0.000,0.000,0.000,1.000,1.000,0.000
000000000010000572,4000,false,PD,001,33.000,0.000,1.899,1.405,1.000,2.000,2.721
000000000010000573,1000,false,VB,003,35.000,2.000,4.326,3.215,1.583,9.500,10.269
000000000010000573,4000,false,VB,006,35.000,3.000,4.213,2.895,1.542,9.250,11.449
000000000010000574,1000,false,PD,005,8.000,0.000,0.475,0.380,1.000,1.250,1.332
000000000010000574,3000,false,VB,008,8.000,1.000,0.598,0.491,1.000,2.000,2.088
000000000080000126,3000,false,VB,003,27.000,1.000,4.170,2.587,1.958,11.750,12.885
000000000080000127,1000,false,VB,008,58.000,0.000,5.354,3.071,1.000,4.500,5.739
000000000030000132,4000,false,PD,004,35.000,0.000,0.000,0.000,1.000,5.250,0.000
000000000010000575,3000,false,VB,009,136.000,3.000,0.000,0.000,1.000,1.000,0.000
000000000030000133,3000,false,PD,003,146.000,2.000,0.000,0.000,1.250,7.500,0.000
000000000080000128,3000,false,VB,003,32.000,1.000,3.407,2.355,1.125,6.750,11.548
000000000080000128,1000,false,VB,007,32.000,2.000,6.735,4.744,1.458,8.750,17.179
000000000010000576,1000,false,PD,008,20.000,3.000,0.716,0.475,1.000,3.250,1.888
000000000080000129,2000,false,VB,005,94.000,3.000,7.479,4.454,2.000,12.000,30.625
000000000010000577,4000,false,VB,004,130.000,0.000,12.394,7.335,1.000,5.750,12.394
000000000010000577,1000,false,VB,002,130.000,2.000,9.674,5.925,1.583,9.500,20.779
000000000010000578,2000,false,PD,007,41.000,3.000,4.301,3.006,1.042,6.250,10.122
000000000010000578,4000,false,VB,008,41.000,3.000,10.813,7.914,1.333,8.000,17.989
000000000010000579,2000,false,PD,009,19.000,2.000,1.854,1.391,1.000,4.000,5.457
000000000010000580,3000,false,PD,004,119.000,2.000,0.000,0.000,1.000,1.000,0.000
000000000010000581,1000,false,VB,010,80.000,3.000,70.764,11.946,13.917,83.500,70.764
000000000010000581,4000,false,PD,010,80.000,2.000,42.691,7.011,10.000,60.000,63.573
000000000010000582,3000,false,VB,005,40.000,1.000,0.558,0.351,1.000,1.750,3.053
000000000010000583,1000,false,PD,002,53.000,1.000,82.859,14.006,27.250,163.500,167.835
000000000080000130,4000,false,VB,007,7.000,0.000,0.949,0.743,1.292,7.750,7.023
000000000010000584,2000,false,PD,003,188.000,2.000,4.528,1.229,1.000,4.000,10.155
000000000010000585,3000,false,VB,002,58.000,1.000,0.000,0.000,1.000,1.000,0.000
000000000010000585,2000,false,PD,010,58.000,0.000,1.150,0.726,1.000,1.000,2.346
000000000010000586,4000,false,PD,007,82.000,0.000,12.190,7.841,1.417,8.500,14.965
000000000010000587,2000,false,PD,010,37.000,2.000,3.549,2.703,1.000,5.000,10.337
000000000010000588,2000,false,PD,008,46.000,0.000,4.786,3.230,1.000,3.750,4.786
000000000010000589,3000,false,PD,006,143.000,0.000,35.729,4.019,16.125,96.750,202.181
000000000080000131,2000,false,PD,009,40.000,2.000,9.937,6.472,2.208,13.250,15.822
000000000090000031,1000,false,ND,005,29.000,2.000,0.000,0.000,1.000,1.000,1.000
000000000010000590,3000,false,VB,004,49.000,1.000,2.354,1.634,1.000,3.750,4.477
000000000010000591,2000,false,PD,008,45.000,1.000,20.389,4.983,11.083,66.500,86.810
000000000010000591,1000,false,PD,008,45.000,0.000,83.039,17.683,32.542,195.250,283.569
000000000090000032,1000,false,ND,007,58.000,2.000,0.000,0.000,1.000,1.000,1.000
000000000010000592,3000,false,VB,006,147.000,0.000,18.905,9.252,2.208,13.250,38.324
000000000080000132,2000,false,VB,005,37.000,2.000,9.695,6.354,1.792,10.750,9.695
000000000080000132,1000,false,PD,006,37.000,1.000,3.096,2.144,1.000,3.500,4.533
000000000010000593,3000,false,PD,006,19.000,0.000,0.963,0.588,1.417,8.500,6.799
000000000030000134,2000,false,PD,002,50.000,2.000,0.000,0.000,1.000,5.000,0.000
000000000030000135,4000,false,PD,006,37.000,2.000,0.000,0.000,1.000,4.500,0.000
000000000010000594,4000,false,VB,010,48.000,3.000,0.000,0.000,1.000,1.000,0.000
000000000010000595,1000,false,VB,001,74.000,3.000,9.165,5.466,1.125,6.750,10.306
000000000010000595,4000,false,VB,003,74.000,2.000,11.223,7.576,1.542,9.250,15.412
000000000010000596,1000,false,VB,003,27.000,2.000,4.558,3.269,1.375,8.250,11.835
000000000010000597,3000,false,VB,009,46.000,1.000,0.445,0.279,1.000,1.250,1.572
000000000080000133,4000,false,PD,010,17.000,3.000,2.801,2.157,1.000,5.750,3.880
000000000010000598,1000,false,PD,005,146.000,3.000,4.829,1.903,1.000,2.750,7.376
000000000010000598,4000,false,PD,009,146.000,1.000,16.375,4.866,2.000,12.000,28.924
000000000010000599,3000,false,VB,004,42.000,3.000,1.962,1.250,1.000,2.500,1.990
000000000080000134,2000,false,VB,004,36.000,3.000,4.530,3.101,1.792,10.750,19.370
000000000080000134,4000,false,VB,003,36.000,3.000,11.678,7.687,1.958,11.750,19.128
000000000010000600,3000,false,PD,003,43.000,3.000,5.037,3.377,1.000,4.750,8.711
000000000010000601,4000,false,VB,009,79.000,2.000,116.622,16.169,23.708,142.250,124.576
000000000010000601,2000,false,PD,003,0.000,0.000,168.877,27.229,33.667,202.000,168.877
000000000010000602,1000,false,VB,005,30.000,3.000,0.357,0.263,1.000,1.000,0.834
000000000010000602,4000,false,PD,010,30.000,1.000,0.464,0.279,1.000,2.000,3.263
000000000010000603,2000,false,VB,006,73.000,2.000,86.788,14.465,27.208,163.250,146.401
000000000010000604,2000,false,VB,002,33.000,0.000,55.262,9.445,24.958,149.750,154.981
000000000080000135,1000,false,VB,003,46.000,1.000,1.428,0.946,1.000,4.750,8.233
000000000010000605,3000,false,VB,002,26.000,3.000,27.586,5.471,17.417,104.500,116.466
000000000010000606,3000,false,PD,009,116.000,1.000,6.747,4.162,1.542,9.250,23.606
000000000010000606,4000,false,PD,006,116.000,1.000,18.051,10.076,1.917,11.500,18.161
000000000030000136,3000,false,PD,002,58.000,1.000,0.000,0.000,1.000,4.750,0.000
000000000080000136,1000,false,PD,008,7.000,3.000,0.772,0.640,1.000,3.500,2.318
000000000080000137,3000,false,VB,006,52.000,0.000,7.744,4.765,1.125,6.750,9.410
000000000010000607,3000,false,VB,010,89.000,3.000,20.026,9.622,2.000,12.000,28.504
000000000010000607,4000,false,VB,006,89.000,2.000,6.522,3.462,1.000,3.500,7.478
000000000010000608,3000,false,VB,001,24.000,3.000,0.000,0.000,1.000,1.000,0.000
000000000010000609,4000,false,VB,009,43.000,3.000,5.790,3.153,1.750,10.500,14.916
000000000010000610,2000,false,PD,001,129.000,3.000,22.296,14.091,1.250,7.500,22.630
000000000010000611,1000,false,PD,001,49.000,2.000,1.386,0.858,1.000,1.250,2.392
000000000010000611,2000,false,PD,008,49.000,0.000,0.474,0.326,1.000,1.000,0.721
000000000010000612,3000,false,PD,001,54.000,2.000,5.134,2.774,1.333,8.000,11.172
000000000080000138,4000,false,VB,009,107.000,2.000,3.446,2.228,1.000,3.500,10.976
000000000010000613,3000,false,PD,010,21.000,3.000,0.602,0.383,1.000,3.750,3.565
000000000010000614,2000,false,PD,007,146.000,2.000,10.791,5.900,1.750,10.500,20.751
000000000090000033,3000,false,ND,003,20.000,1.000,0.000,0.000,1.000,1.000,1.000
000000000030000137,2000,false,PD,003,111.000,0.000,0.000,0.000,1.167,7.000,0.000
000000000030000137,3000,false,PD,010,111.000,3.000,0.000,0.000,2.333,14.000,0.000
000000000010000615,2000,false,PD,005,110.000,2.000,0.000,0.000,1.000,1.000,0.000
000000000010000616,3000,false,VB,009,51.000,1.000,49.285,9.275,30.625,183.750,233.376
000000000080000139,3000,false,PD,009,21.000,0.000,1.355,1.026,1.000,5.500,5.631
000000000010000617,2000,false,VB,001,88.000,3.000,17.717,10.113,2.208,13.250,17.717
000000000010000618,4000,false,VB,007,107.000,1.000,11.971,5.265,2.542,15.250,24.728
000000000010000618,3000,false,PD,008,107.000,1.000,6.896,3.727,1.000,3.250,6.896
000000000010000619,2000,false,VB,008,41.000,2.000,2.588,1.527,1.000,4.000,6.281
000000000010000619,4000,false,VB,009,41.000,3.000,3.111,2.197,1.000,3.250,3.111
000000000010000620,2000,false,PD,007,99.000,3.000,0.000,0.000,1.000,1.000,0.000
000000000010000621,1000,false,PD,004,86.000,1.000,0.000,0.000,1.000,1.000,0.000
000000000010000621,4000,false,PD,008,86.000,0.000,0.000,0.000,1.000,1.000,0.000
000000000080000140,4000,false,PD,001,59.000,1.000,2.219,1.183,1.000,2.250,4.019
000000000030000138,4000,false,PD,007,56.000,0.000,0.000,0.000,1.000,3.000,0.000
000000000010000622,1000,false,VB,004,36.000,2.000,29.311,5.753,22.542,135.250,103.824
000000000010000623,4000,false,VB,005,41.000,1.000,0.000,0.000,1.000,1.000,0.000
000000000010000623,3000,false,PD,007,41.000,3.000,0.000,0.000,1.000,1.000,0.000
000000000010000624,2000,false,VB,008,84.000,0.000,8.939,4.146,1.167,7.000,16.892
000000000010000625,4000,false,VB,003,149.000,2.000,7.210,4.103,1.000,3.500,13.324
000000000010000626,3000,false,PD,003,40.000,1.000,10.408,7.799,1.500,9.000,17.380
000000000080000141,1000,false,PD,003,35.000,0.000,4.754,3.084,1.167,7.000,9.009
000000000030000139,3000,false,PD,010,29.000,2.000,0.000,0.000,1.125,6.750,0.000
000000000030000139,1000,false,PD,005,29.000,1.000,0.000,0.000,1.000,4.250,0.000
000000000010000627,4000,false,VB,002,10.000,3.000,0.702,0.586,1.000,1.500,2.203
000000000010000627,3000,false,VB,003,10.000,2.000,0.476,0.422,1.000,1.000,1.022
000000000030000140,1000,false,PD,009,57.000,2.000,0.000,0.000,1.875,11.250,0.000
000000000030000140,3000,false,PD,006,57.000,0.000,0.000,0.000,1.292,7.750,0.000
000000000010000628,2000,false,PD,001,177.000,0.000,5.104,2.375,1.000,3.000,5.104
000000000010000629,4000,false,PD,001,8.000,2.000,0.000,0.000,1.000,1.000,0.000
000000000010000630,4000,false,PD,003,51.000,3.000,2.979,1.857,1.292,7.750,14.568
000000000010000631,1000,false,PD,010,94.000,3.000,0.000,0.000,1.000,1.000,0.000
000000000010000632,4000,false,VB,002,29.000,2.000,2.239,1.546,1.000,5.750,5.982
000000000010000632,1000,false,VB,005,29.000,3.000,3.161,2.099,1.625,9.750,14.913
000000000080000142,4000,false,VB,001,20.000,1.000,4.042,3.048,1.042,6.250,6.593
000000000080000142,2000,false,PD,007,20.000,3.000,2.189,1.732,1.000,3.000,4.278
000000000010000633,4000,false,VB,007,38.000,1.000,8.380,4.082,2.542,15.250,12.895
000000000010000634,1000,false,PD,007,9.000,3.000,11.226,3.243,34.833,209.000,154.463
000000000010000635,2000,false,PD,005,43.000,0.000,0.000,0.000,1.000,1.000,0.000
000000000080000143,3000,false,PD,010,50.000,1.000,11.157,6.342,2.042,12.250,24.266
000000000010000636,2000,false,PD,001,111.000,3.000,5.342,3.797,1.000,2.000,5.378
000000000010000637,4000,false,VB,009,63.000,1.000,18.886,11.518,2.042,12.250,28.210
000000000010000637,3000,false,VB,010,63.000,0.000,2.558,1.859,1.000,2.500,6.274
000000000030000141,3000,false,PD,007,19.000,2.000,0.000,0.000,1.000,5.250,0.000
000000000030000142,2000,false,PD,003,36.000,0.000,0.000,0.000,2.083,12.500,0.000
000000000080000144,1000,false,VB,005,143.000,2.000,8.870,5.116,1.000,3.250,8.870
000000000030000143,3000,false,PD,008,118.000,1.000,0.000,0.000,1.000,6.000,0.000
000000000010000638,3000,false,PD,005,27.000,2.000,4.059,2.506,1.167,7.000,7.405
000000000010000639,2000,false,PD,004,109.000,1.000,14.109,8.573,1.875,11.250,15.965
000000000010000640,3000,false,VB,003,207.000,0.000,5.148,2.295,1.000,3.000,5.385
000000000010000641,4000,false,VB,001,134.000,0.000,0.000,0.000,1.000,1.000,0.000
000000000010000641,1000,false,PD,003,134.000,1.000,0.000,0.000,1.000,1.000,0.000
000000000010000642,4000,false,PD,008,45.000,1.000,19.276,3.163,14.417,86.500,116.834
000000000010000643,1000,false,VB,010,57.000,2.000,0.798,0.607,1.000,1.000,0.798
000000000030000144,1000,false,PD,010,50.000,0.000,0.000,0.000,1.500,9.000,0.000
000000000030000144,4000,false,PD,005,50.000,1.000,0.000,0.000,1.917,11.500,0.000
000000000010000644,4000,false,VB,007,57.000,2.000,1.479,0.847,1.000,3.000,2.747
000000000010000645,3000,false,VB,005,119.000,3.000,7.563,4.503,1.292,7.750,12.690
000000000010000646,3000,false,PD,008,126.000,0.000,0.000,0.000,1.000,1.000,0.000
000000000010000646,2000,false,VB,007,126.000,3.000,0.000,0.000,1.000,1.000,0.000
000000000010000647,3000,false,VB,003,46.000,2.000,41.843,7.352,16.000,96.000,61.659
000000000010000648,2000,false,PD,001,218.000,3.000,7.514,2.469,1.000,3.000,11.224
000000000010000649,1000,false,VB,004,39.000,3.000,4.992,3.439,1.208,7.250,13.575
000000000010000650,3000,false,PD,006,37.000,2.000,6.371,3.623,1.625,9.750,16.756
000000000010000651,3000,false,PD,008,49.000,1.000,95.079,12.507,37.375,224.250,293.817
000000000010000652,2000,false,VB,009,147.000,2.000,11.357,5.072,1.167,7.000,15.689
000000000010000653,2000,false,VB,005,114.000,1.000,11.095,6.206,1.000,4.500,14.540
000000000030000145,4000,false,PD,006,127.000,1.000,0.000,0.000,1.000,3.000,0.000
000000000010000654,4000,false,VB,002,59.000,0.000,39.347,5.783,17.167,103.000,84.029
000000000010000654,3000,false,PD,001,59.000,1.000,27.637,5.190,8.125,48.750,67.377
000000000010000655,4000,false,PD,003,19.000,1.000,14.743,5.659,35.208,211.250,184.015
000000000010000656,1000,false,VB,010,78.000,2.000,76.913,19.697,16.750,100.500,77.560
000000000080000145,3000,false,PD,010,28.000,2.000,5.130,3.616,1.000,5.750,7.439
000000000080000145,2000,false,VB,001,28.000,1.000,3.232,2.395,1.000,6.000,5.586
000000000030000146,2000,false,PD,002,17.000,0.000,0.000,0.000,1.542,9.250,0.000
000000000010000657,1000,false,PD,007,55.000,2.000,3.768,2.474,1.208,7.250,9.042
000000000010000658,4000,false,VB,009,87.000,1.000,16.235,8.469,1.625,9.750,19.624
000000000010000659,2000,false,VB,009,187.000,1.000,18.301,5.649,1.750,10.500,28.478
000000000010000660,1000,false,VB,008,184.000,1.000,9.951,4.514,1.000,3.500,10.018
000000000010000660,2000,false,VB,002,184.000,3.000,3.599,1.467,1.000,2.250,8.303
000000000010000661,2000,false,PD,009,68.000,2.000,9.646,6.736,1.000,5.000,13.521
000000000030000147,2000,false,PD,008,0.000,2.000,0.000,0.000,1.000,4.500,0.000
000000000010000662,3000,false,VB,004,83.000,0.000,10.168,5.209,1.167,7.000,12.294
000000000010000662,1000,false,VB,007,83.000,3.000,5.522,2.991,1.500,9.000,12.485
000000000010000663,4000,false,PD,002,45.000,2.000,0.000,0.000,1.000,1.000,0.000
000000000080000146,1000,false,PD,009,32.000,2.000,4.104,2.245,1.458,8.750,8.715
000000000030000148,1000,false,PD,002,58.000,3.000,0.000,0.000,1.000,5.500,0.000
000000000010000664,1000,false,VB,010,43.000,3.000,7.913,4.429,1.500,9.000,16.386
000000000080000147,3000,false,VB,004,95.000,0.000,10.951,6.387,2.042,12.250,18.272
000000000010000665,3000,false,VB,007,0.000,2.000,3.178,2.194,1.208,7.250,13.753
000000000030000149,4000,false,PD,010,98.000,1.000,0.000,0.000,1.000,2.750,0.000
000000000080000148,4000,false,VB,001,53.000,1.000,6.427,3.416,1.167,7.000,10.320
000000000080000149,1000,false,PD,008,54.000,3.000,3.106,1.360,1.583,9.500,8.409
000000000010000666,3000,false,PD,008,64.000,3.000,9.895,5.617,1.292,7.750,10.388
000000000030000150,1000,false,PD,005,111.000,2.000,0.000,0.000,1.000,5.000,0.000
000000000030000150,2000,false,PD,006,111.000,0.000,0.000,0.000,1.042,6.250,0.000
000000000010000667,3000,false,VB,002,37.000,2.000,1.208,0.968,1.000,1.000,1.678
000000000010000668,3000,false,PD,005,30.000,3.000,2.576,1.380,2.250,13.500,13.583
000000000010000669,1000,false,PD,001,177.000,2.000,6.117,3.103,1.000,5.000,22.192
000000000010000669,3000,false,VB,010,177.000,2.000,7.079,3.147,1.083,6.500,17.178
000000000010000670,2000,false,VB,003,113.000,1.000,66.628,11.422,8.583,51.500,66.628
000000000090000034,4000,false,ND,003,21.000,3.000,0.000,0.000,1.000,1.000,1.000
000000000080000150,3000,false,VB,003,10.000,1.000,0.909,0.781,1.000,1.500,1.584
000000000030000151,2000,false,PD,004,63.000,1.000,0.000,0.000,1.000,5.500,0.000
000000000010000671,2000,false,VB,010,33.000,1.000,4.713,3.251,1.708,10.250,15.794
000000000090000035,2000,false,ND,002,21.000,1.000,0.000,0.000,1.000,1.000,1.000
000000000010000672,2000,false,VB,010,72.000,2.000,34.274,6.370,9.375,56.250,92.089
000000000010000672,1000,false,VB,008,0.000,2.000,25.664,4.708,15.583,93.500,138.765
000000000030000152,4000,false,PD,007,8.000,3.000,0.000,0.000,1.250,7.500,0.000
000000000010000673,3000,false,PD,007,89.000,2.000,1.577,1.056,1.000,1.000,1.835
000000000010000673,2000,false,PD,007,89.000,1.000,2.871,1.637,1.000,1.500,3.486
000000000010000674,3000,false,PD,008,17.000,2.000,0.000,0.000,1.000,1.000,0.000
000000000010000675,2000,false,VB,009,75.000,0.000,15.897,9.900,2.333,14.000,30.103
000000000010000675,1000,false,PD,010,75.000,0.000,7.565,4.817,1.750,10.500,16.843
000000000080000151,3000,false,VB,008,17.000,2.000,1.348,1.103,1.000,2.250,2.981
000000000010000676,1000,false,PD,010,49.000,2.000,1.475,0.841,1.000,3.750,7.156
000000000010000677,4000,false,PD,003,59.000,3.000,25.018,3.532,14.000,84.000,63.633
000000000030000153,3000,false,PD,001,21.000,3.000,0.000,0.000,1.000,2.250,0.000
000000000090000036,3000,false,ND,009,19.000,2.000,0.000,0.000,1.000,1.000,1.000
000000000090000036,1000,false,ND,010,19.000,0.000,0.000,0.000,1.000,1.000,1.000
000000000010000678,3000,false,PD,007,84.000,2.000,0.000,0.000,1.000,1.000,0.000
000000000080000152,1000,false,PD,005,20.000,2.000,2.106,1.581,1.000,4.500,5.415
000000000030000154,3000,false,PD,009,104.000,2.000,0.000,0.000,1.958,11.750,0.000
000000000030000155,3000,false,PD,005,52.000,2.000,0.000,0.000,1.292,7.750,0.000
000000000030000155,2000,false,PD,001,52.000,0.000,0.000,0.000,1.208,7.250,0.000
000000000010000679,3000,false,PD,008,114.000,1.000,0.000,0.000,1.000,1.000,0.000
000000000010000679,2000,false,PD,002,114.000,3.000,0.000,0.000,1.000,1.000,0.000
000000000010000680,3000,false,VB,004,22.000,0.000,4.298,2.854,1.250,7.500,7.549
000000000010000681,1000,false,PD,009,51.000,3.000,3.276,2.076,1.125,6.750,10.746
000000000030000156,4000,false,PD,009,34.000,2.000,0.000,0.000,1.375,8.250,0.000
000000000010000682,4000,false,VB,007,29.000,2.000,17.246,2.945,8.458,50.750,36.587
000000000080000153,4000,false,PD,002,9.000,2.000,3.130,2.541,1.625,9.750,12.168
000000000090000037,3000,false,ND,005,54.000,2.000,0.000,0.000,1.000,1.000,1.000
000000000010000683,1000,false,VB,010,150.000,2.000,11.826,7.044,1.000,3.500,11.826
000000000010000684,4000,false,VB,009,30.000,2.000,0.000,0.000,1.000,1.000,0.000
000000000010000684,3000,false,VB,004,30.000,0.000,0.000,0.000,1.000,1.000,0.000
000000000010000685,2000,false,VB,007,112.000,2.000,0.000,0.000,1.000,1.000,0.000
000000000010000685,1000,false,PD,007,112.000,3.000,0.000,0.000,1.000,1.000,0.000
000000000010000686,4000,false,PD,002,41.000,3.000,0.000,0.000,1.000,1.000,0.000
000000000010000687,4000,false,PD,010,33.000,1.000,3.018,1.868,1.000,4.500,5.329
000000000080000154,4000,false,PD,007,12.000,3.000,5.027,3.776,2.000,12.000,8.161
000000000080000154,3000,false,PD,002,12.000,1.000,1.382,1.130,1.042,6.250,9.562
000000000010000688,3000,false,PD,001,43.000,3.000,73.175,10.308,24.958,149.750,111.211
000000000030000157,4000,false,PD,006,58.000,1.000,0.000,0.000,1.083,6.500,0.000
000000000090000038,3000,false,ND,005,13.000,2.000,0.000,0.000,1.000,1.000,1.000
000000000090000038,4000,false,ND,007,13.000,0.000,0.000,0.000,1.000,1.000,1.000
000000000080000155,2000,false,VB,008,10.000,3.000,4.086,3.136,2.417,14.500,11.854
000000000080000155,3000,false,VB,010,10.000,1.000,2.009,1.609,1.042,6.250,7.835
000000000010000689,4000,false,PD,006,220.000,1.000,9.423,4.524,1.000,2.500,10.640
000000000010000689,1000,false,PD,009,220.000,0.000,31.881,14.633,1.375,8.250,35.366
000000000010000690,4000,false,VB,005,41.000,2.000,1.201,0.887,1.000,2.500,4.646
000000000010000691,1000,false,VB,007,58.000,2.000,3.856,2.099,1.000,3.500,7.183
000000000080000156,3000,false,PD,004,29.000,1.000,3.913,2.372,1.625,9.750,10.196
000000000010000692,4000,false,PD,007,85.000,0.000,23.279,13.663,2.333,14.000,39.160
000000000010000692,3000,false,VB,003,0.000,0.000,18.749,11.992,1.458,8.750,24.552
000000000010000693,1000,false,PD,004,8.000,0.000,10.070,3.480,15.917,95.500,95.438
000000000010000694,1000,false,VB,005,115.000,3.000,14.684,8.549,1.625,9.750,17.259
000000000010000695,2000,false,VB,010,30.000,2.000,0.000,0.000,1.000,1.000,0.000
000000000010000695,4000,false,VB,006,30.000,2.000,0.000,0.000,1.000,1.000,0.000
000000000010000696,3000,false,PD,001,139.000,0.000,0.000,0.000,1.000,1.000,0.000
000000000030000158,3000,false,PD,006,25.000,1.000,0.000,0.000,1.000,4.500,0.000
000000000030000158,1000,false,PD,010,25.000,0.000,0.000,0.000,1.083,6.500,0.000
000000000010000697,3000,false,PD,008,34.000,2.000,0.000,0.000,1.000,1.000,0.000
000000000010000697,4000,false,PD,007,34.000,2.000,0.000,0.000,1.000,1.000,0.000
000000000010000698,3000,false,VB,007,18.000,2.000,27.232,6.214,35.125,210.750,227.172
000000000010000698,1000,false,VB,008,18.000,0.000,48.414,14.063,33.125,198.750,216.762
000000000080000157,2000,false,PD,007,34.000,3.000,1.147,0.624,1.042,6.250,4.042
000000000010000699,4000,false,VB,005,27.000,1.000,70.235,20.336,35.542,213.250,271.366
000000000010000700,4000,false,VB,009,149.000,2.000,2.625,1.329,1.000,1.500,3.937
000000000010000701,3000,false,PD,005,56.000,2.000,4.979,3.343,1.000,5.000,6.764
000000000010000701,2000,false,PD,004,56.000,2.000,5.582,3.219,2.000,12.000,12.677
000000000030000159,1000,false,PD,007,117.000,2.000,0.000,0.000,1.000,4.250,0.000
000000000010000702,3000,false,VB,010,62.000,2.000,0.000,0.000,1.000,1.000,0.000
000000000010000703,3000,false,VB,010,31.000,1.000,0.000,0.000,1.000,1.000,0.000
000000000010000704,1000,false,PD,006,105.000,2.000,75.530,9.742,16.292,97.750,82.263
000000000010000705,1000,false,PD,007,51.000,2.000,1.852,1.282,1.000,1.500,2.778
000000000010000705,4000,false,VB,003,51.000,3.000,1.292,0.894,1.000,1.500,3.392
000000000010000706,3000,false,VB,004,130.000,0.000,10.746,4.201,1.208,7.250,10.746
000000000010000707,4000,false,VB,009,149.000,0.000,22.764,3.044,9.292,55.750,108.367
000000000010000707,2000,false,VB,005,149.000,1.000,99.989,11.996,15.333,92.000,193.174
000000000010000708,4000,false,VB,002,7.000,1.000,0.553,0.459,1.000,5.750,3.138
000000000010000709,4000,false,PD,010,7.000,0.000,1.525,1.278,1.000,4.000,5.195
000000000010000709,3000,false,PD,002,7.000,0.000,1.186,0.943,1.500,9.000,7.598
000000000010000710,4000,false,VB,005,108.000,0.000,0.000,0.000,1.000,1.000,0.000
000000000010000711,2000,false,VB,004,0.000,2.000,0.968,0.769,1.917,11.500,13.365
000000000080000158,1000,false,VB,007,9.000,2.000,3.201,2.402,2.125,12.750,10.820
000000000080000159,1000,false,VB,007,140.000,1.000,5.266,2.850,1.250,7.500,18.274
000000000010000712,1000,false,PD,008,23.000,2.000,23.959,7.091,37.375,224.250,255.917
000000000010000713,2000,false,PD,009,140.000,0.000,207.935,33.623,21.292,127.750,228.207
000000000030000160,4000,false,PD,008,31.000,2.000,0.000,0.000,2.042,12.250,0.000
000000000030000161,3000,false,PD,002,48.000,3.000,0.000,0.000,1.250,7.500,0.000
000000000030000162,2000,false,PD,009,50.000,3.000,0.000,0.000,1.000,5.500,0.000
000000000010000714,2000,false,VB,010,0.000,2.000,11.210,2.778,11.083,66.500,81.216
000000000030000163,3000,false,PD,006,49.000,2.000,0.000,0.000,1.000,5.000,0.000
000000000080000160,4000,false,VB,001,48.000,1.000,5.365,3.532,1.000,4.250,5.365
000000000030000164,4000,false,PD,002,12.000,3.000,0.000,0.000,1.042,6.250,0.000
000000000010000715,4000,false,VB,008,233.000,2.000,9.692,3.983,1.000,3.250,9.692
000000000010000716,3000,false,PD,008,36.000,3.000,4.015,2.295,1.000,5.000,7.860
000000000010000717,1000,false,VB,005,125.000,0.000,0.000,0.000,1.000,1.000,0.000
000000000030000165,1000,false,PD,002,44.000,2.000,0.000,0.000,1.667,10.000,0.000
000000000010000718,3000,false,VB,002,53.000,3.000,34.948,9.251,10.125,60.750,71.748
000000000010000718,2000,false,VB,001,53.000,3.000,30.765,8.466,14.458,86.750,60.521
000000000080000161,3000,false,PD,007,43.000,1.000,14.191,10.087,1.750,10.500,16.275
000000000010000719,1000,false,VB,003,48.000,2.000,0.653,0.406,1.000,1.250,1.620
000000000030000166,1000,false,PD,008,34.000,1.000,0.000,0.000,1.417,8.500,0.000
000000000010000720,1000,false,VB,006,58.000,3.000,10.557,7.988,1.000,4.500,12.582
000000000010000721,1000,false,PD,006,41.000,0.000,53.686,12.020,30.667,184.000,211.313
000000000010000721,2000,false,VB,009,41.000,0.000,76.798,14.633,34.833,209.000,261.546
000000000010000722,2000,false,VB,008,16.000,2.000,8.766,2.308,8.292,49.750,42.182
000000000030000167,2000,false,PD,007,140.000,0.000,0.000,0.000,1.458,8.750,0.000
000000000010000723,1000,false,VB,006,122.000,0.000,19.283,12.394,1.000,5.750,19.283
000000000010000723,3000,false,VB,003,122.000,2.000,8.963,6.407,1.000,2.500,12.066
000000000010000724,1000,false,PD,010,89.000,2.000,7.745,4.711,1.125,6.750,16.882
000000000010000725,4000,false,VB,007,13.000,0.000,0.231,0.195,1.000,1.000,0.608
000000000010000726,3000,false,VB,003,174.000,0.000,5.911,2.763,1.000,3.000,8.633
000000000080000162,3000,false,VB,004,16.000,2.000,2.532,1.909,1.000,6.000,4.388
000000000010000727,3000,false,VB,010,132.000,0.000,2.190,1.368,1.000,1.000,2.190
000000000010000728,1000,false,PD,001,98.000,3.000,2.716,1.739,1.000,2.750,9.396
000000000010000729,2000,false,VB,009,224.000,2.000,12.944,5.117,1.167,7.000,25.017
000000000010000730,2000,false,PD,009,103.000,0.000,8.656,5.919,1.000,4.500,8.656
000000000010000730,3000,false,VB,007,103.000,0.000,7.202,4.254,1.125,6.750,19.837
000000000010000731,1000,false,VB,002,45.000,3.000,7.502,4.829,1.458,8.750,17.015
000000000010000732,3000,false,VB,003,41.000,1.000,8.261,5.987,1.292,7.750,8.261
000000000010000733,3000,false,VB,009,46.000,3.000,0.285,0.198,1.000,1.000,1.426
000000000010000733,2000,false,VB,006,46.000,1.000,2.119,1.268,1.000,3.000,4.685
000000000030000168,4000,false,PD,005,28.000,2.000,0.000,0.000,1.000,5.500,0.000
000000000080000163,2000,false,PD,009,55.000,0.000,7.192,4.667,1.500,9.000,12.385
000000000080000163,1000,false,VB,007,55.000,3.000,2.638,1.536,1.000,4.250,5.934
000000000090000039,4000,false,ND,007,19.000,3.000,0.000,0.000,1.000,1.000,1.000
000000000080000164,1000,false,VB,006,36.000,2.000,1.905,1.305,1.000,3.250,5.313
000000000080000164,4000,false,VB,003,36.000,1.000,6.627,4.599,1.708,10.250,10.514
000000000010000734,4000,false,PD,007,45.000,2.000,0.000,0.000,1.000,1.000,0.000
000000000010000735,3000,false,VB,002,33.000,3.000,0.501,0.348,1.000,2.000,3.917
000000000090000040,2000,false,ND,001,48.000,3.000,0.000,0.000,1.000,1.000,1.000
000000000030000169,3000,false,PD,008,11.000,2.000,0.000,0.000,1.208,7.250,0.000
000000000030000170,4000,false,PD,002,39.000,3.000,0.000,0.000,1.167,7.000,0.000
000000000010000736,2000,false,PD,004,145.000,3.000,8.958,4.016,1.000,3.500,8.958
000000000010000737,3000,false,PD,004,57.000,0.000,140.096,23.182,36.375,218.250,209.627
000000000010000738,3000,false,VB,004,50.000,1.000,0.000,0.000,1.000,1.000,0.000
000000000010000738,2000,false,VB,010,50.000,0.000,0.000,0.000,1.000,1.000,0.000
000000000010000739,3000,false,PD,008,49.000,1.000,3.996,1.928,2.042,12.250,12.105
000000000010000740,2000,false,PD,009,56.000,2.000,15.030,4.260,7.958,47.750,78.798
000000000010000741,4000,false,VB,009,239.000,2.000,18.322,8.607,1.000,5.000,18.322
000000000030000171,4000,false,PD,007,71.000,2.000,0.000,0.000,1.708,10.250,0.000
000000000010000742,2000,false,VB,010,11.000,3.000,1.399,1.182,1.000,2.500,3.309
000000000080000165,2000,false,VB,005,49.000,0.000,8.881,5.915,1.083,6.500,10.673
000000000010000743,4000,false,PD,003,93.000,3.000,16.658,7.804,1.708,10.250,22.048
000000000010000743,2000,false,PD,006,93.000,2.000,7.774,3.102,1.000,5.500,13.136
000000000010000744,3000,false,VB,006,62.000,2.000,4.187,2.285,1.875,11.250,18.641
000000000030000172,2000,false,PD,005,41.000,3.000,0.000,0.000,1.250,7.500,0.000
000000000010000745,4000,false,VB,010,80.000,3.000,1.803,1.160,1.000,1.000,2.264
000000000010000745,3000,false,VB,009,80.000,3.000,2.119,1.236,1.000,1.500,2.119
000000000010000746,3000,false,PD,009,7.000,2.000,0.106,0.088,1.000,1.000,0.973
000000000030000173,4000,false,PD,003,39.000,0.000,0.000,0.000,1.000,4.000,0.000
000000000080000166,2000,false,VB,010,37.000,3.000,15.613,10.812,2.208,13.250,19.046
000000000080000166,3000,false,PD,003,37.000,1.000,10.140,6.886,2.167,13.000,13.551
000000000080000167,4000,false,PD,002,13.000,2.000,1.701,1.317,1.000,5.500,7.795
000000000010000747,1000,false,VB,001,44.000,2.000,0.000,0.000,1.000,1.000,0.000
000000000010000747,3000,false,PD,002,44.000,3.000,0.000,0.000,1.000,1.000,0.000
000000000030000174,1000,false,PD,005,89.000,0.000,0.000,0.000,1.917,11.500,0.000
000000000030000174,2000,false,PD,004,89.000,2.000,0.000,0.000,2.625,15.750,0.000
000000000010000748,4000,false,VB,008,27.000,2.000,8.520,4.544,2.833,17.000,19.147
000000000010000749,1000,false,PD,009,32.000,3.000,11.917,9.013,1.667,10.000,19.454
000000000010000750,1000,false,PD,001,23.000,1.000,2.367,1.430,1.167,7.000,6.047
000000000080000168,2000,false,PD,002,0.000,2.000,4.375,3.293,1.000,2.750,5.007
000000000080000169,2000,false,VB,006,34.000,0.000,4.969,2.799,1.792,10.750,16.056
000000000080000170,3000,false,VB,007,17.000,3.000,1.417,1.133,1.000,3.500,3.035
000000000010000751,2000,false,VB,010,41.000,0.000,1.220,0.872,1.000,3.000,5.179
000000000010000752,1000,false,VB,007,0.000,2.000,7.236,4.936,1.000,2.750,7.236
000000000010000753,3000,false,VB,002,60.000,0.000,8.675,4.877,1.375,8.250,13.038
000000000080000171,4000,false,VB,003,84.000,1.000,14.092,7.836,1.833,11.000,14.340
000000000080000171,1000,false,PD,003,84.000,2.000,25.107,12.832,3.000,18.000,44.517
000000000010000754,1000,false,PD,005,50.000,1.000,0.000,0.000,1.000,1.000,0.000
000000000010000755,3000,false,VB,006,0.000,3.000,12.885,4.137,1.250,7.500,15.717
000000000010000756,2000,false,PD,005,149.000,1.000,2.773,1.292,1.000,3.250,10.228
000000000010000756,4000,false,PD,009,149.000,1.000,12.156,5.917,1.000,6.000,22.177
000000000080000172,2000,false,PD,005,103.000,2.000,24.435,13.685,1.792,10.750,24.435
000000000010000757,1000,false,PD,009,238.000,1.000,7.012,2.500,1.000,2.500,7.012
000000000010000757,4000,false,VB,003,238.000,3.000,4.170,1.487,1.000,2.500,7.768
000000000030000175,3000,false,PD,007,13.000,3.000,0.000,0.000,1.000,3.750,0.000
000000000030000175,1000,false,PD,005,13.000,1.000,0.000,0.000,2.417,14.500,0.000
000000000010000758,4000,false,VB,007,47.000,2.000,4.035,2.566,1.750,10.500,20.393
000000000010000759,1000,false,VB,005,78.000,0.000,2.698,1.939,1.000,1.250,3.637
000000000080000173,4000,false,VB,003,11.000,0.000,2.340,1.843,1.333,8.000,9.429
000000000080000173,2000,false,PD,004,11.000,3.000,2.372,1.806,1.833,11.000,8.501
000000000010000760,4000,false,PD,006,0.000,0.000,4.882,2.543,1.833,11.000,17.753
000000000010000760,2000,false,PD,008,47.000,0.000,2.873,1.399,1.708,10.250,18.212
000000000010000761,4000,false,PD,005,174.000,3.000,7.676,3.429,1.000,3.250,7.676
000000000010000761,1000,false,VB,004,174.000,0.000,10.150,3.657,1.417,8.500,22.737
000000000010000762,2000,false,VB,009,213.000,2.000,11.402,4.212,1.250,7.500,17.282
000000000080000174,1000,false,PD,005,17.000,0.000,1.766,1.350,1.000,3.750,4.332
000000000010000763,1000,false,VB,009,83.000,0.000,3.091,2.053,1.000,1.750,4.845
000000000010000763,3000,false,VB,009,83.000,2.000,2.865,1.970,1.000,1.500,2.865
000000000030000176,3000,false,PD,006,53.000,3.000,0.000,0.000,1.500,9.000,0.000
000000000090000041,2000,false,ND,006,17.000,0.000,0.000,0.000,1.000,1.000,1.000
000000000010000764,1000,false,VB,001,97.000,3.000,29.124,4.422,7.875,47.250,47.376
000000000010000764,4000,false,VB,002,97.000,0.000,89.362,13.543,15.167,91.000,180.224
000000000080000175,3000,false,PD,006,0.000,0.000,2.759,1.526,1.000,6.000,4.961
000000000080000175,2000,false,PD,008,26.000,1.000,1.471,0.936,1.000,3.000,4.209
000000000010000765,2000,false,VB,006,197.000,2.000,6.160,2.332,1.000,2.500,6.160
000000000010000766,2000,false,VB,004,44.000,3.000,6.299,3.737,1.625,9.750,15.682
000000000010000766,3000,false,VB,003,44.000,3.000,1.933,1.208,1.000,3.000,6.058
000000000010000767,1000,false,VB,006,33.000,0.000,53.352,8.000,40.750,244.500,283.734
000000000010000768,3000,false,PD,001,134.000,0.000,202.000,27.018,23.750,142.500,202.000
000000000030000177,2000,false,PD,008,31.000,2.000,0.000,0.000,1.000,5.750,0.000
000000000010000769,1000,false,PD,005,62.000,3.000,12.620,7.796,2.000,12.000,28.112
000000000080000176,1000,false,VB,006,52.000,2.000,3.375,2.178,1.000,3.000,3.375
000000000010000770,2000,false,PD,006,52.000,0.000,68.653,14.435,20.000,120.000,97.540
000000000010000771,1000,false,VB,007,50.000,0.000,1.461,0.840,1.000,3.500,5.694
000000000080000177,4000,false,VB,003,57.000,0.000,10.365,6.782,1.333,8.000,11.269
000000000080000177,1000,false,VB,009,57.000,0.000,4.448,3.026,1.000,3.000,6.128
000000000010000772,3000,false,VB,010,43.000,2.000,1.698,1.130,1.000,2.000,2.438
000000000080000178,1000,false,PD,003,14.000,2.000,1.924,1.509,1.458,8.750,9.878
000000000010000773,1000,false,VB,006,19.000,1.000,0.000,0.000,1.000,1.000,0.000
000000000010000774,2000,false,PD,008,182.000,3.000,4.158,1.219,1.000,3.750,6.123
000000000010000774,3000,false,PD,004,182.000,3.000,10.514,3.869,1.000,5.500,15.863
000000000010000775,3000,false,VB,008,12.000,0.000,3.469,0.862,12.958,77.750,48.624
000000000010000775,1000,false,VB,007,12.000,2.000,6.421,1.606,19.333,116.000,90.617
000000000030000178,3000,false,PD,003,146.000,1.000,0.000,0.000,1.000,3.250,0.000
000000000030000178,4000,false,PD,004,146.000,0.000,0.000,0.000,1.083,6.500,0.000
000000000010000776,4000,false,VB,005,16.000,1.000,11.304,3.419,13.000,78.000,38.212
000000000010000776,2000,false,PD,005,16.000,2.000,45.984,12.679,37.167,223.000,182.704
000000000010000777,2000,false,VB,009,41.000,3.000,46.146,8.836,21.917,131.500,170.817
000000000010000778,4000,false,VB,008,146.000,2.000,14.243,8.385,1.458,8.750,16.691
000000000010000779,2000,false,VB,002,31.000,2.000,0.000,0.000,1.000,1.000,0.000
000000000080000179,1000,false,VB,009,45.000,0.000,3.038,2.117,1.000,2.750,4.636
000000000080000179,4000,false,VB,010,45.000,0.000,10.050,6.214,2.500,15.000,25.069
000000000010000780,3000,false,VB,006,95.000,0.000,1.432,0.846,1.000,1.250,1.761
000000000010000781,2000,false,PD,004,166.000,1.000,10.341,4.894,1.500,9.000,32.226
000000000030000179,1000,false,PD,006,25.000,1.000,0.000,0.000,1.625,9.750,0.000
000000000010000782,3000,false,PD,001,14.000,2.000,18.698,5.019,18.875,113.250,101.572
000000000010000783,1000,false,VB,001,37.000,1.000,8.072,5.898,1.042,6.250,12.885
000000000010000784,4000,false,PD,005,60.000,2.000,16.004,2.736,11.042,66.250,51.850
000000000010000785,4000,false,VB,009,11.000,3.000,0.740,0.566,1.000,2.250,2.505
000000000030000180,4000,false,PD,002,52.000,0.000,0.000,0.000,1.417,8.500,0.000
000000000030000180,1000,false,PD,009,52.000,1.000,0.000,0.000,2.292,13.750,0.000
000000000080000180,3000,false,PD,004,60.000,2.000,6.705,3.578,1.167,7.000,13.725
000000000080000180,1000,false,VB,004,60.000,1.000,10.000,4.844,1.958,11.750,23.225
000000000010000786,1000,false,VB,008,54.000,0.000,5.602,3.471,1.000,6.000,7.384
000000000010000787,3000,false,PD,007,24.000,2.000,3.954,2.552,1.000,6.000,6.507
000000000010000787,2000,false,PD,004,24.000,3.000,1.860,1.209,1.000,5.250,7.415
000000000010000788,4000,false,VB,004,48.000,2.000,74.595,13.200,33.875,203.250,183.697
000000000010000789,3000,false,VB,005,8.000,2.000,0.820,0.675,1.000,2.000,1.061
000000000010000789,1000,false,VB,009,8.000,2.000,0.687,0.594,1.000,1.250,0.751
000000000010000790,2000,false,VB,010,124.000,0.000,1.892,1.057,1.000,1.250,1.892
000000000030000181,1000,false,PD,006,81.000,1.000,0.000,0.000,1.167,7.000,0.000
000000000010000791,4000,false,VB,003,147.000,0.000,23.645,12.095,1.333,8.000,25.962
000000000010000792,2000,false,PD,010,127.000,0.000,97.211,18.491,16.042,96.250,99.173
000000000010000793,1000,false,VB,005,70.000,3.000,24.451,14.926,2.375,14.250,24.451
000000000080000181,2000,false,VB,004,91.000,1.000,8.921,5.560,1.000,4.750,11.636
000000000010000794,3000,false,VB,010,23.000,3.000,0.000,0.000,1.000,1.000,0.000
000000000010000795,1000,false,PD,007,81.000,1.000,2.943,2.031,1.000,1.500,3.506
000000000010000796,3000,false,PD,001,100.000,2.000,0.000,0.000,1.000,1.000,0.000
000000000080000182,3000,false,VB,002,29.000,0.000,4.094,2.825,1.292,7.750,13.892
000000000010000797,3000,false,VB,004,59.000,1.000,148.536,38.757,38.667,232.000,243.376
000000000010000798,4000,false,PD,002,0.000,0.000,3.423,0.813,10.083,60.500,47.056
000000000010000798,2000,false,VB,003,19.000,2.000,59.179,13.368,42.333,254.000,254.687
000000000030000182,1000,false,PD,001,31.000,2.000,0.000,0.000,1.000,4.250,0.000
000000000030000182,3000,false,PD,006,31.000,0.000,0.000,0.000,1.375,8.250,0.000
000000000030000183,4000,false,PD,008,53.000,0.000,0.000,0.000,1.167,7.000,0.000
000000000030000183,1000,false,PD,007,53.000,3.000,0.000,0.000,1.000,3.250,0.000
000000000030000184,1000,false,PD,006,15.000,2.000,0.000,0.000,1.000,3.500,0.000
000000000010000799,1000,false,VB,001,131.000,0.000,8.111,4.204,1.833,11.000,36.427
000000000010000800,1000,false,PD,008,137.000,2.000,0.000,0.000,1.000,1.000,0.000
000000000080000183,1000,false,PD,007,52.000,0.000,5.495,2.995,1.583,9.500,15.137
000000000080000183,3000,false,VB,010,52.000,3.000,5.071,2.577,1.833,11.000,16.794
000000000030000185,4000,false,PD,001,67.000,3.000,0.000,0.000,2.250,13.500,0.000
000000000030000185,1000,false,PD,007,67.000,3.000,0.000,0.000,1.000,2.500,0.000
000000000010000801,3000,false,PD,003,148.000,3.000,9.634,4.242,1.167,7.000,11.172
000000000080000184,3000,false,VB,004,54.000,0.000,6.353,4.034,1.833,11.000,15.906
000000000010000802,2000,false,PD,007,79.000,1.000,7.212,4.376,1.000,5.750,15.137
000000000010000803,1000,false,VB,001,183.000,3.000,9.126,3.352,1.000,5.500,15.423
000000000010000804,3000,false,PD,009,15.000,3.000,3.799,2.470,1.667,10.000,8.727
000000000010000805,1000,false,VB,005,88.000,2.000,19.083,9.861,1.875,11.250,23.615
000000000010000806,2000,false,VB,008,124.000,0.000,2.231,1.017,1.000,2.250,3.937
000000000010000807,2000,false,PD,005,46.000,1.000,3.268,1.837,1.583,9.500,7.365
000000000010000808,3000,false,PD,002,41.000,2.000,27.153,5.473,32.333,194.000,157.842
000000000030000186,2000,false,PD,008,56.000,3.000,0.000,0.000,1.208,7.250,0.000
000000000010000809,3000,false,VB,007,87.000,0.000,14.976,8.531,1.375,8.250,18.655
000000000030000187,1000,false,PD,002,73.000,2.000,0.000,0.000,1.000,5.750,0.000
000000000030000188,4000,false,PD,004,39.000,3.000,0.000,0.000,1.000,3.250,0.000
000000000010000810,2000,false,VB,010,20.000,2.000,0.000,0.000,1.000,1.000,0.000
000000000030000189,4000,false,PD,008,20.000,1.000,0.000,0.000,2.042,12.250,0.000
000000000010000811,4000,false,VB,008,48.000,2.000,2.754,1.991,1.000,2.500,3.788
000000000010000811,1000,false,VB,002,48.000,2.000,0.608,0.496,1.000,1.000,1.078
000000000010000812,1000,false,VB,002,74.000,3.000,15.670,10.495,1.292,7.750,19.123
000000000010000813,3000,false,VB,006,34.000,1.000,5.213,2.851,1.250,7.500,9.871
000000000010000813,1000,false,PD,006,34.000,3.000,2.760,1.732,1.000,3.250,3.313
000000000010000814,2000,false,PD,009,116.000,1.000,19.301,10.943,1.333,8.000,21.554
000000000010000815,3000,false,VB,001,72.000,1.000,17.531,11.493,1.792,10.750,17.531
000000000030000190,2000,false,PD,002,112.000,0.000,0.000,0.000,1.167,7.000,0.000
000000000030000190,4000,false,PD,009,112.000,2.000,0.000,0.000,1.000,4.500,0.000
000000000010000816,3000,false,VB,002,32.000,3.000,2.914,1.637,1.208,7.250,5.883
000000000010000817,2000,false,PD,007,181.000,0.000,16.968,7.144,1.167,7.000,26.375
000000000080000185,3000,false,VB,009,43.000,3.000,5.996,3.197,1.458,8.750,11.532
000000000080000186,4000,false,PD,006,52.000,0.000,3.285,2.385,1.000,4.000,8.651
000000000080000186,2000,false,PD,003,52.000,3.000,5.425,3.024,2.292,13.750,15.275
000000000010000818,2000,false,PD,010,80.000,0.000,69.095,16.984,11.875,71.250,69.095
000000000010000818,4000,false,VB,009,80.000,3.000,59.546,13.122,18.750,112.500,184.240
000000000090000042,2000,false,ND,004,42.000,2.000,0.000,0.000,1.000,1.000,1.000
000000000010000819,4000,false,VB,007,51.000,2.000,1.752,1.024,1.000,5.000,10.305
000000000010000820,3000,false,VB,004,0.000,1.000,6.767,4.139,1.167,7.000,16.341
000000000010000821,4000,false,PD,002,36.000,3.000,1.962,1.428,1.000,6.000,10.083
000000000010000821,3000,false,VB,001,36.000,0.000,4.146,3.263,1.000,3.000,4.146
000000000010000822,1000,false,PD,005,57.000,3.000,7.624,5.157,1.000,5.750,12.882
000000000010000822,4000,false,VB,003,57.000,1.000,6.396,4.410,1.708,10.250,13.448
000000000080000187,2000,false,VB,006,16.000,2.000,1.596,0.857,1.917,11.500,12.292
000000000010000823,4000,false,VB,008,37.000,1.000,0.000,0.000,1.000,1.000,0.000
000000000010000824,3000,false,PD,008,24.000,2.000,1.024,0.828,1.000,1.000,1.024
000000000030000191,1000,false,PD,001,38.000,3.000,0.000,0.000,1.000,4.500,0.000
000000000030000192,2000,false,PD,005,112.000,0.000,0.000,0.000,1.000,5.250,0.000
000000000010000825,3000,false,PD,004,22.000,0.000,0.000,0.000,1.000,1.000,0.000
000000000010000825,4000,false,PD,010,22.000,0.000,0.000,0.000,1.000,1.000,0.000
000000000010000826,2000,false,VB,001,54.000,3.000,0.000,0.000,1.000,1.000,0.000
000000000010000826,4000,false,VB,005,54.000,1.000,0.000,0.000,1.000,1.000,0.000
000000000010000827,4000,false,VB,001,95.000,2.000,29.912,16.052,2.875,17.250,43.770
000000000010000827,1000,false,PD,006,95.000,1.000,17.566,11.439,1.292,7.750,17.566
000000000010000828,3000,false,VB,001,177.000,0.000,9.525,3.413,1.417,8.500,26.279
000000000010000829,1000,false,VB,001,7.000,3.000,0.945,0.732,1.000,3.500,2.568
000000000010000829,4000,false,VB,010,7.000,0.000,0.372,0.327,1.000,1.000,0.634
000000000010000830,3000,false,VB,002,60.000,2.000,1.285,1.007,1.000,1.000,1.580
000000000010000831,1000,false,VB,008,27.000,2.000,0.000,0.000,1.000,1.000,0.000
000000000010000832,2000,false,VB,004,47.000,0.000,0.000,0.000,1.000,1.000,0.000
000000000080000188,2000,false,VB,009,57.000,2.000,12.114,7.232,1.833,11.000,18.470
000000000010000833,4000,false,VB,006,62.000,3.000,124.262,18.666,28.958,173.750,190.113
000000000030000193,1000,false,PD,005,138.000,1.000,0.000,0.000,1.000,3.500,0.000
000000000030000193,2000,false,PD,010,138.000,3.000,0.000,0.000,1.042,6.250,0.000
000000000010000834,3000,false,VB,003,137.000,3.000,42.069,4.739,14.833,89.000,167.075
000000000080000189,3000,false,PD,001,52.000,2.000,8.296,5.086,2.250,13.500,23.535
000000000030000194,4000,false,PD,009,105.000,2.000,0.000,0.000,1.000,5.750,0.000
000000000010000835,3000,false,VB,010,17.000,3.000,2.689,2.055,1.000,5.500,4.722
000000000030000195,3000,false,PD,004,62.000,3.000,0.000,0.000,1.000,6.000,0.000
000000000010000836,3000,false,VB,010,30.000,0.000,3.067,2.133,1.000,6.000,10.778
000000000030000196,2000,false,PD,007,14.000,3.000,0.000,0.000,1.000,5.000,0.000
000000000010000837,3000,false,VB,002,127.000,0.000,15.057,6.672,1.250,7.500,15.057
000000000010000838,1000,false,VB,009,18.000,3.000,29.531,9.416,21.417,128.500,132.391
000000000090000043,4000,false,ND,009,0.000,0.000,0.000,0.000,1.000,1.000,1.000
000000000010000839,2000,false,VB,001,95.000,0.000,12.004,7.316,1.042,6.250,15.662
000000000010000840,1000,false,VB,005,22.000,0.000,0.285,0.182,1.000,2.000,2.390
000000000010000841,3000,false,PD,005,124.000,1.000,0.000,0.000,1.000,1.000,0.000
000000000080000190,4000,false,VB,006,30.000,1.000,5.124,3.424,1.000,6.000,7.411
000000000010000842,1000,false,VB,005,71.000,1.000,20.545,12.607,1.917,11.500,20.545
000000000010000842,3000,false,PD,003,71.000,3.000,23.704,14.649,2.500,15.000,30.519
000000000010000843,4000,false,PD,002,59.000,1.000,1.937,1.289,1.000,4.250,10.849
000000000030000197,2000,false,PD,010,120.000,2.000,0.000,0.000,1.000,5.500,0.000
000000000030000197,1000,false,PD,006,120.000,2.000,0.000,0.000,1.000,5.500,0.000
000000000080000191,1000,false,VB,002,45.000,0.000,10.028,6.476,1.500,9.000,10.028
000000000030000198,3000,false,PD,002,49.000,0.000,0.000,0.000,1.042,6.250,0.000
000000000030000199,3000,false,PD,005,126.000,1.000,0.000,0.000,1.833,11.000,0.000
000000000080000192,1000,false,PD,002,39.000,3.000,5.594,2.756,1.250,7.500,5.594
000000000010000844,1000,false,VB,003,91.000,0.000,105.789,20.602,16.375,98.250,118.864
000000000030000200,1000,false,PD,002,18.000,3.000,0.000,0.000,1.708,10.250,0.000
000000000010000845,3000,false,VB,002,39.000,2.000,0.000,0.000,1.000,1.000,0.000
000000000080000193,2000,false,VB,009,20.000,2.000,5.441,4.197,1.625,9.750,16.300
000000000010000846,4000,false,PD,006,40.000,2.000,17.928,3.586,8.458,50.750,69.597
000000000030000201,4000,false,PD,008,39.000,2.000,0.000,0.000,1.000,5.000,0.000
000000000030000201,3000,false,PD,004,39.000,2.000,0.000,0.000,2.000,12.000,0.000
000000000010000847,4000,false,PD,003,90.000,1.000,19.337,10.630,2.875,17.250,21.160
000000000010000848,3000,false,VB,007,46.000,3.000,0.000,0.000,1.000,1.000,0.000
000000000010000849,2000,false,VB,002,49.000,1.000,12.322,6.221,2.333,14.000,15.856
000000000030000202,3000,false,PD,008,64.000,0.000,0.000,0.000,1.000,4.750,0.000
000000000010000850,3000,false,VB,003,61.000,0.000,20.342,13.464,1.917,11.500,23.489
000000000010000851,1000,false,VB,008,64.000,1.000,96.627,17.440,22.667,136.000,153.691
000000000010000852,2000,false,PD,001,39.000,1.000,36.805,5.363,32.292,193.750,241.377
000000000010000852,3000,false,VB,006,39.000,2.000,47.285,7.566,19.667,118.000,146.125
000000000030000203,2000,false,PD,003,59.000,3.000,0.000,0.000,1.500,9.000,0.000
000000000030000204,1000,false,PD,008,41.000,1.000,0.000,0.000,1.708,10.250,0.000
000000000030000204,3000,false,PD,001,41.000,1.000,0.000,0.000,1.000,5.750,0.000
000000000010000853,4000,false,VB,010,47.000,2.000,10.016,4.811,1.917,11.500,10.315
000000000010000853,3000,false,PD,007,47.000,2.000,5.754,3.091,1.000,5.750,5.754
000000000010000854,3000,false,VB,004,11.000,3.000,7.159,2.379,11.000,66.000,43.419
000000000010000855,1000,false,PD,006,86.000,0.000,63.414,10.556,31.458,188.750,332.140
000000000010000855,3000,false,VB,008,86.000,2.000,42.099,7.821,23.208,139.250,227.150
000000000010000856,3000,false,PD,004,0.000,2.000,3.293,1.782,1.000,2.750,7.780
000000000010000857,3000,false,VB,002,36.000,0.000,71.640,10.553,36.875,221.250,254.349
000000000010000857,1000,false,VB,003,36.000,3.000,37.621,7.048,24.958,149.750,113.670
000000000080000194,4000,false,VB,009,117.000,1.000,22.945,14.776,1.375,8.250,23.849
000000000010000858,4000,false,PD,006,14.000,2.000,0.000,0.000,1.000,1.000,0.000
000000000010000858,1000,false,VB,010,14.000,1.000,0.000,0.000,1.000,1.000,0.000
000000000010000859,2000,false,VB,001,17.000,2.000,9.367,2.618,9.167,55.000,57.210
000000000010000860,1000,false,VB,004,59.000,0.000,18.044,12.830,1.500,9.000,18.044
000000000010000861,4000,false,PD,005,118.000,2.000,20.629,12.900,1.542,9.250,23.769
000000000030000205,3000,false,PD,010,45.000,3.000,0.000,0.000,1.958,11.750,0.000
000000000090000044,3000,false,ND,006,31.000,0.000,0.000,0.000,1.000,1.000,1.000
000000000010000862,1000,false,PD,010,206.000,2.000,4.403,1.393,1.000,3.250,5.113
000000000010000863,3000,false,VB,005,213.000,3.000,11.285,6.238,1.000,3.500,16.442
000000000010000864,1000,false,PD,009,41.000,1.000,23.089,4.007,9.208,55.250,57.100
000000000010000864,2000,false,VB,009,41.000,0.000,13.224,2.535,14.833,89.000,73.835
000000000030000206,1000,false,PD,008,7.000,1.000,0.000,0.000,1.250,7.500,0.000
000000000010000865,4000,false,PD,006,107.000,2.000,241.035,53.722,30.125,180.750,241.035
000000000010000866,4000,false,PD,003,110.000,1.000,220.453,33.710,35.625,213.750,220.453
000000000010000867,4000,false,VB,002,162.000,3.000,24.188,6.928,2.000,12.000,24.188
000000000080000195,1000,false,VB,008,32.000,3.000,5.337,3.661,1.000,5.500,5.926
000000000030000207,1000,false,PD,009,9.000,2.000,0.000,0.000,1.000,3.750,0.000
000000000030000207,3000,false,PD,004,9.000,1.000,0.000,0.000,1.292,7.750,0.000
000000000080000196,3000,false,VB,010,43.000,2.000,5.308,3.657,1.000,4.250,5.308
000000000080000196,4000,false,VB,008,43.000,3.000,2.105,1.551,1.000,4.750,9.231
000000000030000208,1000,false,PD,006,91.000,1.000,0.000,0.000,1.458,8.750,0.000
000000000030000209,3000,false,PD,008,23.000,0.000,0.000,0.000,1.000,5.500,0.000
000000000080000197,4000,false,VB,002,45.000,3.000,3.029,2.055,1.000,3.000,5.464
000000000080000197,3000,false,VB,003,45.000,3.000,2.418,1.420,1.083,6.500,8.385
000000000080000198,2000,false,PD,010,48.000,2.000,3.047,1.765,1.833,11.000,17.903
000000000030000210,1000,false,PD,002,52.000,3.000,0.000,0.000,1.333,8.000,0.000
000000000010000868,3000,false,VB,005,50.000,1.000,8.719,4.663,1.750,10.500,12.230
000000000010000869,4000,false,PD,009,148.000,1.000,4.760,1.682,1.083,6.500,19.715
000000000010000870,1000,false,VB,002,176.000,1.000,8.659,4.215,1.000,2.750,8.659
000000000010000871,4000,false,VB,005,33.000,0.000,5.547,3.177,1.792,10.750,13.567
000000000030000211,4000,false,PD,005,122.000,1.000,0.000,0.000,1.000,5.500,0.000
000000000010000872,3000,false,VB,003,60.000,3.000,1.453,0.669,1.000,5.500,10.868
000000000030000212,2000,false,PD,010,17.000,2.000,0.000,0.000,1.750,10.500,0.000
000000000010000873,1000,false,PD,008,104.000,2.000,0.000,0.000,1.000,1.000,0.000
000000000080000199,4000,false,PD,009,20.000,0.000,1.601,0.943,1.750,10.500,7.712
000000000080000199,1000,false,VB,004,20.000,2.000,0.907,0.664,1.000,2.750,2.073
000000000010000874,2000,false,VB,009,122.000,1.000,10.255,6.982,1.000,3.500,12.769
000000000010000874,1000,false,VB,006,122.000,2.000,17.468,9.212,1.250,7.500,17.468
000000000080000200,3000,false,VB,007,32.000,0.000,3.753,2.396,2.542,15.250,11.519
000000000010000875,3000,false,PD,001,38.000,1.000,1.096,0.637,1.000,5.000,7.184
000000000010000876,4000,false,PD,003,125.000,1.000,19.487,7.553,1.750,10.500,19.487
000000000010000876,2000,false,VB,008,125.000,0.000,9.182,3.855,1.208,7.250,17.115
000000000010000877,2000,false,VB,008,24.000,1.000,8.139,5.302,2.250,13.500,12.322
000000000010000877,3000,false,VB,004,0.000,2.000,0.724,0.564,1.000,2.250,2.114
000000000010000878,2000,false,VB,004,85.000,2.000,5.945,3.677,1.000,3.750,8.843
000000000010000879,1000,false,VB,002,239.000,2.000,14.018,4.991,1.000,5.000,21.235
000000000010000880,4000,false,VB,002,60.000,0.000,70.281,15.174,17.042,102.250,158.143
000000000030000213,2000,false,PD,005,43.000,0.000,0.000,0.000,1.708,10.250,0.000
000000000010000881,3000,false,VB,008,50.000,2.000,2.695,1.936,1.000,1.750,3.642
000000000010000882,2000,false,PD,002,131.000,2.000,17.786,11.047,1.250,7.500,30.097
000000000010000883,2000,false,VB,008,38.000,1.000,4.155,2.793,1.000,5.750,9.653
000000000010000884,3000,false,PD,009,111.000,3.000,18.999,11.072,1.417,8.500,18.999
000000000010000884,1000,false,PD,010,111.000,1.000,9.846,5.824,1.875,11.250,27.753
000000000010000885,3000,false,VB,009,36.000,2.000,16.426,4.417,15.583,93.500,91.494
000000000030000214,2000,false,PD,008,93.000,2.000,0.000,0.000,1.167,7.000,0.000
000000000010000886,3000,false,PD,003,0.000,1.000,8.105,4.717,1.833,11.000,14.735
000000000010000887,4000,false,PD,003,149.000,0.000,4.396,2.003,1.000,2.000,4.596
000000000010000887,3000,false,PD,007,149.000,0.000,10.995,3.876,1.083,6.500,18.454
000000000030000215,3000,false,PD,006,29.000,3.000,0.000,0.000,1.750,10.500,0.000
000000000030000215,4000,false,PD,004,29.000,3.000,0.000,0.000,1.208,7.250,0.000
000000000010000888,2000,false,PD,009,97.000,0.000,30.471,17.593,2.458,14.750,36.002
000000000010000889,3000,false,PD,008,59.000,2.000,12.302,9.079,1.000,5.750,17.051
000000000030000216,2000,false,PD,008,0.000,1.000,0.000,0.000,1.042,6.250,0.000
000000000010000890,4000,false,VB,009,133.000,0.000,0.000,0.000,1.000,1.000,0.000
000000000010000891,4000,false,PD,002,39.000,3.000,0.000,0.000,1.000,1.000,0.000
000000000030000217,4000,false,PD,001,25.000,1.000,0.000,0.000,1.750,10.500,0.000
000000000030000217,3000,false,PD,010,25.000,2.000,0.000,0.000,1.000,3.250,0.000
000000000090000045,4000,false,ND,007,12.000,0.000,0.000,0.000,1.000,1.000,1.000
000000000010000892,4000,false,VB,006,58.000,0.000,8.814,5.043,1.250,7.500,8.814
000000000010000893,4000,false,VB,007,46.000,3.000,4.710,2.767,1.417,8.500,10.321
000000000010000894,2000,false,VB,002,16.000,0.000,10.258,2.503,20.333,122.000,68.533
000000000010000895,3000,false,VB,007,25.000,3.000,21.750,5.089,17.583,105.500,65.965
000000000030000218,4000,false,PD,010,52.000,0.000,0.000,0.000,1.917,11.500,0.000
000000000030000219,4000,false,PD,003,149.000,0.000,0.000,0.000,1.000,4.250,0.000
000000000010000896,4000,false,VB,007,58.000,3.000,102.765,17.501,34.458,206.750,249.469
000000000030000220,2000,false,PD,001,13.000,1.000,0.000,0.000,1.333,8.000,0.000
000000000010000897,4000,false,VB,001,38.000,3.000,2.794,1.727,1.000,3.500,3.566
000000000010000898,3000,false,VB,005,0.000,2.000,157.254,21.546,32.625,195.750,252.783
000000000010000899,3000,false,VB,010,34.000,2.000,26.642,4.359,23.917,143.500,79.602
000000000010000900,2000,false,PD,003,115.000,1.000,1.940,1.166,1.000,1.000,2.176
000000000010000901,2000,false,VB,005,139.000,2.000,294.242,70.240,36.875,221.250,459.189
000000000080000201,1000,false,PD,001,30.000,0.000,6.441,4.173,2.292,13.750,9.775
000000000080000202,2000,false,PD,009,51.000,1.000,1.567,0.805,1.000,3.000,5.417
000000000080000202,3000,false,VB,006,51.000,3.000,4.761,2.588,1.000,5.000,5.681
000000000080000203,4000,false,PD,008,25.000,1.000,9.998,7.108,2.208,13.250,15.220
000000000010000902,1000,false,VB,005,50.000,0.000,3.426,2.225,1.000,3.000,3.426
000000000010000902,4000,false,VB,006,50.000,3.000,2.708,1.787,1.125,6.750,10.354
000000000010000903,2000,false,VB,004,214.000,3.000,8.713,3.126,1.000,4.000,8.713
000000000010000904,4000,false,PD,004,132.000,2.000,6.187,2.846,1.167,7.000,12.028
000000000010000905,1000,false,VB,001,125.000,1.000,8.615,3.212,1.083,6.500,8.615
000000000010000905,4000,false,PD,003,125.000,1.000,4.239,1.837,1.000,5.000,11.794
000000000080000204,1000,false,PD,007,40.000,1.000,6.205,2.675,2.292,13.750,16.121
000000000080000204,4000,false,PD,009,40.000,2.000,5.624,3.077,1.875,11.250,15.298
000000000010000906,4000,false,PD,010,8.000,2.000,5.887,1.924,30.375,182.250,86.104
000000000010000906,3000,false,VB,004,8.000,3.000,16.734,5.349,26.125,156.750,82.386
000000000090000046,3000,false,ND,008,36.000,2.000,0.000,0.000,1.000,1.000,1.000
000000000030000221,3000,false,PD,004,132.000,3.000,0.000,0.000,1.583,9.500,0.000
000000000010000907,2000,false,VB,001,38.000,2.000,20.440,5.654,12.042,72.250,49.997
000000000010000908,3000,false,VB,008,133.000,0.000,15.093,9.187,1.000,5.750,17.919
000000000010000909,3000,false,VB,002,107.000,1.000,0.000,0.000,1.000,1.000,0.000
000000000010000910,4000,false,VB,007,108.000,2.000,11.230,6.941,1.000,4.500,11.230
000000000010000910,1000,false,PD,010,108.000,1.000,22.759,13.333,1.708,10.250,22.759
000000000030000222,3000,false,PD,003,124.000,2.000,0.000,0.000,1.500,9.000,0.000
000000000080000205,2000,false,VB,006,98.000,2.000,19.593,11.469,2.083,12.500,32.032
000000000010000911,2000,false,PD,001,110.000,2.000,6.345,3.707,1.292,7.750,23.040
000000000010000912,2000,false,VB,005,54.000,3.000,0.372,0.238,1.000,1.000,0.991
000000000010000913,3000,false,PD,009,33.000,3.000,8.401,5.995,1.708,10.250,10.225
000000000010000913,1000,false,PD,002,33.000,3.000,8.032,6.085,1.000,6.000,8.032
000000000030000223,4000,false,PD,002,47.000,0.000,0.000,0.000,1.000,4.500,0.000
000000000010000914,4000,false,VB,001,106.000,0.000,10.542,8.020,1.000,3.000,13.670
000000000010000914,1000,false,VB,003,106.000,2.000,18.952,11.515,2.000,12.000,31.777
000000000090000047,2000,false,ND,008,25.000,3.000,0.000,0.000,1.000,1.000,1.000
000000000030000224,3000,false,PD,003,10.000,3.000,0.000,0.000,2.000,12.000,0.000
000000000080000206,1000,false,VB,007,45.000,3.000,1.362,0.890,1.000,4.750,5.229
000000000010000915,4000,false,VB,001,90.000,0.000,41.076,5.069,11.333,68.000,74.274
000000000010000916,2000,false,VB,005,202.000,1.000,3.722,1.255,1.000,3.000,6.263
000000000080000207,1000,false,VB,001,16.000,3.000,3.081,2.031,1.708,10.250,8.715
000000000080000208,3000,false,VB,006,42.000,2.000,2.987,2.357,1.000,1.750,2.987
000000000010000917,1000,false,VB,009,83.000,0.000,202.671,43.583,34.500,207.000,359.149
000000000030000225,4000,false,PD,010,36.000,0.000,0.000,0.000,1.000,2.250,0.000
000000000030000225,1000,false,PD,005,36.000,0.000,0.000,0.000,1.000,3.750,0.000
000000000010000918,1000,false,PD,002,149.000,0.000,11.472,4.500,1.042,6.250,19.889
000000000010000918,2000,false,VB,001,149.000,3.000,16.340,5.654,2.125,12.750,24.364
000000000030000226,2000,false,PD,004,26.000,0.000,0.000,0.000,2.708,16.250,0.000
000000000080000209,2000,false,VB,004,30.000,0.000,4.891,3.192,1.750,10.500,15.406
000000000010000919,1000,false,PD,008,144.000,0.000,9.925,5.082,2.417,14.500,21.853
000000000010000920,3000,false,VB,009,178.000,3.000,19.046,6.333,1.625,9.750,29.965
000000000010000920,4000,false,VB,003,178.000,1.000,7.862,2.614,1.000,3.250,7.862
000000000080000210,3000,false,VB,003,10.000,1.000,1.256,0.976,1.000,4.250,4.661
000000000010000921,1000,false,PD,007,51.000,0.000,34.417,7.852,15.292,91.750,56.137
000000000080000211,4000,false,VB,002,15.000,3.000,1.343,0.988,1.000,3.250,4.333
000000000010000922,2000,false,VB,007,164.000,1.000,7.408,2.672,1.000,3.000,7.408
000000000030000227,4000,false,PD,010,7.000,0.000,0.000,0.000,1.000,4.000,0.000
000000000030000227,2000,false,PD,007,7.000,2.000,0.000,0.000,1.208,7.250,0.000
000000000080000212,3000,false,PD,010,59.000,2.000,9.802,6.851,1.375,8.250,21.059
000000000080000212,2000,false,VB,008,59.000,0.000,9.993,6.725,1.417,8.500,12.539
000000000010000923,3000,false,PD,002,130.000,3.000,12.689,5.043,1.000,6.000,12.689
000000000010000923,2000,false,PD,006,130.000,2.000,7.382,3.521,1.000,4.250,7.382
000000000010000924,1000,false,PD,006,33.000,1.000,0.648,0.546,1.000,1.000,1.288
000000000080000213,3000,false,VB,008,25.000,3.000,5.549,3.033,2.333,14.000,16.961
000000000030000228,1000,false,PD,005,13.000,3.000,0.000,0.000,1.042,6.250,0.000
000000000010000925,1000,false,PD,009,21.000,2.000,0.967,0.717,1.000,4.750,4.097
000000000010000925,4000,false,VB,008,21.000,3.000,0.701,0.450,1.000,2.750,2.033
000000000010000926,1000,false,PD,004,73.000,2.000,5.450,3.888,1.000,3.750,9.406
000000000010000926,3000,false,VB,002,73.000,2.000,14.406,7.882,2.375,14.250,33.439
000000000030000229,1000,false,PD,003,11.000,2.000,0.000,0.000,1.167,7.000,0.000
000000000010000927,3000,false,VB,007,18.000,1.000,0.000,0.000,1.000,1.000,0.000
000000000010000927,2000,false,VB,008,18.000,3.000,0.000,0.000,1.000,1.000,0.000
000000000010000928,2000,false,PD,010,130.000,1.000,4.547,1.948,1.000,2.500,6.343
000000000010000928,4000,false,VB,007,130.000,0.000,5.488,2.238,1.000,2.750,5.488
000000000030000230,3000,false,PD,001,115.000,3.000,0.000,0.000,1.708,10.250,0.000
000000000010000929,3000,false,VB,006,10.000,2.000,1.452,1.113,1.000,3.750,2.077
000000000010000929,2000,false,PD,009,10.000,2.000,3.461,2.546,1.667,10.000,11.581
000000000090000048,2000,false,ND,004,44.000,2.000,0.000,0.000,1.000,1.000,1.000
000000000030000231,2000,false,PD,001,73.000,1.000,0.000,0.000,1.000,4.000,0.000
000000000030000232,3000,false,PD,003,126.000,0.000,0.000,0.000,1.458,8.750,0.000
000000000030000233,1000,false,PD,001,80.000,0.000,0.000,0.000,1.000,1.250,0.000
000000000030000233,4000,false,PD,005,80.000,1.000,0.000,0.000,1.000,3.000,0.000
000000000010000930,4000,false,PD,009,19.000,0.000,0.000,0.000,1.000,1.000,0.000
000000000080000214,4000,false,PD,002,11.000,0.000,1.346,0.931,1.833,11.000,9.950
000000000010000931,4000,false,VB,006,109.000,3.000,4.706,3.052,1.000,2.750,7.335
000000000010000932,1000,false,PD,009,147.000,1.000,15.032,6.809,1.375,8.250,27.879
000000000010000933,2000,false,VB,008,45.000,2.000,1.198,0.951,1.000,1.000,2.092
000000000080000215,3000,false,VB,009,54.000,0.000,2.992,1.675,1.000,4.000,6.807
000000000080000216,4000,false,VB,009,62.000,0.000,11.087,6.981,1.125,6.750,11.229
000000000010000934,4000,false,VB,006,33.000,3.000,69.528,14.126,38.958,233.750,164.880
000000000010000934,3000,false,PD,006,33.000,0.000,59.543,11.932,25.792,154.750,177.603
000000000010000935,1000,false,PD,003,196.000,0.000,10.642,4.377,1.000,3.500,10.642
000000000080000217,1000,false,VB,006,37.000,2.000,3.970,2.610,1.750,10.500,17.399
000000000080000217,4000,false,VB,002,37.000,0.000,4.939,3.006,1.917,11.500,18.379
000000000080000218,4000,false,PD,001,21.000,3.000,1.921,1.106,1.250,7.500,10.077
000000000080000219,3000,false,PD,005,21.000,0.000,2.921,2.059,1.583,9.500,11.841
000000000010000936,2000,false,VB,010,40.000,1.000,3.100,2.224,1.000,3.000,6.022
000000000030000234,1000,false,PD,006,50.000,2.000,0.000,0.000,1.875,11.250,0.000
000000000010000937,4000,false,VB,001,20.000,3.000,0.000,0.000,1.000,1.000,0.000
000000000010000937,2000,false,VB,010,20.000,2.000,0.000,0.000,1.000,1.000,0.000
000000000030000235,4000,false,PD,003,23.000,2.000,0.000,0.000,1.000,5.750,0.000
000000000080000220,3000,false,PD,010,43.000,0.000,6.208,4.235,1.250,7.500,15.454
000000000010000938,1000,false,PD,001,215.000,1.000,5.292,2.173,1.000,4.000,16.614
000000000010000939,3000,false,VB,010,130.000,1.000,2.421,1.338,1.000,1.250,3.621
000000000030000236,1000,false,PD,010,73.000,1.000,0.000,0.000,1.208,7.250,0.000
000000000030000236,3000,false,PD,008,73.000,1.000,0.000,0.000,1.375,8.250,0.000
000000000010000940,4000,false,VB,006,98.000,0.000,0.000,0.000,1.000,1.000,0.000
000000000010000941,2000,false,VB,008,138.000,2.000,26.035,8.042,2.708,16.250,26.035
000000000010000942,3000,false,PD,008,75.000,2.000,0.000,0.000,1.000,1.000,0.000
000000000080000221,1000,false,PD,007,50.000,1.000,10.278,6.598,1.708,10.250,18.712
000000000010000943,1000,false,PD,003,187.000,2.000,8.581,2.806,1.000,3.250,8.581
000000000010000943,4000,false,VB,005,187.000,0.000,13.493,5.190,1.000,5.000,16.750
000000000090000049,1000,false,ND,007,11.000,0.000,0.000,0.000,1.000,1.000,1.000
000000000010000944,1000,false,VB,010,47.000,0.000,0.000,0.000,1.000,1.000,0.000
000000000010000945,4000,false,VB,001,22.000,0.000,0.185,0.136,1.000,1.000,1.301
000000000010000946,1000,false,VB,009,201.000,0.000,2.965,0.674,1.000,4.500,10.945
000000000010000946,2000,false,VB,005,201.000,1.000,7.673,2.449,1.000,3.250,10.868
000000000080000222,2000,false,VB,002,105.000,1.000,19.333,10.932,1.583,9.500,19.333
000000000080000223,2000,false,PD,001,16.000,3.000,1.470,1.125,1.000,3.250,3.886
000000000030000237,2000,false,PD,009,15.000,0.000,0.000,0.000,1.000,3.250,0.000
000000000030000237,1000,false,PD,003,15.000,2.000,0.000,0.000,1.375,8.250,0.000
000000000010000947,2000,false,PD,005,27.000,2.000,5.446,2.983,1.625,9.750,10.191
000000000010000948,3000,false,VB,001,10.000,1.000,1.300,0.945,1.000,4.250,2.385
000000000080000224,1000,false,VB,008,83.000,3.000,6.108,4.281,1.000,3.250,8.979
000000000010000949,3000,false,VB,010,97.000,2.000,193.484,44.061,32.958,197.750,240.591
000000000010000949,4000,false,PD,002,97.000,2.000,72.949,13.929,29.750,178.500,144.599
000000000030000238,4000,false,PD,001,58.000,1.000,0.000,0.000,1.000,4.750,0.000
000000000030000239,3000,false,PD,010,76.000,1.000,0.000,0.000,1.708,10.250,0.000
000000000030000240,4000,false,PD,007,37.000,3.000,0.000,0.000,1.000,4.500,0.000
000000000080000225,1000,false,VB,006,31.000,1.000,6.220,3.890,1.375,8.250,8.224
000000000030000241,2000,false,PD,003,34.000,0.000,0.000,0.000,1.000,4.500,0.000
000000000080000226,3000,false,PD,006,30.000,2.000,1.524,1.196,1.000,3.500,7.606
000000000080000226,4000,false,VB,007,30.000,0.000,6.092,4.441,1.708,10.250,15.385
000000000030000242,3000,false,PD,009,17.000,1.000,0.000,0.000,1.208,7.250,0.000
000000000030000242,1000,false,PD,008,17.000,3.000,0.000,0.000,1.250,7.500,0.000
000000000030000243,3000,false,PD,008,26.000,2.000,0.000,0.000,1.000,4.750,0.000
000000000030000243,4000,false,PD,008,26.000,1.000,0.000,0.000,1.500,9.000,0.000
000000000080000227,1000,false,PD,007,30.000,3.000,0.610,0.355,1.000,3.250,3.400
000000000080000228,1000,false,PD,008,56.000,3.000,3.699,2.355,1.000,3.000,4.451
000000000010000950,2000,false,VB,003,16.000,3.000,0.349,0.278,1.000,1.000,1.021
000000000030000244,3000,false,PD,005,7.000,1.000,0.000,0.000,1.000,2.500,0.000
000000000010000951,2000,false,VB,008,36.000,0.000,2.450,1.721,1.500,9.000,9.141
000000000010000951,3000,false,VB,010,36.000,1.000,10.510,6.271,2.000,12.000,14.383
000000000030000245,3000,false,PD,001,31.000,3.000,0.000,0.000,1.000,3.250,0.000
000000000090000050,4000,false,ND,010,17.000,3.000,0.000,0.000,1.000,1.000,1.000
000000000010000952,4000,false,PD,009,10.000,3.000,4.360,2.900,2.667,16.000,18.161
000000000010000953,1000,false,VB,010,47.000,3.000,2.383,1.790,1.000,2.000,4.560
000000000010000954,4000,false,VB,004,40.000,3.000,59.536,12.723,21.292,127.750,73.481
000000000030000246,1000,false,PD,002,43.000,1.000,0.000,0.000,1.000,3.000,0.000
000000000010000955,3000,false,PD,008,40.000,3.000,0.000,0.000,1.000,1.000,0.000
000000000010000956,4000,false,PD,008,63.000,1.000,95.773,31.819,28.667,172.000,223.298
000000000010000956,3000,false,PD,005,63.000,3.000,81.887,20.579,18.958,113.750,100.558
000000000080000229,4000,false,VB,009,43.000,2.000,3.341,1.833,1.417,8.500,14.323
000000000080000230,3000,false,PD,005,12.000,2.000,3.121,2.256,2.875,17.250,10.695
000000000010000957,4000,false,VB,009,118.000,0.000,84.921,19.136,26.125,156.750,301.773
000000000010000958,3000,false,PD,006,194.000,1.000,5.832,2.768,1.000,5.500,18.617
000000000010000958,4000,false,VB,006,194.000,3.000,9.295,4.219,1.000,3.000,11.707
000000000010000959,4000,false,VB,004,34.000,1.000,2.819,2.052,1.083,6.500,5.934
000000000010000960,3000,false,PD,008,173.000,3.000,13.957,6.824,1.000,5.500,14.150
000000000010000960,4000,false,VB,009,173.000,0.000,2.753,1.404,1.000,2.500,6.775
000000000080000231,4000,false,VB,007,92.000,2.000,22.951,13.159,1.875,11.250,33.800
000000000030000247,3000,false,PD,006,109.000,1.000,0.000,0.000,1.000,4.250,0.000
000000000080000232,1000,false,VB,007,51.000,0.000,3.413,2.244,1.000,4.000,8.136
000000000010000961,4000,false,VB,007,34.000,1.000,0.710,0.597,1.000,1.000,2.191
000000000030000248,1000,false,PD,003,34.000,3.000,0.000,0.000,1.000,5.500,0.000
000000000010000962,2000,false,VB,010,129.000,3.000,2.119,1.410,1.000,1.250,2.502
000000000010000962,3000,false,VB,006,129.000,2.000,4.811,3.071,1.000,1.500,4.833
000000000010000963,2000,false,VB,001,19.000,0.000,4.244,3.222,1.250,7.500,8.955
000000000010000964,4000,false,VB,004,42.000,2.000,4.918,2.967,1.667,10.000,15.268
000000000080000233,3000,false,VB,001,51.000,0.000,7.312,3.205,1.542,9.250,8.187
000000000010000965,2000,false,PD,009,30.000,1.000,0.511,0.331,1.000,1.500,2.041
000000000010000965,4000,false,VB,010,30.000,3.000,0.740,0.462,1.000,1.750,1.934
000000000010000966,2000,false,PD,006,31.000,3.000,3.283,2.270,1.000,4.000,3.463
000000000010000966,3000,false,PD,010,31.000,0.000,3.000,2.101,2.042,12.250,19.244
000000000090000051,1000,false,ND,007,10.000,2.000,0.000,0.000,1.000,1.000,1.000
000000000010000967,3000,false,VB,003,50.000,2.000,0.000,0.000,1.000,1.000,0.000
000000000030000249,2000,false,PD,006,16.000,3.000,0.000,0.000,1.000,6.000,0.000
000000000010000968,3000,false,VB,007,146.000,2.000,17.551,7.409,1.583,9.500,25.640
000000000010000968,1000,false,PD,010,146.000,3.000,12.922,5.721,1.333,8.000,12.922
000000000010000969,2000,false,VB,002,74.000,1.000,4.058,2.348,1.000,5.750,8.996
000000000010000970,3000,false,VB,004,143.000,0.000,33.361,3.838,14.625,87.750,183.862
000000000010000971,4000,false,PD,008,213.000,1.000,28.986,14.033,1.250,7.500,32.848
000000000010000971,1000,false,VB,006,213.000,1.000,22.349,9.427,1.083,6.500,28.055
000000000010000972,1000,false,VB,010,55.000,0.000,6.203,4.362,1.000,4.500,6.678
000000000010000973,2000,false,VB,003,47.000,1.000,55.796,9.002,22.208,133.250,81.405
000000000010000974,3000,false,PD,005,52.000,3.000,0.000,0.000,1.000,1.000,0.000
000000000010000974,2000,false,VB,002,52.000,1.000,0.000,0.000,1.000,1.000,0.000
000000000010000975,1000,false,VB,003,0.000,3.000,24.351,6.035,12.417,74.500,87.816
000000000010000975,2000,false,VB,010,92.000,2.000,82.203,16.957,15.458,92.750,91.759
000000000010000976,1000,false,PD,009,143.000,3.000,283.782,40.148,32.167,193.000,283.782
000000000080000234,2000,false,VB,007,50.000,3.000,10.562,7.376,1.167,7.000,10.846
000000000010000977,2000,false,PD,010,13.000,2.000,15.368,4.170,37.000,222.000,165.422
000000000010000977,3000,false,VB,001,13.000,3.000,19.531,6.296,39.583,237.500,178.572
000000000080000235,2000,false,VB,003,44.000,3.000,9.173,6.681,1.250,7.500,9.173
000000000080000236,2000,false,VB,008,120.000,0.000,13.335,7.871,1.000,4.750,13.335
000000000010000978,1000,false,PD,004,107.000,1.000,111.879,16.166,23.083,138.500,146.988
000000000010000979,2000,false,PD,006,59.000,2.000,3.412,1.850,1.000,5.250,7.128
000000000010000979,1000,false,VB,006,59.000,3.000,4.272,2.493,1.000,4.250,4.744
000000000010000980,2000,false,VB,007,105.000,2.000,47.057,8.906,11.000,66.000,107.905
000000000010000981,1000,false,VB,008,167.000,1.000,3.634,1.098,1.000,3.750,9.616
000000000010000981,2000,false,VB,010,167.000,1.000,7.120,2.418,1.083,6.500,18.791
000000000010000982,2000,false,PD,008,43.000,1.000,8.648,4.861,1.625,9.750,16.411
000000000010000982,4000,false,PD,005,43.000,3.000,5.202,2.639,1.125,6.750,7.216
000000000010000983,2000,false,VB,001,32.000,1.000,1.674,1.275,1.000,2.500,2.824
000000000030000250,4000,false,PD,003,79.000,3.000,0.000,0.000,1.375,8.250,0.000
000000000080000237,4000,false,VB,007,10.000,0.000,0.680,0.498,1.000,5.750,6.072
000000000010000984,3000,false,VB,003,140.000,3.000,8.490,3.622,1.333,8.000,17.586
000000000010000985,3000,false,PD,002,58.000,0.000,15.299,9.625,1.917,11.500,23.544
000000000080000238,4000,false,VB,006,129.000,3.000,4.956,3.387,1.000,4.500,22.041
000000000010000986,4000,false,PD,005,47.000,2.000,0.743,0.514,1.000,1.500,1.518
000000000010000986,3000,false,PD,006,47.000,2.000,0.734,0.458,1.000,1.250,1.748
000000000010000987,1000,false,VB,007,49.000,1.000,8.150,4.691,1.708,10.250,19.475
000000000010000988,1000,false,PD,004,85.000,0.000,6.632,3.191,1.667,10.000,18.579
000000000030000251,1000,false,PD,001,40.000,1.000,0.000,0.000,1.000,4.750,0.000
000000000010000989,2000,false,VB,008,127.000,1.000,4.431,2.788,1.000,1.500,5.330
000000000010000989,1000,false,VB,004,127.000,2.000,2.946,1.736,1.000,1.000,3.416
000000000010000990,1000,false,PD,002,46.000,0.000,5.052,3.285,1.500,9.000,11.235
000000000090000052,2000,false,ND,002,58.000,3.000,0.000,0.000,1.000,1.000,1.000
000000000090000052,3000,false,ND,004,58.000,3.000,0.000,0.000,1.000,1.000,1.000
000000000080000239,3000,false,VB,001,57.000,1.000,7.819,3.635,1.542,9.250,12.868
000000000080000240,3000,false,VB,001,11.000,0.000,1.152,0.904,1.000,3.250,4.061
000000000010000991,2000,false,VB,008,47.000,2.000,95.623,18.585,31.958,191.750,186.184
000000000010000992,2000,false,VB,005,58.000,1.000,53.771,9.937,15.417,92.500,69.459
000000000010000993,3000,false,PD,007,74.000,0.000,0.000,0.000,1.000,1.000,0.000
000000000010000994,1000,false,VB,006,56.000,3.000,1.551,0.891,1.000,3.000,4.062
000000000010000995,1000,false,PD,006,71.000,1.000,1.636,0.890,1.000,3.500,5.895
000000000010000996,3000,false,VB,005,36.000,1.000,22.636,4.149,15.667,94.000,69.377
000000000010000997,4000,false,PD,006,96.000,1.000,58.927,8.365,14.375,86.250,144.956
000000000010000998,4000,false,VB,003,103.000,0.000,27.644,16.077,2.583,15.500,27.644
000000000010000999,2000,false,PD,005,125.000,3.000,16.006,9.220,1.292,7.750,16.006
000000000010001000,2000,false,PD,002,42.000,2.000,2.979,1.621,1.167,7.000,8.943
000000000010001001,4000,false,VB,002,8.000,2.000,22.290,7.877,38.292,229.750,204.621
000000000030000252,4000,false,PD,004,44.000,2.000,0.000,0.000,1.000,4.500,0.000
000000000030000253,3000,false,PD,005,15.000,1.000,0.000,0.000,1.042,6.250,0.000
000000000030000253,2000,false,PD,001,15.000,3.000,0.000,0.000,1.042,6.250,0.000
000000000010001002,4000,false,VB,010,211.000,2.000,4.041,1.497,1.000,2.500,5.663
000000000030000254,3000,false,PD,009,39.000,1.000,0.000,0.000,1.750,10.500,0.000
000000000010001003,3000,false,VB,010,31.000,3.000,34.704,13.499,12.000,72.000,70.271
000000000010001004,2000,false,VB,009,59.000,3.000,52.479,8.656,14.875,89.250,114.778
000000000010001005,4000,false,PD,007,224.000,1.000,16.821,7.683,1.000,5.500,23.127
000000000010001005,1000,false,PD,010,224.000,3.000,3.450,1.364,1.000,3.500,8.851
000000000080000241,1000,false,PD,010,31.000,2.000,1.953,1.225,1.000,4.250,6.200
000000000080000241,4000,false,PD,005,31.000,2.000,2.295,1.395,1.000,4.000,3.620
000000000010001006,4000,false,PD,008,57.000,1.000,4.140,2.072,1.458,8.750,10.065
000000000010001006,1000,false,PD,006,57.000,2.000,3.340,1.967,1.000,4.250,7.556
000000000010001007,3000,false,VB,010,72.000,1.000,2.406,1.812,1.000,1.000,2.406
000000000010001007,4000,false,VB,009,72.000,3.000,3.107,2.183,1.000,1.500,3.475
000000000080000242,3000,false,PD,010,19.000,2.000,1.916,1.354,1.000,5.000,6.697
000000000080000242,2000,false,VB,009,19.000,3.000,5.758,4.388,1.917,11.500,15.107
000000000030000255,4000,false,PD,002,30.000,0.000,0.000,0.000,2.042,12.250,0.000
000000000010001008,3000,false,VB,005,53.000,2.000,3.534,2.286,1.000,4.750,7.009
000000000030000256,3000,false,PD,007,48.000,0.000,0.000,0.000,1.625,9.750,0.000
000000000080000243,1000,false,VB,005,49.000,0.000,3.423,1.872,1.667,10.000,11.919
000000000010001009,2000,false,PD,010,35.000,3.000,1.344,0.912,1.000,3.000,5.362
000000000080000244,3000,false,VB,006,27.000,3.000,1.302,0.848,1.000,2.750,2.306
000000000080000245,3000,false,PD,002,28.000,1.000,2.410,1.658,1.792,10.750,17.877
000000000010001010,2000,false,VB,001,60.000,3.000,117.518,29.046,28.833,173.000,159.900
000000000010001011,3000,false,VB,001,164.000,1.000,8.981,3.890,1.000,3.500,10.802
000000000010001012,2000,false,VB,009,215.000,1.000,3.875,1.710,1.000,3.000,13.000
000000000010001013,1000,false,VB,002,192.000,0.000,11.208,4.757,1.000,4.000,11.208
000000000010001013,2000,false,PD,008,192.000,3.000,5.956,1.822,1.000,3.500,10.707
000000000080000246,3000,false,PD,008,29.000,1.000,1.655,0.946,1.667,10.000,6.525
000000000010001014,2000,false,VB,006,81.000,0.000,7.841,5.056,1.000,5.250,8.439
000000000080000247,2000,false,VB,003,45.000,3.000,5.883,4.210,1.000,4.750,6.348
000000000080000247,3000,false,PD,004,45.000,2.000,2.236,1.543,1.000,5.250,11.141
000000000080000248,2000,false,VB,008,33.000,3.000,3.485,2.887,1.000,2.000,4.233
000000000080000249,4000,false,VB,003,34.000,3.000,1.464,0.706,1.250,7.500,5.547
000000000010001015,3000,false,PD,006,30.000,1.000,0.979,0.689,1.000,1.000,1.287
000000000010001016,2000,false,PD,005,27.000,2.000,1.884,1.109,1.292,7.750,10.281
000000000030000257,2000,false,PD,002,47.000,2.000,0.000,0.000,1.000,4.000,0.000
000000000080000250,3000,false,VB,008,54.000,2.000,6.222,3.151,1.375,8.250,13.115
000000000030000258,3000,false,PD,002,113.000,1.000,0.000,0.000,1.792,10.750,0.000
000000000010001017,3000,false,VB,006,35.000,1.000,2.909,1.726,1.000,4.000,5.068
000000000010001017,2000,false,VB,010,35.000,3.000,6.115,3.401,1.542,9.250,12.318
000000000080000251,2000,false,VB,001,14.000,3.000,0.756,0.598,1.000,3.000,2.769
000000000010001018,1000,false,PD,004,94.000,2.000,0.000,0.000,1.000,1.000,0.000
000000000030000259,2000,false,PD,010,49.000,2.000,0.000,0.000,2.250,13.500,0.000
000000000080000252,2000,false,PD,010,14.000,3.000,1.084,0.811,1.000,4.000,3.577
000000000010001019,2000,false,VB,003,85.000,2.000,0.000,0.000,1.000,1.000,0.000
000000000010001020,3000,false,PD,006,42.000,3.000,0.000,0.000,1.000,1.000,0.000
000000000010001020,1000,false,PD,007,42.000,3.000,0.000,0.000,1.000,1.000,0.000
000000000010001021,3000,false,VB,006,54.000,0.000,47.172,12.287,30.583,183.500,220.820
000000000010001022,4000,false,VB,006,36.000,0.000,0.798,0.641,1.000,1.000,1.803
000000000010001023,3000,false,VB,005,148.000,2.000,2.195,1.091,1.000,2.750,6.161
000000000080000253,3000,false,PD,001,94.000,3.000,1.948,1.294,1.000,2.000,4.843
000000000010001024,4000,false,VB,008,117.000,3.000,62.612,14.933,18.000,108.000,108.248
000000000030000260,4000,false,PD,010,0.000,0.000,0.000,0.000,1.375,8.250,0.000
000000000030000260,3000,false,PD,004,26.000,1.000,0.000,0.000,1.583,9.500,0.000
000000000010001025,1000,false,VB,007,136.000,0.000,2.986,1.026,1.000,3.500,7.962
000000000010001026,4000,false,VB,005,42.000,2.000,6.766,4.259,1.292,7.750,10.888
000000000010001027,3000,false,PD,003,58.000,0.000,71.494,13.866,27.083,162.500,126.445
000000000010001028,1000,false,VB,008,139.000,3.000,2.626,1.301,1.000,3.000,10.789
000000000030000261,4000,false,PD,008,54.000,2.000,0.000,0.000,1.208,7.250,0.000
000000000010001029,3000,false,VB,010,147.000,2.000,4.422,1.829,1.250,7.500,12.593
000000000010001030,4000,false,PD,006,117.000,3.000,7.099,4.518,1.000,3.500,7.099
000000000010001030,2000,false,PD,006,117.000,0.000,13.630,7.396,2.292,13.750,34.887
000000000030000262,1000,false,PD,003,146.000,0.000,0.000,0.000,1.417,8.500,0.000
000000000030000262,3000,false,PD,008,146.000,1.000,0.000,0.000,1.000,4.750,0.000
000000000080000254,1000,false,VB,008,27.000,2.000,5.787,3.951,1.250,7.500,6.434
000000000010001031,4000,false,VB,003,33.000,3.000,1.520,1.027,1.000,2.250,4.044
000000000080000255,2000,false,VB,008,72.000,1.000,4.230,3.059,1.000,3.000,8.695
000000000080000256,3000,false,VB,005,37.000,0.000,3.797,2.793,1.000,3.000,4.146
000000000080000256,4000,false,VB,003,37.000,0.000,1.883,1.103,1.000,5.750,7.511
000000000010001032,4000,false,VB,004,41.000,2.000,40.478,6.472,14.625,87.750,77.070
000000000010001033,4000,false,VB,004,25.000,2.000,0.000,0.000,1.000,1.000,0.000
000000000080000257,2000,false,PD,004,130.000,3.000,8.768,4.814,1.000,4.000,10.462
000000000010001034,3000,false,VB,009,100.000,2.000,8.382,4.914,1.708,10.250,13.887
000000000010001035,4000,false,VB,006,11.000,1.000,9.856,2.423,14.792,88.750,60.770
000000000010001036,4000,false,PD,003,34.000,3.000,0.000,0.000,1.000,1.000,0.000
000000000030000263,4000,false,PD,004,72.000,1.000,0.000,0.000,1.333,8.000,0.000
000000000010001037,2000,false,VB,001,31.000,3.000,1.732,1.032,1.000,2.750,2.616
000000000010001038,2000,false,VB,004,113.000,3.000,22.725,9.904,2.000,12.000,22.725
000000000010001039,1000,false,VB,009,237.000,1.000,11.180,2.786,2.000,12.000,34.808
000000000010001040,1000,false,PD,008,53.000,0.000,1.425,0.915,1.000,1.000,2.082
000000000010001041,4000,false,VB,004,102.000,0.000,27.600,12.615,2.708,16.250,31.150
000000000010001042,2000,false,VB,001,78.000,2.000,5.258,3.701,1.167,7.000,13.521
000000000080000258,1000,false,VB,002,36.000,2.000,7.887,5.411,1.667,10.000,10.948
000000000010001043,3000,false,VB,005,79.000,0.000,2.804,1.567,1.000,1.750,2.804
000000000010001044,1000,false,PD,001,48.000,0.000,20.680,5.813,23.292,139.750,87.829
000000000010001044,3000,false,VB,007,48.000,0.000,152.663,36.924,40.792,244.750,250.876
000000000010001045,3000,false,PD,002,31.000,3.000,5.007,3.547,1.125,6.750,9.222
000000000010001046,3000,false,VB,010,37.000,1.000,2.483,1.748,1.000,3.500,3.196
000000000010001047,1000,false,PD,010,235.000,2.000,6.202,2.626,1.000,1.750,6.202
000000000010001048,2000,false,VB,007,19.000,0.000,0.000,0.000,1.000,1.000,0.000
000000000010001049,4000,false,VB,001,12.000,0.000,4.930,1.751,19.375,116.250,98.680
000000000010001050,4000,false,VB,003,0.000,1.000,7.254,4.545,1.417,8.500,23.382
000000000010001051,3000,false,VB,007,20.000,2.000,2.567,1.964,1.333,8.000,9.827
000000000010001051,4000,false,VB,001,20.000,0.000,2.882,2.198,1.083,6.500,6.374
000000000030000264,1000,false,PD,010,7.000,1.000,0.000,0.000,1.000,4.000,0.000
000000000030000265,3000,false,PD,006,100.000,2.000,0.000,0.000,1.000,4.250,0.000
000000000030000265,2000,false,PD,006,100.000,2.000,0.000,0.000,2.583,15.500,0.000
000000000080000259,1000,false,VB,006,31.000,1.000,5.155,3.613,1.083,6.500,6.581
000000000010001052,1000,false,VB,006,47.000,1.000,94.731,26.418,32.083,192.500,207.381
000000000080000260,2000,false,VB,008,129.000,1.000,6.444,3.997,1.000,4.250,14.755
000000000080000260,4000,false,VB,005,129.000,3.000,6.712,4.008,1.417,8.500,22.225
000000000010001053,4000,false,VB,004,21.000,3.000,3.553,2.044,1.625,9.750,8.957
000000000080000261,3000,false,VB,002,92.000,3.000,5.388,3.245,1.000,4.250,11.944
000000000030000266,3000,false,PD,001,135.000,2.000,0.000,0.000,1.167,7.000,0.000
000000000010001054,4000,false,VB,008,130.000,0.000,29.156,6.474,10.417,62.500,96.397
000000000010001055,4000,false,PD,007,83.000,1.000,2.452,1.384,1.000,3.000,6.654
000000000010001056,4000,false,VB,002,88.000,2.000,9.189,5.737,1.000,4.500,13.638
000000000010001056,2000,false,PD,009,88.000,0.000,22.454,13.716,1.958,11.750,25.733
000000000010001057,4000,false,VB,007,72.000,2.000,26.223,5.806,10.750,64.500,58.178
000000000010001057,3000,false,VB,002,72.000,2.000,20.956,6.703,10.917,65.500,88.667
000000000030000267,1000,false,PD,003,17.000,0.000,0.000,0.000,1.167,7.000,0.000
000000000010001058,1000,false,PD,003,200.000,2.000,7.993,2.854,1.000,2.750,7.993
000000000010001058,3000,false,VB,009,200.000,2.000,5.282,1.886,1.000,5.500,14.416
000000000010001059,2000,false,VB,005,129.000,0.000,7.057,4.492,1.042,6.250,22.689
000000000010001059,3000,false,VB,007,129.000,1.000,17.015,10.441,1.458,8.750,17.015
000000000080000262,4000,false,VB,006,17.000,1.000,0.707,0.483,1.000,3.000,2.889
000000000080000262,2000,false,VB,008,17.000,3.000,2.095,1.485,1.000,5.000,4.542
000000000010001060,3000,false,VB,006,59.000,0.000,0.000,0.000,1.000,1.000,0.000
000000000010001060,2000,false,VB,001,59.000,1.000,0.000,0.000,1.000,1.000,0.000
000000000010001061,4000,false,PD,005,60.000,0.000,8.221,5.191,1.958,11.750,20.127
000000000090000053,3000,false,ND,002,42.000,1.000,0.000,0.000,1.000,1.000,1.000
000000000090000053,1000,false,ND,003,42.000,2.000,0.000,0.000,1.000,1.000,1.000
000000000010001062,1000,false,VB,010,181.000,3.000,11.297,5.224,1.000,6.000,11.297
000000000010001063,2000,false,PD,007,77.000,1.000,2.124,1.134,1.000,3.500,4.808
000000000010001063,3000,false,VB,009,77.000,3.000,10.900,4.777,2.417,14.500,19.871
000000000030000268,1000,false,PD,002,109.000,2.000,0.000,0.000,1.458,8.750,0.000
000000000010001064,1000,false,VB,004,63.000,1.000,62.220,11.608,26.500,159.000,141.317
000000000010001065,3000,false,PD,001,107.000,1.000,12.253,8.964,1.000,3.750,12.644
000000000010001065,1000,false,VB,007,107.000,3.000,8.899,5.667,1.542,9.250,27.045
000000000010001066,4000,false,PD,007,167.000,2.000,3.818,1.225,1.000,3.500,9.837
000000000010001067,1000,false,VB,007,35.000,3.000,2.087,1.289,1.000,3.500,5.621
000000000010001067,4000,false,PD,003,0.000,1.000,2.739,1.643,1.000,3.750,5.112
000000000010001068,1000,false,VB,008,48.000,0.000,81.970,17.655,34.125,204.750,298.827
000000000010001069,1000,false,VB,008,96.000,0.000,14.393,9.081,1.333,8.000,14.845
000000000010001069,2000,false,VB,004,96.000,3.000,11.369,7.824,1.000,5.750,14.848
000000000090000054,4000,false,ND,008,7.000,1.000,0.000,0.000,1.000,1.000,1.000
000000000010001070,3000,false,VB,001,146.000,1.000,7.312,3.615,1.000,5.750,8.673
000000000030000269,2000,false,PD,003,35.000,2.000,0.000,0.000,1.708,10.250,0.000
000000000010001071,3000,false,VB,001,35.000,3.000,78.133,13.368,37.833,227.000,172.777
000000000010001072,4000,false,VB,002,149.000,1.000,13.590,6.116,1.083,6.500,20.836
000000000010001073,4000,false,PD,002,0.000,1.000,5.211,2.145,1.000,2.750,5.211
000000000010001073,3000,false,PD,004,126.000,0.000,10.109,3.959,1.000,6.000,15.802
000000000030000270,4000,false,PD,003,87.000,2.000,0.000,0.000,1.417,8.500,0.000
000000000010001074,3000,false,VB,002,63.000,3.000,2.507,1.835,1.000,2.000,3.439
000000000010001075,2000,false,VB,006,126.000,1.000,4.062,2.713,1.000,1.250,4.062
000000000010001076,1000,false,VB,001,31.000,2.000,17.635,3.545,12.375,74.250,38.842
000000000080000263,4000,false,PD,005,14.000,1.000,2.493,1.789,1.542,9.250,12.598
000000000010001077,1000,false,PD,007,0.000,2.000,62.269,15.712,37.250,223.500,253.009
000000000010001078,4000,false,VB,003,196.000,0.000,4.789,2.368,1.000,5.000,15.680
000000000010001078,3000,false,PD,001,196.000,1.000,4.282,2.027,1.000,2.750,11.976
000000000080000264,2000,false,VB,005,44.000,3.000,11.048,7.682,1.375,8.250,11.104
000000000010001079,4000,false,PD,003,7.000,2.000,3.508,1.084,18.792,112.750,106.330
000000000030000271,4000,false,PD,007,35.000,3.000,0.000,0.000,1.250,7.500,0.000
000000000010001080,1000,false,PD,006,113.000,1.000,11.192,6.309,1.500,9.000,29.836
000000000010001081,3000,false,VB,008,55.000,2.000,0.000,0.000,1.000,1.000,0.000
000000000010001082,1000,false,VB,008,50.000,2.000,0.000,0.000,1.000,1.000,0.000
000000000010001082,2000,false,PD,002,50.000,3.000,0.000,0.000,1.000,1.000,0.000
000000000010001083,2000,false,VB,008,54.000,3.000,7.227,4.836,1.042,6.250,8.202
000000000030000272,2000,false,PD,003,102.000,3.000,0.000,0.000,1.083,6.500,0.000
000000000090000055,4000,false,ND,008,40.000,2.000,0.000,0.000,1.000,1.000,1.000
000000000090000055,2000,false,ND,009,40.000,3.000,0.000,0.000,1.000,1.000,1.000
000000000010001084,2000,false,VB,002,27.000,0.000,3.187,1.886,1.500,9.000,12.095
000000000010001084,3000,false,VB,005,27.000,3.000,2.621,1.347,1.000,5.500,4.339
000000000010001085,4000,false,VB,009,115.000,1.000,5.954,3.591,1.000,3.250,11.710
000000000010001086,4000,false,PD,004,21.000,2.000,4.326,3.197,1.583,9.500,6.870
000000000010001087,3000,false,VB,003,113.000,1.000,5.744,2.935,1.250,7.500,9.808
000000000090000056,3000,false,ND,001,31.000,1.000,0.000,0.000,1.000,1.000,1.000
000000000090000056,4000,false,ND,004,31.000,0.000,0.000,0.000,1.000,1.000,1.000
000000000010001088,3000,false,PD,003,40.000,1.000,0.000,0.000,1.000,1.000,0.000
000000000010001089,4000,false,VB,007,30.000,3.000,1.982,1.184,1.000,3.500,5.492
000000000010001089,2000,false,PD,008,30.000,0.000,1.195,0.753,1.000,3.250,3.035
000000000010001090,3000,false,VB,007,128.000,2.000,6.394,3.027,1.000,3.250,6.394
000000000010001091,2000,false,PD,007,118.000,3.000,7.489,4.179,1.125,6.750,18.101
000000000010001092,3000,false,VB,008,22.000,0.000,0.000,0.000,1.000,1.000,0.000
000000000010001092,2000,false,VB,001,22.000,2.000,0.000,0.000,1.000,1.000,0.000
000000000010001093,2000,false,VB,007,27.000,3.000,5.499,3.419,1.333,8.000,5.499
000000000030000273,2000,false,PD,006,71.000,1.000,0.000,0.000,1.125,6.750,0.000
000000000010001094,4000,false,VB,010,41.000,0.000,85.859,17.787,29.292,175.750,122.830
000000000010001095,4000,false,PD,003,36.000,3.000,0.000,0.000,1.000,1.000,0.000
000000000010001096,4000,false,VB,010,36.000,3.000,1.016,0.607,1.000,3.000,4.213
000000000010001096,2000,false,PD,005,36.000,0.000,3.288,1.707,2.625,15.750,18.580
000000000010001097,4000,false,VB,010,11.000,1.000,0.438,0.377,1.000,1.000,1.642
000000000030000274,2000,false,PD,007,138.000,3.000,0.000,0.000,1.000,5.750,0.000
000000000010001098,4000,false,VB,002,95.000,1.000,12.622,8.347,1.458,8.750,24.305
000000000080000265,1000,false,VB,004,53.000,3.000,5.527,3.416,1.417,8.500,17.164
000000000080000265,2000,false,VB,007,53.000,1.000,4.022,2.746,1.000,5.750,13.488
000000000010001099,2000,false,VB,010,10.000,3.000,0.000,0.000,1.000,1.000,0.000
000000000010001099,4000,false,VB,003,10.000,1.000,0.000,0.000,1.000,1.000,0.000
000000000010001100,2000,false,PD,007,231.000,3.000,6.645,2.392,1.000,2.500,6.645
000000000010001100,4000,false,VB,008,0.000,2.000,6.226,1.566,1.000,4.000,10.823
000000000010001101,1000,false,PD,007,236.000,2.000,5.118,2.044,1.000,2.000,6.316
000000000010001101,4000,false,VB,004,0.000,3.000,5.661,2.139,1.125,6.750,15.429
000000000080000266,2000,false,PD,003,46.000,3.000,5.980,3.666,1.083,6.500,11.076
000000000010001102,1000,false,VB,010,21.000,1.000,0.000,0.000,1.000,1.000,0.000
000000000030000275,1000,false,PD,004,21.000,2.000,0.000,0.000,1.000,4.500,0.000
000000000090000057,2000,false,ND,009,47.000,3.000,0.000,0.000,1.000,1.000,1.000
000000000090000057,1000,false,ND,007,47.000,1.000,0.000,0.000,1.000,1.000,1.000
000000000010001103,4000,false,PD,007,10.000,3.000,9.468,2.963,37.958,227.750,168.812
000000000010001104,1000,false,VB,007,80.000,1.000,5.690,3.034,1.333,8.000,17.319
000000000030000276,4000,false,PD,007,10.000,2.000,0.000,0.000,1.708,10.250,0.000
000000000030000276,3000,false,PD,006,0.000,2.000,0.000,0.000,1.333,8.000,0.000
000000000010001105,4000,false,VB,009,114.000,1.000,88.345,15.778,13.750,82.500,171.232
000000000010001105,2000,false,PD,001,114.000,3.000,43.690,9.294,10.708,64.250,122.650
000000000010001106,1000,false,PD,007,133.000,1.000,5.637,3.289,1.000,2.000,5.928
000000000010001107,3000,false,VB,004,88.000,0.000,74.251,12.328,15.292,91.750,91.050
000000000090000058,4000,false,ND,002,9.000,2.000,0.000,0.000,1.000,1.000,1.000
000000000010001108,3000,false,PD,006,32.000,3.000,4.467,2.283,1.250,7.500,8.528
000000000090000059,2000,false,ND,006,16.000,3.000,0.000,0.000,1.000,1.000,1.000
000000000080000267,4000,false,PD,004,57.000,1.000,11.082,6.478,1.750,10.500,11.783
000000000030000277,4000,false,PD,006,8.000,1.000,0.000,0.000,1.000,5.750,0.000
000000000010001109,2000,false,PD,001,10.000,3.000,1.617,1.100,2.042,12.250,7.086
000000000030000278,1000,false,PD,004,50.000,0.000,0.000,0.000,2.208,13.250,0.000
000000000010001110,4000,false,PD,007,49.000,3.000,40.396,12.345,32.375,194.250,162.542
000000000080000268,3000,false,VB,003,51.000,0.000,1.681,1.229,1.000,1.750,4.651
000000000030000279,1000,false,PD,004,128.000,0.000,0.000,0.000,1.583,9.500,0.000
000000000010001111,1000,false,PD,010,111.000,1.000,4.621,2.005,1.000,4.000,8.178
000000000080000269,1000,false,VB,005,10.000,0.000,0.657,0.510,1.000,4.250,3.812
000000000080000269,4000,false,VB,004,10.000,0.000,0.912,0.708,1.000,5.750,4.518
000000000010001112,3000,false,VB,008,37.000,3.000,2.318,1.845,1.000,3.750,9.834
000000000030000280,3000,false,PD,006,44.000,0.000,0.000,0.000,1.875,11.250,0.000
000000000010001113,2000,false,VB,004,101.000,0.000,221.580,33.848,36.875,221.250,221.580
000000000010001113,3000,false,VB,004,101.000,0.000,108.406,14.777,35.708,214.250,217.802
000000000030000281,2000,false,PD,004,147.000,3.000,0.000,0.000,1.000,5.750,0.000
000000000030000281,4000,false,PD,008,147.000,3.000,0.000,0.000,1.000,5.750,0.000
000000000080000270,3000,false,VB,002,47.000,1.000,7.633,3.767,2.042,12.250,14.532
000000000010001114,2000,false,VB,002,43.000,2.000,21.226,6.398,7.875,47.250,31.424
000000000080000271,4000,false,PD,003,29.000,0.000,1.578,1.196,1.000,4.500,4.877
000000000010001115,3000,false,PD,010,145.000,3.000,20.059,11.108,2.000,12.000,40.547
000000000010001116,1000,false,VB,002,0.000,2.000,32.293,6.663,26.583,159.500,98.126
000000000010001116,4000,false,VB,002,27.000,1.000,20.743,5.686,37.042,222.250,156.971
000000000030000282,1000,false,PD,007,133.000,0.000,0.000,0.000,1.500,9.000,0.000
000000000030000282,3000,false,PD,010,133.000,2.000,0.000,0.000,1.250,7.500,0.000
000000000090000060,1000,false,ND,006,7.000,0.000,0.000,0.000,1.000,1.000,1.000
000000000090000060,3000,false,ND,010,7.000,2.000,0.000,0.000,1.000,1.000,1.000
000000000010001117,2000,false,VB,005,22.000,3.000,0.977,0.667,1.000,3.000,2.250
000000000010001117,4000,false,PD,003,22.000,2.000,0.875,0.705,1.000,1.000,0.907
000000000010001118,1000,false,VB,007,11.000,1.000,0.485,0.365,1.000,1.500,1.891
000000000030000283,3000,false,PD,007,56.000,3.000,0.000,0.000,1.000,3.750,0.000
000000000010001119,1000,false,PD,003,47.000,3.000,2.149,1.488,1.000,1.500,2.693
000000000010001119,2000,false,PD,007,47.000,3.000,1.130,0.741,1.000,1.000,1.617
000000000080000272,4000,false,VB,002,12.000,1.000,2.303,1.404,1.667,10.000,7.416
000000000010001120,3000,false,VB,009,97.000,2.000,23.040,14.183,1.875,11.250,23.040
000000000010001121,3000,false,PD,006,38.000,3.000,68.200,20.248,30.542,183.250,167.643
000000000010001121,2000,false,VB,010,38.000,2.000,22.484,5.518,22.417,134.500,181.869
000000000080000273,1000,false,VB,001,44.000,3.000,1.930,1.015,1.000,5.750,10.041
000000000010001122,2000,false,PD,003,151.000,1.000,5.980,3.193,1.000,2.500,8.740
000000000010001123,1000,false,VB,004,41.000,1.000,1.842,1.034,1.000,2.750,2.006
000000000030000284,3000,false,PD,010,44.000,3.000,0.000,0.000,1.833,11.000,0.000
000000000010001124,1000,false,VB,007,18.000,1.000,44.482,12.727,36.000,216.000,170.000
000000000010001125,3000,false,VB,003,84.000,3.000,9.822,6.297,1.000,5.000,12.280
000000000010001125,2000,false,PD,005,84.000,3.000,6.200,3.843,1.000,4.500,9.232
000000000010001126,3000,false,VB,004,26.000,3.000,36.779,7.828,40.958,245.750,284.508
000000000080000274,4000,false,PD,009,15.000,0.000,4.343,3.300,2.250,13.500,18.573
000000000090000061,4000,false,ND,006,11.000,1.000,0.000,0.000,1.000,1.000,1.000
000000000010001127,2000,false,VB,007,50.000,1.000,0.000,0.000,1.000,1.000,0.000
000000000010001128,2000,false,PD,008,40.000,3.000,7.464,4.916,1.125,6.750,8.987
000000000010001128,1000,false,VB,004,40.000,0.000,3.523,2.271,1.333,8.000,6.298
000000000010001129,1000,false,VB,008,44.000,2.000,43.685,6.758,32.375,194.250,171.438
000000000010001130,2000,false,VB,002,76.000,1.000,27.327,8.536,12.458,74.750,79.177
000000000010001130,1000,false,PD,004,76.000,0.000,37.137,8.922,26.583,159.500,213.954
000000000030000285,1000,false,PD,010,0.000,0.000,0.000,0.000,1.208,7.250,0.000
000000000080000275,1000,false,VB,001,133.000,1.000,17.207,9.535,1.417,8.500,18.350
000000000010001131,1000,false,VB,010,34.000,1.000,0.000,0.000,1.000,1.000,0.000
000000000010001132,4000,false,PD,007,102.000,1.000,2.311,1.422,1.000,1.000,3.148
000000000010001132,2000,false,VB,001,102.000,1.000,1.093,0.576,1.000,1.750,4.753
000000000030000286,2000,false,PD,005,43.000,3.000,0.000,0.000,1.083,6.500,0.000
000000000010001133,3000,false,PD,008,57.000,1.000,47.460,6.620,13.417,80.500,66.575
000000000010001134,3000,false,VB,004,35.000,2.000,3.015,1.747,1.792,10.750,12.314
000000000010001135,1000,false,VB,010,30.000,0.000,7.270,5.048,1.333,8.000,7.986
000000000010001135,3000,false,PD,001,30.000,0.000,3.963,2.858,1.000,5.750,7.826
000000000080000276,4000,false,PD,008,80.000,1.000,16.205,9.375,2.000,12.000,24.968
000000000080000276,2000,false,VB,004,80.000,0.000,25.915,14.661,2.500,15.000,38.274
000000000010001136,2000,false,PD,003,18.000,3.000,1.650,1.046,1.708,10.250,11.415
000000000010001136,4000,false,VB,006,0.000,2.000,2.272,1.485,1.042,6.250,3.812
000000000010001137,3000,false,VB,008,38.000,3.000,3.781,2.018,1.000,4.750,4.906
000000000010001138,2000,false,PD,005,94.000,1.000,13.372,8.283,1.000,5.750,13.372
000000000010001139,2000,false,VB,010,40.000,1.000,39.105,9.589,33.000,198.000,132.556
000000000010001140,2000,false,VB,005,78.000,1.000,47.702,12.887,11.917,71.500,72.091
000000000010001140,1000,false,VB,006,78.000,0.000,15.655,3.629,11.417,68.500,128.254
000000000010001141,3000,false,VB,004,37.000,2.000,1.336,0.962,1.000,2.250,3.388
000000000010001141,1000,false,PD,006,37.000,0.000,3.366,2.115,1.000,5.250,7.872
000000000010001142,1000,false,VB,004,72.000,2.000,0.000,0.000,1.000,1.000,0.000
000000000010001143,2000,false,PD,009,21.000,2.000,0.000,0.000,1.000,1.000,0.000
000000000080000277,3000,false,PD,006,54.000,3.000,12.215,8.322,1.292,7.750,17.830
000000000010001144,4000,false,PD,008,66.000,2.000,13.837,9.540,1.167,7.000,16.545
000000000010001145,1000,false,VB,004,147.000,2.000,150.504,25.598,16.625,99.750,159.885
000000000030000287,1000,false,PD,010,127.000,2.000,0.000,0.000,1.417,8.500,0.000
000000000010001146,2000,false,VB,005,92.000,0.000,0.000,0.000,1.000,1.000,0.000
000000000090000062,3000,false,ND,001,39.000,2.000,0.000,0.000,1.000,1.000,1.000
000000000010001147,2000,false,VB,002,75.000,0.000,8.340,5.441,1.292,7.750,14.107
000000000010001148,4000,false,VB,010,54.000,2.000,7.017,5.097,1.000,5.000,13.014
000000000080000278,2000,false,VB,005,97.000,0.000,6.858,4.599,1.000,3.000,6.858
000000000080000279,2000,false,VB,003,56.000,1.000,6.484,4.080,1.000,5.500,8.192
000000000010001149,3000,false,VB,007,74.000,0.000,5.831,4.030,1.000,2.750,7.920
000000000010001150,3000,false,VB,009,57.000,3.000,0.000,0.000,1.000,1.000,0.000
000000000010001151,2000,false,PD,003,39.000,0.000,1.247,0.900,1.000,1.000,2.014
000000000010001152,4000,false,VB,001,16.000,2.000,11.358,3.941,22.042,132.250,79.620
000000000010001153,2000,false,VB,005,86.000,0.000,6.415,3.482,1.000,5.250,10.804
000000000010001154,3000,false,VB,003,18.000,2.000,3.387,2.616,1.083,6.500,8.575
000000000010001155,3000,false,VB,010,72.000,2.000,100.004,20.818,23.542,141.250,141.904
000000000010001156,4000,false,VB,003,23.000,2.000,2.335,1.431,2.292,13.750,8.428
000000000010001156,1000,false,VB,009,23.000,0.000,1.661,0.933,1.500,9.000,7.943
000000000010001157,4000,false,VB,004,41.000,0.000,41.756,8.225,32.500,195.000,182.986
000000000080000280,2000,false,PD,006,47.000,3.000,3.589,2.375,1.000,3.750,5.862
000000000010001158,2000,false,VB,005,130.000,0.000,3.852,2.129,1.000,2.500,6.345
000000000010001159,2000,false,VB,008,54.000,2.000,0.000,0.000,1.000,1.000,0.000
000000000010001160,3000,false,PD,007,53.000,3.000,12.194,1.667,11.250,67.500,97.802
000000000080000281,2000,false,VB,008,39.000,2.000,7.446,4.872,1.583,9.500,10.025
000000000080000282,3000,false,VB,007,105.000,1.000,4.809,3.365,1.000,2.000,4.849
000000000090000063,2000,false,ND,004,54.000,1.000,0.000,0.000,1.000,1.000,1.000
000000000010001161,4000,false,PD,008,175.000,1.000,4.669,1.649,1.000,3.000,6.364
000000000010001161,3000,false,VB,004,175.000,0.000,17.342,5.155,1.250,7.500,18.920
000000000010001162,2000,false,VB,001,96.000,0.000,67.520,13.296,28.750,172.500,244.826
000000000010001163,4000,false,VB,008,35.000,2.000,0.877,0.634,1.000,1.000,1.017
000000000010001164,2000,false,VB,006,35.000,2.000,0.000,0.000,1.000,1.000,0.000
000000000010001165,2000,false,VB,002,94.000,0.000,3.942,2.547,1.083,6.500,19.285
000000000090000064,2000,false,ND,001,55.000,3.000,0.000,0.000,1.000,1.000,1.000
000000000090000064,1000,false,ND,004,55.000,3.000,0.000,0.000,1.000,1.000,1.000
000000000010001166,4000,false,PD,007,49.000,3.000,0.000,0.000,1.000,1.000,0.000
000000000010001167,1000,false,VB,007,17.000,0.000,14.128,3.169,35.417,212.500,226.315
000000000010001168,2000,false,VB,007,63.000,0.000,0.000,0.000,1.000,1.000,0.000
000000000010001169,2000,false,VB,006,33.000,2.000,0.000,0.000,1.000,1.000,0.000
000000000010001170,1000,false,VB,007,68.000,3.000,0.000,0.000,1.000,1.000,0.000
000000000010001170,3000,false,PD,005,68.000,1.000,0.000,0.000,1.000,1.000,0.000
000000000090000065,4000,false,ND,002,12.000,3.000,0.000,0.000,1.000,1.000,1.000
000000000010001171,4000,false,PD,006,9.000,3.000,4.404,1.286,19.500,117.000,82.632
000000000010001172,1000,false,VB,008,116.000,3.000,10.214,4.465,1.000,5.250,11.193
000000000080000283,4000,false,PD,006,54.000,2.000,7.244,4.991,1.000,5.250,7.414
000000000080000283,2000,false,PD,006,54.000,1.000,7.981,5.324,1.125,6.750,14.302
000000000030000288,1000,false,PD,007,55.000,3.000,0.000,0.000,1.000,5.250,0.000
000000000030000289,1000,false,PD,006,100.000,1.000,0.000,0.000,1.000,5.000,0.000
000000000010001173,1000,false,VB,008,99.000,0.000,182.233,40.896,24.875,149.250,215.892
000000000010001174,2000,false,VB,010,162.000,2.000,11.523,3.300,1.333,8.000,18.665
000000000010001175,3000,false,PD,005,225.000,2.000,2.798,0.910,1.000,3.000,8.722
000000000010001176,3000,false,VB,007,42.000,3.000,30.409,5.729,36.917,221.500,138.752
000000000010001176,4000,false,VB,007,42.000,3.000,94.800,15.081,37.125,222.750,200.908
000000000010001177,4000,false,VB,009,123.000,1.000,16.605,8.826,1.375,8.250,27.685
000000000010001178,4000,false,PD,008,112.000,0.000,3.474,2.466,1.000,2.000,9.309
000000000010001179,3000,false,VB,008,81.000,3.000,6.575,3.496,1.000,4.000,7.865
000000000010001180,1000,false,VB,010,57.000,1.000,0.000,0.000,1.000,1.000,0.000
000000000010001181,1000,false,PD,003,117.000,2.000,6.895,3.508,1.000,4.250,12.183
000000000010001182,3000,false,VB,008,12.000,1.000,1.725,1.011,1.458,8.750,8.899
000000000030000290,2000,false,PD,002,18.000,2.000,0.000,0.000,1.000,6.000,0.000
000000000010001183,1000,false,PD,005,137.000,0.000,0.000,0.000,1.000,1.000,0.000
000000000010001184,4000,false,VB,001,143.000,1.000,0.000,0.000,1.000,1.000,0.000
000000000080000284,1000,false,VB,004,58.000,0.000,3.593,2.269,1.000,3.250,4.418
000000000080000285,2000,false,VB,001,50.000,2.000,2.599,1.687,1.000,5.000,9.642
000000000010001185,3000,false,VB,010,21.000,0.000,0.000,0.000,1.000,1.000,0.000
000000000030000291,4000,false,PD,008,16.000,2.000,0.000,0.000,1.542,9.250,0.000
000000000030000291,2000,false,PD,008,16.000,0.000,0.000,0.000,1.708,10.250,0.000
000000000010001186,4000,false,VB,005,122.000,3.000,14.622,8.990,1.000,5.250,14.622
000000000030000292,3000,false,PD,007,53.000,3.000,0.000,0.000,1.583,9.500,0.000
000000000010001187,1000,false,PD,005,125.000,2.000,71.211,9.034,15.958,95.750,139.970
000000000010001188,4000,false,PD,004,86.000,3.000,228.567,41.492,39.333,236.000,387.164
000000000030000293,4000,false,PD,006,50.000,0.000,0.000,0.000,2.458,14.750,0.000
000000000010001189,3000,false,VB,004,15.000,1.000,20.777,5.315,25.792,154.750,125.921
000000000080000286,1000,false,PD,001,84.000,1.000,5.464,3.387,1.000,4.500,7.724
000000000080000286,3000,false,VB,002,84.000,1.000,8.644,5.604,1.000,5.750,13.553
000000000010001190,2000,false,VB,002,36.000,0.000,0.000,0.000,1.000,1.000,0.000
000000000010001191,2000,false,VB,002,85.000,3.000,0.000,0.000,1.000,1.000,0.000
000000000080000287,2000,false,VB,007,120.000,0.000,19.478,11.562,1.667,10.000,19.478
000000000010001192,4000,false,PD,005,9.000,2.000,7.041,2.935,9.042,54.250,25.737
000000000010001192,1000,false,PD,010,9.000,1.000,9.860,3.829,14.292,85.750,50.002
000000000010001193,3000,false,VB,008,14.000,2.000,0.632,0.461,1.000,1.500,1.299
000000000010001194,4000,false,PD,004,109.000,3.000,2.903,1.756,1.000,4.250,6.750
000000000010001195,1000,false,VB,008,142.000,0.000,337.860,44.724,37.125,222.750,399.250
000000000010001196,3000,false,PD,002,234.000,0.000,9.569,4.729,1.000,2.250,11.889
000000000010001196,4000,false,PD,007,234.000,2.000,26.994,11.628,1.500,9.000,38.200
000000000090000066,4000,false,ND,005,17.000,2.000,0.000,0.000,1.000,1.000,1.000
000000000090000066,2000,false,ND,008,17.000,2.000,0.000,0.000,1.000,1.000,1.000
000000000010001197,1000,false,PD,007,31.000,3.000,12.428,1.978,12.792,76.750,61.608
000000000010001198,1000,false,PD,004,40.000,3.000,21.074,6.039,17.333,104.000,130.783
000000000010001199,2000,false,VB,003,36.000,2.000,1.309,0.789,1.000,1.750,2.560
000000000010001200,3000,false,VB,001,35.000,2.000,26.981,5.385,36.917,221.500,290.441
000000000010001201,3000,false,VB,008,40.000,2.000,2.726,1.884,1.000,3.000,4.126
000000000010001202,2000,false,VB,006,107.000,0.000,74.356,16.201,33.875,203.250,357.711
000000000010001203,3000,false,VB,009,126.000,2.000,2.440,1.448,1.000,2.000,7.900
000000000010001204,1000,false,VB,007,44.000,0.000,23.888,3.769,24.125,144.750,135.839
000000000010001205,4000,false,VB,006,58.000,0.000,0.000,0.000,1.000,1.000,0.000
000000000010001206,3000,false,PD,007,106.000,2.000,5.773,3.670,1.083,6.500,16.250
000000000030000294,1000,false,PD,009,99.000,3.000,0.000,0.000,1.000,3.500,0.000
000000000010001207,1000,false,PD,007,44.000,1.000,1.077,0.763,1.000,1.000,1.688
000000000010001207,4000,false,VB,005,44.000,0.000,0.783,0.555,1.000,1.000,2.225
000000000030000295,4000,false,PD,006,23.000,1.000,0.000,0.000,1.917,11.500,0.000
000000000030000295,1000,false,PD,006,23.000,3.000,0.000,0.000,1.792,10.750,0.000
000000000030000296,2000,false,PD,007,18.000,2.000,0.000,0.000,2.250,13.500,0.000
000000000090000067,2000,false,ND,005,0.000,3.000,0.000,0.000,1.000,1.000,1.000
000000000010001208,3000,false,VB,001,74.000,1.000,8.084,5.465,1.417,8.500,14.549
000000000010001209,1000,false,VB,009,23.000,3.000,51.962,10.778,36.625,219.750,188.832
000000000010001210,2000,false,VB,010,58.000,1.000,6.102,3.064,2.167,13.000,22.950
000000000030000297,1000,false,PD,003,43.000,2.000,0.000,0.000,1.000,5.750,0.000
000000000030000297,3000,false,PD,001,43.000,3.000,0.000,0.000,1.000,4.500,0.000
000000000030000298,3000,false,PD,006,139.000,3.000,0.000,0.000,1.042,6.250,0.000
000000000010001211,4000,false,VB,010,123.000,0.000,9.935,4.441,1.250,7.500,13.897
000000000010001212,1000,false,PD,004,49.000,3.000,66.763,17.148,23.125,138.750,211.234
000000000010001213,3000,false,VB,006,148.000,1.000,170.761,20.703,23.125,138.750,286.960
000000000010001214,3000,false,PD,008,18.000,0.000,0.000,0.000,1.000,1.000,0.000
000000000010001214,2000,false,VB,010,18.000,2.000,0.000,0.000,1.000,1.000,0.000
000000000010001215,3000,false,VB,004,21.000,2.000,12.955,3.185,16.125,96.750,93.938
000000000010001215,2000,false,VB,010,21.000,1.000,12.949,3.757,15.042,90.250,73.729
000000000030000299,1000,false,PD,003,43.000,3.000,0.000,0.000,1.000,3.000,0.000
000000000080000288,2000,false,VB,010,41.000,2.000,7.329,5.098,1.167,7.000,7.539
000000000080000289,1000,false,PD,003,102.000,0.000,10.396,6.074,1.750,10.500,29.150
000000000030000300,3000,false,PD,005,40.000,3.000,0.000,0.000,2.000,12.000,0.000
000000000010001216,4000,false,PD,006,87.000,3.000,10.254,5.963,1.333,8.000,10.703
000000000080000290,1000,false,VB,008,46.000,2.000,10.452,5.262,2.250,13.500,10.452
000000000080000290,2000,false,VB,006,46.000,1.000,4.065,1.995,1.458,8.750,15.425
000000000010001217,2000,false,VB,004,42.000,0.000,0.000,0.000,1.000,1.000,0.000
000000000010001218,3000,false,PD,006,0.000,1.000,10.336,6.085,2.208,13.250,14.276
000000000010001218,2000,false,VB,009,37.000,2.000,2.580,1.575,1.792,10.750,17.143
000000000010001219,3000,false,PD,002,83.000,3.000,9.385,6.157,1.250,7.500,15.979
000000000010001219,1000,false,PD,001,83.000,3.000,5.124,3.193,1.000,3.500,5.124
000000000010001220,1000,false,VB,003,15.000,3.000,1.331,0.934,1.000,5.250,4.777
000000000010001220,2000,false,VB,007,15.000,0.000,1.082,0.728,1.417,8.500,9.294
000000000010001221,1000,false,PD,009,89.000,3.000,20.012,11.900,1.875,11.250,20.012
000000000030000301,1000,false,PD,003,32.000,2.000,0.000,0.000,1.750,10.500,0.000
000000000010001222,3000,false,PD,002,61.000,1.000,2.857,1.687,1.000,3.500,3.672
000000000030000302,3000,false,PD,008,7.000,3.000,0.000,0.000,1.167,7.000,0.000
000000000010001223,1000,false,PD,005,13.000,1.000,1.857,1.281,1.042,6.250,4.083
000000000010001223,3000,false,VB,004,13.000,0.000,3.154,2.044,2.000,12.000,7.330
000000000010001224,2000,false,PD,001,43.000,0.000,4.116,2.278,2.208,13.250,16.673
000000000010001225,2000,false,VB,005,47.000,0.000,89.212,28.940,27.750,166.500,250.832
000000000080000291,4000,false,PD,005,54.000,3.000,4.606,3.243,1.000,2.750,7.318
000000000010001226,4000,false,VB,010,15.000,3.000,14.931,3.864,14.292,85.750,52.512
000000000010001226,3000,false,VB,005,15.000,3.000,15.067,3.703,33.875,203.250,111.796
000000000080000292,1000,false,VB,002,49.000,0.000,3.967,2.823,1.083,6.500,15.629
000000000080000292,3000,false,VB,007,49.000,1.000,7.199,4.536,1.208,7.250,14.366
000000000010001227,3000,false,PD,005,125.000,3.000,51.422,10.095,24.875,149.250,186.631
000000000010001228,4000,false,PD,010,136.000,2.000,6.686,3.633,1.000,4.000,13.920
000000000010001228,2000,false,PD,006,136.000,0.000,5.766,3.116,1.125,6.750,21.691
000000000010001229,2000,false,VB,005,50.000,1.000,10.731,5.061,2.125,12.750,16.306
000000000090000068,3000,false,ND,006,31.000,3.000,0.000,0.000,1.000,1.000,1.000
000000000090000068,1000,false,ND,001,31.000,1.000,0.000,0.000,1.000,1.000,1.000
000000000010001230,3000,false,VB,008,54.000,1.000,2.544,2.053,1.000,1.000,3.299
000000000010001230,4000,false,PD,005,54.000,2.000,0.432,0.371,1.000,1.000,1.725
000000000030000303,3000,false,PD,010,52.000,0.000,0.000,0.000,1.500,9.000,0.000
000000000010001231,1000,false,PD,009,19.000,3.000,1.904,1.498,1.000,3.000,4.701
000000000010001232,3000,false,PD,001,58.000,1.000,31.804,4.533,18.708,112.250,146.228
000000000010001233,3000,false,PD,006,58.000,0.000,0.000,0.000,1.000,1.000,0.000
000000000010001234,1000,false,VB,003,35.000,3.000,4.396,3.047,1.542,9.250,11.032
000000000010001235,4000,false,VB,010,98.000,2.000,9.008,5.304,2.000,12.000,16.834
000000000010001236,1000,false,VB,009,107.000,2.000,23.435,12.558,1.917,11.500,23.435
000000000010001237,3000,false,VB,002,21.000,3.000,0.971,0.692,1.000,2.500,3.596
000000000010001237,1000,false,PD,001,21.000,3.000,0.559,0.399,1.000,1.250,0.982
000000000030000304,4000,false,PD,009,41.000,0.000,0.000,0.000,2.000,12.000,0.000
000000000090000069,4000,false,ND,002,38.000,2.000,0.000,0.000,1.000,1.000,1.000
000000000080000293,3000,false,VB,004,13.000,0.000,0.857,0.660,1.000,3.250,3.538
000000000010001238,2000,false,VB,007,100.000,0.000,15.475,9.412,1.125,6.750,17.184
000000000010001239,2000,false,PD,005,64.000,2.000,15.870,2.793,10.333,62.000,70.379
000000000010001240,1000,false,VB,004,167.000,2.000,13.466,5.361,1.000,5.000,16.870
000000000080000294,1000,false,PD,008,100.000,2.000,6.390,3.618,2.000,12.000,32.430
000000000080000294,3000,false,PD,005,100.000,2.000,5.392,3.232,1.333,8.000,24.629
000000000080000295,1000,false,VB,003,55.000,1.000,3.485,1.631,1.000,4.000,4.107
000000000030000305,2000,false,PD,007,38.000,1.000,0.000,0.000,1.000,4.000,0.000
000000000010001241,3000,false,PD,002,38.000,0.000,27.663,4.455,19.708,118.250,134.117
000000000010001241,1000,false,PD,003,38.000,0.000,41.742,9.001,37.167,223.000,258.248
000000000010001242,2000,false,PD,001,83.000,3.000,0.000,0.000,1.000,1.000,0.000
000000000010001242,4000,false,PD,002,83.000,1.000,0.000,0.000,1.000,1.000,0.000
000000000030000306,2000,false,PD,009,52.000,1.000,0.000,0.000,1.000,5.750,0.000
000000000010001243,3000,false,PD,001,29.000,2.000,23.423,5.205,12.000,72.000,72.128
000000000010001243,2000,false,PD,003,29.000,1.000,9.172,1.591,18.958,113.750,64.301
000000000030000307,2000,false,PD,007,13.000,3.000,0.000,0.000,1.000,4.250,0.000
000000000010001244,2000,false,PD,001,125.000,2.000,9.822,4.124,1.208,7.250,13.870
000000000030000308,3000,false,PD,006,139.000,3.000,0.000,0.000,2.083,12.500,0.000
000000000030000308,2000,false,PD,009,139.000,1.000,0.000,0.000,1.208,7.250,0.000
000000000030000309,2000,false,PD,007,41.000,1.000,0.000,0.000,1.333,8.000,0.000
000000000030000309,4000,false,PD,005,41.000,0.000,0.000,0.000,1.000,5.750,0.000
000000000010001245,1000,false,VB,003,94.000,1.000,23.928,13.295,1.958,11.750,23.928
000000000010001245,3000,false,VB,007,94.000,2.000,3.647,2.480,1.000,2.750,4.233
000000000010001246,4000,false,VB,009,238.000,0.000,10.317,4.004,1.167,7.000,23.986
000000000010001247,2000,false,PD,008,39.000,1.000,3.265,2.475,1.000,2.250,4.218
000000000010001248,1000,false,VB,003,125.000,0.000,5.885,3.240,1.000,2.500,8.923
000000000010001249,3000,false,VB,009,130.000,0.000,17.014,5.934,1.750,10.500,22.368
000000000090000070,1000,false,ND,001,18.000,0.000,0.000,0.000,1.000,1.000,1.000
000000000010001250,1000,false,VB,003,45.000,0.000,3.643,2.194,1.083,6.500,8.755
000000000010001250,2000,false,PD,006,45.000,2.000,11.559,7.599,1.542,9.250,19.516
000000000010001251,4000,false,PD,004,59.000,1.000,4.750,2.815,1.875,11.250,21.409
000000000010001251,1000,false,PD,009,59.000,2.000,7.743,5.811,1.000,4.750,14.060
000000000090000071,4000,false,ND,007,31.000,3.000,0.000,0.000,1.000,1.000,1.000
000000000090000071,2000,false,ND,009,31.000,2.000,0.000,0.000,1.000,1.000,1.000
000000000010001252,1000,false,VB,008,50.000,3.000,24.304,4.371,14.458,86.750,129.138
000000000010001252,4000,false,VB,006,50.000,2.000,57.631,8.447,37.083,222.500,257.438
000000000010001253,3000,false,PD,001,59.000,1.000,34.275,8.035,9.875,59.250,64.660
000000000010001253,2000,false,PD,005,59.000,3.000,52.311,10.586,14.875,89.250,95.790
000000000080000296,1000,false,PD,004,36.000,0.000,1.842,1.015,1.000,4.750,7.864
000000000010001254,1000,false,VB,001,114.000,3.000,73.139,11.909,9.750,58.500,112.476
000000000030000310,4000,false,PD,006,114.000,3.000,0.000,0.000,1.875,11.250,0.000
000000000030000311,1000,false,PD,005,17.000,2.000,0.000,0.000,1.250,7.500,0.000
000000000030000311,2000,false,PD,001,17.000,1.000,0.000,0.000,1.833,11.000,0.000
000000000010001255,2000,false,PD,004,32.000,3.000,6.109,4.127,1.250,7.500,10.005
000000000010001256,4000,false,PD,007,121.000,0.000,4.702,2.509,1.000,2.750,4.702
000000000010001257,4000,false,VB,005,171.000,0.000,6.564,3.806,1.000,3.500,8.752
000000000010001258,2000,false,PD,008,39.000,1.000,9.846,6.405,1.625,9.750,12.017
000000000010001259,4000,false,VB,002,54.000,3.000,0.825,0.559,1.000,1.500,3.718
000000000030000312,1000,false,PD,003,47.000,1.000,0.000,0.000,1.542,9.250,0.000
000000000010001260,3000,false,PD,010,175.000,3.000,5.134,1.814,1.000,3.000,5.134
000000000010001260,4000,false,PD,005,175.000,0.000,6.089,2.268,1.375,8.250,23.163
000000000090000072,4000,false,ND,006,40.000,2.000,0.000,0.000,1.000,1.000,1.000
000000000010001261,2000,false,PD,004,204.000,3.000,2.765,0.878,1.000,3.250,11.475
000000000010001262,2000,false,VB,010,106.000,0.000,19.910,12.732,1.542,9.250,34.787
000000000010001263,2000,false,VB,008,95.000,1.000,0.000,0.000,1.000,1.000,0.000
000000000010001264,3000,false,PD,003,11.000,0.000,3.098,1.930,2.875,17.250,10.693
000000000030000313,4000,false,PD,002,54.000,3.000,0.000,0.000,1.292,7.750,0.000
000000000030000313,3000,false,PD,010,54.000,2.000,0.000,0.000,1.833,11.000,0.000
000000000030000314,4000,false,PD,008,32.000,3.000,0.000,0.000,1.000,4.750,0.000
000000000030000315,2000,false,PD,005,29.000,0.000,0.000,0.000,2.958,17.750,0.000
000000000030000315,4000,false,PD,001,29.000,0.000,0.000,0.000,2.042,12.250,0.000
000000000010001265,3000,false,VB,010,39.000,0.000,8.360,5.305,2.417,14.500,11.592
000000000010001266,4000,false,VB,002,57.000,0.000,0.000,0.000,1.000,1.000,0.000
000000000030000316,1000,false,PD,003,148.000,1.000,0.000,0.000,2.000,12.000,0.000
000000000010001267,1000,false,PD,009,50.000,0.000,0.000,0.000,1.000,1.000,0.000
000000000010001267,3000,false,VB,001,50.000,0.000,0.000,0.000,1.000,1.000,0.000
000000000010001268,1000,false,VB,009,9.000,0.000,0.148,0.117,1.000,1.250,1.492
000000000030000317,3000,false,PD,001,44.000,3.000,0.000,0.000,1.000,5.750,0.000
000000000080000297,2000,false,VB,002,98.000,2.000,8.390,5.307,1.000,6.000,17.466
000000000080000297,4000,false,PD,005,98.000,1.000,13.325,8.060,1.875,11.250,19.448
000000000010001269,2000,false,PD,002,53.000,2.000,1.202,0.772,1.000,2.000,4.369
000000000010001270,2000,false,PD,007,45.000,0.000,1.031,0.681,1.000,1.000,1.207
000000000010001270,1000,false,PD,009,0.000,3.000,0.780,0.515,1.000,1.000,0.904
000000000010001271,1000,false,PD,006,37.000,2.000,18.829,4.533,12.542,75.250,74.394
000000000010001272,1000,false,PD,002,55.000,1.000,5.569,2.331,2.125,12.750,15.627
000000000010001273,2000,false,VB,004,7.000,0.000,1.464,0.963,3.250,19.500,12.247
000000000010001274,3000,false,VB,002,143.000,1.000,16.484,9.385,1.417,8.500,20.794
000000000010001275,2000,false,PD,003,0.000,1.000,0.000,0.000,1.000,1.000,0.000
000000000010001276,4000,false,VB,010,104.000,2.000,13.241,7.465,1.542,9.250,13.241
000000000010001276,2000,false,VB,001,104.000,0.000,5.112,2.634,1.125,6.750,10.648
000000000010001277,3000,false,PD,010,112.000,2.000,0.000,0.000,1.000,1.000,0.000
000000000010001277,1000,false,VB,004,112.000,1.000,0.000,0.000,1.000,1.000,0.000
000000000010001278,1000,false,VB,004,49.000,3.000,20.902,2.905,24.250,145.500,139.487
000000000030000318,1000,false,PD,005,140.000,1.000,0.000,0.000,2.250,13.500,0.000
000000000010001279,2000,false,PD,008,83.000,2.000,1.129,0.870,1.000,1.000,2.007
000000000030000319,4000,false,PD,002,20.000,2.000,0.000,0.000,1.375,8.250,0.000
000000000080000298,2000,false,PD,008,50.000,2.000,2.639,1.659,1.000,3.750,5.481
000000000080000298,3000,false,VB,004,50.000,1.000,6.851,4.528,1.000,5.250,6.851
000000000010001280,1000,false,PD,005,62.000,3.000,0.000,0.000,1.000,1.000,0.000
000000000010001281,1000,false,VB,010,58.000,0.000,1.994,1.172,1.000,2.250,3.719
000000000010001282,4000,false,PD,002,126.000,2.000,6.397,3.678,1.250,7.500,22.536
000000000010001282,3000,false,VB,005,126.000,2.000,6.493,3.949,1.000,3.250,7.454
000000000010001283,4000,false,VB,005,47.000,2.000,0.000,0.000,1.000,1.000,0.000
000000000030000320,4000,false,PD,005,50.000,0.000,0.000,0.000,1.792,10.750,0.000
000000000010001284,1000,false,VB,006,36.000,1.000,0.000,0.000,1.000,1.000,0.000
000000000010001285,1000,false,VB,002,49.000,1.000,3.653,1.881,2.125,12.750,10.443
000000000010001286,2000,false,VB,003,60.000,2.000,5.705,3.157,1.000,4.500,9.782
000000000010001286,1000,false,VB,009,60.000,3.000,2.682,1.405,1.000,5.750,5.646
000000000010001287,2000,false,PD,009,42.000,0.000,1.310,0.835,1.000,1.250,1.325
000000000010001287,4000,false,VB,004,42.000,2.000,1.117,0.681,1.000,1.500,1.907
000000000010001288,1000,false,PD,008,56.000,0.000,3.127,1.886,1.000,2.500,3.913
000000000030000321,4000,false,PD,003,126.000,1.000,0.000,0.000,1.000,1.250,0.000
000000000010001289,3000,false,VB,008,12.000,2.000,2.323,1.896,1.000,4.000,5.177
000000000030000322,2000,false,PD,002,122.000,2.000,0.000,0.000,1.000,2.500,0.000
000000000010001290,4000,false,VB,007,55.000,1.000,0.000,0.000,1.000,1.000,0.000
000000000090000073,3000,false,ND,007,25.000,3.000,0.000,0.000,1.000,1.000,1.000
000000000090000073,1000,false,ND,010,25.000,0.000,0.000,0.000,1.000,1.000,1.000
000000000010001291,4000,false,PD,009,59.000,0.000,8.284,4.551,2.125,12.750,12.169
000000000010001292,3000,false,VB,001,18.000,3.000,9.140,2.383,9.333,56.000,42.692
000000000010001292,2000,false,PD,010,18.000,3.000,28.046,7.217,26.833,161.000,154.461
000000000010001293,3000,false,VB,007,10.000,1.000,22.772,8.333,25.292,151.750,110.634
000000000010001293,1000,false,PD,009,10.000,3.000,15.782,6.321,35.917,215.500,149.176
000000000080000299,3000,false,PD,006,60.000,3.000,12.892,5.601,2.292,13.750,22.818
000000000080000299,1000,false,PD,006,60.000,2.000,8.326,3.057,3.000,18.000,19.370
000000000010001294,4000,false,PD,009,129.000,2.000,8.052,4.894,1.000,5.750,15.028
000000000010001295,1000,false,VB,009,11.000,0.000,0.000,0.000,1.000,1.000,0.000
000000000010001295,3000,false,VB,004,11.000,1.000,0.000,0.000,1.000,1.000,0.000
000000000010001296,1000,false,PD,005,64.000,1.000,23.530,13.189,3.208,19.250,27.970
000000000010001297,4000,false,VB,008,33.000,0.000,3.437,2.345,1.208,7.250,10.203
000000000010001298,1000,false,VB,007,111.000,3.000,7.779,4.980,1.292,7.750,23.321
000000000030000323,4000,false,PD,002,148.000,3.000,0.000,0.000,1.667,10.000,0.000
000000000030000324,2000,false,PD,009,53.000,0.000,0.000,0.000,2.333,14.000,0.000
000000000080000300,2000,false,VB,007,54.000,3.000,3.657,1.803,2.000,12.000,15.987
000000000010001299,2000,false,VB,004,72.000,0.000,10.541,6.367,1.000,6.000,13.840
