Ebeln,Bsart,Aedat,Lifnr,Ekorg,Ekgrp,Waers
4500000000,WK,2024-10-29T00:00:00,0001000005,Z100,Z01,ZAR
4500000001,ZDOM,2025-06-14T00:00:00,0001000005,Z100,Z02,ZAR
4500000002,WK,2026-03-19T00:00:00,0001000005,Z100,Z02,ZAR
4500000003,ZDOM,2024-09-19T00:00:00,0001000005,Z100,Z02,ZAR
4500000004,ZDOM,2024-10-11T00:00:00,0001000005,Z100,Z01,ZAR
4500000005,AN,2025-02-28T00:00:00,0001000005,Z100,Z01,ZAR
4500000006,ZDOM,2025-07-07T00:00:00,0001000005,Z100,Z02,ZAR
4500000007,ZDOM,2025-12-03T00:00:00,0001000005,Z100,Z03,ZAR
4500000008,WK,2026-01-15T00:00:00,0001000005,Z100,Z02,ZAR
4500000009,WK,2026-09-07T00:00:00,0001000005,Z100,Z03,ZAR
4500000010,AN,2024-09-29T00:00:00,0001000007,Z100,Z03,ZAR
4500000011,ZDOM,2025-01-07T00:00:00,0001000007,Z100,Z02,ZAR
4500000012,AN,2025-02-23T00:00:00,0001000007,Z100,Z02,ZAR
4500000013,AN,2025-07-25T00:00:00,0001000007,Z100,Z01,ZAR
4500000014,AN,2025-11-10T00:00:00,0001000007,Z100,Z01,ZAR
4500000015,WK,2025-12-18T00:00:00,0001000007,Z100,Z01,ZAR
4500000016,AN,2026-05-09T00:00:00,0001000007,Z100,Z02,ZAR
4500000017,ZDOM,2026-09-07T00:00:00,0001000007,Z100,Z02,ZAR
4500000018,AN,2024-09-06T00:00:00,0001000008,Z100,Z01,ZAR
4500000019,ZDOM,2025-01-09T00:00:00,0001000008,Z100,Z01,ZAR
4500000020,AN,2025-04-29T00:00:00,0001000008,Z100,Z01,ZAR
4500000021,WK,2025-05-12T00:00:00,0001000008,Z100,Z01,ZAR
4500000022,ZDOM,2025-08-20T00:00:00,0001000008,Z100,Z01,ZAR
4500000023,ZDOM,2025-09-16T00:00:00,0001000008,Z100,Z03,ZAR
4500000024,WK,2026-03-10T00:00:00,0001000008,Z100,Z02,ZAR
4500000025,ZDOM,2026-06-04T00:00:00,0001000008,Z100,Z01,ZAR
4500000026,WK,2025-04-21T00:00:00,0001000048,Z100,Z02,ZAR
4500000027,WK,2025-10-30T00:00:00,0001000048,Z100,Z03,ZAR
4500000028,AN,2025-12-25T00:00:00,0001000048,Z100,Z02,ZAR
4500000029,ZDOM,2026-06-21T00:00:00,0001000048,Z100,Z02,ZAR
4500000030,ZDOM,2024-11-22T00:00:00,0001000049,Z100,Z02,ZAR
4500000031,WK,2024-12-29T00:00:00,0001000049,Z100,Z02,ZAR
4500000032,WK,2025-02-21T00:00:00,0001000049,Z100,Z01,ZAR
4500000033,WK,2025-05-28T00:00:00,0001000049,Z100,Z01,ZAR
4500000034,AN,2025-06-27T00:00:00,0001000049,Z100,Z03,ZAR
4500000035,AN,2025-08-25T00:00:00,0001000049,Z100,Z01,ZAR
4500000036,ZDOM,2026-03-15T00:00:00,0001000049,Z100,Z02,ZAR
4500000037,WK,2026-09-07T00:00:00,0001000049,Z100,Z01,ZAR
4500000038,WK,2024-09-17T00:00:00,0001000045,Z100,Z02,ZAR
4500000039,AN,2025-02-24T00:00:00,0001000045,Z100,Z03,ZAR
4500000040,AN,2025-07-11T00:00:00,0001000045,Z100,Z03,ZAR
4500000041,ZDOM,2025-09-12T00:00:00,0001000045,Z100,Z02,ZAR
4500000042,WK,2025-12-17T00:00:00,0001000045,Z100,Z01,ZAR
4500000043,ZDOM,2026-04-24T00:00:00,0001000045,Z100,Z03,ZAR
4500000044,ZDOM,2026-05-26T00:00:00,0001000045,Z100,Z03,ZAR
4500000045,WK,2026-06-21T00:00:00,0001000045,Z100,Z01,ZAR
4500000046,ZDOM,2024-10-05T00:00:00,0001000049,Z100,Z02,ZAR
4500000047,ZDOM,2025-01-01T00:00:00,0001000049,Z100,Z02,ZAR
4500000048,AN,2025-05-14T00:00:00,0001000049,Z100,Z02,ZAR
4500000049,WK,2025-11-18T00:00:00,0001000049,Z100,Z01,ZAR
4500000050,WK,2026-03-18T00:00:00,0001000049,Z100,Z01,ZAR
4500000051,WK,2024-09-14T00:00:00,0001000049,Z100,Z01,ZAR
4500000052,AN,2024-10-19T00:00:00,0001000049,Z100,Z03,ZAR
4500000053,ZDOM,2024-11-23T00:00:00,0001000049,Z100,Z02,ZAR
4500000054,ZDOM,2024-12-28T00:00:00,0001000049,Z100,Z01,ZAR
4500000055,AN,2025-08-24T00:00:00,0001000049,Z100,Z01,ZAR
4500000056,WK,2025-11-30T00:00:00,0001000049,Z100,Z01,ZAR
4500000057,AN,2024-11-14T00:00:00,0001000025,Z100,Z02,ZAR
4500000058,WK,2025-02-13T00:00:00,0001000025,Z100,Z01,ZAR
4500000059,AN,2025-03-27T00:00:00,0001000025,Z100,Z03,ZAR
4500000060,WK,2025-04-29T00:00:00,0001000025,Z100,Z02,ZAR
4500000061,WK,2025-06-24T00:00:00,0001000025,Z100,Z01,ZAR
4500000062,WK,2025-08-20T00:00:00,0001000025,Z100,Z03,ZAR
4500000063,ZDOM,2026-01-23T00:00:00,0001000025,Z100,Z02,ZAR
4500000064,AN,2024-09-22T00:00:00,0001000025,Z100,Z03,ZAR
4500000065,WK,2025-01-21T00:00:00,0001000025,Z100,Z02,ZAR
4500000066,AN,2025-08-24T00:00:00,0001000025,Z100,Z01,ZAR
4500000067,WK,2026-09-07T00:00:00,0001000025,Z100,Z01,ZAR
4500000068,ZDOM,2024-11-06T00:00:00,0001000028,Z100,Z01,ZAR
4500000069,WK,2025-10-21T00:00:00,0001000028,Z100,Z03,ZAR
4500000070,AN,2025-11-27T00:00:00,0001000028,Z100,Z01,ZAR
4500000071,WK,2025-12-15T00:00:00,0001000028,Z100,Z02,ZAR
4500000072,ZDOM,2026-06-22T00:00:00,0001000028,Z100,Z03,ZAR
4500000073,WK,2026-07-31T00:00:00,0001000028,Z100,Z02,ZAR
4500000074,AN,2024-11-30T00:00:00,0001000028,Z100,Z02,ZAR
4500000075,WK,2025-07-14T00:00:00,0001000028,Z100,Z01,ZAR
4500000076,ZDOM,2025-10-24T00:00:00,0001000028,Z100,Z01,ZAR
4500000077,ZDOM,2025-11-18T00:00:00,0001000028,Z100,Z01,ZAR
4500000078,AN,2026-09-03T00:00:00,0001000028,Z100,Z01,ZAR
4500000079,WK,2024-11-23T00:00:00,0001000031,Z100,Z03,ZAR
4500000080,AN,2025-06-04T00:00:00,0001000031,Z100,Z01,ZAR
4500000081,WK,2025-11-29T00:00:00,0001000031,Z100,Z03,ZAR
4500000082,ZDOM,2026-05-15T00:00:00,0001000031,Z100,Z02,ZAR
4500000083,WK,2026-06-26T00:00:00,0001000031,Z100,Z01,ZAR
4500000084,WK,2024-09-23T00:00:00,0001000031,Z100,Z01,ZAR
4500000085,WK,2024-12-05T00:00:00,0001000031,Z100,Z03,ZAR
4500000086,ZDOM,2025-01-31T00:00:00,0001000031,Z100,Z03,ZAR
4500000087,AN,2025-03-10T00:00:00,0001000031,Z100,Z01,ZAR
4500000088,ZDOM,2025-08-01T00:00:00,0001000031,Z100,Z02,ZAR
4500000089,AN,2025-09-12T00:00:00,0001000031,Z100,Z02,ZAR
4500000090,WK,2025-10-08T00:00:00,0001000031,Z100,Z02,ZAR
4500000091,ZDOM,2025-11-21T00:00:00,0001000031,Z100,Z01,ZAR
4500000092,AN,2026-03-08T00:00:00,0001000031,Z100,Z03,ZAR
4500000093,ZDOM,2026-05-16T00:00:00,0001000031,Z100,Z01,ZAR
4500000094,AN,2026-07-10T00:00:00,0001000031,Z100,Z03,ZAR
4500000095,AN,2024-10-03T00:00:00,0001000035,Z100,Z03,ZAR
4500000096,WK,2024-11-27T00:00:00,0001000035,Z100,Z01,ZAR
4500000097,ZDOM,2025-01-08T00:00:00,0001000035,Z100,Z01,ZAR
4500000098,ZDOM,2025-06-13T00:00:00,0001000035,Z100,Z03,ZAR
4500000099,WK,2025-11-20T00:00:00,0001000035,Z100,Z02,ZAR
4500000100,ZDOM,2026-04-02T00:00:00,0001000035,Z100,Z01,ZAR
4500000101,WK,2026-07-10T00:00:00,0001000035,Z100,Z03,ZAR
4500000102,WK,2024-10-01T00:00:00,0001000013,Z100,Z03,ZAR
4500000103,ZDOM,2026-01-09T00:00:00,0001000013,Z100,Z01,ZAR
4500000104,ZDOM,2024-10-02T00:00:00,0001000013,Z100,Z03,ZAR
4500000105,AN,2025-07-17T00:00:00,0001000013,Z100,Z02,ZAR
4500000106,WK,2026-04-07T00:00:00,0001000013,Z100,Z01,ZAR
4500000107,ZDOM,2024-10-04T00:00:00,0001000031,Z100,Z03,ZAR
4500000108,AN,2024-12-07T00:00:00,0001000031,Z100,Z01,ZAR
4500000109,AN,2024-12-21T00:00:00,0001000031,Z100,Z02,ZAR
4500000110,AN,2025-05-12T00:00:00,0001000031,Z100,Z02,ZAR
4500000111,AN,2025-07-12T00:00:00,0001000031,Z100,Z02,ZAR
4500000112,ZDOM,2025-07-09T00:00:00,0001000031,Z100,Z01,ZAR
4500000113,WK,2025-08-22T00:00:00,0001000031,Z100,Z02,ZAR
4500000114,ZDOM,2026-01-11T00:00:00,0001000031,Z100,Z02,ZAR
4500000115,ZDOM,2026-03-04T00:00:00,0001000031,Z100,Z02,ZAR
4500000116,WK,2026-05-02T00:00:00,0001000031,Z100,Z01,ZAR
4500000117,ZDOM,2026-06-05T00:00:00,0001000031,Z100,Z02,ZAR
4500000118,AN,2026-07-22T00:00:00,0001000031,Z100,Z01,ZAR
4500000119,WK,2026-08-13T00:00:00,0001000031,Z100,Z02,ZAR
4500000120,ZDOM,2024-09-14T00:00:00,0001000048,Z100,Z01,ZAR
4500000121,ZDOM,2025-09-27T00:00:00,0001000048,Z100,Z03,ZAR
4500000122,WK,2024-09-24T00:00:00,0001000045,Z100,Z01,ZAR
4500000123,WK,2025-02-24T00:00:00,0001000045,Z100,Z02,ZAR
4500000124,WK,2025-09-24T00:00:00,0001000045,Z100,Z01,ZAR
4500000125,ZDOM,2026-02-19T00:00:00,0001000045,Z100,Z01,ZAR
4500000126,ZDOM,2024-10-04T00:00:00,0001000008,Z100,Z02,ZAR
4500000127,ZDOM,2025-04-07T00:00:00,0001000008,Z100,Z03,ZAR
4500000128,WK,2025-04-15T00:00:00,0001000008,Z100,Z01,ZAR
4500000129,WK,2025-08-15T00:00:00,0001000008,Z100,Z02,ZAR
4500000130,AN,2026-01-03T00:00:00,0001000008,Z100,Z01,ZAR
4500000131,AN,2026-07-24T00:00:00,0001000008,Z100,Z02,ZAR
4500000132,ZDOM,2024-09-12T00:00:00,0001000028,Z100,Z02,ZAR
4500000133,WK,2025-03-23T00:00:00,0001000028,Z100,Z02,ZAR
4500000134,ZDOM,2025-11-07T00:00:00,0001000028,Z100,Z01,ZAR
4500000135,WK,2025-11-13T00:00:00,0001000028,Z100,Z03,ZAR
4500000136,WK,2026-04-04T00:00:00,0001000028,Z100,Z02,ZAR
4500000137,WK,2026-07-12T00:00:00,0001000028,Z100,Z02,ZAR
4500000138,WK,2024-10-30T00:00:00,0001000049,Z100,Z03,ZAR
4500000139,ZDOM,2025-06-05T00:00:00,0001000049,Z100,Z01,ZAR
4500000140,ZDOM,2025-11-02T00:00:00,0001000049,Z100,Z01,ZAR
4500000141,ZDOM,2025-12-20T00:00:00,0001000049,Z100,Z01,ZAR
4500000142,ZDOM,2026-03-24T00:00:00,0001000049,Z100,Z02,ZAR
4500000143,ZDOM,2026-07-15T00:00:00,0001000049,Z100,Z02,ZAR
4500000144,AN,2024-10-31T00:00:00,0001000041,Z100,Z02,ZAR
4500000145,WK,2025-05-29T00:00:00,0001000041,Z100,Z03,ZAR
4500000146,WK,2025-07-21T00:00:00,0001000041,Z100,Z03,ZAR
4500000147,ZDOM,2025-08-08T00:00:00,0001000041,Z100,Z01,ZAR
4500000148,ZDOM,2024-11-03T00:00:00,0001000035,Z100,Z03,ZAR
4500000149,WK,2025-02-15T00:00:00,0001000035,Z100,Z02,ZAR
4500000150,WK,2025-03-24T00:00:00,0001000035,Z100,Z02,ZAR
4500000151,AN,2025-09-08T00:00:00,0001000035,Z100,Z02,ZAR
4500000152,ZDOM,2026-02-03T00:00:00,0001000035,Z100,Z03,ZAR
4500000153,AN,2026-05-14T00:00:00,0001000035,Z100,Z03,ZAR
4500000154,WK,2024-09-12T00:00:00,0001000028,Z100,Z02,ZAR
4500000155,AN,2024-11-26T00:00:00,0001000028,Z100,Z03,ZAR
4500000156,ZDOM,2025-05-04T00:00:00,0001000028,Z100,Z02,ZAR
4500000157,AN,2025-11-13T00:00:00,0001000028,Z100,Z01,ZAR
4500000158,ZDOM,2025-12-10T00:00:00,0001000028,Z100,Z01,ZAR
4500000159,ZDOM,2026-02-19T00:00:00,0001000028,Z100,Z02,ZAR
4500000160,AN,2026-07-27T00:00:00,0001000028,Z100,Z03,ZAR
4500000161,AN,2026-08-19T00:00:00,0001000028,Z100,Z03,ZAR
4500000162,ZDOM,2024-11-29T00:00:00,0001000028,Z100,Z01,ZAR
4500000163,AN,2025-06-09T00:00:00,0001000028,Z100,Z01,ZAR
4500000164,AN,2025-10-17T00:00:00,0001000028,Z100,Z02,ZAR
4500000165,AN,2026-03-16T00:00:00,0001000028,Z100,Z02,ZAR
4500000166,WK,2026-04-29T00:00:00,0001000028,Z100,Z01,ZAR
4500000167,WK,2024-09-15T00:00:00,0001000026,Z100,Z02,ZAR
4500000168,ZDOM,2025-01-22T00:00:00,0001000026,Z100,Z01,ZAR
4500000169,AN,2025-02-11T00:00:00,0001000026,Z100,Z03,ZAR
4500000170,ZDOM,2025-07-19T00:00:00,0001000026,Z100,Z02,ZAR
4500000171,WK,2025-12-10T00:00:00,0001000026,Z100,Z01,ZAR
4500000172,AN,2026-06-12T00:00:00,0001000026,Z100,Z02,ZAR
4500000173,AN,2026-09-07T00:00:00,0001000026,Z100,Z01,ZAR
4500000174,ZDOM,2024-09-30T00:00:00,0001000008,Z100,Z01,ZAR
4500000175,AN,2024-11-21T00:00:00,0001000008,Z100,Z03,ZAR
4500000176,ZDOM,2025-05-14T00:00:00,0001000008,Z100,Z01,ZAR
4500000177,ZDOM,2025-06-15T00:00:00,0001000008,Z100,Z03,ZAR
4500000178,AN,2025-09-24T00:00:00,0001000008,Z100,Z03,ZAR
4500000179,WK,2026-04-21T00:00:00,0001000008,Z100,Z03,ZAR
4500000180,WK,2026-06-18T00:00:00,0001000008,Z100,Z01,ZAR
4500000181,WK,2026-07-16T00:00:00,0001000008,Z100,Z01,ZAR
4500000182,AN,2024-09-10T00:00:00,0001000036,Z100,Z01,ZAR
4500000183,WK,2025-01-03T00:00:00,0001000036,Z100,Z03,ZAR
4500000184,AN,2026-01-12T00:00:00,0001000036,Z100,Z03,ZAR
4500000185,AN,2026-05-27T00:00:00,0001000036,Z100,Z02,ZAR
4500000186,WK,2025-02-16T00:00:00,0001000036,Z100,Z02,ZAR
4500000187,ZDOM,2025-11-29T00:00:00,0001000036,Z100,Z01,ZAR
4500000188,WK,2024-09-21T00:00:00,0001000006,Z100,Z02,ZAR
4500000189,ZDOM,2026-02-05T00:00:00,0001000006,Z100,Z02,ZAR
4500000190,WK,2024-09-15T00:00:00,0001000042,Z100,Z02,ZAR
4500000191,ZDOM,2025-01-01T00:00:00,0001000042,Z100,Z03,ZAR
4500000192,AN,2025-03-09T00:00:00,0001000042,Z100,Z03,ZAR
4500000193,ZDOM,2025-04-28T00:00:00,0001000042,Z100,Z03,ZAR
4500000194,WK,2025-10-29T00:00:00,0001000042,Z100,Z01,ZAR
4500000195,AN,2026-04-27T00:00:00,0001000042,Z100,Z02,ZAR
4500000196,WK,2026-05-26T00:00:00,0001000042,Z100,Z01,ZAR
4500000197,ZDOM,2026-07-16T00:00:00,0001000042,Z100,Z03,ZAR
4500000198,ZDOM,2024-09-14T00:00:00,0001000032,Z100,Z01,ZAR
4500000199,WK,2024-10-12T00:00:00,0001000032,Z100,Z01,ZAR
4500000200,ZDOM,2025-05-11T00:00:00,0001000032,Z100,Z02,ZAR
4500000201,ZDOM,2025-06-22T00:00:00,0001000032,Z100,Z02,ZAR
4500000202,ZDOM,2026-05-12T00:00:00,0001000032,Z100,Z03,ZAR
4500000203,AN,2024-11-07T00:00:00,0001000011,Z100,Z01,ZAR
4500000204,ZDOM,2025-11-22T00:00:00,0001000011,Z100,Z03,ZAR
4500000205,AN,2025-12-16T00:00:00,0001000011,Z100,Z01,ZAR
4500000206,WK,2026-01-20T00:00:00,0001000011,Z100,Z01,ZAR
4500000207,ZDOM,2024-09-25T00:00:00,0001000045,Z100,Z02,ZAR
4500000208,AN,2024-11-16T00:00:00,0001000045,Z100,Z03,ZAR
4500000209,ZDOM,2025-02-12T00:00:00,0001000045,Z100,Z01,ZAR
4500000210,ZDOM,2025-05-05T00:00:00,0001000045,Z100,Z01,ZAR
4500000211,AN,2025-08-08T00:00:00,0001000045,Z100,Z03,ZAR
4500000212,AN,2025-09-07T00:00:00,0001000045,Z100,Z02,ZAR
4500000213,AN,2025-12-19T00:00:00,0001000045,Z100,Z02,ZAR
4500000214,WK,2026-01-21T00:00:00,0001000045,Z100,Z01,ZAR
4500000215,ZDOM,2026-04-21T00:00:00,0001000045,Z100,Z03,ZAR
4500000216,WK,2026-07-15T00:00:00,0001000045,Z100,Z02,ZAR
4500000217,WK,2024-09-26T00:00:00,0001000049,Z100,Z03,ZAR
4500000218,WK,2024-10-25T00:00:00,0001000049,Z100,Z01,ZAR
4500000219,AN,2024-11-25T00:00:00,0001000049,Z100,Z03,ZAR
4500000220,WK,2025-09-08T00:00:00,0001000049,Z100,Z02,ZAR
4500000221,ZDOM,2025-11-20T00:00:00,0001000049,Z100,Z02,ZAR
4500000222,WK,2025-12-16T00:00:00,0001000049,Z100,Z01,ZAR
4500000223,ZDOM,2026-05-19T00:00:00,0001000049,Z100,Z02,ZAR
4500000224,AN,2025-12-11T00:00:00,0001000010,Z100,Z01,ZAR
4500000225,WK,2026-05-31T00:00:00,0001000010,Z100,Z03,ZAR
4500000226,ZDOM,2024-09-14T00:00:00,0001000003,Z100,Z02,ZAR
4500000227,AN,2025-09-27T00:00:00,0001000003,Z100,Z03,ZAR
4500000228,AN,2026-03-24T00:00:00,0001000003,Z100,Z01,ZAR
4500000229,AN,2026-03-07T00:00:00,0001000057,Z100,Z02,ZAR
4500000230,AN,2024-09-19T00:00:00,0001000009,Z100,Z03,ZAR
4500000231,ZDOM,2024-10-11T00:00:00,0001000009,Z100,Z03,ZAR
4500000232,WK,2025-06-02T00:00:00,0001000009,Z100,Z02,ZAR
4500000233,ZDOM,2025-11-21T00:00:00,0001000009,Z100,Z01,ZAR
4500000234,WK,2026-05-03T00:00:00,0001000009,Z100,Z02,ZAR
4500000235,ZDOM,2026-05-17T00:00:00,0001000009,Z100,Z02,ZAR
4500000236,WK,2024-09-30T00:00:00,0001000009,Z100,Z02,ZAR
4500000237,ZDOM,2025-05-22T00:00:00,0001000009,Z100,Z01,ZAR
4500000238,WK,2026-02-01T00:00:00,0001000009,Z100,Z03,ZAR
4500000239,WK,2026-05-05T00:00:00,0001000009,Z100,Z01,ZAR
4500000240,ZDOM,2024-11-24T00:00:00,0001000000,Z100,Z01,ZAR
4500000241,ZDOM,2025-08-08T00:00:00,0001000000,Z100,Z03,ZAR
4500000242,WK,2026-01-16T00:00:00,0001000000,Z100,Z03,ZAR
4500000243,AN,2026-09-04T00:00:00,0001000000,Z100,Z03,ZAR
4500000244,WK,2024-09-26T00:00:00,0001000020,Z100,Z03,ZAR
4500000245,AN,2025-02-08T00:00:00,0001000020,Z100,Z02,ZAR
4500000246,AN,2025-04-01T00:00:00,0001000020,Z100,Z03,ZAR
4500000247,AN,2025-05-01T00:00:00,0001000020,Z100,Z01,ZAR
4500000248,WK,2025-05-29T00:00:00,0001000020,Z100,Z02,ZAR
4500000249,WK,2025-06-13T00:00:00,0001000020,Z100,Z01,ZAR
4500000250,WK,2026-01-31T00:00:00,0001000020,Z100,Z02,ZAR
4500000251,AN,2024-10-04T00:00:00,0001000038,Z100,Z02,ZAR
4500000252,AN,2024-11-02T00:00:00,0001000038,Z100,Z02,ZAR
4500000253,ZDOM,2025-01-26T00:00:00,0001000038,Z100,Z03,ZAR
4500000254,WK,2025-04-07T00:00:00,0001000038,Z100,Z02,ZAR
4500000255,WK,2025-10-24T00:00:00,0001000038,Z100,Z02,ZAR
4500000256,ZDOM,2026-02-16T00:00:00,0001000038,Z100,Z02,ZAR
4500000257,ZDOM,2026-03-30T00:00:00,0001000038,Z100,Z01,ZAR
4500000258,WK,2026-07-21T00:00:00,0001000038,Z100,Z03,ZAR
4500000259,AN,2024-09-21T00:00:00,0001000006,Z100,Z02,ZAR
4500000260,AN,2025-01-12T00:00:00,0001000006,Z100,Z03,ZAR
4500000261,AN,2025-04-17T00:00:00,0001000006,Z100,Z02,ZAR
4500000262,WK,2025-09-07T00:00:00,0001000006,Z100,Z02,ZAR
4500000263,WK,2025-11-25T00:00:00,0001000006,Z100,Z01,ZAR
4500000264,AN,2026-03-25T00:00:00,0001000006,Z100,Z02,ZAR
4500000265,WK,2026-07-12T00:00:00,0001000006,Z100,Z03,ZAR
4500000266,WK,2024-12-09T00:00:00,0001000052,Z100,Z03,ZAR
4500000267,WK,2025-08-26T00:00:00,0001000052,Z100,Z01,ZAR
4500000268,WK,2026-04-16T00:00:00,0001000052,Z100,Z01,ZAR
4500000269,AN,2024-09-21T00:00:00,0001000042,Z100,Z01,ZAR
4500000270,WK,2024-12-02T00:00:00,0001000042,Z100,Z03,ZAR
4500000271,WK,2025-12-04T00:00:00,0001000042,Z100,Z01,ZAR
4500000272,ZDOM,2026-03-17T00:00:00,0001000042,Z100,Z03,ZAR
4500000273,AN,2026-05-22T00:00:00,0001000042,Z100,Z02,ZAR
4500000274,ZDOM,2024-10-01T00:00:00,0001000013,Z100,Z01,ZAR
4500000275,AN,2024-12-30T00:00:00,0001000013,Z100,Z03,ZAR
4500000276,WK,2025-04-02T00:00:00,0001000013,Z100,Z03,ZAR
4500000277,AN,2025-11-05T00:00:00,0001000013,Z100,Z02,ZAR
4500000278,AN,2026-02-16T00:00:00,0001000013,Z100,Z03,ZAR
4500000279,WK,2024-10-03T00:00:00,0001000058,Z100,Z03,ZAR
4500000280,AN,2025-05-31T00:00:00,0001000058,Z100,Z01,ZAR
4500000281,WK,2025-10-15T00:00:00,0001000058,Z100,Z02,ZAR
4500000282,WK,2026-04-12T00:00:00,0001000058,Z100,Z03,ZAR
4500000283,WK,2026-05-12T00:00:00,0001000058,Z100,Z01,ZAR
4500000284,AN,2026-06-03T00:00:00,0001000058,Z100,Z03,ZAR
4500000285,WK,2026-07-08T00:00:00,0001000058,Z100,Z02,ZAR
4500000286,ZDOM,2024-09-09T00:00:00,0001000000,Z100,Z03,ZAR
4500000287,AN,2024-10-10T00:00:00,0001000000,Z100,Z02,ZAR
4500000288,ZDOM,2025-10-23T00:00:00,0001000000,Z100,Z01,ZAR
4500000289,WK,2024-09-23T00:00:00,0001000037,Z100,Z02,ZAR
4500000290,ZDOM,2024-10-26T00:00:00,0001000037,Z100,Z03,ZAR
4500000291,ZDOM,2025-01-21T00:00:00,0001000037,Z100,Z01,ZAR
4500000292,WK,2025-09-24T00:00:00,0001000037,Z100,Z02,ZAR
4500000293,AN,2025-12-11T00:00:00,0001000037,Z100,Z01,ZAR
4500000294,WK,2026-07-12T00:00:00,0001000037,Z100,Z01,ZAR
4500000295,ZDOM,2025-06-19T00:00:00,0001000022,Z100,Z03,ZAR
4500000296,WK,2026-01-03T00:00:00,0001000022,Z100,Z02,ZAR
4500000297,WK,2024-11-12T00:00:00,0001000032,Z100,Z02,ZAR
4500000298,ZDOM,2025-01-22T00:00:00,0001000032,Z100,Z02,ZAR
4500000299,WK,2025-10-30T00:00:00,0001000032,Z100,Z02,ZAR
4500000300,AN,2025-12-04T00:00:00,0001000032,Z100,Z01,ZAR
4500000301,WK,2025-12-15T00:00:00,0001000032,Z100,Z03,ZAR
4500000302,ZDOM,2026-02-24T00:00:00,0001000032,Z100,Z01,ZAR
4500000303,ZDOM,2026-05-07T00:00:00,0001000032,Z100,Z01,ZAR
4500000304,AN,2026-06-11T00:00:00,0001000032,Z100,Z03,ZAR
4500000305,AN,2026-08-22T00:00:00,0001000032,Z100,Z01,ZAR
4500000306,AN,2024-10-05T00:00:00,0001000032,Z100,Z02,ZAR
4500000307,ZDOM,2025-02-19T00:00:00,0001000032,Z100,Z03,ZAR
4500000308,AN,2025-06-21T00:00:00,0001000032,Z100,Z03,ZAR
4500000309,AN,2025-09-08T00:00:00,0001000032,Z100,Z02,ZAR
4500000310,WK,2025-10-01T00:00:00,0001000032,Z100,Z01,ZAR
4500000311,ZDOM,2024-10-26T00:00:00,0001000052,Z100,Z02,ZAR
4500000312,ZDOM,2025-03-08T00:00:00,0001000052,Z100,Z02,ZAR
4500000313,WK,2025-10-25T00:00:00,0001000052,Z100,Z01,ZAR
4500000314,WK,2024-12-25T00:00:00,0001000010,Z100,Z01,ZAR
4500000315,ZDOM,2025-12-30T00:00:00,0001000010,Z100,Z01,ZAR
4500000316,ZDOM,2026-01-12T00:00:00,0001000010,Z100,Z01,ZAR
4500000317,AN,2024-09-16T00:00:00,0001000018,Z100,Z02,ZAR
4500000318,WK,2024-12-10T00:00:00,0001000018,Z100,Z01,ZAR
4500000319,WK,2025-01-16T00:00:00,0001000018,Z100,Z03,ZAR
4500000320,AN,2025-02-12T00:00:00,0001000018,Z100,Z03,ZAR
4500000321,AN,2025-05-08T00:00:00,0001000018,Z100,Z03,ZAR
4500000322,WK,2025-05-26T00:00:00,0001000018,Z100,Z01,ZAR
4500000323,ZDOM,2026-01-15T00:00:00,0001000018,Z100,Z01,ZAR
4500000324,AN,2026-07-04T00:00:00,0001000018,Z100,Z02,ZAR
4500000325,ZDOM,2026-07-24T00:00:00,0001000018,Z100,Z02,ZAR
4500000326,AN,2024-11-25T00:00:00,0001000040,Z100,Z03,ZAR
4500000327,ZDOM,2024-12-09T00:00:00,0001000040,Z100,Z01,ZAR
4500000328,WK,2025-01-26T00:00:00,0001000040,Z100,Z01,ZAR
4500000329,WK,2025-05-02T00:00:00,0001000040,Z100,Z02,ZAR
4500000330,AN,2025-06-25T00:00:00,0001000040,Z100,Z02,ZAR
4500000331,ZDOM,2025-07-15T00:00:00,0001000040,Z100,Z02,ZAR
4500000332,ZDOM,2025-09-13T00:00:00,0001000040,Z100,Z01,ZAR
4500000333,AN,2025-10-25T00:00:00,0001000040,Z100,Z01,ZAR
4500000334,ZDOM,2025-11-28T00:00:00,0001000040,Z100,Z03,ZAR
4500000335,AN,2026-03-12T00:00:00,0001000040,Z100,Z03,ZAR
4500000336,AN,2026-04-07T00:00:00,0001000040,Z100,Z01,ZAR
4500000337,WK,2024-10-04T00:00:00,0001000000,Z100,Z03,ZAR
4500000338,ZDOM,2024-10-18T00:00:00,0001000000,Z100,Z03,ZAR
4500000339,ZDOM,2024-11-08T00:00:00,0001000000,Z100,Z03,ZAR
4500000340,WK,2024-12-21T00:00:00,0001000000,Z100,Z02,ZAR
4500000341,AN,2025-01-08T00:00:00,0001000000,Z100,Z03,ZAR
4500000342,AN,2025-11-06T00:00:00,0001000000,Z100,Z03,ZAR
4500000343,WK,2025-11-26T00:00:00,0001000000,Z100,Z01,ZAR
4500000344,ZDOM,2026-07-20T00:00:00,0001000000,Z100,Z02,ZAR
4500000345,ZDOM,2026-08-12T00:00:00,0001000000,Z100,Z01,ZAR
4500000346,WK,2025-08-18T00:00:00,0001000032,Z100,Z03,ZAR
4500000347,AN,2024-11-18T00:00:00,0001000022,Z100,Z03,ZAR
4500000348,WK,2024-12-27T00:00:00,0001000022,Z100,Z01,ZAR
4500000349,ZDOM,2025-06-10T00:00:00,0001000022,Z100,Z02,ZAR
4500000350,WK,2025-10-31T00:00:00,0001000022,Z100,Z03,ZAR
4500000351,ZDOM,2026-03-07T00:00:00,0001000022,Z100,Z02,ZAR
4500000352,WK,2026-08-09T00:00:00,0001000022,Z100,Z01,ZAR
4500000353,ZDOM,2024-10-02T00:00:00,0001000034,Z100,Z03,ZAR
4500000354,AN,2025-11-22T00:00:00,0001000034,Z100,Z01,ZAR
4500000355,AN,2025-04-01T00:00:00,0001000038,Z100,Z03,ZAR
4500000356,WK,2025-07-07T00:00:00,0001000038,Z100,Z03,ZAR
4500000357,AN,2025-07-25T00:00:00,0001000038,Z100,Z02,ZAR
4500000358,AN,2026-01-23T00:00:00,0001000038,Z100,Z02,ZAR
4500000359,ZDOM,2026-02-28T00:00:00,0001000038,Z100,Z03,ZAR
4500000360,WK,2024-09-30T00:00:00,0001000038,Z100,Z03,ZAR
4500000361,AN,2024-11-27T00:00:00,0001000038,Z100,Z02,ZAR
4500000362,AN,2025-06-29T00:00:00,0001000038,Z100,Z03,ZAR
4500000363,ZDOM,2025-08-01T00:00:00,0001000038,Z100,Z02,ZAR
4500000364,AN,2026-03-01T00:00:00,0001000038,Z100,Z02,ZAR
4500000365,WK,2026-04-02T00:00:00,0001000038,Z100,Z01,ZAR
4500000366,AN,2026-06-21T00:00:00,0001000038,Z100,Z01,ZAR
4500000367,AN,2024-12-23T00:00:00,0001000002,Z100,Z03,ZAR
4500000368,AN,2025-03-13T00:00:00,0001000002,Z100,Z01,ZAR
4500000369,AN,2025-04-22T00:00:00,0001000002,Z100,Z03,ZAR
4500000370,AN,2026-01-25T00:00:00,0001000002,Z100,Z03,ZAR
4500000371,ZDOM,2026-02-27T00:00:00,0001000002,Z100,Z03,ZAR
4500000372,WK,2026-07-27T00:00:00,0001000002,Z100,Z02,ZAR
4500000373,AN,2026-09-07T00:00:00,0001000002,Z100,Z03,ZAR
4500000374,WK,2024-09-09T00:00:00,0001000017,Z100,Z02,ZAR
4500000375,WK,2024-12-17T00:00:00,0001000017,Z100,Z03,ZAR
4500000376,WK,2025-08-18T00:00:00,0001000017,Z100,Z03,ZAR
4500000377,AN,2025-11-26T00:00:00,0001000017,Z100,Z02,ZAR
4500000378,WK,2026-05-05T00:00:00,0001000017,Z100,Z03,ZAR
4500000379,WK,2026-09-07T00:00:00,0001000017,Z100,Z01,ZAR
4500000380,AN,2024-10-05T00:00:00,0001000003,Z100,Z03,ZAR
4500000381,AN,2025-05-27T00:00:00,0001000003,Z100,Z01,ZAR
4500000382,AN,2025-10-02T00:00:00,0001000003,Z100,Z02,ZAR
4500000383,AN,2025-11-09T00:00:00,0001000003,Z100,Z03,ZAR
4500000384,ZDOM,2026-03-09T00:00:00,0001000003,Z100,Z01,ZAR
4500000385,AN,2024-09-24T00:00:00,0001000058,Z100,Z03,ZAR
4500000386,AN,2024-12-29T00:00:00,0001000058,Z100,Z01,ZAR
4500000387,ZDOM,2025-04-07T00:00:00,0001000058,Z100,Z01,ZAR
4500000388,AN,2025-04-26T00:00:00,0001000058,Z100,Z01,ZAR
4500000389,WK,2025-05-31T00:00:00,0001000058,Z100,Z02,ZAR
4500000390,AN,2025-09-04T00:00:00,0001000058,Z100,Z01,ZAR
4500000391,AN,2025-11-16T00:00:00,0001000058,Z100,Z02,ZAR
4500000392,WK,2026-07-25T00:00:00,0001000058,Z100,Z01,ZAR
4500000393,AN,2024-11-09T00:00:00,0001000058,Z100,Z01,ZAR
4500000394,AN,2025-03-30T00:00:00,0001000058,Z100,Z02,ZAR
4500000395,ZDOM,2025-12-24T00:00:00,0001000058,Z100,Z01,ZAR
4500000396,ZDOM,2026-05-31T00:00:00,0001000058,Z100,Z01,ZAR
4500000397,ZDOM,2024-10-18T00:00:00,0001000000,Z100,Z02,ZAR
4500000398,ZDOM,2024-11-10T00:00:00,0001000000,Z100,Z01,ZAR
4500000399,ZDOM,2025-01-06T00:00:00,0001000000,Z100,Z01,ZAR
4500000400,ZDOM,2025-07-24T00:00:00,0001000000,Z100,Z03,ZAR
4500000401,ZDOM,2026-02-22T00:00:00,0001000000,Z100,Z01,ZAR
4500000402,ZDOM,2024-09-19T00:00:00,0001000000,Z100,Z03,ZAR
4500000403,AN,2025-05-29T00:00:00,0001000000,Z100,Z03,ZAR
4500000404,WK,2026-02-18T00:00:00,0001000000,Z100,Z03,ZAR
4500000405,WK,2024-09-21T00:00:00,0001000019,Z100,Z01,ZAR
4500000406,AN,2025-02-12T00:00:00,0001000019,Z100,Z02,ZAR
4500000407,ZDOM,2025-11-24T00:00:00,0001000019,Z100,Z02,ZAR
4500000408,WK,2026-06-19T00:00:00,0001000019,Z100,Z03,ZAR
4500000409,WK,2026-07-23T00:00:00,0001000019,Z100,Z02,ZAR
4500000410,AN,2024-09-14T00:00:00,0001000044,Z100,Z02,ZAR
4500000411,WK,2025-02-14T00:00:00,0001000044,Z100,Z03,ZAR
4500000412,WK,2025-08-04T00:00:00,0001000044,Z100,Z03,ZAR
4500000413,ZDOM,2026-01-22T00:00:00,0001000044,Z100,Z03,ZAR
4500000414,AN,2026-02-06T00:00:00,0001000044,Z100,Z02,ZAR
4500000415,AN,2025-10-25T00:00:00,0001000042,Z100,Z03,ZAR
4500000416,AN,2026-01-29T00:00:00,0001000042,Z100,Z02,ZAR
4500000417,WK,2026-06-18T00:00:00,0001000042,Z100,Z01,ZAR
4500000418,AN,2024-09-21T00:00:00,0001000058,Z100,Z02,ZAR
4500000419,AN,2024-11-08T00:00:00,0001000058,Z100,Z03,ZAR
4500000420,AN,2025-05-23T00:00:00,0001000058,Z100,Z03,ZAR
4500000421,AN,2025-09-12T00:00:00,0001000058,Z100,Z01,ZAR
4500000422,WK,2026-03-14T00:00:00,0001000058,Z100,Z03,ZAR
4500000423,AN,2024-12-01T00:00:00,0001000003,Z100,Z01,ZAR
4500000424,ZDOM,2025-03-15T00:00:00,0001000003,Z100,Z02,ZAR
4500000425,ZDOM,2026-01-01T00:00:00,0001000003,Z100,Z03,ZAR
4500000426,AN,2026-02-02T00:00:00,0001000003,Z100,Z02,ZAR
4500000427,AN,2026-08-19T00:00:00,0001000003,Z100,Z02,ZAR
4500000428,AN,2024-09-30T00:00:00,0001000003,Z100,Z01,ZAR
4500000429,AN,2024-11-04T00:00:00,0001000003,Z100,Z01,ZAR
4500000430,AN,2025-02-26T00:00:00,0001000003,Z100,Z01,ZAR
4500000431,ZDOM,2025-10-03T00:00:00,0001000003,Z100,Z02,ZAR
4500000432,WK,2026-02-09T00:00:00,0001000003,Z100,Z01,ZAR
4500000433,ZDOM,2024-11-25T00:00:00,0001000042,Z100,Z02,ZAR
4500000434,ZDOM,2024-12-21T00:00:00,0001000042,Z100,Z02,ZAR
4500000435,WK,2025-01-23T00:00:00,0001000042,Z100,Z02,ZAR
4500000436,WK,2025-03-05T00:00:00,0001000042,Z100,Z03,ZAR
4500000437,AN,2025-05-31T00:00:00,0001000042,Z100,Z03,ZAR
4500000438,ZDOM,2025-10-05T00:00:00,0001000042,Z100,Z01,ZAR
4500000439,WK,2025-10-20T00:00:00,0001000042,Z100,Z02,ZAR
4500000440,WK,2025-11-15T00:00:00,0001000042,Z100,Z01,ZAR
4500000441,AN,2026-02-20T00:00:00,0001000042,Z100,Z01,ZAR
4500000442,AN,2026-05-19T00:00:00,0001000042,Z100,Z02,ZAR
4500000443,AN,2026-06-27T00:00:00,0001000042,Z100,Z03,ZAR
4500000444,WK,2024-10-23T00:00:00,0001000038,Z100,Z02,ZAR
4500000445,WK,2024-11-08T00:00:00,0001000038,Z100,Z01,ZAR
4500000446,WK,2025-06-28T00:00:00,0001000038,Z100,Z01,ZAR
4500000447,WK,2025-10-15T00:00:00,0001000038,Z100,Z03,ZAR
4500000448,WK,2026-06-13T00:00:00,0001000038,Z100,Z02,ZAR
4500000449,ZDOM,2026-09-05T00:00:00,0001000038,Z100,Z01,ZAR
4500000450,ZDOM,2024-09-29T00:00:00,0001000058,Z100,Z01,ZAR
4500000451,ZDOM,2025-04-14T00:00:00,0001000058,Z100,Z01,ZAR
4500000452,WK,2025-07-11T00:00:00,0001000058,Z100,Z02,ZAR
4500000453,WK,2024-10-03T00:00:00,0001000044,Z100,Z03,ZAR
4500000454,AN,2025-02-23T00:00:00,0001000044,Z100,Z01,ZAR
4500000455,ZDOM,2025-11-13T00:00:00,0001000044,Z100,Z03,ZAR
4500000456,WK,2026-08-02T00:00:00,0001000044,Z100,Z01,ZAR
4500000457,AN,2024-11-17T00:00:00,0001000044,Z100,Z02,ZAR
4500000458,ZDOM,2025-10-10T00:00:00,0001000044,Z100,Z02,ZAR
4500000459,WK,2026-02-10T00:00:00,0001000044,Z100,Z01,ZAR
4500000460,AN,2026-03-20T00:00:00,0001000044,Z100,Z01,ZAR
4500000461,WK,2026-04-18T00:00:00,0001000044,Z100,Z01,ZAR
4500000462,WK,2024-09-10T00:00:00,0001000051,Z100,Z02,ZAR
4500000463,WK,2025-03-01T00:00:00,0001000051,Z100,Z03,ZAR
4500000464,ZDOM,2025-07-27T00:00:00,0001000051,Z100,Z01,ZAR
4500000465,WK,2025-12-19T00:00:00,0001000051,Z100,Z03,ZAR
4500000466,AN,2026-05-07T00:00:00,0001000051,Z100,Z02,ZAR
4500000467,AN,2024-09-21T00:00:00,0001000051,Z100,Z01,ZAR
4500000468,AN,2025-03-10T00:00:00,0001000051,Z100,Z02,ZAR
4500000469,WK,2025-07-13T00:00:00,0001000051,Z100,Z02,ZAR
4500000470,ZDOM,2025-12-06T00:00:00,0001000051,Z100,Z03,ZAR
4500000471,ZDOM,2026-04-14T00:00:00,0001000051,Z100,Z01,ZAR
4500000472,WK,2024-09-26T00:00:00,0001000042,Z100,Z01,ZAR
4500000473,ZDOM,2025-02-10T00:00:00,0001000042,Z100,Z01,ZAR
4500000474,ZDOM,2025-05-12T00:00:00,0001000042,Z100,Z02,ZAR
4500000475,WK,2025-09-09T00:00:00,0001000042,Z100,Z03,ZAR
4500000476,AN,2025-12-15T00:00:00,0001000042,Z100,Z03,ZAR
4500000477,ZDOM,2026-05-25T00:00:00,0001000042,Z100,Z03,ZAR
4500000478,AN,2024-11-03T00:00:00,0001000042,Z100,Z02,ZAR
4500000479,AN,2025-04-15T00:00:00,0001000042,Z100,Z03,ZAR
4500000480,WK,2026-04-20T00:00:00,0001000042,Z100,Z03,ZAR
4500000481,WK,2025-09-08T00:00:00,0001000057,Z100,Z03,ZAR
4500000482,WK,2024-09-20T00:00:00,0001000046,Z100,Z02,ZAR
4500000483,AN,2025-08-08T00:00:00,0001000046,Z100,Z03,ZAR
4500000484,WK,2026-07-29T00:00:00,0001000046,Z100,Z03,ZAR
4500000485,ZDOM,2025-10-20T00:00:00,0001000006,Z100,Z02,ZAR
4500000486,WK,2025-11-16T00:00:00,0001000006,Z100,Z03,ZAR
4500000487,WK,2026-05-30T00:00:00,0001000006,Z100,Z01,ZAR
4500000488,WK,2026-07-04T00:00:00,0001000006,Z100,Z03,ZAR
4500000489,ZDOM,2024-09-05T00:00:00,0001000024,Z100,Z02,ZAR
4500000490,ZDOM,2024-10-10T00:00:00,0001000024,Z100,Z02,ZAR
4500000491,AN,2024-12-02T00:00:00,0001000024,Z100,Z02,ZAR
4500000492,WK,2025-02-20T00:00:00,0001000024,Z100,Z03,ZAR
4500000493,ZDOM,2025-06-10T00:00:00,0001000024,Z100,Z02,ZAR
4500000494,WK,2025-07-22T00:00:00,0001000024,Z100,Z03,ZAR
4500000495,WK,2026-02-02T00:00:00,0001000024,Z100,Z03,ZAR
4500000496,ZDOM,2026-06-12T00:00:00,0001000024,Z100,Z01,ZAR
4500000497,AN,2026-08-02T00:00:00,0001000024,Z100,Z02,ZAR
4500000498,ZDOM,2024-09-15T00:00:00,0001000024,Z100,Z03,ZAR
4500000499,AN,2025-02-10T00:00:00,0001000024,Z100,Z01,ZAR
4500000500,AN,2025-03-15T00:00:00,0001000024,Z100,Z02,ZAR
4500000501,WK,2025-05-29T00:00:00,0001000024,Z100,Z01,ZAR
4500000502,WK,2025-07-26T00:00:00,0001000024,Z100,Z01,ZAR
4500000503,WK,2025-09-02T00:00:00,0001000024,Z100,Z02,ZAR
4500000504,WK,2026-03-05T00:00:00,0001000024,Z100,Z01,ZAR
4500000505,WK,2026-06-29T00:00:00,0001000024,Z100,Z01,ZAR
4500000506,ZDOM,2024-09-29T00:00:00,0001000037,Z100,Z03,ZAR
4500000507,WK,2024-11-05T00:00:00,0001000037,Z100,Z02,ZAR
4500000508,ZDOM,2025-06-18T00:00:00,0001000037,Z100,Z03,ZAR
4500000509,ZDOM,2025-12-05T00:00:00,0001000037,Z100,Z02,ZAR
4500000510,WK,2026-06-30T00:00:00,0001000037,Z100,Z02,ZAR
4500000511,AN,2026-07-05T00:00:00,0001000037,Z100,Z02,ZAR
4500000512,WK,2026-06-08T00:00:00,0001000049,Z100,Z03,ZAR
4500000513,ZDOM,2026-09-07T00:00:00,0001000049,Z100,Z03,ZAR
4500000514,AN,2024-11-02T00:00:00,0001000013,Z100,Z03,ZAR
4500000515,WK,2026-04-20T00:00:00,0001000013,Z100,Z02,ZAR
4500000516,AN,2024-09-15T00:00:00,0001000022,Z100,Z03,ZAR
4500000517,WK,2025-04-09T00:00:00,0001000022,Z100,Z02,ZAR
4500000518,ZDOM,2026-01-05T00:00:00,0001000022,Z100,Z01,ZAR
4500000519,ZDOM,2024-10-05T00:00:00,0001000004,Z100,Z03,ZAR
4500000520,AN,2026-02-01T00:00:00,0001000004,Z100,Z02,ZAR
4500000521,WK,2024-10-13T00:00:00,0001000036,Z100,Z02,ZAR
4500000522,AN,2024-11-22T00:00:00,0001000036,Z100,Z02,ZAR
4500000523,AN,2025-07-26T00:00:00,0001000036,Z100,Z01,ZAR
4500000524,AN,2026-02-17T00:00:00,0001000036,Z100,Z03,ZAR
4500000525,WK,2025-01-12T00:00:00,0001000056,Z100,Z02,ZAR
4500000526,ZDOM,2025-07-10T00:00:00,0001000056,Z100,Z02,ZAR
4500000527,WK,2025-12-08T00:00:00,0001000056,Z100,Z01,ZAR
4500000528,AN,2026-04-21T00:00:00,0001000056,Z100,Z02,ZAR
4500000529,WK,2025-01-26T00:00:00,0001000056,Z100,Z02,ZAR
4500000530,WK,2025-06-02T00:00:00,0001000056,Z100,Z01,ZAR
4500000531,AN,2026-06-28T00:00:00,0001000056,Z100,Z01,ZAR
4500000532,ZDOM,2024-09-18T00:00:00,0001000036,Z100,Z03,ZAR
4500000533,ZDOM,2024-10-27T00:00:00,0001000036,Z100,Z01,ZAR
4500000534,WK,2024-12-31T00:00:00,0001000036,Z100,Z01,ZAR
4500000535,AN,2025-01-21T00:00:00,0001000036,Z100,Z03,ZAR
4500000536,ZDOM,2025-06-09T00:00:00,0001000036,Z100,Z02,ZAR
4500000537,AN,2025-06-08T00:00:00,0001000036,Z100,Z02,ZAR
4500000538,AN,2025-08-16T00:00:00,0001000036,Z100,Z02,ZAR
4500000539,AN,2025-11-22T00:00:00,0001000036,Z100,Z03,ZAR
4500000540,AN,2026-06-14T00:00:00,0001000036,Z100,Z02,ZAR
4500000541,AN,2026-08-05T00:00:00,0001000036,Z100,Z02,ZAR
4500000542,AN,2024-10-01T00:00:00,0001000053,Z100,Z02,ZAR
4500000543,ZDOM,2024-11-02T00:00:00,0001000053,Z100,Z03,ZAR
4500000544,ZDOM,2025-04-07T00:00:00,0001000053,Z100,Z02,ZAR
4500000545,ZDOM,2025-08-03T00:00:00,0001000053,Z100,Z03,ZAR
4500000546,ZDOM,2025-08-04T00:00:00,0001000053,Z100,Z03,ZAR
4500000547,AN,2025-09-25T00:00:00,0001000053,Z100,Z03,ZAR
4500000548,AN,2025-12-03T00:00:00,0001000053,Z100,Z02,ZAR
4500000549,AN,2025-12-02T00:00:00,0001000053,Z100,Z02,ZAR
4500000550,ZDOM,2026-02-06T00:00:00,0001000053,Z100,Z02,ZAR
4500000551,WK,2024-10-22T00:00:00,0001000036,Z100,Z01,ZAR
4500000552,AN,2025-08-05T00:00:00,0001000036,Z100,Z01,ZAR
4500000553,AN,2026-05-09T00:00:00,0001000036,Z100,Z03,ZAR
4500000554,WK,2026-05-24T00:00:00,0001000036,Z100,Z01,ZAR
4500000555,WK,2025-03-20T00:00:00,0001000037,Z100,Z01,ZAR
4500000556,WK,2025-05-07T00:00:00,0001000037,Z100,Z02,ZAR
4500000557,ZDOM,2024-11-15T00:00:00,0001000051,Z100,Z01,ZAR
4500000558,ZDOM,2026-01-26T00:00:00,0001000051,Z100,Z02,ZAR
4500000559,AN,2024-09-20T00:00:00,0001000028,Z100,Z03,ZAR
4500000560,ZDOM,2025-04-06T00:00:00,0001000028,Z100,Z01,ZAR
4500000561,ZDOM,2025-07-08T00:00:00,0001000028,Z100,Z01,ZAR
4500000562,AN,2026-07-19T00:00:00,0001000028,Z100,Z01,ZAR
4500000563,AN,2024-10-02T00:00:00,0001000027,Z100,Z02,ZAR
4500000564,ZDOM,2024-12-24T00:00:00,0001000027,Z100,Z01,ZAR
4500000565,ZDOM,2025-03-06T00:00:00,0001000027,Z100,Z02,ZAR
4500000566,WK,2025-08-29T00:00:00,0001000027,Z100,Z02,ZAR
4500000567,WK,2025-09-26T00:00:00,0001000027,Z100,Z01,ZAR
4500000568,WK,2025-11-29T00:00:00,0001000027,Z100,Z02,ZAR
4500000569,AN,2025-12-23T00:00:00,0001000027,Z100,Z03,ZAR
4500000570,ZDOM,2026-02-04T00:00:00,0001000027,Z100,Z01,ZAR
4500000571,AN,2026-08-18T00:00:00,0001000027,Z100,Z02,ZAR
4500000572,WK,2024-10-04T00:00:00,0001000024,Z100,Z02,ZAR
4500000573,AN,2025-02-26T00:00:00,0001000024,Z100,Z02,ZAR
4500000574,AN,2025-04-04T00:00:00,0001000024,Z100,Z02,ZAR
4500000575,WK,2025-09-19T00:00:00,0001000024,Z100,Z03,ZAR
4500000576,ZDOM,2026-01-30T00:00:00,0001000024,Z100,Z02,ZAR
4500000577,ZDOM,2026-05-29T00:00:00,0001000024,Z100,Z01,ZAR
4500000578,WK,2026-06-17T00:00:00,0001000024,Z100,Z03,ZAR
4500000579,AN,2026-07-08T00:00:00,0001000024,Z100,Z01,ZAR
4500000580,WK,2025-01-20T00:00:00,0001000024,Z100,Z02,ZAR
4500000581,ZDOM,2025-07-02T00:00:00,0001000024,Z100,Z01,ZAR
4500000582,WK,2025-10-10T00:00:00,0001000024,Z100,Z03,ZAR
4500000583,AN,2026-05-27T00:00:00,0001000024,Z100,Z03,ZAR
4500000584,ZDOM,2026-06-22T00:00:00,0001000024,Z100,Z01,ZAR
4500000585,ZDOM,2024-09-07T00:00:00,0001000032,Z100,Z03,ZAR
4500000586,WK,2025-03-09T00:00:00,0001000032,Z100,Z02,ZAR
4500000587,WK,2025-04-29T00:00:00,0001000032,Z100,Z02,ZAR
4500000588,AN,2025-11-01T00:00:00,0001000032,Z100,Z01,ZAR
4500000589,AN,2025-12-13T00:00:00,0001000032,Z100,Z01,ZAR
4500000590,AN,2026-05-14T00:00:00,0001000032,Z100,Z01,ZAR
4500000591,WK,2026-06-10T00:00:00,0001000032,Z100,Z03,ZAR
4500000592,ZDOM,2024-12-19T00:00:00,0001000032,Z100,Z02,ZAR
4500000593,ZDOM,2025-10-08T00:00:00,0001000032,Z100,Z03,ZAR
4500000594,ZDOM,2026-04-28T00:00:00,0001000032,Z100,Z02,ZAR
4500000595,ZDOM,2024-09-30T00:00:00,0001000001,Z100,Z03,ZAR
4500000596,ZDOM,2025-03-05T00:00:00,0001000001,Z100,Z01,ZAR
4500000597,ZDOM,2025-09-05T00:00:00,0001000001,Z100,Z02,ZAR
4500000598,WK,2025-09-16T00:00:00,0001000001,Z100,Z02,ZAR
4500000599,AN,2026-06-06T00:00:00,0001000001,Z100,Z02,ZAR
4500000600,WK,2024-10-22T00:00:00,0001000047,Z100,Z03,ZAR
4500000601,ZDOM,2025-04-08T00:00:00,0001000047,Z100,Z03,ZAR
4500000602,ZDOM,2025-10-21T00:00:00,0001000047,Z100,Z03,ZAR
4500000603,WK,2026-05-12T00:00:00,0001000047,Z100,Z03,ZAR
4500000604,WK,2024-09-11T00:00:00,0001000047,Z100,Z03,ZAR
4500000605,WK,2025-04-06T00:00:00,0001000047,Z100,Z02,ZAR
4500000606,WK,2025-09-15T00:00:00,0001000047,Z100,Z03,ZAR
4500000607,AN,2026-02-26T00:00:00,0001000047,Z100,Z03,ZAR
4500000608,ZDOM,2026-07-07T00:00:00,0001000047,Z100,Z01,ZAR
4500000609,WK,2024-11-11T00:00:00,0001000056,Z100,Z03,ZAR
4500000610,AN,2025-06-11T00:00:00,0001000056,Z100,Z01,ZAR
4500000611,AN,2026-05-05T00:00:00,0001000056,Z100,Z02,ZAR
4500000612,WK,2024-11-02T00:00:00,0001000019,Z100,Z01,ZAR
4500000613,ZDOM,2025-04-21T00:00:00,0001000019,Z100,Z03,ZAR
4500000614,AN,2025-06-10T00:00:00,0001000019,Z100,Z03,ZAR
4500000615,AN,2025-10-16T00:00:00,0001000019,Z100,Z01,ZAR
4500000616,AN,2026-05-14T00:00:00,0001000019,Z100,Z03,ZAR
4500000617,AN,2026-07-05T00:00:00,0001000019,Z100,Z01,ZAR
4500000618,WK,2024-09-18T00:00:00,0001000027,Z100,Z03,ZAR
4500000619,ZDOM,2024-10-10T00:00:00,0001000027,Z100,Z03,ZAR
4500000620,WK,2026-06-06T00:00:00,0001000027,Z100,Z01,ZAR
4500000621,ZDOM,2024-09-17T00:00:00,0001000027,Z100,Z01,ZAR
4500000622,AN,2025-05-19T00:00:00,0001000027,Z100,Z02,ZAR
4500000623,WK,2024-09-29T00:00:00,0001000050,Z100,Z03,ZAR
4500000624,ZDOM,2025-05-12T00:00:00,0001000050,Z100,Z03,ZAR
4500000625,AN,2025-06-19T00:00:00,0001000050,Z100,Z01,ZAR
4500000626,ZDOM,2026-03-03T00:00:00,0001000050,Z100,Z03,ZAR
4500000627,WK,2024-10-12T00:00:00,0001000001,Z100,Z01,ZAR
4500000628,ZDOM,2025-05-20T00:00:00,0001000001,Z100,Z02,ZAR
4500000629,WK,2026-01-10T00:00:00,0001000001,Z100,Z03,ZAR
4500000630,WK,2024-10-16T00:00:00,0001000001,Z100,Z01,ZAR
4500000631,WK,2025-01-26T00:00:00,0001000001,Z100,Z02,ZAR
4500000632,WK,2025-04-02T00:00:00,0001000001,Z100,Z03,ZAR
4500000633,WK,2025-06-16T00:00:00,0001000001,Z100,Z02,ZAR
4500000634,WK,2025-08-06T00:00:00,0001000001,Z100,Z01,ZAR
4500000635,WK,2025-11-28T00:00:00,0001000001,Z100,Z01,ZAR
4500000636,WK,2025-12-25T00:00:00,0001000001,Z100,Z01,ZAR
4500000637,AN,2026-05-27T00:00:00,0001000001,Z100,Z02,ZAR
4500000638,AN,2026-08-30T00:00:00,0001000001,Z100,Z03,ZAR
4500000639,ZDOM,2025-06-06T00:00:00,0001000043,Z100,Z02,ZAR
4500000640,ZDOM,2025-07-23T00:00:00,0001000043,Z100,Z02,ZAR
4500000641,ZDOM,2025-10-15T00:00:00,0001000043,Z100,Z01,ZAR
4500000642,WK,2026-07-09T00:00:00,0001000043,Z100,Z02,ZAR
4500000643,ZDOM,2025-01-05T00:00:00,0001000026,Z100,Z01,ZAR
4500000644,WK,2025-01-27T00:00:00,0001000026,Z100,Z02,ZAR
4500000645,AN,2025-02-18T00:00:00,0001000026,Z100,Z02,ZAR
4500000646,WK,2025-06-07T00:00:00,0001000026,Z100,Z01,ZAR
4500000647,ZDOM,2025-10-05T00:00:00,0001000026,Z100,Z03,ZAR
4500000648,ZDOM,2026-01-28T00:00:00,0001000026,Z100,Z03,ZAR
4500000649,ZDOM,2026-06-14T00:00:00,0001000026,Z100,Z03,ZAR
4500000650,WK,2024-10-09T00:00:00,0001000026,Z100,Z03,ZAR
4500000651,ZDOM,2024-12-02T00:00:00,0001000026,Z100,Z03,ZAR
4500000652,AN,2025-02-06T00:00:00,0001000026,Z100,Z03,ZAR
4500000653,WK,2025-04-08T00:00:00,0001000026,Z100,Z02,ZAR
4500000654,WK,2025-04-30T00:00:00,0001000026,Z100,Z01,ZAR
4500000655,AN,2025-08-02T00:00:00,0001000026,Z100,Z01,ZAR
4500000656,AN,2025-10-12T00:00:00,0001000026,Z100,Z03,ZAR
4500000657,ZDOM,2025-11-19T00:00:00,0001000026,Z100,Z01,ZAR
4500000658,WK,2026-04-01T00:00:00,0001000026,Z100,Z03,ZAR
4500000659,ZDOM,2026-06-30T00:00:00,0001000026,Z100,Z02,ZAR
4500000660,ZDOM,2024-09-21T00:00:00,0001000039,Z100,Z01,ZAR
4500000661,AN,2024-11-03T00:00:00,0001000039,Z100,Z02,ZAR
4500000662,AN,2024-12-02T00:00:00,0001000039,Z100,Z02,ZAR
4500000663,ZDOM,2025-08-27T00:00:00,0001000039,Z100,Z03,ZAR
4500000664,ZDOM,2025-09-10T00:00:00,0001000039,Z100,Z03,ZAR
4500000665,AN,2026-01-24T00:00:00,0001000039,Z100,Z02,ZAR
4500000666,ZDOM,2026-03-02T00:00:00,0001000039,Z100,Z01,ZAR
4500000667,WK,2026-06-08T00:00:00,0001000039,Z100,Z01,ZAR
4500000668,AN,2024-09-25T00:00:00,0001000033,Z100,Z03,ZAR
4500000669,WK,2025-04-07T00:00:00,0001000033,Z100,Z03,ZAR
4500000670,WK,2025-08-18T00:00:00,0001000033,Z100,Z01,ZAR
4500000671,ZDOM,2025-11-27T00:00:00,0001000033,Z100,Z01,ZAR
4500000672,AN,2026-05-08T00:00:00,0001000033,Z100,Z03,ZAR
4500000673,ZDOM,2024-10-16T00:00:00,0001000048,Z100,Z01,ZAR
4500000674,AN,2024-11-19T00:00:00,0001000048,Z100,Z01,ZAR
4500000675,AN,2024-12-22T00:00:00,0001000048,Z100,Z02,ZAR
4500000676,AN,2025-04-09T00:00:00,0001000048,Z100,Z01,ZAR
4500000677,AN,2026-01-29T00:00:00,0001000048,Z100,Z02,ZAR
4500000678,AN,2026-07-06T00:00:00,0001000048,Z100,Z01,ZAR
4500000679,WK,2024-11-28T00:00:00,0001000022,Z100,Z03,ZAR
4500000680,WK,2025-02-22T00:00:00,0001000022,Z100,Z02,ZAR
4500000681,AN,2025-10-04T00:00:00,0001000022,Z100,Z01,ZAR
4500000682,ZDOM,2026-07-28T00:00:00,0001000022,Z100,Z02,ZAR
4500000683,AN,2024-10-04T00:00:00,0001000022,Z100,Z01,ZAR
4500000684,WK,2024-11-03T00:00:00,0001000022,Z100,Z01,ZAR
4500000685,ZDOM,2025-03-02T00:00:00,0001000022,Z100,Z03,ZAR
4500000686,ZDOM,2025-03-05T00:00:00,0001000022,Z100,Z02,ZAR
4500000687,ZDOM,2025-11-08T00:00:00,0001000022,Z100,Z01,ZAR
4500000688,ZDOM,2026-03-08T00:00:00,0001000022,Z100,Z01,ZAR
4500000689,ZDOM,2026-05-22T00:00:00,0001000022,Z100,Z01,ZAR
4500000690,AN,2024-10-11T00:00:00,0001000027,Z100,Z01,ZAR
4500000691,AN,2025-02-08T00:00:00,0001000027,Z100,Z03,ZAR
4500000692,WK,2025-05-29T00:00:00,0001000027,Z100,Z01,ZAR
4500000693,WK,2025-10-16T00:00:00,0001000027,Z100,Z01,ZAR
4500000694,AN,2025-12-29T00:00:00,0001000027,Z100,Z02,ZAR
4500000695,WK,2026-01-20T00:00:00,0001000027,Z100,Z01,ZAR
4500000696,WK,2026-05-08T00:00:00,0001000027,Z100,Z03,ZAR
4500000697,ZDOM,2024-10-17T00:00:00,0001000026,Z100,Z03,ZAR
4500000698,WK,2025-05-27T00:00:00,0001000026,Z100,Z02,ZAR
4500000699,AN,2025-07-10T00:00:00,0001000026,Z100,Z01,ZAR
4500000700,WK,2025-12-12T00:00:00,0001000026,Z100,Z01,ZAR
4500000701,WK,2026-04-30T00:00:00,0001000026,Z100,Z01,ZAR
4500000702,ZDOM,2026-05-07T00:00:00,0001000026,Z100,Z02,ZAR
4500000703,AN,2026-07-22T00:00:00,0001000026,Z100,Z01,ZAR
4500000704,WK,2026-09-01T00:00:00,0001000026,Z100,Z02,ZAR
4500000705,AN,2024-10-05T00:00:00,0001000040,Z100,Z03,ZAR
4500000706,AN,2025-02-06T00:00:00,0001000040,Z100,Z02,ZAR
4500000707,WK,2025-04-30T00:00:00,0001000040,Z100,Z01,ZAR
4500000708,ZDOM,2025-07-01T00:00:00,0001000040,Z100,Z02,ZAR
4500000709,ZDOM,2026-01-02T00:00:00,0001000040,Z100,Z01,ZAR
4500000710,AN,2026-02-04T00:00:00,0001000040,Z100,Z01,ZAR
4500000711,AN,2026-04-15T00:00:00,0001000040,Z100,Z03,ZAR
4500000712,WK,2024-09-23T00:00:00,0001000040,Z100,Z01,ZAR
4500000713,WK,2024-11-07T00:00:00,0001000040,Z100,Z02,ZAR
4500000714,WK,2025-02-25T00:00:00,0001000040,Z100,Z03,ZAR
4500000715,WK,2025-04-23T00:00:00,0001000040,Z100,Z02,ZAR
4500000716,ZDOM,2026-03-04T00:00:00,0001000040,Z100,Z02,ZAR
4500000717,AN,2025-03-20T00:00:00,0001000058,Z100,Z02,ZAR
4500000718,AN,2025-06-27T00:00:00,0001000058,Z100,Z01,ZAR
4500000719,ZDOM,2025-07-10T00:00:00,0001000058,Z100,Z01,ZAR
4500000720,AN,2026-09-06T00:00:00,0001000058,Z100,Z02,ZAR
4500000721,WK,2024-09-17T00:00:00,0001000016,Z100,Z01,ZAR
4500000722,AN,2024-12-01T00:00:00,0001000016,Z100,Z01,ZAR
4500000723,ZDOM,2025-05-16T00:00:00,0001000016,Z100,Z03,ZAR
4500000724,ZDOM,2025-10-20T00:00:00,0001000016,Z100,Z03,ZAR
4500000725,WK,2025-11-29T00:00:00,0001000016,Z100,Z03,ZAR
4500000726,AN,2026-01-05T00:00:00,0001000016,Z100,Z01,ZAR
4500000727,ZDOM,2026-03-25T00:00:00,0001000016,Z100,Z01,ZAR
4500000728,WK,2026-06-13T00:00:00,0001000016,Z100,Z01,ZAR
4500000729,AN,2026-07-17T00:00:00,0001000016,Z100,Z02,ZAR
4500000730,WK,2026-08-22T00:00:00,0001000016,Z100,Z02,ZAR
4500000731,AN,2024-10-02T00:00:00,0001000043,Z100,Z02,ZAR
4500000732,ZDOM,2025-01-23T00:00:00,0001000043,Z100,Z02,ZAR
4500000733,WK,2025-02-11T00:00:00,0001000043,Z100,Z01,ZAR
4500000734,ZDOM,2025-07-21T00:00:00,0001000043,Z100,Z02,ZAR
4500000735,AN,2025-08-18T00:00:00,0001000043,Z100,Z01,ZAR
4500000736,WK,2026-01-21T00:00:00,0001000043,Z100,Z01,ZAR
4500000737,AN,2026-02-26T00:00:00,0001000043,Z100,Z01,ZAR
4500000738,ZDOM,2026-06-30T00:00:00,0001000043,Z100,Z02,ZAR
4500000739,ZDOM,2024-09-22T00:00:00,0001000043,Z100,Z01,ZAR
4500000740,WK,2026-05-24T00:00:00,0001000043,Z100,Z03,ZAR
4500000741,ZDOM,2024-11-18T00:00:00,0001000002,Z100,Z01,ZAR
4500000742,AN,2025-04-05T00:00:00,0001000002,Z100,Z01,ZAR
4500000743,WK,2025-08-05T00:00:00,0001000002,Z100,Z02,ZAR
4500000744,WK,2025-12-11T00:00:00,0001000002,Z100,Z03,ZAR
4500000745,AN,2026-05-06T00:00:00,0001000002,Z100,Z03,ZAR
4500000746,WK,2026-05-10T00:00:00,0001000002,Z100,Z02,ZAR
4500000747,ZDOM,2024-12-16T00:00:00,0001000052,Z100,Z01,ZAR
4500000748,WK,2025-05-10T00:00:00,0001000052,Z100,Z03,ZAR
4500000749,WK,2025-10-04T00:00:00,0001000052,Z100,Z02,ZAR
4500000750,WK,2025-10-13T00:00:00,0001000052,Z100,Z03,ZAR
4500000751,WK,2025-11-26T00:00:00,0001000052,Z100,Z01,ZAR
4500000752,WK,2026-04-30T00:00:00,0001000052,Z100,Z02,ZAR
4500000753,ZDOM,2026-05-22T00:00:00,0001000052,Z100,Z01,ZAR
4500000754,WK,2024-10-20T00:00:00,0001000052,Z100,Z02,ZAR
4500000755,ZDOM,2025-01-12T00:00:00,0001000052,Z100,Z02,ZAR
4500000756,ZDOM,2025-03-03T00:00:00,0001000052,Z100,Z03,ZAR
4500000757,WK,2025-08-27T00:00:00,0001000052,Z100,Z03,ZAR
4500000758,WK,2026-08-06T00:00:00,0001000052,Z100,Z02,ZAR
4500000759,ZDOM,2024-09-11T00:00:00,0001000028,Z100,Z02,ZAR
4500000760,ZDOM,2024-10-03T00:00:00,0001000028,Z100,Z03,ZAR
4500000761,AN,2024-12-29T00:00:00,0001000028,Z100,Z01,ZAR
4500000762,AN,2025-02-01T00:00:00,0001000028,Z100,Z02,ZAR
4500000763,WK,2025-08-13T00:00:00,0001000028,Z100,Z02,ZAR
4500000764,WK,2026-03-28T00:00:00,0001000028,Z100,Z03,ZAR
4500000765,ZDOM,2026-04-29T00:00:00,0001000028,Z100,Z03,ZAR
4500000766,AN,2024-11-01T00:00:00,0001000019,Z100,Z02,ZAR
4500000767,AN,2024-11-28T00:00:00,0001000019,Z100,Z02,ZAR
4500000768,WK,2025-07-31T00:00:00,0001000019,Z100,Z01,ZAR
4500000769,WK,2026-04-28T00:00:00,0001000019,Z100,Z03,ZAR
4500000770,ZDOM,2026-05-19T00:00:00,0001000019,Z100,Z02,ZAR
4500000771,ZDOM,2024-09-22T00:00:00,0001000028,Z100,Z02,ZAR
4500000772,AN,2024-10-18T00:00:00,0001000028,Z100,Z01,ZAR
4500000773,AN,2024-11-23T00:00:00,0001000028,Z100,Z01,ZAR
4500000774,WK,2025-01-09T00:00:00,0001000028,Z100,Z01,ZAR
4500000775,AN,2025-02-17T00:00:00,0001000028,Z100,Z01,ZAR
4500000776,ZDOM,2025-12-15T00:00:00,0001000028,Z100,Z03,ZAR
4500000777,AN,2026-02-23T00:00:00,0001000028,Z100,Z03,ZAR
4500000778,ZDOM,2026-05-17T00:00:00,0001000028,Z100,Z01,ZAR
4500000779,AN,2024-11-03T00:00:00,0001000009,Z100,Z01,ZAR
4500000780,ZDOM,2025-03-23T00:00:00,0001000009,Z100,Z01,ZAR
4500000781,AN,2025-08-13T00:00:00,0001000009,Z100,Z01,ZAR
4500000782,AN,2026-01-09T00:00:00,0001000009,Z100,Z03,ZAR
4500000783,AN,2026-07-12T00:00:00,0001000009,Z100,Z03,ZAR
4500000784,AN,2026-08-28T00:00:00,0001000009,Z100,Z01,ZAR
4500000785,AN,2024-09-25T00:00:00,0001000009,Z100,Z01,ZAR
4500000786,ZDOM,2024-11-03T00:00:00,0001000009,Z100,Z03,ZAR
4500000787,WK,2024-11-23T00:00:00,0001000009,Z100,Z02,ZAR
4500000788,ZDOM,2024-12-11T00:00:00,0001000009,Z100,Z01,ZAR
4500000789,WK,2025-02-10T00:00:00,0001000009,Z100,Z02,ZAR
4500000790,WK,2025-03-11T00:00:00,0001000009,Z100,Z02,ZAR
4500000791,ZDOM,2026-08-13T00:00:00,0001000009,Z100,Z03,ZAR
4500000792,AN,2025-01-22T00:00:00,0001000030,Z100,Z02,ZAR
4500000793,WK,2025-02-18T00:00:00,0001000030,Z100,Z01,ZAR
4500000794,AN,2025-04-01T00:00:00,0001000030,Z100,Z03,ZAR
4500000795,AN,2025-04-05T00:00:00,0001000030,Z100,Z03,ZAR
4500000796,WK,2025-12-14T00:00:00,0001000030,Z100,Z01,ZAR
4500000797,WK,2026-01-27T00:00:00,0001000030,Z100,Z03,ZAR
4500000798,AN,2026-06-12T00:00:00,0001000030,Z100,Z02,ZAR
4500000799,WK,2024-09-10T00:00:00,0001000037,Z100,Z03,ZAR
4500000800,WK,2024-12-20T00:00:00,0001000037,Z100,Z02,ZAR
4500000801,AN,2025-03-22T00:00:00,0001000037,Z100,Z02,ZAR
4500000802,AN,2025-05-07T00:00:00,0001000037,Z100,Z01,ZAR
4500000803,WK,2025-05-23T00:00:00,0001000037,Z100,Z01,ZAR
4500000804,AN,2025-12-02T00:00:00,0001000037,Z100,Z01,ZAR
4500000805,WK,2026-03-19T00:00:00,0001000037,Z100,Z02,ZAR
4500000806,ZDOM,2026-06-24T00:00:00,0001000037,Z100,Z03,ZAR
4500000807,WK,2024-12-12T00:00:00,0001000050,Z100,Z02,ZAR
4500000808,ZDOM,2024-12-07T00:00:00,0001000050,Z100,Z01,ZAR
4500000809,AN,2025-04-14T00:00:00,0001000050,Z100,Z03,ZAR
4500000810,AN,2025-08-27T00:00:00,0001000050,Z100,Z03,ZAR
4500000811,ZDOM,2025-11-16T00:00:00,0001000050,Z100,Z01,ZAR
4500000812,AN,2026-03-18T00:00:00,0001000050,Z100,Z03,ZAR
4500000813,WK,2026-06-23T00:00:00,0001000050,Z100,Z01,ZAR
4500000814,ZDOM,2024-10-02T00:00:00,0001000033,Z100,Z02,ZAR
4500000815,WK,2025-01-14T00:00:00,0001000033,Z100,Z03,ZAR
4500000816,AN,2025-11-14T00:00:00,0001000033,Z100,Z03,ZAR
4500000817,ZDOM,2026-05-02T00:00:00,0001000033,Z100,Z01,ZAR
4500000818,AN,2024-12-07T00:00:00,0001000053,Z100,Z02,ZAR
4500000819,AN,2025-04-03T00:00:00,0001000053,Z100,Z02,ZAR
4500000820,ZDOM,2025-10-22T00:00:00,0001000053,Z100,Z02,ZAR
4500000821,WK,2026-03-14T00:00:00,0001000053,Z100,Z01,ZAR
4500000822,WK,2024-09-14T00:00:00,0001000034,Z100,Z01,ZAR
4500000823,ZDOM,2025-02-22T00:00:00,0001000034,Z100,Z01,ZAR
4500000824,WK,2025-07-28T00:00:00,0001000034,Z100,Z02,ZAR
4500000825,AN,2025-09-11T00:00:00,0001000034,Z100,Z01,ZAR
4500000826,ZDOM,2025-11-27T00:00:00,0001000034,Z100,Z01,ZAR
4500000827,WK,2026-03-29T00:00:00,0001000034,Z100,Z01,ZAR
4500000828,AN,2026-09-07T00:00:00,0001000034,Z100,Z01,ZAR
4500000829,ZDOM,2024-10-05T00:00:00,0001000007,Z100,Z03,ZAR
4500000830,AN,2025-08-31T00:00:00,0001000007,Z100,Z01,ZAR
4500000831,AN,2024-09-27T00:00:00,0001000000,Z100,Z03,ZAR
4500000832,ZDOM,2024-10-23T00:00:00,0001000000,Z100,Z02,ZAR
4500000833,WK,2025-08-15T00:00:00,0001000000,Z100,Z02,ZAR
4500000834,ZDOM,2026-06-05T00:00:00,0001000000,Z100,Z02,ZAR
4500000835,AN,2026-08-30T00:00:00,0001000000,Z100,Z03,ZAR
4500000836,AN,2024-09-21T00:00:00,0001000006,Z100,Z03,ZAR
4500000837,WK,2025-05-01T00:00:00,0001000006,Z100,Z02,ZAR
4500000838,ZDOM,2026-06-16T00:00:00,0001000006,Z100,Z02,ZAR
4500000839,AN,2025-08-11T00:00:00,0001000009,Z100,Z02,ZAR
4500000840,ZDOM,2025-11-03T00:00:00,0001000009,Z100,Z01,ZAR
4500000841,WK,2025-10-17T00:00:00,0001000035,Z100,Z02,ZAR
4500000842,AN,2026-06-03T00:00:00,0001000035,Z100,Z02,ZAR
4500000843,ZDOM,2024-10-08T00:00:00,0001000035,Z100,Z02,ZAR
4500000844,AN,2025-10-21T00:00:00,0001000035,Z100,Z01,ZAR
4500000845,WK,2025-11-13T00:00:00,0001000035,Z100,Z03,ZAR
4500000846,AN,2026-03-29T00:00:00,0001000035,Z100,Z01,ZAR
4500000847,WK,2024-10-01T00:00:00,0001000046,Z100,Z03,ZAR
4500000848,ZDOM,2025-05-20T00:00:00,0001000046,Z100,Z03,ZAR
4500000849,WK,2025-06-27T00:00:00,0001000046,Z100,Z01,ZAR
4500000850,ZDOM,2025-12-10T00:00:00,0001000046,Z100,Z02,ZAR
4500000851,WK,2026-02-27T00:00:00,0001000046,Z100,Z03,ZAR
4500000852,ZDOM,2026-09-07T00:00:00,0001000046,Z100,Z02,ZAR
4500000853,WK,2024-10-23T00:00:00,0001000035,Z100,Z01,ZAR
4500000854,WK,2025-05-07T00:00:00,0001000035,Z100,Z02,ZAR
4500000855,AN,2026-01-06T00:00:00,0001000035,Z100,Z01,ZAR
4500000856,WK,2024-09-29T00:00:00,0001000035,Z100,Z03,ZAR
4500000857,ZDOM,2025-03-27T00:00:00,0001000035,Z100,Z02,ZAR
4500000858,WK,2025-04-12T00:00:00,0001000035,Z100,Z03,ZAR
4500000859,ZDOM,2025-09-26T00:00:00,0001000035,Z100,Z02,ZAR
4500000860,WK,2026-05-08T00:00:00,0001000035,Z100,Z03,ZAR
4500000861,WK,2024-09-26T00:00:00,0001000034,Z100,Z02,ZAR
4500000862,WK,2024-11-04T00:00:00,0001000034,Z100,Z01,ZAR
4500000863,ZDOM,2025-01-28T00:00:00,0001000034,Z100,Z02,ZAR
4500000864,AN,2025-03-09T00:00:00,0001000034,Z100,Z02,ZAR
4500000865,WK,2025-08-28T00:00:00,0001000034,Z100,Z03,ZAR
4500000866,WK,2025-10-28T00:00:00,0001000034,Z100,Z01,ZAR
4500000867,WK,2025-12-11T00:00:00,0001000034,Z100,Z01,ZAR
4500000868,ZDOM,2026-01-24T00:00:00,0001000034,Z100,Z01,ZAR
4500000869,WK,2026-05-01T00:00:00,0001000034,Z100,Z03,ZAR
4500000870,ZDOM,2026-08-10T00:00:00,0001000034,Z100,Z02,ZAR
4500000871,ZDOM,2024-10-19T00:00:00,0001000056,Z100,Z02,ZAR
4500000872,WK,2025-03-13T00:00:00,0001000056,Z100,Z01,ZAR
4500000873,AN,2025-06-11T00:00:00,0001000056,Z100,Z02,ZAR
4500000874,AN,2025-12-14T00:00:00,0001000056,Z100,Z01,ZAR
4500000875,AN,2025-02-04T00:00:00,0001000019,Z100,Z01,ZAR
4500000876,ZDOM,2025-03-03T00:00:00,0001000019,Z100,Z01,ZAR
4500000877,AN,2025-03-08T00:00:00,0001000019,Z100,Z03,ZAR
4500000878,WK,2025-04-29T00:00:00,0001000019,Z100,Z01,ZAR
4500000879,WK,2025-10-19T00:00:00,0001000019,Z100,Z02,ZAR
4500000880,AN,2026-02-24T00:00:00,0001000019,Z100,Z03,ZAR
4500000881,ZDOM,2025-09-28T00:00:00,0001000019,Z100,Z01,ZAR
4500000882,WK,2025-10-08T00:00:00,0001000019,Z100,Z01,ZAR
4500000883,ZDOM,2025-12-01T00:00:00,0001000019,Z100,Z02,ZAR
4500000884,WK,2026-01-04T00:00:00,0001000019,Z100,Z01,ZAR
4500000885,WK,2026-07-24T00:00:00,0001000019,Z100,Z03,ZAR
4500000886,ZDOM,2024-09-07T00:00:00,0001000004,Z100,Z01,ZAR
4500000887,WK,2025-08-29T00:00:00,0001000004,Z100,Z03,ZAR
4500000888,AN,2025-10-27T00:00:00,0001000004,Z100,Z02,ZAR
4500000889,WK,2026-06-05T00:00:00,0001000004,Z100,Z01,ZAR
4500000890,WK,2024-11-25T00:00:00,0001000047,Z100,Z03,ZAR
4500000891,WK,2025-08-08T00:00:00,0001000047,Z100,Z02,ZAR
4500000892,ZDOM,2026-07-22T00:00:00,0001000047,Z100,Z03,ZAR
4500000893,AN,2024-09-15T00:00:00,0001000044,Z100,Z01,ZAR
4500000894,ZDOM,2024-12-12T00:00:00,0001000044,Z100,Z02,ZAR
4500000895,ZDOM,2025-07-15T00:00:00,0001000044,Z100,Z02,ZAR
4500000896,AN,2025-08-11T00:00:00,0001000044,Z100,Z02,ZAR
4500000897,WK,2025-09-16T00:00:00,0001000044,Z100,Z03,ZAR
4500000898,AN,2025-12-13T00:00:00,0001000044,Z100,Z03,ZAR
4500000899,AN,2026-02-06T00:00:00,0001000044,Z100,Z01,ZAR
4500000900,AN,2024-12-25T00:00:00,0001000032,Z100,Z02,ZAR
4500000901,ZDOM,2025-10-28T00:00:00,0001000032,Z100,Z02,ZAR
4500000902,AN,2026-07-19T00:00:00,0001000032,Z100,Z01,ZAR
4500000903,AN,2024-09-30T00:00:00,0001000026,Z100,Z02,ZAR
4500000904,ZDOM,2025-05-02T00:00:00,0001000026,Z100,Z01,ZAR
4500000905,WK,2025-07-03T00:00:00,0001000026,Z100,Z01,ZAR
4500000906,ZDOM,2025-07-22T00:00:00,0001000026,Z100,Z02,ZAR
4500000907,AN,2025-08-29T00:00:00,0001000026,Z100,Z03,ZAR
4500000908,WK,2025-11-09T00:00:00,0001000026,Z100,Z02,ZAR
4500000909,ZDOM,2026-02-28T00:00:00,0001000026,Z100,Z03,ZAR
4500000910,WK,2024-09-22T00:00:00,0001000058,Z100,Z02,ZAR
4500000911,AN,2026-01-13T00:00:00,0001000058,Z100,Z03,ZAR
4500000912,AN,2026-06-22T00:00:00,0001000058,Z100,Z01,ZAR
4500000913,AN,2026-07-18T00:00:00,0001000058,Z100,Z03,ZAR
4500000914,ZDOM,2026-08-11T00:00:00,0001000058,Z100,Z02,ZAR
4500000915,WK,2024-11-06T00:00:00,0001000040,Z100,Z02,ZAR
4500000916,AN,2025-08-26T00:00:00,0001000040,Z100,Z01,ZAR
4500000917,WK,2025-09-27T00:00:00,0001000040,Z100,Z01,ZAR
4500000918,WK,2026-03-31T00:00:00,0001000040,Z100,Z02,ZAR
4500000919,AN,2025-06-07T00:00:00,0001000011,Z100,Z02,ZAR
4500000920,AN,2026-02-19T00:00:00,0001000011,Z100,Z01,ZAR
4500000921,AN,2026-03-22T00:00:00,0001000011,Z100,Z01,ZAR
4500000922,ZDOM,2026-06-02T00:00:00,0001000011,Z100,Z01,ZAR
4500000923,ZDOM,2025-11-03T00:00:00,0001000011,Z100,Z01,ZAR
4500000924,AN,2025-12-09T00:00:00,0001000011,Z100,Z02,ZAR
4500000925,ZDOM,2024-09-25T00:00:00,0001000037,Z100,Z01,ZAR
4500000926,AN,2024-11-03T00:00:00,0001000037,Z100,Z01,ZAR
4500000927,AN,2025-10-02T00:00:00,0001000037,Z100,Z01,ZAR
4500000928,AN,2024-10-29T00:00:00,0001000037,Z100,Z01,ZAR
4500000929,ZDOM,2025-03-04T00:00:00,0001000037,Z100,Z01,ZAR
4500000930,WK,2026-03-13T00:00:00,0001000037,Z100,Z03,ZAR
4500000931,AN,2026-09-06T00:00:00,0001000037,Z100,Z03,ZAR
4500000932,AN,2025-04-06T00:00:00,0001000035,Z100,Z03,ZAR
4500000933,WK,2025-06-03T00:00:00,0001000035,Z100,Z01,ZAR
4500000934,ZDOM,2026-08-05T00:00:00,0001000035,Z100,Z03,ZAR
4500000935,ZDOM,2024-11-22T00:00:00,0001000007,Z100,Z02,ZAR
4500000936,WK,2024-12-12T00:00:00,0001000007,Z100,Z01,ZAR
4500000937,AN,2025-05-28T00:00:00,0001000007,Z100,Z01,ZAR
4500000938,AN,2026-02-25T00:00:00,0001000007,Z100,Z03,ZAR
4500000939,ZDOM,2026-03-27T00:00:00,0001000007,Z100,Z03,ZAR
4500000940,WK,2024-09-14T00:00:00,0001000031,Z100,Z02,ZAR
4500000941,WK,2024-10-16T00:00:00,0001000031,Z100,Z01,ZAR
4500000942,WK,2024-11-20T00:00:00,0001000031,Z100,Z01,ZAR
4500000943,AN,2025-03-29T00:00:00,0001000031,Z100,Z03,ZAR
4500000944,ZDOM,2025-05-30T00:00:00,0001000031,Z100,Z02,ZAR
4500000945,WK,2026-02-21T00:00:00,0001000031,Z100,Z01,ZAR
4500000946,ZDOM,2024-09-21T00:00:00,0001000051,Z100,Z03,ZAR
4500000947,WK,2025-07-01T00:00:00,0001000051,Z100,Z03,ZAR
4500000948,ZDOM,2026-06-29T00:00:00,0001000051,Z100,Z03,ZAR
4500000949,WK,2024-11-24T00:00:00,0001000003,Z100,Z03,ZAR
4500000950,AN,2025-05-10T00:00:00,0001000003,Z100,Z03,ZAR
4500000951,ZDOM,2025-12-30T00:00:00,0001000003,Z100,Z02,ZAR
4500000952,ZDOM,2026-06-02T00:00:00,0001000003,Z100,Z03,ZAR
4500000953,ZDOM,2024-10-08T00:00:00,0001000016,Z100,Z02,ZAR
4500000954,AN,2025-04-18T00:00:00,0001000016,Z100,Z03,ZAR
4500000955,AN,2026-01-23T00:00:00,0001000016,Z100,Z01,ZAR
4500000956,WK,2024-10-25T00:00:00,0001000004,Z100,Z03,ZAR
4500000957,WK,2024-11-10T00:00:00,0001000004,Z100,Z02,ZAR
4500000958,WK,2025-01-06T00:00:00,0001000004,Z100,Z01,ZAR
4500000959,ZDOM,2026-01-12T00:00:00,0001000004,Z100,Z03,ZAR
4500000960,WK,2026-08-27T00:00:00,0001000004,Z100,Z01,ZAR
4500000961,ZDOM,2024-12-29T00:00:00,0001000051,Z100,Z03,ZAR
4500000962,WK,2025-01-25T00:00:00,0001000051,Z100,Z03,ZAR
4500000963,ZDOM,2025-03-11T00:00:00,0001000051,Z100,Z01,ZAR
4500000964,ZDOM,2025-04-21T00:00:00,0001000051,Z100,Z03,ZAR
4500000965,WK,2025-06-08T00:00:00,0001000051,Z100,Z03,ZAR
4500000966,ZDOM,2025-10-09T00:00:00,0001000051,Z100,Z01,ZAR
4500000967,AN,2026-02-13T00:00:00,0001000051,Z100,Z03,ZAR
4500000968,ZDOM,2026-03-21T00:00:00,0001000051,Z100,Z01,ZAR
4500000969,WK,2026-04-15T00:00:00,0001000051,Z100,Z03,ZAR
4500000970,AN,2026-05-10T00:00:00,0001000051,Z100,Z02,ZAR
4500000971,WK,2026-07-03T00:00:00,0001000051,Z100,Z02,ZAR
4500000972,ZDOM,2026-07-28T00:00:00,0001000051,Z100,Z01,ZAR
4500000973,WK,2024-12-25T00:00:00,0001000009,Z100,Z01,ZAR
4500000974,ZDOM,2025-09-21T00:00:00,0001000009,Z100,Z01,ZAR
4500000975,ZDOM,2025-11-14T00:00:00,0001000009,Z100,Z01,ZAR
4500000976,WK,2026-01-13T00:00:00,0001000009,Z100,Z03,ZAR
4500000977,AN,2026-08-03T00:00:00,0001000009,Z100,Z01,ZAR
4500000978,ZDOM,2024-09-16T00:00:00,0001000009,Z100,Z01,ZAR
4500000979,ZDOM,2024-12-30T00:00:00,0001000009,Z100,Z01,ZAR
4500000980,WK,2026-02-02T00:00:00,0001000009,Z100,Z02,ZAR
4500000981,WK,2026-06-10T00:00:00,0001000009,Z100,Z03,ZAR
4500000982,AN,2024-09-11T00:00:00,0001000016,Z100,Z03,ZAR
4500000983,AN,2025-02-08T00:00:00,0001000016,Z100,Z01,ZAR
4500000984,AN,2026-06-17T00:00:00,0001000016,Z100,Z01,ZAR
4500000985,WK,2024-12-21T00:00:00,0001000016,Z100,Z01,ZAR
4500000986,AN,2025-04-10T00:00:00,0001000016,Z100,Z03,ZAR
4500000987,AN,2025-08-09T00:00:00,0001000016,Z100,Z01,ZAR
4500000988,AN,2025-10-24T00:00:00,0001000016,Z100,Z02,ZAR
4500000989,WK,2025-12-04T00:00:00,0001000016,Z100,Z01,ZAR
4500000990,WK,2026-03-19T00:00:00,0001000016,Z100,Z03,ZAR
4500000991,ZDOM,2024-09-21T00:00:00,0001000014,Z100,Z01,ZAR
4500000992,WK,2024-11-14T00:00:00,0001000014,Z100,Z03,ZAR
4500000993,AN,2025-10-12T00:00:00,0001000014,Z100,Z02,ZAR
4500000994,WK,2026-06-08T00:00:00,0001000014,Z100,Z01,ZAR
4500000995,ZDOM,2024-10-02T00:00:00,0001000039,Z100,Z03,ZAR
4500000996,AN,2024-10-27T00:00:00,0001000039,Z100,Z01,ZAR
4500000997,AN,2024-11-19T00:00:00,0001000039,Z100,Z01,ZAR
4500000998,ZDOM,2025-12-01T00:00:00,0001000039,Z100,Z01,ZAR
4500000999,AN,2025-12-07T00:00:00,0001000039,Z100,Z03,ZAR
4500001000,AN,2026-01-14T00:00:00,0001000039,Z100,Z01,ZAR
4500001001,ZDOM,2026-02-14T00:00:00,0001000039,Z100,Z01,ZAR
4500001002,AN,2026-04-02T00:00:00,0001000039,Z100,Z02,ZAR
4500001003,ZDOM,2026-04-21T00:00:00,0001000039,Z100,Z02,ZAR
4500001004,ZDOM,2026-08-14T00:00:00,0001000039,Z100,Z01,ZAR
4500001005,WK,2024-09-25T00:00:00,0001000039,Z100,Z03,ZAR
4500001006,WK,2024-10-30T00:00:00,0001000039,Z100,Z02,ZAR
4500001007,AN,2024-12-11T00:00:00,0001000039,Z100,Z02,ZAR
4500001008,WK,2025-05-13T00:00:00,0001000039,Z100,Z01,ZAR
4500001009,AN,2025-09-19T00:00:00,0001000039,Z100,Z01,ZAR
4500001010,WK,2026-03-29T00:00:00,0001000039,Z100,Z03,ZAR
4500001011,ZDOM,2026-04-09T00:00:00,0001000039,Z100,Z01,ZAR
4500001012,ZDOM,2026-07-31T00:00:00,0001000039,Z100,Z01,ZAR
4500001013,AN,2024-12-27T00:00:00,0001000017,Z100,Z02,ZAR
4500001014,ZDOM,2025-03-05T00:00:00,0001000017,Z100,Z03,ZAR
4500001015,WK,2025-07-03T00:00:00,0001000017,Z100,Z03,ZAR
4500001016,AN,2025-10-07T00:00:00,0001000017,Z100,Z02,ZAR
4500001017,WK,2025-12-01T00:00:00,0001000017,Z100,Z02,ZAR
4500001018,AN,2025-12-27T00:00:00,0001000017,Z100,Z01,ZAR
4500001019,AN,2026-01-23T00:00:00,0001000017,Z100,Z01,ZAR
4500001020,ZDOM,2026-06-25T00:00:00,0001000017,Z100,Z03,ZAR
4500001021,ZDOM,2024-10-01T00:00:00,0001000004,Z100,Z03,ZAR
4500001022,AN,2025-02-18T00:00:00,0001000004,Z100,Z02,ZAR
4500001023,AN,2025-09-07T00:00:00,0001000004,Z100,Z01,ZAR
4500001024,WK,2025-09-24T00:00:00,0001000004,Z100,Z03,ZAR
4500001025,ZDOM,2025-12-22T00:00:00,0001000004,Z100,Z03,ZAR
4500001026,WK,2026-01-14T00:00:00,0001000004,Z100,Z02,ZAR
4500001027,WK,2026-03-01T00:00:00,0001000004,Z100,Z02,ZAR
4500001028,AN,2026-05-20T00:00:00,0001000004,Z100,Z03,ZAR
4500001029,WK,2026-07-31T00:00:00,0001000004,Z100,Z02,ZAR
4500001030,WK,2026-08-25T00:00:00,0001000004,Z100,Z01,ZAR
4500001031,ZDOM,2024-09-06T00:00:00,0001000004,Z100,Z03,ZAR
4500001032,AN,2025-05-12T00:00:00,0001000004,Z100,Z01,ZAR
4500001033,AN,2025-10-04T00:00:00,0001000004,Z100,Z01,ZAR
4500001034,AN,2025-11-15T00:00:00,0001000004,Z100,Z01,ZAR
4500001035,AN,2025-03-04T00:00:00,0001000034,Z100,Z02,ZAR
4500001036,ZDOM,2025-09-07T00:00:00,0001000034,Z100,Z02,ZAR
4500001037,ZDOM,2025-12-03T00:00:00,0001000034,Z100,Z01,ZAR
4500001038,ZDOM,2025-12-15T00:00:00,0001000034,Z100,Z02,ZAR
4500001039,ZDOM,2024-09-23T00:00:00,0001000002,Z100,Z03,ZAR
4500001040,WK,2024-10-24T00:00:00,0001000002,Z100,Z03,ZAR
4500001041,WK,2024-12-10T00:00:00,0001000002,Z100,Z03,ZAR
4500001042,AN,2025-06-29T00:00:00,0001000002,Z100,Z02,ZAR
4500001043,AN,2026-06-28T00:00:00,0001000002,Z100,Z01,ZAR
4500001044,AN,2024-09-29T00:00:00,0001000002,Z100,Z01,ZAR
4500001045,AN,2025-03-04T00:00:00,0001000002,Z100,Z02,ZAR
4500001046,WK,2025-03-24T00:00:00,0001000002,Z100,Z01,ZAR
4500001047,WK,2025-04-29T00:00:00,0001000002,Z100,Z03,ZAR
4500001048,AN,2025-08-11T00:00:00,0001000002,Z100,Z02,ZAR
4500001049,WK,2026-07-25T00:00:00,0001000002,Z100,Z03,ZAR
4500001050,ZDOM,2026-08-27T00:00:00,0001000002,Z100,Z01,ZAR
4500001051,ZDOM,2024-10-04T00:00:00,0001000047,Z100,Z03,ZAR
4500001052,ZDOM,2025-05-03T00:00:00,0001000047,Z100,Z02,ZAR
4500001053,WK,2025-06-03T00:00:00,0001000047,Z100,Z02,ZAR
4500001054,ZDOM,2026-01-25T00:00:00,0001000047,Z100,Z02,ZAR
4500001055,ZDOM,2026-04-10T00:00:00,0001000047,Z100,Z01,ZAR
4500001056,WK,2026-01-23T00:00:00,0001000035,Z100,Z02,ZAR
4500001057,AN,2026-05-21T00:00:00,0001000035,Z100,Z01,ZAR
4500001058,ZDOM,2026-06-17T00:00:00,0001000035,Z100,Z03,ZAR
4500001059,AN,2026-07-09T00:00:00,0001000035,Z100,Z03,ZAR
4500001060,WK,2026-08-22T00:00:00,0001000035,Z100,Z01,ZAR
4500001061,AN,2024-09-29T00:00:00,0001000020,Z100,Z02,ZAR
4500001062,AN,2025-08-12T00:00:00,0001000020,Z100,Z02,ZAR
4500001063,WK,2026-04-10T00:00:00,0001000020,Z100,Z03,ZAR
4500001064,AN,2024-09-30T00:00:00,0001000045,Z100,Z02,ZAR
4500001065,AN,2025-05-09T00:00:00,0001000045,Z100,Z02,ZAR
4500001066,WK,2026-02-20T00:00:00,0001000045,Z100,Z01,ZAR
4500001067,WK,2026-06-22T00:00:00,0001000045,Z100,Z01,ZAR
4500001068,WK,2026-07-28T00:00:00,0001000045,Z100,Z02,ZAR
4500001069,ZDOM,2026-08-14T00:00:00,0001000045,Z100,Z02,ZAR
4500001070,AN,2024-10-02T00:00:00,0001000050,Z100,Z01,ZAR
4500001071,AN,2024-10-25T00:00:00,0001000050,Z100,Z01,ZAR
4500001072,ZDOM,2025-02-23T00:00:00,0001000050,Z100,Z02,ZAR
4500001073,ZDOM,2025-06-15T00:00:00,0001000050,Z100,Z03,ZAR
4500001074,AN,2025-09-19T00:00:00,0001000050,Z100,Z01,ZAR
4500001075,ZDOM,2026-01-20T00:00:00,0001000050,Z100,Z03,ZAR
4500001076,AN,2026-02-15T00:00:00,0001000050,Z100,Z01,ZAR
4500001077,ZDOM,2026-03-27T00:00:00,0001000050,Z100,Z01,ZAR
4500001078,WK,2026-07-12T00:00:00,0001000050,Z100,Z01,ZAR
4500001079,ZDOM,2024-09-13T00:00:00,0001000050,Z100,Z03,ZAR
4500001080,AN,2025-01-20T00:00:00,0001000050,Z100,Z03,ZAR
4500001081,WK,2025-02-14T00:00:00,0001000050,Z100,Z01,ZAR
4500001082,AN,2025-10-10T00:00:00,0001000050,Z100,Z01,ZAR
4500001083,WK,2026-02-05T00:00:00,0001000050,Z100,Z02,ZAR
4500001084,WK,2025-04-18T00:00:00,0001000002,Z100,Z03,ZAR
4500001085,ZDOM,2025-05-11T00:00:00,0001000002,Z100,Z01,ZAR
4500001086,WK,2025-09-28T00:00:00,0001000002,Z100,Z01,ZAR
4500001087,ZDOM,2026-01-18T00:00:00,0001000002,Z100,Z02,ZAR
4500001088,AN,2024-09-11T00:00:00,0001000040,Z100,Z01,ZAR
4500001089,WK,2025-08-07T00:00:00,0001000040,Z100,Z03,ZAR
4500001090,ZDOM,2025-08-20T00:00:00,0001000040,Z100,Z03,ZAR
4500001091,AN,2026-05-16T00:00:00,0001000040,Z100,Z01,ZAR
4500001092,AN,2026-06-18T00:00:00,0001000040,Z100,Z02,ZAR
4500001093,AN,2024-10-10T00:00:00,0001000057,Z100,Z03,ZAR
4500001094,AN,2025-09-19T00:00:00,0001000057,Z100,Z01,ZAR
4500001095,ZDOM,2026-02-06T00:00:00,0001000057,Z100,Z02,ZAR
4500001096,WK,2024-09-19T00:00:00,0001000033,Z100,Z01,ZAR
4500001097,ZDOM,2024-10-22T00:00:00,0001000033,Z100,Z03,ZAR
4500001098,AN,2025-07-18T00:00:00,0001000033,Z100,Z02,ZAR
4500001099,AN,2025-08-19T00:00:00,0001000033,Z100,Z01,ZAR
4500001100,AN,2025-12-26T00:00:00,0001000033,Z100,Z01,ZAR
4500001101,ZDOM,2024-10-05T00:00:00,0001000051,Z100,Z01,ZAR
4500001102,AN,2024-10-28T00:00:00,0001000051,Z100,Z03,ZAR
4500001103,AN,2025-05-10T00:00:00,0001000051,Z100,Z03,ZAR
4500001104,WK,2025-06-19T00:00:00,0001000051,Z100,Z03,ZAR
4500001105,ZDOM,2024-09-28T00:00:00,0001000021,Z100,Z01,ZAR
4500001106,ZDOM,2025-02-22T00:00:00,0001000021,Z100,Z02,ZAR
4500001107,WK,2025-08-13T00:00:00,0001000021,Z100,Z02,ZAR
4500001108,WK,2026-02-07T00:00:00,0001000021,Z100,Z03,ZAR
4500001109,WK,2026-02-05T00:00:00,0001000021,Z100,Z03,ZAR
4500001110,WK,2026-08-05T00:00:00,0001000021,Z100,Z02,ZAR
4500001111,WK,2024-12-12T00:00:00,0001000045,Z100,Z01,ZAR
4500001112,ZDOM,2026-03-28T00:00:00,0001000045,Z100,Z01,ZAR
4500001113,AN,2024-10-09T00:00:00,0001000036,Z100,Z03,ZAR
4500001114,AN,2024-11-04T00:00:00,0001000036,Z100,Z01,ZAR
4500001115,WK,2025-04-06T00:00:00,0001000036,Z100,Z03,ZAR
4500001116,WK,2025-04-06T00:00:00,0001000036,Z100,Z03,ZAR
4500001117,AN,2025-09-07T00:00:00,0001000036,Z100,Z03,ZAR
4500001118,ZDOM,2026-04-10T00:00:00,0001000036,Z100,Z02,ZAR
4500001119,AN,2026-07-08T00:00:00,0001000036,Z100,Z03,ZAR
4500001120,ZDOM,2024-09-27T00:00:00,0001000024,Z100,Z02,ZAR
4500001121,ZDOM,2024-10-23T00:00:00,0001000024,Z100,Z02,ZAR
4500001122,AN,2025-10-29T00:00:00,0001000024,Z100,Z02,ZAR
4500001123,ZDOM,2024-11-11T00:00:00,0001000055,Z100,Z02,ZAR
4500001124,WK,2024-12-28T00:00:00,0001000055,Z100,Z02,ZAR
4500001125,ZDOM,2025-03-13T00:00:00,0001000055,Z100,Z01,ZAR
4500001126,WK,2025-05-31T00:00:00,0001000055,Z100,Z01,ZAR
4500001127,AN,2025-08-10T00:00:00,0001000055,Z100,Z01,ZAR
4500001128,ZDOM,2025-11-28T00:00:00,0001000055,Z100,Z02,ZAR
4500001129,WK,2026-02-20T00:00:00,0001000055,Z100,Z03,ZAR
4500001130,WK,2026-04-10T00:00:00,0001000055,Z100,Z01,ZAR
4500001131,AN,2026-05-16T00:00:00,0001000055,Z100,Z01,ZAR
4500001132,WK,2026-06-09T00:00:00,0001000055,Z100,Z03,ZAR
4500001133,ZDOM,2025-07-06T00:00:00,0001000019,Z100,Z03,ZAR
4500001134,ZDOM,2025-07-26T00:00:00,0001000019,Z100,Z02,ZAR
4500001135,WK,2025-10-30T00:00:00,0001000019,Z100,Z01,ZAR
4500001136,WK,2025-11-04T00:00:00,0001000019,Z100,Z01,ZAR
4500001137,AN,2026-02-12T00:00:00,0001000019,Z100,Z03,ZAR
4500001138,WK,2026-03-21T00:00:00,0001000019,Z100,Z02,ZAR
4500001139,WK,2026-08-20T00:00:00,0001000019,Z100,Z02,ZAR
4500001140,ZDOM,2024-09-03T00:00:00,0001000008,Z100,Z02,ZAR
4500001141,ZDOM,2025-09-13T00:00:00,0001000008,Z100,Z01,ZAR
4500001142,AN,2025-10-29T00:00:00,0001000008,Z100,Z03,ZAR
4500001143,WK,2025-12-31T00:00:00,0001000008,Z100,Z01,ZAR
4500001144,WK,2024-09-30T00:00:00,0001000045,Z100,Z03,ZAR
4500001145,AN,2024-11-26T00:00:00,0001000045,Z100,Z03,ZAR
4500001146,ZDOM,2024-12-26T00:00:00,0001000045,Z100,Z02,ZAR
4500001147,ZDOM,2025-03-13T00:00:00,0001000045,Z100,Z01,ZAR
4500001148,AN,2025-05-14T00:00:00,0001000045,Z100,Z01,ZAR
4500001149,AN,2025-08-02T00:00:00,0001000045,Z100,Z02,ZAR
4500001150,ZDOM,2025-10-23T00:00:00,0001000045,Z100,Z02,ZAR
4500001151,WK,2025-11-28T00:00:00,0001000045,Z100,Z01,ZAR
4500001152,WK,2026-02-13T00:00:00,0001000045,Z100,Z01,ZAR
4500001153,AN,2026-04-06T00:00:00,0001000045,Z100,Z03,ZAR
4500001154,ZDOM,2026-06-26T00:00:00,0001000045,Z100,Z03,ZAR
4500001155,ZDOM,2026-08-10T00:00:00,0001000045,Z100,Z02,ZAR
4500001156,ZDOM,2024-09-30T00:00:00,0001000045,Z100,Z02,ZAR
4500001157,ZDOM,2025-02-28T00:00:00,0001000045,Z100,Z01,ZAR
4500001158,ZDOM,2025-09-20T00:00:00,0001000045,Z100,Z02,ZAR
4500001159,AN,2025-10-20T00:00:00,0001000045,Z100,Z03,ZAR
4500001160,ZDOM,2025-12-18T00:00:00,0001000045,Z100,Z01,ZAR
4500001161,AN,2026-06-11T00:00:00,0001000045,Z100,Z01,ZAR
4500001162,ZDOM,2026-09-05T00:00:00,0001000045,Z100,Z02,ZAR
4500001163,ZDOM,2024-09-26T00:00:00,0001000008,Z100,Z02,ZAR
4500001164,WK,2025-06-25T00:00:00,0001000008,Z100,Z01,ZAR
4500001165,ZDOM,2026-02-24T00:00:00,0001000008,Z100,Z02,ZAR
4500001166,WK,2026-04-01T00:00:00,0001000008,Z100,Z03,ZAR
4500001167,ZDOM,2026-04-07T00:00:00,0001000008,Z100,Z02,ZAR
4500001168,AN,2024-12-22T00:00:00,0001000027,Z100,Z01,ZAR
4500001169,ZDOM,2025-08-26T00:00:00,0001000027,Z100,Z01,ZAR
4500001170,AN,2025-09-10T00:00:00,0001000027,Z100,Z03,ZAR
4500001171,ZDOM,2025-11-02T00:00:00,0001000027,Z100,Z02,ZAR
4500001172,AN,2025-11-07T00:00:00,0001000027,Z100,Z03,ZAR
4500001173,WK,2024-09-17T00:00:00,0001000007,Z100,Z01,ZAR
4500001174,WK,2025-04-14T00:00:00,0001000007,Z100,Z03,ZAR
4500001175,WK,2025-06-18T00:00:00,0001000007,Z100,Z03,ZAR
4500001176,AN,2025-07-21T00:00:00,0001000007,Z100,Z03,ZAR
4500001177,ZDOM,2026-08-15T00:00:00,0001000007,Z100,Z02,ZAR
4500001178,AN,2024-09-10T00:00:00,0001000007,Z100,Z01,ZAR
4500001179,AN,2024-12-23T00:00:00,0001000007,Z100,Z03,ZAR
4500001180,WK,2025-03-02T00:00:00,0001000007,Z100,Z03,ZAR
4500001181,AN,2025-04-16T00:00:00,0001000007,Z100,Z03,ZAR
4500001182,WK,2025-09-01T00:00:00,0001000007,Z100,Z02,ZAR
4500001183,AN,2025-10-26T00:00:00,0001000007,Z100,Z03,ZAR
4500001184,ZDOM,2025-11-16T00:00:00,0001000007,Z100,Z02,ZAR
4500001185,ZDOM,2026-01-22T00:00:00,0001000007,Z100,Z01,ZAR
4500001186,ZDOM,2026-03-28T00:00:00,0001000007,Z100,Z02,ZAR
4500001187,WK,2026-05-31T00:00:00,0001000007,Z100,Z03,ZAR
4500001188,AN,2025-09-18T00:00:00,0001000057,Z100,Z01,ZAR
4500001189,WK,2026-06-28T00:00:00,0001000057,Z100,Z02,ZAR
4500001190,ZDOM,2025-04-10T00:00:00,0001000008,Z100,Z01,ZAR
4500001191,AN,2025-09-26T00:00:00,0001000008,Z100,Z01,ZAR
4500001192,ZDOM,2026-03-12T00:00:00,0001000008,Z100,Z02,ZAR
4500001193,WK,2024-12-25T00:00:00,0001000046,Z100,Z03,ZAR
4500001194,WK,2025-01-27T00:00:00,0001000046,Z100,Z01,ZAR
4500001195,ZDOM,2026-02-02T00:00:00,0001000046,Z100,Z02,ZAR
4500001196,ZDOM,2026-02-11T00:00:00,0001000046,Z100,Z01,ZAR
4500001197,WK,2026-07-12T00:00:00,0001000046,Z100,Z03,ZAR
4500001198,AN,2024-09-20T00:00:00,0001000046,Z100,Z03,ZAR
4500001199,AN,2024-10-29T00:00:00,0001000046,Z100,Z02,ZAR
4500001200,WK,2025-02-10T00:00:00,0001000046,Z100,Z02,ZAR
4500001201,ZDOM,2025-03-15T00:00:00,0001000046,Z100,Z02,ZAR
4500001202,ZDOM,2025-05-12T00:00:00,0001000046,Z100,Z03,ZAR
4500001203,ZDOM,2025-07-04T00:00:00,0001000046,Z100,Z01,ZAR
4500001204,AN,2025-07-10T00:00:00,0001000046,Z100,Z03,ZAR
4500001205,AN,2025-09-05T00:00:00,0001000046,Z100,Z02,ZAR
4500001206,ZDOM,2026-06-05T00:00:00,0001000046,Z100,Z01,ZAR
4500001207,ZDOM,2026-07-29T00:00:00,0001000046,Z100,Z02,ZAR
4500001208,WK,2026-08-15T00:00:00,0001000046,Z100,Z03,ZAR
4500001209,AN,2025-02-19T00:00:00,0001000021,Z100,Z02,ZAR
4500001210,WK,2025-07-15T00:00:00,0001000021,Z100,Z03,ZAR
4500001211,WK,2025-08-22T00:00:00,0001000021,Z100,Z01,ZAR
4500001212,AN,2025-12-29T00:00:00,0001000021,Z100,Z01,ZAR
4500001213,WK,2026-02-21T00:00:00,0001000021,Z100,Z03,ZAR
4500001214,ZDOM,2026-03-24T00:00:00,0001000021,Z100,Z02,ZAR
4500001215,WK,2026-07-09T00:00:00,0001000021,Z100,Z01,ZAR
4500001216,ZDOM,2026-07-27T00:00:00,0001000021,Z100,Z03,ZAR
4500001217,WK,2024-09-15T00:00:00,0001000002,Z100,Z01,ZAR
4500001218,ZDOM,2025-07-28T00:00:00,0001000002,Z100,Z01,ZAR
4500001219,WK,2025-11-20T00:00:00,0001000002,Z100,Z01,ZAR
4500001220,ZDOM,2024-11-02T00:00:00,0001000002,Z100,Z03,ZAR
4500001221,WK,2025-04-24T00:00:00,0001000002,Z100,Z02,ZAR
4500001222,AN,2025-05-23T00:00:00,0001000002,Z100,Z03,ZAR
4500001223,ZDOM,2025-12-02T00:00:00,0001000002,Z100,Z02,ZAR
4500001224,ZDOM,2026-05-26T00:00:00,0001000002,Z100,Z02,ZAR
4500001225,AN,2026-06-10T00:00:00,0001000002,Z100,Z01,ZAR
4500001226,WK,2024-09-28T00:00:00,0001000021,Z100,Z02,ZAR
4500001227,ZDOM,2025-09-27T00:00:00,0001000021,Z100,Z01,ZAR
4500001228,ZDOM,2026-07-15T00:00:00,0001000021,Z100,Z02,ZAR
4500001229,AN,2024-10-27T00:00:00,0001000001,Z100,Z01,ZAR
4500001230,ZDOM,2025-07-13T00:00:00,0001000001,Z100,Z01,ZAR
4500001231,ZDOM,2025-08-16T00:00:00,0001000001,Z100,Z03,ZAR
4500001232,ZDOM,2025-10-04T00:00:00,0001000001,Z100,Z02,ZAR
4500001233,ZDOM,2025-11-19T00:00:00,0001000001,Z100,Z01,ZAR
4500001234,ZDOM,2026-04-04T00:00:00,0001000001,Z100,Z03,ZAR
4500001235,WK,2026-04-20T00:00:00,0001000001,Z100,Z03,ZAR
4500001236,WK,2024-09-13T00:00:00,0001000015,Z100,Z03,ZAR
4500001237,WK,2025-02-28T00:00:00,0001000015,Z100,Z02,ZAR
4500001238,ZDOM,2024-11-04T00:00:00,0001000015,Z100,Z01,ZAR
4500001239,AN,2024-11-10T00:00:00,0001000015,Z100,Z03,ZAR
4500001240,WK,2025-10-08T00:00:00,0001000015,Z100,Z02,ZAR
4500001241,WK,2026-02-16T00:00:00,0001000015,Z100,Z03,ZAR
4500001242,AN,2024-12-01T00:00:00,0001000023,Z100,Z03,ZAR
4500001243,ZDOM,2025-03-10T00:00:00,0001000023,Z100,Z01,ZAR
4500001244,AN,2025-08-28T00:00:00,0001000023,Z100,Z03,ZAR
4500001245,AN,2025-12-18T00:00:00,0001000023,Z100,Z01,ZAR
4500001246,ZDOM,2026-04-02T00:00:00,0001000023,Z100,Z01,ZAR
4500001247,WK,2026-04-07T00:00:00,0001000023,Z100,Z01,ZAR
4500001248,AN,2026-07-12T00:00:00,0001000023,Z100,Z02,ZAR
4500001249,ZDOM,2024-10-05T00:00:00,0001000003,Z100,Z02,ZAR
4500001250,ZDOM,2024-10-10T00:00:00,0001000003,Z100,Z03,ZAR
4500001251,ZDOM,2024-12-11T00:00:00,0001000003,Z100,Z01,ZAR
4500001252,ZDOM,2026-03-19T00:00:00,0001000003,Z100,Z02,ZAR
4500001253,ZDOM,2026-04-20T00:00:00,0001000003,Z100,Z03,ZAR
4500001254,WK,2026-06-04T00:00:00,0001000003,Z100,Z01,ZAR
4500001255,AN,2026-06-18T00:00:00,0001000003,Z100,Z02,ZAR
4500001256,AN,2025-05-24T00:00:00,0001000031,Z100,Z03,ZAR
4500001257,AN,2025-06-12T00:00:00,0001000031,Z100,Z01,ZAR
4500001258,ZDOM,2025-09-10T00:00:00,0001000031,Z100,Z01,ZAR
4500001259,ZDOM,2026-07-14T00:00:00,0001000031,Z100,Z02,ZAR
4500001260,WK,2024-09-25T00:00:00,0001000041,Z100,Z02,ZAR
4500001261,ZDOM,2025-01-27T00:00:00,0001000041,Z100,Z03,ZAR
4500001262,WK,2025-04-04T00:00:00,0001000041,Z100,Z02,ZAR
4500001263,AN,2025-09-22T00:00:00,0001000041,Z100,Z03,ZAR
4500001264,WK,2026-08-26T00:00:00,0001000041,Z100,Z03,ZAR
4500001265,ZDOM,2025-03-02T00:00:00,0001000001,Z100,Z01,ZAR
4500001266,AN,2025-04-09T00:00:00,0001000001,Z100,Z01,ZAR
4500001267,ZDOM,2025-06-19T00:00:00,0001000001,Z100,Z03,ZAR
4500001268,AN,2024-09-09T00:00:00,0001000041,Z100,Z01,ZAR
4500001269,WK,2024-10-28T00:00:00,0001000041,Z100,Z02,ZAR
4500001270,AN,2025-02-24T00:00:00,0001000041,Z100,Z03,ZAR
4500001271,WK,2025-12-17T00:00:00,0001000041,Z100,Z02,ZAR
4500001272,AN,2026-01-08T00:00:00,0001000041,Z100,Z03,ZAR
4500001273,ZDOM,2024-09-26T00:00:00,0001000041,Z100,Z02,ZAR
4500001274,AN,2025-04-18T00:00:00,0001000041,Z100,Z01,ZAR
4500001275,ZDOM,2026-07-01T00:00:00,0001000041,Z100,Z02,ZAR
4500001276,ZDOM,2024-12-06T00:00:00,0001000011,Z100,Z03,ZAR
4500001277,WK,2025-05-23T00:00:00,0001000011,Z100,Z02,ZAR
4500001278,ZDOM,2025-10-01T00:00:00,0001000011,Z100,Z01,ZAR
4500001279,AN,2025-10-30T00:00:00,0001000011,Z100,Z01,ZAR
4500001280,WK,2026-04-15T00:00:00,0001000011,Z100,Z02,ZAR
4500001281,WK,2025-04-19T00:00:00,0001000018,Z100,Z01,ZAR
4500001282,WK,2024-09-23T00:00:00,0001000004,Z100,Z01,ZAR
4500001283,ZDOM,2026-01-10T00:00:00,0001000004,Z100,Z01,ZAR
4500001284,AN,2026-02-11T00:00:00,0001000004,Z100,Z01,ZAR
4500001285,WK,2026-08-08T00:00:00,0001000004,Z100,Z03,ZAR
4500001286,ZDOM,2024-09-18T00:00:00,0001000004,Z100,Z02,ZAR
4500001287,ZDOM,2025-03-16T00:00:00,0001000004,Z100,Z03,ZAR
4500001288,ZDOM,2025-08-28T00:00:00,0001000004,Z100,Z02,ZAR
4500001289,WK,2025-09-18T00:00:00,0001000004,Z100,Z01,ZAR
4500001290,WK,2026-05-21T00:00:00,0001000004,Z100,Z02,ZAR
4500001291,AN,2024-10-23T00:00:00,0001000013,Z100,Z03,ZAR
4500001292,ZDOM,2025-03-31T00:00:00,0001000013,Z100,Z02,ZAR
4500001293,ZDOM,2025-08-13T00:00:00,0001000013,Z100,Z02,ZAR
4500001294,WK,2026-02-03T00:00:00,0001000013,Z100,Z01,ZAR
4500001295,AN,2026-06-22T00:00:00,0001000013,Z100,Z03,ZAR
4500001296,ZDOM,2024-10-12T00:00:00,0001000037,Z100,Z03,ZAR
4500001297,ZDOM,2025-02-18T00:00:00,0001000037,Z100,Z01,ZAR
4500001298,WK,2025-08-27T00:00:00,0001000037,Z100,Z03,ZAR
4500001299,AN,2025-12-18T00:00:00,0001000037,Z100,Z01,ZAR
4500001300,AN,2026-01-25T00:00:00,0001000037,Z100,Z01,ZAR
4500001301,WK,2026-07-09T00:00:00,0001000037,Z100,Z02,ZAR
4500001302,AN,2024-12-19T00:00:00,0001000037,Z100,Z01,ZAR
4500001303,ZDOM,2025-06-01T00:00:00,0001000037,Z100,Z02,ZAR
4500001304,ZDOM,2025-11-20T00:00:00,0001000037,Z100,Z03,ZAR
4500001305,ZDOM,2026-05-03T00:00:00,0001000037,Z100,Z01,ZAR
4500001306,ZDOM,2024-09-16T00:00:00,0001000005,Z100,Z01,ZAR
4500001307,WK,2025-03-14T00:00:00,0001000005,Z100,Z02,ZAR
4500001308,ZDOM,2025-09-17T00:00:00,0001000005,Z100,Z03,ZAR
4500001309,WK,2026-04-17T00:00:00,0001000005,Z100,Z03,ZAR
4500001310,AN,2024-09-26T00:00:00,0001000005,Z100,Z03,ZAR
4500001311,AN,2025-03-23T00:00:00,0001000005,Z100,Z03,ZAR
4500001312,ZDOM,2025-05-03T00:00:00,0001000005,Z100,Z03,ZAR
4500001313,AN,2025-05-10T00:00:00,0001000005,Z100,Z03,ZAR
4500001314,WK,2025-10-06T00:00:00,0001000005,Z100,Z03,ZAR
4500001315,ZDOM,2026-01-22T00:00:00,0001000005,Z100,Z01,ZAR
4500001316,ZDOM,2026-02-11T00:00:00,0001000005,Z100,Z01,ZAR
4500001317,ZDOM,2026-08-22T00:00:00,0001000005,Z100,Z01,ZAR
4500001318,WK,2025-08-13T00:00:00,0001000013,Z100,Z01,ZAR
4500001319,ZDOM,2026-04-27T00:00:00,0001000013,Z100,Z02,ZAR
4500001320,ZDOM,2026-05-24T00:00:00,0001000013,Z100,Z01,ZAR
4500001321,AN,2025-02-10T00:00:00,0001000013,Z100,Z02,ZAR
4500001322,AN,2025-05-19T00:00:00,0001000013,Z100,Z02,ZAR
4500001323,AN,2025-07-22T00:00:00,0001000013,Z100,Z03,ZAR
4500001324,WK,2025-10-06T00:00:00,0001000013,Z100,Z01,ZAR
4500001325,WK,2025-12-20T00:00:00,0001000013,Z100,Z01,ZAR
4500001326,WK,2025-12-20T00:00:00,0001000006,Z100,Z03,ZAR
4500001327,WK,2026-03-20T00:00:00,0001000006,Z100,Z01,ZAR
4500001328,WK,2026-06-13T00:00:00,0001000006,Z100,Z03,ZAR
4500001329,WK,2026-02-22T00:00:00,0001000006,Z100,Z01,ZAR
4500001330,WK,2026-03-08T00:00:00,0001000006,Z100,Z02,ZAR
4500001331,WK,2025-02-09T00:00:00,0001000008,Z100,Z03,ZAR
4500001332,AN,2025-03-08T00:00:00,0001000008,Z100,Z03,ZAR
4500001333,ZDOM,2025-04-25T00:00:00,0001000008,Z100,Z02,ZAR
4500001334,AN,2025-06-12T00:00:00,0001000008,Z100,Z01,ZAR
4500001335,ZDOM,2025-11-24T00:00:00,0001000008,Z100,Z01,ZAR
4500001336,AN,2026-05-11T00:00:00,0001000008,Z100,Z02,ZAR
4500001337,WK,2026-06-21T00:00:00,0001000008,Z100,Z02,ZAR
4500001338,WK,2026-09-03T00:00:00,0001000008,Z100,Z01,ZAR
4500001339,WK,2024-09-20T00:00:00,0001000029,Z100,Z01,ZAR
4500001340,ZDOM,2025-01-19T00:00:00,0001000029,Z100,Z03,ZAR
4500001341,ZDOM,2025-05-09T00:00:00,0001000029,Z100,Z03,ZAR
4500001342,AN,2025-10-22T00:00:00,0001000029,Z100,Z03,ZAR
4500001343,ZDOM,2025-12-04T00:00:00,0001000029,Z100,Z03,ZAR
4500001344,AN,2024-09-22T00:00:00,0001000007,Z100,Z01,ZAR
4500001345,AN,2024-10-19T00:00:00,0001000007,Z100,Z01,ZAR
4500001346,ZDOM,2026-01-17T00:00:00,0001000007,Z100,Z01,ZAR
4500001347,WK,2024-09-17T00:00:00,0001000015,Z100,Z01,ZAR
4500001348,WK,2025-01-20T00:00:00,0001000015,Z100,Z03,ZAR
4500001349,ZDOM,2025-11-10T00:00:00,0001000015,Z100,Z02,ZAR
4500001350,ZDOM,2026-04-21T00:00:00,0001000015,Z100,Z03,ZAR
4500001351,WK,2026-09-05T00:00:00,0001000015,Z100,Z03,ZAR
4500001352,AN,2024-09-16T00:00:00,0001000006,Z100,Z02,ZAR
4500001353,ZDOM,2024-11-29T00:00:00,0001000006,Z100,Z01,ZAR
4500001354,ZDOM,2025-08-15T00:00:00,0001000006,Z100,Z02,ZAR
4500001355,ZDOM,2025-10-26T00:00:00,0001000006,Z100,Z02,ZAR
4500001356,ZDOM,2026-01-29T00:00:00,0001000006,Z100,Z03,ZAR
4500001357,AN,2024-09-26T00:00:00,0001000037,Z100,Z01,ZAR
4500001358,AN,2024-11-29T00:00:00,0001000037,Z100,Z02,ZAR
4500001359,AN,2025-01-28T00:00:00,0001000037,Z100,Z01,ZAR
4500001360,WK,2025-06-20T00:00:00,0001000037,Z100,Z01,ZAR
4500001361,AN,2025-07-06T00:00:00,0001000037,Z100,Z01,ZAR
4500001362,WK,2026-06-13T00:00:00,0001000037,Z100,Z03,ZAR
4500001363,AN,2024-09-08T00:00:00,0001000027,Z100,Z01,ZAR
4500001364,WK,2024-11-16T00:00:00,0001000027,Z100,Z03,ZAR
4500001365,ZDOM,2025-07-03T00:00:00,0001000027,Z100,Z01,ZAR
4500001366,WK,2025-08-11T00:00:00,0001000027,Z100,Z02,ZAR
4500001367,AN,2026-01-24T00:00:00,0001000027,Z100,Z03,ZAR
4500001368,WK,2026-05-12T00:00:00,0001000027,Z100,Z01,ZAR
4500001369,WK,2026-06-14T00:00:00,0001000027,Z100,Z02,ZAR
4500001370,WK,2024-10-09T00:00:00,0001000047,Z100,Z02,ZAR
4500001371,WK,2025-02-26T00:00:00,0001000047,Z100,Z03,ZAR
4500001372,AN,2025-03-17T00:00:00,0001000047,Z100,Z03,ZAR
4500001373,WK,2025-04-15T00:00:00,0001000047,Z100,Z01,ZAR
4500001374,AN,2025-05-31T00:00:00,0001000047,Z100,Z03,ZAR
4500001375,ZDOM,2025-10-28T00:00:00,0001000047,Z100,Z02,ZAR
4500001376,AN,2024-09-14T00:00:00,0001000012,Z100,Z01,ZAR
4500001377,AN,2025-07-03T00:00:00,0001000012,Z100,Z01,ZAR
4500001378,ZDOM,2025-11-23T00:00:00,0001000012,Z100,Z02,ZAR
4500001379,ZDOM,2026-04-28T00:00:00,0001000012,Z100,Z03,ZAR
4500001380,WK,2026-05-06T00:00:00,0001000012,Z100,Z01,ZAR
4500001381,WK,2024-09-27T00:00:00,0001000033,Z100,Z03,ZAR
4500001382,ZDOM,2024-10-07T00:00:00,0001000033,Z100,Z02,ZAR
4500001383,ZDOM,2025-04-06T00:00:00,0001000033,Z100,Z01,ZAR
4500001384,ZDOM,2025-08-21T00:00:00,0001000033,Z100,Z01,ZAR
4500001385,AN,2025-09-17T00:00:00,0001000033,Z100,Z02,ZAR
4500001386,WK,2026-04-09T00:00:00,0001000033,Z100,Z02,ZAR
4500001387,AN,2025-01-02T00:00:00,0001000033,Z100,Z02,ZAR
4500001388,ZDOM,2025-05-08T00:00:00,0001000033,Z100,Z02,ZAR
4500001389,WK,2025-08-13T00:00:00,0001000033,Z100,Z02,ZAR
4500001390,ZDOM,2025-11-03T00:00:00,0001000033,Z100,Z02,ZAR
4500001391,WK,2026-03-26T00:00:00,0001000033,Z100,Z03,ZAR
4500001392,AN,2026-06-13T00:00:00,0001000033,Z100,Z01,ZAR
4500001393,AN,2025-12-21T00:00:00,0001000019,Z100,Z01,ZAR
4500001394,AN,2026-07-17T00:00:00,0001000019,Z100,Z03,ZAR
4500001395,WK,2025-09-07T00:00:00,0001000019,Z100,Z02,ZAR
4500001396,ZDOM,2025-11-29T00:00:00,0001000019,Z100,Z01,ZAR
4500001397,AN,2026-01-07T00:00:00,0001000019,Z100,Z02,ZAR
4500001398,ZDOM,2024-10-12T00:00:00,0001000018,Z100,Z01,ZAR
4500001399,WK,2025-05-04T00:00:00,0001000018,Z100,Z01,ZAR
4500001400,AN,2025-10-05T00:00:00,0001000018,Z100,Z01,ZAR
4500001401,WK,2026-03-11T00:00:00,0001000018,Z100,Z03,ZAR
4500001402,WK,2026-06-07T00:00:00,0001000018,Z100,Z03,ZAR
4500001403,ZDOM,2024-09-12T00:00:00,0001000037,Z100,Z01,ZAR
4500001404,ZDOM,2024-12-20T00:00:00,0001000037,Z100,Z02,ZAR
4500001405,WK,2025-01-15T00:00:00,0001000037,Z100,Z03,ZAR
4500001406,WK,2025-02-17T00:00:00,0001000037,Z100,Z03,ZAR
4500001407,ZDOM,2026-01-07T00:00:00,0001000037,Z100,Z01,ZAR
4500001408,AN,2026-02-23T00:00:00,0001000037,Z100,Z01,ZAR
4500001409,AN,2026-06-28T00:00:00,0001000037,Z100,Z01,ZAR
4500001410,AN,2024-09-22T00:00:00,0001000018,Z100,Z01,ZAR
4500001411,AN,2025-03-17T00:00:00,0001000018,Z100,Z01,ZAR
4500001412,ZDOM,2025-07-31T00:00:00,0001000018,Z100,Z03,ZAR
4500001413,AN,2025-08-27T00:00:00,0001000018,Z100,Z03,ZAR
4500001414,ZDOM,2026-03-01T00:00:00,0001000018,Z100,Z01,ZAR
4500001415,AN,2026-09-07T00:00:00,0001000018,Z100,Z01,ZAR
4500001416,AN,2024-11-20T00:00:00,0001000017,Z100,Z03,ZAR
4500001417,WK,2025-06-28T00:00:00,0001000017,Z100,Z03,ZAR
4500001418,AN,2025-07-06T00:00:00,0001000017,Z100,Z03,ZAR
4500001419,WK,2026-03-29T00:00:00,0001000017,Z100,Z02,ZAR
4500001420,ZDOM,2024-12-22T00:00:00,0001000023,Z100,Z02,ZAR
4500001421,ZDOM,2025-04-26T00:00:00,0001000023,Z100,Z03,ZAR
4500001422,WK,2025-05-27T00:00:00,0001000023,Z100,Z02,ZAR
4500001423,AN,2026-06-14T00:00:00,0001000023,Z100,Z01,ZAR
4500001424,ZDOM,2026-07-12T00:00:00,0001000023,Z100,Z02,ZAR
4500001425,AN,2025-12-28T00:00:00,0001000049,Z100,Z02,ZAR
4500001426,AN,2026-08-25T00:00:00,0001000049,Z100,Z02,ZAR
4500001427,ZDOM,2025-08-27T00:00:00,0001000049,Z100,Z02,ZAR
4500001428,ZDOM,2026-03-02T00:00:00,0001000049,Z100,Z03,ZAR
4500001429,AN,2026-04-26T00:00:00,0001000049,Z100,Z03,ZAR
4500001430,ZDOM,2024-12-03T00:00:00,0001000016,Z100,Z01,ZAR
4500001431,ZDOM,2025-02-07T00:00:00,0001000016,Z100,Z01,ZAR
4500001432,ZDOM,2025-04-27T00:00:00,0001000016,Z100,Z01,ZAR
4500001433,ZDOM,2025-05-13T00:00:00,0001000016,Z100,Z01,ZAR
4500001434,AN,2025-06-14T00:00:00,0001000016,Z100,Z02,ZAR
4500001435,ZDOM,2026-02-19T00:00:00,0001000016,Z100,Z02,ZAR
4500001436,WK,2026-03-29T00:00:00,0001000016,Z100,Z03,ZAR
4500001437,ZDOM,2026-07-06T00:00:00,0001000016,Z100,Z02,ZAR
4500001438,AN,2026-09-07T00:00:00,0001000016,Z100,Z03,ZAR
4500001439,AN,2024-10-02T00:00:00,0001000055,Z100,Z01,ZAR
4500001440,AN,2024-10-19T00:00:00,0001000055,Z100,Z03,ZAR
4500001441,WK,2024-11-27T00:00:00,0001000055,Z100,Z03,ZAR
4500001442,AN,2025-06-05T00:00:00,0001000055,Z100,Z01,ZAR
4500001443,ZDOM,2026-01-30T00:00:00,0001000055,Z100,Z03,ZAR
4500001444,WK,2026-03-03T00:00:00,0001000055,Z100,Z02,ZAR
4500001445,ZDOM,2024-12-18T00:00:00,0001000056,Z100,Z01,ZAR
4500001446,ZDOM,2025-01-11T00:00:00,0001000056,Z100,Z03,ZAR
4500001447,AN,2025-08-14T00:00:00,0001000056,Z100,Z02,ZAR
4500001448,WK,2025-09-29T00:00:00,0001000056,Z100,Z02,ZAR
4500001449,ZDOM,2025-10-18T00:00:00,0001000056,Z100,Z03,ZAR
4500001450,ZDOM,2026-07-27T00:00:00,0001000056,Z100,Z01,ZAR
4500001451,WK,2025-04-14T00:00:00,0001000006,Z100,Z03,ZAR
4500001452,AN,2025-05-26T00:00:00,0001000006,Z100,Z01,ZAR
4500001453,AN,2025-06-28T00:00:00,0001000006,Z100,Z03,ZAR
4500001454,WK,2026-01-19T00:00:00,0001000006,Z100,Z03,ZAR
4500001455,WK,2026-02-22T00:00:00,0001000006,Z100,Z02,ZAR
4500001456,ZDOM,2026-04-06T00:00:00,0001000006,Z100,Z03,ZAR
4500001457,WK,2026-04-23T00:00:00,0001000006,Z100,Z01,ZAR
4500001458,WK,2025-03-23T00:00:00,0001000002,Z100,Z03,ZAR
4500001459,WK,2025-05-24T00:00:00,0001000002,Z100,Z01,ZAR
4500001460,ZDOM,2025-09-17T00:00:00,0001000002,Z100,Z03,ZAR
4500001461,ZDOM,2025-12-11T00:00:00,0001000002,Z100,Z02,ZAR
4500001462,ZDOM,2026-04-09T00:00:00,0001000002,Z100,Z01,ZAR
4500001463,AN,2024-10-07T00:00:00,0001000042,Z100,Z01,ZAR
4500001464,WK,2025-01-25T00:00:00,0001000042,Z100,Z03,ZAR
4500001465,WK,2025-02-24T00:00:00,0001000042,Z100,Z01,ZAR
4500001466,WK,2025-08-01T00:00:00,0001000042,Z100,Z01,ZAR
4500001467,WK,2025-08-24T00:00:00,0001000042,Z100,Z02,ZAR
4500001468,ZDOM,2025-11-24T00:00:00,0001000042,Z100,Z02,ZAR
4500001469,WK,2026-03-16T00:00:00,0001000042,Z100,Z03,ZAR
4500001470,AN,2026-07-10T00:00:00,0001000042,Z100,Z03,ZAR
4500001471,WK,2024-10-07T00:00:00,0001000014,Z100,Z03,ZAR
4500001472,ZDOM,2025-01-14T00:00:00,0001000014,Z100,Z03,ZAR
4500001473,ZDOM,2025-02-27T00:00:00,0001000014,Z100,Z02,ZAR
4500001474,ZDOM,2025-04-01T00:00:00,0001000014,Z100,Z01,ZAR
4500001475,WK,2025-08-16T00:00:00,0001000014,Z100,Z03,ZAR
4500001476,AN,2025-11-10T00:00:00,0001000014,Z100,Z01,ZAR
4500001477,WK,2025-12-10T00:00:00,0001000014,Z100,Z02,ZAR
4500001478,WK,2024-09-05T00:00:00,0001000051,Z100,Z03,ZAR
4500001479,ZDOM,2025-04-07T00:00:00,0001000051,Z100,Z03,ZAR
4500001480,WK,2025-11-01T00:00:00,0001000051,Z100,Z02,ZAR
4500001481,WK,2025-11-10T00:00:00,0001000051,Z100,Z03,ZAR
4500001482,ZDOM,2026-06-16T00:00:00,0001000051,Z100,Z01,ZAR
4500001483,WK,2024-09-24T00:00:00,0001000019,Z100,Z03,ZAR
4500001484,ZDOM,2025-05-31T00:00:00,0001000019,Z100,Z03,ZAR
4500001485,AN,2024-11-19T00:00:00,0001000041,Z100,Z01,ZAR
4500001486,WK,2025-06-23T00:00:00,0001000041,Z100,Z03,ZAR
4500001487,ZDOM,2026-08-30T00:00:00,0001000041,Z100,Z03,ZAR
4500001488,AN,2024-09-03T00:00:00,0001000041,Z100,Z03,ZAR
4500001489,AN,2024-11-01T00:00:00,0001000041,Z100,Z03,ZAR
4500001490,WK,2026-06-30T00:00:00,0001000041,Z100,Z01,ZAR
4500001491,AN,2026-07-17T00:00:00,0001000041,Z100,Z02,ZAR
4500001492,AN,2026-08-18T00:00:00,0001000041,Z100,Z03,ZAR
4500001493,AN,2024-09-25T00:00:00,0001000003,Z100,Z02,ZAR
4500001494,WK,2025-03-23T00:00:00,0001000003,Z100,Z03,ZAR
4500001495,AN,2025-06-29T00:00:00,0001000003,Z100,Z02,ZAR
4500001496,AN,2025-07-27T00:00:00,0001000003,Z100,Z01,ZAR
4500001497,WK,2025-12-29T00:00:00,0001000003,Z100,Z02,ZAR
4500001498,WK,2026-06-17T00:00:00,0001000003,Z100,Z01,ZAR
4500001499,WK,2024-10-27T00:00:00,0001000056,Z100,Z02,ZAR
4500001500,ZDOM,2025-03-20T00:00:00,0001000056,Z100,Z02,ZAR
4500001501,ZDOM,2025-11-01T00:00:00,0001000056,Z100,Z02,ZAR
4500001502,WK,2026-04-16T00:00:00,0001000056,Z100,Z01,ZAR
4500001503,WK,2024-09-27T00:00:00,0001000021,Z100,Z03,ZAR
4500001504,AN,2024-11-25T00:00:00,0001000021,Z100,Z02,ZAR
4500001505,AN,2025-01-01T00:00:00,0001000021,Z100,Z01,ZAR
4500001506,WK,2025-05-06T00:00:00,0001000021,Z100,Z02,ZAR
4500001507,ZDOM,2025-05-06T00:00:00,0001000021,Z100,Z02,ZAR
4500001508,AN,2025-08-17T00:00:00,0001000021,Z100,Z03,ZAR
4500001509,ZDOM,2025-09-27T00:00:00,0001000021,Z100,Z03,ZAR
4500001510,ZDOM,2025-12-07T00:00:00,0001000021,Z100,Z01,ZAR
4500001511,WK,2026-01-31T00:00:00,0001000021,Z100,Z01,ZAR
4500001512,WK,2026-04-02T00:00:00,0001000021,Z100,Z03,ZAR
4500001513,AN,2026-04-12T00:00:00,0001000021,Z100,Z02,ZAR
4500001514,AN,2026-07-06T00:00:00,0001000021,Z100,Z02,ZAR
4500001515,ZDOM,2026-09-07T00:00:00,0001000021,Z100,Z02,ZAR
4500001516,AN,2024-09-09T00:00:00,0001000002,Z100,Z01,ZAR
4500001517,AN,2024-12-23T00:00:00,0001000002,Z100,Z02,ZAR
4500001518,WK,2025-10-06T00:00:00,0001000002,Z100,Z03,ZAR
4500001519,WK,2025-11-14T00:00:00,0001000002,Z100,Z02,ZAR
4500001520,AN,2026-01-30T00:00:00,0001000002,Z100,Z03,ZAR
4500001521,AN,2026-03-27T00:00:00,0001000002,Z100,Z03,ZAR
4500001522,WK,2024-10-23T00:00:00,0001000015,Z100,Z03,ZAR
4500001523,ZDOM,2024-12-02T00:00:00,0001000015,Z100,Z03,ZAR
4500001524,ZDOM,2025-06-04T00:00:00,0001000015,Z100,Z01,ZAR
4500001525,AN,2025-08-05T00:00:00,0001000015,Z100,Z01,ZAR
4500001526,WK,2026-06-23T00:00:00,0001000015,Z100,Z02,ZAR
4500001527,WK,2025-01-13T00:00:00,0001000025,Z100,Z02,ZAR
4500001528,WK,2025-07-26T00:00:00,0001000025,Z100,Z03,ZAR
4500001529,ZDOM,2025-11-17T00:00:00,0001000025,Z100,Z01,ZAR
4500001530,AN,2025-12-06T00:00:00,0001000025,Z100,Z01,ZAR
4500001531,ZDOM,2024-09-07T00:00:00,0001000048,Z100,Z03,ZAR
4500001532,ZDOM,2024-10-06T00:00:00,0001000048,Z100,Z03,ZAR
4500001533,WK,2024-12-21T00:00:00,0001000048,Z100,Z01,ZAR
4500001534,WK,2025-01-28T00:00:00,0001000048,Z100,Z02,ZAR
4500001535,AN,2026-02-21T00:00:00,0001000048,Z100,Z01,ZAR
4500001536,WK,2026-05-21T00:00:00,0001000048,Z100,Z03,ZAR
4500001537,AN,2024-11-08T00:00:00,0001000048,Z100,Z01,ZAR
4500001538,ZDOM,2025-07-14T00:00:00,0001000048,Z100,Z01,ZAR
4500001539,AN,2026-03-22T00:00:00,0001000048,Z100,Z02,ZAR
4500001540,ZDOM,2026-04-28T00:00:00,0001000048,Z100,Z03,ZAR
4500001541,AN,2026-07-06T00:00:00,0001000048,Z100,Z01,ZAR
4500001542,WK,2024-11-08T00:00:00,0001000004,Z100,Z02,ZAR
4500001543,AN,2026-01-29T00:00:00,0001000004,Z100,Z01,ZAR
4500001544,WK,2026-02-17T00:00:00,0001000004,Z100,Z03,ZAR
4500001545,ZDOM,2026-05-10T00:00:00,0001000004,Z100,Z02,ZAR
4500001546,WK,2024-10-27T00:00:00,0001000040,Z100,Z01,ZAR
4500001547,WK,2024-12-25T00:00:00,0001000040,Z100,Z02,ZAR
4500001548,ZDOM,2025-06-30T00:00:00,0001000040,Z100,Z02,ZAR
4500001549,WK,2025-12-15T00:00:00,0001000040,Z100,Z02,ZAR
4500001550,WK,2026-04-07T00:00:00,0001000040,Z100,Z02,ZAR
4500001551,ZDOM,2026-07-19T00:00:00,0001000040,Z100,Z02,ZAR
4500001552,AN,2024-09-25T00:00:00,0001000040,Z100,Z02,ZAR
4500001553,AN,2025-07-29T00:00:00,0001000040,Z100,Z02,ZAR
4500001554,WK,2025-08-19T00:00:00,0001000040,Z100,Z02,ZAR
4500001555,ZDOM,2025-10-12T00:00:00,0001000040,Z100,Z01,ZAR
4500001556,WK,2026-06-14T00:00:00,0001000040,Z100,Z03,ZAR
4500001557,WK,2025-01-08T00:00:00,0001000054,Z100,Z02,ZAR
4500001558,WK,2025-12-03T00:00:00,0001000054,Z100,Z03,ZAR
4500001559,ZDOM,2026-01-02T00:00:00,0001000054,Z100,Z03,ZAR
4500001560,WK,2024-10-28T00:00:00,0001000044,Z100,Z03,ZAR
4500001561,WK,2025-02-12T00:00:00,0001000044,Z100,Z03,ZAR
4500001562,AN,2025-03-17T00:00:00,0001000044,Z100,Z01,ZAR
4500001563,ZDOM,2025-12-06T00:00:00,0001000044,Z100,Z03,ZAR
4500001564,AN,2026-01-27T00:00:00,0001000044,Z100,Z02,ZAR
4500001565,AN,2026-09-03T00:00:00,0001000044,Z100,Z01,ZAR
4500001566,AN,2024-11-27T00:00:00,0001000002,Z100,Z03,ZAR
4500001567,AN,2025-02-12T00:00:00,0001000002,Z100,Z01,ZAR
4500001568,WK,2025-05-03T00:00:00,0001000002,Z100,Z01,ZAR
4500001569,WK,2025-07-09T00:00:00,0001000002,Z100,Z02,ZAR
4500001570,AN,2025-08-06T00:00:00,0001000002,Z100,Z02,ZAR
4500001571,AN,2025-11-13T00:00:00,0001000002,Z100,Z02,ZAR
4500001572,WK,2026-01-12T00:00:00,0001000002,Z100,Z03,ZAR
4500001573,ZDOM,2026-02-19T00:00:00,0001000002,Z100,Z02,ZAR
4500001574,ZDOM,2026-05-24T00:00:00,0001000002,Z100,Z02,ZAR
4500001575,WK,2026-07-14T00:00:00,0001000002,Z100,Z03,ZAR
4500001576,ZDOM,2024-09-19T00:00:00,0001000011,Z100,Z02,ZAR
4500001577,ZDOM,2024-12-06T00:00:00,0001000011,Z100,Z02,ZAR
4500001578,WK,2025-04-06T00:00:00,0001000011,Z100,Z03,ZAR
4500001579,WK,2025-07-31T00:00:00,0001000011,Z100,Z01,ZAR
4500001580,ZDOM,2025-12-08T00:00:00,0001000011,Z100,Z03,ZAR
4500001581,WK,2026-01-28T00:00:00,0001000011,Z100,Z02,ZAR
4500001582,ZDOM,2026-04-27T00:00:00,0001000011,Z100,Z01,ZAR
4500001583,WK,2026-05-30T00:00:00,0001000011,Z100,Z03,ZAR
4500001584,WK,2025-04-13T00:00:00,0001000026,Z100,Z01,ZAR
4500001585,AN,2025-09-30T00:00:00,0001000026,Z100,Z03,ZAR
4500001586,AN,2026-03-03T00:00:00,0001000026,Z100,Z02,ZAR
4500001587,WK,2024-09-16T00:00:00,0001000026,Z100,Z01,ZAR
4500001588,WK,2025-01-30T00:00:00,0001000026,Z100,Z01,ZAR
4500001589,AN,2025-10-07T00:00:00,0001000026,Z100,Z02,ZAR
4500001590,WK,2026-03-30T00:00:00,0001000026,Z100,Z01,ZAR
4500001591,WK,2026-04-29T00:00:00,0001000026,Z100,Z03,ZAR
4500001592,WK,2026-05-30T00:00:00,0001000026,Z100,Z03,ZAR
4500001593,WK,2024-11-29T00:00:00,0001000053,Z100,Z02,ZAR
4500001594,AN,2025-09-07T00:00:00,0001000053,Z100,Z02,ZAR
4500001595,ZDOM,2026-04-22T00:00:00,0001000053,Z100,Z02,ZAR
4500001596,ZDOM,2026-06-05T00:00:00,0001000053,Z100,Z03,ZAR
4500001597,WK,2026-06-23T00:00:00,0001000053,Z100,Z03,ZAR
4500001598,WK,2026-07-23T00:00:00,0001000053,Z100,Z03,ZAR
4500001599,WK,2024-10-09T00:00:00,0001000053,Z100,Z03,ZAR
4500001600,WK,2024-11-22T00:00:00,0001000053,Z100,Z03,ZAR
4500001601,WK,2025-01-28T00:00:00,0001000053,Z100,Z02,ZAR
4500001602,ZDOM,2025-02-23T00:00:00,0001000053,Z100,Z03,ZAR
4500001603,ZDOM,2025-04-09T00:00:00,0001000053,Z100,Z03,ZAR
4500001604,AN,2026-02-05T00:00:00,0001000053,Z100,Z02,ZAR
4500001605,WK,2026-02-24T00:00:00,0001000053,Z100,Z02,ZAR
4500001606,ZDOM,2026-05-01T00:00:00,0001000053,Z100,Z03,ZAR
4500001607,AN,2026-06-04T00:00:00,0001000053,Z100,Z03,ZAR
4500001608,AN,2026-07-10T00:00:00,0001000053,Z100,Z03,ZAR
4500001609,ZDOM,2024-10-12T00:00:00,0001000031,Z100,Z02,ZAR
4500001610,AN,2025-04-18T00:00:00,0001000031,Z100,Z03,ZAR
4500001611,ZDOM,2025-10-18T00:00:00,0001000031,Z100,Z03,ZAR
4500001612,ZDOM,2026-08-06T00:00:00,0001000031,Z100,Z01,ZAR
4500001613,ZDOM,2024-11-10T00:00:00,0001000018,Z100,Z02,ZAR
4500001614,AN,2025-11-05T00:00:00,0001000018,Z100,Z01,ZAR
4500001615,AN,2026-02-21T00:00:00,0001000018,Z100,Z01,ZAR
4500001616,WK,2024-09-15T00:00:00,0001000011,Z100,Z02,ZAR
4500001617,AN,2025-08-17T00:00:00,0001000011,Z100,Z03,ZAR
4500001618,AN,2026-06-20T00:00:00,0001000011,Z100,Z02,ZAR
4500001619,WK,2025-04-09T00:00:00,0001000012,Z100,Z03,ZAR
4500001620,WK,2025-05-08T00:00:00,0001000012,Z100,Z01,ZAR
4500001621,WK,2025-06-30T00:00:00,0001000012,Z100,Z02,ZAR
4500001622,ZDOM,2025-07-24T00:00:00,0001000012,Z100,Z02,ZAR
4500001623,ZDOM,2025-10-07T00:00:00,0001000012,Z100,Z02,ZAR
4500001624,AN,2025-11-16T00:00:00,0001000012,Z100,Z02,ZAR
4500001625,ZDOM,2024-10-15T00:00:00,0001000012,Z100,Z02,ZAR
4500001626,ZDOM,2025-04-04T00:00:00,0001000012,Z100,Z03,ZAR
4500001627,WK,2025-09-03T00:00:00,0001000012,Z100,Z02,ZAR
4500001628,ZDOM,2025-12-14T00:00:00,0001000012,Z100,Z03,ZAR
4500001629,WK,2026-01-12T00:00:00,0001000012,Z100,Z03,ZAR
4500001630,AN,2026-04-03T00:00:00,0001000012,Z100,Z01,ZAR
4500001631,AN,2026-08-17T00:00:00,0001000012,Z100,Z01,ZAR
4500001632,AN,2026-01-12T00:00:00,0001000034,Z100,Z02,ZAR
4500001633,AN,2026-08-06T00:00:00,0001000034,Z100,Z03,ZAR
4500001634,ZDOM,2026-09-07T00:00:00,0001000034,Z100,Z01,ZAR
4500001635,AN,2025-01-10T00:00:00,0001000016,Z100,Z03,ZAR
4500001636,AN,2025-11-22T00:00:00,0001000016,Z100,Z02,ZAR
4500001637,WK,2024-10-06T00:00:00,0001000016,Z100,Z01,ZAR
4500001638,ZDOM,2024-11-14T00:00:00,0001000016,Z100,Z03,ZAR
4500001639,ZDOM,2025-05-31T00:00:00,0001000016,Z100,Z03,ZAR
4500001640,AN,2025-06-21T00:00:00,0001000016,Z100,Z02,ZAR
4500001641,WK,2026-02-11T00:00:00,0001000016,Z100,Z03,ZAR
4500001642,WK,2026-04-15T00:00:00,0001000016,Z100,Z01,ZAR
4500001643,WK,2026-05-30T00:00:00,0001000016,Z100,Z01,ZAR
4500001644,WK,2024-10-18T00:00:00,0001000015,Z100,Z03,ZAR
4500001645,WK,2025-02-18T00:00:00,0001000015,Z100,Z02,ZAR
4500001646,AN,2025-06-25T00:00:00,0001000015,Z100,Z02,ZAR
4500001647,WK,2025-11-05T00:00:00,0001000015,Z100,Z02,ZAR
4500001648,ZDOM,2026-02-08T00:00:00,0001000015,Z100,Z02,ZAR
4500001649,AN,2026-06-24T00:00:00,0001000015,Z100,Z02,ZAR
4500001650,WK,2024-09-29T00:00:00,0001000050,Z100,Z01,ZAR
4500001651,ZDOM,2025-02-21T00:00:00,0001000050,Z100,Z03,ZAR
4500001652,WK,2025-04-11T00:00:00,0001000050,Z100,Z01,ZAR
4500001653,ZDOM,2025-05-07T00:00:00,0001000050,Z100,Z03,ZAR
4500001654,AN,2026-03-05T00:00:00,0001000050,Z100,Z01,ZAR
4500001655,WK,2026-06-30T00:00:00,0001000050,Z100,Z01,ZAR
4500001656,WK,2024-11-30T00:00:00,0001000021,Z100,Z01,ZAR
4500001657,ZDOM,2025-04-10T00:00:00,0001000021,Z100,Z02,ZAR
4500001658,ZDOM,2025-05-07T00:00:00,0001000021,Z100,Z01,ZAR
4500001659,WK,2025-08-24T00:00:00,0001000021,Z100,Z01,ZAR
4500001660,WK,2025-11-15T00:00:00,0001000021,Z100,Z02,ZAR
4500001661,AN,2026-01-04T00:00:00,0001000021,Z100,Z01,ZAR
4500001662,AN,2026-05-26T00:00:00,0001000021,Z100,Z02,ZAR
4500001663,WK,2026-09-07T00:00:00,0001000021,Z100,Z02,ZAR
4500001664,WK,2024-12-01T00:00:00,0001000022,Z100,Z03,ZAR
4500001665,ZDOM,2024-12-13T00:00:00,0001000022,Z100,Z03,ZAR
4500001666,ZDOM,2025-09-24T00:00:00,0001000022,Z100,Z02,ZAR
4500001667,AN,2025-12-03T00:00:00,0001000022,Z100,Z01,ZAR
4500001668,WK,2024-09-13T00:00:00,0001000029,Z100,Z01,ZAR
4500001669,AN,2025-04-05T00:00:00,0001000029,Z100,Z01,ZAR
4500001670,AN,2025-10-14T00:00:00,0001000029,Z100,Z01,ZAR
4500001671,AN,2026-05-12T00:00:00,0001000029,Z100,Z03,ZAR
4500001672,AN,2024-10-12T00:00:00,0001000056,Z100,Z01,ZAR
4500001673,AN,2025-01-08T00:00:00,0001000056,Z100,Z01,ZAR
4500001674,ZDOM,2025-06-09T00:00:00,0001000056,Z100,Z02,ZAR
4500001675,WK,2025-10-29T00:00:00,0001000056,Z100,Z03,ZAR
4500001676,AN,2026-05-03T00:00:00,0001000056,Z100,Z02,ZAR
4500001677,ZDOM,2024-09-15T00:00:00,0001000056,Z100,Z02,ZAR
4500001678,WK,2025-02-19T00:00:00,0001000056,Z100,Z01,ZAR
4500001679,ZDOM,2025-08-27T00:00:00,0001000056,Z100,Z02,ZAR
4500001680,WK,2026-04-07T00:00:00,0001000056,Z100,Z01,ZAR
4500001681,AN,2026-05-22T00:00:00,0001000056,Z100,Z03,ZAR
4500001682,AN,2024-10-17T00:00:00,0001000033,Z100,Z01,ZAR
4500001683,ZDOM,2025-03-30T00:00:00,0001000033,Z100,Z03,ZAR
4500001684,ZDOM,2025-10-06T00:00:00,0001000033,Z100,Z02,ZAR
4500001685,ZDOM,2026-08-09T00:00:00,0001000033,Z100,Z03,ZAR
4500001686,ZDOM,2024-12-12T00:00:00,0001000052,Z100,Z02,ZAR
4500001687,WK,2025-03-21T00:00:00,0001000052,Z100,Z03,ZAR
4500001688,AN,2025-04-15T00:00:00,0001000052,Z100,Z03,ZAR
4500001689,WK,2025-12-17T00:00:00,0001000052,Z100,Z02,ZAR
4500001690,AN,2026-04-12T00:00:00,0001000052,Z100,Z02,ZAR
4500001691,ZDOM,2024-09-22T00:00:00,0001000048,Z100,Z01,ZAR
4500001692,ZDOM,2024-10-20T00:00:00,0001000048,Z100,Z02,ZAR
4500001693,AN,2024-11-29T00:00:00,0001000048,Z100,Z01,ZAR
4500001694,AN,2025-09-23T00:00:00,0001000048,Z100,Z01,ZAR
4500001695,WK,2025-12-12T00:00:00,0001000048,Z100,Z02,ZAR
4500001696,AN,2025-03-01T00:00:00,0001000048,Z100,Z03,ZAR
4500001697,WK,2025-10-04T00:00:00,0001000048,Z100,Z02,ZAR
4500001698,WK,2025-12-15T00:00:00,0001000048,Z100,Z01,ZAR
4500001699,ZDOM,2026-01-16T00:00:00,0001000048,Z100,Z02,ZAR
4500001700,WK,2026-07-28T00:00:00,0001000048,Z100,Z02,ZAR
4500001701,AN,2024-11-05T00:00:00,0001000012,Z100,Z02,ZAR
4500001702,WK,2024-11-12T00:00:00,0001000012,Z100,Z02,ZAR
4500001703,AN,2025-10-18T00:00:00,0001000012,Z100,Z01,ZAR
4500001704,ZDOM,2026-05-07T00:00:00,0001000012,Z100,Z01,ZAR
4500001705,WK,2024-09-09T00:00:00,0001000012,Z100,Z02,ZAR
4500001706,AN,2024-11-27T00:00:00,0001000012,Z100,Z02,ZAR
4500001707,AN,2024-09-16T00:00:00,0001000053,Z100,Z02,ZAR
4500001708,AN,2024-10-28T00:00:00,0001000053,Z100,Z02,ZAR
4500001709,AN,2025-05-20T00:00:00,0001000053,Z100,Z01,ZAR
4500001710,AN,2025-12-02T00:00:00,0001000053,Z100,Z03,ZAR
4500001711,AN,2025-12-08T00:00:00,0001000053,Z100,Z03,ZAR
4500001712,ZDOM,2026-01-11T00:00:00,0001000053,Z100,Z03,ZAR
4500001713,WK,2024-12-10T00:00:00,0001000053,Z100,Z03,ZAR
4500001714,AN,2025-02-24T00:00:00,0001000053,Z100,Z03,ZAR
4500001715,ZDOM,2025-10-09T00:00:00,0001000053,Z100,Z01,ZAR
4500001716,WK,2025-11-11T00:00:00,0001000053,Z100,Z03,ZAR
4500001717,WK,2026-02-28T00:00:00,0001000053,Z100,Z01,ZAR
4500001718,AN,2026-04-18T00:00:00,0001000053,Z100,Z01,ZAR
4500001719,WK,2024-09-27T00:00:00,0001000018,Z100,Z03,ZAR
4500001720,WK,2025-05-19T00:00:00,0001000018,Z100,Z01,ZAR
4500001721,WK,2025-11-10T00:00:00,0001000018,Z100,Z02,ZAR
4500001722,AN,2026-02-22T00:00:00,0001000018,Z100,Z03,ZAR
4500001723,ZDOM,2026-03-16T00:00:00,0001000018,Z100,Z03,ZAR
4500001724,AN,2024-09-13T00:00:00,0001000019,Z100,Z02,ZAR
4500001725,WK,2025-04-22T00:00:00,0001000019,Z100,Z01,ZAR
4500001726,AN,2025-11-27T00:00:00,0001000019,Z100,Z01,ZAR
4500001727,WK,2026-03-27T00:00:00,0001000019,Z100,Z01,ZAR
4500001728,AN,2025-05-15T00:00:00,0001000010,Z100,Z01,ZAR
4500001729,WK,2025-06-16T00:00:00,0001000010,Z100,Z01,ZAR
4500001730,AN,2026-06-03T00:00:00,0001000010,Z100,Z02,ZAR
4500001731,WK,2026-06-09T00:00:00,0001000010,Z100,Z01,ZAR
4500001732,WK,2024-09-10T00:00:00,0001000024,Z100,Z02,ZAR
4500001733,ZDOM,2025-05-05T00:00:00,0001000024,Z100,Z01,ZAR
4500001734,AN,2026-03-29T00:00:00,0001000024,Z100,Z03,ZAR
4500001735,AN,2026-04-26T00:00:00,0001000024,Z100,Z01,ZAR
4500001736,WK,2024-10-20T00:00:00,0001000016,Z100,Z02,ZAR
4500001737,AN,2025-06-17T00:00:00,0001000016,Z100,Z03,ZAR
4500001738,WK,2025-07-14T00:00:00,0001000016,Z100,Z01,ZAR
4500001739,AN,2026-02-19T00:00:00,0001000016,Z100,Z03,ZAR
4500001740,ZDOM,2026-05-12T00:00:00,0001000016,Z100,Z01,ZAR
4500001741,ZDOM,2024-11-16T00:00:00,0001000043,Z100,Z01,ZAR
4500001742,ZDOM,2025-11-19T00:00:00,0001000043,Z100,Z01,ZAR
4500001743,ZDOM,2024-09-15T00:00:00,0001000043,Z100,Z02,ZAR
4500001744,AN,2025-05-20T00:00:00,0001000043,Z100,Z02,ZAR
4500001745,ZDOM,2026-07-25T00:00:00,0001000043,Z100,Z02,ZAR
4500001746,AN,2024-09-16T00:00:00,0001000012,Z100,Z01,ZAR
4500001747,WK,2025-10-05T00:00:00,0001000012,Z100,Z01,ZAR
4500001748,ZDOM,2026-02-28T00:00:00,0001000012,Z100,Z03,ZAR
4500001749,AN,2026-04-02T00:00:00,0001000012,Z100,Z02,ZAR
4500001750,ZDOM,2026-04-24T00:00:00,0001000012,Z100,Z03,ZAR
4500001751,ZDOM,2025-02-07T00:00:00,0001000014,Z100,Z02,ZAR
4500001752,WK,2025-09-28T00:00:00,0001000014,Z100,Z02,ZAR
4500001753,AN,2025-11-30T00:00:00,0001000014,Z100,Z03,ZAR
4500001754,ZDOM,2024-09-10T00:00:00,0001000046,Z100,Z03,ZAR
4500001755,AN,2025-06-08T00:00:00,0001000046,Z100,Z01,ZAR
4500001756,WK,2025-12-01T00:00:00,0001000046,Z100,Z03,ZAR
4500001757,WK,2024-10-09T00:00:00,0001000046,Z100,Z01,ZAR
4500001758,ZDOM,2025-05-01T00:00:00,0001000046,Z100,Z02,ZAR
4500001759,WK,2026-02-18T00:00:00,0001000046,Z100,Z03,ZAR
4500001760,AN,2026-03-30T00:00:00,0001000046,Z100,Z01,ZAR
4500001761,ZDOM,2025-02-24T00:00:00,0001000043,Z100,Z03,ZAR
4500001762,AN,2026-05-20T00:00:00,0001000043,Z100,Z02,ZAR
4500001763,AN,2024-09-27T00:00:00,0001000043,Z100,Z03,ZAR
4500001764,ZDOM,2025-07-05T00:00:00,0001000043,Z100,Z03,ZAR
4500001765,ZDOM,2025-07-19T00:00:00,0001000043,Z100,Z03,ZAR
4500001766,AN,2025-12-30T00:00:00,0001000043,Z100,Z02,ZAR
4500001767,ZDOM,2024-10-21T00:00:00,0001000035,Z100,Z01,ZAR
4500001768,AN,2026-03-24T00:00:00,0001000035,Z100,Z03,ZAR
4500001769,AN,2024-09-24T00:00:00,0001000022,Z100,Z03,ZAR
4500001770,AN,2025-05-24T00:00:00,0001000022,Z100,Z03,ZAR
4500001771,WK,2026-01-08T00:00:00,0001000022,Z100,Z01,ZAR
4500001772,WK,2026-01-13T00:00:00,0001000022,Z100,Z03,ZAR
4500001773,WK,2026-02-23T00:00:00,0001000022,Z100,Z01,ZAR
4500001774,WK,2026-04-03T00:00:00,0001000022,Z100,Z02,ZAR
4500001775,AN,2024-09-10T00:00:00,0001000017,Z100,Z01,ZAR
4500001776,AN,2025-06-07T00:00:00,0001000017,Z100,Z03,ZAR
4500001777,AN,2026-09-07T00:00:00,0001000017,Z100,Z02,ZAR
4500001778,ZDOM,2024-10-13T00:00:00,0001000023,Z100,Z01,ZAR
4500001779,AN,2026-07-05T00:00:00,0001000023,Z100,Z03,ZAR
4500001780,AN,2024-10-01T00:00:00,0001000023,Z100,Z02,ZAR
4500001781,WK,2025-07-21T00:00:00,0001000023,Z100,Z02,ZAR
4500001782,ZDOM,2025-11-22T00:00:00,0001000023,Z100,Z03,ZAR
4500001783,ZDOM,2026-08-01T00:00:00,0001000023,Z100,Z02,ZAR
4500001784,WK,2024-09-09T00:00:00,0001000016,Z100,Z01,ZAR
4500001785,WK,2024-10-14T00:00:00,0001000016,Z100,Z02,ZAR
4500001786,AN,2024-11-30T00:00:00,0001000016,Z100,Z02,ZAR
4500001787,ZDOM,2024-12-26T00:00:00,0001000016,Z100,Z02,ZAR
4500001788,ZDOM,2025-06-07T00:00:00,0001000016,Z100,Z03,ZAR
4500001789,WK,2025-06-12T00:00:00,0001000016,Z100,Z02,ZAR
4500001790,ZDOM,2025-07-15T00:00:00,0001000016,Z100,Z03,ZAR
4500001791,WK,2025-11-07T00:00:00,0001000016,Z100,Z02,ZAR
4500001792,AN,2025-11-19T00:00:00,0001000016,Z100,Z01,ZAR
4500001793,AN,2026-01-02T00:00:00,0001000016,Z100,Z02,ZAR
4500001794,AN,2026-06-25T00:00:00,0001000016,Z100,Z01,ZAR
4500001795,AN,2025-04-18T00:00:00,0001000010,Z100,Z02,ZAR
4500001796,WK,2026-07-30T00:00:00,0001000010,Z100,Z03,ZAR
4500001797,ZDOM,2026-09-02T00:00:00,0001000010,Z100,Z02,ZAR
4500001798,ZDOM,2024-10-21T00:00:00,0001000010,Z100,Z02,ZAR
4500001799,ZDOM,2024-11-28T00:00:00,0001000010,Z100,Z01,ZAR
4500001800,WK,2025-07-08T00:00:00,0001000010,Z100,Z03,ZAR
4500001801,AN,2025-08-20T00:00:00,0001000010,Z100,Z02,ZAR
4500001802,ZDOM,2024-10-08T00:00:00,0001000032,Z100,Z03,ZAR
4500001803,ZDOM,2025-07-12T00:00:00,0001000032,Z100,Z03,ZAR
4500001804,ZDOM,2025-08-20T00:00:00,0001000032,Z100,Z03,ZAR
4500001805,WK,2025-11-09T00:00:00,0001000032,Z100,Z01,ZAR
4500001806,AN,2026-04-04T00:00:00,0001000032,Z100,Z03,ZAR
4500001807,ZDOM,2024-09-03T00:00:00,0001000022,Z100,Z03,ZAR
4500001808,AN,2024-12-22T00:00:00,0001000022,Z100,Z01,ZAR
4500001809,WK,2025-07-20T00:00:00,0001000022,Z100,Z01,ZAR
4500001810,WK,2026-02-27T00:00:00,0001000022,Z100,Z03,ZAR
4500001811,ZDOM,2024-10-09T00:00:00,0001000031,Z100,Z02,ZAR
4500001812,ZDOM,2025-07-03T00:00:00,0001000031,Z100,Z03,ZAR
4500001813,WK,2026-03-11T00:00:00,0001000031,Z100,Z01,ZAR
4500001814,ZDOM,2026-03-27T00:00:00,0001000031,Z100,Z01,ZAR
4500001815,WK,2024-09-24T00:00:00,0001000040,Z100,Z03,ZAR
4500001816,AN,2025-07-17T00:00:00,0001000040,Z100,Z02,ZAR
4500001817,AN,2025-08-20T00:00:00,0001000040,Z100,Z01,ZAR
4500001818,ZDOM,2025-10-19T00:00:00,0001000040,Z100,Z01,ZAR
4500001819,WK,2025-12-23T00:00:00,0001000040,Z100,Z02,ZAR
4500001820,ZDOM,2026-02-01T00:00:00,0001000040,Z100,Z01,ZAR
4500001821,AN,2026-05-06T00:00:00,0001000040,Z100,Z01,ZAR
4500001822,WK,2024-09-10T00:00:00,0001000055,Z100,Z03,ZAR
4500001823,AN,2024-10-18T00:00:00,0001000055,Z100,Z02,ZAR
4500001824,AN,2025-01-08T00:00:00,0001000055,Z100,Z03,ZAR
4500001825,WK,2025-06-13T00:00:00,0001000055,Z100,Z03,ZAR
4500001826,ZDOM,2025-07-26T00:00:00,0001000055,Z100,Z01,ZAR
4500001827,AN,2025-11-24T00:00:00,0001000055,Z100,Z03,ZAR
4500001828,ZDOM,2026-02-28T00:00:00,0001000055,Z100,Z02,ZAR
4500001829,ZDOM,2026-03-27T00:00:00,0001000055,Z100,Z02,ZAR
4500001830,AN,2026-04-04T00:00:00,0001000055,Z100,Z02,ZAR
4500001831,WK,2026-07-10T00:00:00,0001000055,Z100,Z01,ZAR
4500001832,ZDOM,2024-09-08T00:00:00,0001000048,Z100,Z01,ZAR
4500001833,AN,2026-03-03T00:00:00,0001000048,Z100,Z01,ZAR
4500001834,WK,2026-04-01T00:00:00,0001000048,Z100,Z02,ZAR
4500001835,WK,2026-07-08T00:00:00,0001000048,Z100,Z02,ZAR
4500001836,ZDOM,2025-01-16T00:00:00,0001000056,Z100,Z02,ZAR
4500001837,AN,2025-02-17T00:00:00,0001000056,Z100,Z01,ZAR
4500001838,AN,2025-04-06T00:00:00,0001000056,Z100,Z03,ZAR
4500001839,AN,2025-11-27T00:00:00,0001000056,Z100,Z01,ZAR
4500001840,AN,2024-11-30T00:00:00,0001000041,Z100,Z03,ZAR
4500001841,AN,2025-04-11T00:00:00,0001000041,Z100,Z02,ZAR
4500001842,ZDOM,2025-08-17T00:00:00,0001000041,Z100,Z03,ZAR
4500001843,ZDOM,2025-11-29T00:00:00,0001000041,Z100,Z02,ZAR
4500001844,AN,2026-03-15T00:00:00,0001000041,Z100,Z01,ZAR
4500001845,ZDOM,2026-04-23T00:00:00,0001000041,Z100,Z01,ZAR
4500001846,WK,2026-05-13T00:00:00,0001000041,Z100,Z03,ZAR
4500001847,AN,2026-06-10T00:00:00,0001000041,Z100,Z01,ZAR
4500001848,WK,2026-07-23T00:00:00,0001000041,Z100,Z01,ZAR
4500001849,ZDOM,2024-10-09T00:00:00,0001000041,Z100,Z02,ZAR
4500001850,WK,2025-05-03T00:00:00,0001000041,Z100,Z01,ZAR
4500001851,WK,2025-09-16T00:00:00,0001000041,Z100,Z03,ZAR
4500001852,WK,2026-03-10T00:00:00,0001000041,Z100,Z01,ZAR
4500001853,ZDOM,2026-08-22T00:00:00,0001000041,Z100,Z03,ZAR
4500001854,WK,2024-09-12T00:00:00,0001000023,Z100,Z03,ZAR
4500001855,ZDOM,2025-02-05T00:00:00,0001000023,Z100,Z01,ZAR
4500001856,AN,2025-07-05T00:00:00,0001000023,Z100,Z01,ZAR
4500001857,ZDOM,2025-09-30T00:00:00,0001000023,Z100,Z01,ZAR
4500001858,AN,2025-10-23T00:00:00,0001000023,Z100,Z02,ZAR
4500001859,WK,2026-02-25T00:00:00,0001000023,Z100,Z02,ZAR
4500001860,AN,2026-03-25T00:00:00,0001000023,Z100,Z02,ZAR
4500001861,ZDOM,2026-05-09T00:00:00,0001000023,Z100,Z02,ZAR
4500001862,WK,2026-08-12T00:00:00,0001000023,Z100,Z01,ZAR
4500001863,ZDOM,2026-08-16T00:00:00,0001000038,Z100,Z02,ZAR
4500001864,AN,2024-09-24T00:00:00,0001000048,Z100,Z03,ZAR
4500001865,AN,2025-05-02T00:00:00,0001000048,Z100,Z02,ZAR
4500001866,AN,2026-01-17T00:00:00,0001000048,Z100,Z01,ZAR
4500001867,AN,2026-02-12T00:00:00,0001000048,Z100,Z01,ZAR
4500001868,AN,2024-09-30T00:00:00,0001000025,Z100,Z01,ZAR
4500001869,ZDOM,2024-11-12T00:00:00,0001000025,Z100,Z02,ZAR
4500001870,WK,2025-02-24T00:00:00,0001000025,Z100,Z02,ZAR
4500001871,WK,2025-03-31T00:00:00,0001000025,Z100,Z02,ZAR
4500001872,WK,2024-09-05T00:00:00,0001000025,Z100,Z02,ZAR
4500001873,WK,2024-10-14T00:00:00,0001000025,Z100,Z02,ZAR
4500001874,WK,2025-01-15T00:00:00,0001000025,Z100,Z03,ZAR
4500001875,AN,2025-02-25T00:00:00,0001000025,Z100,Z01,ZAR
4500001876,ZDOM,2025-07-26T00:00:00,0001000025,Z100,Z03,ZAR
4500001877,WK,2025-09-05T00:00:00,0001000025,Z100,Z01,ZAR
4500001878,AN,2025-10-31T00:00:00,0001000025,Z100,Z01,ZAR
4500001879,ZDOM,2026-02-27T00:00:00,0001000025,Z100,Z02,ZAR
4500001880,WK,2026-06-24T00:00:00,0001000025,Z100,Z02,ZAR
4500001881,ZDOM,2026-07-31T00:00:00,0001000025,Z100,Z02,ZAR
4500001882,AN,2026-09-07T00:00:00,0001000025,Z100,Z02,ZAR
4500001883,WK,2024-12-04T00:00:00,0001000025,Z100,Z03,ZAR
4500001884,WK,2025-02-01T00:00:00,0001000025,Z100,Z03,ZAR
4500001885,WK,2025-03-10T00:00:00,0001000025,Z100,Z01,ZAR
4500001886,WK,2025-07-09T00:00:00,0001000025,Z100,Z02,ZAR
4500001887,ZDOM,2026-01-24T00:00:00,0001000025,Z100,Z02,ZAR
4500001888,WK,2026-04-02T00:00:00,0001000025,Z100,Z02,ZAR
4500001889,ZDOM,2024-10-08T00:00:00,0001000054,Z100,Z03,ZAR
4500001890,ZDOM,2024-12-10T00:00:00,0001000054,Z100,Z01,ZAR
4500001891,ZDOM,2025-04-25T00:00:00,0001000054,Z100,Z02,ZAR
4500001892,WK,2025-08-12T00:00:00,0001000054,Z100,Z03,ZAR
4500001893,ZDOM,2025-09-20T00:00:00,0001000054,Z100,Z03,ZAR
4500001894,WK,2025-10-23T00:00:00,0001000054,Z100,Z02,ZAR
4500001895,AN,2026-01-13T00:00:00,0001000054,Z100,Z02,ZAR
4500001896,ZDOM,2026-05-21T00:00:00,0001000054,Z100,Z03,ZAR
4500001897,ZDOM,2026-04-22T00:00:00,0001000055,Z100,Z02,ZAR
4500001898,WK,2026-05-16T00:00:00,0001000055,Z100,Z02,ZAR
4500001899,ZDOM,2026-06-16T00:00:00,0001000055,Z100,Z03,ZAR
4500001900,WK,2024-09-25T00:00:00,0001000000,Z100,Z02,ZAR
4500001901,ZDOM,2025-02-25T00:00:00,0001000000,Z100,Z02,ZAR
4500001902,AN,2025-07-27T00:00:00,0001000000,Z100,Z01,ZAR
4500001903,WK,2026-02-23T00:00:00,0001000000,Z100,Z03,ZAR
4500001904,WK,2026-03-27T00:00:00,0001000000,Z100,Z02,ZAR
4500001905,AN,2024-09-10T00:00:00,0001000038,Z100,Z03,ZAR
4500001906,WK,2024-10-20T00:00:00,0001000038,Z100,Z01,ZAR
4500001907,WK,2024-11-28T00:00:00,0001000038,Z100,Z02,ZAR
4500001908,AN,2025-08-26T00:00:00,0001000038,Z100,Z01,ZAR
4500001909,ZDOM,2026-03-27T00:00:00,0001000038,Z100,Z01,ZAR
4500001910,AN,2024-11-26T00:00:00,0001000020,Z100,Z02,ZAR
4500001911,WK,2025-07-19T00:00:00,0001000020,Z100,Z02,ZAR
4500001912,ZDOM,2025-08-30T00:00:00,0001000020,Z100,Z01,ZAR
4500001913,ZDOM,2025-12-14T00:00:00,0001000020,Z100,Z02,ZAR
4500001914,WK,2026-06-18T00:00:00,0001000020,Z100,Z03,ZAR
4500001915,AN,2026-07-19T00:00:00,0001000020,Z100,Z03,ZAR
4500001916,WK,2024-11-06T00:00:00,0001000029,Z100,Z01,ZAR
4500001917,WK,2025-06-17T00:00:00,0001000029,Z100,Z03,ZAR
4500001918,WK,2025-11-04T00:00:00,0001000029,Z100,Z03,ZAR
4500001919,WK,2026-05-13T00:00:00,0001000029,Z100,Z01,ZAR
4500001920,WK,2026-06-20T00:00:00,0001000029,Z100,Z03,ZAR
4500001921,WK,2024-11-29T00:00:00,0001000027,Z100,Z02,ZAR
4500001922,WK,2025-04-12T00:00:00,0001000027,Z100,Z02,ZAR
4500001923,AN,2025-10-13T00:00:00,0001000027,Z100,Z02,ZAR
4500001924,ZDOM,2026-04-14T00:00:00,0001000027,Z100,Z03,ZAR
4500001925,ZDOM,2026-06-01T00:00:00,0001000027,Z100,Z01,ZAR
4500001926,AN,2024-11-25T00:00:00,0001000027,Z100,Z03,ZAR
4500001927,AN,2025-04-02T00:00:00,0001000027,Z100,Z02,ZAR
4500001928,WK,2025-06-01T00:00:00,0001000027,Z100,Z01,ZAR
4500001929,AN,2025-06-09T00:00:00,0001000027,Z100,Z01,ZAR
4500001930,AN,2025-11-04T00:00:00,0001000027,Z100,Z01,ZAR
4500001931,AN,2025-11-18T00:00:00,0001000027,Z100,Z02,ZAR
4500001932,AN,2026-03-16T00:00:00,0001000027,Z100,Z02,ZAR
4500001933,WK,2026-06-05T00:00:00,0001000027,Z100,Z03,ZAR
4500001934,ZDOM,2024-09-09T00:00:00,0001000046,Z100,Z01,ZAR
4500001935,WK,2024-10-28T00:00:00,0001000046,Z100,Z01,ZAR
4500001936,ZDOM,2025-02-24T00:00:00,0001000046,Z100,Z03,ZAR
4500001937,WK,2025-11-22T00:00:00,0001000046,Z100,Z02,ZAR
4500001938,ZDOM,2026-01-10T00:00:00,0001000046,Z100,Z03,ZAR
4500001939,WK,2026-09-04T00:00:00,0001000046,Z100,Z02,ZAR
4500001940,ZDOM,2024-09-23T00:00:00,0001000055,Z100,Z02,ZAR
4500001941,ZDOM,2024-12-22T00:00:00,0001000055,Z100,Z01,ZAR
4500001942,ZDOM,2025-08-01T00:00:00,0001000055,Z100,Z01,ZAR
4500001943,WK,2025-10-11T00:00:00,0001000055,Z100,Z02,ZAR
4500001944,WK,2026-05-19T00:00:00,0001000055,Z100,Z01,ZAR
4500001945,AN,2026-09-03T00:00:00,0001000055,Z100,Z03,ZAR
4500001946,WK,2025-07-19T00:00:00,0001000017,Z100,Z02,ZAR
4500001947,ZDOM,2025-08-13T00:00:00,0001000017,Z100,Z03,ZAR
4500001948,ZDOM,2025-09-27T00:00:00,0001000017,Z100,Z03,ZAR
4500001949,ZDOM,2026-04-23T00:00:00,0001000017,Z100,Z02,ZAR
4500001950,WK,2024-10-17T00:00:00,0001000039,Z100,Z01,ZAR
4500001951,WK,2025-01-23T00:00:00,0001000039,Z100,Z03,ZAR
4500001952,AN,2025-05-10T00:00:00,0001000039,Z100,Z03,ZAR
4500001953,ZDOM,2025-08-09T00:00:00,0001000039,Z100,Z03,ZAR
4500001954,ZDOM,2025-11-18T00:00:00,0001000039,Z100,Z02,ZAR
4500001955,AN,2026-02-18T00:00:00,0001000039,Z100,Z01,ZAR
4500001956,ZDOM,2026-04-01T00:00:00,0001000039,Z100,Z03,ZAR
4500001957,AN,2026-08-08T00:00:00,0001000039,Z100,Z03,ZAR
4500001958,WK,2024-10-20T00:00:00,0001000039,Z100,Z03,ZAR
4500001959,ZDOM,2025-03-30T00:00:00,0001000039,Z100,Z02,ZAR
4500001960,ZDOM,2025-04-30T00:00:00,0001000039,Z100,Z02,ZAR
4500001961,WK,2025-09-19T00:00:00,0001000039,Z100,Z01,ZAR
4500001962,WK,2025-10-15T00:00:00,0001000039,Z100,Z03,ZAR
4500001963,ZDOM,2026-03-09T00:00:00,0001000039,Z100,Z01,ZAR
4500001964,ZDOM,2026-04-04T00:00:00,0001000039,Z100,Z02,ZAR
4500001965,AN,2024-09-21T00:00:00,0001000027,Z100,Z03,ZAR
4500001966,WK,2025-03-10T00:00:00,0001000027,Z100,Z02,ZAR
4500001967,WK,2025-11-19T00:00:00,0001000027,Z100,Z01,ZAR
4500001968,AN,2024-09-07T00:00:00,0001000025,Z100,Z03,ZAR
4500001969,ZDOM,2025-10-15T00:00:00,0001000025,Z100,Z01,ZAR
4500001970,AN,2026-07-12T00:00:00,0001000025,Z100,Z03,ZAR
4500001971,AN,2026-08-06T00:00:00,0001000025,Z100,Z01,ZAR
4500001972,ZDOM,2024-09-26T00:00:00,0001000008,Z100,Z03,ZAR
4500001973,AN,2024-12-26T00:00:00,0001000008,Z100,Z01,ZAR
4500001974,AN,2025-06-27T00:00:00,0001000008,Z100,Z03,ZAR
4500001975,WK,2025-11-30T00:00:00,0001000008,Z100,Z02,ZAR
4500001976,AN,2026-04-03T00:00:00,0001000008,Z100,Z02,ZAR
4500001977,AN,2026-05-15T00:00:00,0001000008,Z100,Z01,ZAR
4500001978,AN,2026-07-11T00:00:00,0001000008,Z100,Z01,ZAR
4500001979,WK,2024-09-29T00:00:00,0001000057,Z100,Z02,ZAR
4500001980,AN,2025-04-01T00:00:00,0001000057,Z100,Z01,ZAR
4500001981,WK,2025-07-25T00:00:00,0001000057,Z100,Z01,ZAR
4500001982,WK,2025-12-20T00:00:00,0001000057,Z100,Z03,ZAR
4500001983,ZDOM,2026-05-21T00:00:00,0001000057,Z100,Z02,ZAR
4500001984,WK,2024-09-28T00:00:00,0001000049,Z100,Z02,ZAR
4500001985,WK,2025-03-19T00:00:00,0001000049,Z100,Z01,ZAR
4500001986,WK,2025-07-28T00:00:00,0001000049,Z100,Z01,ZAR
4500001987,AN,2026-06-11T00:00:00,0001000049,Z100,Z01,ZAR
4500001988,WK,2024-09-22T00:00:00,0001000054,Z100,Z03,ZAR
4500001989,ZDOM,2024-11-29T00:00:00,0001000054,Z100,Z01,ZAR
4500001990,WK,2025-02-04T00:00:00,0001000054,Z100,Z03,ZAR
4500001991,AN,2025-10-02T00:00:00,0001000054,Z100,Z01,ZAR
4500001992,ZDOM,2025-11-22T00:00:00,0001000054,Z100,Z01,ZAR
4500001993,AN,2026-04-17T00:00:00,0001000054,Z100,Z01,ZAR
4500001994,WK,2024-12-02T00:00:00,0001000007,Z100,Z01,ZAR
4500001995,AN,2025-06-19T00:00:00,0001000007,Z100,Z02,ZAR
4500001996,WK,2025-07-14T00:00:00,0001000007,Z100,Z02,ZAR
4500001997,WK,2025-09-04T00:00:00,0001000007,Z100,Z01,ZAR
4500001998,ZDOM,2026-01-23T00:00:00,0001000007,Z100,Z02,ZAR
4500001999,AN,2024-09-20T00:00:00,0001000047,Z100,Z02,ZAR
4500002000,ZDOM,2024-12-31T00:00:00,0001000047,Z100,Z01,ZAR
4500002001,AN,2025-04-07T00:00:00,0001000047,Z100,Z03,ZAR
4500002002,ZDOM,2025-05-04T00:00:00,0001000047,Z100,Z02,ZAR
4500002003,WK,2025-05-29T00:00:00,0001000047,Z100,Z02,ZAR
4500002004,WK,2025-06-16T00:00:00,0001000047,Z100,Z03,ZAR
4500002005,ZDOM,2025-11-29T00:00:00,0001000047,Z100,Z03,ZAR
4500002006,ZDOM,2026-02-09T00:00:00,0001000047,Z100,Z01,ZAR
4500002007,ZDOM,2026-04-09T00:00:00,0001000047,Z100,Z03,ZAR
4500002008,ZDOM,2026-09-07T00:00:00,0001000047,Z100,Z02,ZAR
4500002009,WK,2024-09-26T00:00:00,0001000007,Z100,Z01,ZAR
4500002010,WK,2024-10-25T00:00:00,0001000007,Z100,Z02,ZAR
4500002011,AN,2025-06-25T00:00:00,0001000007,Z100,Z01,ZAR
4500002012,ZDOM,2026-02-27T00:00:00,0001000007,Z100,Z01,ZAR
4500002013,ZDOM,2026-09-02T00:00:00,0001000007,Z100,Z03,ZAR
4500002014,AN,2025-10-05T00:00:00,0001000025,Z100,Z03,ZAR
4500002015,AN,2025-11-15T00:00:00,0001000025,Z100,Z02,ZAR
4500002016,WK,2025-02-07T00:00:00,0001000043,Z100,Z02,ZAR
4500002017,WK,2025-03-17T00:00:00,0001000043,Z100,Z03,ZAR
4500002018,WK,2025-05-23T00:00:00,0001000043,Z100,Z03,ZAR
4500002019,ZDOM,2025-10-01T00:00:00,0001000043,Z100,Z01,ZAR
4500002020,WK,2026-06-29T00:00:00,0001000043,Z100,Z03,ZAR
4500002021,AN,2025-01-21T00:00:00,0001000043,Z100,Z01,ZAR
4500002022,AN,2025-03-20T00:00:00,0001000043,Z100,Z02,ZAR
4500002023,AN,2025-05-30T00:00:00,0001000043,Z100,Z03,ZAR
4500002024,ZDOM,2026-02-17T00:00:00,0001000043,Z100,Z03,ZAR
4500002025,AN,2026-07-23T00:00:00,0001000043,Z100,Z03,ZAR
4500002026,WK,2024-09-30T00:00:00,0001000059,Z100,Z01,ZAR
4500002027,AN,2024-10-25T00:00:00,0001000059,Z100,Z02,ZAR
4500002028,ZDOM,2025-06-26T00:00:00,0001000059,Z100,Z02,ZAR
4500002029,AN,2025-12-06T00:00:00,0001000059,Z100,Z02,ZAR
4500002030,ZDOM,2026-01-23T00:00:00,0001000059,Z100,Z01,ZAR
4500002031,ZDOM,2026-03-04T00:00:00,0001000059,Z100,Z03,ZAR
4500002032,AN,2026-05-29T00:00:00,0001000059,Z100,Z02,ZAR
4500002033,AN,2026-07-12T00:00:00,0001000059,Z100,Z03,ZAR
4500002034,ZDOM,2026-08-16T00:00:00,0001000059,Z100,Z02,ZAR
4500002035,AN,2024-12-10T00:00:00,0001000032,Z100,Z02,ZAR
4500002036,ZDOM,2025-06-17T00:00:00,0001000032,Z100,Z02,ZAR
4500002037,AN,2025-09-18T00:00:00,0001000032,Z100,Z02,ZAR
4500002038,ZDOM,2026-02-02T00:00:00,0001000032,Z100,Z03,ZAR
4500002039,WK,2024-09-13T00:00:00,0001000032,Z100,Z03,ZAR
4500002040,WK,2025-05-25T00:00:00,0001000032,Z100,Z03,ZAR
4500002041,AN,2025-06-12T00:00:00,0001000032,Z100,Z01,ZAR
4500002042,WK,2025-08-17T00:00:00,0001000032,Z100,Z01,ZAR
4500002043,AN,2025-09-22T00:00:00,0001000032,Z100,Z01,ZAR
4500002044,ZDOM,2026-02-23T00:00:00,0001000032,Z100,Z01,ZAR
4500002045,WK,2024-09-24T00:00:00,0001000038,Z100,Z02,ZAR
4500002046,AN,2024-10-31T00:00:00,0001000038,Z100,Z01,ZAR
4500002047,AN,2025-01-15T00:00:00,0001000038,Z100,Z01,ZAR
4500002048,WK,2025-05-01T00:00:00,0001000038,Z100,Z01,ZAR
4500002049,ZDOM,2025-05-11T00:00:00,0001000038,Z100,Z03,ZAR
4500002050,AN,2025-09-06T00:00:00,0001000038,Z100,Z01,ZAR
4500002051,AN,2025-10-24T00:00:00,0001000038,Z100,Z01,ZAR
4500002052,WK,2026-05-22T00:00:00,0001000038,Z100,Z03,ZAR
4500002053,AN,2026-08-24T00:00:00,0001000038,Z100,Z03,ZAR
4500002054,AN,2024-09-15T00:00:00,0001000014,Z100,Z03,ZAR
4500002055,AN,2025-04-03T00:00:00,0001000014,Z100,Z01,ZAR
4500002056,AN,2025-04-19T00:00:00,0001000014,Z100,Z01,ZAR
4500002057,AN,2025-05-15T00:00:00,0001000014,Z100,Z03,ZAR
4500002058,ZDOM,2026-02-06T00:00:00,0001000014,Z100,Z02,ZAR
4500002059,ZDOM,2026-03-20T00:00:00,0001000014,Z100,Z03,ZAR
4500002060,AN,2024-09-15T00:00:00,0001000014,Z100,Z02,ZAR
4500002061,ZDOM,2024-10-22T00:00:00,0001000014,Z100,Z01,ZAR
4500002062,AN,2024-12-13T00:00:00,0001000014,Z100,Z01,ZAR
4500002063,AN,2025-01-23T00:00:00,0001000014,Z100,Z03,ZAR
4500002064,AN,2025-04-24T00:00:00,0001000014,Z100,Z03,ZAR
4500002065,AN,2026-04-09T00:00:00,0001000014,Z100,Z02,ZAR
4500002066,WK,2026-05-27T00:00:00,0001000014,Z100,Z03,ZAR
4500002067,WK,2024-09-18T00:00:00,0001000006,Z100,Z02,ZAR
4500002068,ZDOM,2025-03-11T00:00:00,0001000006,Z100,Z03,ZAR
4500002069,ZDOM,2025-11-04T00:00:00,0001000006,Z100,Z03,ZAR
4500002070,WK,2026-06-29T00:00:00,0001000006,Z100,Z02,ZAR
4500002071,WK,2024-09-21T00:00:00,0001000006,Z100,Z01,ZAR
4500002072,WK,2024-11-13T00:00:00,0001000006,Z100,Z01,ZAR
4500002073,ZDOM,2025-01-04T00:00:00,0001000006,Z100,Z01,ZAR
4500002074,AN,2025-08-28T00:00:00,0001000006,Z100,Z03,ZAR
4500002075,AN,2026-02-08T00:00:00,0001000006,Z100,Z01,ZAR
4500002076,ZDOM,2026-02-26T00:00:00,0001000006,Z100,Z02,ZAR
4500002077,AN,2026-07-23T00:00:00,0001000006,Z100,Z02,ZAR
4500002078,ZDOM,2024-10-17T00:00:00,0001000035,Z100,Z01,ZAR
4500002079,AN,2025-04-28T00:00:00,0001000035,Z100,Z01,ZAR
4500002080,ZDOM,2025-06-03T00:00:00,0001000035,Z100,Z02,ZAR
4500002081,WK,2025-06-14T00:00:00,0001000035,Z100,Z03,ZAR
4500002082,ZDOM,2025-12-02T00:00:00,0001000035,Z100,Z02,ZAR
4500002083,ZDOM,2025-12-13T00:00:00,0001000035,Z100,Z03,ZAR
4500002084,ZDOM,2026-05-28T00:00:00,0001000035,Z100,Z02,ZAR
4500002085,AN,2026-07-02T00:00:00,0001000035,Z100,Z01,ZAR
4500002086,AN,2024-09-23T00:00:00,0001000010,Z100,Z02,ZAR
4500002087,WK,2024-11-21T00:00:00,0001000010,Z100,Z03,ZAR
4500002088,WK,2025-01-10T00:00:00,0001000010,Z100,Z02,ZAR
4500002089,AN,2025-03-04T00:00:00,0001000010,Z100,Z02,ZAR
4500002090,ZDOM,2025-06-26T00:00:00,0001000010,Z100,Z01,ZAR
4500002091,WK,2026-01-13T00:00:00,0001000010,Z100,Z03,ZAR
4500002092,WK,2026-06-19T00:00:00,0001000010,Z100,Z02,ZAR
4500002093,ZDOM,2026-07-25T00:00:00,0001000010,Z100,Z01,ZAR
4500002094,ZDOM,2026-08-29T00:00:00,0001000010,Z100,Z01,ZAR
4500002095,WK,2025-02-10T00:00:00,0001000010,Z100,Z02,ZAR
4500002096,AN,2025-09-03T00:00:00,0001000010,Z100,Z03,ZAR
4500002097,AN,2026-06-02T00:00:00,0001000010,Z100,Z02,ZAR
4500002098,AN,2024-10-08T00:00:00,0001000021,Z100,Z02,ZAR
4500002099,WK,2025-03-29T00:00:00,0001000021,Z100,Z02,ZAR
4500002100,ZDOM,2025-09-03T00:00:00,0001000021,Z100,Z03,ZAR
4500002101,AN,2026-03-16T00:00:00,0001000021,Z100,Z01,ZAR
4500002102,AN,2024-09-10T00:00:00,0001000042,Z100,Z03,ZAR
4500002103,ZDOM,2025-03-02T00:00:00,0001000042,Z100,Z03,ZAR
4500002104,WK,2025-10-12T00:00:00,0001000042,Z100,Z03,ZAR
4500002105,ZDOM,2026-07-30T00:00:00,0001000042,Z100,Z01,ZAR
4500002106,WK,2024-10-07T00:00:00,0001000042,Z100,Z03,ZAR
4500002107,ZDOM,2025-05-11T00:00:00,0001000042,Z100,Z02,ZAR
4500002108,ZDOM,2025-07-29T00:00:00,0001000042,Z100,Z01,ZAR
4500002109,ZDOM,2025-08-11T00:00:00,0001000042,Z100,Z01,ZAR
4500002110,ZDOM,2026-01-14T00:00:00,0001000042,Z100,Z02,ZAR
4500002111,AN,2026-04-12T00:00:00,0001000042,Z100,Z03,ZAR
4500002112,ZDOM,2024-09-07T00:00:00,0001000037,Z100,Z03,ZAR
4500002113,AN,2024-10-19T00:00:00,0001000037,Z100,Z03,ZAR
4500002114,AN,2025-04-07T00:00:00,0001000037,Z100,Z01,ZAR
4500002115,ZDOM,2026-07-01T00:00:00,0001000037,Z100,Z03,ZAR
4500002116,WK,2025-01-19T00:00:00,0001000037,Z100,Z03,ZAR
4500002117,ZDOM,2025-05-25T00:00:00,0001000037,Z100,Z01,ZAR
4500002118,WK,2025-10-03T00:00:00,0001000037,Z100,Z03,ZAR
4500002119,ZDOM,2026-02-14T00:00:00,0001000037,Z100,Z02,ZAR
4500002120,ZDOM,2026-06-11T00:00:00,0001000037,Z100,Z01,ZAR
4500002121,WK,2024-10-18T00:00:00,0001000029,Z100,Z01,ZAR
4500002122,AN,2024-12-19T00:00:00,0001000029,Z100,Z03,ZAR
4500002123,AN,2025-02-27T00:00:00,0001000029,Z100,Z01,ZAR
4500002124,WK,2025-04-21T00:00:00,0001000029,Z100,Z02,ZAR
4500002125,WK,2025-07-27T00:00:00,0001000029,Z100,Z02,ZAR
4500002126,WK,2025-11-24T00:00:00,0001000029,Z100,Z03,ZAR
4500002127,ZDOM,2026-01-13T00:00:00,0001000029,Z100,Z02,ZAR
4500002128,ZDOM,2026-03-05T00:00:00,0001000029,Z100,Z02,ZAR
4500002129,ZDOM,2026-03-17T00:00:00,0001000029,Z100,Z03,ZAR
4500002130,ZDOM,2026-06-28T00:00:00,0001000029,Z100,Z02,ZAR
4500002131,ZDOM,2026-07-24T00:00:00,0001000029,Z100,Z03,ZAR
4500002132,AN,2024-09-13T00:00:00,0001000052,Z100,Z01,ZAR
4500002133,WK,2025-02-10T00:00:00,0001000052,Z100,Z03,ZAR
4500002134,AN,2025-08-25T00:00:00,0001000052,Z100,Z03,ZAR
4500002135,AN,2026-07-08T00:00:00,0001000052,Z100,Z02,ZAR
4500002136,ZDOM,2024-09-30T00:00:00,0001000059,Z100,Z02,ZAR
4500002137,ZDOM,2024-10-11T00:00:00,0001000059,Z100,Z01,ZAR
4500002138,ZDOM,2025-02-02T00:00:00,0001000059,Z100,Z01,ZAR
4500002139,WK,2025-08-14T00:00:00,0001000059,Z100,Z03,ZAR
4500002140,WK,2025-09-14T00:00:00,0001000059,Z100,Z02,ZAR
4500002141,WK,2025-12-15T00:00:00,0001000059,Z100,Z01,ZAR
4500002142,AN,2026-07-03T00:00:00,0001000059,Z100,Z01,ZAR
4500002143,WK,2026-08-26T00:00:00,0001000059,Z100,Z01,ZAR
4500002144,ZDOM,2024-10-19T00:00:00,0001000059,Z100,Z01,ZAR
4500002145,AN,2024-11-06T00:00:00,0001000059,Z100,Z03,ZAR
4500002146,ZDOM,2024-12-19T00:00:00,0001000059,Z100,Z03,ZAR
4500002147,ZDOM,2025-09-08T00:00:00,0001000059,Z100,Z02,ZAR
4500002148,AN,2026-02-08T00:00:00,0001000059,Z100,Z03,ZAR
4500002149,WK,2026-06-03T00:00:00,0001000059,Z100,Z02,ZAR
4500002150,ZDOM,2026-06-15T00:00:00,0001000059,Z100,Z03,ZAR
4500002151,ZDOM,2024-12-03T00:00:00,0001000046,Z100,Z01,ZAR
4500002152,WK,2025-08-31T00:00:00,0001000046,Z100,Z01,ZAR
4500002153,ZDOM,2026-01-13T00:00:00,0001000046,Z100,Z01,ZAR
4500002154,ZDOM,2026-07-14T00:00:00,0001000046,Z100,Z03,ZAR
4500002155,ZDOM,2024-09-13T00:00:00,0001000015,Z100,Z01,ZAR
4500002156,ZDOM,2025-02-08T00:00:00,0001000015,Z100,Z02,ZAR
4500002157,WK,2025-05-29T00:00:00,0001000015,Z100,Z02,ZAR
4500002158,AN,2026-03-11T00:00:00,0001000015,Z100,Z01,ZAR
4500002159,AN,2024-09-16T00:00:00,0001000054,Z100,Z02,ZAR
4500002160,ZDOM,2024-12-04T00:00:00,0001000054,Z100,Z02,ZAR
4500002161,ZDOM,2024-12-18T00:00:00,0001000054,Z100,Z02,ZAR
4500002162,AN,2025-06-28T00:00:00,0001000054,Z100,Z02,ZAR
4500002163,AN,2025-08-11T00:00:00,0001000054,Z100,Z01,ZAR
4500002164,WK,2025-12-09T00:00:00,0001000054,Z100,Z03,ZAR
4500002165,AN,2026-04-01T00:00:00,0001000054,Z100,Z01,ZAR
4500002166,AN,2026-06-13T00:00:00,0001000054,Z100,Z03,ZAR
4500002167,ZDOM,2026-07-13T00:00:00,0001000054,Z100,Z03,ZAR
4500002168,ZDOM,2024-09-21T00:00:00,0001000030,Z100,Z03,ZAR
4500002169,ZDOM,2025-03-24T00:00:00,0001000030,Z100,Z01,ZAR
4500002170,ZDOM,2025-09-17T00:00:00,0001000030,Z100,Z03,ZAR
4500002171,ZDOM,2025-10-26T00:00:00,0001000030,Z100,Z02,ZAR
4500002172,WK,2026-04-10T00:00:00,0001000030,Z100,Z03,ZAR
4500002173,ZDOM,2024-10-04T00:00:00,0001000030,Z100,Z02,ZAR
4500002174,ZDOM,2024-10-27T00:00:00,0001000030,Z100,Z03,ZAR
4500002175,WK,2024-12-01T00:00:00,0001000030,Z100,Z02,ZAR
4500002176,ZDOM,2025-05-08T00:00:00,0001000030,Z100,Z03,ZAR
4500002177,WK,2025-06-25T00:00:00,0001000030,Z100,Z02,ZAR
4500002178,ZDOM,2025-07-19T00:00:00,0001000030,Z100,Z01,ZAR
4500002179,ZDOM,2025-12-17T00:00:00,0001000030,Z100,Z01,ZAR
4500002180,WK,2026-04-20T00:00:00,0001000030,Z100,Z03,ZAR
4500002181,AN,2026-09-07T00:00:00,0001000030,Z100,Z01,ZAR
4500002182,ZDOM,2024-09-11T00:00:00,0001000059,Z100,Z01,ZAR
4500002183,WK,2024-10-09T00:00:00,0001000059,Z100,Z03,ZAR
4500002184,AN,2025-08-02T00:00:00,0001000059,Z100,Z01,ZAR
4500002185,WK,2026-04-09T00:00:00,0001000059,Z100,Z01,ZAR
4500002186,WK,2026-05-16T00:00:00,0001000059,Z100,Z01,ZAR
4500002187,ZDOM,2024-09-13T00:00:00,0001000059,Z100,Z03,ZAR
4500002188,ZDOM,2025-05-29T00:00:00,0001000059,Z100,Z01,ZAR
4500002189,AN,2025-12-26T00:00:00,0001000059,Z100,Z01,ZAR
4500002190,AN,2024-09-17T00:00:00,0001000058,Z100,Z01,ZAR
4500002191,AN,2025-01-31T00:00:00,0001000058,Z100,Z03,ZAR
4500002192,WK,2025-02-26T00:00:00,0001000058,Z100,Z01,ZAR
4500002193,WK,2025-07-09T00:00:00,0001000058,Z100,Z01,ZAR
4500002194,WK,2025-11-16T00:00:00,0001000058,Z100,Z03,ZAR
4500002195,WK,2025-12-18T00:00:00,0001000058,Z100,Z03,ZAR
4500002196,WK,2026-05-27T00:00:00,0001000058,Z100,Z03,ZAR
4500002197,AN,2026-07-18T00:00:00,0001000058,Z100,Z02,ZAR
4500002198,AN,2024-09-17T00:00:00,0001000058,Z100,Z01,ZAR
4500002199,WK,2024-12-11T00:00:00,0001000058,Z100,Z03,ZAR
4500002200,AN,2025-04-26T00:00:00,0001000058,Z100,Z02,ZAR
4500002201,WK,2025-07-12T00:00:00,0001000058,Z100,Z02,ZAR
4500002202,ZDOM,2026-01-30T00:00:00,0001000058,Z100,Z01,ZAR
4500002203,ZDOM,2026-05-06T00:00:00,0001000058,Z100,Z02,ZAR
4500002204,AN,2026-05-16T00:00:00,0001000058,Z100,Z01,ZAR
4500002205,ZDOM,2026-09-07T00:00:00,0001000058,Z100,Z01,ZAR
4500002206,ZDOM,2024-09-20T00:00:00,0001000038,Z100,Z01,ZAR
4500002207,AN,2025-04-09T00:00:00,0001000038,Z100,Z03,ZAR
4500002208,ZDOM,2024-09-22T00:00:00,0001000044,Z100,Z03,ZAR
4500002209,ZDOM,2025-05-31T00:00:00,0001000044,Z100,Z02,ZAR
4500002210,ZDOM,2026-02-04T00:00:00,0001000044,Z100,Z03,ZAR
4500002211,ZDOM,2026-07-11T00:00:00,0001000044,Z100,Z01,ZAR
4500002212,WK,2024-09-21T00:00:00,0001000026,Z100,Z02,ZAR
4500002213,AN,2024-10-21T00:00:00,0001000026,Z100,Z02,ZAR
4500002214,WK,2025-02-27T00:00:00,0001000026,Z100,Z02,ZAR
4500002215,AN,2025-11-14T00:00:00,0001000026,Z100,Z01,ZAR
4500002216,ZDOM,2026-01-11T00:00:00,0001000026,Z100,Z02,ZAR
4500002217,AN,2026-08-05T00:00:00,0001000026,Z100,Z02,ZAR
4500002218,AN,2024-09-12T00:00:00,0001000019,Z100,Z03,ZAR
4500002219,AN,2025-02-19T00:00:00,0001000019,Z100,Z03,ZAR
4500002220,WK,2025-04-18T00:00:00,0001000019,Z100,Z03,ZAR
4500002221,ZDOM,2025-05-06T00:00:00,0001000019,Z100,Z03,ZAR
4500002222,ZDOM,2025-09-20T00:00:00,0001000019,Z100,Z03,ZAR
4500002223,WK,2026-02-05T00:00:00,0001000019,Z100,Z02,ZAR
4500002224,AN,2026-07-25T00:00:00,0001000019,Z100,Z01,ZAR
4500002225,ZDOM,2024-10-04T00:00:00,0001000033,Z100,Z02,ZAR
4500002226,WK,2024-11-07T00:00:00,0001000033,Z100,Z02,ZAR
4500002227,WK,2025-05-29T00:00:00,0001000033,Z100,Z01,ZAR
4500002228,WK,2025-10-21T00:00:00,0001000033,Z100,Z01,ZAR
4500002229,ZDOM,2026-02-18T00:00:00,0001000033,Z100,Z02,ZAR
4500002230,WK,2026-07-29T00:00:00,0001000033,Z100,Z01,ZAR
4500002231,WK,2025-03-12T00:00:00,0001000011,Z100,Z02,ZAR
4500002232,AN,2025-08-24T00:00:00,0001000011,Z100,Z02,ZAR
4500002233,WK,2026-07-02T00:00:00,0001000011,Z100,Z02,ZAR
4500002234,WK,2024-10-13T00:00:00,0001000011,Z100,Z03,ZAR
4500002235,AN,2025-01-03T00:00:00,0001000011,Z100,Z02,ZAR
4500002236,AN,2025-07-03T00:00:00,0001000011,Z100,Z02,ZAR
4500002237,WK,2026-01-04T00:00:00,0001000011,Z100,Z02,ZAR
4500002238,ZDOM,2026-02-01T00:00:00,0001000011,Z100,Z02,ZAR
4500002239,ZDOM,2025-03-31T00:00:00,0001000008,Z100,Z02,ZAR
4500002240,AN,2025-04-17T00:00:00,0001000008,Z100,Z03,ZAR
4500002241,WK,2025-08-30T00:00:00,0001000008,Z100,Z02,ZAR
4500002242,WK,2025-11-30T00:00:00,0001000008,Z100,Z01,ZAR
4500002243,WK,2026-02-11T00:00:00,0001000008,Z100,Z03,ZAR
4500002244,ZDOM,2026-05-11T00:00:00,0001000008,Z100,Z02,ZAR
4500002245,ZDOM,2024-09-23T00:00:00,0001000032,Z100,Z02,ZAR
4500002246,ZDOM,2024-10-17T00:00:00,0001000032,Z100,Z01,ZAR
4500002247,AN,2024-11-10T00:00:00,0001000032,Z100,Z01,ZAR
4500002248,ZDOM,2025-03-10T00:00:00,0001000032,Z100,Z03,ZAR
4500002249,ZDOM,2025-04-16T00:00:00,0001000032,Z100,Z02,ZAR
4500002250,AN,2025-06-08T00:00:00,0001000032,Z100,Z01,ZAR
4500002251,AN,2025-07-15T00:00:00,0001000032,Z100,Z02,ZAR
4500002252,WK,2025-08-29T00:00:00,0001000032,Z100,Z03,ZAR
4500002253,AN,2025-10-09T00:00:00,0001000032,Z100,Z03,ZAR
4500002254,WK,2025-11-22T00:00:00,0001000032,Z100,Z01,ZAR
4500002255,ZDOM,2026-03-24T00:00:00,0001000032,Z100,Z03,ZAR
4500002256,AN,2026-05-20T00:00:00,0001000032,Z100,Z01,ZAR
4500002257,AN,2026-07-13T00:00:00,0001000032,Z100,Z03,ZAR
4500002258,WK,2026-09-05T00:00:00,0001000032,Z100,Z02,ZAR
4500002259,AN,2024-10-02T00:00:00,0001000039,Z100,Z02,ZAR
4500002260,WK,2025-03-07T00:00:00,0001000039,Z100,Z03,ZAR
4500002261,ZDOM,2025-07-24T00:00:00,0001000039,Z100,Z01,ZAR
4500002262,WK,2025-12-23T00:00:00,0001000039,Z100,Z02,ZAR
4500002263,ZDOM,2026-06-05T00:00:00,0001000039,Z100,Z03,ZAR
4500002264,ZDOM,2024-09-15T00:00:00,0001000039,Z100,Z02,ZAR
4500002265,ZDOM,2025-04-12T00:00:00,0001000039,Z100,Z03,ZAR
4500002266,ZDOM,2025-07-23T00:00:00,0001000039,Z100,Z02,ZAR
4500002267,ZDOM,2025-12-18T00:00:00,0001000039,Z100,Z01,ZAR
4500002268,AN,2026-06-09T00:00:00,0001000039,Z100,Z02,ZAR
4500002269,WK,2026-08-20T00:00:00,0001000030,Z100,Z03,ZAR
4500002270,AN,2024-10-29T00:00:00,0001000016,Z100,Z03,ZAR
4500002271,WK,2025-04-23T00:00:00,0001000016,Z100,Z03,ZAR
4500002272,AN,2025-11-24T00:00:00,0001000016,Z100,Z01,ZAR
4500002273,WK,2026-08-20T00:00:00,0001000016,Z100,Z01,ZAR
4500002274,WK,2024-09-26T00:00:00,0001000035,Z100,Z03,ZAR
4500002275,WK,2025-01-12T00:00:00,0001000035,Z100,Z02,ZAR
4500002276,ZDOM,2026-07-02T00:00:00,0001000035,Z100,Z03,ZAR
4500002277,AN,2024-10-24T00:00:00,0001000002,Z100,Z01,ZAR
4500002278,WK,2025-01-08T00:00:00,0001000002,Z100,Z03,ZAR
4500002279,ZDOM,2025-12-15T00:00:00,0001000002,Z100,Z03,ZAR
4500002280,ZDOM,2026-05-19T00:00:00,0001000002,Z100,Z01,ZAR
4500002281,AN,2026-08-21T00:00:00,0001000002,Z100,Z01,ZAR
4500002282,ZDOM,2024-10-02T00:00:00,0001000002,Z100,Z01,ZAR
4500002283,WK,2025-04-28T00:00:00,0001000002,Z100,Z01,ZAR
4500002284,AN,2026-02-26T00:00:00,0001000002,Z100,Z01,ZAR
4500002285,AN,2026-05-12T00:00:00,0001000002,Z100,Z01,ZAR
4500002286,ZDOM,2024-09-27T00:00:00,0001000059,Z100,Z01,ZAR
4500002287,AN,2025-01-28T00:00:00,0001000059,Z100,Z02,ZAR
4500002288,AN,2025-07-14T00:00:00,0001000059,Z100,Z02,ZAR
4500002289,ZDOM,2025-12-07T00:00:00,0001000059,Z100,Z02,ZAR
4500002290,WK,2026-06-01T00:00:00,0001000059,Z100,Z02,ZAR
4500002291,WK,2026-06-27T00:00:00,0001000059,Z100,Z02,ZAR
4500002292,WK,2024-09-10T00:00:00,0001000023,Z100,Z02,ZAR
4500002293,WK,2024-12-28T00:00:00,0001000023,Z100,Z03,ZAR
4500002294,AN,2025-09-19T00:00:00,0001000023,Z100,Z02,ZAR
4500002295,ZDOM,2026-01-07T00:00:00,0001000023,Z100,Z02,ZAR
4500002296,AN,2024-11-06T00:00:00,0001000005,Z100,Z02,ZAR
4500002297,ZDOM,2025-07-05T00:00:00,0001000005,Z100,Z02,ZAR
4500002298,AN,2025-11-14T00:00:00,0001000005,Z100,Z01,ZAR
4500002299,WK,2024-10-23T00:00:00,0001000029,Z100,Z03,ZAR
4500002300,AN,2025-11-30T00:00:00,0001000029,Z100,Z02,ZAR
4500002301,AN,2026-05-05T00:00:00,0001000013,Z100,Z02,ZAR
4500002302,AN,2024-11-26T00:00:00,0001000001,Z100,Z02,ZAR
4500002303,AN,2025-02-14T00:00:00,0001000001,Z100,Z01,ZAR
4500002304,AN,2026-03-23T00:00:00,0001000001,Z100,Z03,ZAR
4500002305,ZDOM,2026-08-18T00:00:00,0001000001,Z100,Z01,ZAR
4500002306,ZDOM,2024-09-22T00:00:00,0001000012,Z100,Z03,ZAR
4500002307,WK,2024-10-13T00:00:00,0001000012,Z100,Z01,ZAR
4500002308,WK,2024-12-05T00:00:00,0001000012,Z100,Z02,ZAR
4500002309,AN,2025-05-06T00:00:00,0001000012,Z100,Z02,ZAR
4500002310,WK,2025-06-17T00:00:00,0001000012,Z100,Z02,ZAR
4500002311,WK,2025-11-06T00:00:00,0001000012,Z100,Z03,ZAR
4500002312,WK,2025-12-10T00:00:00,0001000012,Z100,Z03,ZAR
4500002313,ZDOM,2026-04-18T00:00:00,0001000012,Z100,Z01,ZAR
4500002314,ZDOM,2026-06-30T00:00:00,0001000012,Z100,Z01,ZAR
4500002315,WK,2024-11-07T00:00:00,0001000016,Z100,Z03,ZAR
4500002316,WK,2025-02-14T00:00:00,0001000016,Z100,Z01,ZAR
4500002317,ZDOM,2025-12-18T00:00:00,0001000016,Z100,Z01,ZAR
4500002318,AN,2024-09-23T00:00:00,0001000016,Z100,Z03,ZAR
4500002319,AN,2025-06-01T00:00:00,0001000016,Z100,Z03,ZAR
4500002320,ZDOM,2025-08-07T00:00:00,0001000016,Z100,Z01,ZAR
4500002321,ZDOM,2025-09-13T00:00:00,0001000016,Z100,Z01,ZAR
4500002322,WK,2025-10-20T00:00:00,0001000016,Z100,Z02,ZAR
4500002323,AN,2025-11-29T00:00:00,0001000016,Z100,Z03,ZAR
4500002324,AN,2025-12-19T00:00:00,0001000016,Z100,Z01,ZAR
4500002325,WK,2026-03-03T00:00:00,0001000016,Z100,Z03,ZAR
4500002326,AN,2026-05-13T00:00:00,0001000016,Z100,Z01,ZAR
4500002327,AN,2026-06-30T00:00:00,0001000016,Z100,Z01,ZAR
4500002328,ZDOM,2026-08-01T00:00:00,0001000016,Z100,Z03,ZAR
4500002329,WK,2026-08-20T00:00:00,0001000016,Z100,Z01,ZAR
4500002330,AN,2024-10-08T00:00:00,0001000011,Z100,Z02,ZAR
4500002331,ZDOM,2025-10-11T00:00:00,0001000011,Z100,Z03,ZAR
4500002332,WK,2026-07-22T00:00:00,0001000011,Z100,Z02,ZAR
4500002333,AN,2024-10-19T00:00:00,0001000003,Z100,Z01,ZAR
4500002334,ZDOM,2025-03-01T00:00:00,0001000003,Z100,Z02,ZAR
4500002335,WK,2025-04-04T00:00:00,0001000003,Z100,Z03,ZAR
4500002336,WK,2025-08-09T00:00:00,0001000003,Z100,Z03,ZAR
4500002337,WK,2026-02-07T00:00:00,0001000003,Z100,Z03,ZAR
4500002338,ZDOM,2026-07-11T00:00:00,0001000003,Z100,Z03,ZAR
4500002339,WK,2026-08-30T00:00:00,0001000003,Z100,Z02,ZAR
4500002340,WK,2024-09-10T00:00:00,0001000028,Z100,Z01,ZAR
4500002341,WK,2024-10-16T00:00:00,0001000028,Z100,Z01,ZAR
4500002342,AN,2024-11-26T00:00:00,0001000028,Z100,Z02,ZAR
4500002343,ZDOM,2025-03-24T00:00:00,0001000028,Z100,Z02,ZAR
4500002344,ZDOM,2025-04-11T00:00:00,0001000028,Z100,Z03,ZAR
4500002345,WK,2025-08-18T00:00:00,0001000028,Z100,Z01,ZAR
4500002346,AN,2025-09-20T00:00:00,0001000028,Z100,Z03,ZAR
4500002347,ZDOM,2026-02-16T00:00:00,0001000028,Z100,Z02,ZAR
4500002348,ZDOM,2026-05-15T00:00:00,0001000028,Z100,Z01,ZAR
4500002349,AN,2025-12-07T00:00:00,0001000039,Z100,Z01,ZAR
4500002350,WK,2026-08-25T00:00:00,0001000039,Z100,Z02,ZAR
4500002351,WK,2024-09-11T00:00:00,0001000048,Z100,Z01,ZAR
4500002352,WK,2025-06-29T00:00:00,0001000048,Z100,Z01,ZAR
4500002353,AN,2025-12-04T00:00:00,0001000048,Z100,Z02,ZAR
4500002354,ZDOM,2026-01-10T00:00:00,0001000048,Z100,Z02,ZAR
4500002355,AN,2026-02-19T00:00:00,0001000048,Z100,Z02,ZAR
4500002356,AN,2026-04-06T00:00:00,0001000048,Z100,Z01,ZAR
4500002357,WK,2024-09-27T00:00:00,0001000048,Z100,Z02,ZAR
4500002358,ZDOM,2024-10-09T00:00:00,0001000048,Z100,Z02,ZAR
4500002359,ZDOM,2025-04-22T00:00:00,0001000048,Z100,Z01,ZAR
4500002360,AN,2025-05-23T00:00:00,0001000048,Z100,Z02,ZAR
4500002361,ZDOM,2025-08-03T00:00:00,0001000048,Z100,Z01,ZAR
4500002362,WK,2026-01-04T00:00:00,0001000048,Z100,Z03,ZAR
4500002363,ZDOM,2026-04-28T00:00:00,0001000048,Z100,Z01,ZAR
4500002364,AN,2024-12-10T00:00:00,0001000011,Z100,Z02,ZAR
4500002365,ZDOM,2025-09-04T00:00:00,0001000011,Z100,Z03,ZAR
4500002366,AN,2025-09-20T00:00:00,0001000011,Z100,Z01,ZAR
4500002367,ZDOM,2025-01-31T00:00:00,0001000009,Z100,Z02,ZAR
4500002368,ZDOM,2025-10-07T00:00:00,0001000009,Z100,Z02,ZAR
4500002369,AN,2026-03-14T00:00:00,0001000009,Z100,Z02,ZAR
4500002370,AN,2024-11-25T00:00:00,0001000026,Z100,Z02,ZAR
4500002371,AN,2025-03-30T00:00:00,0001000026,Z100,Z03,ZAR
4500002372,ZDOM,2025-07-05T00:00:00,0001000026,Z100,Z03,ZAR
4500002373,ZDOM,2025-11-02T00:00:00,0001000026,Z100,Z03,ZAR
4500002374,WK,2025-11-28T00:00:00,0001000026,Z100,Z01,ZAR
4500002375,AN,2026-03-19T00:00:00,0001000026,Z100,Z01,ZAR
4500002376,WK,2026-08-12T00:00:00,0001000026,Z100,Z03,ZAR
4500002377,ZDOM,2024-10-12T00:00:00,0001000026,Z100,Z03,ZAR
4500002378,ZDOM,2025-01-25T00:00:00,0001000026,Z100,Z02,ZAR
4500002379,AN,2025-07-30T00:00:00,0001000026,Z100,Z02,ZAR
4500002380,AN,2026-02-02T00:00:00,0001000026,Z100,Z01,ZAR
4500002381,AN,2026-02-12T00:00:00,0001000026,Z100,Z01,ZAR
4500002382,ZDOM,2024-10-01T00:00:00,0001000034,Z100,Z02,ZAR
4500002383,ZDOM,2024-11-28T00:00:00,0001000034,Z100,Z01,ZAR
4500002384,ZDOM,2025-04-07T00:00:00,0001000034,Z100,Z03,ZAR
4500002385,ZDOM,2025-09-26T00:00:00,0001000034,Z100,Z01,ZAR
4500002386,AN,2024-11-06T00:00:00,0001000034,Z100,Z01,ZAR
4500002387,WK,2024-11-23T00:00:00,0001000034,Z100,Z01,ZAR
4500002388,WK,2025-03-28T00:00:00,0001000034,Z100,Z01,ZAR
4500002389,WK,2025-05-31T00:00:00,0001000034,Z100,Z01,ZAR
4500002390,WK,2026-08-18T00:00:00,0001000034,Z100,Z03,ZAR
4500002391,ZDOM,2024-09-17T00:00:00,0001000001,Z100,Z03,ZAR
4500002392,AN,2025-05-28T00:00:00,0001000001,Z100,Z01,ZAR
4500002393,AN,2026-02-05T00:00:00,0001000001,Z100,Z01,ZAR
4500002394,AN,2024-10-18T00:00:00,0001000050,Z100,Z03,ZAR
4500002395,ZDOM,2025-01-21T00:00:00,0001000050,Z100,Z02,ZAR
4500002396,AN,2025-05-01T00:00:00,0001000050,Z100,Z03,ZAR
4500002397,ZDOM,2025-07-26T00:00:00,0001000050,Z100,Z01,ZAR
4500002398,ZDOM,2025-10-26T00:00:00,0001000050,Z100,Z01,ZAR
4500002399,ZDOM,2026-01-29T00:00:00,0001000050,Z100,Z01,ZAR
4500002400,AN,2026-02-23T00:00:00,0001000050,Z100,Z01,ZAR
4500002401,WK,2026-06-08T00:00:00,0001000050,Z100,Z03,ZAR
4500002402,ZDOM,2024-10-06T00:00:00,0001000057,Z100,Z02,ZAR
4500002403,ZDOM,2024-12-29T00:00:00,0001000057,Z100,Z01,ZAR
4500002404,ZDOM,2025-03-14T00:00:00,0001000057,Z100,Z01,ZAR
4500002405,WK,2025-06-02T00:00:00,0001000057,Z100,Z01,ZAR
4500002406,ZDOM,2025-08-06T00:00:00,0001000057,Z100,Z03,ZAR
4500002407,WK,2025-08-18T00:00:00,0001000057,Z100,Z03,ZAR
4500002408,ZDOM,2025-09-19T00:00:00,0001000057,Z100,Z03,ZAR
4500002409,AN,2025-12-28T00:00:00,0001000057,Z100,Z03,ZAR
4500002410,WK,2026-03-04T00:00:00,0001000057,Z100,Z02,ZAR
4500002411,WK,2026-03-26T00:00:00,0001000057,Z100,Z02,ZAR
4500002412,AN,2026-06-23T00:00:00,0001000057,Z100,Z02,ZAR
4500002413,AN,2026-08-22T00:00:00,0001000057,Z100,Z01,ZAR
4500002414,AN,2024-12-04T00:00:00,0001000022,Z100,Z03,ZAR
4500002415,ZDOM,2025-03-06T00:00:00,0001000022,Z100,Z01,ZAR
4500002416,ZDOM,2025-07-23T00:00:00,0001000022,Z100,Z03,ZAR
4500002417,ZDOM,2025-11-18T00:00:00,0001000022,Z100,Z03,ZAR
4500002418,ZDOM,2026-04-18T00:00:00,0001000022,Z100,Z02,ZAR
4500002419,ZDOM,2026-05-18T00:00:00,0001000022,Z100,Z01,ZAR
4500002420,AN,2024-09-10T00:00:00,0001000036,Z100,Z01,ZAR
4500002421,WK,2025-02-08T00:00:00,0001000036,Z100,Z02,ZAR
4500002422,AN,2025-05-04T00:00:00,0001000036,Z100,Z02,ZAR
4500002423,WK,2025-08-10T00:00:00,0001000036,Z100,Z01,ZAR
4500002424,WK,2025-12-20T00:00:00,0001000036,Z100,Z01,ZAR
4500002425,WK,2026-01-23T00:00:00,0001000036,Z100,Z01,ZAR
4500002426,AN,2024-09-14T00:00:00,0001000014,Z100,Z03,ZAR
4500002427,ZDOM,2024-11-22T00:00:00,0001000014,Z100,Z03,ZAR
4500002428,AN,2025-02-15T00:00:00,0001000014,Z100,Z01,ZAR
4500002429,AN,2025-04-25T00:00:00,0001000014,Z100,Z03,ZAR
4500002430,WK,2025-09-18T00:00:00,0001000014,Z100,Z01,ZAR
4500002431,AN,2026-01-11T00:00:00,0001000014,Z100,Z01,ZAR
4500002432,WK,2026-03-13T00:00:00,0001000014,Z100,Z03,ZAR
4500002433,AN,2026-06-06T00:00:00,0001000014,Z100,Z03,ZAR
4500002434,WK,2026-06-06T00:00:00,0001000014,Z100,Z02,ZAR
4500002435,WK,2024-09-11T00:00:00,0001000030,Z100,Z02,ZAR
4500002436,AN,2025-04-25T00:00:00,0001000030,Z100,Z02,ZAR
4500002437,AN,2025-11-11T00:00:00,0001000030,Z100,Z03,ZAR
4500002438,WK,2026-07-29T00:00:00,0001000030,Z100,Z03,ZAR
4500002439,ZDOM,2026-09-07T00:00:00,0001000030,Z100,Z02,ZAR
4500002440,AN,2025-10-19T00:00:00,0001000056,Z100,Z01,ZAR
4500002441,ZDOM,2026-06-01T00:00:00,0001000056,Z100,Z01,ZAR
4500002442,WK,2026-08-21T00:00:00,0001000056,Z100,Z02,ZAR
4500002443,ZDOM,2024-09-25T00:00:00,0001000003,Z100,Z03,ZAR
4500002444,AN,2026-03-18T00:00:00,0001000003,Z100,Z03,ZAR
4500002445,WK,2024-09-11T00:00:00,0001000003,Z100,Z02,ZAR
4500002446,WK,2025-10-22T00:00:00,0001000003,Z100,Z03,ZAR
4500002447,WK,2024-09-29T00:00:00,0001000024,Z100,Z01,ZAR
4500002448,WK,2025-07-24T00:00:00,0001000024,Z100,Z02,ZAR
4500002449,AN,2026-01-14T00:00:00,0001000024,Z100,Z01,ZAR
4500002450,AN,2024-10-24T00:00:00,0001000053,Z100,Z03,ZAR
4500002451,AN,2025-02-25T00:00:00,0001000053,Z100,Z01,ZAR
4500002452,WK,2025-09-07T00:00:00,0001000053,Z100,Z01,ZAR
4500002453,AN,2026-01-16T00:00:00,0001000053,Z100,Z03,ZAR
4500002454,ZDOM,2026-07-28T00:00:00,0001000053,Z100,Z03,ZAR
4500002455,AN,2024-10-25T00:00:00,0001000016,Z100,Z01,ZAR
4500002456,WK,2025-09-28T00:00:00,0001000016,Z100,Z02,ZAR
4500002457,AN,2025-11-11T00:00:00,0001000016,Z100,Z02,ZAR
4500002458,WK,2026-04-16T00:00:00,0001000016,Z100,Z01,ZAR
4500002459,AN,2024-09-24T00:00:00,0001000016,Z100,Z02,ZAR
4500002460,AN,2024-10-28T00:00:00,0001000016,Z100,Z02,ZAR
4500002461,WK,2025-10-10T00:00:00,0001000016,Z100,Z03,ZAR
4500002462,ZDOM,2026-08-02T00:00:00,0001000016,Z100,Z02,ZAR
4500002463,WK,2025-01-15T00:00:00,0001000031,Z100,Z03,ZAR
4500002464,WK,2025-02-25T00:00:00,0001000031,Z100,Z01,ZAR
4500002465,WK,2025-04-03T00:00:00,0001000031,Z100,Z02,ZAR
4500002466,ZDOM,2025-05-19T00:00:00,0001000031,Z100,Z02,ZAR
4500002467,AN,2025-09-24T00:00:00,0001000031,Z100,Z01,ZAR
4500002468,WK,2026-06-04T00:00:00,0001000031,Z100,Z02,ZAR
4500002469,ZDOM,2026-07-28T00:00:00,0001000031,Z100,Z02,ZAR
4500002470,AN,2024-09-19T00:00:00,0001000036,Z100,Z01,ZAR
4500002471,AN,2025-01-11T00:00:00,0001000036,Z100,Z02,ZAR
4500002472,WK,2025-07-11T00:00:00,0001000036,Z100,Z02,ZAR
4500002473,ZDOM,2025-10-19T00:00:00,0001000036,Z100,Z03,ZAR
4500002474,AN,2026-06-12T00:00:00,0001000036,Z100,Z02,ZAR
4500002475,WK,2026-07-26T00:00:00,0001000036,Z100,Z03,ZAR
4500002476,ZDOM,2026-09-07T00:00:00,0001000036,Z100,Z03,ZAR
4500002477,AN,2024-10-27T00:00:00,0001000036,Z100,Z01,ZAR
4500002478,AN,2024-12-01T00:00:00,0001000036,Z100,Z03,ZAR
4500002479,AN,2025-01-28T00:00:00,0001000036,Z100,Z01,ZAR
4500002480,WK,2025-06-19T00:00:00,0001000036,Z100,Z03,ZAR
4500002481,ZDOM,2025-08-18T00:00:00,0001000036,Z100,Z03,ZAR
4500002482,WK,2025-10-06T00:00:00,0001000036,Z100,Z02,ZAR
4500002483,AN,2026-01-04T00:00:00,0001000036,Z100,Z01,ZAR
4500002484,ZDOM,2026-05-04T00:00:00,0001000036,Z100,Z01,ZAR
4500002485,WK,2026-07-07T00:00:00,0001000036,Z100,Z03,ZAR
4500002486,ZDOM,2026-07-04T00:00:00,0001000036,Z100,Z03,ZAR
4500002487,ZDOM,2024-09-26T00:00:00,0001000051,Z100,Z02,ZAR
4500002488,AN,2024-12-30T00:00:00,0001000051,Z100,Z01,ZAR
4500002489,AN,2025-03-20T00:00:00,0001000051,Z100,Z03,ZAR
4500002490,WK,2025-06-01T00:00:00,0001000051,Z100,Z03,ZAR
4500002491,WK,2025-08-04T00:00:00,0001000051,Z100,Z02,ZAR
4500002492,AN,2025-10-24T00:00:00,0001000051,Z100,Z01,ZAR
4500002493,ZDOM,2026-01-28T00:00:00,0001000051,Z100,Z02,ZAR
4500002494,WK,2026-04-07T00:00:00,0001000051,Z100,Z01,ZAR
4500002495,AN,2026-05-28T00:00:00,0001000051,Z100,Z01,ZAR
4500002496,ZDOM,2026-06-19T00:00:00,0001000051,Z100,Z02,ZAR
4500002497,AN,2024-10-02T00:00:00,0001000051,Z100,Z02,ZAR
4500002498,AN,2024-10-04T00:00:00,0001000051,Z100,Z01,ZAR
4500002499,AN,2025-03-28T00:00:00,0001000051,Z100,Z03,ZAR
4500002500,AN,2025-08-26T00:00:00,0001000051,Z100,Z03,ZAR
4500002501,AN,2025-12-11T00:00:00,0001000051,Z100,Z02,ZAR
4500002502,ZDOM,2026-05-17T00:00:00,0001000051,Z100,Z03,ZAR
4500002503,WK,2024-12-26T00:00:00,0001000009,Z100,Z01,ZAR
4500002504,WK,2025-01-10T00:00:00,0001000009,Z100,Z03,ZAR
4500002505,ZDOM,2026-01-24T00:00:00,0001000009,Z100,Z01,ZAR
4500002506,ZDOM,2026-02-21T00:00:00,0001000009,Z100,Z01,ZAR
4500002507,AN,2026-08-04T00:00:00,0001000009,Z100,Z02,ZAR
4500002508,ZDOM,2026-08-11T00:00:00,0001000009,Z100,Z01,ZAR
4500002509,AN,2025-02-04T00:00:00,0001000024,Z100,Z01,ZAR
4500002510,WK,2025-07-11T00:00:00,0001000024,Z100,Z03,ZAR
4500002511,ZDOM,2025-12-31T00:00:00,0001000024,Z100,Z03,ZAR
4500002512,ZDOM,2026-07-25T00:00:00,0001000024,Z100,Z03,ZAR
4500002513,ZDOM,2024-11-24T00:00:00,0001000024,Z100,Z02,ZAR
4500002514,AN,2025-01-05T00:00:00,0001000024,Z100,Z03,ZAR
4500002515,WK,2025-07-03T00:00:00,0001000024,Z100,Z01,ZAR
4500002516,ZDOM,2025-10-15T00:00:00,0001000024,Z100,Z01,ZAR
4500002517,AN,2026-04-30T00:00:00,0001000024,Z100,Z02,ZAR
4500002518,AN,2026-06-06T00:00:00,0001000024,Z100,Z03,ZAR
4500002519,AN,2026-06-17T00:00:00,0001000024,Z100,Z01,ZAR
4500002520,AN,2026-08-14T00:00:00,0001000024,Z100,Z03,ZAR
4500002521,WK,2024-12-06T00:00:00,0001000038,Z100,Z02,ZAR
4500002522,AN,2025-07-05T00:00:00,0001000038,Z100,Z02,ZAR
4500002523,ZDOM,2025-12-03T00:00:00,0001000038,Z100,Z03,ZAR
4500002524,WK,2025-01-11T00:00:00,0001000038,Z100,Z01,ZAR
4500002525,AN,2025-07-29T00:00:00,0001000038,Z100,Z01,ZAR
4500002526,AN,2026-07-01T00:00:00,0001000038,Z100,Z01,ZAR
4500002527,AN,2024-10-09T00:00:00,0001000026,Z100,Z03,ZAR
4500002528,ZDOM,2025-10-30T00:00:00,0001000026,Z100,Z02,ZAR
4500002529,WK,2026-06-08T00:00:00,0001000026,Z100,Z02,ZAR
4500002530,WK,2026-07-21T00:00:00,0001000026,Z100,Z02,ZAR
4500002531,WK,2024-09-22T00:00:00,0001000010,Z100,Z03,ZAR
4500002532,WK,2024-12-21T00:00:00,0001000010,Z100,Z03,ZAR
4500002533,WK,2025-01-29T00:00:00,0001000010,Z100,Z01,ZAR
4500002534,AN,2025-06-13T00:00:00,0001000010,Z100,Z01,ZAR
4500002535,AN,2025-09-04T00:00:00,0001000010,Z100,Z03,ZAR
4500002536,AN,2026-02-28T00:00:00,0001000010,Z100,Z03,ZAR
4500002537,AN,2024-09-26T00:00:00,0001000010,Z100,Z01,ZAR
4500002538,WK,2024-10-20T00:00:00,0001000010,Z100,Z02,ZAR
4500002539,ZDOM,2024-12-06T00:00:00,0001000010,Z100,Z03,ZAR
4500002540,WK,2025-05-31T00:00:00,0001000010,Z100,Z01,ZAR
4500002541,AN,2025-07-05T00:00:00,0001000010,Z100,Z03,ZAR
4500002542,AN,2025-07-30T00:00:00,0001000010,Z100,Z02,ZAR
4500002543,AN,2025-08-31T00:00:00,0001000010,Z100,Z02,ZAR
4500002544,WK,2025-09-15T00:00:00,0001000010,Z100,Z03,ZAR
4500002545,AN,2025-11-21T00:00:00,0001000010,Z100,Z02,ZAR
4500002546,AN,2025-12-23T00:00:00,0001000010,Z100,Z02,ZAR
4500002547,WK,2024-11-06T00:00:00,0001000022,Z100,Z01,ZAR
4500002548,AN,2024-12-26T00:00:00,0001000022,Z100,Z03,ZAR
4500002549,AN,2025-04-28T00:00:00,0001000022,Z100,Z03,ZAR
4500002550,ZDOM,2025-06-04T00:00:00,0001000022,Z100,Z02,ZAR
4500002551,WK,2025-09-24T00:00:00,0001000022,Z100,Z02,ZAR
4500002552,WK,2025-12-25T00:00:00,0001000022,Z100,Z03,ZAR
4500002553,WK,2026-01-15T00:00:00,0001000022,Z100,Z03,ZAR
4500002554,AN,2026-04-28T00:00:00,0001000022,Z100,Z02,ZAR
4500002555,WK,2026-09-07T00:00:00,0001000022,Z100,Z01,ZAR
4500002556,WK,2024-10-25T00:00:00,0001000037,Z100,Z02,ZAR
4500002557,ZDOM,2025-03-08T00:00:00,0001000037,Z100,Z01,ZAR
4500002558,WK,2025-08-09T00:00:00,0001000037,Z100,Z01,ZAR
4500002559,AN,2025-12-26T00:00:00,0001000037,Z100,Z02,ZAR
4500002560,WK,2026-06-05T00:00:00,0001000037,Z100,Z02,ZAR
4500002561,AN,2024-10-02T00:00:00,0001000037,Z100,Z01,ZAR
4500002562,WK,2024-11-20T00:00:00,0001000037,Z100,Z03,ZAR
4500002563,ZDOM,2025-01-31T00:00:00,0001000037,Z100,Z01,ZAR
4500002564,WK,2025-04-24T00:00:00,0001000037,Z100,Z02,ZAR
4500002565,ZDOM,2025-07-03T00:00:00,0001000037,Z100,Z01,ZAR
4500002566,ZDOM,2025-08-23T00:00:00,0001000037,Z100,Z03,ZAR
4500002567,WK,2025-11-24T00:00:00,0001000037,Z100,Z02,ZAR
4500002568,ZDOM,2026-03-03T00:00:00,0001000037,Z100,Z02,ZAR
4500002569,ZDOM,2026-05-29T00:00:00,0001000037,Z100,Z01,ZAR
4500002570,ZDOM,2026-09-01T00:00:00,0001000037,Z100,Z03,ZAR
4500002571,ZDOM,2024-09-21T00:00:00,0001000048,Z100,Z02,ZAR
4500002572,AN,2024-10-22T00:00:00,0001000048,Z100,Z03,ZAR
4500002573,ZDOM,2024-11-11T00:00:00,0001000048,Z100,Z02,ZAR
4500002574,ZDOM,2025-08-07T00:00:00,0001000048,Z100,Z02,ZAR
4500002575,WK,2026-03-15T00:00:00,0001000048,Z100,Z02,ZAR
4500002576,WK,2024-11-08T00:00:00,0001000005,Z100,Z02,ZAR
4500002577,ZDOM,2025-06-28T00:00:00,0001000005,Z100,Z03,ZAR
4500002578,AN,2026-04-07T00:00:00,0001000005,Z100,Z02,ZAR
4500002579,ZDOM,2026-08-01T00:00:00,0001000005,Z100,Z01,ZAR
4500002580,ZDOM,2024-10-07T00:00:00,0001000033,Z100,Z02,ZAR
4500002581,WK,2024-10-16T00:00:00,0001000033,Z100,Z03,ZAR
4500002582,AN,2025-04-21T00:00:00,0001000033,Z100,Z02,ZAR
4500002583,AN,2026-09-07T00:00:00,0001000033,Z100,Z03,ZAR
4500002584,ZDOM,2024-09-15T00:00:00,0001000037,Z100,Z01,ZAR
4500002585,AN,2025-01-11T00:00:00,0001000037,Z100,Z02,ZAR
4500002586,ZDOM,2025-04-08T00:00:00,0001000037,Z100,Z02,ZAR
4500002587,AN,2025-12-03T00:00:00,0001000037,Z100,Z01,ZAR
4500002588,WK,2025-12-15T00:00:00,0001000037,Z100,Z02,ZAR
4500002589,WK,2026-06-14T00:00:00,0001000037,Z100,Z01,ZAR
4500002590,ZDOM,2026-08-18T00:00:00,0001000037,Z100,Z03,ZAR
4500002591,AN,2024-10-03T00:00:00,0001000037,Z100,Z02,ZAR
4500002592,WK,2025-02-21T00:00:00,0001000037,Z100,Z03,ZAR
4500002593,WK,2025-03-03T00:00:00,0001000037,Z100,Z02,ZAR
4500002594,WK,2026-03-11T00:00:00,0001000037,Z100,Z03,ZAR
4500002595,WK,2026-04-23T00:00:00,0001000037,Z100,Z01,ZAR
4500002596,AN,2026-05-29T00:00:00,0001000037,Z100,Z01,ZAR
4500002597,WK,2026-08-23T00:00:00,0001000026,Z100,Z01,ZAR
4500002598,WK,2026-02-11T00:00:00,0001000035,Z100,Z02,ZAR
4500002599,WK,2024-10-05T00:00:00,0001000036,Z100,Z03,ZAR
4500002600,WK,2025-01-20T00:00:00,0001000036,Z100,Z03,ZAR
4500002601,AN,2025-06-10T00:00:00,0001000036,Z100,Z02,ZAR
4500002602,AN,2026-01-17T00:00:00,0001000036,Z100,Z01,ZAR
4500002603,ZDOM,2026-09-06T00:00:00,0001000036,Z100,Z01,ZAR
4500002604,WK,2024-09-14T00:00:00,0001000036,Z100,Z01,ZAR
4500002605,AN,2025-03-11T00:00:00,0001000036,Z100,Z03,ZAR
4500002606,ZDOM,2025-05-31T00:00:00,0001000036,Z100,Z01,ZAR
4500002607,AN,2025-11-09T00:00:00,0001000036,Z100,Z03,ZAR
4500002608,ZDOM,2026-05-11T00:00:00,0001000036,Z100,Z03,ZAR
4500002609,WK,2026-05-13T00:00:00,0001000036,Z100,Z01,ZAR
4500002610,AN,2024-10-30T00:00:00,0001000049,Z100,Z02,ZAR
4500002611,AN,2025-03-21T00:00:00,0001000049,Z100,Z01,ZAR
4500002612,ZDOM,2025-07-07T00:00:00,0001000049,Z100,Z02,ZAR
4500002613,AN,2026-01-02T00:00:00,0001000049,Z100,Z01,ZAR
4500002614,WK,2026-05-29T00:00:00,0001000049,Z100,Z03,ZAR
4500002615,ZDOM,2024-09-08T00:00:00,0001000037,Z100,Z02,ZAR
4500002616,AN,2024-10-30T00:00:00,0001000037,Z100,Z01,ZAR
4500002617,AN,2025-04-22T00:00:00,0001000037,Z100,Z01,ZAR
4500002618,ZDOM,2025-06-11T00:00:00,0001000037,Z100,Z02,ZAR
4500002619,WK,2025-08-31T00:00:00,0001000037,Z100,Z03,ZAR
4500002620,ZDOM,2026-06-07T00:00:00,0001000037,Z100,Z03,ZAR
4500002621,ZDOM,2026-08-20T00:00:00,0001000037,Z100,Z02,ZAR
4500002622,WK,2024-09-30T00:00:00,0001000046,Z100,Z03,ZAR
4500002623,AN,2024-12-21T00:00:00,0001000046,Z100,Z02,ZAR
4500002624,ZDOM,2025-01-25T00:00:00,0001000046,Z100,Z02,ZAR
4500002625,WK,2025-02-22T00:00:00,0001000046,Z100,Z03,ZAR
4500002626,WK,2025-05-13T00:00:00,0001000046,Z100,Z03,ZAR
4500002627,WK,2025-08-22T00:00:00,0001000046,Z100,Z02,ZAR
4500002628,WK,2025-10-14T00:00:00,0001000046,Z100,Z01,ZAR
4500002629,AN,2026-03-18T00:00:00,0001000046,Z100,Z01,ZAR
4500002630,ZDOM,2026-06-09T00:00:00,0001000046,Z100,Z02,ZAR
4500002631,AN,2026-09-05T00:00:00,0001000046,Z100,Z01,ZAR
4500002632,WK,2024-10-17T00:00:00,0001000037,Z100,Z03,ZAR
4500002633,ZDOM,2025-11-28T00:00:00,0001000037,Z100,Z01,ZAR
4500002634,WK,2026-03-20T00:00:00,0001000011,Z100,Z01,ZAR
4500002635,AN,2026-04-26T00:00:00,0001000011,Z100,Z01,ZAR
4500002636,ZDOM,2025-02-23T00:00:00,0001000011,Z100,Z03,ZAR
4500002637,AN,2025-03-19T00:00:00,0001000011,Z100,Z03,ZAR
4500002638,WK,2026-05-04T00:00:00,0001000011,Z100,Z01,ZAR
4500002639,WK,2026-05-21T00:00:00,0001000011,Z100,Z01,ZAR
4500002640,AN,2024-09-12T00:00:00,0001000014,Z100,Z01,ZAR
4500002641,ZDOM,2024-10-24T00:00:00,0001000014,Z100,Z02,ZAR
4500002642,WK,2024-11-23T00:00:00,0001000014,Z100,Z02,ZAR
4500002643,AN,2025-03-26T00:00:00,0001000014,Z100,Z02,ZAR
4500002644,ZDOM,2025-05-05T00:00:00,0001000014,Z100,Z01,ZAR
4500002645,AN,2025-08-15T00:00:00,0001000014,Z100,Z02,ZAR
4500002646,WK,2025-11-22T00:00:00,0001000014,Z100,Z02,ZAR
4500002647,WK,2026-01-01T00:00:00,0001000014,Z100,Z02,ZAR
4500002648,WK,2026-03-21T00:00:00,0001000014,Z100,Z03,ZAR
4500002649,WK,2026-05-15T00:00:00,0001000014,Z100,Z01,ZAR
4500002650,ZDOM,2026-06-23T00:00:00,0001000014,Z100,Z03,ZAR
4500002651,WK,2026-07-29T00:00:00,0001000014,Z100,Z02,ZAR
4500002652,ZDOM,2024-11-04T00:00:00,0001000035,Z100,Z03,ZAR
4500002653,AN,2025-02-11T00:00:00,0001000035,Z100,Z01,ZAR
4500002654,AN,2025-10-30T00:00:00,0001000035,Z100,Z01,ZAR
4500002655,WK,2026-04-29T00:00:00,0001000035,Z100,Z02,ZAR
4500002656,WK,2026-06-02T00:00:00,0001000035,Z100,Z03,ZAR
4500002657,ZDOM,2024-10-04T00:00:00,0001000029,Z100,Z01,ZAR
4500002658,ZDOM,2024-12-18T00:00:00,0001000029,Z100,Z01,ZAR
4500002659,ZDOM,2025-03-03T00:00:00,0001000029,Z100,Z02,ZAR
4500002660,AN,2025-03-15T00:00:00,0001000029,Z100,Z03,ZAR
4500002661,WK,2025-06-12T00:00:00,0001000029,Z100,Z02,ZAR
4500002662,ZDOM,2025-09-30T00:00:00,0001000029,Z100,Z01,ZAR
4500002663,AN,2026-01-28T00:00:00,0001000029,Z100,Z02,ZAR
4500002664,AN,2026-04-17T00:00:00,0001000029,Z100,Z01,ZAR
4500002665,ZDOM,2026-07-09T00:00:00,0001000029,Z100,Z03,ZAR
4500002666,AN,2025-02-09T00:00:00,0001000051,Z100,Z03,ZAR
4500002667,AN,2025-05-25T00:00:00,0001000051,Z100,Z01,ZAR
4500002668,ZDOM,2025-07-19T00:00:00,0001000051,Z100,Z03,ZAR
4500002669,AN,2026-03-08T00:00:00,0001000051,Z100,Z01,ZAR
4500002670,WK,2024-10-24T00:00:00,0001000040,Z100,Z02,ZAR
4500002671,ZDOM,2026-01-18T00:00:00,0001000040,Z100,Z03,ZAR
4500002672,AN,2024-09-28T00:00:00,0001000039,Z100,Z01,ZAR
4500002673,WK,2025-01-14T00:00:00,0001000039,Z100,Z02,ZAR
4500002674,AN,2025-09-11T00:00:00,0001000039,Z100,Z02,ZAR
4500002675,ZDOM,2026-01-30T00:00:00,0001000039,Z100,Z01,ZAR
4500002676,WK,2026-02-10T00:00:00,0001000039,Z100,Z01,ZAR
4500002677,WK,2026-03-28T00:00:00,0001000039,Z100,Z03,ZAR
4500002678,ZDOM,2026-07-31T00:00:00,0001000039,Z100,Z02,ZAR
4500002679,AN,2024-11-06T00:00:00,0001000012,Z100,Z02,ZAR
4500002680,ZDOM,2024-11-24T00:00:00,0001000012,Z100,Z01,ZAR
4500002681,ZDOM,2025-06-03T00:00:00,0001000012,Z100,Z01,ZAR
4500002682,WK,2025-07-22T00:00:00,0001000012,Z100,Z01,ZAR
4500002683,AN,2025-09-02T00:00:00,0001000012,Z100,Z01,ZAR
4500002684,ZDOM,2025-12-27T00:00:00,0001000012,Z100,Z03,ZAR
4500002685,ZDOM,2026-01-11T00:00:00,0001000012,Z100,Z02,ZAR
4500002686,ZDOM,2026-07-30T00:00:00,0001000012,Z100,Z02,ZAR
4500002687,ZDOM,2026-08-11T00:00:00,0001000012,Z100,Z02,ZAR
4500002688,ZDOM,2024-11-17T00:00:00,0001000020,Z100,Z01,ZAR
4500002689,AN,2025-06-05T00:00:00,0001000020,Z100,Z01,ZAR
4500002690,AN,2025-09-27T00:00:00,0001000020,Z100,Z02,ZAR
4500002691,AN,2025-10-22T00:00:00,0001000020,Z100,Z03,ZAR
4500002692,ZDOM,2025-11-07T00:00:00,0001000020,Z100,Z03,ZAR
4500002693,ZDOM,2025-12-30T00:00:00,0001000020,Z100,Z02,ZAR
4500002694,WK,2026-02-26T00:00:00,0001000020,Z100,Z03,ZAR
4500002695,ZDOM,2026-07-25T00:00:00,0001000020,Z100,Z01,ZAR
4500002696,AN,2024-09-15T00:00:00,0001000022,Z100,Z03,ZAR
4500002697,AN,2024-10-14T00:00:00,0001000022,Z100,Z01,ZAR
4500002698,WK,2025-08-09T00:00:00,0001000022,Z100,Z01,ZAR
4500002699,ZDOM,2024-12-08T00:00:00,0001000020,Z100,Z01,ZAR
4500002700,AN,2025-04-06T00:00:00,0001000020,Z100,Z01,ZAR
4500002701,WK,2026-04-09T00:00:00,0001000020,Z100,Z03,ZAR
4500002702,WK,2026-08-22T00:00:00,0001000020,Z100,Z01,ZAR
4500002703,WK,2025-02-22T00:00:00,0001000020,Z100,Z02,ZAR
4500002704,AN,2025-03-23T00:00:00,0001000020,Z100,Z01,ZAR
4500002705,WK,2025-05-03T00:00:00,0001000020,Z100,Z01,ZAR
4500002706,WK,2025-09-07T00:00:00,0001000020,Z100,Z01,ZAR
4500002707,ZDOM,2026-02-19T00:00:00,0001000020,Z100,Z01,ZAR
4500002708,AN,2026-07-02T00:00:00,0001000020,Z100,Z02,ZAR
4500002709,AN,2026-07-12T00:00:00,0001000020,Z100,Z02,ZAR
4500002710,WK,2025-04-02T00:00:00,0001000050,Z100,Z02,ZAR
4500002711,WK,2025-05-31T00:00:00,0001000050,Z100,Z01,ZAR
4500002712,AN,2025-07-08T00:00:00,0001000050,Z100,Z02,ZAR
4500002713,AN,2024-12-10T00:00:00,0001000000,Z100,Z02,ZAR
4500002714,ZDOM,2025-02-12T00:00:00,0001000000,Z100,Z02,ZAR
4500002715,WK,2025-11-18T00:00:00,0001000000,Z100,Z02,ZAR
4500002716,AN,2026-02-16T00:00:00,0001000000,Z100,Z02,ZAR
4500002717,ZDOM,2026-03-27T00:00:00,0001000000,Z100,Z03,ZAR
4500002718,AN,2026-05-09T00:00:00,0001000000,Z100,Z02,ZAR
4500002719,WK,2026-06-03T00:00:00,0001000000,Z100,Z02,ZAR
4500002720,ZDOM,2024-10-07T00:00:00,0001000000,Z100,Z03,ZAR
4500002721,ZDOM,2024-11-12T00:00:00,0001000000,Z100,Z03,ZAR
4500002722,AN,2025-02-20T00:00:00,0001000000,Z100,Z02,ZAR
4500002723,AN,2025-06-30T00:00:00,0001000000,Z100,Z01,ZAR
4500002724,AN,2026-01-16T00:00:00,0001000000,Z100,Z02,ZAR
4500002725,AN,2024-09-07T00:00:00,0001000041,Z100,Z01,ZAR
4500002726,ZDOM,2024-11-10T00:00:00,0001000041,Z100,Z03,ZAR
4500002727,WK,2025-01-15T00:00:00,0001000041,Z100,Z03,ZAR
4500002728,WK,2025-04-07T00:00:00,0001000041,Z100,Z03,ZAR
4500002729,AN,2025-06-13T00:00:00,0001000041,Z100,Z02,ZAR
4500002730,ZDOM,2025-08-03T00:00:00,0001000041,Z100,Z02,ZAR
4500002731,AN,2025-10-22T00:00:00,0001000041,Z100,Z01,ZAR
4500002732,AN,2025-11-27T00:00:00,0001000041,Z100,Z01,ZAR
4500002733,ZDOM,2025-12-19T00:00:00,0001000041,Z100,Z03,ZAR
4500002734,ZDOM,2026-03-10T00:00:00,0001000041,Z100,Z02,ZAR
4500002735,ZDOM,2026-04-27T00:00:00,0001000041,Z100,Z03,ZAR
4500002736,WK,2026-06-26T00:00:00,0001000041,Z100,Z02,ZAR
4500002737,WK,2026-08-21T00:00:00,0001000041,Z100,Z03,ZAR
4500002738,ZDOM,2024-10-11T00:00:00,0001000054,Z100,Z01,ZAR
4500002739,ZDOM,2025-03-08T00:00:00,0001000054,Z100,Z02,ZAR
4500002740,WK,2025-08-22T00:00:00,0001000054,Z100,Z02,ZAR
4500002741,AN,2026-01-25T00:00:00,0001000054,Z100,Z03,ZAR
4500002742,ZDOM,2026-02-19T00:00:00,0001000054,Z100,Z02,ZAR
4500002743,AN,2026-07-20T00:00:00,0001000054,Z100,Z03,ZAR
4500002744,ZDOM,2024-10-13T00:00:00,0001000054,Z100,Z01,ZAR
4500002745,ZDOM,2024-12-10T00:00:00,0001000054,Z100,Z03,ZAR
4500002746,ZDOM,2025-01-27T00:00:00,0001000054,Z100,Z01,ZAR
4500002747,AN,2025-06-21T00:00:00,0001000054,Z100,Z03,ZAR
4500002748,WK,2025-09-11T00:00:00,0001000054,Z100,Z03,ZAR
4500002749,WK,2026-02-27T00:00:00,0001000054,Z100,Z01,ZAR
4500002750,AN,2026-09-04T00:00:00,0001000054,Z100,Z02,ZAR
4500002751,ZDOM,2025-04-05T00:00:00,0001000051,Z100,Z02,ZAR
4500002752,ZDOM,2025-05-14T00:00:00,0001000051,Z100,Z02,ZAR
4500002753,AN,2025-12-18T00:00:00,0001000051,Z100,Z01,ZAR
4500002754,ZDOM,2024-09-13T00:00:00,0001000025,Z100,Z03,ZAR
4500002755,ZDOM,2025-03-21T00:00:00,0001000025,Z100,Z02,ZAR
4500002756,ZDOM,2025-10-23T00:00:00,0001000025,Z100,Z01,ZAR
4500002757,WK,2026-07-19T00:00:00,0001000025,Z100,Z02,ZAR
4500002758,ZDOM,2024-10-06T00:00:00,0001000028,Z100,Z02,ZAR
4500002759,WK,2025-02-23T00:00:00,0001000028,Z100,Z01,ZAR
4500002760,AN,2025-10-10T00:00:00,0001000028,Z100,Z02,ZAR
4500002761,AN,2025-10-31T00:00:00,0001000038,Z100,Z01,ZAR
4500002762,WK,2026-06-30T00:00:00,0001000038,Z100,Z02,ZAR
4500002763,ZDOM,2026-06-23T00:00:00,0001000038,Z100,Z01,ZAR
4500002764,WK,2024-09-27T00:00:00,0001000043,Z100,Z01,ZAR
4500002765,ZDOM,2025-07-23T00:00:00,0001000043,Z100,Z01,ZAR
4500002766,WK,2025-11-10T00:00:00,0001000043,Z100,Z01,ZAR
4500002767,ZDOM,2026-02-14T00:00:00,0001000043,Z100,Z03,ZAR
4500002768,AN,2026-06-11T00:00:00,0001000043,Z100,Z01,ZAR
4500002769,AN,2024-09-28T00:00:00,0001000049,Z100,Z02,ZAR
4500002770,AN,2025-04-17T00:00:00,0001000049,Z100,Z01,ZAR
4500002771,WK,2026-07-25T00:00:00,0001000049,Z100,Z02,ZAR
4500002772,WK,2024-09-24T00:00:00,0001000046,Z100,Z03,ZAR
4500002773,ZDOM,2024-10-24T00:00:00,0001000046,Z100,Z01,ZAR
4500002774,ZDOM,2024-11-17T00:00:00,0001000046,Z100,Z02,ZAR
4500002775,AN,2025-04-19T00:00:00,0001000046,Z100,Z01,ZAR
4500002776,WK,2025-06-01T00:00:00,0001000046,Z100,Z01,ZAR
4500002777,ZDOM,2025-06-04T00:00:00,0001000046,Z100,Z03,ZAR
4500002778,ZDOM,2025-07-18T00:00:00,0001000046,Z100,Z02,ZAR
4500002779,ZDOM,2025-09-07T00:00:00,0001000046,Z100,Z01,ZAR
4500002780,AN,2025-09-17T00:00:00,0001000046,Z100,Z02,ZAR
4500002781,ZDOM,2026-01-22T00:00:00,0001000046,Z100,Z01,ZAR
4500002782,ZDOM,2026-02-27T00:00:00,0001000046,Z100,Z02,ZAR
4500002783,ZDOM,2026-04-03T00:00:00,0001000046,Z100,Z02,ZAR
4500002784,AN,2026-05-01T00:00:00,0001000046,Z100,Z02,ZAR
4500002785,AN,2026-06-26T00:00:00,0001000046,Z100,Z03,ZAR
4500002786,ZDOM,2026-07-16T00:00:00,0001000046,Z100,Z01,ZAR
4500002787,WK,2024-11-18T00:00:00,0001000046,Z100,Z01,ZAR
4500002788,ZDOM,2025-06-01T00:00:00,0001000046,Z100,Z03,ZAR
4500002789,AN,2025-06-26T00:00:00,0001000046,Z100,Z03,ZAR
4500002790,AN,2025-07-13T00:00:00,0001000046,Z100,Z03,ZAR
4500002791,AN,2025-08-25T00:00:00,0001000046,Z100,Z02,ZAR
4500002792,ZDOM,2026-06-08T00:00:00,0001000046,Z100,Z02,ZAR
4500002793,AN,2026-08-02T00:00:00,0001000023,Z100,Z03,ZAR
4500002794,ZDOM,2024-10-01T00:00:00,0001000018,Z100,Z02,ZAR
4500002795,ZDOM,2024-10-16T00:00:00,0001000018,Z100,Z03,ZAR
4500002796,ZDOM,2025-10-14T00:00:00,0001000018,Z100,Z02,ZAR
4500002797,ZDOM,2026-05-08T00:00:00,0001000018,Z100,Z03,ZAR
4500002798,AN,2024-11-04T00:00:00,0001000057,Z100,Z01,ZAR
4500002799,WK,2024-11-23T00:00:00,0001000057,Z100,Z01,ZAR
4500002800,AN,2025-04-18T00:00:00,0001000057,Z100,Z03,ZAR
4500002801,ZDOM,2025-09-16T00:00:00,0001000057,Z100,Z02,ZAR
4500002802,ZDOM,2026-01-16T00:00:00,0001000057,Z100,Z02,ZAR
4500002803,AN,2026-04-29T00:00:00,0001000057,Z100,Z02,ZAR
4500002804,AN,2026-05-13T00:00:00,0001000057,Z100,Z01,ZAR
4500002805,AN,2026-06-15T00:00:00,0001000057,Z100,Z02,ZAR
4500002806,AN,2024-10-18T00:00:00,0001000057,Z100,Z02,ZAR
4500002807,WK,2024-11-23T00:00:00,0001000057,Z100,Z01,ZAR
4500002808,WK,2025-04-02T00:00:00,0001000057,Z100,Z01,ZAR
4500002809,AN,2025-07-13T00:00:00,0001000057,Z100,Z01,ZAR
4500002810,ZDOM,2025-11-24T00:00:00,0001000057,Z100,Z01,ZAR
4500002811,ZDOM,2026-03-20T00:00:00,0001000057,Z100,Z02,ZAR
4500002812,ZDOM,2026-09-07T00:00:00,0001000057,Z100,Z03,ZAR
4500002813,ZDOM,2025-02-08T00:00:00,0001000010,Z100,Z03,ZAR
4500002814,WK,2026-01-31T00:00:00,0001000010,Z100,Z02,ZAR
4500002815,AN,2026-04-17T00:00:00,0001000010,Z100,Z02,ZAR
4500002816,AN,2024-10-18T00:00:00,0001000055,Z100,Z03,ZAR
4500002817,WK,2025-04-22T00:00:00,0001000055,Z100,Z01,ZAR
4500002818,AN,2025-11-20T00:00:00,0001000055,Z100,Z03,ZAR
4500002819,AN,2026-05-16T00:00:00,0001000055,Z100,Z02,ZAR
4500002820,AN,2026-06-25T00:00:00,0001000055,Z100,Z03,ZAR
4500002821,AN,2024-09-22T00:00:00,0001000055,Z100,Z01,ZAR
4500002822,ZDOM,2025-08-23T00:00:00,0001000055,Z100,Z03,ZAR
4500002823,AN,2026-02-15T00:00:00,0001000055,Z100,Z02,ZAR
4500002824,ZDOM,2024-09-25T00:00:00,0001000055,Z100,Z03,ZAR
4500002825,WK,2025-10-18T00:00:00,0001000055,Z100,Z01,ZAR
4500002826,ZDOM,2026-05-29T00:00:00,0001000055,Z100,Z03,ZAR
4500002827,ZDOM,2024-09-10T00:00:00,0001000051,Z100,Z03,ZAR
4500002828,AN,2024-11-03T00:00:00,0001000051,Z100,Z02,ZAR
4500002829,AN,2025-06-01T00:00:00,0001000051,Z100,Z02,ZAR
4500002830,WK,2025-10-22T00:00:00,0001000051,Z100,Z03,ZAR
4500002831,WK,2026-03-23T00:00:00,0001000051,Z100,Z03,ZAR
4500002832,AN,2026-08-13T00:00:00,0001000051,Z100,Z01,ZAR
4500002833,ZDOM,2024-10-16T00:00:00,0001000054,Z100,Z02,ZAR
4500002834,WK,2025-05-06T00:00:00,0001000054,Z100,Z02,ZAR
4500002835,ZDOM,2026-03-01T00:00:00,0001000054,Z100,Z03,ZAR
4500002836,AN,2026-03-28T00:00:00,0001000054,Z100,Z03,ZAR
4500002837,ZDOM,2024-09-29T00:00:00,0001000054,Z100,Z02,ZAR
4500002838,AN,2025-03-05T00:00:00,0001000054,Z100,Z01,ZAR
4500002839,WK,2025-10-19T00:00:00,0001000054,Z100,Z02,ZAR
4500002840,WK,2026-04-21T00:00:00,0001000054,Z100,Z03,ZAR
4500002841,AN,2024-09-16T00:00:00,0001000006,Z100,Z03,ZAR
4500002842,WK,2025-05-08T00:00:00,0001000006,Z100,Z02,ZAR
4500002843,AN,2026-02-15T00:00:00,0001000006,Z100,Z02,ZAR
4500002844,WK,2026-07-18T00:00:00,0001000006,Z100,Z02,ZAR
4500002845,AN,2024-10-03T00:00:00,0001000006,Z100,Z03,ZAR
4500002846,AN,2025-06-10T00:00:00,0001000006,Z100,Z02,ZAR
4500002847,AN,2026-07-08T00:00:00,0001000006,Z100,Z02,ZAR
4500002848,AN,2024-10-08T00:00:00,0001000016,Z100,Z01,ZAR
4500002849,AN,2025-03-25T00:00:00,0001000016,Z100,Z03,ZAR
4500002850,ZDOM,2025-04-21T00:00:00,0001000016,Z100,Z02,ZAR
4500002851,WK,2026-06-07T00:00:00,0001000016,Z100,Z01,ZAR
4500002852,AN,2025-04-30T00:00:00,0001000016,Z100,Z02,ZAR
4500002853,AN,2026-09-05T00:00:00,0001000016,Z100,Z01,ZAR
4500002854,AN,2024-09-30T00:00:00,0001000005,Z100,Z01,ZAR
4500002855,AN,2025-04-15T00:00:00,0001000005,Z100,Z02,ZAR
4500002856,ZDOM,2025-12-06T00:00:00,0001000005,Z100,Z02,ZAR
4500002857,WK,2026-06-10T00:00:00,0001000005,Z100,Z01,ZAR
4500002858,WK,2024-10-03T00:00:00,0001000014,Z100,Z03,ZAR
4500002859,AN,2024-11-01T00:00:00,0001000014,Z100,Z03,ZAR
4500002860,AN,2025-12-26T00:00:00,0001000014,Z100,Z01,ZAR
4500002861,WK,2026-01-11T00:00:00,0001000014,Z100,Z02,ZAR
4500002862,ZDOM,2024-09-21T00:00:00,0001000014,Z100,Z02,ZAR
4500002863,WK,2025-07-30T00:00:00,0001000014,Z100,Z03,ZAR
4500002864,ZDOM,2026-07-26T00:00:00,0001000014,Z100,Z03,ZAR
4500002865,WK,2025-08-22T00:00:00,0001000046,Z100,Z02,ZAR
4500002866,ZDOM,2026-04-21T00:00:00,0001000046,Z100,Z02,ZAR
4500002867,ZDOM,2026-05-29T00:00:00,0001000046,Z100,Z02,ZAR
4500002868,ZDOM,2026-06-08T00:00:00,0001000046,Z100,Z02,ZAR
4500002869,ZDOM,2025-09-29T00:00:00,0001000046,Z100,Z01,ZAR
4500002870,WK,2026-01-07T00:00:00,0001000046,Z100,Z03,ZAR
4500002871,ZDOM,2024-09-13T00:00:00,0001000048,Z100,Z03,ZAR
4500002872,WK,2025-01-17T00:00:00,0001000048,Z100,Z02,ZAR
4500002873,WK,2025-06-26T00:00:00,0001000048,Z100,Z03,ZAR
4500002874,WK,2025-10-02T00:00:00,0001000048,Z100,Z01,ZAR
4500002875,ZDOM,2025-12-07T00:00:00,0001000048,Z100,Z01,ZAR
4500002876,ZDOM,2026-02-03T00:00:00,0001000048,Z100,Z01,ZAR
4500002877,ZDOM,2026-06-06T00:00:00,0001000048,Z100,Z03,ZAR
4500002878,AN,2026-07-18T00:00:00,0001000048,Z100,Z01,ZAR
4500002879,AN,2025-03-10T00:00:00,0001000048,Z100,Z02,ZAR
4500002880,WK,2025-09-07T00:00:00,0001000048,Z100,Z03,ZAR
4500002881,AN,2026-05-06T00:00:00,0001000048,Z100,Z01,ZAR
4500002882,WK,2024-09-30T00:00:00,0001000023,Z100,Z02,ZAR
4500002883,AN,2025-03-10T00:00:00,0001000023,Z100,Z01,ZAR
4500002884,AN,2025-09-28T00:00:00,0001000023,Z100,Z02,ZAR
4500002885,AN,2026-09-01T00:00:00,0001000023,Z100,Z02,ZAR
4500002886,AN,2024-09-27T00:00:00,0001000048,Z100,Z03,ZAR
4500002887,WK,2025-03-03T00:00:00,0001000048,Z100,Z02,ZAR
4500002888,ZDOM,2025-06-28T00:00:00,0001000048,Z100,Z01,ZAR
4500002889,AN,2025-08-31T00:00:00,0001000048,Z100,Z03,ZAR
4500002890,ZDOM,2025-12-04T00:00:00,0001000048,Z100,Z01,ZAR
4500002891,AN,2025-12-29T00:00:00,0001000048,Z100,Z01,ZAR
4500002892,WK,2026-02-06T00:00:00,0001000048,Z100,Z02,ZAR
4500002893,AN,2024-11-09T00:00:00,0001000048,Z100,Z02,ZAR
4500002894,ZDOM,2024-12-01T00:00:00,0001000048,Z100,Z01,ZAR
4500002895,ZDOM,2025-09-24T00:00:00,0001000048,Z100,Z02,ZAR
4500002896,ZDOM,2026-04-26T00:00:00,0001000048,Z100,Z01,ZAR
4500002897,WK,2024-11-17T00:00:00,0001000044,Z100,Z01,ZAR
4500002898,WK,2024-12-16T00:00:00,0001000044,Z100,Z01,ZAR
4500002899,ZDOM,2025-02-05T00:00:00,0001000044,Z100,Z01,ZAR
4500002900,AN,2025-03-13T00:00:00,0001000044,Z100,Z03,ZAR
4500002901,AN,2025-06-24T00:00:00,0001000044,Z100,Z03,ZAR
4500002902,WK,2025-09-21T00:00:00,0001000044,Z100,Z01,ZAR
4500002903,WK,2025-12-04T00:00:00,0001000044,Z100,Z01,ZAR
4500002904,WK,2025-12-11T00:00:00,0001000044,Z100,Z02,ZAR
4500002905,WK,2026-07-06T00:00:00,0001000044,Z100,Z03,ZAR
4500002906,ZDOM,2024-10-14T00:00:00,0001000044,Z100,Z03,ZAR
4500002907,AN,2025-07-23T00:00:00,0001000044,Z100,Z01,ZAR
4500002908,WK,2025-11-26T00:00:00,0001000044,Z100,Z01,ZAR
4500002909,AN,2026-08-05T00:00:00,0001000044,Z100,Z02,ZAR
4500002910,AN,2026-09-07T00:00:00,0001000044,Z100,Z01,ZAR
4500002911,ZDOM,2024-09-14T00:00:00,0001000056,Z100,Z03,ZAR
4500002912,ZDOM,2025-02-12T00:00:00,0001000056,Z100,Z01,ZAR
4500002913,AN,2025-04-17T00:00:00,0001000056,Z100,Z02,ZAR
4500002914,AN,2025-07-15T00:00:00,0001000056,Z100,Z02,ZAR
4500002915,ZDOM,2025-10-21T00:00:00,0001000056,Z100,Z03,ZAR
4500002916,AN,2026-01-08T00:00:00,0001000056,Z100,Z01,ZAR
4500002917,WK,2026-04-11T00:00:00,0001000056,Z100,Z03,ZAR
4500002918,WK,2026-07-29T00:00:00,0001000056,Z100,Z01,ZAR
4500002919,WK,2024-10-20T00:00:00,0001000033,Z100,Z01,ZAR
4500002920,AN,2024-11-12T00:00:00,0001000033,Z100,Z03,ZAR
4500002921,AN,2025-04-27T00:00:00,0001000033,Z100,Z03,ZAR
4500002922,WK,2025-08-11T00:00:00,0001000033,Z100,Z03,ZAR
4500002923,WK,2025-09-14T00:00:00,0001000033,Z100,Z02,ZAR
4500002924,AN,2025-10-17T00:00:00,0001000033,Z100,Z01,ZAR
4500002925,WK,2026-03-14T00:00:00,0001000033,Z100,Z03,ZAR
4500002926,AN,2026-08-11T00:00:00,0001000033,Z100,Z02,ZAR
4500002927,WK,2024-10-01T00:00:00,0001000001,Z100,Z01,ZAR
4500002928,ZDOM,2025-02-11T00:00:00,0001000001,Z100,Z02,ZAR
4500002929,AN,2025-04-26T00:00:00,0001000001,Z100,Z02,ZAR
4500002930,ZDOM,2025-07-03T00:00:00,0001000001,Z100,Z01,ZAR
4500002931,ZDOM,2025-11-05T00:00:00,0001000001,Z100,Z01,ZAR
4500002932,ZDOM,2025-12-27T00:00:00,0001000001,Z100,Z03,ZAR
4500002933,WK,2026-02-08T00:00:00,0001000001,Z100,Z03,ZAR
4500002934,AN,2026-05-30T00:00:00,0001000001,Z100,Z02,ZAR
4500002935,WK,2026-09-07T00:00:00,0001000001,Z100,Z01,ZAR
4500002936,ZDOM,2024-10-07T00:00:00,0001000019,Z100,Z01,ZAR
4500002937,WK,2024-11-22T00:00:00,0001000019,Z100,Z02,ZAR
4500002938,AN,2024-12-13T00:00:00,0001000019,Z100,Z01,ZAR
4500002939,WK,2025-01-21T00:00:00,0001000019,Z100,Z03,ZAR
4500002940,WK,2025-05-10T00:00:00,0001000019,Z100,Z03,ZAR
4500002941,WK,2025-06-13T00:00:00,0001000019,Z100,Z03,ZAR
4500002942,ZDOM,2025-07-14T00:00:00,0001000019,Z100,Z02,ZAR
4500002943,AN,2025-08-09T00:00:00,0001000019,Z100,Z02,ZAR
4500002944,WK,2025-12-24T00:00:00,0001000019,Z100,Z01,ZAR
4500002945,ZDOM,2026-01-11T00:00:00,0001000019,Z100,Z02,ZAR
4500002946,AN,2026-07-31T00:00:00,0001000019,Z100,Z03,ZAR
4500002947,ZDOM,2024-11-28T00:00:00,0001000019,Z100,Z02,ZAR
4500002948,AN,2025-10-19T00:00:00,0001000019,Z100,Z02,ZAR
4500002949,AN,2026-07-08T00:00:00,0001000019,Z100,Z01,ZAR
4500002950,AN,2025-07-07T00:00:00,0001000053,Z100,Z02,ZAR
4500002951,ZDOM,2025-10-20T00:00:00,0001000053,Z100,Z02,ZAR
4500002952,WK,2026-05-03T00:00:00,0001000053,Z100,Z03,ZAR
4500002953,ZDOM,2026-08-15T00:00:00,0001000053,Z100,Z01,ZAR
4500002954,ZDOM,2024-09-10T00:00:00,0001000033,Z100,Z03,ZAR
4500002955,ZDOM,2024-10-29T00:00:00,0001000033,Z100,Z03,ZAR
4500002956,AN,2025-02-08T00:00:00,0001000033,Z100,Z03,ZAR
4500002957,AN,2025-04-18T00:00:00,0001000033,Z100,Z03,ZAR
4500002958,WK,2025-06-03T00:00:00,0001000033,Z100,Z01,ZAR
4500002959,WK,2026-01-21T00:00:00,0001000033,Z100,Z03,ZAR
4500002960,AN,2024-09-16T00:00:00,0001000045,Z100,Z02,ZAR
4500002961,WK,2024-10-12T00:00:00,0001000045,Z100,Z01,ZAR
4500002962,AN,2024-11-18T00:00:00,0001000045,Z100,Z01,ZAR
4500002963,AN,2025-08-15T00:00:00,0001000045,Z100,Z02,ZAR
4500002964,AN,2026-04-23T00:00:00,0001000045,Z100,Z01,ZAR
4500002965,ZDOM,2026-05-12T00:00:00,0001000045,Z100,Z03,ZAR
4500002966,ZDOM,2024-11-20T00:00:00,0001000031,Z100,Z02,ZAR
4500002967,WK,2024-12-17T00:00:00,0001000031,Z100,Z01,ZAR
4500002968,ZDOM,2025-05-25T00:00:00,0001000031,Z100,Z01,ZAR
4500002969,WK,2025-07-05T00:00:00,0001000031,Z100,Z01,ZAR
4500002970,WK,2025-07-12T00:00:00,0001000031,Z100,Z03,ZAR
4500002971,WK,2026-01-28T00:00:00,0001000031,Z100,Z01,ZAR
4500002972,ZDOM,2026-06-30T00:00:00,0001000031,Z100,Z02,ZAR
4500002973,WK,2024-12-04T00:00:00,0001000031,Z100,Z03,ZAR
4500002974,ZDOM,2025-02-24T00:00:00,0001000031,Z100,Z03,ZAR
4500002975,ZDOM,2025-03-29T00:00:00,0001000031,Z100,Z03,ZAR
4500002976,AN,2025-11-18T00:00:00,0001000031,Z100,Z03,ZAR
4500002977,WK,2026-02-06T00:00:00,0001000031,Z100,Z02,ZAR
4500002978,WK,2026-02-13T00:00:00,0001000031,Z100,Z03,ZAR
4500002979,AN,2024-09-17T00:00:00,0001000042,Z100,Z03,ZAR
4500002980,AN,2024-12-17T00:00:00,0001000042,Z100,Z03,ZAR
4500002981,AN,2025-03-21T00:00:00,0001000042,Z100,Z02,ZAR
4500002982,ZDOM,2025-05-05T00:00:00,0001000042,Z100,Z02,ZAR
4500002983,AN,2025-09-21T00:00:00,0001000042,Z100,Z02,ZAR
4500002984,AN,2025-12-05T00:00:00,0001000042,Z100,Z03,ZAR
4500002985,WK,2026-03-28T00:00:00,0001000042,Z100,Z02,ZAR
4500002986,ZDOM,2026-06-20T00:00:00,0001000042,Z100,Z03,ZAR
4500002987,WK,2025-12-24T00:00:00,0001000041,Z100,Z03,ZAR
4500002988,WK,2024-09-09T00:00:00,0001000010,Z100,Z01,ZAR
4500002989,WK,2025-02-18T00:00:00,0001000010,Z100,Z03,ZAR
4500002990,AN,2026-06-23T00:00:00,0001000010,Z100,Z02,ZAR
4500002991,ZDOM,2024-09-07T00:00:00,0001000009,Z100,Z03,ZAR
4500002992,ZDOM,2024-12-21T00:00:00,0001000009,Z100,Z02,ZAR
4500002993,WK,2025-03-08T00:00:00,0001000009,Z100,Z01,ZAR
4500002994,AN,2025-07-21T00:00:00,0001000009,Z100,Z03,ZAR
4500002995,ZDOM,2025-09-02T00:00:00,0001000009,Z100,Z02,ZAR
4500002996,ZDOM,2025-12-25T00:00:00,0001000009,Z100,Z02,ZAR
4500002997,ZDOM,2026-05-09T00:00:00,0001000009,Z100,Z02,ZAR
4500002998,ZDOM,2026-08-05T00:00:00,0001000009,Z100,Z03,ZAR
4500002999,WK,2026-08-31T00:00:00,0001000009,Z100,Z02,ZAR
4500003000,WK,2025-11-26T00:00:00,0001000005,Z100,Z02,ZAR
4500003001,AN,2024-09-16T00:00:00,0001000051,Z100,Z01,ZAR
4500003002,AN,2024-11-05T00:00:00,0001000051,Z100,Z01,ZAR
4500003003,AN,2025-11-19T00:00:00,0001000051,Z100,Z02,ZAR
4500003004,AN,2025-12-31T00:00:00,0001000051,Z100,Z01,ZAR
4500003005,ZDOM,2026-06-18T00:00:00,0001000051,Z100,Z03,ZAR
4500003006,WK,2026-07-25T00:00:00,0001000051,Z100,Z03,ZAR
4500003007,WK,2024-09-14T00:00:00,0001000031,Z100,Z03,ZAR
4500003008,ZDOM,2025-01-19T00:00:00,0001000031,Z100,Z02,ZAR
4500003009,AN,2025-07-06T00:00:00,0001000031,Z100,Z01,ZAR
4500003010,ZDOM,2025-11-27T00:00:00,0001000031,Z100,Z01,ZAR
4500003011,WK,2026-04-11T00:00:00,0001000031,Z100,Z02,ZAR
4500003012,AN,2024-10-03T00:00:00,0001000031,Z100,Z01,ZAR
4500003013,WK,2025-03-02T00:00:00,0001000031,Z100,Z03,ZAR
4500003014,AN,2025-03-30T00:00:00,0001000031,Z100,Z01,ZAR
4500003015,WK,2025-07-14T00:00:00,0001000031,Z100,Z03,ZAR
4500003016,ZDOM,2025-11-27T00:00:00,0001000031,Z100,Z03,ZAR
4500003017,WK,2026-03-28T00:00:00,0001000031,Z100,Z01,ZAR
4500003018,ZDOM,2026-08-07T00:00:00,0001000031,Z100,Z03,ZAR
4500003019,WK,2025-09-04T00:00:00,0001000020,Z100,Z01,ZAR
4500003020,AN,2025-07-22T00:00:00,0001000014,Z100,Z02,ZAR
4500003021,ZDOM,2026-07-18T00:00:00,0001000014,Z100,Z01,ZAR
4500003022,AN,2024-11-08T00:00:00,0001000047,Z100,Z03,ZAR
4500003023,ZDOM,2025-06-05T00:00:00,0001000047,Z100,Z02,ZAR
4500003024,WK,2025-10-24T00:00:00,0001000047,Z100,Z02,ZAR
4500003025,AN,2026-05-15T00:00:00,0001000047,Z100,Z01,ZAR
4500003026,WK,2024-10-14T00:00:00,0001000047,Z100,Z02,ZAR
4500003027,AN,2025-01-17T00:00:00,0001000047,Z100,Z01,ZAR
4500003028,AN,2025-04-24T00:00:00,0001000047,Z100,Z03,ZAR
4500003029,WK,2025-09-21T00:00:00,0001000047,Z100,Z01,ZAR
4500003030,ZDOM,2025-10-23T00:00:00,0001000047,Z100,Z03,ZAR
4500003031,WK,2026-01-07T00:00:00,0001000047,Z100,Z02,ZAR
4500003032,AN,2026-02-18T00:00:00,0001000047,Z100,Z02,ZAR
4500003033,WK,2026-05-21T00:00:00,0001000047,Z100,Z01,ZAR
4500003034,AN,2026-08-26T00:00:00,0001000047,Z100,Z03,ZAR
4500003035,ZDOM,2024-09-12T00:00:00,0001000050,Z100,Z03,ZAR
4500003036,WK,2024-10-11T00:00:00,0001000050,Z100,Z03,ZAR
4500003037,ZDOM,2025-02-12T00:00:00,0001000050,Z100,Z03,ZAR
4500003038,ZDOM,2025-06-01T00:00:00,0001000050,Z100,Z02,ZAR
4500003039,AN,2025-08-04T00:00:00,0001000050,Z100,Z03,ZAR
4500003040,ZDOM,2026-02-23T00:00:00,0001000050,Z100,Z01,ZAR
4500003041,ZDOM,2026-05-22T00:00:00,0001000050,Z100,Z02,ZAR
4500003042,AN,2024-10-29T00:00:00,0001000025,Z100,Z02,ZAR
4500003043,WK,2025-01-26T00:00:00,0001000025,Z100,Z03,ZAR
4500003044,AN,2025-04-09T00:00:00,0001000025,Z100,Z01,ZAR
4500003045,AN,2025-08-03T00:00:00,0001000025,Z100,Z03,ZAR
4500003046,AN,2025-10-17T00:00:00,0001000025,Z100,Z03,ZAR
4500003047,AN,2026-01-06T00:00:00,0001000025,Z100,Z03,ZAR
4500003048,WK,2026-05-09T00:00:00,0001000025,Z100,Z01,ZAR
4500003049,WK,2026-07-16T00:00:00,0001000025,Z100,Z03,ZAR
4500003050,WK,2026-08-23T00:00:00,0001000025,Z100,Z03,ZAR
4500003051,AN,2024-10-29T00:00:00,0001000007,Z100,Z01,ZAR
4500003052,ZDOM,2024-11-23T00:00:00,0001000007,Z100,Z03,ZAR
4500003053,ZDOM,2025-02-20T00:00:00,0001000007,Z100,Z02,ZAR
4500003054,ZDOM,2025-05-30T00:00:00,0001000007,Z100,Z03,ZAR
4500003055,AN,2025-08-05T00:00:00,0001000007,Z100,Z01,ZAR
4500003056,WK,2025-12-05T00:00:00,0001000007,Z100,Z01,ZAR
4500003057,AN,2026-03-10T00:00:00,0001000007,Z100,Z02,ZAR
4500003058,ZDOM,2026-05-18T00:00:00,0001000007,Z100,Z01,ZAR
4500003059,ZDOM,2026-07-19T00:00:00,0001000007,Z100,Z01,ZAR
4500003060,AN,2024-10-25T00:00:00,0001000003,Z100,Z03,ZAR
4500003061,AN,2024-11-28T00:00:00,0001000003,Z100,Z03,ZAR
4500003062,AN,2025-07-12T00:00:00,0001000003,Z100,Z01,ZAR
4500003063,WK,2025-10-28T00:00:00,0001000003,Z100,Z03,ZAR
4500003064,ZDOM,2026-01-25T00:00:00,0001000003,Z100,Z01,ZAR
4500003065,ZDOM,2026-03-04T00:00:00,0001000003,Z100,Z02,ZAR
4500003066,WK,2024-10-01T00:00:00,0001000003,Z100,Z03,ZAR
4500003067,ZDOM,2025-02-27T00:00:00,0001000003,Z100,Z03,ZAR
4500003068,AN,2025-06-20T00:00:00,0001000003,Z100,Z03,ZAR
4500003069,ZDOM,2025-07-20T00:00:00,0001000003,Z100,Z03,ZAR
4500003070,ZDOM,2026-04-28T00:00:00,0001000003,Z100,Z03,ZAR
4500003071,AN,2026-08-10T00:00:00,0001000003,Z100,Z02,ZAR
4500003072,WK,2024-12-19T00:00:00,0001000049,Z100,Z02,ZAR
4500003073,AN,2025-07-20T00:00:00,0001000049,Z100,Z02,ZAR
4500003074,WK,2025-09-09T00:00:00,0001000049,Z100,Z03,ZAR
4500003075,AN,2026-05-02T00:00:00,0001000049,Z100,Z01,ZAR
4500003076,WK,2024-12-31T00:00:00,0001000043,Z100,Z03,ZAR
4500003077,WK,2025-01-30T00:00:00,0001000043,Z100,Z02,ZAR
4500003078,ZDOM,2025-08-27T00:00:00,0001000043,Z100,Z03,ZAR
4500003079,ZDOM,2026-02-13T00:00:00,0001000043,Z100,Z01,ZAR
4500003080,ZDOM,2026-03-04T00:00:00,0001000043,Z100,Z02,ZAR
4500003081,ZDOM,2026-05-06T00:00:00,0001000043,Z100,Z02,ZAR
4500003082,ZDOM,2024-10-24T00:00:00,0001000013,Z100,Z01,ZAR
4500003083,AN,2025-09-10T00:00:00,0001000013,Z100,Z03,ZAR
4500003084,WK,2026-05-27T00:00:00,0001000013,Z100,Z03,ZAR
4500003085,AN,2026-06-08T00:00:00,0001000013,Z100,Z03,ZAR
4500003086,WK,2024-10-06T00:00:00,0001000013,Z100,Z02,ZAR
4500003087,WK,2025-05-07T00:00:00,0001000013,Z100,Z01,ZAR
4500003088,AN,2025-08-20T00:00:00,0001000013,Z100,Z03,ZAR
4500003089,AN,2025-10-03T00:00:00,0001000013,Z100,Z03,ZAR
4500003090,AN,2026-06-09T00:00:00,0001000013,Z100,Z01,ZAR
4500003091,WK,2026-07-19T00:00:00,0001000013,Z100,Z03,ZAR
4500003092,AN,2024-09-06T00:00:00,0001000058,Z100,Z03,ZAR
4500003093,WK,2024-12-23T00:00:00,0001000058,Z100,Z02,ZAR
4500003094,WK,2025-09-26T00:00:00,0001000058,Z100,Z03,ZAR
4500003095,WK,2025-10-19T00:00:00,0001000058,Z100,Z01,ZAR
4500003096,AN,2026-02-24T00:00:00,0001000058,Z100,Z03,ZAR
4500003097,WK,2024-09-22T00:00:00,0001000058,Z100,Z01,ZAR
4500003098,ZDOM,2025-04-14T00:00:00,0001000058,Z100,Z02,ZAR
4500003099,AN,2025-09-14T00:00:00,0001000058,Z100,Z01,ZAR
4500003100,WK,2026-07-14T00:00:00,0001000058,Z100,Z01,ZAR
4500003101,AN,2026-08-15T00:00:00,0001000058,Z100,Z03,ZAR
4500003102,AN,2025-01-11T00:00:00,0001000051,Z100,Z02,ZAR
4500003103,AN,2025-08-11T00:00:00,0001000051,Z100,Z02,ZAR
4500003104,AN,2026-07-20T00:00:00,0001000051,Z100,Z01,ZAR
4500003105,AN,2024-11-15T00:00:00,0001000059,Z100,Z02,ZAR
4500003106,AN,2025-02-27T00:00:00,0001000059,Z100,Z01,ZAR
4500003107,ZDOM,2025-07-27T00:00:00,0001000059,Z100,Z03,ZAR
4500003108,AN,2025-12-23T00:00:00,0001000059,Z100,Z02,ZAR
4500003109,ZDOM,2026-05-31T00:00:00,0001000059,Z100,Z02,ZAR
4500003110,ZDOM,2025-05-14T00:00:00,0001000035,Z100,Z03,ZAR
4500003111,AN,2025-08-11T00:00:00,0001000035,Z100,Z02,ZAR
4500003112,WK,2026-02-24T00:00:00,0001000035,Z100,Z03,ZAR
4500003113,AN,2026-09-01T00:00:00,0001000035,Z100,Z01,ZAR
4500003114,WK,2025-12-10T00:00:00,0001000043,Z100,Z01,ZAR
4500003115,WK,2024-09-14T00:00:00,0001000023,Z100,Z03,ZAR
4500003116,ZDOM,2024-10-26T00:00:00,0001000023,Z100,Z01,ZAR
4500003117,WK,2024-12-25T00:00:00,0001000023,Z100,Z02,ZAR
4500003118,AN,2025-02-04T00:00:00,0001000023,Z100,Z03,ZAR
4500003119,ZDOM,2025-05-26T00:00:00,0001000023,Z100,Z01,ZAR
4500003120,WK,2025-06-27T00:00:00,0001000023,Z100,Z03,ZAR
4500003121,AN,2025-08-31T00:00:00,0001000023,Z100,Z02,ZAR
4500003122,ZDOM,2025-10-26T00:00:00,0001000023,Z100,Z02,ZAR
4500003123,WK,2026-02-25T00:00:00,0001000023,Z100,Z01,ZAR
4500003124,WK,2026-03-27T00:00:00,0001000023,Z100,Z01,ZAR
4500003125,ZDOM,2026-07-15T00:00:00,0001000023,Z100,Z01,ZAR
4500003126,AN,2024-09-12T00:00:00,0001000023,Z100,Z02,ZAR
4500003127,AN,2025-02-11T00:00:00,0001000023,Z100,Z03,ZAR
4500003128,AN,2025-07-07T00:00:00,0001000023,Z100,Z01,ZAR
4500003129,WK,2025-12-21T00:00:00,0001000023,Z100,Z01,ZAR
4500003130,ZDOM,2026-01-20T00:00:00,0001000023,Z100,Z03,ZAR
4500003131,ZDOM,2026-07-10T00:00:00,0001000023,Z100,Z01,ZAR
4500003132,ZDOM,2024-10-05T00:00:00,0001000032,Z100,Z03,ZAR
4500003133,AN,2025-05-09T00:00:00,0001000032,Z100,Z02,ZAR
4500003134,AN,2026-05-18T00:00:00,0001000032,Z100,Z03,ZAR
4500003135,WK,2024-11-17T00:00:00,0001000053,Z100,Z02,ZAR
4500003136,AN,2025-06-15T00:00:00,0001000053,Z100,Z03,ZAR
4500003137,AN,2026-01-02T00:00:00,0001000053,Z100,Z02,ZAR
4500003138,ZDOM,2026-05-24T00:00:00,0001000053,Z100,Z02,ZAR
4500003139,AN,2024-09-26T00:00:00,0001000053,Z100,Z02,ZAR
4500003140,ZDOM,2025-02-06T00:00:00,0001000053,Z100,Z02,ZAR
4500003141,AN,2025-04-12T00:00:00,0001000053,Z100,Z03,ZAR
4500003142,ZDOM,2025-12-31T00:00:00,0001000053,Z100,Z01,ZAR
4500003143,ZDOM,2026-02-16T00:00:00,0001000053,Z100,Z03,ZAR
4500003144,WK,2026-07-30T00:00:00,0001000053,Z100,Z01,ZAR
4500003145,AN,2024-09-23T00:00:00,0001000053,Z100,Z01,ZAR
4500003146,ZDOM,2025-05-06T00:00:00,0001000053,Z100,Z03,ZAR
4500003147,WK,2025-10-25T00:00:00,0001000053,Z100,Z02,ZAR
4500003148,WK,2026-04-29T00:00:00,0001000053,Z100,Z01,ZAR
4500003149,ZDOM,2024-10-15T00:00:00,0001000044,Z100,Z02,ZAR
4500003150,AN,2025-06-17T00:00:00,0001000044,Z100,Z02,ZAR
4500003151,AN,2026-07-01T00:00:00,0001000044,Z100,Z03,ZAR
4500003152,WK,2025-01-04T00:00:00,0001000044,Z100,Z02,ZAR
4500003153,AN,2025-03-03T00:00:00,0001000044,Z100,Z02,ZAR
4500003154,AN,2025-11-29T00:00:00,0001000044,Z100,Z01,ZAR
4500003155,AN,2026-06-03T00:00:00,0001000044,Z100,Z01,ZAR
4500003156,ZDOM,2026-07-03T00:00:00,0001000044,Z100,Z02,ZAR
4500003157,AN,2024-09-17T00:00:00,0001000037,Z100,Z02,ZAR
4500003158,ZDOM,2025-04-24T00:00:00,0001000037,Z100,Z02,ZAR
4500003159,ZDOM,2025-06-09T00:00:00,0001000037,Z100,Z02,ZAR
4500003160,AN,2025-06-18T00:00:00,0001000037,Z100,Z02,ZAR
4500003161,WK,2025-07-30T00:00:00,0001000037,Z100,Z03,ZAR
4500003162,WK,2026-03-07T00:00:00,0001000037,Z100,Z02,ZAR
4500003163,ZDOM,2026-06-24T00:00:00,0001000037,Z100,Z03,ZAR
4500003164,AN,2024-10-19T00:00:00,0001000037,Z100,Z03,ZAR
4500003165,WK,2024-11-14T00:00:00,0001000037,Z100,Z03,ZAR
4500003166,ZDOM,2025-03-09T00:00:00,0001000037,Z100,Z02,ZAR
4500003167,WK,2025-05-27T00:00:00,0001000037,Z100,Z02,ZAR
4500003168,AN,2026-01-29T00:00:00,0001000037,Z100,Z02,ZAR
4500003169,WK,2026-04-19T00:00:00,0001000037,Z100,Z02,ZAR
4500003170,AN,2026-05-11T00:00:00,0001000037,Z100,Z02,ZAR
4500003171,AN,2026-08-10T00:00:00,0001000037,Z100,Z01,ZAR
4500003172,ZDOM,2024-10-15T00:00:00,0001000007,Z100,Z03,ZAR
4500003173,ZDOM,2025-05-21T00:00:00,0001000007,Z100,Z03,ZAR
4500003174,ZDOM,2025-06-11T00:00:00,0001000007,Z100,Z02,ZAR
4500003175,AN,2026-02-23T00:00:00,0001000007,Z100,Z03,ZAR
4500003176,ZDOM,2026-04-01T00:00:00,0001000007,Z100,Z03,ZAR
4500003177,AN,2024-09-21T00:00:00,0001000043,Z100,Z01,ZAR
4500003178,ZDOM,2025-03-01T00:00:00,0001000043,Z100,Z01,ZAR
4500003179,WK,2025-03-15T00:00:00,0001000043,Z100,Z02,ZAR
4500003180,AN,2026-05-21T00:00:00,0001000043,Z100,Z01,ZAR
4500003181,ZDOM,2026-07-10T00:00:00,0001000043,Z100,Z01,ZAR
4500003182,WK,2026-08-28T00:00:00,0001000043,Z100,Z03,ZAR
4500003183,WK,2024-11-15T00:00:00,0001000014,Z100,Z02,ZAR
4500003184,AN,2025-06-08T00:00:00,0001000014,Z100,Z01,ZAR
4500003185,ZDOM,2026-01-18T00:00:00,0001000014,Z100,Z01,ZAR
4500003186,WK,2026-05-30T00:00:00,0001000014,Z100,Z01,ZAR
4500003187,WK,2026-06-21T00:00:00,0001000014,Z100,Z03,ZAR
4500003188,ZDOM,2024-10-01T00:00:00,0001000025,Z100,Z02,ZAR
4500003189,ZDOM,2025-07-30T00:00:00,0001000025,Z100,Z01,ZAR
4500003190,AN,2026-05-21T00:00:00,0001000025,Z100,Z03,ZAR
4500003191,ZDOM,2024-09-05T00:00:00,0001000011,Z100,Z01,ZAR
4500003192,AN,2025-05-28T00:00:00,0001000011,Z100,Z01,ZAR
4500003193,AN,2025-07-30T00:00:00,0001000011,Z100,Z03,ZAR
4500003194,ZDOM,2025-11-30T00:00:00,0001000011,Z100,Z01,ZAR
4500003195,AN,2025-12-07T00:00:00,0001000011,Z100,Z02,ZAR
4500003196,WK,2026-01-29T00:00:00,0001000011,Z100,Z03,ZAR
4500003197,WK,2026-02-04T00:00:00,0001000011,Z100,Z02,ZAR
4500003198,ZDOM,2026-05-03T00:00:00,0001000011,Z100,Z01,ZAR
4500003199,AN,2024-09-19T00:00:00,0001000011,Z100,Z01,ZAR
4500003200,ZDOM,2025-02-10T00:00:00,0001000011,Z100,Z02,ZAR
4500003201,ZDOM,2026-01-17T00:00:00,0001000011,Z100,Z02,ZAR
4500003202,AN,2026-05-28T00:00:00,0001000011,Z100,Z01,ZAR
4500003203,AN,2026-06-18T00:00:00,0001000011,Z100,Z03,ZAR
4500003204,WK,2024-09-28T00:00:00,0001000026,Z100,Z03,ZAR
4500003205,ZDOM,2024-11-13T00:00:00,0001000026,Z100,Z03,ZAR
4500003206,AN,2025-03-07T00:00:00,0001000026,Z100,Z02,ZAR
4500003207,AN,2025-04-27T00:00:00,0001000026,Z100,Z01,ZAR
4500003208,ZDOM,2025-08-10T00:00:00,0001000026,Z100,Z02,ZAR
4500003209,WK,2025-10-16T00:00:00,0001000026,Z100,Z02,ZAR
4500003210,ZDOM,2025-12-26T00:00:00,0001000026,Z100,Z03,ZAR
4500003211,AN,2026-02-23T00:00:00,0001000026,Z100,Z01,ZAR
4500003212,AN,2026-05-08T00:00:00,0001000026,Z100,Z02,ZAR
4500003213,AN,2026-05-27T00:00:00,0001000026,Z100,Z01,ZAR
4500003214,AN,2024-09-18T00:00:00,0001000034,Z100,Z03,ZAR
4500003215,ZDOM,2026-01-02T00:00:00,0001000034,Z100,Z02,ZAR
4500003216,AN,2026-07-24T00:00:00,0001000034,Z100,Z02,ZAR
4500003217,WK,2024-09-16T00:00:00,0001000003,Z100,Z01,ZAR
4500003218,ZDOM,2025-12-01T00:00:00,0001000003,Z100,Z01,ZAR
4500003219,ZDOM,2026-07-18T00:00:00,0001000003,Z100,Z03,ZAR
4500003220,AN,2024-11-12T00:00:00,0001000031,Z100,Z01,ZAR
4500003221,ZDOM,2025-04-08T00:00:00,0001000031,Z100,Z02,ZAR
4500003222,AN,2025-08-26T00:00:00,0001000031,Z100,Z02,ZAR
4500003223,WK,2026-02-27T00:00:00,0001000031,Z100,Z02,ZAR
4500003224,ZDOM,2026-07-16T00:00:00,0001000031,Z100,Z01,ZAR
4500003225,ZDOM,2024-10-11T00:00:00,0001000056,Z100,Z03,ZAR
4500003226,ZDOM,2025-04-24T00:00:00,0001000056,Z100,Z02,ZAR
4500003227,ZDOM,2025-07-16T00:00:00,0001000056,Z100,Z02,ZAR
4500003228,WK,2025-08-25T00:00:00,0001000056,Z100,Z03,ZAR
4500003229,AN,2025-11-18T00:00:00,0001000056,Z100,Z03,ZAR
4500003230,WK,2026-08-09T00:00:00,0001000056,Z100,Z01,ZAR
4500003231,WK,2024-09-15T00:00:00,0001000010,Z100,Z03,ZAR
4500003232,ZDOM,2024-11-08T00:00:00,0001000010,Z100,Z02,ZAR
4500003233,WK,2025-07-13T00:00:00,0001000010,Z100,Z03,ZAR
4500003234,WK,2025-11-09T00:00:00,0001000010,Z100,Z02,ZAR
4500003235,ZDOM,2026-05-20T00:00:00,0001000010,Z100,Z02,ZAR
4500003236,AN,2025-01-25T00:00:00,0001000040,Z100,Z03,ZAR
4500003237,ZDOM,2025-02-27T00:00:00,0001000040,Z100,Z01,ZAR
4500003238,ZDOM,2025-03-15T00:00:00,0001000040,Z100,Z03,ZAR
4500003239,ZDOM,2025-12-20T00:00:00,0001000040,Z100,Z03,ZAR
4500003240,AN,2026-01-27T00:00:00,0001000040,Z100,Z01,ZAR
4500003241,AN,2026-06-04T00:00:00,0001000040,Z100,Z02,ZAR
4500003242,WK,2024-11-02T00:00:00,0001000052,Z100,Z03,ZAR
4500003243,ZDOM,2024-11-10T00:00:00,0001000052,Z100,Z02,ZAR
4500003244,WK,2025-01-03T00:00:00,0001000052,Z100,Z02,ZAR
4500003245,WK,2025-12-05T00:00:00,0001000052,Z100,Z01,ZAR
4500003246,AN,2024-09-29T00:00:00,0001000034,Z100,Z03,ZAR
4500003247,WK,2025-04-13T00:00:00,0001000034,Z100,Z02,ZAR
4500003248,AN,2025-05-15T00:00:00,0001000034,Z100,Z03,ZAR
4500003249,ZDOM,2025-06-08T00:00:00,0001000034,Z100,Z01,ZAR
4500003250,WK,2025-11-23T00:00:00,0001000034,Z100,Z03,ZAR
4500003251,AN,2024-09-23T00:00:00,0001000019,Z100,Z02,ZAR
4500003252,ZDOM,2024-11-18T00:00:00,0001000019,Z100,Z01,ZAR
4500003253,WK,2025-04-09T00:00:00,0001000019,Z100,Z01,ZAR
4500003254,WK,2025-06-20T00:00:00,0001000019,Z100,Z03,ZAR
4500003255,ZDOM,2025-08-25T00:00:00,0001000019,Z100,Z02,ZAR
4500003256,ZDOM,2025-10-29T00:00:00,0001000019,Z100,Z02,ZAR
4500003257,WK,2026-02-01T00:00:00,0001000019,Z100,Z02,ZAR
4500003258,AN,2026-03-08T00:00:00,0001000019,Z100,Z03,ZAR
4500003259,ZDOM,2026-07-28T00:00:00,0001000019,Z100,Z01,ZAR
4500003260,WK,2024-09-25T00:00:00,0001000014,Z100,Z03,ZAR
4500003261,ZDOM,2024-12-18T00:00:00,0001000014,Z100,Z01,ZAR
4500003262,AN,2025-08-31T00:00:00,0001000014,Z100,Z01,ZAR
4500003263,ZDOM,2025-11-15T00:00:00,0001000014,Z100,Z03,ZAR
4500003264,AN,2026-06-08T00:00:00,0001000014,Z100,Z01,ZAR
4500003265,WK,2026-06-13T00:00:00,0001000014,Z100,Z02,ZAR
4500003266,AN,2025-08-12T00:00:00,0001000054,Z100,Z03,ZAR
4500003267,ZDOM,2025-11-18T00:00:00,0001000054,Z100,Z02,ZAR
4500003268,AN,2025-12-07T00:00:00,0001000054,Z100,Z03,ZAR
4500003269,AN,2026-01-12T00:00:00,0001000054,Z100,Z02,ZAR
4500003270,WK,2024-09-30T00:00:00,0001000016,Z100,Z01,ZAR
4500003271,ZDOM,2025-03-05T00:00:00,0001000016,Z100,Z01,ZAR
4500003272,WK,2026-04-23T00:00:00,0001000016,Z100,Z01,ZAR
4500003273,ZDOM,2024-10-05T00:00:00,0001000015,Z100,Z01,ZAR
4500003274,ZDOM,2025-12-30T00:00:00,0001000015,Z100,Z01,ZAR
4500003275,WK,2026-05-28T00:00:00,0001000015,Z100,Z01,ZAR
4500003276,ZDOM,2026-06-15T00:00:00,0001000015,Z100,Z01,ZAR
4500003277,WK,2024-09-13T00:00:00,0001000015,Z100,Z01,ZAR
4500003278,WK,2025-10-27T00:00:00,0001000015,Z100,Z03,ZAR
4500003279,AN,2026-07-11T00:00:00,0001000015,Z100,Z02,ZAR
4500003280,ZDOM,2024-11-08T00:00:00,0001000018,Z100,Z03,ZAR
4500003281,ZDOM,2024-12-21T00:00:00,0001000018,Z100,Z01,ZAR
4500003282,ZDOM,2025-07-10T00:00:00,0001000018,Z100,Z03,ZAR
4500003283,AN,2025-09-03T00:00:00,0001000018,Z100,Z01,ZAR
4500003284,WK,2026-01-16T00:00:00,0001000018,Z100,Z03,ZAR
4500003285,ZDOM,2026-02-22T00:00:00,0001000018,Z100,Z03,ZAR
4500003286,ZDOM,2026-07-07T00:00:00,0001000018,Z100,Z02,ZAR
4500003287,WK,2024-09-16T00:00:00,0001000040,Z100,Z03,ZAR
4500003288,WK,2025-08-20T00:00:00,0001000040,Z100,Z03,ZAR
4500003289,WK,2025-09-22T00:00:00,0001000040,Z100,Z02,ZAR
4500003290,ZDOM,2025-11-04T00:00:00,0001000040,Z100,Z01,ZAR
4500003291,WK,2025-11-21T00:00:00,0001000040,Z100,Z01,ZAR
4500003292,WK,2026-09-01T00:00:00,0001000040,Z100,Z01,ZAR
4500003293,AN,2024-10-07T00:00:00,0001000040,Z100,Z02,ZAR
4500003294,WK,2024-12-11T00:00:00,0001000040,Z100,Z02,ZAR
4500003295,ZDOM,2025-07-26T00:00:00,0001000040,Z100,Z01,ZAR
4500003296,AN,2026-05-26T00:00:00,0001000040,Z100,Z01,ZAR
4500003297,WK,2024-10-01T00:00:00,0001000046,Z100,Z02,ZAR
4500003298,AN,2025-03-12T00:00:00,0001000046,Z100,Z03,ZAR
4500003299,ZDOM,2025-08-17T00:00:00,0001000046,Z100,Z03,ZAR
4500003300,ZDOM,2025-12-23T00:00:00,0001000046,Z100,Z03,ZAR
4500003301,WK,2026-05-23T00:00:00,0001000046,Z100,Z01,ZAR
4500003302,ZDOM,2026-08-12T00:00:00,0001000046,Z100,Z01,ZAR
4500003303,AN,2024-10-27T00:00:00,0001000046,Z100,Z02,ZAR
4500003304,AN,2025-02-21T00:00:00,0001000046,Z100,Z01,ZAR
4500003305,ZDOM,2025-05-14T00:00:00,0001000046,Z100,Z02,ZAR
4500003306,ZDOM,2025-10-03T00:00:00,0001000046,Z100,Z01,ZAR
4500003307,AN,2026-01-11T00:00:00,0001000046,Z100,Z01,ZAR
4500003308,AN,2026-04-22T00:00:00,0001000046,Z100,Z01,ZAR
4500003309,WK,2026-05-08T00:00:00,0001000046,Z100,Z03,ZAR
4500003310,WK,2024-09-18T00:00:00,0001000026,Z100,Z01,ZAR
4500003311,AN,2025-03-23T00:00:00,0001000026,Z100,Z01,ZAR
4500003312,WK,2025-10-16T00:00:00,0001000026,Z100,Z01,ZAR
4500003313,ZDOM,2026-05-07T00:00:00,0001000026,Z100,Z01,ZAR
4500003314,ZDOM,2026-08-09T00:00:00,0001000026,Z100,Z01,ZAR
4500003315,WK,2024-09-10T00:00:00,0001000026,Z100,Z01,ZAR
4500003316,WK,2024-10-18T00:00:00,0001000026,Z100,Z01,ZAR
4500003317,ZDOM,2025-04-06T00:00:00,0001000026,Z100,Z02,ZAR
4500003318,ZDOM,2025-05-12T00:00:00,0001000026,Z100,Z02,ZAR
4500003319,ZDOM,2025-12-12T00:00:00,0001000026,Z100,Z02,ZAR
4500003320,WK,2026-04-13T00:00:00,0001000026,Z100,Z02,ZAR
4500003321,AN,2026-08-12T00:00:00,0001000026,Z100,Z02,ZAR
4500003322,WK,2024-09-14T00:00:00,0001000039,Z100,Z03,ZAR
4500003323,WK,2024-12-22T00:00:00,0001000039,Z100,Z01,ZAR
4500003324,AN,2025-03-14T00:00:00,0001000039,Z100,Z03,ZAR
4500003325,WK,2025-09-27T00:00:00,0001000039,Z100,Z03,ZAR
4500003326,WK,2026-02-24T00:00:00,0001000039,Z100,Z01,ZAR
4500003327,AN,2026-07-03T00:00:00,0001000039,Z100,Z02,ZAR
4500003328,AN,2026-09-04T00:00:00,0001000039,Z100,Z02,ZAR
4500003329,AN,2024-11-11T00:00:00,0001000021,Z100,Z02,ZAR
4500003330,WK,2025-06-12T00:00:00,0001000021,Z100,Z03,ZAR
4500003331,WK,2025-07-30T00:00:00,0001000021,Z100,Z02,ZAR
4500003332,ZDOM,2025-08-17T00:00:00,0001000021,Z100,Z02,ZAR
4500003333,WK,2025-09-07T00:00:00,0001000021,Z100,Z01,ZAR
4500003334,WK,2026-05-01T00:00:00,0001000021,Z100,Z01,ZAR
4500003335,AN,2024-09-06T00:00:00,0001000004,Z100,Z01,ZAR
4500003336,ZDOM,2024-10-10T00:00:00,0001000004,Z100,Z02,ZAR
4500003337,AN,2024-11-28T00:00:00,0001000004,Z100,Z02,ZAR
4500003338,ZDOM,2024-12-19T00:00:00,0001000004,Z100,Z01,ZAR
4500003339,ZDOM,2025-04-12T00:00:00,0001000004,Z100,Z01,ZAR
4500003340,AN,2025-05-14T00:00:00,0001000004,Z100,Z01,ZAR
4500003341,WK,2025-09-23T00:00:00,0001000004,Z100,Z02,ZAR
4500003342,ZDOM,2025-11-13T00:00:00,0001000004,Z100,Z03,ZAR
4500003343,AN,2025-12-20T00:00:00,0001000004,Z100,Z02,ZAR
4500003344,WK,2026-03-31T00:00:00,0001000004,Z100,Z02,ZAR
4500003345,ZDOM,2026-06-22T00:00:00,0001000004,Z100,Z01,ZAR
4500003346,AN,2024-11-17T00:00:00,0001000004,Z100,Z01,ZAR
4500003347,AN,2025-01-15T00:00:00,0001000004,Z100,Z01,ZAR
4500003348,AN,2025-02-28T00:00:00,0001000004,Z100,Z03,ZAR
4500003349,WK,2025-03-19T00:00:00,0001000004,Z100,Z01,ZAR
4500003350,WK,2025-06-09T00:00:00,0001000004,Z100,Z03,ZAR
4500003351,WK,2025-07-24T00:00:00,0001000004,Z100,Z02,ZAR
4500003352,WK,2025-11-11T00:00:00,0001000004,Z100,Z02,ZAR
4500003353,AN,2025-12-31T00:00:00,0001000004,Z100,Z02,ZAR
4500003354,AN,2026-03-12T00:00:00,0001000004,Z100,Z01,ZAR
4500003355,WK,2026-05-18T00:00:00,0001000004,Z100,Z03,ZAR
4500003356,AN,2024-12-19T00:00:00,0001000017,Z100,Z01,ZAR
4500003357,AN,2025-06-28T00:00:00,0001000017,Z100,Z02,ZAR
4500003358,WK,2025-12-25T00:00:00,0001000017,Z100,Z02,ZAR
4500003359,AN,2026-09-06T00:00:00,0001000017,Z100,Z01,ZAR
4500003360,WK,2024-11-09T00:00:00,0001000018,Z100,Z03,ZAR
4500003361,AN,2024-12-22T00:00:00,0001000018,Z100,Z01,ZAR
4500003362,WK,2025-04-24T00:00:00,0001000018,Z100,Z01,ZAR
4500003363,ZDOM,2025-06-28T00:00:00,0001000018,Z100,Z03,ZAR
4500003364,ZDOM,2025-09-02T00:00:00,0001000018,Z100,Z01,ZAR
4500003365,WK,2025-10-24T00:00:00,0001000018,Z100,Z01,ZAR
4500003366,AN,2026-01-07T00:00:00,0001000018,Z100,Z03,ZAR
4500003367,WK,2026-02-16T00:00:00,0001000018,Z100,Z03,ZAR
4500003368,ZDOM,2026-06-09T00:00:00,0001000018,Z100,Z03,ZAR
4500003369,AN,2026-09-04T00:00:00,0001000018,Z100,Z02,ZAR
4500003370,ZDOM,2024-09-23T00:00:00,0001000037,Z100,Z02,ZAR
4500003371,WK,2024-11-08T00:00:00,0001000037,Z100,Z01,ZAR
4500003372,AN,2025-05-26T00:00:00,0001000037,Z100,Z02,ZAR
4500003373,ZDOM,2025-06-12T00:00:00,0001000037,Z100,Z02,ZAR
4500003374,AN,2025-10-17T00:00:00,0001000037,Z100,Z02,ZAR
4500003375,WK,2025-11-21T00:00:00,0001000037,Z100,Z02,ZAR
4500003376,AN,2026-06-05T00:00:00,0001000037,Z100,Z03,ZAR
4500003377,ZDOM,2024-09-24T00:00:00,0001000031,Z100,Z01,ZAR
4500003378,WK,2025-07-11T00:00:00,0001000031,Z100,Z01,ZAR
4500003379,ZDOM,2025-08-12T00:00:00,0001000031,Z100,Z02,ZAR
4500003380,ZDOM,2025-09-08T00:00:00,0001000031,Z100,Z01,ZAR
4500003381,ZDOM,2024-09-29T00:00:00,0001000013,Z100,Z03,ZAR
4500003382,WK,2024-10-29T00:00:00,0001000013,Z100,Z02,ZAR
4500003383,ZDOM,2026-01-05T00:00:00,0001000013,Z100,Z01,ZAR
4500003384,WK,2026-06-11T00:00:00,0001000013,Z100,Z02,ZAR
4500003385,WK,2024-09-24T00:00:00,0001000007,Z100,Z02,ZAR
4500003386,AN,2024-10-14T00:00:00,0001000007,Z100,Z01,ZAR
4500003387,WK,2025-02-12T00:00:00,0001000007,Z100,Z03,ZAR
4500003388,AN,2025-06-19T00:00:00,0001000007,Z100,Z01,ZAR
4500003389,WK,2025-09-22T00:00:00,0001000007,Z100,Z02,ZAR
4500003390,WK,2026-05-08T00:00:00,0001000007,Z100,Z01,ZAR
4500003391,WK,2026-06-29T00:00:00,0001000007,Z100,Z03,ZAR
4500003392,WK,2026-07-22T00:00:00,0001000007,Z100,Z02,ZAR
4500003393,ZDOM,2024-10-10T00:00:00,0001000054,Z100,Z02,ZAR
4500003394,AN,2026-03-12T00:00:00,0001000054,Z100,Z01,ZAR
4500003395,AN,2024-09-09T00:00:00,0001000059,Z100,Z02,ZAR
4500003396,ZDOM,2025-04-06T00:00:00,0001000059,Z100,Z03,ZAR
4500003397,AN,2025-07-09T00:00:00,0001000057,Z100,Z02,ZAR
4500003398,WK,2026-01-04T00:00:00,0001000057,Z100,Z03,ZAR
4500003399,ZDOM,2026-05-09T00:00:00,0001000057,Z100,Z03,ZAR
4500003400,AN,2024-11-09T00:00:00,0001000017,Z100,Z01,ZAR
4500003401,WK,2025-09-15T00:00:00,0001000017,Z100,Z02,ZAR
4500003402,ZDOM,2025-10-23T00:00:00,0001000017,Z100,Z01,ZAR
4500003403,ZDOM,2026-03-24T00:00:00,0001000017,Z100,Z03,ZAR
4500003404,WK,2026-05-06T00:00:00,0001000017,Z100,Z01,ZAR
4500003405,AN,2026-09-07T00:00:00,0001000017,Z100,Z03,ZAR
4500003406,ZDOM,2024-10-08T00:00:00,0001000009,Z100,Z02,ZAR
4500003407,WK,2024-12-21T00:00:00,0001000009,Z100,Z01,ZAR
4500003408,WK,2025-01-25T00:00:00,0001000009,Z100,Z03,ZAR
4500003409,AN,2025-03-03T00:00:00,0001000009,Z100,Z03,ZAR
4500003410,WK,2026-02-10T00:00:00,0001000009,Z100,Z01,ZAR
4500003411,AN,2026-08-03T00:00:00,0001000009,Z100,Z03,ZAR
4500003412,ZDOM,2024-11-25T00:00:00,0001000009,Z100,Z03,ZAR
4500003413,ZDOM,2024-12-20T00:00:00,0001000009,Z100,Z02,ZAR
4500003414,ZDOM,2025-11-06T00:00:00,0001000009,Z100,Z02,ZAR
4500003415,WK,2025-12-28T00:00:00,0001000009,Z100,Z02,ZAR
4500003416,WK,2025-01-19T00:00:00,0001000020,Z100,Z03,ZAR
4500003417,WK,2025-05-21T00:00:00,0001000020,Z100,Z03,ZAR
4500003418,ZDOM,2026-03-16T00:00:00,0001000020,Z100,Z02,ZAR
4500003419,WK,2026-04-18T00:00:00,0001000020,Z100,Z02,ZAR
4500003420,WK,2024-09-28T00:00:00,0001000020,Z100,Z01,ZAR
4500003421,WK,2024-11-12T00:00:00,0001000020,Z100,Z02,ZAR
4500003422,AN,2024-11-25T00:00:00,0001000020,Z100,Z02,ZAR
4500003423,ZDOM,2025-02-09T00:00:00,0001000020,Z100,Z03,ZAR
4500003424,WK,2025-03-09T00:00:00,0001000020,Z100,Z03,ZAR
4500003425,ZDOM,2025-06-10T00:00:00,0001000020,Z100,Z03,ZAR
4500003426,WK,2025-07-31T00:00:00,0001000020,Z100,Z01,ZAR
4500003427,ZDOM,2025-11-15T00:00:00,0001000020,Z100,Z03,ZAR
4500003428,AN,2026-02-21T00:00:00,0001000020,Z100,Z02,ZAR
4500003429,ZDOM,2026-03-11T00:00:00,0001000020,Z100,Z03,ZAR
4500003430,ZDOM,2026-06-10T00:00:00,0001000020,Z100,Z01,ZAR
4500003431,ZDOM,2026-08-14T00:00:00,0001000020,Z100,Z01,ZAR
4500003432,ZDOM,2024-12-27T00:00:00,0001000040,Z100,Z01,ZAR
4500003433,WK,2025-01-15T00:00:00,0001000040,Z100,Z03,ZAR
4500003434,WK,2026-03-17T00:00:00,0001000040,Z100,Z01,ZAR
4500003435,AN,2024-09-06T00:00:00,0001000014,Z100,Z01,ZAR
4500003436,AN,2025-06-21T00:00:00,0001000014,Z100,Z01,ZAR
4500003437,WK,2025-11-19T00:00:00,0001000014,Z100,Z02,ZAR
4500003438,AN,2024-09-30T00:00:00,0001000018,Z100,Z02,ZAR
4500003439,AN,2024-12-24T00:00:00,0001000018,Z100,Z02,ZAR
4500003440,ZDOM,2025-01-16T00:00:00,0001000018,Z100,Z01,ZAR
4500003441,WK,2025-07-18T00:00:00,0001000018,Z100,Z03,ZAR
4500003442,ZDOM,2026-02-08T00:00:00,0001000018,Z100,Z01,ZAR
4500003443,AN,2026-02-09T00:00:00,0001000018,Z100,Z01,ZAR
4500003444,WK,2024-09-10T00:00:00,0001000018,Z100,Z02,ZAR
4500003445,AN,2024-10-21T00:00:00,0001000018,Z100,Z01,ZAR
4500003446,ZDOM,2024-12-15T00:00:00,0001000018,Z100,Z03,ZAR
4500003447,ZDOM,2025-05-16T00:00:00,0001000018,Z100,Z02,ZAR
4500003448,WK,2025-09-01T00:00:00,0001000018,Z100,Z02,ZAR
4500003449,AN,2025-10-02T00:00:00,0001000018,Z100,Z03,ZAR
4500003450,WK,2025-11-10T00:00:00,0001000018,Z100,Z02,ZAR
4500003451,AN,2026-05-05T00:00:00,0001000018,Z100,Z02,ZAR
4500003452,WK,2026-07-19T00:00:00,0001000018,Z100,Z01,ZAR
4500003453,ZDOM,2025-04-29T00:00:00,0001000044,Z100,Z01,ZAR
4500003454,WK,2025-06-28T00:00:00,0001000044,Z100,Z01,ZAR
4500003455,AN,2025-12-19T00:00:00,0001000044,Z100,Z03,ZAR
4500003456,ZDOM,2026-01-23T00:00:00,0001000044,Z100,Z03,ZAR
4500003457,AN,2026-06-25T00:00:00,0001000044,Z100,Z03,ZAR
4500003458,WK,2026-07-26T00:00:00,0001000044,Z100,Z03,ZAR
4500003459,ZDOM,2026-08-08T00:00:00,0001000044,Z100,Z02,ZAR
4500003460,WK,2024-10-14T00:00:00,0001000054,Z100,Z03,ZAR
4500003461,AN,2024-11-14T00:00:00,0001000054,Z100,Z02,ZAR
4500003462,AN,2024-12-08T00:00:00,0001000054,Z100,Z01,ZAR
4500003463,ZDOM,2025-03-12T00:00:00,0001000054,Z100,Z03,ZAR
4500003464,AN,2025-10-07T00:00:00,0001000054,Z100,Z01,ZAR
4500003465,ZDOM,2026-07-02T00:00:00,0001000054,Z100,Z01,ZAR
4500003466,AN,2026-07-23T00:00:00,0001000054,Z100,Z02,ZAR
4500003467,AN,2024-11-14T00:00:00,0001000016,Z100,Z01,ZAR
4500003468,WK,2024-12-15T00:00:00,0001000016,Z100,Z03,ZAR
4500003469,WK,2025-05-01T00:00:00,0001000016,Z100,Z01,ZAR
4500003470,WK,2025-09-01T00:00:00,0001000016,Z100,Z02,ZAR
4500003471,ZDOM,2026-02-28T00:00:00,0001000016,Z100,Z01,ZAR
4500003472,WK,2026-06-09T00:00:00,0001000016,Z100,Z01,ZAR
4500003473,WK,2024-10-02T00:00:00,0001000045,Z100,Z02,ZAR
4500003474,AN,2025-01-20T00:00:00,0001000045,Z100,Z03,ZAR
4500003475,WK,2025-04-15T00:00:00,0001000045,Z100,Z03,ZAR
4500003476,AN,2025-07-15T00:00:00,0001000045,Z100,Z03,ZAR
4500003477,ZDOM,2025-10-04T00:00:00,0001000045,Z100,Z01,ZAR
4500003478,AN,2026-02-05T00:00:00,0001000045,Z100,Z02,ZAR
4500003479,WK,2026-04-11T00:00:00,0001000045,Z100,Z01,ZAR
4500003480,WK,2026-08-06T00:00:00,0001000045,Z100,Z03,ZAR
4500003481,WK,2025-05-12T00:00:00,0001000022,Z100,Z02,ZAR
4500003482,AN,2025-08-20T00:00:00,0001000022,Z100,Z02,ZAR
4500003483,ZDOM,2026-03-26T00:00:00,0001000022,Z100,Z01,ZAR
4500003484,AN,2026-05-18T00:00:00,0001000022,Z100,Z03,ZAR
4500003485,AN,2025-12-25T00:00:00,0001000053,Z100,Z03,ZAR
4500003486,WK,2026-07-03T00:00:00,0001000053,Z100,Z01,ZAR
4500003487,WK,2026-06-12T00:00:00,0001000053,Z100,Z01,ZAR
4500003488,WK,2026-07-31T00:00:00,0001000053,Z100,Z03,ZAR
4500003489,AN,2024-10-22T00:00:00,0001000008,Z100,Z01,ZAR
4500003490,WK,2025-03-08T00:00:00,0001000008,Z100,Z01,ZAR
4500003491,AN,2025-08-06T00:00:00,0001000008,Z100,Z03,ZAR
4500003492,ZDOM,2025-12-18T00:00:00,0001000008,Z100,Z02,ZAR
4500003493,WK,2026-02-22T00:00:00,0001000008,Z100,Z01,ZAR
4500003494,WK,2026-04-09T00:00:00,0001000008,Z100,Z03,ZAR
4500003495,WK,2024-09-07T00:00:00,0001000056,Z100,Z03,ZAR
4500003496,ZDOM,2024-12-27T00:00:00,0001000056,Z100,Z02,ZAR
4500003497,WK,2025-04-30T00:00:00,0001000056,Z100,Z01,ZAR
4500003498,ZDOM,2025-05-13T00:00:00,0001000056,Z100,Z01,ZAR
4500003499,AN,2025-08-29T00:00:00,0001000056,Z100,Z02,ZAR
4500003500,AN,2026-04-24T00:00:00,0001000056,Z100,Z03,ZAR
4500003501,ZDOM,2026-09-01T00:00:00,0001000056,Z100,Z02,ZAR
4500003502,ZDOM,2024-12-22T00:00:00,0001000040,Z100,Z03,ZAR
4500003503,ZDOM,2025-04-06T00:00:00,0001000040,Z100,Z03,ZAR
4500003504,WK,2026-03-03T00:00:00,0001000040,Z100,Z02,ZAR
4500003505,ZDOM,2026-05-25T00:00:00,0001000040,Z100,Z01,ZAR
4500003506,ZDOM,2025-01-12T00:00:00,0001000040,Z100,Z03,ZAR
4500003507,ZDOM,2025-10-04T00:00:00,0001000040,Z100,Z02,ZAR
4500003508,AN,2025-11-20T00:00:00,0001000040,Z100,Z02,ZAR
4500003509,WK,2026-06-29T00:00:00,0001000040,Z100,Z01,ZAR
4500003510,AN,2024-10-20T00:00:00,0001000007,Z100,Z03,ZAR
4500003511,AN,2024-11-18T00:00:00,0001000007,Z100,Z01,ZAR
4500003512,AN,2025-04-29T00:00:00,0001000007,Z100,Z01,ZAR
4500003513,AN,2025-08-14T00:00:00,0001000007,Z100,Z03,ZAR
4500003514,WK,2025-10-18T00:00:00,0001000007,Z100,Z02,ZAR
4500003515,WK,2025-12-19T00:00:00,0001000007,Z100,Z01,ZAR
4500003516,AN,2026-08-03T00:00:00,0001000007,Z100,Z02,ZAR
4500003517,AN,2024-09-08T00:00:00,0001000008,Z100,Z02,ZAR
4500003518,AN,2025-10-17T00:00:00,0001000008,Z100,Z03,ZAR
4500003519,WK,2026-08-15T00:00:00,0001000008,Z100,Z02,ZAR
4500003520,ZDOM,2025-10-31T00:00:00,0001000010,Z100,Z01,ZAR
4500003521,ZDOM,2024-09-27T00:00:00,0001000046,Z100,Z01,ZAR
4500003522,ZDOM,2024-12-21T00:00:00,0001000046,Z100,Z02,ZAR
4500003523,AN,2025-03-24T00:00:00,0001000046,Z100,Z01,ZAR
4500003524,ZDOM,2025-04-30T00:00:00,0001000046,Z100,Z01,ZAR
4500003525,WK,2025-10-17T00:00:00,0001000046,Z100,Z02,ZAR
4500003526,AN,2026-02-02T00:00:00,0001000046,Z100,Z02,ZAR
4500003527,ZDOM,2026-02-12T00:00:00,0001000046,Z100,Z03,ZAR
4500003528,ZDOM,2026-03-18T00:00:00,0001000046,Z100,Z02,ZAR
4500003529,ZDOM,2026-06-26T00:00:00,0001000046,Z100,Z02,ZAR
4500003530,WK,2026-07-28T00:00:00,0001000046,Z100,Z02,ZAR
4500003531,WK,2024-10-06T00:00:00,0001000046,Z100,Z03,ZAR
4500003532,ZDOM,2024-12-23T00:00:00,0001000046,Z100,Z02,ZAR
4500003533,ZDOM,2025-01-15T00:00:00,0001000046,Z100,Z02,ZAR
4500003534,ZDOM,2025-03-06T00:00:00,0001000046,Z100,Z02,ZAR
4500003535,WK,2025-06-10T00:00:00,0001000046,Z100,Z03,ZAR
4500003536,ZDOM,2025-07-04T00:00:00,0001000046,Z100,Z03,ZAR
4500003537,AN,2025-11-09T00:00:00,0001000046,Z100,Z03,ZAR
4500003538,WK,2025-12-11T00:00:00,0001000046,Z100,Z03,ZAR
4500003539,AN,2026-02-12T00:00:00,0001000046,Z100,Z01,ZAR
4500003540,AN,2026-03-24T00:00:00,0001000046,Z100,Z01,ZAR
4500003541,AN,2026-06-30T00:00:00,0001000046,Z100,Z01,ZAR
4500003542,ZDOM,2024-10-30T00:00:00,0001000003,Z100,Z01,ZAR
4500003543,AN,2025-11-23T00:00:00,0001000003,Z100,Z03,ZAR
4500003544,AN,2024-09-21T00:00:00,0001000035,Z100,Z01,ZAR
4500003545,WK,2024-11-19T00:00:00,0001000035,Z100,Z03,ZAR
4500003546,WK,2025-03-16T00:00:00,0001000035,Z100,Z03,ZAR
4500003547,WK,2025-07-28T00:00:00,0001000035,Z100,Z03,ZAR
4500003548,ZDOM,2025-12-08T00:00:00,0001000035,Z100,Z03,ZAR
4500003549,AN,2025-12-28T00:00:00,0001000035,Z100,Z02,ZAR
4500003550,ZDOM,2026-02-09T00:00:00,0001000035,Z100,Z01,ZAR
4500003551,AN,2026-08-25T00:00:00,0001000035,Z100,Z02,ZAR
4500003552,WK,2025-02-28T00:00:00,0001000000,Z100,Z01,ZAR
4500003553,WK,2025-09-06T00:00:00,0001000000,Z100,Z02,ZAR
4500003554,ZDOM,2025-11-19T00:00:00,0001000000,Z100,Z03,ZAR
4500003555,WK,2024-09-12T00:00:00,0001000027,Z100,Z02,ZAR
4500003556,WK,2025-06-19T00:00:00,0001000027,Z100,Z02,ZAR
4500003557,ZDOM,2026-03-09T00:00:00,0001000027,Z100,Z02,ZAR
4500003558,WK,2026-04-30T00:00:00,0001000027,Z100,Z03,ZAR
4500003559,WK,2026-05-10T00:00:00,0001000027,Z100,Z03,ZAR
4500003560,ZDOM,2026-06-30T00:00:00,0001000027,Z100,Z01,ZAR
4500003561,WK,2026-02-25T00:00:00,0001000041,Z100,Z01,ZAR
4500003562,WK,2026-04-25T00:00:00,0001000041,Z100,Z02,ZAR
4500003563,ZDOM,2024-11-28T00:00:00,0001000018,Z100,Z03,ZAR
4500003564,WK,2025-01-04T00:00:00,0001000018,Z100,Z03,ZAR
4500003565,ZDOM,2026-06-20T00:00:00,0001000018,Z100,Z01,ZAR
4500003566,WK,2024-10-13T00:00:00,0001000005,Z100,Z01,ZAR
4500003567,WK,2024-12-07T00:00:00,0001000005,Z100,Z03,ZAR
4500003568,ZDOM,2025-05-25T00:00:00,0001000005,Z100,Z02,ZAR
4500003569,WK,2026-03-25T00:00:00,0001000005,Z100,Z02,ZAR
4500003570,ZDOM,2026-08-15T00:00:00,0001000005,Z100,Z03,ZAR
4500003571,WK,2024-09-20T00:00:00,0001000019,Z100,Z01,ZAR
4500003572,ZDOM,2025-08-06T00:00:00,0001000019,Z100,Z03,ZAR
4500003573,ZDOM,2025-01-05T00:00:00,0001000032,Z100,Z03,ZAR
4500003574,AN,2025-08-13T00:00:00,0001000032,Z100,Z03,ZAR
4500003575,AN,2025-12-28T00:00:00,0001000032,Z100,Z02,ZAR
4500003576,AN,2026-01-12T00:00:00,0001000032,Z100,Z02,ZAR
4500003577,ZDOM,2026-02-23T00:00:00,0001000032,Z100,Z02,ZAR
4500003578,AN,2026-03-08T00:00:00,0001000032,Z100,Z02,ZAR
4500003579,AN,2026-07-16T00:00:00,0001000032,Z100,Z03,ZAR
4500003580,WK,2026-09-07T00:00:00,0001000032,Z100,Z03,ZAR
4500003581,AN,2024-10-02T00:00:00,0001000023,Z100,Z03,ZAR
4500003582,ZDOM,2025-04-15T00:00:00,0001000023,Z100,Z01,ZAR
4500003583,WK,2025-12-01T00:00:00,0001000023,Z100,Z02,ZAR
4500003584,ZDOM,2026-03-03T00:00:00,0001000023,Z100,Z01,ZAR
4500003585,WK,2024-10-21T00:00:00,0001000023,Z100,Z01,ZAR
4500003586,AN,2025-05-16T00:00:00,0001000023,Z100,Z03,ZAR
4500003587,ZDOM,2025-11-28T00:00:00,0001000023,Z100,Z03,ZAR
4500003588,ZDOM,2025-12-21T00:00:00,0001000023,Z100,Z02,ZAR
4500003589,AN,2026-01-21T00:00:00,0001000023,Z100,Z02,ZAR
4500003590,WK,2026-07-06T00:00:00,0001000023,Z100,Z02,ZAR
4500003591,ZDOM,2024-09-28T00:00:00,0001000034,Z100,Z02,ZAR
4500003592,WK,2025-09-06T00:00:00,0001000034,Z100,Z01,ZAR
4500003593,WK,2026-03-22T00:00:00,0001000034,Z100,Z02,ZAR
4500003594,ZDOM,2024-12-22T00:00:00,0001000036,Z100,Z03,ZAR
4500003595,AN,2025-06-04T00:00:00,0001000036,Z100,Z01,ZAR
4500003596,ZDOM,2025-10-02T00:00:00,0001000036,Z100,Z01,ZAR
4500003597,WK,2025-10-29T00:00:00,0001000036,Z100,Z02,ZAR
4500003598,AN,2026-04-21T00:00:00,0001000036,Z100,Z02,ZAR
4500003599,WK,2024-09-30T00:00:00,0001000036,Z100,Z03,ZAR
4500003600,WK,2025-02-22T00:00:00,0001000036,Z100,Z02,ZAR
4500003601,ZDOM,2025-07-15T00:00:00,0001000036,Z100,Z02,ZAR
4500003602,WK,2025-10-16T00:00:00,0001000036,Z100,Z02,ZAR
4500003603,ZDOM,2025-12-06T00:00:00,0001000036,Z100,Z01,ZAR
4500003604,AN,2026-08-07T00:00:00,0001000036,Z100,Z03,ZAR
4500003605,WK,2024-10-05T00:00:00,0001000043,Z100,Z01,ZAR
4500003606,AN,2025-02-08T00:00:00,0001000043,Z100,Z03,ZAR
4500003607,WK,2025-09-27T00:00:00,0001000043,Z100,Z03,ZAR
4500003608,WK,2026-04-22T00:00:00,0001000043,Z100,Z03,ZAR
4500003609,WK,2024-10-02T00:00:00,0001000007,Z100,Z01,ZAR
4500003610,ZDOM,2025-05-24T00:00:00,0001000007,Z100,Z02,ZAR
4500003611,ZDOM,2025-07-16T00:00:00,0001000007,Z100,Z01,ZAR
4500003612,ZDOM,2026-08-03T00:00:00,0001000007,Z100,Z02,ZAR
4500003613,ZDOM,2024-09-29T00:00:00,0001000007,Z100,Z02,ZAR
4500003614,ZDOM,2025-01-14T00:00:00,0001000007,Z100,Z01,ZAR
4500003615,WK,2025-05-31T00:00:00,0001000007,Z100,Z02,ZAR
4500003616,WK,2025-09-23T00:00:00,0001000007,Z100,Z03,ZAR
4500003617,ZDOM,2026-05-05T00:00:00,0001000007,Z100,Z02,ZAR
4500003618,ZDOM,2026-08-02T00:00:00,0001000007,Z100,Z02,ZAR
4500003619,ZDOM,2025-01-21T00:00:00,0001000042,Z100,Z03,ZAR
4500003620,ZDOM,2025-05-16T00:00:00,0001000042,Z100,Z01,ZAR
4500003621,ZDOM,2025-12-27T00:00:00,0001000042,Z100,Z03,ZAR
4500003622,WK,2026-05-20T00:00:00,0001000042,Z100,Z02,ZAR
4500003623,ZDOM,2026-07-28T00:00:00,0001000037,Z100,Z02,ZAR
4500003624,WK,2024-11-17T00:00:00,0001000052,Z100,Z02,ZAR
4500003625,AN,2024-12-19T00:00:00,0001000052,Z100,Z02,ZAR
4500003626,WK,2025-01-13T00:00:00,0001000052,Z100,Z01,ZAR
4500003627,AN,2025-02-12T00:00:00,0001000052,Z100,Z03,ZAR
4500003628,AN,2025-05-10T00:00:00,0001000052,Z100,Z03,ZAR
4500003629,ZDOM,2025-06-21T00:00:00,0001000052,Z100,Z01,ZAR
4500003630,AN,2025-07-14T00:00:00,0001000052,Z100,Z01,ZAR
4500003631,ZDOM,2025-12-18T00:00:00,0001000052,Z100,Z02,ZAR
4500003632,ZDOM,2026-01-17T00:00:00,0001000052,Z100,Z01,ZAR
4500003633,AN,2024-12-04T00:00:00,0001000009,Z100,Z01,ZAR
4500003634,WK,2024-12-14T00:00:00,0001000009,Z100,Z01,ZAR
4500003635,AN,2025-08-03T00:00:00,0001000009,Z100,Z02,ZAR
4500003636,ZDOM,2026-06-06T00:00:00,0001000009,Z100,Z01,ZAR
4500003637,WK,2026-06-26T00:00:00,0001000009,Z100,Z03,ZAR
4500003638,AN,2026-08-09T00:00:00,0001000009,Z100,Z03,ZAR
4500003639,AN,2024-09-03T00:00:00,0001000009,Z100,Z02,ZAR
4500003640,ZDOM,2025-03-08T00:00:00,0001000009,Z100,Z01,ZAR
4500003641,WK,2025-11-12T00:00:00,0001000009,Z100,Z02,ZAR
4500003642,AN,2026-08-07T00:00:00,0001000009,Z100,Z03,ZAR
4500003643,AN,2025-05-19T00:00:00,0001000013,Z100,Z03,ZAR
4500003644,ZDOM,2025-09-12T00:00:00,0001000013,Z100,Z03,ZAR
4500003645,AN,2025-11-04T00:00:00,0001000013,Z100,Z01,ZAR
4500003646,AN,2025-12-02T00:00:00,0001000013,Z100,Z03,ZAR
4500003647,AN,2026-05-22T00:00:00,0001000013,Z100,Z01,ZAR
4500003648,ZDOM,2026-06-22T00:00:00,0001000013,Z100,Z03,ZAR
4500003649,ZDOM,2024-11-16T00:00:00,0001000020,Z100,Z02,ZAR
4500003650,AN,2025-01-03T00:00:00,0001000020,Z100,Z02,ZAR
4500003651,AN,2026-03-06T00:00:00,0001000020,Z100,Z03,ZAR
4500003652,ZDOM,2024-10-27T00:00:00,0001000020,Z100,Z02,ZAR
4500003653,AN,2025-02-28T00:00:00,0001000020,Z100,Z03,ZAR
4500003654,WK,2025-12-18T00:00:00,0001000020,Z100,Z01,ZAR
4500003655,ZDOM,2026-06-05T00:00:00,0001000020,Z100,Z01,ZAR
4500003656,WK,2026-07-29T00:00:00,0001000020,Z100,Z01,ZAR
4500003657,AN,2024-09-30T00:00:00,0001000025,Z100,Z01,ZAR
4500003658,WK,2024-12-17T00:00:00,0001000025,Z100,Z01,ZAR
4500003659,ZDOM,2025-06-24T00:00:00,0001000025,Z100,Z01,ZAR
4500003660,WK,2025-09-06T00:00:00,0001000025,Z100,Z03,ZAR
4500003661,WK,2026-03-15T00:00:00,0001000025,Z100,Z02,ZAR
4500003662,WK,2026-06-11T00:00:00,0001000025,Z100,Z03,ZAR
4500003663,ZDOM,2026-07-29T00:00:00,0001000025,Z100,Z01,ZAR
4500003664,AN,2024-09-27T00:00:00,0001000025,Z100,Z01,ZAR
4500003665,AN,2024-10-29T00:00:00,0001000025,Z100,Z01,ZAR
4500003666,AN,2025-01-04T00:00:00,0001000025,Z100,Z01,ZAR
4500003667,AN,2025-01-20T00:00:00,0001000025,Z100,Z02,ZAR
4500003668,AN,2025-03-05T00:00:00,0001000025,Z100,Z02,ZAR
4500003669,WK,2025-07-04T00:00:00,0001000025,Z100,Z02,ZAR
4500003670,ZDOM,2025-10-03T00:00:00,0001000025,Z100,Z03,ZAR
4500003671,AN,2025-11-22T00:00:00,0001000025,Z100,Z02,ZAR
4500003672,ZDOM,2026-04-26T00:00:00,0001000025,Z100,Z02,ZAR
4500003673,ZDOM,2026-07-25T00:00:00,0001000025,Z100,Z02,ZAR
4500003674,WK,2026-09-07T00:00:00,0001000025,Z100,Z03,ZAR
4500003675,AN,2026-02-18T00:00:00,0001000019,Z100,Z03,ZAR
4500003676,WK,2026-08-15T00:00:00,0001000019,Z100,Z02,ZAR
4500003677,ZDOM,2026-07-21T00:00:00,0001000019,Z100,Z01,ZAR
4500003678,ZDOM,2024-10-03T00:00:00,0001000021,Z100,Z01,ZAR
4500003679,AN,2024-12-26T00:00:00,0001000021,Z100,Z03,ZAR
4500003680,WK,2025-02-26T00:00:00,0001000021,Z100,Z01,ZAR
4500003681,WK,2025-09-16T00:00:00,0001000021,Z100,Z02,ZAR
4500003682,WK,2025-12-08T00:00:00,0001000021,Z100,Z01,ZAR
4500003683,AN,2026-07-01T00:00:00,0001000021,Z100,Z03,ZAR
4500003684,WK,2024-09-29T00:00:00,0001000023,Z100,Z03,ZAR
4500003685,ZDOM,2024-11-04T00:00:00,0001000023,Z100,Z02,ZAR
4500003686,AN,2025-04-02T00:00:00,0001000023,Z100,Z02,ZAR
4500003687,WK,2025-09-10T00:00:00,0001000023,Z100,Z01,ZAR
4500003688,WK,2026-02-02T00:00:00,0001000023,Z100,Z02,ZAR
4500003689,AN,2026-07-02T00:00:00,0001000023,Z100,Z02,ZAR
4500003690,ZDOM,2024-10-24T00:00:00,0001000020,Z100,Z03,ZAR
4500003691,ZDOM,2025-04-20T00:00:00,0001000020,Z100,Z03,ZAR
4500003692,ZDOM,2026-06-13T00:00:00,0001000020,Z100,Z02,ZAR
4500003693,ZDOM,2024-09-20T00:00:00,0001000026,Z100,Z01,ZAR
4500003694,AN,2025-03-20T00:00:00,0001000026,Z100,Z03,ZAR
4500003695,ZDOM,2025-09-09T00:00:00,0001000026,Z100,Z02,ZAR
4500003696,WK,2026-03-12T00:00:00,0001000026,Z100,Z01,ZAR
4500003697,WK,2024-09-13T00:00:00,0001000024,Z100,Z03,ZAR
4500003698,AN,2024-12-14T00:00:00,0001000024,Z100,Z01,ZAR
4500003699,AN,2025-02-21T00:00:00,0001000024,Z100,Z02,ZAR
4500003700,WK,2025-06-11T00:00:00,0001000024,Z100,Z02,ZAR
4500003701,WK,2025-09-22T00:00:00,0001000024,Z100,Z02,ZAR
4500003702,ZDOM,2025-10-30T00:00:00,0001000024,Z100,Z03,ZAR
4500003703,WK,2026-02-26T00:00:00,0001000024,Z100,Z03,ZAR
4500003704,AN,2025-04-09T00:00:00,0001000040,Z100,Z02,ZAR
4500003705,AN,2025-08-22T00:00:00,0001000040,Z100,Z03,ZAR
4500003706,ZDOM,2026-01-23T00:00:00,0001000040,Z100,Z01,ZAR
4500003707,WK,2024-09-22T00:00:00,0001000007,Z100,Z01,ZAR
4500003708,ZDOM,2025-03-30T00:00:00,0001000007,Z100,Z02,ZAR
4500003709,WK,2025-04-13T00:00:00,0001000007,Z100,Z01,ZAR
4500003710,ZDOM,2025-10-31T00:00:00,0001000007,Z100,Z03,ZAR
4500003711,WK,2025-12-07T00:00:00,0001000007,Z100,Z01,ZAR
4500003712,WK,2026-04-18T00:00:00,0001000007,Z100,Z03,ZAR
4500003713,ZDOM,2024-11-07T00:00:00,0001000007,Z100,Z03,ZAR
4500003714,AN,2025-04-02T00:00:00,0001000007,Z100,Z03,ZAR
4500003715,WK,2026-04-08T00:00:00,0001000007,Z100,Z03,ZAR
4500003716,AN,2026-08-01T00:00:00,0001000007,Z100,Z03,ZAR
4500003717,ZDOM,2024-09-28T00:00:00,0001000039,Z100,Z03,ZAR
4500003718,ZDOM,2024-12-24T00:00:00,0001000039,Z100,Z01,ZAR
4500003719,WK,2025-04-27T00:00:00,0001000039,Z100,Z02,ZAR
4500003720,ZDOM,2025-11-22T00:00:00,0001000039,Z100,Z01,ZAR
4500003721,AN,2025-06-30T00:00:00,0001000046,Z100,Z02,ZAR
4500003722,ZDOM,2025-10-06T00:00:00,0001000046,Z100,Z02,ZAR
4500003723,AN,2025-10-25T00:00:00,0001000046,Z100,Z03,ZAR
4500003724,WK,2026-01-18T00:00:00,0001000046,Z100,Z02,ZAR
4500003725,AN,2026-02-12T00:00:00,0001000046,Z100,Z01,ZAR
4500003726,AN,2024-11-16T00:00:00,0001000046,Z100,Z03,ZAR
4500003727,WK,2025-04-26T00:00:00,0001000046,Z100,Z01,ZAR
4500003728,AN,2026-07-01T00:00:00,0001000046,Z100,Z03,ZAR
4500003729,WK,2024-09-13T00:00:00,0001000003,Z100,Z02,ZAR
4500003730,ZDOM,2025-02-25T00:00:00,0001000003,Z100,Z01,ZAR
4500003731,WK,2025-11-07T00:00:00,0001000003,Z100,Z03,ZAR
4500003732,WK,2026-04-15T00:00:00,0001000003,Z100,Z02,ZAR
4500003733,ZDOM,2024-09-24T00:00:00,0001000036,Z100,Z03,ZAR
4500003734,AN,2025-12-04T00:00:00,0001000036,Z100,Z03,ZAR
4500003735,AN,2024-10-21T00:00:00,0001000046,Z100,Z03,ZAR
4500003736,AN,2025-05-30T00:00:00,0001000046,Z100,Z01,ZAR
4500003737,AN,2025-11-13T00:00:00,0001000046,Z100,Z02,ZAR
4500003738,WK,2024-10-30T00:00:00,0001000023,Z100,Z02,ZAR
4500003739,AN,2024-11-15T00:00:00,0001000023,Z100,Z02,ZAR
4500003740,ZDOM,2025-07-16T00:00:00,0001000023,Z100,Z02,ZAR
4500003741,ZDOM,2026-02-01T00:00:00,0001000023,Z100,Z03,ZAR
4500003742,ZDOM,2024-09-28T00:00:00,0001000040,Z100,Z03,ZAR
4500003743,ZDOM,2025-06-07T00:00:00,0001000040,Z100,Z02,ZAR
4500003744,WK,2025-06-11T00:00:00,0001000040,Z100,Z02,ZAR
4500003745,ZDOM,2025-09-26T00:00:00,0001000040,Z100,Z03,ZAR
4500003746,WK,2026-05-16T00:00:00,0001000040,Z100,Z02,ZAR
4500003747,WK,2024-09-23T00:00:00,0001000037,Z100,Z01,ZAR
4500003748,WK,2024-10-28T00:00:00,0001000037,Z100,Z03,ZAR
4500003749,ZDOM,2025-07-15T00:00:00,0001000037,Z100,Z01,ZAR
4500003750,ZDOM,2026-01-08T00:00:00,0001000037,Z100,Z03,ZAR
4500003751,WK,2025-02-14T00:00:00,0001000037,Z100,Z02,ZAR
4500003752,ZDOM,2025-04-05T00:00:00,0001000037,Z100,Z03,ZAR
4500003753,ZDOM,2026-02-09T00:00:00,0001000037,Z100,Z02,ZAR
4500003754,WK,2026-02-25T00:00:00,0001000037,Z100,Z02,ZAR
4500003755,WK,2026-03-31T00:00:00,0001000037,Z100,Z02,ZAR
4500003756,ZDOM,2024-09-05T00:00:00,0001000042,Z100,Z02,ZAR
4500003757,AN,2025-06-27T00:00:00,0001000042,Z100,Z02,ZAR
4500003758,WK,2025-07-28T00:00:00,0001000042,Z100,Z01,ZAR
4500003759,ZDOM,2026-03-21T00:00:00,0001000042,Z100,Z03,ZAR
4500003760,AN,2024-09-20T00:00:00,0001000042,Z100,Z02,ZAR
4500003761,AN,2025-06-19T00:00:00,0001000042,Z100,Z02,ZAR
4500003762,AN,2025-07-27T00:00:00,0001000042,Z100,Z01,ZAR
4500003763,ZDOM,2026-03-04T00:00:00,0001000042,Z100,Z01,ZAR
4500003764,WK,2024-10-04T00:00:00,0001000052,Z100,Z03,ZAR
4500003765,ZDOM,2025-01-13T00:00:00,0001000052,Z100,Z03,ZAR
4500003766,ZDOM,2025-02-23T00:00:00,0001000052,Z100,Z01,ZAR
4500003767,WK,2025-04-04T00:00:00,0001000052,Z100,Z03,ZAR
4500003768,WK,2025-04-30T00:00:00,0001000052,Z100,Z03,ZAR
4500003769,ZDOM,2025-08-17T00:00:00,0001000052,Z100,Z02,ZAR
4500003770,WK,2025-12-31T00:00:00,0001000052,Z100,Z02,ZAR
4500003771,ZDOM,2026-01-11T00:00:00,0001000052,Z100,Z02,ZAR
4500003772,WK,2024-11-27T00:00:00,0001000029,Z100,Z01,ZAR
4500003773,ZDOM,2025-04-05T00:00:00,0001000029,Z100,Z02,ZAR
4500003774,WK,2025-08-30T00:00:00,0001000029,Z100,Z02,ZAR
4500003775,ZDOM,2025-10-06T00:00:00,0001000029,Z100,Z03,ZAR
4500003776,ZDOM,2026-02-18T00:00:00,0001000029,Z100,Z02,ZAR
4500003777,WK,2026-07-26T00:00:00,0001000029,Z100,Z02,ZAR
4500003778,WK,2024-10-08T00:00:00,0001000058,Z100,Z03,ZAR
4500003779,AN,2025-04-03T00:00:00,0001000058,Z100,Z03,ZAR
4500003780,AN,2025-10-01T00:00:00,0001000058,Z100,Z03,ZAR
4500003781,WK,2025-10-28T00:00:00,0001000058,Z100,Z02,ZAR
4500003782,WK,2026-04-19T00:00:00,0001000058,Z100,Z03,ZAR
4500003783,WK,2025-04-18T00:00:00,0001000032,Z100,Z02,ZAR
4500003784,AN,2025-05-06T00:00:00,0001000032,Z100,Z03,ZAR
4500003785,WK,2025-07-06T00:00:00,0001000032,Z100,Z03,ZAR
4500003786,ZDOM,2025-12-03T00:00:00,0001000032,Z100,Z01,ZAR
4500003787,WK,2026-02-27T00:00:00,0001000032,Z100,Z02,ZAR
4500003788,AN,2026-04-07T00:00:00,0001000032,Z100,Z03,ZAR
4500003789,ZDOM,2026-04-12T00:00:00,0001000032,Z100,Z02,ZAR
4500003790,WK,2026-07-01T00:00:00,0001000032,Z100,Z02,ZAR
4500003791,ZDOM,2025-12-03T00:00:00,0001000039,Z100,Z03,ZAR
4500003792,AN,2026-07-06T00:00:00,0001000039,Z100,Z01,ZAR
4500003793,AN,2025-08-17T00:00:00,0001000039,Z100,Z01,ZAR
4500003794,WK,2025-10-02T00:00:00,0001000039,Z100,Z01,ZAR
4500003795,AN,2024-09-25T00:00:00,0001000021,Z100,Z01,ZAR
4500003796,ZDOM,2025-02-05T00:00:00,0001000021,Z100,Z01,ZAR
4500003797,AN,2025-03-11T00:00:00,0001000021,Z100,Z01,ZAR
4500003798,ZDOM,2026-01-27T00:00:00,0001000021,Z100,Z03,ZAR
4500003799,WK,2026-05-22T00:00:00,0001000021,Z100,Z03,ZAR
4500003800,AN,2024-11-10T00:00:00,0001000051,Z100,Z03,ZAR
4500003801,ZDOM,2024-11-28T00:00:00,0001000051,Z100,Z03,ZAR
4500003802,ZDOM,2026-02-12T00:00:00,0001000051,Z100,Z01,ZAR
4500003803,ZDOM,2024-12-31T00:00:00,0001000038,Z100,Z03,ZAR
4500003804,ZDOM,2025-04-20T00:00:00,0001000038,Z100,Z02,ZAR
4500003805,WK,2026-04-05T00:00:00,0001000038,Z100,Z03,ZAR
4500003806,AN,2026-07-14T00:00:00,0001000038,Z100,Z02,ZAR
4500003807,WK,2024-09-15T00:00:00,0001000038,Z100,Z01,ZAR
4500003808,ZDOM,2025-05-13T00:00:00,0001000038,Z100,Z03,ZAR
4500003809,ZDOM,2026-01-01T00:00:00,0001000038,Z100,Z01,ZAR
4500003810,ZDOM,2024-09-27T00:00:00,0001000000,Z100,Z01,ZAR
4500003811,AN,2025-01-22T00:00:00,0001000000,Z100,Z02,ZAR
4500003812,ZDOM,2025-03-13T00:00:00,0001000000,Z100,Z03,ZAR
4500003813,WK,2025-06-01T00:00:00,0001000000,Z100,Z03,ZAR
4500003814,ZDOM,2026-02-20T00:00:00,0001000000,Z100,Z03,ZAR
4500003815,AN,2026-08-21T00:00:00,0001000000,Z100,Z02,ZAR
4500003816,WK,2024-09-26T00:00:00,0001000000,Z100,Z01,ZAR
4500003817,ZDOM,2025-07-25T00:00:00,0001000000,Z100,Z01,ZAR
4500003818,ZDOM,2025-12-22T00:00:00,0001000000,Z100,Z03,ZAR
4500003819,AN,2026-02-13T00:00:00,0001000000,Z100,Z02,ZAR
4500003820,AN,2026-03-20T00:00:00,0001000000,Z100,Z02,ZAR
4500003821,AN,2026-09-07T00:00:00,0001000000,Z100,Z02,ZAR
4500003822,WK,2024-09-30T00:00:00,0001000019,Z100,Z03,ZAR
4500003823,AN,2025-02-21T00:00:00,0001000019,Z100,Z02,ZAR
4500003824,WK,2025-05-10T00:00:00,0001000019,Z100,Z01,ZAR
4500003825,WK,2025-06-29T00:00:00,0001000019,Z100,Z01,ZAR
4500003826,WK,2025-07-20T00:00:00,0001000019,Z100,Z02,ZAR
4500003827,ZDOM,2026-04-16T00:00:00,0001000019,Z100,Z01,ZAR
4500003828,ZDOM,2026-06-03T00:00:00,0001000019,Z100,Z03,ZAR
4500003829,ZDOM,2024-10-13T00:00:00,0001000010,Z100,Z01,ZAR
4500003830,WK,2025-04-03T00:00:00,0001000010,Z100,Z02,ZAR
4500003831,WK,2025-07-16T00:00:00,0001000010,Z100,Z03,ZAR
4500003832,AN,2025-12-17T00:00:00,0001000010,Z100,Z01,ZAR
4500003833,WK,2026-06-06T00:00:00,0001000010,Z100,Z03,ZAR
4500003834,AN,2024-09-20T00:00:00,0001000032,Z100,Z01,ZAR
4500003835,ZDOM,2025-02-05T00:00:00,0001000032,Z100,Z03,ZAR
4500003836,AN,2026-01-11T00:00:00,0001000032,Z100,Z03,ZAR
4500003837,ZDOM,2026-04-25T00:00:00,0001000032,Z100,Z01,ZAR
4500003838,WK,2026-06-04T00:00:00,0001000032,Z100,Z03,ZAR
4500003839,WK,2025-12-28T00:00:00,0001000053,Z100,Z01,ZAR
4500003840,AN,2024-10-05T00:00:00,0001000036,Z100,Z03,ZAR
4500003841,ZDOM,2025-06-15T00:00:00,0001000036,Z100,Z02,ZAR
4500003842,WK,2026-03-31T00:00:00,0001000036,Z100,Z03,ZAR
4500003843,ZDOM,2024-10-10T00:00:00,0001000007,Z100,Z02,ZAR
4500003844,AN,2024-11-18T00:00:00,0001000007,Z100,Z03,ZAR
4500003845,AN,2025-05-11T00:00:00,0001000007,Z100,Z01,ZAR
4500003846,WK,2025-12-31T00:00:00,0001000007,Z100,Z01,ZAR
4500003847,AN,2026-03-12T00:00:00,0001000007,Z100,Z02,ZAR
4500003848,AN,2026-05-27T00:00:00,0001000007,Z100,Z02,ZAR
4500003849,AN,2026-06-24T00:00:00,0001000007,Z100,Z02,ZAR
4500003850,AN,2026-07-17T00:00:00,0001000007,Z100,Z03,ZAR
4500003851,WK,2024-09-11T00:00:00,0001000057,Z100,Z01,ZAR
4500003852,WK,2024-10-24T00:00:00,0001000057,Z100,Z01,ZAR
4500003853,ZDOM,2024-11-25T00:00:00,0001000057,Z100,Z02,ZAR
4500003854,WK,2025-11-23T00:00:00,0001000057,Z100,Z01,ZAR
4500003855,ZDOM,2026-08-23T00:00:00,0001000057,Z100,Z01,ZAR
4500003856,WK,2024-10-02T00:00:00,0001000039,Z100,Z03,ZAR
4500003857,ZDOM,2025-03-28T00:00:00,0001000039,Z100,Z02,ZAR
4500003858,ZDOM,2025-04-29T00:00:00,0001000039,Z100,Z01,ZAR
4500003859,AN,2026-08-08T00:00:00,0001000039,Z100,Z03,ZAR
4500003860,ZDOM,2026-08-26T00:00:00,0001000039,Z100,Z01,ZAR
4500003861,WK,2024-11-12T00:00:00,0001000003,Z100,Z01,ZAR
4500003862,ZDOM,2024-11-26T00:00:00,0001000003,Z100,Z01,ZAR
4500003863,WK,2025-08-18T00:00:00,0001000003,Z100,Z02,ZAR
4500003864,ZDOM,2026-04-28T00:00:00,0001000003,Z100,Z03,ZAR
4500003865,ZDOM,2025-01-04T00:00:00,0001000023,Z100,Z02,ZAR
4500003866,WK,2025-01-13T00:00:00,0001000043,Z100,Z01,ZAR
4500003867,AN,2025-05-15T00:00:00,0001000043,Z100,Z02,ZAR
4500003868,WK,2026-02-23T00:00:00,0001000043,Z100,Z02,ZAR
4500003869,WK,2026-03-29T00:00:00,0001000043,Z100,Z03,ZAR
4500003870,AN,2024-09-19T00:00:00,0001000041,Z100,Z02,ZAR
4500003871,AN,2024-11-13T00:00:00,0001000041,Z100,Z02,ZAR
4500003872,ZDOM,2025-02-23T00:00:00,0001000041,Z100,Z03,ZAR
4500003873,ZDOM,2025-03-09T00:00:00,0001000041,Z100,Z03,ZAR
4500003874,ZDOM,2025-06-16T00:00:00,0001000041,Z100,Z02,ZAR
4500003875,AN,2025-08-28T00:00:00,0001000041,Z100,Z01,ZAR
4500003876,WK,2025-12-16T00:00:00,0001000041,Z100,Z02,ZAR
4500003877,ZDOM,2026-02-05T00:00:00,0001000041,Z100,Z01,ZAR
4500003878,WK,2026-04-11T00:00:00,0001000041,Z100,Z03,ZAR
4500003879,WK,2026-05-23T00:00:00,0001000041,Z100,Z03,ZAR
4500003880,ZDOM,2024-12-10T00:00:00,0001000014,Z100,Z01,ZAR
4500003881,AN,2025-09-24T00:00:00,0001000014,Z100,Z02,ZAR
4500003882,ZDOM,2026-04-03T00:00:00,0001000014,Z100,Z03,ZAR
4500003883,ZDOM,2026-05-23T00:00:00,0001000014,Z100,Z01,ZAR
4500003884,ZDOM,2024-09-15T00:00:00,0001000035,Z100,Z02,ZAR
4500003885,WK,2025-10-09T00:00:00,0001000035,Z100,Z03,ZAR
4500003886,ZDOM,2025-10-15T00:00:00,0001000035,Z100,Z02,ZAR
4500003887,ZDOM,2025-11-21T00:00:00,0001000035,Z100,Z01,ZAR
4500003888,ZDOM,2024-09-08T00:00:00,0001000041,Z100,Z02,ZAR
4500003889,ZDOM,2024-12-09T00:00:00,0001000041,Z100,Z02,ZAR
4500003890,WK,2025-07-05T00:00:00,0001000041,Z100,Z02,ZAR
4500003891,AN,2025-07-28T00:00:00,0001000041,Z100,Z02,ZAR
4500003892,WK,2026-01-18T00:00:00,0001000041,Z100,Z03,ZAR
4500003893,ZDOM,2026-07-05T00:00:00,0001000041,Z100,Z03,ZAR
4500003894,AN,2026-08-15T00:00:00,0001000041,Z100,Z02,ZAR
4500003895,ZDOM,2024-09-22T00:00:00,0001000057,Z100,Z03,ZAR
4500003896,WK,2025-03-23T00:00:00,0001000057,Z100,Z03,ZAR
4500003897,ZDOM,2025-07-12T00:00:00,0001000057,Z100,Z01,ZAR
4500003898,ZDOM,2026-06-02T00:00:00,0001000057,Z100,Z01,ZAR
4500003899,AN,2024-10-11T00:00:00,0001000023,Z100,Z01,ZAR
4500003900,WK,2024-12-27T00:00:00,0001000023,Z100,Z02,ZAR
4500003901,WK,2025-01-13T00:00:00,0001000023,Z100,Z02,ZAR
4500003902,ZDOM,2025-03-06T00:00:00,0001000023,Z100,Z01,ZAR
4500003903,ZDOM,2025-08-08T00:00:00,0001000023,Z100,Z03,ZAR
4500003904,ZDOM,2025-08-09T00:00:00,0001000023,Z100,Z01,ZAR
4500003905,ZDOM,2025-09-17T00:00:00,0001000023,Z100,Z03,ZAR
4500003906,ZDOM,2026-02-01T00:00:00,0001000023,Z100,Z01,ZAR
4500003907,WK,2026-05-19T00:00:00,0001000023,Z100,Z01,ZAR
4500003908,ZDOM,2026-09-07T00:00:00,0001000023,Z100,Z03,ZAR
4500003909,WK,2024-09-14T00:00:00,0001000023,Z100,Z02,ZAR
4500003910,WK,2024-10-31T00:00:00,0001000023,Z100,Z03,ZAR
4500003911,ZDOM,2025-01-19T00:00:00,0001000023,Z100,Z02,ZAR
4500003912,ZDOM,2025-07-28T00:00:00,0001000023,Z100,Z01,ZAR
4500003913,ZDOM,2026-01-20T00:00:00,0001000023,Z100,Z02,ZAR
4500003914,ZDOM,2026-07-04T00:00:00,0001000023,Z100,Z03,ZAR
4500003915,AN,2024-11-02T00:00:00,0001000014,Z100,Z01,ZAR
4500003916,ZDOM,2025-05-09T00:00:00,0001000014,Z100,Z03,ZAR
4500003917,ZDOM,2025-10-01T00:00:00,0001000014,Z100,Z01,ZAR
4500003918,ZDOM,2026-03-14T00:00:00,0001000014,Z100,Z01,ZAR
4500003919,WK,2026-07-27T00:00:00,0001000014,Z100,Z02,ZAR
4500003920,ZDOM,2024-10-03T00:00:00,0001000025,Z100,Z02,ZAR
4500003921,ZDOM,2024-10-23T00:00:00,0001000025,Z100,Z03,ZAR
4500003922,WK,2025-01-26T00:00:00,0001000025,Z100,Z03,ZAR
4500003923,AN,2025-02-21T00:00:00,0001000025,Z100,Z03,ZAR
4500003924,ZDOM,2025-05-25T00:00:00,0001000025,Z100,Z01,ZAR
4500003925,AN,2025-08-06T00:00:00,0001000025,Z100,Z03,ZAR
4500003926,WK,2026-02-25T00:00:00,0001000025,Z100,Z02,ZAR
4500003927,WK,2026-04-29T00:00:00,0001000025,Z100,Z02,ZAR
4500003928,WK,2024-09-24T00:00:00,0001000020,Z100,Z03,ZAR
4500003929,WK,2024-10-31T00:00:00,0001000020,Z100,Z01,ZAR
4500003930,WK,2025-01-08T00:00:00,0001000020,Z100,Z01,ZAR
4500003931,ZDOM,2025-06-30T00:00:00,0001000020,Z100,Z02,ZAR
4500003932,ZDOM,2025-10-03T00:00:00,0001000020,Z100,Z02,ZAR
4500003933,WK,2025-11-28T00:00:00,0001000020,Z100,Z01,ZAR
4500003934,AN,2025-12-13T00:00:00,0001000020,Z100,Z03,ZAR
4500003935,WK,2024-09-22T00:00:00,0001000020,Z100,Z03,ZAR
4500003936,ZDOM,2024-11-11T00:00:00,0001000020,Z100,Z03,ZAR
4500003937,AN,2025-02-27T00:00:00,0001000020,Z100,Z03,ZAR
4500003938,WK,2025-09-10T00:00:00,0001000020,Z100,Z02,ZAR
4500003939,ZDOM,2025-11-14T00:00:00,0001000020,Z100,Z01,ZAR
4500003940,AN,2025-12-18T00:00:00,0001000020,Z100,Z02,ZAR
4500003941,ZDOM,2026-01-12T00:00:00,0001000020,Z100,Z01,ZAR
4500003942,AN,2026-02-18T00:00:00,0001000020,Z100,Z01,ZAR
4500003943,AN,2026-03-10T00:00:00,0001000020,Z100,Z03,ZAR
4500003944,WK,2026-05-04T00:00:00,0001000020,Z100,Z03,ZAR
4500003945,AN,2026-08-27T00:00:00,0001000020,Z100,Z01,ZAR
4500003946,ZDOM,2024-12-01T00:00:00,0001000050,Z100,Z03,ZAR
4500003947,WK,2025-06-10T00:00:00,0001000050,Z100,Z02,ZAR
4500003948,WK,2025-07-07T00:00:00,0001000050,Z100,Z03,ZAR
4500003949,AN,2026-01-29T00:00:00,0001000050,Z100,Z03,ZAR
4500003950,ZDOM,2026-06-15T00:00:00,0001000050,Z100,Z02,ZAR
4500003951,WK,2024-09-18T00:00:00,0001000002,Z100,Z03,ZAR
4500003952,AN,2024-10-17T00:00:00,0001000002,Z100,Z01,ZAR
4500003953,AN,2025-03-03T00:00:00,0001000002,Z100,Z03,ZAR
4500003954,WK,2025-06-14T00:00:00,0001000002,Z100,Z02,ZAR
4500003955,ZDOM,2026-01-31T00:00:00,0001000002,Z100,Z03,ZAR
4500003956,WK,2024-09-16T00:00:00,0001000057,Z100,Z02,ZAR
4500003957,AN,2025-03-01T00:00:00,0001000057,Z100,Z01,ZAR
4500003958,ZDOM,2025-09-17T00:00:00,0001000057,Z100,Z02,ZAR
4500003959,AN,2025-12-27T00:00:00,0001000057,Z100,Z03,ZAR
4500003960,ZDOM,2024-11-06T00:00:00,0001000034,Z100,Z01,ZAR
4500003961,ZDOM,2025-04-18T00:00:00,0001000034,Z100,Z01,ZAR
4500003962,AN,2024-09-17T00:00:00,0001000034,Z100,Z03,ZAR
4500003963,ZDOM,2025-09-07T00:00:00,0001000034,Z100,Z02,ZAR
4500003964,ZDOM,2024-10-01T00:00:00,0001000055,Z100,Z02,ZAR
4500003965,AN,2025-04-01T00:00:00,0001000055,Z100,Z01,ZAR
4500003966,WK,2025-05-22T00:00:00,0001000055,Z100,Z02,ZAR
4500003967,WK,2025-06-10T00:00:00,0001000055,Z100,Z01,ZAR
4500003968,AN,2025-07-20T00:00:00,0001000055,Z100,Z02,ZAR
4500003969,AN,2026-06-06T00:00:00,0001000055,Z100,Z01,ZAR
4500003970,AN,2026-08-11T00:00:00,0001000055,Z100,Z01,ZAR
4500003971,WK,2024-10-07T00:00:00,0001000055,Z100,Z02,ZAR
4500003972,ZDOM,2025-02-12T00:00:00,0001000055,Z100,Z02,ZAR
4500003973,WK,2026-02-14T00:00:00,0001000055,Z100,Z02,ZAR
4500003974,ZDOM,2026-07-08T00:00:00,0001000055,Z100,Z02,ZAR
4500003975,AN,2026-07-20T00:00:00,0001000055,Z100,Z02,ZAR
4500003976,WK,2024-10-04T00:00:00,0001000024,Z100,Z02,ZAR
4500003977,ZDOM,2024-12-03T00:00:00,0001000024,Z100,Z01,ZAR
4500003978,AN,2025-07-22T00:00:00,0001000024,Z100,Z01,ZAR
4500003979,WK,2025-12-05T00:00:00,0001000024,Z100,Z03,ZAR
4500003980,WK,2026-02-04T00:00:00,0001000024,Z100,Z01,ZAR
4500003981,ZDOM,2026-06-17T00:00:00,0001000024,Z100,Z01,ZAR
4500003982,ZDOM,2024-10-19T00:00:00,0001000050,Z100,Z03,ZAR
4500003983,WK,2025-06-06T00:00:00,0001000050,Z100,Z02,ZAR
4500003984,AN,2026-02-05T00:00:00,0001000050,Z100,Z02,ZAR
4500003985,WK,2024-10-12T00:00:00,0001000052,Z100,Z03,ZAR
4500003986,AN,2024-11-24T00:00:00,0001000052,Z100,Z01,ZAR
4500003987,ZDOM,2025-03-18T00:00:00,0001000052,Z100,Z01,ZAR
4500003988,WK,2025-04-21T00:00:00,0001000052,Z100,Z02,ZAR
4500003989,AN,2025-07-27T00:00:00,0001000052,Z100,Z02,ZAR
4500003990,AN,2026-01-22T00:00:00,0001000052,Z100,Z01,ZAR
4500003991,ZDOM,2026-05-08T00:00:00,0001000052,Z100,Z01,ZAR
4500003992,ZDOM,2026-07-17T00:00:00,0001000052,Z100,Z02,ZAR
4500003993,WK,2024-09-09T00:00:00,0001000053,Z100,Z01,ZAR
4500003994,WK,2025-06-21T00:00:00,0001000053,Z100,Z02,ZAR
4500003995,WK,2026-03-11T00:00:00,0001000053,Z100,Z03,ZAR
4500003996,WK,2024-09-16T00:00:00,0001000020,Z100,Z01,ZAR
4500003997,ZDOM,2025-04-09T00:00:00,0001000020,Z100,Z03,ZAR
4500003998,ZDOM,2025-10-20T00:00:00,0001000020,Z100,Z02,ZAR
4500003999,AN,2026-03-02T00:00:00,0001000020,Z100,Z03,ZAR
4500004000,AN,2026-07-11T00:00:00,0001000020,Z100,Z01,ZAR
4500004001,WK,2024-10-27T00:00:00,0001000044,Z100,Z03,ZAR
4500004002,WK,2024-11-18T00:00:00,0001000044,Z100,Z02,ZAR
4500004003,AN,2025-01-06T00:00:00,0001000044,Z100,Z02,ZAR
4500004004,AN,2025-06-18T00:00:00,0001000044,Z100,Z01,ZAR
4500004005,ZDOM,2025-08-20T00:00:00,0001000044,Z100,Z03,ZAR
4500004006,ZDOM,2026-01-24T00:00:00,0001000044,Z100,Z03,ZAR
4500004007,ZDOM,2026-02-16T00:00:00,0001000044,Z100,Z02,ZAR
4500004008,ZDOM,2026-03-14T00:00:00,0001000044,Z100,Z03,ZAR
4500004009,AN,2026-04-15T00:00:00,0001000044,Z100,Z03,ZAR
4500004010,ZDOM,2025-03-08T00:00:00,0001000045,Z100,Z02,ZAR
4500004011,ZDOM,2026-04-11T00:00:00,0001000045,Z100,Z01,ZAR
4500004012,WK,2024-10-19T00:00:00,0001000003,Z100,Z01,ZAR
4500004013,ZDOM,2025-06-01T00:00:00,0001000003,Z100,Z02,ZAR
4500004014,AN,2025-10-13T00:00:00,0001000003,Z100,Z02,ZAR
4500004015,AN,2026-06-15T00:00:00,0001000003,Z100,Z03,ZAR
4500004016,ZDOM,2024-09-14T00:00:00,0001000058,Z100,Z03,ZAR
4500004017,AN,2026-02-05T00:00:00,0001000058,Z100,Z03,ZAR
4500004018,WK,2024-09-10T00:00:00,0001000058,Z100,Z03,ZAR
4500004019,AN,2024-10-19T00:00:00,0001000058,Z100,Z03,ZAR
4500004020,ZDOM,2025-01-14T00:00:00,0001000058,Z100,Z01,ZAR
4500004021,WK,2026-05-27T00:00:00,0001000058,Z100,Z03,ZAR
4500004022,WK,2024-09-04T00:00:00,0001000055,Z100,Z03,ZAR
4500004023,AN,2025-01-31T00:00:00,0001000055,Z100,Z03,ZAR
4500004024,ZDOM,2025-07-04T00:00:00,0001000055,Z100,Z01,ZAR
4500004025,ZDOM,2025-10-14T00:00:00,0001000055,Z100,Z03,ZAR
4500004026,WK,2026-07-29T00:00:00,0001000055,Z100,Z01,ZAR
4500004027,ZDOM,2025-02-17T00:00:00,0001000048,Z100,Z02,ZAR
4500004028,AN,2025-03-15T00:00:00,0001000048,Z100,Z01,ZAR
4500004029,ZDOM,2025-05-05T00:00:00,0001000048,Z100,Z02,ZAR
4500004030,ZDOM,2026-01-19T00:00:00,0001000048,Z100,Z01,ZAR
4500004031,ZDOM,2024-09-16T00:00:00,0001000022,Z100,Z02,ZAR
4500004032,WK,2025-06-08T00:00:00,0001000022,Z100,Z02,ZAR
4500004033,ZDOM,2026-04-17T00:00:00,0001000022,Z100,Z01,ZAR
4500004034,ZDOM,2026-06-07T00:00:00,0001000022,Z100,Z03,ZAR
4500004035,AN,2026-06-23T00:00:00,0001000022,Z100,Z03,ZAR
4500004036,AN,2024-09-20T00:00:00,0001000022,Z100,Z02,ZAR
4500004037,ZDOM,2024-10-18T00:00:00,0001000022,Z100,Z03,ZAR
4500004038,WK,2025-06-06T00:00:00,0001000022,Z100,Z01,ZAR
4500004039,WK,2025-07-26T00:00:00,0001000022,Z100,Z02,ZAR
4500004040,ZDOM,2025-08-05T00:00:00,0001000022,Z100,Z01,ZAR
4500004041,AN,2025-09-23T00:00:00,0001000022,Z100,Z02,ZAR
4500004042,AN,2025-11-08T00:00:00,0001000022,Z100,Z03,ZAR
4500004043,ZDOM,2026-08-19T00:00:00,0001000022,Z100,Z01,ZAR
4500004044,AN,2024-11-15T00:00:00,0001000022,Z100,Z03,ZAR
4500004045,WK,2025-07-20T00:00:00,0001000022,Z100,Z02,ZAR
4500004046,ZDOM,2026-04-28T00:00:00,0001000022,Z100,Z01,ZAR
4500004047,WK,2025-12-24T00:00:00,0001000035,Z100,Z03,ZAR
4500004048,AN,2026-04-08T00:00:00,0001000035,Z100,Z02,ZAR
4500004049,AN,2026-05-02T00:00:00,0001000035,Z100,Z03,ZAR
4500004050,AN,2026-07-11T00:00:00,0001000035,Z100,Z03,ZAR
4500004051,ZDOM,2024-09-15T00:00:00,0001000024,Z100,Z01,ZAR
4500004052,AN,2025-05-07T00:00:00,0001000024,Z100,Z01,ZAR
4500004053,AN,2025-08-06T00:00:00,0001000024,Z100,Z02,ZAR
4500004054,WK,2025-09-25T00:00:00,0001000024,Z100,Z03,ZAR
4500004055,ZDOM,2025-12-04T00:00:00,0001000024,Z100,Z01,ZAR
4500004056,AN,2026-01-03T00:00:00,0001000024,Z100,Z02,ZAR
4500004057,AN,2026-07-15T00:00:00,0001000024,Z100,Z02,ZAR
4500004058,AN,2024-09-18T00:00:00,0001000053,Z100,Z01,ZAR
4500004059,ZDOM,2025-07-24T00:00:00,0001000053,Z100,Z03,ZAR
4500004060,WK,2026-04-28T00:00:00,0001000053,Z100,Z03,ZAR
4500004061,ZDOM,2024-09-13T00:00:00,0001000059,Z100,Z01,ZAR
4500004062,WK,2024-11-06T00:00:00,0001000059,Z100,Z03,ZAR
4500004063,ZDOM,2025-04-05T00:00:00,0001000059,Z100,Z01,ZAR
4500004064,WK,2025-07-15T00:00:00,0001000059,Z100,Z03,ZAR
4500004065,ZDOM,2025-11-28T00:00:00,0001000059,Z100,Z02,ZAR
4500004066,AN,2026-04-27T00:00:00,0001000059,Z100,Z03,ZAR
4500004067,AN,2024-09-28T00:00:00,0001000048,Z100,Z01,ZAR
4500004068,AN,2024-10-13T00:00:00,0001000048,Z100,Z03,ZAR
4500004069,WK,2025-04-25T00:00:00,0001000048,Z100,Z03,ZAR
4500004070,ZDOM,2025-10-06T00:00:00,0001000048,Z100,Z03,ZAR
4500004071,AN,2025-11-19T00:00:00,0001000048,Z100,Z01,ZAR
4500004072,ZDOM,2026-09-06T00:00:00,0001000048,Z100,Z03,ZAR
4500004073,ZDOM,2024-09-21T00:00:00,0001000017,Z100,Z02,ZAR
4500004074,WK,2025-07-08T00:00:00,0001000017,Z100,Z01,ZAR
4500004075,ZDOM,2025-08-19T00:00:00,0001000017,Z100,Z03,ZAR
4500004076,WK,2025-10-10T00:00:00,0001000017,Z100,Z03,ZAR
4500004077,ZDOM,2026-01-26T00:00:00,0001000017,Z100,Z02,ZAR
4500004078,AN,2026-02-23T00:00:00,0001000017,Z100,Z03,ZAR
4500004079,ZDOM,2026-05-05T00:00:00,0001000017,Z100,Z01,ZAR
4500004080,AN,2024-09-14T00:00:00,0001000041,Z100,Z02,ZAR
4500004081,AN,2025-04-20T00:00:00,0001000041,Z100,Z02,ZAR
4500004082,WK,2026-02-03T00:00:00,0001000041,Z100,Z03,ZAR
4500004083,ZDOM,2024-10-16T00:00:00,0001000041,Z100,Z02,ZAR
4500004084,WK,2024-12-15T00:00:00,0001000041,Z100,Z03,ZAR
4500004085,ZDOM,2025-02-05T00:00:00,0001000041,Z100,Z01,ZAR
4500004086,AN,2025-02-25T00:00:00,0001000041,Z100,Z01,ZAR
4500004087,WK,2025-05-10T00:00:00,0001000041,Z100,Z01,ZAR
4500004088,AN,2025-08-12T00:00:00,0001000041,Z100,Z01,ZAR
4500004089,ZDOM,2025-11-26T00:00:00,0001000041,Z100,Z02,ZAR
4500004090,WK,2025-12-22T00:00:00,0001000041,Z100,Z01,ZAR
4500004091,ZDOM,2026-02-03T00:00:00,0001000041,Z100,Z01,ZAR
4500004092,ZDOM,2026-05-24T00:00:00,0001000041,Z100,Z01,ZAR
4500004093,ZDOM,2026-08-26T00:00:00,0001000041,Z100,Z01,ZAR
4500004094,ZDOM,2024-10-01T00:00:00,0001000044,Z100,Z03,ZAR
4500004095,ZDOM,2024-10-26T00:00:00,0001000044,Z100,Z01,ZAR
4500004096,WK,2025-05-06T00:00:00,0001000044,Z100,Z03,ZAR
4500004097,AN,2026-03-24T00:00:00,0001000044,Z100,Z01,ZAR
4500004098,ZDOM,2026-04-11T00:00:00,0001000044,Z100,Z02,ZAR
4500004099,AN,2024-10-05T00:00:00,0001000023,Z100,Z02,ZAR
4500004100,WK,2025-05-17T00:00:00,0001000023,Z100,Z03,ZAR
4500004101,ZDOM,2024-09-14T00:00:00,0001000050,Z100,Z02,ZAR
4500004102,AN,2025-05-03T00:00:00,0001000050,Z100,Z02,ZAR
4500004103,AN,2025-07-08T00:00:00,0001000050,Z100,Z03,ZAR
4500004104,ZDOM,2025-08-18T00:00:00,0001000050,Z100,Z02,ZAR
4500004105,AN,2025-12-07T00:00:00,0001000050,Z100,Z03,ZAR
4500004106,AN,2026-02-02T00:00:00,0001000050,Z100,Z01,ZAR
4500004107,ZDOM,2026-02-19T00:00:00,0001000050,Z100,Z03,ZAR
4500004108,AN,2026-03-19T00:00:00,0001000050,Z100,Z02,ZAR
4500004109,AN,2026-04-23T00:00:00,0001000050,Z100,Z01,ZAR
4500004110,AN,2024-09-24T00:00:00,0001000028,Z100,Z02,ZAR
4500004111,AN,2024-12-11T00:00:00,0001000028,Z100,Z02,ZAR
4500004112,WK,2025-01-24T00:00:00,0001000028,Z100,Z02,ZAR
4500004113,AN,2025-02-07T00:00:00,0001000028,Z100,Z03,ZAR
4500004114,AN,2025-06-22T00:00:00,0001000028,Z100,Z03,ZAR
4500004115,ZDOM,2025-09-03T00:00:00,0001000028,Z100,Z01,ZAR
4500004116,WK,2025-10-17T00:00:00,0001000028,Z100,Z02,ZAR
4500004117,AN,2026-03-07T00:00:00,0001000028,Z100,Z03,ZAR
4500004118,AN,2026-04-04T00:00:00,0001000028,Z100,Z03,ZAR
4500004119,WK,2026-05-09T00:00:00,0001000028,Z100,Z03,ZAR
4500004120,AN,2026-06-07T00:00:00,0001000028,Z100,Z02,ZAR
4500004121,ZDOM,2024-09-28T00:00:00,0001000028,Z100,Z03,ZAR
4500004122,AN,2025-01-02T00:00:00,0001000028,Z100,Z01,ZAR
4500004123,AN,2025-07-05T00:00:00,0001000028,Z100,Z02,ZAR
4500004124,AN,2024-09-13T00:00:00,0001000051,Z100,Z01,ZAR
4500004125,WK,2024-11-15T00:00:00,0001000051,Z100,Z02,ZAR
4500004126,ZDOM,2025-02-08T00:00:00,0001000051,Z100,Z01,ZAR
4500004127,WK,2025-03-17T00:00:00,0001000051,Z100,Z02,ZAR
4500004128,AN,2025-07-13T00:00:00,0001000051,Z100,Z01,ZAR
4500004129,ZDOM,2025-08-19T00:00:00,0001000051,Z100,Z02,ZAR
4500004130,WK,2025-09-06T00:00:00,0001000051,Z100,Z03,ZAR
4500004131,WK,2025-10-31T00:00:00,0001000051,Z100,Z03,ZAR
4500004132,AN,2026-02-28T00:00:00,0001000051,Z100,Z02,ZAR
4500004133,AN,2026-03-31T00:00:00,0001000051,Z100,Z03,ZAR
4500004134,AN,2026-04-25T00:00:00,0001000051,Z100,Z01,ZAR
4500004135,AN,2026-07-25T00:00:00,0001000051,Z100,Z03,ZAR
4500004136,AN,2026-09-01T00:00:00,0001000051,Z100,Z02,ZAR
4500004137,WK,2024-09-24T00:00:00,0001000040,Z100,Z02,ZAR
4500004138,AN,2024-11-15T00:00:00,0001000040,Z100,Z02,ZAR
4500004139,ZDOM,2025-03-29T00:00:00,0001000040,Z100,Z01,ZAR
4500004140,AN,2025-04-24T00:00:00,0001000040,Z100,Z02,ZAR
4500004141,WK,2025-08-10T00:00:00,0001000040,Z100,Z03,ZAR
4500004142,ZDOM,2025-11-06T00:00:00,0001000040,Z100,Z02,ZAR
4500004143,AN,2026-02-23T00:00:00,0001000040,Z100,Z02,ZAR
4500004144,ZDOM,2026-03-25T00:00:00,0001000040,Z100,Z01,ZAR
4500004145,AN,2024-10-28T00:00:00,0001000040,Z100,Z01,ZAR
4500004146,ZDOM,2025-07-30T00:00:00,0001000040,Z100,Z03,ZAR
4500004147,AN,2025-08-17T00:00:00,0001000040,Z100,Z03,ZAR
4500004148,AN,2026-05-29T00:00:00,0001000040,Z100,Z03,ZAR
4500004149,WK,2026-07-02T00:00:00,0001000040,Z100,Z03,ZAR
4500004150,WK,2024-10-06T00:00:00,0001000007,Z100,Z03,ZAR
4500004151,WK,2024-10-30T00:00:00,0001000007,Z100,Z01,ZAR
4500004152,ZDOM,2025-04-11T00:00:00,0001000007,Z100,Z03,ZAR
4500004153,AN,2024-12-11T00:00:00,0001000007,Z100,Z03,ZAR
4500004154,WK,2025-11-09T00:00:00,0001000007,Z100,Z01,ZAR
4500004155,WK,2025-09-18T00:00:00,0001000059,Z100,Z03,ZAR
4500004156,WK,2026-07-24T00:00:00,0001000059,Z100,Z02,ZAR
4500004157,ZDOM,2024-10-27T00:00:00,0001000012,Z100,Z01,ZAR
4500004158,AN,2025-03-19T00:00:00,0001000012,Z100,Z03,ZAR
4500004159,WK,2025-04-13T00:00:00,0001000012,Z100,Z01,ZAR
4500004160,WK,2026-02-19T00:00:00,0001000012,Z100,Z02,ZAR
4500004161,AN,2026-06-08T00:00:00,0001000012,Z100,Z01,ZAR
4500004162,ZDOM,2024-09-24T00:00:00,0001000002,Z100,Z03,ZAR
4500004163,ZDOM,2024-10-19T00:00:00,0001000002,Z100,Z02,ZAR
4500004164,AN,2025-04-06T00:00:00,0001000002,Z100,Z03,ZAR
4500004165,ZDOM,2025-12-03T00:00:00,0001000002,Z100,Z02,ZAR
4500004166,ZDOM,2026-06-26T00:00:00,0001000002,Z100,Z02,ZAR
4500004167,WK,2025-02-17T00:00:00,0001000021,Z100,Z01,ZAR
4500004168,WK,2025-05-04T00:00:00,0001000021,Z100,Z01,ZAR
4500004169,AN,2026-06-21T00:00:00,0001000021,Z100,Z02,ZAR
4500004170,WK,2026-08-16T00:00:00,0001000021,Z100,Z03,ZAR
4500004171,WK,2024-10-06T00:00:00,0001000054,Z100,Z03,ZAR
4500004172,ZDOM,2024-11-17T00:00:00,0001000054,Z100,Z02,ZAR
4500004173,AN,2025-05-29T00:00:00,0001000054,Z100,Z01,ZAR
4500004174,AN,2025-12-03T00:00:00,0001000054,Z100,Z01,ZAR
4500004175,ZDOM,2026-03-30T00:00:00,0001000054,Z100,Z03,ZAR
4500004176,WK,2024-09-19T00:00:00,0001000054,Z100,Z01,ZAR
4500004177,AN,2024-10-11T00:00:00,0001000054,Z100,Z02,ZAR
4500004178,AN,2025-04-06T00:00:00,0001000054,Z100,Z01,ZAR
4500004179,ZDOM,2025-05-10T00:00:00,0001000054,Z100,Z02,ZAR
4500004180,ZDOM,2025-07-22T00:00:00,0001000054,Z100,Z03,ZAR
4500004181,ZDOM,2025-11-20T00:00:00,0001000054,Z100,Z03,ZAR
4500004182,WK,2026-05-30T00:00:00,0001000054,Z100,Z01,ZAR
4500004183,ZDOM,2026-06-26T00:00:00,0001000054,Z100,Z02,ZAR
4500004184,WK,2025-03-12T00:00:00,0001000052,Z100,Z01,ZAR
4500004185,ZDOM,2025-05-11T00:00:00,0001000052,Z100,Z01,ZAR
4500004186,ZDOM,2025-05-24T00:00:00,0001000052,Z100,Z03,ZAR
4500004187,WK,2025-09-08T00:00:00,0001000052,Z100,Z02,ZAR
4500004188,AN,2025-12-01T00:00:00,0001000052,Z100,Z01,ZAR
4500004189,ZDOM,2026-02-20T00:00:00,0001000052,Z100,Z03,ZAR
4500004190,ZDOM,2026-03-12T00:00:00,0001000052,Z100,Z01,ZAR
4500004191,AN,2026-08-27T00:00:00,0001000052,Z100,Z02,ZAR
4500004192,WK,2024-11-11T00:00:00,0001000005,Z100,Z03,ZAR
4500004193,ZDOM,2024-12-03T00:00:00,0001000005,Z100,Z02,ZAR
4500004194,ZDOM,2025-06-23T00:00:00,0001000005,Z100,Z03,ZAR
4500004195,WK,2026-01-21T00:00:00,0001000005,Z100,Z02,ZAR
4500004196,ZDOM,2026-03-08T00:00:00,0001000005,Z100,Z03,ZAR
4500004197,AN,2025-09-08T00:00:00,0001000019,Z100,Z01,ZAR
4500004198,WK,2025-12-22T00:00:00,0001000019,Z100,Z03,ZAR
4500004199,WK,2026-01-24T00:00:00,0001000019,Z100,Z02,ZAR
4500004200,WK,2024-11-28T00:00:00,0001000006,Z100,Z01,ZAR
4500004201,ZDOM,2025-11-04T00:00:00,0001000006,Z100,Z01,ZAR
4500004202,AN,2026-03-13T00:00:00,0001000006,Z100,Z01,ZAR
4500004203,WK,2026-05-09T00:00:00,0001000006,Z100,Z03,ZAR
4500004204,WK,2026-07-03T00:00:00,0001000006,Z100,Z01,ZAR
4500004205,WK,2024-10-31T00:00:00,0001000006,Z100,Z02,ZAR
4500004206,WK,2025-05-03T00:00:00,0001000006,Z100,Z03,ZAR
4500004207,ZDOM,2025-10-20T00:00:00,0001000006,Z100,Z02,ZAR
4500004208,ZDOM,2026-02-08T00:00:00,0001000006,Z100,Z02,ZAR
4500004209,AN,2026-07-10T00:00:00,0001000006,Z100,Z01,ZAR
4500004210,ZDOM,2024-09-23T00:00:00,0001000039,Z100,Z01,ZAR
4500004211,ZDOM,2024-11-25T00:00:00,0001000039,Z100,Z01,ZAR
4500004212,WK,2025-06-12T00:00:00,0001000039,Z100,Z03,ZAR
4500004213,ZDOM,2025-09-19T00:00:00,0001000039,Z100,Z01,ZAR
4500004214,AN,2026-04-02T00:00:00,0001000039,Z100,Z01,ZAR
4500004215,ZDOM,2026-06-21T00:00:00,0001000039,Z100,Z02,ZAR
4500004216,AN,2026-04-24T00:00:00,0001000002,Z100,Z01,ZAR
4500004217,AN,2024-10-14T00:00:00,0001000038,Z100,Z01,ZAR
4500004218,ZDOM,2024-11-27T00:00:00,0001000038,Z100,Z02,ZAR
4500004219,WK,2025-01-21T00:00:00,0001000038,Z100,Z03,ZAR
4500004220,AN,2025-08-12T00:00:00,0001000038,Z100,Z03,ZAR
4500004221,WK,2025-09-22T00:00:00,0001000038,Z100,Z02,ZAR
4500004222,WK,2026-02-28T00:00:00,0001000038,Z100,Z01,ZAR
4500004223,ZDOM,2026-07-21T00:00:00,0001000038,Z100,Z01,ZAR
4500004224,AN,2024-09-15T00:00:00,0001000018,Z100,Z02,ZAR
4500004225,AN,2025-09-09T00:00:00,0001000018,Z100,Z01,ZAR
4500004226,WK,2026-07-18T00:00:00,0001000018,Z100,Z01,ZAR
4500004227,WK,2026-08-19T00:00:00,0001000018,Z100,Z01,ZAR
4500004228,AN,2024-09-28T00:00:00,0001000018,Z100,Z02,ZAR
4500004229,ZDOM,2025-02-26T00:00:00,0001000018,Z100,Z01,ZAR
4500004230,ZDOM,2026-01-30T00:00:00,0001000018,Z100,Z01,ZAR
4500004231,ZDOM,2026-08-09T00:00:00,0001000018,Z100,Z02,ZAR
4500004232,AN,2025-06-22T00:00:00,0001000039,Z100,Z02,ZAR
4500004233,AN,2025-08-21T00:00:00,0001000039,Z100,Z01,ZAR
4500004234,AN,2025-12-15T00:00:00,0001000039,Z100,Z02,ZAR
4500004235,ZDOM,2026-03-20T00:00:00,0001000039,Z100,Z02,ZAR
4500004236,WK,2026-08-05T00:00:00,0001000039,Z100,Z03,ZAR
4500004237,WK,2024-10-21T00:00:00,0001000045,Z100,Z03,ZAR
4500004238,AN,2024-11-22T00:00:00,0001000045,Z100,Z03,ZAR
4500004239,WK,2025-06-23T00:00:00,0001000045,Z100,Z03,ZAR
4500004240,ZDOM,2026-05-23T00:00:00,0001000045,Z100,Z01,ZAR
4500004241,ZDOM,2024-10-11T00:00:00,0001000045,Z100,Z02,ZAR
4500004242,AN,2025-04-29T00:00:00,0001000045,Z100,Z03,ZAR
4500004243,AN,2025-06-15T00:00:00,0001000045,Z100,Z01,ZAR
4500004244,ZDOM,2025-09-10T00:00:00,0001000045,Z100,Z01,ZAR
4500004245,AN,2026-07-18T00:00:00,0001000045,Z100,Z02,ZAR
4500004246,WK,2024-10-18T00:00:00,0001000013,Z100,Z03,ZAR
4500004247,ZDOM,2025-04-25T00:00:00,0001000013,Z100,Z03,ZAR
4500004248,WK,2025-10-04T00:00:00,0001000013,Z100,Z02,ZAR
4500004249,AN,2025-10-15T00:00:00,0001000013,Z100,Z03,ZAR
4500004250,WK,2026-04-16T00:00:00,0001000013,Z100,Z01,ZAR
4500004251,ZDOM,2026-05-10T00:00:00,0001000013,Z100,Z02,ZAR
4500004252,AN,2024-11-11T00:00:00,0001000008,Z100,Z01,ZAR
4500004253,WK,2025-01-26T00:00:00,0001000008,Z100,Z03,ZAR
4500004254,AN,2025-04-23T00:00:00,0001000008,Z100,Z02,ZAR
4500004255,WK,2025-08-19T00:00:00,0001000008,Z100,Z03,ZAR
4500004256,WK,2025-10-11T00:00:00,0001000008,Z100,Z03,ZAR
4500004257,WK,2025-12-04T00:00:00,0001000008,Z100,Z03,ZAR
4500004258,WK,2026-03-22T00:00:00,0001000008,Z100,Z01,ZAR
4500004259,ZDOM,2026-04-23T00:00:00,0001000008,Z100,Z01,ZAR
4500004260,WK,2024-09-16T00:00:00,0001000032,Z100,Z01,ZAR
4500004261,ZDOM,2024-10-28T00:00:00,0001000032,Z100,Z02,ZAR
4500004262,WK,2025-11-14T00:00:00,0001000032,Z100,Z01,ZAR
4500004263,ZDOM,2024-11-20T00:00:00,0001000053,Z100,Z02,ZAR
4500004264,WK,2025-05-30T00:00:00,0001000053,Z100,Z02,ZAR
4500004265,ZDOM,2025-07-03T00:00:00,0001000053,Z100,Z02,ZAR
4500004266,WK,2025-07-20T00:00:00,0001000053,Z100,Z03,ZAR
4500004267,WK,2026-03-12T00:00:00,0001000053,Z100,Z03,ZAR
4500004268,ZDOM,2024-09-26T00:00:00,0001000058,Z100,Z01,ZAR
4500004269,ZDOM,2025-03-27T00:00:00,0001000058,Z100,Z03,ZAR
4500004270,WK,2025-08-24T00:00:00,0001000058,Z100,Z01,ZAR
4500004271,WK,2026-01-23T00:00:00,0001000058,Z100,Z02,ZAR
4500004272,AN,2024-09-13T00:00:00,0001000014,Z100,Z03,ZAR
4500004273,ZDOM,2024-10-09T00:00:00,0001000014,Z100,Z02,ZAR
4500004274,AN,2024-12-02T00:00:00,0001000014,Z100,Z01,ZAR
4500004275,AN,2024-12-24T00:00:00,0001000014,Z100,Z03,ZAR
4500004276,AN,2025-05-17T00:00:00,0001000014,Z100,Z03,ZAR
4500004277,AN,2025-09-25T00:00:00,0001000014,Z100,Z03,ZAR
4500004278,AN,2026-05-24T00:00:00,0001000014,Z100,Z03,ZAR
4500004279,WK,2024-09-16T00:00:00,0001000004,Z100,Z02,ZAR
4500004280,ZDOM,2024-12-26T00:00:00,0001000004,Z100,Z02,ZAR
4500004281,WK,2025-01-17T00:00:00,0001000004,Z100,Z03,ZAR
4500004282,ZDOM,2025-09-28T00:00:00,0001000004,Z100,Z02,ZAR
4500004283,ZDOM,2026-03-29T00:00:00,0001000004,Z100,Z03,ZAR
4500004284,AN,2024-11-05T00:00:00,0001000022,Z100,Z01,ZAR
4500004285,WK,2024-11-13T00:00:00,0001000022,Z100,Z03,ZAR
4500004286,WK,2026-02-07T00:00:00,0001000022,Z100,Z03,ZAR
4500004287,WK,2024-09-18T00:00:00,0001000025,Z100,Z03,ZAR
4500004288,ZDOM,2024-11-22T00:00:00,0001000025,Z100,Z01,ZAR
4500004289,WK,2025-03-26T00:00:00,0001000025,Z100,Z03,ZAR
4500004290,WK,2025-04-13T00:00:00,0001000025,Z100,Z03,ZAR
4500004291,AN,2024-09-06T00:00:00,0001000034,Z100,Z03,ZAR
4500004292,ZDOM,2025-02-01T00:00:00,0001000034,Z100,Z01,ZAR
4500004293,AN,2025-02-09T00:00:00,0001000034,Z100,Z02,ZAR
4500004294,AN,2025-07-20T00:00:00,0001000034,Z100,Z02,ZAR
4500004295,ZDOM,2025-12-25T00:00:00,0001000034,Z100,Z01,ZAR
4500004296,WK,2026-04-16T00:00:00,0001000034,Z100,Z01,ZAR
4500004297,ZDOM,2024-10-02T00:00:00,0001000034,Z100,Z01,ZAR
4500004298,WK,2024-12-27T00:00:00,0001000034,Z100,Z02,ZAR
4500004299,WK,2025-04-11T00:00:00,0001000034,Z100,Z03,ZAR
4500004300,ZDOM,2025-05-28T00:00:00,0001000034,Z100,Z01,ZAR
4500004301,WK,2025-08-29T00:00:00,0001000034,Z100,Z01,ZAR
4500004302,WK,2025-11-06T00:00:00,0001000034,Z100,Z03,ZAR
4500004303,WK,2026-01-12T00:00:00,0001000034,Z100,Z03,ZAR
4500004304,AN,2026-02-09T00:00:00,0001000034,Z100,Z03,ZAR
4500004305,ZDOM,2026-05-29T00:00:00,0001000034,Z100,Z02,ZAR
4500004306,ZDOM,2026-09-02T00:00:00,0001000034,Z100,Z02,ZAR
4500004307,WK,2024-09-10T00:00:00,0001000028,Z100,Z01,ZAR
4500004308,WK,2025-02-27T00:00:00,0001000028,Z100,Z03,ZAR
4500004309,AN,2025-10-13T00:00:00,0001000028,Z100,Z01,ZAR
4500004310,AN,2026-02-26T00:00:00,0001000028,Z100,Z01,ZAR
4500004311,ZDOM,2026-03-21T00:00:00,0001000028,Z100,Z03,ZAR
4500004312,WK,2026-05-02T00:00:00,0001000028,Z100,Z02,ZAR
4500004313,WK,2025-11-10T00:00:00,0001000046,Z100,Z02,ZAR
4500004314,AN,2026-02-09T00:00:00,0001000046,Z100,Z01,ZAR
4500004315,ZDOM,2024-10-12T00:00:00,0001000045,Z100,Z03,ZAR
4500004316,ZDOM,2025-08-10T00:00:00,0001000045,Z100,Z01,ZAR
4500004317,WK,2026-05-12T00:00:00,0001000045,Z100,Z02,ZAR
4500004318,AN,2024-09-25T00:00:00,0001000018,Z100,Z01,ZAR
4500004319,WK,2024-10-29T00:00:00,0001000018,Z100,Z03,ZAR
4500004320,ZDOM,2025-06-10T00:00:00,0001000018,Z100,Z01,ZAR
4500004321,ZDOM,2025-12-06T00:00:00,0001000018,Z100,Z03,ZAR
4500004322,AN,2026-03-06T00:00:00,0001000018,Z100,Z03,ZAR
4500004323,WK,2026-08-13T00:00:00,0001000018,Z100,Z01,ZAR
4500004324,ZDOM,2024-09-18T00:00:00,0001000018,Z100,Z01,ZAR
4500004325,ZDOM,2025-04-06T00:00:00,0001000018,Z100,Z03,ZAR
4500004326,AN,2025-04-10T00:00:00,0001000018,Z100,Z01,ZAR
4500004327,WK,2025-10-14T00:00:00,0001000018,Z100,Z01,ZAR
4500004328,AN,2025-11-11T00:00:00,0001000018,Z100,Z01,ZAR
4500004329,WK,2026-05-31T00:00:00,0001000018,Z100,Z01,ZAR
4500004330,WK,2026-09-07T00:00:00,0001000018,Z100,Z02,ZAR
4500004331,AN,2024-09-21T00:00:00,0001000054,Z100,Z01,ZAR
4500004332,ZDOM,2025-02-07T00:00:00,0001000054,Z100,Z02,ZAR
4500004333,ZDOM,2025-07-30T00:00:00,0001000054,Z100,Z03,ZAR
4500004334,WK,2026-03-03T00:00:00,0001000054,Z100,Z03,ZAR
4500004335,AN,2026-04-05T00:00:00,0001000054,Z100,Z02,ZAR
4500004336,AN,2026-07-31T00:00:00,0001000054,Z100,Z03,ZAR
4500004337,WK,2024-12-30T00:00:00,0001000015,Z100,Z01,ZAR
4500004338,ZDOM,2025-08-06T00:00:00,0001000015,Z100,Z03,ZAR
4500004339,WK,2024-09-28T00:00:00,0001000003,Z100,Z02,ZAR
4500004340,WK,2025-03-08T00:00:00,0001000003,Z100,Z02,ZAR
4500004341,WK,2024-10-18T00:00:00,0001000004,Z100,Z03,ZAR
4500004342,AN,2024-12-17T00:00:00,0001000004,Z100,Z01,ZAR
4500004343,AN,2025-02-10T00:00:00,0001000004,Z100,Z03,ZAR
4500004344,ZDOM,2025-04-04T00:00:00,0001000004,Z100,Z01,ZAR
4500004345,AN,2025-05-06T00:00:00,0001000004,Z100,Z03,ZAR
4500004346,ZDOM,2025-08-25T00:00:00,0001000004,Z100,Z02,ZAR
4500004347,ZDOM,2025-10-02T00:00:00,0001000004,Z100,Z01,ZAR
4500004348,ZDOM,2025-10-31T00:00:00,0001000004,Z100,Z02,ZAR
4500004349,WK,2025-12-20T00:00:00,0001000054,Z100,Z03,ZAR
4500004350,ZDOM,2026-01-09T00:00:00,0001000054,Z100,Z02,ZAR
4500004351,ZDOM,2024-09-18T00:00:00,0001000034,Z100,Z01,ZAR
4500004352,WK,2024-10-07T00:00:00,0001000034,Z100,Z02,ZAR
4500004353,WK,2026-01-22T00:00:00,0001000034,Z100,Z01,ZAR
4500004354,ZDOM,2024-10-09T00:00:00,0001000049,Z100,Z02,ZAR
4500004355,ZDOM,2025-10-15T00:00:00,0001000049,Z100,Z02,ZAR
4500004356,ZDOM,2026-02-23T00:00:00,0001000054,Z100,Z01,ZAR
4500004357,ZDOM,2025-08-02T00:00:00,0001000054,Z100,Z01,ZAR
4500004358,WK,2025-08-06T00:00:00,0001000054,Z100,Z02,ZAR
4500004359,AN,2026-03-14T00:00:00,0001000054,Z100,Z02,ZAR
4500004360,AN,2024-09-14T00:00:00,0001000020,Z100,Z02,ZAR
4500004361,ZDOM,2024-12-24T00:00:00,0001000020,Z100,Z03,ZAR
4500004362,WK,2025-01-26T00:00:00,0001000020,Z100,Z02,ZAR
4500004363,AN,2025-08-16T00:00:00,0001000020,Z100,Z01,ZAR
4500004364,AN,2026-05-30T00:00:00,0001000020,Z100,Z02,ZAR
4500004365,AN,2024-10-06T00:00:00,0001000020,Z100,Z02,ZAR
4500004366,WK,2024-11-05T00:00:00,0001000020,Z100,Z03,ZAR
4500004367,AN,2024-12-22T00:00:00,0001000020,Z100,Z01,ZAR
4500004368,AN,2025-01-19T00:00:00,0001000020,Z100,Z02,ZAR
4500004369,AN,2025-07-19T00:00:00,0001000020,Z100,Z03,ZAR
4500004370,ZDOM,2026-03-22T00:00:00,0001000020,Z100,Z01,ZAR
4500004371,AN,2026-09-07T00:00:00,0001000020,Z100,Z01,ZAR
4500004372,WK,2025-03-31T00:00:00,0001000024,Z100,Z01,ZAR
4500004373,AN,2025-07-27T00:00:00,0001000024,Z100,Z02,ZAR
4500004374,AN,2025-08-29T00:00:00,0001000024,Z100,Z03,ZAR
4500004375,WK,2026-02-20T00:00:00,0001000024,Z100,Z03,ZAR
4500004376,WK,2024-11-06T00:00:00,0001000024,Z100,Z01,ZAR
4500004377,AN,2025-08-18T00:00:00,0001000024,Z100,Z01,ZAR
4500004378,AN,2025-12-27T00:00:00,0001000024,Z100,Z03,ZAR
4500004379,AN,2026-02-08T00:00:00,0001000024,Z100,Z01,ZAR
4500004380,WK,2026-02-18T00:00:00,0001000024,Z100,Z03,ZAR
4500004381,AN,2026-04-15T00:00:00,0001000024,Z100,Z02,ZAR
4500004382,WK,2026-06-05T00:00:00,0001000024,Z100,Z03,ZAR
4500004383,ZDOM,2026-06-26T00:00:00,0001000024,Z100,Z03,ZAR
4500004384,ZDOM,2026-07-10T00:00:00,0001000024,Z100,Z03,ZAR
4500004385,WK,2026-08-24T00:00:00,0001000024,Z100,Z02,ZAR
4500004386,WK,2026-05-13T00:00:00,0001000014,Z100,Z03,ZAR
4500004387,WK,2024-11-01T00:00:00,0001000047,Z100,Z02,ZAR
4500004388,WK,2025-07-19T00:00:00,0001000047,Z100,Z03,ZAR
4500004389,WK,2026-02-12T00:00:00,0001000047,Z100,Z03,ZAR
4500004390,ZDOM,2026-08-17T00:00:00,0001000047,Z100,Z01,ZAR
4500004391,AN,2024-10-02T00:00:00,0001000003,Z100,Z01,ZAR
4500004392,AN,2024-11-29T00:00:00,0001000003,Z100,Z01,ZAR
4500004393,AN,2025-05-24T00:00:00,0001000003,Z100,Z03,ZAR
4500004394,WK,2025-07-16T00:00:00,0001000003,Z100,Z01,ZAR
4500004395,AN,2025-08-31T00:00:00,0001000003,Z100,Z02,ZAR
4500004396,ZDOM,2025-09-18T00:00:00,0001000003,Z100,Z02,ZAR
4500004397,AN,2025-12-15T00:00:00,0001000003,Z100,Z02,ZAR
4500004398,WK,2026-03-20T00:00:00,0001000003,Z100,Z02,ZAR
4500004399,ZDOM,2026-04-22T00:00:00,0001000003,Z100,Z02,ZAR
4500004400,ZDOM,2026-08-26T00:00:00,0001000003,Z100,Z02,ZAR
4500004401,WK,2024-11-16T00:00:00,0001000019,Z100,Z01,ZAR
4500004402,ZDOM,2025-07-10T00:00:00,0001000019,Z100,Z03,ZAR
4500004403,AN,2025-08-28T00:00:00,0001000019,Z100,Z01,ZAR
4500004404,ZDOM,2026-03-11T00:00:00,0001000019,Z100,Z01,ZAR
4500004405,AN,2026-04-13T00:00:00,0001000019,Z100,Z03,ZAR
4500004406,ZDOM,2024-10-01T00:00:00,0001000050,Z100,Z02,ZAR
4500004407,WK,2024-10-22T00:00:00,0001000050,Z100,Z02,ZAR
4500004408,ZDOM,2024-11-16T00:00:00,0001000050,Z100,Z02,ZAR
4500004409,ZDOM,2025-09-02T00:00:00,0001000050,Z100,Z01,ZAR
4500004410,AN,2026-06-07T00:00:00,0001000050,Z100,Z03,ZAR
4500004411,WK,2024-09-23T00:00:00,0001000038,Z100,Z03,ZAR
4500004412,ZDOM,2025-10-31T00:00:00,0001000038,Z100,Z02,ZAR
4500004413,WK,2025-11-28T00:00:00,0001000038,Z100,Z03,ZAR
4500004414,ZDOM,2026-08-18T00:00:00,0001000038,Z100,Z03,ZAR
4500004415,WK,2025-01-20T00:00:00,0001000018,Z100,Z01,ZAR
4500004416,ZDOM,2025-03-20T00:00:00,0001000018,Z100,Z01,ZAR
4500004417,AN,2025-04-23T00:00:00,0001000018,Z100,Z03,ZAR
4500004418,ZDOM,2025-08-07T00:00:00,0001000018,Z100,Z02,ZAR
4500004419,AN,2026-03-19T00:00:00,0001000018,Z100,Z02,ZAR
4500004420,AN,2025-03-02T00:00:00,0001000004,Z100,Z03,ZAR
4500004421,WK,2025-03-17T00:00:00,0001000004,Z100,Z01,ZAR
4500004422,AN,2025-05-19T00:00:00,0001000004,Z100,Z02,ZAR
4500004423,WK,2026-02-21T00:00:00,0001000004,Z100,Z03,ZAR
4500004424,ZDOM,2026-07-10T00:00:00,0001000004,Z100,Z02,ZAR
4500004425,ZDOM,2024-09-30T00:00:00,0001000029,Z100,Z03,ZAR
4500004426,ZDOM,2025-01-16T00:00:00,0001000029,Z100,Z02,ZAR
4500004427,ZDOM,2025-02-24T00:00:00,0001000029,Z100,Z03,ZAR
4500004428,ZDOM,2026-01-16T00:00:00,0001000029,Z100,Z01,ZAR
4500004429,WK,2026-06-06T00:00:00,0001000029,Z100,Z02,ZAR
4500004430,ZDOM,2026-06-25T00:00:00,0001000029,Z100,Z03,ZAR
4500004431,WK,2024-10-03T00:00:00,0001000029,Z100,Z01,ZAR
4500004432,WK,2025-02-26T00:00:00,0001000029,Z100,Z01,ZAR
4500004433,ZDOM,2025-07-21T00:00:00,0001000029,Z100,Z01,ZAR
4500004434,AN,2026-01-01T00:00:00,0001000029,Z100,Z01,ZAR
4500004435,WK,2024-12-07T00:00:00,0001000009,Z100,Z01,ZAR
4500004436,AN,2025-08-10T00:00:00,0001000009,Z100,Z03,ZAR
4500004437,WK,2025-09-17T00:00:00,0001000009,Z100,Z02,ZAR
4500004438,WK,2026-02-14T00:00:00,0001000009,Z100,Z03,ZAR
4500004439,WK,2026-07-12T00:00:00,0001000009,Z100,Z03,ZAR
4500004440,WK,2026-09-06T00:00:00,0001000009,Z100,Z02,ZAR
4500004441,AN,2024-09-09T00:00:00,0001000010,Z100,Z02,ZAR
4500004442,ZDOM,2024-12-03T00:00:00,0001000010,Z100,Z01,ZAR
4500004443,WK,2025-10-02T00:00:00,0001000010,Z100,Z02,ZAR
4500004444,ZDOM,2026-04-09T00:00:00,0001000010,Z100,Z01,ZAR
4500004445,AN,2026-09-07T00:00:00,0001000010,Z100,Z01,ZAR
4500004446,ZDOM,2025-12-26T00:00:00,0001000027,Z100,Z03,ZAR
4500004447,ZDOM,2026-03-19T00:00:00,0001000027,Z100,Z02,ZAR
4500004448,WK,2024-11-08T00:00:00,0001000004,Z100,Z01,ZAR
4500004449,WK,2025-03-06T00:00:00,0001000004,Z100,Z02,ZAR
4500004450,ZDOM,2025-05-31T00:00:00,0001000004,Z100,Z02,ZAR
4500004451,WK,2025-07-31T00:00:00,0001000004,Z100,Z01,ZAR
4500004452,ZDOM,2026-07-23T00:00:00,0001000004,Z100,Z01,ZAR
4500004453,ZDOM,2024-09-16T00:00:00,0001000004,Z100,Z01,ZAR
4500004454,WK,2024-11-04T00:00:00,0001000004,Z100,Z01,ZAR
4500004455,WK,2025-01-07T00:00:00,0001000004,Z100,Z03,ZAR
4500004456,ZDOM,2025-03-07T00:00:00,0001000004,Z100,Z02,ZAR
4500004457,AN,2025-06-22T00:00:00,0001000004,Z100,Z02,ZAR
4500004458,ZDOM,2025-08-17T00:00:00,0001000004,Z100,Z01,ZAR
4500004459,ZDOM,2025-09-25T00:00:00,0001000004,Z100,Z02,ZAR
4500004460,ZDOM,2026-01-08T00:00:00,0001000004,Z100,Z03,ZAR
4500004461,WK,2026-02-22T00:00:00,0001000004,Z100,Z02,ZAR
4500004462,AN,2026-03-20T00:00:00,0001000004,Z100,Z03,ZAR
4500004463,AN,2026-04-30T00:00:00,0001000004,Z100,Z01,ZAR
4500004464,ZDOM,2026-06-18T00:00:00,0001000004,Z100,Z02,ZAR
4500004465,WK,2024-12-03T00:00:00,0001000020,Z100,Z02,ZAR
4500004466,ZDOM,2025-06-19T00:00:00,0001000020,Z100,Z03,ZAR
4500004467,AN,2026-02-13T00:00:00,0001000020,Z100,Z01,ZAR
4500004468,AN,2024-11-22T00:00:00,0001000046,Z100,Z03,ZAR
4500004469,AN,2025-03-16T00:00:00,0001000046,Z100,Z01,ZAR
4500004470,ZDOM,2025-06-21T00:00:00,0001000046,Z100,Z03,ZAR
4500004471,AN,2025-07-18T00:00:00,0001000046,Z100,Z02,ZAR
4500004472,ZDOM,2025-10-15T00:00:00,0001000046,Z100,Z03,ZAR
4500004473,WK,2026-06-02T00:00:00,0001000046,Z100,Z03,ZAR
4500004474,WK,2024-10-24T00:00:00,0001000015,Z100,Z01,ZAR
4500004475,ZDOM,2025-02-05T00:00:00,0001000015,Z100,Z01,ZAR
4500004476,WK,2025-05-06T00:00:00,0001000015,Z100,Z01,ZAR
4500004477,ZDOM,2025-06-06T00:00:00,0001000015,Z100,Z03,ZAR
4500004478,WK,2025-12-27T00:00:00,0001000015,Z100,Z02,ZAR
4500004479,ZDOM,2026-01-17T00:00:00,0001000015,Z100,Z02,ZAR
4500004480,AN,2026-04-30T00:00:00,0001000015,Z100,Z02,ZAR
4500004481,WK,2024-10-08T00:00:00,0001000056,Z100,Z02,ZAR
4500004482,AN,2025-02-26T00:00:00,0001000056,Z100,Z01,ZAR
4500004483,ZDOM,2025-11-29T00:00:00,0001000056,Z100,Z02,ZAR
4500004484,AN,2026-08-06T00:00:00,0001000056,Z100,Z01,ZAR
4500004485,WK,2026-08-27T00:00:00,0001000056,Z100,Z02,ZAR
4500004486,ZDOM,2025-02-20T00:00:00,0001000032,Z100,Z03,ZAR
4500004487,AN,2025-03-27T00:00:00,0001000032,Z100,Z03,ZAR
4500004488,AN,2025-09-26T00:00:00,0001000032,Z100,Z02,ZAR
4500004489,AN,2026-04-10T00:00:00,0001000032,Z100,Z01,ZAR
4500004490,AN,2026-06-10T00:00:00,0001000032,Z100,Z02,ZAR
4500004491,WK,2024-09-25T00:00:00,0001000032,Z100,Z03,ZAR
4500004492,WK,2025-03-29T00:00:00,0001000032,Z100,Z02,ZAR
4500004493,ZDOM,2025-08-14T00:00:00,0001000032,Z100,Z01,ZAR
4500004494,ZDOM,2025-12-10T00:00:00,0001000032,Z100,Z03,ZAR
4500004495,ZDOM,2026-07-27T00:00:00,0001000032,Z100,Z03,ZAR
4500004496,WK,2026-08-23T00:00:00,0001000032,Z100,Z01,ZAR
4500004497,AN,2024-09-12T00:00:00,0001000002,Z100,Z02,ZAR
4500004498,AN,2025-07-31T00:00:00,0001000002,Z100,Z01,ZAR
4500004499,AN,2026-07-10T00:00:00,0001000002,Z100,Z03,ZAR
4500004500,ZDOM,2024-10-16T00:00:00,0001000001,Z100,Z03,ZAR
4500004501,AN,2024-11-13T00:00:00,0001000001,Z100,Z02,ZAR
4500004502,AN,2025-02-07T00:00:00,0001000001,Z100,Z02,ZAR
4500004503,WK,2025-04-02T00:00:00,0001000001,Z100,Z01,ZAR
4500004504,ZDOM,2025-10-04T00:00:00,0001000001,Z100,Z01,ZAR
4500004505,WK,2026-04-24T00:00:00,0001000001,Z100,Z02,ZAR
4500004506,WK,2026-06-08T00:00:00,0001000001,Z100,Z01,ZAR
4500004507,ZDOM,2024-09-24T00:00:00,0001000048,Z100,Z02,ZAR
4500004508,WK,2024-12-24T00:00:00,0001000048,Z100,Z03,ZAR
4500004509,ZDOM,2025-12-26T00:00:00,0001000048,Z100,Z03,ZAR
4500004510,AN,2026-05-15T00:00:00,0001000048,Z100,Z01,ZAR
4500004511,ZDOM,2026-07-27T00:00:00,0001000048,Z100,Z03,ZAR
4500004512,ZDOM,2026-09-05T00:00:00,0001000048,Z100,Z03,ZAR
4500004513,AN,2024-09-09T00:00:00,0001000048,Z100,Z03,ZAR
4500004514,AN,2025-03-20T00:00:00,0001000048,Z100,Z01,ZAR
4500004515,AN,2025-10-30T00:00:00,0001000048,Z100,Z01,ZAR
4500004516,ZDOM,2026-07-12T00:00:00,0001000048,Z100,Z02,ZAR
4500004517,ZDOM,2024-09-27T00:00:00,0001000019,Z100,Z01,ZAR
4500004518,ZDOM,2025-03-07T00:00:00,0001000019,Z100,Z03,ZAR
4500004519,ZDOM,2026-05-22T00:00:00,0001000019,Z100,Z01,ZAR
4500004520,WK,2024-12-16T00:00:00,0001000006,Z100,Z03,ZAR
4500004521,WK,2026-06-03T00:00:00,0001000006,Z100,Z03,ZAR
4500004522,AN,2024-09-26T00:00:00,0001000006,Z100,Z02,ZAR
4500004523,ZDOM,2024-10-29T00:00:00,0001000006,Z100,Z02,ZAR
4500004524,ZDOM,2025-07-15T00:00:00,0001000006,Z100,Z01,ZAR
4500004525,ZDOM,2026-06-26T00:00:00,0001000006,Z100,Z01,ZAR
4500004526,ZDOM,2024-09-19T00:00:00,0001000048,Z100,Z03,ZAR
4500004527,ZDOM,2024-12-18T00:00:00,0001000048,Z100,Z02,ZAR
4500004528,AN,2025-12-28T00:00:00,0001000048,Z100,Z02,ZAR
4500004529,ZDOM,2026-01-19T00:00:00,0001000048,Z100,Z03,ZAR
4500004530,AN,2024-10-06T00:00:00,0001000013,Z100,Z03,ZAR
4500004531,AN,2025-06-17T00:00:00,0001000013,Z100,Z01,ZAR
4500004532,AN,2026-07-25T00:00:00,0001000013,Z100,Z02,ZAR
4500004533,AN,2026-09-05T00:00:00,0001000013,Z100,Z01,ZAR
4500004534,AN,2024-10-10T00:00:00,0001000013,Z100,Z03,ZAR
4500004535,AN,2024-10-24T00:00:00,0001000013,Z100,Z01,ZAR
4500004536,AN,2024-11-26T00:00:00,0001000013,Z100,Z02,ZAR
4500004537,WK,2025-08-03T00:00:00,0001000013,Z100,Z03,ZAR
4500004538,WK,2026-02-11T00:00:00,0001000013,Z100,Z02,ZAR
4500004539,ZDOM,2024-12-09T00:00:00,0001000017,Z100,Z03,ZAR
4500004540,WK,2025-12-15T00:00:00,0001000017,Z100,Z02,ZAR
4500004541,AN,2024-11-14T00:00:00,0001000048,Z100,Z03,ZAR
4500004542,WK,2025-01-17T00:00:00,0001000048,Z100,Z03,ZAR
4500004543,AN,2025-02-04T00:00:00,0001000048,Z100,Z03,ZAR
4500004544,WK,2025-08-19T00:00:00,0001000048,Z100,Z01,ZAR
4500004545,AN,2025-09-10T00:00:00,0001000048,Z100,Z03,ZAR
4500004546,ZDOM,2024-11-23T00:00:00,0001000048,Z100,Z02,ZAR
4500004547,AN,2024-12-23T00:00:00,0001000048,Z100,Z02,ZAR
4500004548,WK,2025-06-19T00:00:00,0001000048,Z100,Z02,ZAR
4500004549,AN,2026-02-12T00:00:00,0001000048,Z100,Z02,ZAR
4500004550,AN,2026-03-20T00:00:00,0001000048,Z100,Z02,ZAR
4500004551,AN,2026-08-17T00:00:00,0001000048,Z100,Z03,ZAR
4500004552,AN,2024-09-08T00:00:00,0001000003,Z100,Z03,ZAR
4500004553,AN,2025-09-16T00:00:00,0001000003,Z100,Z02,ZAR
4500004554,WK,2026-01-09T00:00:00,0001000003,Z100,Z02,ZAR
4500004555,WK,2024-10-07T00:00:00,0001000003,Z100,Z02,ZAR
4500004556,AN,2025-08-05T00:00:00,0001000003,Z100,Z01,ZAR
4500004557,ZDOM,2024-09-18T00:00:00,0001000046,Z100,Z02,ZAR
4500004558,WK,2025-07-30T00:00:00,0001000046,Z100,Z03,ZAR
4500004559,ZDOM,2025-09-09T00:00:00,0001000046,Z100,Z02,ZAR
4500004560,AN,2025-10-27T00:00:00,0001000046,Z100,Z01,ZAR
4500004561,AN,2026-08-05T00:00:00,0001000046,Z100,Z03,ZAR
4500004562,WK,2024-09-13T00:00:00,0001000046,Z100,Z01,ZAR
4500004563,WK,2025-07-03T00:00:00,0001000046,Z100,Z01,ZAR
4500004564,ZDOM,2026-05-26T00:00:00,0001000046,Z100,Z02,ZAR
4500004565,ZDOM,2024-09-10T00:00:00,0001000058,Z100,Z02,ZAR
4500004566,ZDOM,2024-12-31T00:00:00,0001000058,Z100,Z03,ZAR
4500004567,ZDOM,2025-10-03T00:00:00,0001000058,Z100,Z03,ZAR
4500004568,ZDOM,2026-06-12T00:00:00,0001000058,Z100,Z03,ZAR
4500004569,WK,2024-10-30T00:00:00,0001000004,Z100,Z02,ZAR
4500004570,ZDOM,2025-10-03T00:00:00,0001000004,Z100,Z01,ZAR
4500004571,ZDOM,2025-12-19T00:00:00,0001000004,Z100,Z01,ZAR
4500004572,WK,2026-05-06T00:00:00,0001000004,Z100,Z02,ZAR
4500004573,WK,2026-05-28T00:00:00,0001000004,Z100,Z02,ZAR
4500004574,WK,2025-10-02T00:00:00,0001000018,Z100,Z01,ZAR
4500004575,WK,2026-04-23T00:00:00,0001000018,Z100,Z03,ZAR
4500004576,WK,2025-10-14T00:00:00,0001000018,Z100,Z02,ZAR
4500004577,WK,2025-12-09T00:00:00,0001000018,Z100,Z03,ZAR
4500004578,WK,2024-10-03T00:00:00,0001000023,Z100,Z03,ZAR
4500004579,WK,2024-12-18T00:00:00,0001000023,Z100,Z01,ZAR
4500004580,WK,2025-08-09T00:00:00,0001000023,Z100,Z03,ZAR
4500004581,AN,2025-09-19T00:00:00,0001000023,Z100,Z01,ZAR
4500004582,AN,2026-03-25T00:00:00,0001000023,Z100,Z02,ZAR
4500004583,AN,2026-06-12T00:00:00,0001000023,Z100,Z03,ZAR
4500004584,WK,2024-09-30T00:00:00,0001000023,Z100,Z01,ZAR
4500004585,WK,2025-02-03T00:00:00,0001000023,Z100,Z03,ZAR
4500004586,AN,2025-07-22T00:00:00,0001000023,Z100,Z01,ZAR
4500004587,AN,2026-02-17T00:00:00,0001000023,Z100,Z01,ZAR
4500004588,ZDOM,2024-09-14T00:00:00,0001000056,Z100,Z01,ZAR
4500004589,WK,2024-11-06T00:00:00,0001000056,Z100,Z02,ZAR
4500004590,AN,2025-01-17T00:00:00,0001000056,Z100,Z01,ZAR
4500004591,AN,2025-02-07T00:00:00,0001000056,Z100,Z01,ZAR
4500004592,AN,2025-07-31T00:00:00,0001000056,Z100,Z02,ZAR
4500004593,ZDOM,2025-12-10T00:00:00,0001000056,Z100,Z03,ZAR
4500004594,WK,2026-04-30T00:00:00,0001000056,Z100,Z02,ZAR
4500004595,AN,2026-08-28T00:00:00,0001000056,Z100,Z03,ZAR
4500004596,ZDOM,2024-12-28T00:00:00,0001000056,Z100,Z03,ZAR
4500004597,WK,2025-01-10T00:00:00,0001000056,Z100,Z03,ZAR
4500004598,AN,2025-05-02T00:00:00,0001000056,Z100,Z03,ZAR
4500004599,AN,2026-02-02T00:00:00,0001000056,Z100,Z01,ZAR
4500004600,AN,2026-02-22T00:00:00,0001000056,Z100,Z03,ZAR
4500004601,WK,2026-03-17T00:00:00,0001000056,Z100,Z01,ZAR
4500004602,WK,2026-07-24T00:00:00,0001000056,Z100,Z01,ZAR
4500004603,ZDOM,2024-09-23T00:00:00,0001000039,Z100,Z03,ZAR
4500004604,AN,2025-04-06T00:00:00,0001000039,Z100,Z02,ZAR
4500004605,WK,2025-04-24T00:00:00,0001000039,Z100,Z02,ZAR
4500004606,AN,2025-10-17T00:00:00,0001000039,Z100,Z02,ZAR
4500004607,AN,2024-09-25T00:00:00,0001000033,Z100,Z01,ZAR
4500004608,WK,2025-04-14T00:00:00,0001000033,Z100,Z02,ZAR
4500004609,AN,2025-05-05T00:00:00,0001000033,Z100,Z03,ZAR
4500004610,WK,2025-06-18T00:00:00,0001000033,Z100,Z02,ZAR
4500004611,ZDOM,2025-08-01T00:00:00,0001000033,Z100,Z01,ZAR
4500004612,AN,2025-08-05T00:00:00,0001000033,Z100,Z02,ZAR
4500004613,WK,2026-05-15T00:00:00,0001000033,Z100,Z03,ZAR
4500004614,ZDOM,2024-11-02T00:00:00,0001000033,Z100,Z02,ZAR
4500004615,AN,2025-03-10T00:00:00,0001000033,Z100,Z01,ZAR
4500004616,AN,2026-07-31T00:00:00,0001000033,Z100,Z01,ZAR
4500004617,ZDOM,2024-09-11T00:00:00,0001000042,Z100,Z03,ZAR
4500004618,AN,2025-04-04T00:00:00,0001000042,Z100,Z03,ZAR
4500004619,WK,2025-11-15T00:00:00,0001000042,Z100,Z01,ZAR
4500004620,WK,2026-05-29T00:00:00,0001000042,Z100,Z01,ZAR
4500004621,ZDOM,2024-09-17T00:00:00,0001000001,Z100,Z02,ZAR
4500004622,AN,2025-01-13T00:00:00,0001000001,Z100,Z03,ZAR
4500004623,WK,2025-07-14T00:00:00,0001000001,Z100,Z01,ZAR
4500004624,WK,2025-12-09T00:00:00,0001000001,Z100,Z02,ZAR
4500004625,AN,2026-04-20T00:00:00,0001000001,Z100,Z02,ZAR
4500004626,AN,2026-05-21T00:00:00,0001000001,Z100,Z01,ZAR
4500004627,WK,2024-09-03T00:00:00,0001000048,Z100,Z01,ZAR
4500004628,AN,2025-03-12T00:00:00,0001000048,Z100,Z02,ZAR
4500004629,AN,2025-12-05T00:00:00,0001000048,Z100,Z02,ZAR
4500004630,ZDOM,2026-01-07T00:00:00,0001000048,Z100,Z03,ZAR
4500004631,WK,2026-04-10T00:00:00,0001000048,Z100,Z02,ZAR
4500004632,ZDOM,2026-05-23T00:00:00,0001000048,Z100,Z02,ZAR
4500004633,WK,2026-08-21T00:00:00,0001000048,Z100,Z01,ZAR
4500004634,AN,2024-09-29T00:00:00,0001000029,Z100,Z02,ZAR
4500004635,WK,2024-12-10T00:00:00,0001000029,Z100,Z03,ZAR
4500004636,ZDOM,2025-01-26T00:00:00,0001000029,Z100,Z01,ZAR
4500004637,AN,2025-06-14T00:00:00,0001000029,Z100,Z02,ZAR
4500004638,WK,2025-07-31T00:00:00,0001000029,Z100,Z02,ZAR
4500004639,ZDOM,2025-10-19T00:00:00,0001000029,Z100,Z03,ZAR
4500004640,AN,2026-01-19T00:00:00,0001000029,Z100,Z02,ZAR
4500004641,WK,2026-03-20T00:00:00,0001000029,Z100,Z01,ZAR
4500004642,ZDOM,2026-08-23T00:00:00,0001000029,Z100,Z03,ZAR
4500004643,AN,2024-10-17T00:00:00,0001000041,Z100,Z03,ZAR
4500004644,AN,2024-12-11T00:00:00,0001000041,Z100,Z01,ZAR
4500004645,WK,2025-05-11T00:00:00,0001000041,Z100,Z02,ZAR
4500004646,ZDOM,2026-03-19T00:00:00,0001000041,Z100,Z02,ZAR
4500004647,ZDOM,2024-09-23T00:00:00,0001000040,Z100,Z03,ZAR
4500004648,AN,2024-10-29T00:00:00,0001000040,Z100,Z02,ZAR
4500004649,ZDOM,2025-04-13T00:00:00,0001000040,Z100,Z02,ZAR
4500004650,ZDOM,2026-04-04T00:00:00,0001000040,Z100,Z01,ZAR
4500004651,WK,2026-06-30T00:00:00,0001000040,Z100,Z02,ZAR
4500004652,AN,2024-09-30T00:00:00,0001000040,Z100,Z02,ZAR
4500004653,AN,2024-10-30T00:00:00,0001000040,Z100,Z01,ZAR
4500004654,WK,2025-03-04T00:00:00,0001000040,Z100,Z01,ZAR
4500004655,ZDOM,2026-06-12T00:00:00,0001000040,Z100,Z02,ZAR
4500004656,ZDOM,2026-07-10T00:00:00,0001000040,Z100,Z02,ZAR
4500004657,WK,2025-11-07T00:00:00,0001000054,Z100,Z03,ZAR
4500004658,AN,2026-07-17T00:00:00,0001000054,Z100,Z03,ZAR
4500004659,AN,2024-10-26T00:00:00,0001000036,Z100,Z01,ZAR
4500004660,AN,2025-04-17T00:00:00,0001000036,Z100,Z03,ZAR
4500004661,ZDOM,2026-06-23T00:00:00,0001000036,Z100,Z03,ZAR
4500004662,AN,2024-09-22T00:00:00,0001000034,Z100,Z01,ZAR
4500004663,AN,2025-03-25T00:00:00,0001000034,Z100,Z02,ZAR
4500004664,WK,2025-09-29T00:00:00,0001000034,Z100,Z02,ZAR
4500004665,AN,2026-01-13T00:00:00,0001000034,Z100,Z02,ZAR
4500004666,ZDOM,2026-08-10T00:00:00,0001000034,Z100,Z03,ZAR
4500004667,WK,2024-10-28T00:00:00,0001000034,Z100,Z02,ZAR
4500004668,WK,2025-06-15T00:00:00,0001000034,Z100,Z03,ZAR
4500004669,WK,2025-09-26T00:00:00,0001000034,Z100,Z03,ZAR
4500004670,AN,2024-10-17T00:00:00,0001000049,Z100,Z03,ZAR
4500004671,ZDOM,2025-02-11T00:00:00,0001000049,Z100,Z01,ZAR
4500004672,AN,2025-06-24T00:00:00,0001000049,Z100,Z02,ZAR
4500004673,WK,2025-10-31T00:00:00,0001000049,Z100,Z01,ZAR
4500004674,WK,2026-02-22T00:00:00,0001000049,Z100,Z01,ZAR
4500004675,WK,2026-03-12T00:00:00,0001000049,Z100,Z02,ZAR
4500004676,WK,2026-07-15T00:00:00,0001000049,Z100,Z02,ZAR
4500004677,ZDOM,2024-12-16T00:00:00,0001000049,Z100,Z01,ZAR
4500004678,WK,2025-05-15T00:00:00,0001000049,Z100,Z03,ZAR
4500004679,WK,2025-10-26T00:00:00,0001000049,Z100,Z03,ZAR
4500004680,ZDOM,2025-11-02T00:00:00,0001000049,Z100,Z03,ZAR
4500004681,WK,2026-04-12T00:00:00,0001000049,Z100,Z01,ZAR
4500004682,AN,2026-05-17T00:00:00,0001000049,Z100,Z01,ZAR
4500004683,ZDOM,2024-09-23T00:00:00,0001000015,Z100,Z01,ZAR
4500004684,ZDOM,2024-12-19T00:00:00,0001000015,Z100,Z03,ZAR
4500004685,AN,2025-01-22T00:00:00,0001000015,Z100,Z01,ZAR
4500004686,AN,2025-04-06T00:00:00,0001000015,Z100,Z02,ZAR
4500004687,ZDOM,2025-07-28T00:00:00,0001000015,Z100,Z01,ZAR
4500004688,WK,2025-09-26T00:00:00,0001000015,Z100,Z02,ZAR
4500004689,AN,2025-10-09T00:00:00,0001000015,Z100,Z03,ZAR
4500004690,AN,2026-02-06T00:00:00,0001000015,Z100,Z03,ZAR
4500004691,WK,2026-02-17T00:00:00,0001000015,Z100,Z02,ZAR
4500004692,WK,2026-04-01T00:00:00,0001000015,Z100,Z02,ZAR
4500004693,AN,2026-04-09T00:00:00,0001000015,Z100,Z03,ZAR
4500004694,ZDOM,2026-05-21T00:00:00,0001000015,Z100,Z02,ZAR
4500004695,AN,2024-09-13T00:00:00,0001000015,Z100,Z02,ZAR
4500004696,ZDOM,2025-02-04T00:00:00,0001000015,Z100,Z03,ZAR
4500004697,AN,2025-05-25T00:00:00,0001000015,Z100,Z02,ZAR
4500004698,AN,2025-09-23T00:00:00,0001000015,Z100,Z02,ZAR
4500004699,WK,2026-01-15T00:00:00,0001000015,Z100,Z02,ZAR
4500004700,WK,2026-07-11T00:00:00,0001000015,Z100,Z01,ZAR
4500004701,ZDOM,2024-10-29T00:00:00,0001000053,Z100,Z01,ZAR
4500004702,WK,2025-05-05T00:00:00,0001000053,Z100,Z02,ZAR
4500004703,ZDOM,2025-11-11T00:00:00,0001000053,Z100,Z02,ZAR
4500004704,AN,2026-06-16T00:00:00,0001000053,Z100,Z01,ZAR
4500004705,WK,2024-09-27T00:00:00,0001000038,Z100,Z03,ZAR
4500004706,ZDOM,2025-09-08T00:00:00,0001000038,Z100,Z02,ZAR
4500004707,AN,2025-10-10T00:00:00,0001000038,Z100,Z01,ZAR
4500004708,WK,2026-07-24T00:00:00,0001000038,Z100,Z02,ZAR
4500004709,AN,2026-08-04T00:00:00,0001000038,Z100,Z03,ZAR
4500004710,ZDOM,2024-09-28T00:00:00,0001000020,Z100,Z03,ZAR
4500004711,ZDOM,2024-10-15T00:00:00,0001000020,Z100,Z01,ZAR
4500004712,ZDOM,2025-06-15T00:00:00,0001000020,Z100,Z01,ZAR
4500004713,AN,2025-08-19T00:00:00,0001000020,Z100,Z01,ZAR
4500004714,WK,2026-03-07T00:00:00,0001000020,Z100,Z02,ZAR
4500004715,AN,2026-07-05T00:00:00,0001000020,Z100,Z01,ZAR
4500004716,AN,2024-09-13T00:00:00,0001000020,Z100,Z03,ZAR
4500004717,WK,2024-10-28T00:00:00,0001000020,Z100,Z01,ZAR
4500004718,WK,2024-12-07T00:00:00,0001000020,Z100,Z02,ZAR
4500004719,AN,2025-09-11T00:00:00,0001000020,Z100,Z03,ZAR
4500004720,ZDOM,2026-03-18T00:00:00,0001000020,Z100,Z02,ZAR
4500004721,AN,2026-09-06T00:00:00,0001000020,Z100,Z02,ZAR
4500004722,AN,2025-11-05T00:00:00,0001000006,Z100,Z02,ZAR
4500004723,WK,2025-11-30T00:00:00,0001000006,Z100,Z02,ZAR
4500004724,WK,2025-12-23T00:00:00,0001000006,Z100,Z01,ZAR
4500004725,ZDOM,2026-07-23T00:00:00,0001000006,Z100,Z02,ZAR
4500004726,WK,2024-09-28T00:00:00,0001000003,Z100,Z01,ZAR
4500004727,ZDOM,2025-10-03T00:00:00,0001000003,Z100,Z03,ZAR
4500004728,ZDOM,2024-11-02T00:00:00,0001000003,Z100,Z01,ZAR
4500004729,ZDOM,2025-03-14T00:00:00,0001000003,Z100,Z01,ZAR
4500004730,WK,2025-08-20T00:00:00,0001000003,Z100,Z03,ZAR
4500004731,WK,2026-02-10T00:00:00,0001000003,Z100,Z02,ZAR
4500004732,ZDOM,2026-07-01T00:00:00,0001000003,Z100,Z03,ZAR
4500004733,AN,2024-09-13T00:00:00,0001000027,Z100,Z03,ZAR
4500004734,ZDOM,2024-12-24T00:00:00,0001000027,Z100,Z02,ZAR
4500004735,ZDOM,2025-04-20T00:00:00,0001000027,Z100,Z02,ZAR
4500004736,ZDOM,2025-11-09T00:00:00,0001000027,Z100,Z01,ZAR
4500004737,AN,2026-02-02T00:00:00,0001000027,Z100,Z02,ZAR
4500004738,ZDOM,2026-06-28T00:00:00,0001000027,Z100,Z02,ZAR
4500004739,ZDOM,2024-10-31T00:00:00,0001000049,Z100,Z01,ZAR
4500004740,ZDOM,2025-03-27T00:00:00,0001000049,Z100,Z02,ZAR
4500004741,ZDOM,2025-04-15T00:00:00,0001000049,Z100,Z03,ZAR
4500004742,WK,2025-05-20T00:00:00,0001000049,Z100,Z03,ZAR
4500004743,AN,2025-06-09T00:00:00,0001000049,Z100,Z03,ZAR
4500004744,WK,2025-11-26T00:00:00,0001000049,Z100,Z03,ZAR
4500004745,ZDOM,2025-12-24T00:00:00,0001000049,Z100,Z01,ZAR
4500004746,AN,2026-04-13T00:00:00,0001000049,Z100,Z01,ZAR
4500004747,WK,2026-08-16T00:00:00,0001000049,Z100,Z02,ZAR
4500004748,ZDOM,2024-10-14T00:00:00,0001000038,Z100,Z01,ZAR
4500004749,ZDOM,2025-09-25T00:00:00,0001000038,Z100,Z02,ZAR
4500004750,AN,2026-05-14T00:00:00,0001000038,Z100,Z01,ZAR
4500004751,AN,2024-12-01T00:00:00,0001000000,Z100,Z01,ZAR
4500004752,ZDOM,2025-08-13T00:00:00,0001000000,Z100,Z03,ZAR
4500004753,WK,2025-11-27T00:00:00,0001000000,Z100,Z02,ZAR
4500004754,WK,2024-09-16T00:00:00,0001000000,Z100,Z03,ZAR
4500004755,ZDOM,2025-08-04T00:00:00,0001000000,Z100,Z02,ZAR
4500004756,WK,2025-12-22T00:00:00,0001000000,Z100,Z03,ZAR
4500004757,WK,2026-04-21T00:00:00,0001000000,Z100,Z03,ZAR
4500004758,AN,2024-11-02T00:00:00,0001000047,Z100,Z02,ZAR
4500004759,WK,2024-11-30T00:00:00,0001000047,Z100,Z01,ZAR
4500004760,AN,2025-06-07T00:00:00,0001000047,Z100,Z01,ZAR
4500004761,WK,2025-08-19T00:00:00,0001000047,Z100,Z02,ZAR
4500004762,AN,2025-09-24T00:00:00,0001000047,Z100,Z02,ZAR
4500004763,AN,2025-10-28T00:00:00,0001000047,Z100,Z02,ZAR
4500004764,WK,2026-05-03T00:00:00,0001000047,Z100,Z03,ZAR
4500004765,AN,2026-06-20T00:00:00,0001000047,Z100,Z02,ZAR
4500004766,AN,2024-11-19T00:00:00,0001000009,Z100,Z03,ZAR
4500004767,AN,2025-05-23T00:00:00,0001000009,Z100,Z02,ZAR
4500004768,WK,2025-07-20T00:00:00,0001000009,Z100,Z02,ZAR
4500004769,ZDOM,2025-09-08T00:00:00,0001000009,Z100,Z02,ZAR
4500004770,WK,2026-08-04T00:00:00,0001000009,Z100,Z03,ZAR
4500004771,ZDOM,2025-05-01T00:00:00,0001000009,Z100,Z03,ZAR
4500004772,ZDOM,2025-11-11T00:00:00,0001000009,Z100,Z03,ZAR
4500004773,AN,2026-05-30T00:00:00,0001000009,Z100,Z02,ZAR
4500004774,AN,2024-10-25T00:00:00,0001000009,Z100,Z02,ZAR
4500004775,AN,2025-02-23T00:00:00,0001000009,Z100,Z03,ZAR
4500004776,ZDOM,2025-03-20T00:00:00,0001000009,Z100,Z02,ZAR
4500004777,ZDOM,2025-04-12T00:00:00,0001000009,Z100,Z03,ZAR
4500004778,AN,2025-09-10T00:00:00,0001000009,Z100,Z02,ZAR
4500004779,WK,2025-11-25T00:00:00,0001000009,Z100,Z01,ZAR
4500004780,WK,2026-04-04T00:00:00,0001000009,Z100,Z01,ZAR
4500004781,AN,2026-08-24T00:00:00,0001000009,Z100,Z01,ZAR
4500004782,ZDOM,2025-09-30T00:00:00,0001000049,Z100,Z02,ZAR
4500004783,WK,2026-02-25T00:00:00,0001000049,Z100,Z02,ZAR
4500004784,WK,2026-03-28T00:00:00,0001000049,Z100,Z01,ZAR
4500004785,AN,2026-05-04T00:00:00,0001000049,Z100,Z03,ZAR
4500004786,AN,2026-05-24T00:00:00,0001000049,Z100,Z02,ZAR
4500004787,AN,2026-07-19T00:00:00,0001000049,Z100,Z02,ZAR
4500004788,AN,2024-11-15T00:00:00,0001000049,Z100,Z01,ZAR
4500004789,WK,2025-11-25T00:00:00,0001000049,Z100,Z01,ZAR
4500004790,AN,2026-01-30T00:00:00,0001000049,Z100,Z03,ZAR
4500004791,WK,2026-07-03T00:00:00,0001000049,Z100,Z02,ZAR
4500004792,AN,2026-07-15T00:00:00,0001000049,Z100,Z03,ZAR
4500004793,AN,2025-02-26T00:00:00,0001000049,Z100,Z02,ZAR
4500004794,ZDOM,2025-03-19T00:00:00,0001000049,Z100,Z01,ZAR
4500004795,WK,2026-04-25T00:00:00,0001000049,Z100,Z01,ZAR
4500004796,ZDOM,2024-09-28T00:00:00,0001000042,Z100,Z01,ZAR
4500004797,AN,2025-02-05T00:00:00,0001000042,Z100,Z01,ZAR
4500004798,ZDOM,2025-09-14T00:00:00,0001000042,Z100,Z03,ZAR
4500004799,ZDOM,2025-10-20T00:00:00,0001000042,Z100,Z02,ZAR
4500004800,WK,2026-03-08T00:00:00,0001000042,Z100,Z01,ZAR
4500004801,AN,2026-05-13T00:00:00,0001000042,Z100,Z03,ZAR
4500004802,AN,2024-09-12T00:00:00,0001000056,Z100,Z02,ZAR
4500004803,ZDOM,2025-06-14T00:00:00,0001000056,Z100,Z03,ZAR
4500004804,AN,2025-11-07T00:00:00,0001000056,Z100,Z03,ZAR
4500004805,AN,2024-09-16T00:00:00,0001000040,Z100,Z01,ZAR
4500004806,ZDOM,2025-06-17T00:00:00,0001000040,Z100,Z03,ZAR
4500004807,AN,2026-05-04T00:00:00,0001000040,Z100,Z03,ZAR
4500004808,ZDOM,2026-08-03T00:00:00,0001000040,Z100,Z02,ZAR
4500004809,ZDOM,2024-09-28T00:00:00,0001000015,Z100,Z01,ZAR
4500004810,WK,2025-01-03T00:00:00,0001000015,Z100,Z01,ZAR
4500004811,WK,2025-02-02T00:00:00,0001000015,Z100,Z03,ZAR
4500004812,ZDOM,2025-02-05T00:00:00,0001000015,Z100,Z03,ZAR
4500004813,WK,2025-06-29T00:00:00,0001000015,Z100,Z02,ZAR
4500004814,ZDOM,2025-09-16T00:00:00,0001000015,Z100,Z01,ZAR
4500004815,AN,2025-12-18T00:00:00,0001000015,Z100,Z03,ZAR
4500004816,ZDOM,2026-02-17T00:00:00,0001000015,Z100,Z03,ZAR
4500004817,WK,2026-03-27T00:00:00,0001000015,Z100,Z02,ZAR
4500004818,AN,2026-07-08T00:00:00,0001000015,Z100,Z03,ZAR
4500004819,WK,2024-12-06T00:00:00,0001000039,Z100,Z02,ZAR
4500004820,ZDOM,2025-06-04T00:00:00,0001000039,Z100,Z02,ZAR
4500004821,ZDOM,2025-11-15T00:00:00,0001000039,Z100,Z03,ZAR
4500004822,AN,2026-04-03T00:00:00,0001000039,Z100,Z02,ZAR
4500004823,ZDOM,2026-07-05T00:00:00,0001000039,Z100,Z03,ZAR
4500004824,ZDOM,2026-07-10T00:00:00,0001000039,Z100,Z02,ZAR
4500004825,AN,2024-11-26T00:00:00,0001000039,Z100,Z01,ZAR
4500004826,ZDOM,2025-03-18T00:00:00,0001000039,Z100,Z01,ZAR
4500004827,AN,2025-04-22T00:00:00,0001000039,Z100,Z02,ZAR
4500004828,AN,2025-11-25T00:00:00,0001000039,Z100,Z03,ZAR
4500004829,AN,2026-05-17T00:00:00,0001000039,Z100,Z02,ZAR
4500004830,ZDOM,2024-12-01T00:00:00,0001000016,Z100,Z01,ZAR
4500004831,WK,2025-08-26T00:00:00,0001000016,Z100,Z03,ZAR
4500004832,ZDOM,2026-02-13T00:00:00,0001000016,Z100,Z01,ZAR
4500004833,AN,2024-09-18T00:00:00,0001000016,Z100,Z01,ZAR
4500004834,ZDOM,2025-08-18T00:00:00,0001000016,Z100,Z03,ZAR
4500004835,AN,2026-06-05T00:00:00,0001000016,Z100,Z03,ZAR
4500004836,ZDOM,2024-12-15T00:00:00,0001000026,Z100,Z01,ZAR
4500004837,AN,2025-01-20T00:00:00,0001000026,Z100,Z01,ZAR
4500004838,ZDOM,2025-02-20T00:00:00,0001000026,Z100,Z03,ZAR
4500004839,WK,2026-07-14T00:00:00,0001000026,Z100,Z03,ZAR
4500004840,AN,2024-09-25T00:00:00,0001000016,Z100,Z02,ZAR
4500004841,ZDOM,2024-10-20T00:00:00,0001000016,Z100,Z01,ZAR
4500004842,AN,2025-02-27T00:00:00,0001000016,Z100,Z01,ZAR
4500004843,ZDOM,2025-07-12T00:00:00,0001000016,Z100,Z02,ZAR
4500004844,AN,2026-06-29T00:00:00,0001000016,Z100,Z03,ZAR
4500004845,WK,2024-10-07T00:00:00,0001000049,Z100,Z03,ZAR
4500004846,WK,2025-03-24T00:00:00,0001000049,Z100,Z02,ZAR
4500004847,WK,2026-02-20T00:00:00,0001000049,Z100,Z01,ZAR
4500004848,ZDOM,2024-09-14T00:00:00,0001000034,Z100,Z02,ZAR
4500004849,ZDOM,2024-11-24T00:00:00,0001000034,Z100,Z01,ZAR
4500004850,AN,2025-02-26T00:00:00,0001000034,Z100,Z03,ZAR
4500004851,AN,2025-12-07T00:00:00,0001000034,Z100,Z03,ZAR
4500004852,WK,2026-04-17T00:00:00,0001000034,Z100,Z02,ZAR
4500004853,WK,2024-09-20T00:00:00,0001000026,Z100,Z02,ZAR
4500004854,WK,2025-04-17T00:00:00,0001000026,Z100,Z01,ZAR
4500004855,AN,2025-06-27T00:00:00,0001000026,Z100,Z01,ZAR
4500004856,ZDOM,2025-07-17T00:00:00,0001000026,Z100,Z01,ZAR
4500004857,ZDOM,2026-02-27T00:00:00,0001000026,Z100,Z03,ZAR
4500004858,WK,2024-09-30T00:00:00,0001000018,Z100,Z03,ZAR
4500004859,AN,2024-10-17T00:00:00,0001000018,Z100,Z01,ZAR
4500004860,ZDOM,2025-04-11T00:00:00,0001000018,Z100,Z01,ZAR
4500004861,ZDOM,2025-09-04T00:00:00,0001000018,Z100,Z01,ZAR
4500004862,ZDOM,2026-01-09T00:00:00,0001000018,Z100,Z01,ZAR
4500004863,WK,2024-10-01T00:00:00,0001000034,Z100,Z02,ZAR
4500004864,ZDOM,2025-02-06T00:00:00,0001000034,Z100,Z03,ZAR
4500004865,AN,2025-08-19T00:00:00,0001000034,Z100,Z02,ZAR
4500004866,AN,2026-05-09T00:00:00,0001000034,Z100,Z02,ZAR
4500004867,AN,2026-07-11T00:00:00,0001000034,Z100,Z01,ZAR
4500004868,AN,2024-09-21T00:00:00,0001000058,Z100,Z03,ZAR
4500004869,AN,2024-10-15T00:00:00,0001000058,Z100,Z01,ZAR
4500004870,ZDOM,2024-12-09T00:00:00,0001000058,Z100,Z03,ZAR
4500004871,ZDOM,2025-02-08T00:00:00,0001000058,Z100,Z03,ZAR
4500004872,WK,2025-08-12T00:00:00,0001000058,Z100,Z03,ZAR
4500004873,WK,2026-01-14T00:00:00,0001000058,Z100,Z03,ZAR
4500004874,AN,2026-07-19T00:00:00,0001000058,Z100,Z02,ZAR
4500004875,ZDOM,2025-02-25T00:00:00,0001000001,Z100,Z02,ZAR
4500004876,WK,2025-04-09T00:00:00,0001000001,Z100,Z03,ZAR
4500004877,AN,2025-10-17T00:00:00,0001000001,Z100,Z02,ZAR
4500004878,WK,2026-02-03T00:00:00,0001000001,Z100,Z02,ZAR
4500004879,AN,2026-03-08T00:00:00,0001000001,Z100,Z02,ZAR
4500004880,ZDOM,2026-05-08T00:00:00,0001000001,Z100,Z03,ZAR
4500004881,AN,2026-08-26T00:00:00,0001000001,Z100,Z03,ZAR
4500004882,AN,2025-12-07T00:00:00,0001000027,Z100,Z02,ZAR
4500004883,WK,2026-01-25T00:00:00,0001000027,Z100,Z02,ZAR
4500004884,AN,2026-04-26T00:00:00,0001000027,Z100,Z03,ZAR
4500004885,ZDOM,2024-09-30T00:00:00,0001000003,Z100,Z02,ZAR
4500004886,ZDOM,2024-11-21T00:00:00,0001000003,Z100,Z01,ZAR
4500004887,ZDOM,2024-12-12T00:00:00,0001000003,Z100,Z02,ZAR
4500004888,WK,2025-03-09T00:00:00,0001000003,Z100,Z03,ZAR
4500004889,ZDOM,2025-03-09T00:00:00,0001000003,Z100,Z03,ZAR
4500004890,ZDOM,2025-09-17T00:00:00,0001000003,Z100,Z02,ZAR
4500004891,AN,2026-07-01T00:00:00,0001000003,Z100,Z01,ZAR
4500004892,AN,2024-09-19T00:00:00,0001000003,Z100,Z01,ZAR
4500004893,ZDOM,2024-10-31T00:00:00,0001000003,Z100,Z01,ZAR
4500004894,AN,2025-07-07T00:00:00,0001000003,Z100,Z03,ZAR
4500004895,AN,2025-08-25T00:00:00,0001000003,Z100,Z03,ZAR
4500004896,AN,2025-10-29T00:00:00,0001000003,Z100,Z03,ZAR
4500004897,WK,2025-11-11T00:00:00,0001000003,Z100,Z01,ZAR
4500004898,WK,2025-05-30T00:00:00,0001000001,Z100,Z03,ZAR
4500004899,AN,2025-10-24T00:00:00,0001000001,Z100,Z02,ZAR
4500004900,ZDOM,2025-12-01T00:00:00,0001000001,Z100,Z02,ZAR
4500004901,ZDOM,2026-01-08T00:00:00,0001000001,Z100,Z01,ZAR
4500004902,AN,2026-04-24T00:00:00,0001000001,Z100,Z01,ZAR
4500004903,ZDOM,2026-07-10T00:00:00,0001000001,Z100,Z03,ZAR
4500004904,AN,2024-10-27T00:00:00,0001000059,Z100,Z01,ZAR
4500004905,ZDOM,2024-11-12T00:00:00,0001000059,Z100,Z01,ZAR
4500004906,WK,2024-12-19T00:00:00,0001000059,Z100,Z03,ZAR
4500004907,ZDOM,2025-09-18T00:00:00,0001000059,Z100,Z02,ZAR
4500004908,AN,2025-12-31T00:00:00,0001000059,Z100,Z01,ZAR
4500004909,ZDOM,2026-01-12T00:00:00,0001000059,Z100,Z01,ZAR
4500004910,WK,2026-03-02T00:00:00,0001000059,Z100,Z03,ZAR
4500004911,ZDOM,2026-05-13T00:00:00,0001000059,Z100,Z02,ZAR
4500004912,WK,2026-06-27T00:00:00,0001000059,Z100,Z01,ZAR
4500004913,ZDOM,2026-07-15T00:00:00,0001000059,Z100,Z02,ZAR
4500004914,ZDOM,2024-11-16T00:00:00,0001000059,Z100,Z02,ZAR
4500004915,ZDOM,2025-05-07T00:00:00,0001000059,Z100,Z01,ZAR
4500004916,AN,2026-05-31T00:00:00,0001000059,Z100,Z03,ZAR
4500004917,AN,2024-10-15T00:00:00,0001000000,Z100,Z03,ZAR
4500004918,WK,2025-05-24T00:00:00,0001000000,Z100,Z03,ZAR
4500004919,AN,2025-07-31T00:00:00,0001000000,Z100,Z01,ZAR
4500004920,AN,2025-08-29T00:00:00,0001000000,Z100,Z01,ZAR
4500004921,ZDOM,2025-12-08T00:00:00,0001000000,Z100,Z03,ZAR
4500004922,WK,2024-09-25T00:00:00,0001000000,Z100,Z02,ZAR
4500004923,AN,2024-11-09T00:00:00,0001000000,Z100,Z02,ZAR
4500004924,WK,2025-05-30T00:00:00,0001000000,Z100,Z03,ZAR
4500004925,WK,2025-07-05T00:00:00,0001000000,Z100,Z01,ZAR
4500004926,AN,2025-07-16T00:00:00,0001000000,Z100,Z03,ZAR
4500004927,AN,2025-08-31T00:00:00,0001000000,Z100,Z03,ZAR
4500004928,ZDOM,2025-09-29T00:00:00,0001000000,Z100,Z02,ZAR
4500004929,WK,2024-10-01T00:00:00,0001000000,Z100,Z02,ZAR
4500004930,WK,2025-02-19T00:00:00,0001000000,Z100,Z02,ZAR
4500004931,WK,2025-07-17T00:00:00,0001000000,Z100,Z02,ZAR
4500004932,AN,2026-02-23T00:00:00,0001000000,Z100,Z03,ZAR
4500004933,ZDOM,2026-03-10T00:00:00,0001000000,Z100,Z03,ZAR
4500004934,WK,2026-08-14T00:00:00,0001000000,Z100,Z03,ZAR
4500004935,WK,2024-09-09T00:00:00,0001000053,Z100,Z02,ZAR
4500004936,ZDOM,2024-12-06T00:00:00,0001000053,Z100,Z03,ZAR
4500004937,WK,2025-05-13T00:00:00,0001000053,Z100,Z02,ZAR
4500004938,WK,2025-06-15T00:00:00,0001000053,Z100,Z03,ZAR
4500004939,WK,2025-10-03T00:00:00,0001000053,Z100,Z03,ZAR
4500004940,AN,2026-01-02T00:00:00,0001000053,Z100,Z01,ZAR
4500004941,AN,2026-03-01T00:00:00,0001000053,Z100,Z02,ZAR
4500004942,AN,2026-08-28T00:00:00,0001000053,Z100,Z01,ZAR
4500004943,WK,2024-10-01T00:00:00,0001000053,Z100,Z01,ZAR
4500004944,WK,2025-04-30T00:00:00,0001000053,Z100,Z03,ZAR
4500004945,AN,2025-12-13T00:00:00,0001000053,Z100,Z03,ZAR
4500004946,ZDOM,2026-01-16T00:00:00,0001000053,Z100,Z02,ZAR
4500004947,AN,2025-04-04T00:00:00,0001000005,Z100,Z01,ZAR
4500004948,AN,2025-12-10T00:00:00,0001000005,Z100,Z02,ZAR
4500004949,WK,2024-10-09T00:00:00,0001000057,Z100,Z03,ZAR
4500004950,ZDOM,2025-11-07T00:00:00,0001000057,Z100,Z02,ZAR
4500004951,AN,2026-09-02T00:00:00,0001000057,Z100,Z01,ZAR
4500004952,AN,2025-03-28T00:00:00,0001000004,Z100,Z03,ZAR
4500004953,WK,2025-08-24T00:00:00,0001000004,Z100,Z03,ZAR
4500004954,ZDOM,2026-01-03T00:00:00,0001000004,Z100,Z02,ZAR
4500004955,AN,2026-02-11T00:00:00,0001000004,Z100,Z01,ZAR
4500004956,WK,2026-05-19T00:00:00,0001000004,Z100,Z03,ZAR
4500004957,WK,2024-10-09T00:00:00,0001000002,Z100,Z03,ZAR
4500004958,AN,2025-09-04T00:00:00,0001000002,Z100,Z03,ZAR
4500004959,ZDOM,2025-10-04T00:00:00,0001000002,Z100,Z01,ZAR
4500004960,WK,2026-04-28T00:00:00,0001000002,Z100,Z01,ZAR
4500004961,WK,2024-12-01T00:00:00,0001000039,Z100,Z01,ZAR
4500004962,AN,2025-12-26T00:00:00,0001000039,Z100,Z03,ZAR
4500004963,WK,2025-04-26T00:00:00,0001000043,Z100,Z02,ZAR
4500004964,ZDOM,2025-09-06T00:00:00,0001000043,Z100,Z02,ZAR
4500004965,ZDOM,2026-07-13T00:00:00,0001000043,Z100,Z02,ZAR
4500004966,ZDOM,2024-10-15T00:00:00,0001000043,Z100,Z01,ZAR
4500004967,ZDOM,2024-11-25T00:00:00,0001000043,Z100,Z01,ZAR
4500004968,ZDOM,2026-05-12T00:00:00,0001000043,Z100,Z03,ZAR
4500004969,AN,2024-09-16T00:00:00,0001000052,Z100,Z03,ZAR
4500004970,AN,2024-12-08T00:00:00,0001000052,Z100,Z01,ZAR
4500004971,WK,2025-05-02T00:00:00,0001000052,Z100,Z01,ZAR
4500004972,ZDOM,2025-10-10T00:00:00,0001000052,Z100,Z01,ZAR
4500004973,WK,2025-12-05T00:00:00,0001000052,Z100,Z01,ZAR
4500004974,AN,2026-02-07T00:00:00,0001000052,Z100,Z01,ZAR
4500004975,AN,2026-02-20T00:00:00,0001000052,Z100,Z02,ZAR
4500004976,ZDOM,2026-06-07T00:00:00,0001000052,Z100,Z03,ZAR
4500004977,AN,2026-06-21T00:00:00,0001000052,Z100,Z02,ZAR
4500004978,ZDOM,2024-09-20T00:00:00,0001000047,Z100,Z03,ZAR
4500004979,WK,2024-12-20T00:00:00,0001000047,Z100,Z03,ZAR
4500004980,WK,2025-03-10T00:00:00,0001000047,Z100,Z02,ZAR
4500004981,ZDOM,2025-06-04T00:00:00,0001000047,Z100,Z01,ZAR
4500004982,WK,2025-08-17T00:00:00,0001000047,Z100,Z02,ZAR
4500004983,ZDOM,2025-11-14T00:00:00,0001000047,Z100,Z02,ZAR
4500004984,AN,2026-02-22T00:00:00,0001000047,Z100,Z02,ZAR
4500004985,AN,2026-06-03T00:00:00,0001000047,Z100,Z01,ZAR
4500004986,ZDOM,2026-08-23T00:00:00,0001000047,Z100,Z02,ZAR
4500004987,ZDOM,2024-09-30T00:00:00,0001000037,Z100,Z01,ZAR
4500004988,WK,2025-09-20T00:00:00,0001000037,Z100,Z02,ZAR
4500004989,WK,2025-10-20T00:00:00,0001000037,Z100,Z03,ZAR
4500004990,AN,2024-09-22T00:00:00,0001000004,Z100,Z03,ZAR
4500004991,AN,2025-03-10T00:00:00,0001000004,Z100,Z01,ZAR
4500004992,WK,2025-11-28T00:00:00,0001000004,Z100,Z02,ZAR
4500004993,ZDOM,2026-05-18T00:00:00,0001000004,Z100,Z03,ZAR
4500004994,AN,2024-11-23T00:00:00,0001000007,Z100,Z03,ZAR
4500004995,WK,2025-01-03T00:00:00,0001000007,Z100,Z02,ZAR
4500004996,ZDOM,2025-01-20T00:00:00,0001000007,Z100,Z02,ZAR
4500004997,AN,2025-02-18T00:00:00,0001000007,Z100,Z01,ZAR
4500004998,AN,2025-03-13T00:00:00,0001000007,Z100,Z03,ZAR
4500004999,AN,2025-06-30T00:00:00,0001000007,Z100,Z02,ZAR
4500005000,WK,2025-08-02T00:00:00,0001000007,Z100,Z03,ZAR
4500005001,WK,2025-09-04T00:00:00,0001000007,Z100,Z02,ZAR
4500005002,AN,2025-11-10T00:00:00,0001000007,Z100,Z01,ZAR
4500005003,WK,2026-04-11T00:00:00,0001000007,Z100,Z01,ZAR
4500005004,WK,2024-09-29T00:00:00,0001000009,Z100,Z03,ZAR
4500005005,ZDOM,2025-05-31T00:00:00,0001000009,Z100,Z01,ZAR
4500005006,AN,2025-08-23T00:00:00,0001000009,Z100,Z03,ZAR
4500005007,ZDOM,2025-09-30T00:00:00,0001000009,Z100,Z02,ZAR
4500005008,ZDOM,2026-03-31T00:00:00,0001000009,Z100,Z02,ZAR
4500005009,ZDOM,2024-10-20T00:00:00,0001000043,Z100,Z02,ZAR
4500005010,AN,2025-04-22T00:00:00,0001000043,Z100,Z03,ZAR
4500005011,ZDOM,2025-09-29T00:00:00,0001000043,Z100,Z02,ZAR
4500005012,AN,2026-02-23T00:00:00,0001000043,Z100,Z01,ZAR
4500005013,AN,2026-09-07T00:00:00,0001000043,Z100,Z01,ZAR
4500005014,ZDOM,2026-02-20T00:00:00,0001000006,Z100,Z02,ZAR
4500005015,ZDOM,2026-03-29T00:00:00,0001000006,Z100,Z03,ZAR
4500005016,AN,2026-04-04T00:00:00,0001000006,Z100,Z03,ZAR
4500005017,WK,2024-09-20T00:00:00,0001000056,Z100,Z01,ZAR
4500005018,WK,2025-02-01T00:00:00,0001000056,Z100,Z01,ZAR
4500005019,ZDOM,2025-08-24T00:00:00,0001000056,Z100,Z01,ZAR
4500005020,ZDOM,2025-10-11T00:00:00,0001000056,Z100,Z02,ZAR
4500005021,AN,2025-11-04T00:00:00,0001000056,Z100,Z02,ZAR
4500005022,AN,2025-12-21T00:00:00,0001000056,Z100,Z03,ZAR
4500005023,ZDOM,2026-02-21T00:00:00,0001000056,Z100,Z03,ZAR
4500005024,AN,2026-04-25T00:00:00,0001000056,Z100,Z01,ZAR
4500005025,WK,2026-07-20T00:00:00,0001000056,Z100,Z02,ZAR
4500005026,WK,2024-09-21T00:00:00,0001000020,Z100,Z01,ZAR
4500005027,WK,2024-10-28T00:00:00,0001000020,Z100,Z03,ZAR
4500005028,WK,2025-03-02T00:00:00,0001000020,Z100,Z03,ZAR
4500005029,ZDOM,2025-03-23T00:00:00,0001000020,Z100,Z03,ZAR
4500005030,AN,2025-04-10T00:00:00,0001000020,Z100,Z03,ZAR
4500005031,ZDOM,2025-11-13T00:00:00,0001000020,Z100,Z02,ZAR
4500005032,AN,2026-05-11T00:00:00,0001000020,Z100,Z02,ZAR
4500005033,AN,2026-06-09T00:00:00,0001000020,Z100,Z02,ZAR
4500005034,AN,2024-10-31T00:00:00,0001000036,Z100,Z01,ZAR
4500005035,AN,2025-03-16T00:00:00,0001000036,Z100,Z02,ZAR
4500005036,WK,2025-05-28T00:00:00,0001000036,Z100,Z03,ZAR
4500005037,ZDOM,2025-06-26T00:00:00,0001000036,Z100,Z03,ZAR
4500005038,AN,2025-12-09T00:00:00,0001000036,Z100,Z01,ZAR
4500005039,ZDOM,2026-06-06T00:00:00,0001000036,Z100,Z01,ZAR
4500005040,AN,2026-07-08T00:00:00,0001000036,Z100,Z01,ZAR
4500005041,WK,2024-09-20T00:00:00,0001000045,Z100,Z03,ZAR
4500005042,WK,2025-01-31T00:00:00,0001000045,Z100,Z01,ZAR
4500005043,AN,2025-05-24T00:00:00,0001000045,Z100,Z03,ZAR
4500005044,ZDOM,2025-10-05T00:00:00,0001000045,Z100,Z03,ZAR
4500005045,ZDOM,2025-11-29T00:00:00,0001000045,Z100,Z01,ZAR
4500005046,WK,2026-05-29T00:00:00,0001000045,Z100,Z03,ZAR
4500005047,ZDOM,2026-06-08T00:00:00,0001000045,Z100,Z03,ZAR
4500005048,AN,2024-10-03T00:00:00,0001000000,Z100,Z03,ZAR
4500005049,WK,2025-05-31T00:00:00,0001000000,Z100,Z03,ZAR
4500005050,WK,2025-11-02T00:00:00,0001000000,Z100,Z03,ZAR
4500005051,ZDOM,2025-11-27T00:00:00,0001000000,Z100,Z01,ZAR
4500005052,ZDOM,2026-01-02T00:00:00,0001000000,Z100,Z02,ZAR
4500005053,AN,2024-11-04T00:00:00,0001000034,Z100,Z01,ZAR
4500005054,WK,2025-05-30T00:00:00,0001000034,Z100,Z03,ZAR
4500005055,ZDOM,2025-06-18T00:00:00,0001000034,Z100,Z03,ZAR
4500005056,WK,2026-03-06T00:00:00,0001000034,Z100,Z02,ZAR
4500005057,ZDOM,2024-09-11T00:00:00,0001000047,Z100,Z03,ZAR
4500005058,AN,2024-12-08T00:00:00,0001000047,Z100,Z02,ZAR
4500005059,ZDOM,2025-01-25T00:00:00,0001000047,Z100,Z03,ZAR
4500005060,ZDOM,2025-03-01T00:00:00,0001000047,Z100,Z02,ZAR
4500005061,WK,2025-04-23T00:00:00,0001000047,Z100,Z02,ZAR
4500005062,ZDOM,2025-05-27T00:00:00,0001000047,Z100,Z03,ZAR
4500005063,WK,2025-10-21T00:00:00,0001000047,Z100,Z02,ZAR
4500005064,ZDOM,2026-03-26T00:00:00,0001000047,Z100,Z02,ZAR
4500005065,WK,2026-05-11T00:00:00,0001000047,Z100,Z02,ZAR
4500005066,AN,2024-10-06T00:00:00,0001000034,Z100,Z02,ZAR
4500005067,WK,2024-10-26T00:00:00,0001000034,Z100,Z01,ZAR
4500005068,ZDOM,2025-09-20T00:00:00,0001000034,Z100,Z02,ZAR
4500005069,WK,2026-01-23T00:00:00,0001000034,Z100,Z01,ZAR
4500005070,AN,2026-02-25T00:00:00,0001000034,Z100,Z01,ZAR
4500005071,ZDOM,2026-08-01T00:00:00,0001000034,Z100,Z01,ZAR
4500005072,AN,2024-09-13T00:00:00,0001000026,Z100,Z01,ZAR
4500005073,WK,2024-10-05T00:00:00,0001000026,Z100,Z02,ZAR
4500005074,WK,2024-11-20T00:00:00,0001000026,Z100,Z02,ZAR
4500005075,ZDOM,2025-04-04T00:00:00,0001000026,Z100,Z01,ZAR
4500005076,ZDOM,2025-06-14T00:00:00,0001000026,Z100,Z03,ZAR
4500005077,AN,2026-01-16T00:00:00,0001000026,Z100,Z02,ZAR
4500005078,ZDOM,2026-03-23T00:00:00,0001000026,Z100,Z03,ZAR
4500005079,AN,2026-04-15T00:00:00,0001000026,Z100,Z02,ZAR
4500005080,AN,2026-07-28T00:00:00,0001000026,Z100,Z03,ZAR
4500005081,WK,2024-10-26T00:00:00,0001000021,Z100,Z02,ZAR
4500005082,ZDOM,2025-03-21T00:00:00,0001000021,Z100,Z01,ZAR
4500005083,ZDOM,2025-11-23T00:00:00,0001000021,Z100,Z03,ZAR
4500005084,WK,2026-06-07T00:00:00,0001000021,Z100,Z03,ZAR
4500005085,ZDOM,2024-10-09T00:00:00,0001000021,Z100,Z02,ZAR
4500005086,WK,2025-03-18T00:00:00,0001000021,Z100,Z01,ZAR
4500005087,ZDOM,2025-07-24T00:00:00,0001000021,Z100,Z02,ZAR
4500005088,AN,2026-02-07T00:00:00,0001000021,Z100,Z02,ZAR
4500005089,WK,2026-07-20T00:00:00,0001000021,Z100,Z02,ZAR
4500005090,ZDOM,2024-09-24T00:00:00,0001000013,Z100,Z03,ZAR
4500005091,AN,2024-11-01T00:00:00,0001000013,Z100,Z02,ZAR
4500005092,AN,2025-04-08T00:00:00,0001000013,Z100,Z01,ZAR
4500005093,ZDOM,2025-05-28T00:00:00,0001000013,Z100,Z03,ZAR
4500005094,WK,2026-01-08T00:00:00,0001000013,Z100,Z02,ZAR
4500005095,WK,2026-03-10T00:00:00,0001000013,Z100,Z01,ZAR
4500005096,AN,2026-05-04T00:00:00,0001000013,Z100,Z01,ZAR
4500005097,AN,2026-05-31T00:00:00,0001000013,Z100,Z03,ZAR
4500005098,AN,2026-06-06T00:00:00,0001000013,Z100,Z03,ZAR
4500005099,AN,2024-10-24T00:00:00,0001000013,Z100,Z01,ZAR
4500005100,WK,2025-03-11T00:00:00,0001000013,Z100,Z02,ZAR
4500005101,ZDOM,2025-08-29T00:00:00,0001000013,Z100,Z01,ZAR
4500005102,ZDOM,2025-10-04T00:00:00,0001000013,Z100,Z01,ZAR
4500005103,AN,2026-01-11T00:00:00,0001000013,Z100,Z03,ZAR
4500005104,ZDOM,2026-03-03T00:00:00,0001000013,Z100,Z01,ZAR
4500005105,WK,2026-06-30T00:00:00,0001000013,Z100,Z02,ZAR
4500005106,ZDOM,2026-07-30T00:00:00,0001000013,Z100,Z02,ZAR
4500005107,AN,2024-12-11T00:00:00,0001000025,Z100,Z03,ZAR
4500005108,ZDOM,2025-03-24T00:00:00,0001000025,Z100,Z01,ZAR
4500005109,AN,2025-07-17T00:00:00,0001000025,Z100,Z01,ZAR
4500005110,WK,2025-10-14T00:00:00,0001000025,Z100,Z03,ZAR
4500005111,WK,2026-02-02T00:00:00,0001000025,Z100,Z03,ZAR
4500005112,ZDOM,2026-04-22T00:00:00,0001000025,Z100,Z02,ZAR
4500005113,AN,2026-05-18T00:00:00,0001000025,Z100,Z03,ZAR
4500005114,AN,2026-07-05T00:00:00,0001000025,Z100,Z01,ZAR
4500005115,AN,2024-10-12T00:00:00,0001000011,Z100,Z01,ZAR
4500005116,WK,2024-11-08T00:00:00,0001000011,Z100,Z01,ZAR
4500005117,WK,2025-10-24T00:00:00,0001000011,Z100,Z03,ZAR
4500005118,ZDOM,2024-10-19T00:00:00,0001000011,Z100,Z03,ZAR
4500005119,WK,2025-07-28T00:00:00,0001000011,Z100,Z03,ZAR
4500005120,AN,2026-06-03T00:00:00,0001000011,Z100,Z01,ZAR
4500005121,ZDOM,2026-06-28T00:00:00,0001000011,Z100,Z01,ZAR
4500005122,WK,2024-09-15T00:00:00,0001000049,Z100,Z03,ZAR
4500005123,WK,2025-04-29T00:00:00,0001000049,Z100,Z02,ZAR
4500005124,ZDOM,2026-03-29T00:00:00,0001000049,Z100,Z02,ZAR
4500005125,WK,2024-10-11T00:00:00,0001000055,Z100,Z03,ZAR
4500005126,AN,2024-10-18T00:00:00,0001000055,Z100,Z02,ZAR
4500005127,AN,2024-11-30T00:00:00,0001000055,Z100,Z03,ZAR
4500005128,WK,2025-09-02T00:00:00,0001000055,Z100,Z02,ZAR
4500005129,AN,2026-02-12T00:00:00,0001000055,Z100,Z03,ZAR
4500005130,ZDOM,2026-04-06T00:00:00,0001000055,Z100,Z03,ZAR
4500005131,ZDOM,2024-09-30T00:00:00,0001000055,Z100,Z01,ZAR
4500005132,ZDOM,2024-10-17T00:00:00,0001000055,Z100,Z01,ZAR
4500005133,AN,2025-02-03T00:00:00,0001000055,Z100,Z01,ZAR
4500005134,ZDOM,2025-04-15T00:00:00,0001000055,Z100,Z02,ZAR
4500005135,ZDOM,2025-08-15T00:00:00,0001000055,Z100,Z01,ZAR
4500005136,ZDOM,2025-09-10T00:00:00,0001000055,Z100,Z01,ZAR
4500005137,WK,2025-10-21T00:00:00,0001000055,Z100,Z02,ZAR
4500005138,ZDOM,2026-02-23T00:00:00,0001000055,Z100,Z02,ZAR
4500005139,AN,2026-07-03T00:00:00,0001000055,Z100,Z03,ZAR
4500005140,ZDOM,2024-12-22T00:00:00,0001000008,Z100,Z01,ZAR
4500005141,ZDOM,2025-01-22T00:00:00,0001000008,Z100,Z01,ZAR
4500005142,WK,2025-05-15T00:00:00,0001000008,Z100,Z01,ZAR
4500005143,ZDOM,2025-01-01T00:00:00,0001000021,Z100,Z03,ZAR
4500005144,AN,2025-01-30T00:00:00,0001000021,Z100,Z02,ZAR
4500005145,AN,2025-07-10T00:00:00,0001000021,Z100,Z02,ZAR
4500005146,WK,2025-12-18T00:00:00,0001000021,Z100,Z03,ZAR
4500005147,WK,2026-04-11T00:00:00,0001000021,Z100,Z02,ZAR
4500005148,WK,2026-08-24T00:00:00,0001000021,Z100,Z01,ZAR
4500005149,WK,2024-10-01T00:00:00,0001000014,Z100,Z02,ZAR
4500005150,WK,2025-08-04T00:00:00,0001000014,Z100,Z02,ZAR
4500005151,AN,2025-08-10T00:00:00,0001000014,Z100,Z03,ZAR
4500005152,ZDOM,2025-09-27T00:00:00,0001000014,Z100,Z03,ZAR
4500005153,ZDOM,2025-10-07T00:00:00,0001000014,Z100,Z01,ZAR
4500005154,WK,2025-12-03T00:00:00,0001000014,Z100,Z03,ZAR
4500005155,WK,2026-07-31T00:00:00,0001000014,Z100,Z03,ZAR
4500005156,AN,2024-10-01T00:00:00,0001000017,Z100,Z01,ZAR
4500005157,AN,2025-03-18T00:00:00,0001000017,Z100,Z02,ZAR
4500005158,WK,2026-03-17T00:00:00,0001000017,Z100,Z03,ZAR
4500005159,ZDOM,2026-04-15T00:00:00,0001000017,Z100,Z03,ZAR
4500005160,ZDOM,2026-05-29T00:00:00,0001000017,Z100,Z03,ZAR
4500005161,AN,2024-09-23T00:00:00,0001000051,Z100,Z02,ZAR
4500005162,WK,2025-09-24T00:00:00,0001000051,Z100,Z02,ZAR
4500005163,WK,2026-07-29T00:00:00,0001000051,Z100,Z01,ZAR
4500005164,WK,2026-09-04T00:00:00,0001000051,Z100,Z03,ZAR
4500005165,WK,2024-09-23T00:00:00,0001000021,Z100,Z03,ZAR
4500005166,AN,2025-01-26T00:00:00,0001000021,Z100,Z03,ZAR
4500005167,WK,2025-05-24T00:00:00,0001000021,Z100,Z02,ZAR
4500005168,AN,2025-10-27T00:00:00,0001000021,Z100,Z02,ZAR
4500005169,ZDOM,2026-02-16T00:00:00,0001000021,Z100,Z03,ZAR
4500005170,WK,2026-06-19T00:00:00,0001000021,Z100,Z01,ZAR
4500005171,AN,2024-11-28T00:00:00,0001000021,Z100,Z01,ZAR
4500005172,AN,2025-04-28T00:00:00,0001000021,Z100,Z02,ZAR
4500005173,WK,2025-11-30T00:00:00,0001000021,Z100,Z03,ZAR
4500005174,ZDOM,2026-02-24T00:00:00,0001000021,Z100,Z02,ZAR
4500005175,WK,2026-06-03T00:00:00,0001000021,Z100,Z02,ZAR
4500005176,WK,2024-09-24T00:00:00,0001000043,Z100,Z03,ZAR
4500005177,ZDOM,2025-01-26T00:00:00,0001000043,Z100,Z03,ZAR
4500005178,AN,2025-04-18T00:00:00,0001000043,Z100,Z03,ZAR
4500005179,ZDOM,2025-12-28T00:00:00,0001000043,Z100,Z01,ZAR
4500005180,AN,2026-01-06T00:00:00,0001000043,Z100,Z03,ZAR
4500005181,AN,2026-05-09T00:00:00,0001000043,Z100,Z02,ZAR
4500005182,WK,2026-06-24T00:00:00,0001000043,Z100,Z01,ZAR
4500005183,ZDOM,2024-10-02T00:00:00,0001000059,Z100,Z03,ZAR
4500005184,WK,2024-12-23T00:00:00,0001000059,Z100,Z03,ZAR
4500005185,ZDOM,2025-08-30T00:00:00,0001000059,Z100,Z01,ZAR
4500005186,ZDOM,2025-10-11T00:00:00,0001000059,Z100,Z02,ZAR
4500005187,AN,2026-04-25T00:00:00,0001000059,Z100,Z02,ZAR
4500005188,WK,2026-09-07T00:00:00,0001000059,Z100,Z03,ZAR
4500005189,ZDOM,2024-09-09T00:00:00,0001000014,Z100,Z02,ZAR
4500005190,ZDOM,2024-10-17T00:00:00,0001000014,Z100,Z01,ZAR
4500005191,WK,2025-05-03T00:00:00,0001000014,Z100,Z01,ZAR
4500005192,ZDOM,2025-09-28T00:00:00,0001000014,Z100,Z01,ZAR
4500005193,WK,2024-09-17T00:00:00,0001000020,Z100,Z03,ZAR
4500005194,WK,2024-11-14T00:00:00,0001000020,Z100,Z01,ZAR
4500005195,WK,2025-03-27T00:00:00,0001000020,Z100,Z02,ZAR
4500005196,AN,2025-04-13T00:00:00,0001000020,Z100,Z03,ZAR
4500005197,WK,2025-05-31T00:00:00,0001000020,Z100,Z02,ZAR
4500005198,AN,2026-01-19T00:00:00,0001000020,Z100,Z02,ZAR
4500005199,AN,2026-03-11T00:00:00,0001000020,Z100,Z01,ZAR
4500005200,AN,2026-05-12T00:00:00,0001000020,Z100,Z01,ZAR
4500005201,WK,2024-10-02T00:00:00,0001000024,Z100,Z03,ZAR
4500005202,ZDOM,2025-04-07T00:00:00,0001000024,Z100,Z03,ZAR
4500005203,ZDOM,2025-06-01T00:00:00,0001000024,Z100,Z02,ZAR
4500005204,ZDOM,2025-08-19T00:00:00,0001000024,Z100,Z01,ZAR
4500005205,WK,2025-09-03T00:00:00,0001000024,Z100,Z03,ZAR
4500005206,WK,2026-07-18T00:00:00,0001000024,Z100,Z02,ZAR
4500005207,ZDOM,2024-11-20T00:00:00,0001000024,Z100,Z02,ZAR
4500005208,ZDOM,2025-11-03T00:00:00,0001000024,Z100,Z02,ZAR
4500005209,WK,2025-12-02T00:00:00,0001000024,Z100,Z01,ZAR
4500005210,WK,2024-09-03T00:00:00,0001000000,Z100,Z02,ZAR
4500005211,ZDOM,2025-05-04T00:00:00,0001000000,Z100,Z02,ZAR
4500005212,AN,2025-06-21T00:00:00,0001000000,Z100,Z02,ZAR
4500005213,ZDOM,2025-07-24T00:00:00,0001000000,Z100,Z03,ZAR
4500005214,AN,2025-08-16T00:00:00,0001000000,Z100,Z02,ZAR
4500005215,AN,2026-06-23T00:00:00,0001000000,Z100,Z01,ZAR
4500005216,ZDOM,2024-10-21T00:00:00,0001000000,Z100,Z01,ZAR
4500005217,AN,2025-03-23T00:00:00,0001000000,Z100,Z02,ZAR
4500005218,AN,2025-07-19T00:00:00,0001000000,Z100,Z01,ZAR
4500005219,AN,2026-04-20T00:00:00,0001000000,Z100,Z03,ZAR
4500005220,WK,2026-05-09T00:00:00,0001000000,Z100,Z01,ZAR
4500005221,AN,2026-06-28T00:00:00,0001000000,Z100,Z03,ZAR
4500005222,WK,2024-11-10T00:00:00,0001000036,Z100,Z03,ZAR
4500005223,AN,2025-08-28T00:00:00,0001000036,Z100,Z03,ZAR
4500005224,AN,2025-09-20T00:00:00,0001000036,Z100,Z01,ZAR
4500005225,ZDOM,2026-07-06T00:00:00,0001000036,Z100,Z02,ZAR
4500005226,ZDOM,2024-09-13T00:00:00,0001000025,Z100,Z01,ZAR
4500005227,ZDOM,2024-12-24T00:00:00,0001000025,Z100,Z03,ZAR
4500005228,WK,2025-02-01T00:00:00,0001000025,Z100,Z03,ZAR
4500005229,WK,2026-05-27T00:00:00,0001000025,Z100,Z03,ZAR
4500005230,ZDOM,2026-08-03T00:00:00,0001000025,Z100,Z03,ZAR
4500005231,AN,2024-09-15T00:00:00,0001000051,Z100,Z03,ZAR
4500005232,ZDOM,2026-02-01T00:00:00,0001000051,Z100,Z02,ZAR
4500005233,ZDOM,2024-09-26T00:00:00,0001000034,Z100,Z03,ZAR
4500005234,ZDOM,2024-10-15T00:00:00,0001000034,Z100,Z01,ZAR
4500005235,AN,2025-06-21T00:00:00,0001000034,Z100,Z03,ZAR
4500005236,AN,2026-05-02T00:00:00,0001000034,Z100,Z02,ZAR
4500005237,AN,2024-10-11T00:00:00,0001000011,Z100,Z01,ZAR
4500005238,ZDOM,2024-12-01T00:00:00,0001000011,Z100,Z03,ZAR
4500005239,WK,2025-02-27T00:00:00,0001000011,Z100,Z01,ZAR
4500005240,WK,2025-06-11T00:00:00,0001000011,Z100,Z03,ZAR
4500005241,AN,2025-06-21T00:00:00,0001000011,Z100,Z03,ZAR
4500005242,WK,2025-11-12T00:00:00,0001000011,Z100,Z02,ZAR
4500005243,ZDOM,2025-12-17T00:00:00,0001000011,Z100,Z03,ZAR
4500005244,WK,2026-05-28T00:00:00,0001000011,Z100,Z01,ZAR
4500005245,ZDOM,2026-07-04T00:00:00,0001000011,Z100,Z02,ZAR
4500005246,ZDOM,2024-10-10T00:00:00,0001000033,Z100,Z01,ZAR
4500005247,AN,2025-08-02T00:00:00,0001000033,Z100,Z03,ZAR
4500005248,AN,2025-08-17T00:00:00,0001000033,Z100,Z03,ZAR
4500005249,ZDOM,2025-09-18T00:00:00,0001000033,Z100,Z02,ZAR
4500005250,AN,2026-08-31T00:00:00,0001000033,Z100,Z02,ZAR
4500005251,WK,2025-01-06T00:00:00,0001000056,Z100,Z02,ZAR
4500005252,WK,2025-08-29T00:00:00,0001000056,Z100,Z03,ZAR
4500005253,AN,2025-10-02T00:00:00,0001000056,Z100,Z02,ZAR
4500005254,ZDOM,2026-04-04T00:00:00,0001000056,Z100,Z02,ZAR
4500005255,WK,2026-06-23T00:00:00,0001000056,Z100,Z03,ZAR
4500005256,AN,2025-02-05T00:00:00,0001000056,Z100,Z03,ZAR
4500005257,AN,2025-09-08T00:00:00,0001000056,Z100,Z02,ZAR
4500005258,AN,2026-02-22T00:00:00,0001000056,Z100,Z02,ZAR
4500005259,AN,2026-09-07T00:00:00,0001000056,Z100,Z02,ZAR
4500005260,AN,2024-10-01T00:00:00,0001000032,Z100,Z02,ZAR
4500005261,WK,2025-04-10T00:00:00,0001000032,Z100,Z01,ZAR
4500005262,AN,2025-09-12T00:00:00,0001000032,Z100,Z03,ZAR
4500005263,WK,2025-12-18T00:00:00,0001000032,Z100,Z03,ZAR
4500005264,AN,2026-01-17T00:00:00,0001000032,Z100,Z01,ZAR
4500005265,ZDOM,2026-04-27T00:00:00,0001000032,Z100,Z01,ZAR
4500005266,AN,2025-10-28T00:00:00,0001000057,Z100,Z02,ZAR
4500005267,AN,2026-06-21T00:00:00,0001000057,Z100,Z03,ZAR
4500005268,WK,2024-09-19T00:00:00,0001000019,Z100,Z01,ZAR
4500005269,WK,2025-01-19T00:00:00,0001000019,Z100,Z01,ZAR
4500005270,ZDOM,2025-02-20T00:00:00,0001000019,Z100,Z01,ZAR
4500005271,WK,2025-09-16T00:00:00,0001000019,Z100,Z03,ZAR
4500005272,ZDOM,2026-06-28T00:00:00,0001000019,Z100,Z01,ZAR
4500005273,ZDOM,2024-09-09T00:00:00,0001000019,Z100,Z02,ZAR
4500005274,AN,2025-02-15T00:00:00,0001000019,Z100,Z01,ZAR
4500005275,WK,2025-08-28T00:00:00,0001000019,Z100,Z02,ZAR
4500005276,WK,2026-05-24T00:00:00,0001000019,Z100,Z01,ZAR
4500005277,WK,2024-09-19T00:00:00,0001000022,Z100,Z03,ZAR
4500005278,AN,2024-10-30T00:00:00,0001000022,Z100,Z02,ZAR
4500005279,AN,2024-11-11T00:00:00,0001000022,Z100,Z01,ZAR
4500005280,WK,2025-02-26T00:00:00,0001000022,Z100,Z03,ZAR
4500005281,ZDOM,2025-04-03T00:00:00,0001000022,Z100,Z01,ZAR
4500005282,ZDOM,2025-05-04T00:00:00,0001000022,Z100,Z02,ZAR
4500005283,WK,2025-12-29T00:00:00,0001000022,Z100,Z03,ZAR
4500005284,WK,2026-02-03T00:00:00,0001000022,Z100,Z03,ZAR
4500005285,AN,2026-03-06T00:00:00,0001000022,Z100,Z03,ZAR
4500005286,AN,2026-03-26T00:00:00,0001000022,Z100,Z02,ZAR
4500005287,WK,2026-05-19T00:00:00,0001000022,Z100,Z02,ZAR
4500005288,ZDOM,2026-07-01T00:00:00,0001000022,Z100,Z02,ZAR
4500005289,ZDOM,2025-01-28T00:00:00,0001000022,Z100,Z03,ZAR
4500005290,AN,2025-07-22T00:00:00,0001000022,Z100,Z02,ZAR
4500005291,AN,2025-10-10T00:00:00,0001000022,Z100,Z03,ZAR
4500005292,WK,2026-04-28T00:00:00,0001000022,Z100,Z03,ZAR
4500005293,ZDOM,2026-06-16T00:00:00,0001000022,Z100,Z02,ZAR
4500005294,ZDOM,2026-07-31T00:00:00,0001000022,Z100,Z02,ZAR
4500005295,WK,2026-09-07T00:00:00,0001000022,Z100,Z01,ZAR
4500005296,ZDOM,2024-09-25T00:00:00,0001000021,Z100,Z03,ZAR
4500005297,ZDOM,2025-02-23T00:00:00,0001000021,Z100,Z01,ZAR
4500005298,AN,2025-03-27T00:00:00,0001000021,Z100,Z03,ZAR
4500005299,WK,2026-03-13T00:00:00,0001000021,Z100,Z01,ZAR
4500005300,ZDOM,2026-04-16T00:00:00,0001000021,Z100,Z01,ZAR
4500005301,WK,2024-10-02T00:00:00,0001000058,Z100,Z02,ZAR
4500005302,ZDOM,2024-10-12T00:00:00,0001000058,Z100,Z01,ZAR
4500005303,AN,2025-04-10T00:00:00,0001000058,Z100,Z01,ZAR
4500005304,AN,2025-09-22T00:00:00,0001000058,Z100,Z03,ZAR
4500005305,WK,2026-02-18T00:00:00,0001000058,Z100,Z02,ZAR
4500005306,WK,2026-09-07T00:00:00,0001000058,Z100,Z02,ZAR
4500005307,WK,2026-02-15T00:00:00,0001000057,Z100,Z03,ZAR
4500005308,WK,2024-09-09T00:00:00,0001000030,Z100,Z01,ZAR
4500005309,WK,2024-10-23T00:00:00,0001000030,Z100,Z03,ZAR
4500005310,ZDOM,2025-03-18T00:00:00,0001000030,Z100,Z02,ZAR
4500005311,ZDOM,2025-08-18T00:00:00,0001000030,Z100,Z01,ZAR
4500005312,AN,2024-10-04T00:00:00,0001000053,Z100,Z02,ZAR
4500005313,AN,2025-03-27T00:00:00,0001000053,Z100,Z02,ZAR
4500005314,AN,2025-04-27T00:00:00,0001000053,Z100,Z01,ZAR
4500005315,AN,2025-12-06T00:00:00,0001000053,Z100,Z02,ZAR
4500005316,ZDOM,2025-12-30T00:00:00,0001000053,Z100,Z01,ZAR
4500005317,WK,2026-07-23T00:00:00,0001000053,Z100,Z01,ZAR
4500005318,AN,2024-09-28T00:00:00,0001000029,Z100,Z02,ZAR
4500005319,ZDOM,2024-12-28T00:00:00,0001000029,Z100,Z01,ZAR
4500005320,AN,2026-01-05T00:00:00,0001000029,Z100,Z03,ZAR
4500005321,WK,2026-01-15T00:00:00,0001000029,Z100,Z03,ZAR
4500005322,AN,2024-09-03T00:00:00,0001000029,Z100,Z02,ZAR
4500005323,WK,2025-04-27T00:00:00,0001000029,Z100,Z02,ZAR
4500005324,AN,2025-12-04T00:00:00,0001000029,Z100,Z01,ZAR
4500005325,AN,2025-12-25T00:00:00,0001000029,Z100,Z03,ZAR
4500005326,WK,2026-07-09T00:00:00,0001000029,Z100,Z02,ZAR
4500005327,ZDOM,2024-09-02T00:00:00,0001000013,Z100,Z02,ZAR
4500005328,AN,2025-06-01T00:00:00,0001000013,Z100,Z01,ZAR
4500005329,AN,2025-07-03T00:00:00,0001000013,Z100,Z02,ZAR
4500005330,ZDOM,2026-01-15T00:00:00,0001000013,Z100,Z03,ZAR
4500005331,WK,2026-02-11T00:00:00,0001000013,Z100,Z03,ZAR
4500005332,AN,2026-08-22T00:00:00,0001000013,Z100,Z03,ZAR
4500005333,AN,2024-11-07T00:00:00,0001000050,Z100,Z01,ZAR
4500005334,AN,2024-11-25T00:00:00,0001000050,Z100,Z02,ZAR
4500005335,ZDOM,2026-03-08T00:00:00,0001000050,Z100,Z03,ZAR
4500005336,WK,2026-06-12T00:00:00,0001000050,Z100,Z03,ZAR
4500005337,WK,2024-10-07T00:00:00,0001000029,Z100,Z02,ZAR
4500005338,WK,2024-12-02T00:00:00,0001000029,Z100,Z01,ZAR
4500005339,ZDOM,2026-02-15T00:00:00,0001000029,Z100,Z01,ZAR
4500005340,ZDOM,2024-12-04T00:00:00,0001000017,Z100,Z02,ZAR
4500005341,ZDOM,2025-04-19T00:00:00,0001000017,Z100,Z02,ZAR
4500005342,AN,2025-06-12T00:00:00,0001000017,Z100,Z02,ZAR
4500005343,WK,2025-10-31T00:00:00,0001000017,Z100,Z03,ZAR
4500005344,AN,2026-02-24T00:00:00,0001000017,Z100,Z03,ZAR
4500005345,AN,2026-07-02T00:00:00,0001000017,Z100,Z01,ZAR
4500005346,ZDOM,2024-09-13T00:00:00,0001000003,Z100,Z03,ZAR
4500005347,ZDOM,2024-12-28T00:00:00,0001000003,Z100,Z03,ZAR
4500005348,ZDOM,2025-04-01T00:00:00,0001000003,Z100,Z01,ZAR
4500005349,ZDOM,2025-08-25T00:00:00,0001000003,Z100,Z01,ZAR
4500005350,WK,2025-11-14T00:00:00,0001000003,Z100,Z01,ZAR
4500005351,AN,2026-02-23T00:00:00,0001000003,Z100,Z01,ZAR
4500005352,AN,2026-03-27T00:00:00,0001000003,Z100,Z03,ZAR
4500005353,ZDOM,2026-06-19T00:00:00,0001000003,Z100,Z03,ZAR
4500005354,AN,2024-09-19T00:00:00,0001000039,Z100,Z02,ZAR
4500005355,ZDOM,2024-10-25T00:00:00,0001000039,Z100,Z01,ZAR
4500005356,ZDOM,2025-01-22T00:00:00,0001000039,Z100,Z02,ZAR
4500005357,ZDOM,2025-07-05T00:00:00,0001000039,Z100,Z02,ZAR
4500005358,AN,2025-11-10T00:00:00,0001000039,Z100,Z02,ZAR
4500005359,WK,2025-12-20T00:00:00,0001000039,Z100,Z01,ZAR
4500005360,AN,2026-02-02T00:00:00,0001000039,Z100,Z01,ZAR
4500005361,AN,2026-08-30T00:00:00,0001000039,Z100,Z03,ZAR
4500005362,ZDOM,2024-11-11T00:00:00,0001000051,Z100,Z03,ZAR
4500005363,AN,2025-04-08T00:00:00,0001000051,Z100,Z01,ZAR
4500005364,WK,2025-04-22T00:00:00,0001000051,Z100,Z03,ZAR
4500005365,ZDOM,2025-08-29T00:00:00,0001000051,Z100,Z03,ZAR
4500005366,AN,2025-11-13T00:00:00,0001000051,Z100,Z03,ZAR
4500005367,AN,2026-01-03T00:00:00,0001000051,Z100,Z02,ZAR
4500005368,AN,2026-01-27T00:00:00,0001000051,Z100,Z02,ZAR
4500005369,AN,2026-03-15T00:00:00,0001000051,Z100,Z01,ZAR
4500005370,ZDOM,2024-10-01T00:00:00,0001000009,Z100,Z02,ZAR
4500005371,ZDOM,2024-11-28T00:00:00,0001000009,Z100,Z01,ZAR
4500005372,WK,2025-06-30T00:00:00,0001000009,Z100,Z01,ZAR
4500005373,ZDOM,2025-07-15T00:00:00,0001000009,Z100,Z03,ZAR
4500005374,ZDOM,2025-10-15T00:00:00,0001000009,Z100,Z02,ZAR
4500005375,WK,2026-05-14T00:00:00,0001000009,Z100,Z02,ZAR
4500005376,ZDOM,2024-10-24T00:00:00,0001000054,Z100,Z02,ZAR
4500005377,AN,2025-02-02T00:00:00,0001000054,Z100,Z02,ZAR
4500005378,ZDOM,2025-05-27T00:00:00,0001000054,Z100,Z03,ZAR
4500005379,AN,2025-10-30T00:00:00,0001000054,Z100,Z01,ZAR
4500005380,WK,2026-01-30T00:00:00,0001000054,Z100,Z02,ZAR
4500005381,AN,2026-04-20T00:00:00,0001000054,Z100,Z01,ZAR
4500005382,AN,2026-07-08T00:00:00,0001000054,Z100,Z01,ZAR
4500005383,WK,2024-09-21T00:00:00,0001000031,Z100,Z02,ZAR
4500005384,AN,2025-04-30T00:00:00,0001000031,Z100,Z02,ZAR
4500005385,WK,2025-09-19T00:00:00,0001000031,Z100,Z02,ZAR
4500005386,ZDOM,2026-06-11T00:00:00,0001000031,Z100,Z01,ZAR
4500005387,ZDOM,2024-09-14T00:00:00,0001000000,Z100,Z02,ZAR
4500005388,ZDOM,2024-11-02T00:00:00,0001000000,Z100,Z03,ZAR
4500005389,ZDOM,2024-12-30T00:00:00,0001000000,Z100,Z03,ZAR
4500005390,ZDOM,2025-04-19T00:00:00,0001000000,Z100,Z02,ZAR
4500005391,AN,2025-05-28T00:00:00,0001000000,Z100,Z03,ZAR
4500005392,WK,2025-06-05T00:00:00,0001000000,Z100,Z02,ZAR
4500005393,AN,2025-11-17T00:00:00,0001000000,Z100,Z01,ZAR
4500005394,AN,2026-02-05T00:00:00,0001000000,Z100,Z02,ZAR
4500005395,WK,2026-02-12T00:00:00,0001000000,Z100,Z03,ZAR
4500005396,AN,2026-04-17T00:00:00,0001000000,Z100,Z03,ZAR
4500005397,WK,2024-09-14T00:00:00,0001000008,Z100,Z02,ZAR
4500005398,AN,2025-04-11T00:00:00,0001000008,Z100,Z02,ZAR
4500005399,WK,2026-03-07T00:00:00,0001000008,Z100,Z03,ZAR
4500005400,AN,2024-09-19T00:00:00,0001000008,Z100,Z03,ZAR
4500005401,WK,2025-04-17T00:00:00,0001000008,Z100,Z02,ZAR
4500005402,WK,2025-05-25T00:00:00,0001000008,Z100,Z03,ZAR
4500005403,ZDOM,2025-07-14T00:00:00,0001000008,Z100,Z02,ZAR
4500005404,WK,2026-01-01T00:00:00,0001000008,Z100,Z02,ZAR
4500005405,AN,2026-01-13T00:00:00,0001000008,Z100,Z02,ZAR
4500005406,WK,2024-09-29T00:00:00,0001000016,Z100,Z03,ZAR
4500005407,WK,2024-11-28T00:00:00,0001000016,Z100,Z02,ZAR
4500005408,ZDOM,2025-07-22T00:00:00,0001000016,Z100,Z03,ZAR
4500005409,ZDOM,2025-08-22T00:00:00,0001000016,Z100,Z02,ZAR
4500005410,WK,2025-09-30T00:00:00,0001000016,Z100,Z02,ZAR
4500005411,ZDOM,2025-11-03T00:00:00,0001000016,Z100,Z02,ZAR
4500005412,AN,2026-05-15T00:00:00,0001000016,Z100,Z02,ZAR
4500005413,WK,2026-09-07T00:00:00,0001000016,Z100,Z03,ZAR
4500005414,AN,2024-09-13T00:00:00,0001000027,Z100,Z02,ZAR
4500005415,AN,2024-10-15T00:00:00,0001000027,Z100,Z03,ZAR
4500005416,AN,2024-12-04T00:00:00,0001000027,Z100,Z01,ZAR
4500005417,WK,2025-11-15T00:00:00,0001000027,Z100,Z01,ZAR
4500005418,ZDOM,2025-12-31T00:00:00,0001000027,Z100,Z01,ZAR
4500005419,ZDOM,2026-05-22T00:00:00,0001000027,Z100,Z03,ZAR
4500005420,ZDOM,2026-06-07T00:00:00,0001000027,Z100,Z02,ZAR
4500005421,AN,2024-10-26T00:00:00,0001000027,Z100,Z03,ZAR
4500005422,AN,2025-06-17T00:00:00,0001000027,Z100,Z03,ZAR
4500005423,AN,2026-05-08T00:00:00,0001000027,Z100,Z02,ZAR
4500005424,WK,2024-10-14T00:00:00,0001000046,Z100,Z02,ZAR
4500005425,AN,2024-11-29T00:00:00,0001000046,Z100,Z01,ZAR
4500005426,WK,2024-12-13T00:00:00,0001000046,Z100,Z02,ZAR
4500005427,AN,2025-04-10T00:00:00,0001000046,Z100,Z02,ZAR
4500005428,WK,2024-09-16T00:00:00,0001000058,Z100,Z01,ZAR
4500005429,ZDOM,2024-11-04T00:00:00,0001000058,Z100,Z03,ZAR
4500005430,WK,2025-05-20T00:00:00,0001000058,Z100,Z02,ZAR
4500005431,ZDOM,2025-06-27T00:00:00,0001000058,Z100,Z02,ZAR
4500005432,AN,2025-10-16T00:00:00,0001000058,Z100,Z01,ZAR
4500005433,ZDOM,2025-01-01T00:00:00,0001000049,Z100,Z02,ZAR
4500005434,WK,2025-01-10T00:00:00,0001000049,Z100,Z02,ZAR
4500005435,WK,2025-08-29T00:00:00,0001000049,Z100,Z01,ZAR
4500005436,AN,2025-09-10T00:00:00,0001000049,Z100,Z01,ZAR
4500005437,AN,2025-12-25T00:00:00,0001000049,Z100,Z02,ZAR
4500005438,WK,2026-02-27T00:00:00,0001000049,Z100,Z01,ZAR
4500005439,AN,2026-08-31T00:00:00,0001000049,Z100,Z02,ZAR
4500005440,ZDOM,2024-09-30T00:00:00,0001000049,Z100,Z01,ZAR
4500005441,AN,2025-05-01T00:00:00,0001000049,Z100,Z03,ZAR
4500005442,ZDOM,2026-02-18T00:00:00,0001000049,Z100,Z03,ZAR
4500005443,AN,2024-09-23T00:00:00,0001000004,Z100,Z02,ZAR
4500005444,AN,2024-12-25T00:00:00,0001000004,Z100,Z01,ZAR
4500005445,AN,2025-07-04T00:00:00,0001000004,Z100,Z02,ZAR
4500005446,AN,2025-10-11T00:00:00,0001000004,Z100,Z03,ZAR
4500005447,WK,2026-01-13T00:00:00,0001000004,Z100,Z03,ZAR
4500005448,AN,2026-03-01T00:00:00,0001000004,Z100,Z02,ZAR
4500005449,AN,2026-05-06T00:00:00,0001000004,Z100,Z02,ZAR
4500005450,WK,2024-10-23T00:00:00,0001000004,Z100,Z01,ZAR
4500005451,WK,2025-06-25T00:00:00,0001000004,Z100,Z02,ZAR
4500005452,ZDOM,2025-12-09T00:00:00,0001000004,Z100,Z01,ZAR
4500005453,ZDOM,2026-06-01T00:00:00,0001000004,Z100,Z01,ZAR
4500005454,ZDOM,2024-12-28T00:00:00,0001000007,Z100,Z02,ZAR
4500005455,ZDOM,2025-04-27T00:00:00,0001000007,Z100,Z02,ZAR
4500005456,AN,2025-07-27T00:00:00,0001000007,Z100,Z03,ZAR
4500005457,AN,2025-09-24T00:00:00,0001000007,Z100,Z03,ZAR
4500005458,ZDOM,2025-11-20T00:00:00,0001000007,Z100,Z02,ZAR
4500005459,ZDOM,2026-02-04T00:00:00,0001000007,Z100,Z02,ZAR
4500005460,WK,2026-05-30T00:00:00,0001000007,Z100,Z03,ZAR
4500005461,ZDOM,2026-08-15T00:00:00,0001000007,Z100,Z03,ZAR
4500005462,WK,2024-11-09T00:00:00,0001000007,Z100,Z02,ZAR
4500005463,WK,2024-12-22T00:00:00,0001000007,Z100,Z02,ZAR
4500005464,AN,2025-03-14T00:00:00,0001000007,Z100,Z02,ZAR
4500005465,ZDOM,2025-06-21T00:00:00,0001000007,Z100,Z01,ZAR
4500005466,AN,2025-09-22T00:00:00,0001000007,Z100,Z03,ZAR
4500005467,WK,2025-12-15T00:00:00,0001000007,Z100,Z01,ZAR
4500005468,WK,2026-05-03T00:00:00,0001000007,Z100,Z02,ZAR
4500005469,AN,2026-05-31T00:00:00,0001000007,Z100,Z01,ZAR
4500005470,WK,2026-08-20T00:00:00,0001000007,Z100,Z01,ZAR
4500005471,ZDOM,2024-10-25T00:00:00,0001000043,Z100,Z03,ZAR
4500005472,AN,2024-12-06T00:00:00,0001000043,Z100,Z01,ZAR
4500005473,AN,2024-12-17T00:00:00,0001000043,Z100,Z02,ZAR
4500005474,WK,2025-02-23T00:00:00,0001000043,Z100,Z03,ZAR
4500005475,ZDOM,2025-05-18T00:00:00,0001000043,Z100,Z02,ZAR
4500005476,ZDOM,2025-08-31T00:00:00,0001000043,Z100,Z01,ZAR
4500005477,WK,2025-11-17T00:00:00,0001000043,Z100,Z02,ZAR
4500005478,ZDOM,2025-12-17T00:00:00,0001000043,Z100,Z02,ZAR
4500005479,AN,2026-04-30T00:00:00,0001000043,Z100,Z02,ZAR
4500005480,ZDOM,2026-05-13T00:00:00,0001000043,Z100,Z01,ZAR
4500005481,WK,2026-08-17T00:00:00,0001000043,Z100,Z02,ZAR
4500005482,WK,2025-02-08T00:00:00,0001000036,Z100,Z02,ZAR
4500005483,AN,2025-09-11T00:00:00,0001000036,Z100,Z01,ZAR
4500005484,WK,2025-12-05T00:00:00,0001000036,Z100,Z01,ZAR
4500005485,AN,2025-02-18T00:00:00,0001000057,Z100,Z03,ZAR
4500005486,AN,2025-09-26T00:00:00,0001000057,Z100,Z03,ZAR
4500005487,ZDOM,2024-09-15T00:00:00,0001000038,Z100,Z03,ZAR
4500005488,ZDOM,2025-05-22T00:00:00,0001000038,Z100,Z02,ZAR
4500005489,WK,2025-07-15T00:00:00,0001000038,Z100,Z03,ZAR
4500005490,AN,2025-09-01T00:00:00,0001000038,Z100,Z02,ZAR
4500005491,AN,2025-11-24T00:00:00,0001000038,Z100,Z01,ZAR
4500005492,WK,2026-04-24T00:00:00,0001000038,Z100,Z02,ZAR
4500005493,AN,2026-05-28T00:00:00,0001000038,Z100,Z02,ZAR
4500005494,WK,2026-06-23T00:00:00,0001000038,Z100,Z01,ZAR
4500005495,ZDOM,2026-08-25T00:00:00,0001000038,Z100,Z01,ZAR
4500005496,WK,2024-09-21T00:00:00,0001000038,Z100,Z01,ZAR
4500005497,ZDOM,2025-01-11T00:00:00,0001000038,Z100,Z02,ZAR
4500005498,AN,2025-02-03T00:00:00,0001000038,Z100,Z03,ZAR
4500005499,AN,2025-04-11T00:00:00,0001000038,Z100,Z02,ZAR
4500005500,AN,2025-09-02T00:00:00,0001000038,Z100,Z03,ZAR
4500005501,WK,2026-01-07T00:00:00,0001000038,Z100,Z03,ZAR
4500005502,AN,2024-10-08T00:00:00,0001000016,Z100,Z03,ZAR
4500005503,AN,2025-06-19T00:00:00,0001000016,Z100,Z03,ZAR
4500005504,AN,2025-09-25T00:00:00,0001000016,Z100,Z03,ZAR
4500005505,WK,2026-03-09T00:00:00,0001000016,Z100,Z01,ZAR
4500005506,WK,2024-10-02T00:00:00,0001000013,Z100,Z02,ZAR
4500005507,AN,2025-03-05T00:00:00,0001000013,Z100,Z02,ZAR
4500005508,WK,2025-06-02T00:00:00,0001000013,Z100,Z02,ZAR
4500005509,WK,2025-12-23T00:00:00,0001000013,Z100,Z02,ZAR
4500005510,AN,2026-02-03T00:00:00,0001000013,Z100,Z02,ZAR
4500005511,WK,2026-03-06T00:00:00,0001000013,Z100,Z03,ZAR
4500005512,ZDOM,2026-04-20T00:00:00,0001000013,Z100,Z01,ZAR
4500005513,WK,2024-10-28T00:00:00,0001000055,Z100,Z03,ZAR
4500005514,AN,2025-07-01T00:00:00,0001000055,Z100,Z01,ZAR
4500005515,AN,2025-11-16T00:00:00,0001000055,Z100,Z03,ZAR
4500005516,ZDOM,2025-12-18T00:00:00,0001000055,Z100,Z02,ZAR
4500005517,WK,2024-11-19T00:00:00,0001000024,Z100,Z01,ZAR
4500005518,WK,2025-08-01T00:00:00,0001000024,Z100,Z03,ZAR
4500005519,WK,2025-08-24T00:00:00,0001000024,Z100,Z02,ZAR
4500005520,WK,2025-09-16T00:00:00,0001000024,Z100,Z01,ZAR
4500005521,AN,2025-10-09T00:00:00,0001000024,Z100,Z01,ZAR
4500005522,AN,2026-02-06T00:00:00,0001000024,Z100,Z01,ZAR
4500005523,AN,2026-02-15T00:00:00,0001000024,Z100,Z03,ZAR
4500005524,WK,2026-05-09T00:00:00,0001000024,Z100,Z02,ZAR
4500005525,AN,2026-06-24T00:00:00,0001000024,Z100,Z01,ZAR
4500005526,WK,2025-01-01T00:00:00,0001000056,Z100,Z03,ZAR
4500005527,AN,2025-01-28T00:00:00,0001000056,Z100,Z01,ZAR
4500005528,WK,2025-04-01T00:00:00,0001000056,Z100,Z02,ZAR
4500005529,WK,2026-02-06T00:00:00,0001000056,Z100,Z02,ZAR
4500005530,AN,2026-07-24T00:00:00,0001000056,Z100,Z03,ZAR
4500005531,ZDOM,2024-09-28T00:00:00,0001000026,Z100,Z03,ZAR
4500005532,WK,2025-02-26T00:00:00,0001000026,Z100,Z01,ZAR
4500005533,WK,2025-07-04T00:00:00,0001000026,Z100,Z01,ZAR
4500005534,AN,2025-11-13T00:00:00,0001000026,Z100,Z01,ZAR
4500005535,ZDOM,2026-06-03T00:00:00,0001000026,Z100,Z02,ZAR
4500005536,WK,2024-09-17T00:00:00,0001000030,Z100,Z03,ZAR
4500005537,WK,2025-11-05T00:00:00,0001000030,Z100,Z02,ZAR
4500005538,WK,2026-05-13T00:00:00,0001000030,Z100,Z01,ZAR
4500005539,ZDOM,2024-10-05T00:00:00,0001000030,Z100,Z01,ZAR
4500005540,ZDOM,2025-04-01T00:00:00,0001000030,Z100,Z01,ZAR
4500005541,WK,2025-04-13T00:00:00,0001000030,Z100,Z02,ZAR
4500005542,ZDOM,2025-05-27T00:00:00,0001000030,Z100,Z03,ZAR
4500005543,AN,2025-06-05T00:00:00,0001000030,Z100,Z01,ZAR
4500005544,AN,2025-11-13T00:00:00,0001000030,Z100,Z03,ZAR
4500005545,ZDOM,2025-12-12T00:00:00,0001000030,Z100,Z01,ZAR
4500005546,ZDOM,2026-06-04T00:00:00,0001000030,Z100,Z03,ZAR
4500005547,AN,2024-11-08T00:00:00,0001000040,Z100,Z03,ZAR
4500005548,AN,2025-07-07T00:00:00,0001000040,Z100,Z03,ZAR
4500005549,ZDOM,2025-12-10T00:00:00,0001000040,Z100,Z03,ZAR
4500005550,ZDOM,2024-10-14T00:00:00,0001000027,Z100,Z01,ZAR
4500005551,ZDOM,2024-11-19T00:00:00,0001000027,Z100,Z01,ZAR
4500005552,ZDOM,2025-09-10T00:00:00,0001000027,Z100,Z02,ZAR
4500005553,WK,2026-02-15T00:00:00,0001000027,Z100,Z02,ZAR
4500005554,AN,2026-03-31T00:00:00,0001000027,Z100,Z02,ZAR
4500005555,ZDOM,2026-04-18T00:00:00,0001000027,Z100,Z02,ZAR
4500005556,WK,2024-09-14T00:00:00,0001000038,Z100,Z02,ZAR
4500005557,AN,2025-03-04T00:00:00,0001000038,Z100,Z03,ZAR
4500005558,AN,2026-04-19T00:00:00,0001000038,Z100,Z02,ZAR
4500005559,ZDOM,2026-05-12T00:00:00,0001000038,Z100,Z01,ZAR
4500005560,WK,2026-06-26T00:00:00,0001000038,Z100,Z02,ZAR
4500005561,ZDOM,2024-09-25T00:00:00,0001000038,Z100,Z02,ZAR
4500005562,ZDOM,2025-01-20T00:00:00,0001000038,Z100,Z03,ZAR
4500005563,AN,2026-06-26T00:00:00,0001000038,Z100,Z03,ZAR
4500005564,WK,2024-10-09T00:00:00,0001000048,Z100,Z02,ZAR
4500005565,WK,2025-11-27T00:00:00,0001000048,Z100,Z01,ZAR
4500005566,ZDOM,2026-01-10T00:00:00,0001000048,Z100,Z01,ZAR
4500005567,ZDOM,2026-05-12T00:00:00,0001000048,Z100,Z02,ZAR
4500005568,AN,2024-09-27T00:00:00,0001000057,Z100,Z01,ZAR
4500005569,WK,2024-10-10T00:00:00,0001000057,Z100,Z02,ZAR
4500005570,AN,2025-03-31T00:00:00,0001000057,Z100,Z03,ZAR
4500005571,WK,2025-05-01T00:00:00,0001000057,Z100,Z03,ZAR
4500005572,AN,2025-08-23T00:00:00,0001000057,Z100,Z03,ZAR
4500005573,AN,2025-11-06T00:00:00,0001000057,Z100,Z02,ZAR
4500005574,WK,2026-01-02T00:00:00,0001000057,Z100,Z01,ZAR
4500005575,ZDOM,2026-02-21T00:00:00,0001000057,Z100,Z01,ZAR
4500005576,WK,2026-06-26T00:00:00,0001000057,Z100,Z02,ZAR
4500005577,WK,2026-09-07T00:00:00,0001000057,Z100,Z02,ZAR
4500005578,AN,2024-12-18T00:00:00,0001000016,Z100,Z02,ZAR
4500005579,ZDOM,2025-01-10T00:00:00,0001000016,Z100,Z03,ZAR
4500005580,ZDOM,2025-02-05T00:00:00,0001000016,Z100,Z02,ZAR
4500005581,ZDOM,2025-12-16T00:00:00,0001000016,Z100,Z02,ZAR
4500005582,WK,2026-06-17T00:00:00,0001000016,Z100,Z01,ZAR
4500005583,WK,2024-09-14T00:00:00,0001000005,Z100,Z01,ZAR
4500005584,ZDOM,2024-11-08T00:00:00,0001000005,Z100,Z02,ZAR
4500005585,ZDOM,2025-08-09T00:00:00,0001000005,Z100,Z02,ZAR
4500005586,WK,2026-02-08T00:00:00,0001000005,Z100,Z01,ZAR
4500005587,WK,2024-12-03T00:00:00,0001000008,Z100,Z03,ZAR
4500005588,AN,2025-11-18T00:00:00,0001000008,Z100,Z03,ZAR
4500005589,WK,2026-09-07T00:00:00,0001000008,Z100,Z03,ZAR
4500005590,AN,2024-10-31T00:00:00,0001000008,Z100,Z02,ZAR
4500005591,AN,2025-07-11T00:00:00,0001000008,Z100,Z02,ZAR
4500005592,ZDOM,2025-08-20T00:00:00,0001000008,Z100,Z02,ZAR
4500005593,WK,2025-09-21T00:00:00,0001000008,Z100,Z02,ZAR
4500005594,AN,2025-12-19T00:00:00,0001000008,Z100,Z03,ZAR
4500005595,WK,2026-01-29T00:00:00,0001000008,Z100,Z02,ZAR
4500005596,WK,2026-08-14T00:00:00,0001000008,Z100,Z03,ZAR
4500005597,AN,2024-09-20T00:00:00,0001000005,Z100,Z01,ZAR
4500005598,AN,2025-03-06T00:00:00,0001000005,Z100,Z03,ZAR
4500005599,WK,2025-05-20T00:00:00,0001000005,Z100,Z01,ZAR
4500005600,AN,2024-09-22T00:00:00,0001000005,Z100,Z02,ZAR
4500005601,AN,2025-02-12T00:00:00,0001000005,Z100,Z01,ZAR
4500005602,AN,2025-06-18T00:00:00,0001000005,Z100,Z02,ZAR
4500005603,WK,2024-10-09T00:00:00,0001000052,Z100,Z01,ZAR
4500005604,AN,2025-04-10T00:00:00,0001000052,Z100,Z01,ZAR
4500005605,ZDOM,2025-09-10T00:00:00,0001000052,Z100,Z02,ZAR
4500005606,WK,2026-05-03T00:00:00,0001000052,Z100,Z01,ZAR
4500005607,WK,2024-11-23T00:00:00,0001000059,Z100,Z01,ZAR
4500005608,ZDOM,2024-12-25T00:00:00,0001000059,Z100,Z02,ZAR
4500005609,WK,2025-03-05T00:00:00,0001000059,Z100,Z01,ZAR
4500005610,WK,2025-03-30T00:00:00,0001000059,Z100,Z02,ZAR
4500005611,ZDOM,2026-01-26T00:00:00,0001000059,Z100,Z02,ZAR
4500005612,AN,2024-09-13T00:00:00,0001000059,Z100,Z01,ZAR
4500005613,AN,2024-11-27T00:00:00,0001000059,Z100,Z01,ZAR
4500005614,WK,2025-04-30T00:00:00,0001000059,Z100,Z01,ZAR
4500005615,ZDOM,2026-01-03T00:00:00,0001000059,Z100,Z01,ZAR
4500005616,AN,2026-05-15T00:00:00,0001000059,Z100,Z01,ZAR
4500005617,ZDOM,2024-11-09T00:00:00,0001000017,Z100,Z03,ZAR
4500005618,WK,2025-04-12T00:00:00,0001000017,Z100,Z01,ZAR
4500005619,AN,2025-10-29T00:00:00,0001000017,Z100,Z03,ZAR
4500005620,WK,2025-11-11T00:00:00,0001000017,Z100,Z01,ZAR
4500005621,ZDOM,2026-04-05T00:00:00,0001000017,Z100,Z02,ZAR
4500005622,AN,2024-09-23T00:00:00,0001000017,Z100,Z01,ZAR
4500005623,AN,2025-02-23T00:00:00,0001000017,Z100,Z03,ZAR
4500005624,AN,2025-08-24T00:00:00,0001000017,Z100,Z03,ZAR
4500005625,ZDOM,2025-12-01T00:00:00,0001000017,Z100,Z03,ZAR
4500005626,WK,2026-09-07T00:00:00,0001000017,Z100,Z01,ZAR
4500005627,ZDOM,2025-01-12T00:00:00,0001000055,Z100,Z02,ZAR
4500005628,AN,2025-04-06T00:00:00,0001000055,Z100,Z01,ZAR
4500005629,WK,2025-04-13T00:00:00,0001000055,Z100,Z03,ZAR
4500005630,ZDOM,2025-06-03T00:00:00,0001000055,Z100,Z03,ZAR
4500005631,ZDOM,2025-07-04T00:00:00,0001000055,Z100,Z01,ZAR
4500005632,WK,2025-09-22T00:00:00,0001000055,Z100,Z01,ZAR
4500005633,ZDOM,2025-10-16T00:00:00,0001000055,Z100,Z02,ZAR
4500005634,ZDOM,2026-09-05T00:00:00,0001000055,Z100,Z02,ZAR
4500005635,AN,2024-10-07T00:00:00,0001000055,Z100,Z01,ZAR
4500005636,AN,2025-02-08T00:00:00,0001000055,Z100,Z01,ZAR
4500005637,WK,2025-02-28T00:00:00,0001000055,Z100,Z02,ZAR
4500005638,ZDOM,2025-05-14T00:00:00,0001000055,Z100,Z03,ZAR
4500005639,WK,2026-01-02T00:00:00,0001000055,Z100,Z03,ZAR
4500005640,AN,2026-06-11T00:00:00,0001000055,Z100,Z02,ZAR
4500005641,AN,2024-10-21T00:00:00,0001000024,Z100,Z03,ZAR
4500005642,AN,2025-03-26T00:00:00,0001000024,Z100,Z02,ZAR
4500005643,WK,2025-10-14T00:00:00,0001000024,Z100,Z03,ZAR
4500005644,AN,2026-03-30T00:00:00,0001000024,Z100,Z01,ZAR
4500005645,WK,2026-09-07T00:00:00,0001000024,Z100,Z01,ZAR
4500005646,WK,2024-09-29T00:00:00,0001000029,Z100,Z02,ZAR
4500005647,ZDOM,2025-08-19T00:00:00,0001000029,Z100,Z02,ZAR
4500005648,WK,2026-07-09T00:00:00,0001000029,Z100,Z02,ZAR
4500005649,WK,2025-12-22T00:00:00,0001000007,Z100,Z02,ZAR
4500005650,ZDOM,2026-01-24T00:00:00,0001000007,Z100,Z01,ZAR
4500005651,AN,2024-12-15T00:00:00,0001000020,Z100,Z02,ZAR
4500005652,WK,2025-01-20T00:00:00,0001000020,Z100,Z02,ZAR
4500005653,WK,2025-07-19T00:00:00,0001000020,Z100,Z01,ZAR
4500005654,AN,2026-04-07T00:00:00,0001000020,Z100,Z02,ZAR
4500005655,WK,2026-04-24T00:00:00,0001000020,Z100,Z03,ZAR
4500005656,ZDOM,2026-06-03T00:00:00,0001000020,Z100,Z03,ZAR
4500005657,WK,2024-09-12T00:00:00,0001000016,Z100,Z01,ZAR
4500005658,ZDOM,2025-06-01T00:00:00,0001000016,Z100,Z02,ZAR
4500005659,ZDOM,2025-08-17T00:00:00,0001000016,Z100,Z03,ZAR
4500005660,AN,2026-07-07T00:00:00,0001000016,Z100,Z01,ZAR
4500005661,ZDOM,2024-09-30T00:00:00,0001000058,Z100,Z03,ZAR
4500005662,AN,2025-01-03T00:00:00,0001000058,Z100,Z02,ZAR
4500005663,WK,2025-03-20T00:00:00,0001000058,Z100,Z03,ZAR
4500005664,ZDOM,2025-07-02T00:00:00,0001000058,Z100,Z02,ZAR
4500005665,AN,2025-10-11T00:00:00,0001000058,Z100,Z03,ZAR
4500005666,WK,2025-12-06T00:00:00,0001000058,Z100,Z02,ZAR
4500005667,AN,2026-01-27T00:00:00,0001000058,Z100,Z03,ZAR
4500005668,WK,2026-02-16T00:00:00,0001000058,Z100,Z03,ZAR
4500005669,ZDOM,2026-07-10T00:00:00,0001000058,Z100,Z03,ZAR
4500005670,AN,2026-08-14T00:00:00,0001000058,Z100,Z03,ZAR
4500005671,AN,2024-10-17T00:00:00,0001000058,Z100,Z03,ZAR
4500005672,AN,2025-03-24T00:00:00,0001000058,Z100,Z03,ZAR
4500005673,WK,2025-04-20T00:00:00,0001000058,Z100,Z03,ZAR
4500005674,ZDOM,2025-09-13T00:00:00,0001000058,Z100,Z03,ZAR
4500005675,AN,2025-11-07T00:00:00,0001000058,Z100,Z03,ZAR
4500005676,ZDOM,2026-04-15T00:00:00,0001000058,Z100,Z03,ZAR
4500005677,WK,2024-09-19T00:00:00,0001000034,Z100,Z01,ZAR
4500005678,ZDOM,2025-06-14T00:00:00,0001000034,Z100,Z01,ZAR
4500005679,AN,2026-01-12T00:00:00,0001000034,Z100,Z02,ZAR
4500005680,AN,2026-02-14T00:00:00,0001000034,Z100,Z03,ZAR
4500005681,WK,2026-03-14T00:00:00,0001000034,Z100,Z02,ZAR
4500005682,WK,2024-09-19T00:00:00,0001000056,Z100,Z02,ZAR
4500005683,AN,2025-08-19T00:00:00,0001000056,Z100,Z03,ZAR
4500005684,WK,2026-04-23T00:00:00,0001000056,Z100,Z03,ZAR
4500005685,WK,2024-09-21T00:00:00,0001000056,Z100,Z03,ZAR
4500005686,ZDOM,2025-06-21T00:00:00,0001000056,Z100,Z02,ZAR
4500005687,AN,2026-05-13T00:00:00,0001000056,Z100,Z02,ZAR
4500005688,ZDOM,2025-01-06T00:00:00,0001000036,Z100,Z01,ZAR
4500005689,AN,2025-06-21T00:00:00,0001000036,Z100,Z01,ZAR
4500005690,AN,2026-03-18T00:00:00,0001000036,Z100,Z02,ZAR
4500005691,AN,2024-09-26T00:00:00,0001000040,Z100,Z02,ZAR
4500005692,ZDOM,2025-07-11T00:00:00,0001000040,Z100,Z03,ZAR
4500005693,AN,2025-07-30T00:00:00,0001000040,Z100,Z02,ZAR
4500005694,WK,2026-02-27T00:00:00,0001000040,Z100,Z02,ZAR
4500005695,ZDOM,2026-03-15T00:00:00,0001000040,Z100,Z01,ZAR
4500005696,AN,2025-02-11T00:00:00,0001000047,Z100,Z03,ZAR
4500005697,ZDOM,2025-06-26T00:00:00,0001000047,Z100,Z02,ZAR
4500005698,AN,2024-09-19T00:00:00,0001000020,Z100,Z01,ZAR
4500005699,WK,2025-08-05T00:00:00,0001000020,Z100,Z01,ZAR
4500005700,WK,2026-04-11T00:00:00,0001000020,Z100,Z02,ZAR
4500005701,ZDOM,2026-06-22T00:00:00,0001000020,Z100,Z03,ZAR
4500005702,ZDOM,2024-09-13T00:00:00,0001000021,Z100,Z02,ZAR
4500005703,ZDOM,2026-06-23T00:00:00,0001000021,Z100,Z03,ZAR
4500005704,WK,2024-09-24T00:00:00,0001000050,Z100,Z03,ZAR
4500005705,ZDOM,2025-01-15T00:00:00,0001000050,Z100,Z02,ZAR
4500005706,ZDOM,2025-11-18T00:00:00,0001000050,Z100,Z02,ZAR
4500005707,ZDOM,2026-07-07T00:00:00,0001000050,Z100,Z02,ZAR
4500005708,ZDOM,2024-09-11T00:00:00,0001000036,Z100,Z03,ZAR
4500005709,AN,2025-05-01T00:00:00,0001000036,Z100,Z01,ZAR
4500005710,WK,2025-05-23T00:00:00,0001000036,Z100,Z01,ZAR
4500005711,ZDOM,2025-06-20T00:00:00,0001000036,Z100,Z01,ZAR
4500005712,WK,2026-01-20T00:00:00,0001000036,Z100,Z01,ZAR
4500005713,AN,2026-05-30T00:00:00,0001000036,Z100,Z03,ZAR
4500005714,AN,2024-10-05T00:00:00,0001000034,Z100,Z02,ZAR
4500005715,ZDOM,2025-08-24T00:00:00,0001000034,Z100,Z03,ZAR
4500005716,AN,2026-02-04T00:00:00,0001000034,Z100,Z01,ZAR
4500005717,ZDOM,2026-03-26T00:00:00,0001000034,Z100,Z02,ZAR
4500005718,AN,2024-09-13T00:00:00,0001000034,Z100,Z01,ZAR
4500005719,WK,2025-05-04T00:00:00,0001000034,Z100,Z02,ZAR
4500005720,ZDOM,2025-07-29T00:00:00,0001000034,Z100,Z02,ZAR
4500005721,AN,2025-04-20T00:00:00,0001000017,Z100,Z02,ZAR
4500005722,AN,2026-01-21T00:00:00,0001000017,Z100,Z01,ZAR
4500005723,ZDOM,2024-09-25T00:00:00,0001000029,Z100,Z01,ZAR
4500005724,WK,2025-12-03T00:00:00,0001000029,Z100,Z01,ZAR
4500005725,WK,2024-09-15T00:00:00,0001000029,Z100,Z02,ZAR
4500005726,WK,2024-10-22T00:00:00,0001000029,Z100,Z01,ZAR
4500005727,WK,2025-08-21T00:00:00,0001000029,Z100,Z03,ZAR
4500005728,AN,2025-11-06T00:00:00,0001000029,Z100,Z01,ZAR
4500005729,ZDOM,2024-10-08T00:00:00,0001000020,Z100,Z03,ZAR
4500005730,AN,2024-10-10T00:00:00,0001000020,Z100,Z02,ZAR
4500005731,WK,2024-11-18T00:00:00,0001000020,Z100,Z01,ZAR
4500005732,AN,2024-12-18T00:00:00,0001000020,Z100,Z02,ZAR
4500005733,AN,2025-02-07T00:00:00,0001000020,Z100,Z03,ZAR
4500005734,WK,2024-12-06T00:00:00,0001000052,Z100,Z03,ZAR
4500005735,WK,2025-01-19T00:00:00,0001000052,Z100,Z01,ZAR
4500005736,WK,2025-06-25T00:00:00,0001000052,Z100,Z03,ZAR
4500005737,WK,2025-11-18T00:00:00,0001000052,Z100,Z02,ZAR
4500005738,AN,2026-04-02T00:00:00,0001000052,Z100,Z02,ZAR
4500005739,WK,2024-09-11T00:00:00,0001000043,Z100,Z03,ZAR
4500005740,AN,2025-01-23T00:00:00,0001000043,Z100,Z01,ZAR
4500005741,AN,2025-03-26T00:00:00,0001000043,Z100,Z03,ZAR
4500005742,AN,2025-07-21T00:00:00,0001000043,Z100,Z03,ZAR
4500005743,ZDOM,2025-10-01T00:00:00,0001000043,Z100,Z02,ZAR
4500005744,AN,2026-03-20T00:00:00,0001000043,Z100,Z01,ZAR
4500005745,AN,2024-09-22T00:00:00,0001000051,Z100,Z02,ZAR
4500005746,WK,2025-02-27T00:00:00,0001000051,Z100,Z01,ZAR
4500005747,WK,2025-05-18T00:00:00,0001000051,Z100,Z01,ZAR
4500005748,ZDOM,2025-07-30T00:00:00,0001000051,Z100,Z03,ZAR
4500005749,AN,2025-09-24T00:00:00,0001000051,Z100,Z01,ZAR
4500005750,AN,2025-10-19T00:00:00,0001000051,Z100,Z01,ZAR
4500005751,AN,2025-11-17T00:00:00,0001000051,Z100,Z02,ZAR
4500005752,WK,2026-05-03T00:00:00,0001000051,Z100,Z03,ZAR
4500005753,ZDOM,2026-05-26T00:00:00,0001000051,Z100,Z02,ZAR
4500005754,WK,2026-06-12T00:00:00,0001000051,Z100,Z03,ZAR
4500005755,ZDOM,2026-07-06T00:00:00,0001000051,Z100,Z02,ZAR
4500005756,ZDOM,2026-08-22T00:00:00,0001000051,Z100,Z02,ZAR
4500005757,AN,2024-09-21T00:00:00,0001000016,Z100,Z01,ZAR
4500005758,AN,2024-10-31T00:00:00,0001000016,Z100,Z02,ZAR
4500005759,ZDOM,2025-05-24T00:00:00,0001000016,Z100,Z02,ZAR
4500005760,AN,2025-07-21T00:00:00,0001000016,Z100,Z01,ZAR
4500005761,WK,2025-08-09T00:00:00,0001000016,Z100,Z01,ZAR
4500005762,ZDOM,2025-09-04T00:00:00,0001000016,Z100,Z01,ZAR
4500005763,AN,2025-10-25T00:00:00,0001000016,Z100,Z03,ZAR
4500005764,WK,2024-09-12T00:00:00,0001000030,Z100,Z02,ZAR
4500005765,ZDOM,2025-01-20T00:00:00,0001000030,Z100,Z01,ZAR
4500005766,AN,2025-04-29T00:00:00,0001000030,Z100,Z02,ZAR
4500005767,AN,2025-11-28T00:00:00,0001000030,Z100,Z02,ZAR
4500005768,ZDOM,2025-12-28T00:00:00,0001000030,Z100,Z03,ZAR
4500005769,AN,2026-04-01T00:00:00,0001000030,Z100,Z01,ZAR
4500005770,WK,2024-10-31T00:00:00,0001000030,Z100,Z03,ZAR
4500005771,AN,2024-12-02T00:00:00,0001000030,Z100,Z03,ZAR
4500005772,WK,2024-12-10T00:00:00,0001000030,Z100,Z03,ZAR
4500005773,WK,2025-06-23T00:00:00,0001000030,Z100,Z03,ZAR
4500005774,AN,2025-07-21T00:00:00,0001000030,Z100,Z03,ZAR
4500005775,AN,2025-11-03T00:00:00,0001000030,Z100,Z03,ZAR
4500005776,ZDOM,2026-02-17T00:00:00,0001000030,Z100,Z01,ZAR
4500005777,ZDOM,2026-03-23T00:00:00,0001000030,Z100,Z03,ZAR
4500005778,WK,2026-09-03T00:00:00,0001000030,Z100,Z01,ZAR
4500005779,AN,2024-10-05T00:00:00,0001000032,Z100,Z03,ZAR
4500005780,AN,2024-10-16T00:00:00,0001000032,Z100,Z01,ZAR
4500005781,WK,2025-02-27T00:00:00,0001000032,Z100,Z03,ZAR
4500005782,WK,2025-03-09T00:00:00,0001000032,Z100,Z01,ZAR
4500005783,WK,2025-05-05T00:00:00,0001000032,Z100,Z03,ZAR
4500005784,WK,2025-12-23T00:00:00,0001000032,Z100,Z02,ZAR
4500005785,ZDOM,2026-01-28T00:00:00,0001000032,Z100,Z03,ZAR
4500005786,ZDOM,2026-05-26T00:00:00,0001000032,Z100,Z03,ZAR
4500005787,AN,2026-06-03T00:00:00,0001000032,Z100,Z03,ZAR
4500005788,AN,2026-07-26T00:00:00,0001000032,Z100,Z03,ZAR
4500005789,WK,2024-11-25T00:00:00,0001000024,Z100,Z03,ZAR
4500005790,ZDOM,2025-12-30T00:00:00,0001000024,Z100,Z03,ZAR
4500005791,ZDOM,2024-09-16T00:00:00,0001000024,Z100,Z02,ZAR
4500005792,ZDOM,2025-07-11T00:00:00,0001000024,Z100,Z02,ZAR
4500005793,ZDOM,2026-01-27T00:00:00,0001000024,Z100,Z03,ZAR
4500005794,AN,2026-02-25T00:00:00,0001000024,Z100,Z02,ZAR
4500005795,AN,2024-11-20T00:00:00,0001000048,Z100,Z01,ZAR
4500005796,ZDOM,2025-07-14T00:00:00,0001000048,Z100,Z01,ZAR
4500005797,ZDOM,2026-01-25T00:00:00,0001000048,Z100,Z02,ZAR
4500005798,WK,2026-08-28T00:00:00,0001000048,Z100,Z01,ZAR
4500005799,ZDOM,2024-09-21T00:00:00,0001000020,Z100,Z03,ZAR
4500005800,WK,2025-03-10T00:00:00,0001000020,Z100,Z01,ZAR
4500005801,ZDOM,2025-05-03T00:00:00,0001000020,Z100,Z01,ZAR
4500005802,AN,2026-07-01T00:00:00,0001000020,Z100,Z02,ZAR
4500005803,AN,2025-07-30T00:00:00,0001000029,Z100,Z01,ZAR
4500005804,ZDOM,2025-10-17T00:00:00,0001000029,Z100,Z03,ZAR
4500005805,ZDOM,2024-09-29T00:00:00,0001000027,Z100,Z02,ZAR
4500005806,WK,2024-11-04T00:00:00,0001000027,Z100,Z01,ZAR
4500005807,WK,2024-11-21T00:00:00,0001000027,Z100,Z01,ZAR
4500005808,WK,2025-06-07T00:00:00,0001000027,Z100,Z02,ZAR
4500005809,AN,2025-08-21T00:00:00,0001000027,Z100,Z01,ZAR
4500005810,WK,2025-10-05T00:00:00,0001000027,Z100,Z01,ZAR
4500005811,AN,2026-05-30T00:00:00,0001000027,Z100,Z02,ZAR
4500005812,ZDOM,2024-09-16T00:00:00,0001000027,Z100,Z01,ZAR
4500005813,AN,2025-02-25T00:00:00,0001000027,Z100,Z01,ZAR
4500005814,WK,2025-08-05T00:00:00,0001000027,Z100,Z01,ZAR
4500005815,WK,2025-08-29T00:00:00,0001000027,Z100,Z01,ZAR
4500005816,WK,2025-11-24T00:00:00,0001000027,Z100,Z01,ZAR
4500005817,AN,2026-03-18T00:00:00,0001000027,Z100,Z03,ZAR
4500005818,WK,2026-06-25T00:00:00,0001000027,Z100,Z03,ZAR
4500005819,AN,2024-11-18T00:00:00,0001000022,Z100,Z03,ZAR
4500005820,ZDOM,2025-04-12T00:00:00,0001000022,Z100,Z01,ZAR
4500005821,ZDOM,2025-12-07T00:00:00,0001000022,Z100,Z01,ZAR
4500005822,AN,2026-07-13T00:00:00,0001000022,Z100,Z02,ZAR
4500005823,WK,2026-08-21T00:00:00,0001000022,Z100,Z01,ZAR
4500005824,ZDOM,2024-09-19T00:00:00,0001000053,Z100,Z02,ZAR
4500005825,ZDOM,2024-11-10T00:00:00,0001000053,Z100,Z02,ZAR
4500005826,ZDOM,2025-02-04T00:00:00,0001000053,Z100,Z01,ZAR
4500005827,WK,2025-02-23T00:00:00,0001000053,Z100,Z01,ZAR
4500005828,ZDOM,2025-03-27T00:00:00,0001000053,Z100,Z03,ZAR
4500005829,WK,2025-10-04T00:00:00,0001000053,Z100,Z03,ZAR
4500005830,ZDOM,2025-11-04T00:00:00,0001000053,Z100,Z03,ZAR
4500005831,AN,2025-12-10T00:00:00,0001000053,Z100,Z02,ZAR
4500005832,WK,2026-02-23T00:00:00,0001000053,Z100,Z02,ZAR
4500005833,ZDOM,2026-05-04T00:00:00,0001000053,Z100,Z01,ZAR
4500005834,WK,2026-07-04T00:00:00,0001000053,Z100,Z02,ZAR
4500005835,AN,2024-09-17T00:00:00,0001000058,Z100,Z03,ZAR
4500005836,ZDOM,2024-12-28T00:00:00,0001000058,Z100,Z03,ZAR
4500005837,AN,2025-04-23T00:00:00,0001000058,Z100,Z03,ZAR
4500005838,ZDOM,2025-10-18T00:00:00,0001000058,Z100,Z01,ZAR
4500005839,ZDOM,2026-05-04T00:00:00,0001000058,Z100,Z02,ZAR
4500005840,AN,2026-05-21T00:00:00,0001000058,Z100,Z02,ZAR
4500005841,AN,2024-10-02T00:00:00,0001000058,Z100,Z03,ZAR
4500005842,ZDOM,2024-12-28T00:00:00,0001000058,Z100,Z01,ZAR
4500005843,WK,2025-04-04T00:00:00,0001000058,Z100,Z01,ZAR
4500005844,ZDOM,2025-05-30T00:00:00,0001000058,Z100,Z03,ZAR
4500005845,WK,2025-11-16T00:00:00,0001000058,Z100,Z02,ZAR
4500005846,WK,2025-12-15T00:00:00,0001000058,Z100,Z03,ZAR
4500005847,WK,2026-02-17T00:00:00,0001000058,Z100,Z03,ZAR
4500005848,ZDOM,2024-12-02T00:00:00,0001000008,Z100,Z03,ZAR
4500005849,AN,2025-08-06T00:00:00,0001000008,Z100,Z02,ZAR
4500005850,ZDOM,2026-03-11T00:00:00,0001000008,Z100,Z02,ZAR
4500005851,AN,2024-11-23T00:00:00,0001000056,Z100,Z02,ZAR
4500005852,ZDOM,2025-02-13T00:00:00,0001000056,Z100,Z01,ZAR
4500005853,AN,2025-08-01T00:00:00,0001000056,Z100,Z01,ZAR
4500005854,AN,2025-08-23T00:00:00,0001000056,Z100,Z03,ZAR
4500005855,AN,2026-01-03T00:00:00,0001000056,Z100,Z03,ZAR
4500005856,AN,2026-02-12T00:00:00,0001000056,Z100,Z01,ZAR
4500005857,WK,2026-03-07T00:00:00,0001000056,Z100,Z03,ZAR
4500005858,ZDOM,2026-04-17T00:00:00,0001000056,Z100,Z02,ZAR
4500005859,WK,2026-05-19T00:00:00,0001000056,Z100,Z03,ZAR
4500005860,AN,2024-10-07T00:00:00,0001000051,Z100,Z02,ZAR
4500005861,WK,2024-10-29T00:00:00,0001000051,Z100,Z03,ZAR
4500005862,ZDOM,2025-10-16T00:00:00,0001000051,Z100,Z02,ZAR
4500005863,ZDOM,2025-11-18T00:00:00,0001000051,Z100,Z01,ZAR
4500005864,AN,2024-12-04T00:00:00,0001000027,Z100,Z01,ZAR
4500005865,WK,2026-04-23T00:00:00,0001000027,Z100,Z02,ZAR
4500005866,WK,2024-10-05T00:00:00,0001000027,Z100,Z02,ZAR
4500005867,ZDOM,2024-10-21T00:00:00,0001000027,Z100,Z02,ZAR
4500005868,AN,2024-11-19T00:00:00,0001000027,Z100,Z02,ZAR
4500005869,AN,2025-05-02T00:00:00,0001000027,Z100,Z03,ZAR
4500005870,ZDOM,2024-09-19T00:00:00,0001000014,Z100,Z02,ZAR
4500005871,ZDOM,2025-07-18T00:00:00,0001000014,Z100,Z03,ZAR
4500005872,WK,2026-03-23T00:00:00,0001000014,Z100,Z02,ZAR
4500005873,AN,2026-05-21T00:00:00,0001000014,Z100,Z01,ZAR
4500005874,ZDOM,2026-07-03T00:00:00,0001000014,Z100,Z02,ZAR
4500005875,AN,2026-08-22T00:00:00,0001000014,Z100,Z02,ZAR
4500005876,AN,2024-11-24T00:00:00,0001000045,Z100,Z03,ZAR
4500005877,WK,2025-07-31T00:00:00,0001000045,Z100,Z01,ZAR
4500005878,WK,2025-08-30T00:00:00,0001000045,Z100,Z01,ZAR
4500005879,ZDOM,2025-10-02T00:00:00,0001000045,Z100,Z02,ZAR
4500005880,AN,2026-04-22T00:00:00,0001000045,Z100,Z02,ZAR
4500005881,ZDOM,2024-10-03T00:00:00,0001000045,Z100,Z01,ZAR
4500005882,WK,2025-10-09T00:00:00,0001000045,Z100,Z02,ZAR
4500005883,WK,2025-11-21T00:00:00,0001000045,Z100,Z02,ZAR
4500005884,WK,2024-10-07T00:00:00,0001000020,Z100,Z02,ZAR
4500005885,ZDOM,2025-07-31T00:00:00,0001000020,Z100,Z03,ZAR
4500005886,AN,2026-01-23T00:00:00,0001000020,Z100,Z01,ZAR
4500005887,WK,2026-07-07T00:00:00,0001000020,Z100,Z01,ZAR
4500005888,WK,2024-09-12T00:00:00,0001000004,Z100,Z02,ZAR
4500005889,AN,2024-11-09T00:00:00,0001000004,Z100,Z03,ZAR
4500005890,AN,2024-12-09T00:00:00,0001000004,Z100,Z02,ZAR
4500005891,AN,2025-12-01T00:00:00,0001000004,Z100,Z01,ZAR
4500005892,ZDOM,2026-02-11T00:00:00,0001000004,Z100,Z02,ZAR
4500005893,ZDOM,2026-03-10T00:00:00,0001000004,Z100,Z02,ZAR
4500005894,ZDOM,2025-09-20T00:00:00,0001000001,Z100,Z03,ZAR
4500005895,WK,2025-10-04T00:00:00,0001000001,Z100,Z03,ZAR
4500005896,ZDOM,2024-09-21T00:00:00,0001000006,Z100,Z01,ZAR
4500005897,ZDOM,2025-04-30T00:00:00,0001000006,Z100,Z03,ZAR
4500005898,ZDOM,2025-05-13T00:00:00,0001000006,Z100,Z02,ZAR
4500005899,ZDOM,2026-09-07T00:00:00,0001000006,Z100,Z02,ZAR
4500005900,ZDOM,2024-11-20T00:00:00,0001000057,Z100,Z02,ZAR
4500005901,ZDOM,2024-12-18T00:00:00,0001000057,Z100,Z01,ZAR
4500005902,WK,2025-06-20T00:00:00,0001000057,Z100,Z03,ZAR
4500005903,ZDOM,2026-01-01T00:00:00,0001000057,Z100,Z01,ZAR
4500005904,WK,2026-01-12T00:00:00,0001000057,Z100,Z02,ZAR
4500005905,WK,2026-07-17T00:00:00,0001000057,Z100,Z03,ZAR
4500005906,AN,2024-09-29T00:00:00,0001000024,Z100,Z02,ZAR
4500005907,ZDOM,2024-11-09T00:00:00,0001000024,Z100,Z03,ZAR
4500005908,WK,2024-12-31T00:00:00,0001000024,Z100,Z02,ZAR
4500005909,AN,2025-01-02T00:00:00,0001000024,Z100,Z01,ZAR
4500005910,ZDOM,2025-02-25T00:00:00,0001000024,Z100,Z03,ZAR
4500005911,AN,2025-03-27T00:00:00,0001000024,Z100,Z02,ZAR
4500005912,WK,2025-04-12T00:00:00,0001000024,Z100,Z01,ZAR
4500005913,WK,2025-06-03T00:00:00,0001000024,Z100,Z02,ZAR
4500005914,AN,2025-11-23T00:00:00,0001000024,Z100,Z02,ZAR
4500005915,ZDOM,2026-01-14T00:00:00,0001000024,Z100,Z02,ZAR
4500005916,AN,2026-04-20T00:00:00,0001000024,Z100,Z02,ZAR
4500005917,AN,2026-07-26T00:00:00,0001000024,Z100,Z01,ZAR
4500005918,AN,2026-09-02T00:00:00,0001000024,Z100,Z03,ZAR
4500005919,ZDOM,2025-12-28T00:00:00,0001000026,Z100,Z02,ZAR
4500005920,WK,2026-03-20T00:00:00,0001000026,Z100,Z02,ZAR
4500005921,ZDOM,2025-07-11T00:00:00,0001000026,Z100,Z01,ZAR
4500005922,WK,2025-07-22T00:00:00,0001000026,Z100,Z01,ZAR
4500005923,AN,2026-04-04T00:00:00,0001000026,Z100,Z02,ZAR
4500005924,ZDOM,2024-09-10T00:00:00,0001000006,Z100,Z02,ZAR
4500005925,AN,2025-01-06T00:00:00,0001000006,Z100,Z02,ZAR
4500005926,ZDOM,2025-02-26T00:00:00,0001000006,Z100,Z03,ZAR
4500005927,ZDOM,2025-03-27T00:00:00,0001000006,Z100,Z02,ZAR
4500005928,ZDOM,2025-08-21T00:00:00,0001000006,Z100,Z03,ZAR
4500005929,WK,2026-01-17T00:00:00,0001000006,Z100,Z01,ZAR
4500005930,AN,2026-05-07T00:00:00,0001000006,Z100,Z02,ZAR
4500005931,AN,2026-06-29T00:00:00,0001000006,Z100,Z02,ZAR
4500005932,AN,2024-10-26T00:00:00,0001000006,Z100,Z03,ZAR
4500005933,AN,2025-11-20T00:00:00,0001000006,Z100,Z02,ZAR
4500005934,AN,2026-01-05T00:00:00,0001000006,Z100,Z02,ZAR
4500005935,AN,2026-01-12T00:00:00,0001000006,Z100,Z02,ZAR
4500005936,ZDOM,2024-10-11T00:00:00,0001000043,Z100,Z03,ZAR
4500005937,WK,2025-03-13T00:00:00,0001000043,Z100,Z03,ZAR
4500005938,AN,2025-11-05T00:00:00,0001000043,Z100,Z02,ZAR
4500005939,WK,2026-08-06T00:00:00,0001000043,Z100,Z03,ZAR
4500005940,WK,2024-12-10T00:00:00,0001000043,Z100,Z03,ZAR
4500005941,ZDOM,2025-12-17T00:00:00,0001000043,Z100,Z03,ZAR
4500005942,AN,2026-02-03T00:00:00,0001000043,Z100,Z01,ZAR
4500005943,WK,2026-08-20T00:00:00,0001000043,Z100,Z01,ZAR
4500005944,AN,2024-09-16T00:00:00,0001000015,Z100,Z03,ZAR
4500005945,ZDOM,2025-09-23T00:00:00,0001000015,Z100,Z03,ZAR
4500005946,AN,2024-09-28T00:00:00,0001000049,Z100,Z02,ZAR
4500005947,WK,2025-10-17T00:00:00,0001000049,Z100,Z03,ZAR
4500005948,WK,2024-09-28T00:00:00,0001000049,Z100,Z02,ZAR
4500005949,WK,2025-06-29T00:00:00,0001000049,Z100,Z03,ZAR
4500005950,AN,2026-02-18T00:00:00,0001000049,Z100,Z01,ZAR
4500005951,AN,2024-09-22T00:00:00,0001000046,Z100,Z03,ZAR
4500005952,ZDOM,2024-10-13T00:00:00,0001000046,Z100,Z03,ZAR
4500005953,WK,2025-06-18T00:00:00,0001000046,Z100,Z03,ZAR
4500005954,ZDOM,2025-07-16T00:00:00,0001000046,Z100,Z03,ZAR
4500005955,WK,2026-08-01T00:00:00,0001000046,Z100,Z01,ZAR
4500005956,AN,2024-09-28T00:00:00,0001000023,Z100,Z02,ZAR
4500005957,ZDOM,2024-12-18T00:00:00,0001000023,Z100,Z03,ZAR
4500005958,AN,2025-03-03T00:00:00,0001000023,Z100,Z01,ZAR
4500005959,WK,2025-04-20T00:00:00,0001000023,Z100,Z03,ZAR
4500005960,AN,2025-07-07T00:00:00,0001000023,Z100,Z03,ZAR
4500005961,AN,2025-09-05T00:00:00,0001000023,Z100,Z02,ZAR
4500005962,WK,2025-10-30T00:00:00,0001000023,Z100,Z01,ZAR
4500005963,ZDOM,2026-02-14T00:00:00,0001000023,Z100,Z02,ZAR
4500005964,ZDOM,2026-03-16T00:00:00,0001000023,Z100,Z01,ZAR
4500005965,ZDOM,2026-04-20T00:00:00,0001000023,Z100,Z02,ZAR
4500005966,ZDOM,2026-05-18T00:00:00,0001000023,Z100,Z01,ZAR
4500005967,AN,2026-08-14T00:00:00,0001000023,Z100,Z03,ZAR
4500005968,ZDOM,2024-11-18T00:00:00,0001000051,Z100,Z02,ZAR
4500005969,AN,2025-06-27T00:00:00,0001000051,Z100,Z02,ZAR
4500005970,WK,2026-02-21T00:00:00,0001000051,Z100,Z01,ZAR
4500005971,ZDOM,2026-08-15T00:00:00,0001000051,Z100,Z03,ZAR
4500005972,ZDOM,2024-09-15T00:00:00,0001000051,Z100,Z02,ZAR
4500005973,AN,2024-12-22T00:00:00,0001000051,Z100,Z03,ZAR
4500005974,WK,2025-04-15T00:00:00,0001000051,Z100,Z03,ZAR
4500005975,ZDOM,2025-07-30T00:00:00,0001000051,Z100,Z02,ZAR
4500005976,WK,2025-08-26T00:00:00,0001000051,Z100,Z01,ZAR
4500005977,AN,2025-11-26T00:00:00,0001000051,Z100,Z02,ZAR
4500005978,AN,2026-07-20T00:00:00,0001000051,Z100,Z02,ZAR
4500005979,AN,2024-09-12T00:00:00,0001000050,Z100,Z03,ZAR
4500005980,WK,2025-03-04T00:00:00,0001000050,Z100,Z02,ZAR
4500005981,ZDOM,2025-07-11T00:00:00,0001000050,Z100,Z01,ZAR
4500005982,ZDOM,2026-04-28T00:00:00,0001000050,Z100,Z02,ZAR
4500005983,ZDOM,2025-01-29T00:00:00,0001000032,Z100,Z01,ZAR
4500005984,WK,2025-02-21T00:00:00,0001000032,Z100,Z03,ZAR
4500005985,WK,2025-11-22T00:00:00,0001000032,Z100,Z01,ZAR
4500005986,AN,2026-01-02T00:00:00,0001000032,Z100,Z02,ZAR
4500005987,AN,2026-06-15T00:00:00,0001000032,Z100,Z02,ZAR
4500005988,ZDOM,2024-12-05T00:00:00,0001000034,Z100,Z01,ZAR
4500005989,WK,2025-04-25T00:00:00,0001000034,Z100,Z01,ZAR
4500005990,ZDOM,2025-10-26T00:00:00,0001000034,Z100,Z03,ZAR
4500005991,WK,2025-11-19T00:00:00,0001000034,Z100,Z02,ZAR
4500005992,ZDOM,2026-03-26T00:00:00,0001000034,Z100,Z02,ZAR
4500005993,ZDOM,2026-05-07T00:00:00,0001000034,Z100,Z02,ZAR
4500005994,WK,2024-11-25T00:00:00,0001000034,Z100,Z03,ZAR
4500005995,WK,2025-03-23T00:00:00,0001000034,Z100,Z03,ZAR
4500005996,AN,2025-07-23T00:00:00,0001000034,Z100,Z02,ZAR
4500005997,ZDOM,2025-12-01T00:00:00,0001000034,Z100,Z02,ZAR
4500005998,WK,2026-04-14T00:00:00,0001000034,Z100,Z01,ZAR
4500005999,WK,2026-05-31T00:00:00,0001000034,Z100,Z01,ZAR
4500006000,AN,2026-06-25T00:00:00,0001000034,Z100,Z03,ZAR
4500006001,AN,2024-09-15T00:00:00,0001000000,Z100,Z03,ZAR
4500006002,AN,2025-05-05T00:00:00,0001000000,Z100,Z02,ZAR
4500006003,ZDOM,2025-07-21T00:00:00,0001000000,Z100,Z02,ZAR
4500006004,WK,2025-08-29T00:00:00,0001000000,Z100,Z02,ZAR
4500006005,AN,2025-09-30T00:00:00,0001000000,Z100,Z03,ZAR
4500006006,AN,2026-03-16T00:00:00,0001000000,Z100,Z02,ZAR
4500006007,AN,2026-04-23T00:00:00,0001000000,Z100,Z02,ZAR
4500006008,WK,2024-09-13T00:00:00,0001000004,Z100,Z02,ZAR
4500006009,ZDOM,2025-03-13T00:00:00,0001000004,Z100,Z03,ZAR
4500006010,ZDOM,2025-10-16T00:00:00,0001000004,Z100,Z02,ZAR
4500006011,ZDOM,2024-09-03T00:00:00,0001000046,Z100,Z01,ZAR
4500006012,ZDOM,2024-12-29T00:00:00,0001000046,Z100,Z03,ZAR
4500006013,ZDOM,2025-03-22T00:00:00,0001000046,Z100,Z03,ZAR
4500006014,WK,2025-06-30T00:00:00,0001000046,Z100,Z02,ZAR
4500006015,WK,2025-08-02T00:00:00,0001000046,Z100,Z01,ZAR
4500006016,AN,2025-08-21T00:00:00,0001000046,Z100,Z03,ZAR
4500006017,ZDOM,2025-11-14T00:00:00,0001000046,Z100,Z02,ZAR
4500006018,ZDOM,2026-06-16T00:00:00,0001000046,Z100,Z01,ZAR
4500006019,ZDOM,2024-09-27T00:00:00,0001000034,Z100,Z01,ZAR
4500006020,AN,2025-05-13T00:00:00,0001000034,Z100,Z03,ZAR
4500006021,AN,2025-06-20T00:00:00,0001000034,Z100,Z01,ZAR
4500006022,WK,2025-11-08T00:00:00,0001000034,Z100,Z02,ZAR
4500006023,ZDOM,2024-10-01T00:00:00,0001000034,Z100,Z02,ZAR
4500006024,AN,2024-10-25T00:00:00,0001000034,Z100,Z03,ZAR
4500006025,AN,2025-04-04T00:00:00,0001000034,Z100,Z03,ZAR
4500006026,AN,2025-04-21T00:00:00,0001000034,Z100,Z02,ZAR
4500006027,WK,2026-01-10T00:00:00,0001000034,Z100,Z01,ZAR
4500006028,WK,2026-07-10T00:00:00,0001000034,Z100,Z01,ZAR
4500006029,AN,2026-08-05T00:00:00,0001000034,Z100,Z01,ZAR
4500006030,AN,2024-09-14T00:00:00,0001000006,Z100,Z01,ZAR
4500006031,ZDOM,2025-04-06T00:00:00,0001000006,Z100,Z03,ZAR
4500006032,WK,2025-07-13T00:00:00,0001000006,Z100,Z03,ZAR
4500006033,ZDOM,2026-04-15T00:00:00,0001000006,Z100,Z02,ZAR
4500006034,ZDOM,2024-12-02T00:00:00,0001000050,Z100,Z01,ZAR
4500006035,AN,2025-10-28T00:00:00,0001000050,Z100,Z02,ZAR
4500006036,ZDOM,2024-09-21T00:00:00,0001000050,Z100,Z01,ZAR
4500006037,WK,2025-06-17T00:00:00,0001000050,Z100,Z02,ZAR
4500006038,ZDOM,2025-07-23T00:00:00,0001000050,Z100,Z01,ZAR
4500006039,WK,2024-10-24T00:00:00,0001000005,Z100,Z03,ZAR
4500006040,ZDOM,2026-02-13T00:00:00,0001000005,Z100,Z03,ZAR
4500006041,ZDOM,2026-05-11T00:00:00,0001000005,Z100,Z03,ZAR
4500006042,AN,2026-05-29T00:00:00,0001000005,Z100,Z02,ZAR
4500006043,WK,2024-09-12T00:00:00,0001000005,Z100,Z01,ZAR
4500006044,AN,2025-04-22T00:00:00,0001000005,Z100,Z02,ZAR
4500006045,ZDOM,2025-05-21T00:00:00,0001000005,Z100,Z03,ZAR
4500006046,AN,2025-10-01T00:00:00,0001000005,Z100,Z03,ZAR
4500006047,ZDOM,2025-11-05T00:00:00,0001000005,Z100,Z01,ZAR
4500006048,WK,2025-12-04T00:00:00,0001000005,Z100,Z03,ZAR
4500006049,WK,2026-04-20T00:00:00,0001000005,Z100,Z03,ZAR
4500006050,WK,2026-07-19T00:00:00,0001000005,Z100,Z02,ZAR
4500006051,WK,2025-05-22T00:00:00,0001000039,Z100,Z02,ZAR
4500006052,ZDOM,2025-09-22T00:00:00,0001000039,Z100,Z01,ZAR
4500006053,AN,2026-03-28T00:00:00,0001000039,Z100,Z03,ZAR
4500006054,AN,2026-04-18T00:00:00,0001000039,Z100,Z01,ZAR
4500006055,WK,2026-05-16T00:00:00,0001000039,Z100,Z02,ZAR
4500006056,ZDOM,2025-01-09T00:00:00,0001000020,Z100,Z03,ZAR
4500006057,WK,2025-02-15T00:00:00,0001000020,Z100,Z03,ZAR
4500006058,WK,2025-09-20T00:00:00,0001000020,Z100,Z02,ZAR
4500006059,WK,2026-07-10T00:00:00,0001000020,Z100,Z02,ZAR
4500006060,AN,2024-10-01T00:00:00,0001000018,Z100,Z03,ZAR
4500006061,WK,2024-10-26T00:00:00,0001000018,Z100,Z03,ZAR
4500006062,AN,2024-12-11T00:00:00,0001000018,Z100,Z03,ZAR
4500006063,ZDOM,2025-05-15T00:00:00,0001000018,Z100,Z01,ZAR
4500006064,AN,2026-02-04T00:00:00,0001000018,Z100,Z03,ZAR
4500006065,ZDOM,2024-09-16T00:00:00,0001000019,Z100,Z03,ZAR
4500006066,ZDOM,2025-08-14T00:00:00,0001000019,Z100,Z02,ZAR
4500006067,ZDOM,2026-02-21T00:00:00,0001000019,Z100,Z03,ZAR
4500006068,WK,2026-06-02T00:00:00,0001000019,Z100,Z02,ZAR
4500006069,WK,2024-12-15T00:00:00,0001000016,Z100,Z03,ZAR
4500006070,WK,2025-07-20T00:00:00,0001000041,Z100,Z03,ZAR
4500006071,AN,2026-05-01T00:00:00,0001000041,Z100,Z03,ZAR
4500006072,ZDOM,2025-07-18T00:00:00,0001000041,Z100,Z01,ZAR
4500006073,WK,2024-09-09T00:00:00,0001000043,Z100,Z03,ZAR
4500006074,AN,2025-02-25T00:00:00,0001000043,Z100,Z02,ZAR
4500006075,ZDOM,2025-05-12T00:00:00,0001000043,Z100,Z03,ZAR
4500006076,WK,2026-02-19T00:00:00,0001000043,Z100,Z03,ZAR
4500006077,ZDOM,2024-10-18T00:00:00,0001000005,Z100,Z03,ZAR
4500006078,WK,2025-12-02T00:00:00,0001000005,Z100,Z01,ZAR
4500006079,WK,2026-05-29T00:00:00,0001000005,Z100,Z03,ZAR
4500006080,AN,2024-11-24T00:00:00,0001000033,Z100,Z02,ZAR
4500006081,WK,2025-04-01T00:00:00,0001000033,Z100,Z02,ZAR
4500006082,WK,2025-12-06T00:00:00,0001000033,Z100,Z02,ZAR
4500006083,WK,2026-03-21T00:00:00,0001000033,Z100,Z03,ZAR
4500006084,ZDOM,2026-09-07T00:00:00,0001000033,Z100,Z03,ZAR
4500006085,WK,2024-09-20T00:00:00,0001000008,Z100,Z02,ZAR
4500006086,WK,2025-04-23T00:00:00,0001000008,Z100,Z01,ZAR
4500006087,AN,2025-10-11T00:00:00,0001000008,Z100,Z03,ZAR
4500006088,WK,2026-06-11T00:00:00,0001000008,Z100,Z01,ZAR
4500006089,ZDOM,2026-09-07T00:00:00,0001000008,Z100,Z01,ZAR
4500006090,AN,2024-10-14T00:00:00,0001000008,Z100,Z03,ZAR
4500006091,AN,2025-07-03T00:00:00,0001000008,Z100,Z03,ZAR
4500006092,WK,2025-12-13T00:00:00,0001000008,Z100,Z01,ZAR
4500006093,WK,2026-02-24T00:00:00,0001000008,Z100,Z03,ZAR
4500006094,ZDOM,2026-03-19T00:00:00,0001000008,Z100,Z03,ZAR
4500006095,ZDOM,2026-04-24T00:00:00,0001000008,Z100,Z02,ZAR
4500006096,AN,2024-09-05T00:00:00,0001000002,Z100,Z01,ZAR
4500006097,WK,2025-01-02T00:00:00,0001000002,Z100,Z01,ZAR
4500006098,ZDOM,2025-01-14T00:00:00,0001000002,Z100,Z01,ZAR
4500006099,WK,2025-04-04T00:00:00,0001000002,Z100,Z03,ZAR
4500006100,AN,2025-08-02T00:00:00,0001000002,Z100,Z03,ZAR
4500006101,ZDOM,2025-10-24T00:00:00,0001000002,Z100,Z01,ZAR
4500006102,WK,2025-11-15T00:00:00,0001000002,Z100,Z02,ZAR
4500006103,WK,2025-12-24T00:00:00,0001000002,Z100,Z03,ZAR
4500006104,AN,2026-05-15T00:00:00,0001000002,Z100,Z03,ZAR
4500006105,WK,2026-08-21T00:00:00,0001000002,Z100,Z03,ZAR
4500006106,AN,2024-09-24T00:00:00,0001000007,Z100,Z03,ZAR
4500006107,WK,2024-10-31T00:00:00,0001000007,Z100,Z03,ZAR
4500006108,AN,2025-01-06T00:00:00,0001000007,Z100,Z01,ZAR
4500006109,ZDOM,2025-02-06T00:00:00,0001000007,Z100,Z02,ZAR
4500006110,ZDOM,2025-07-23T00:00:00,0001000007,Z100,Z02,ZAR
4500006111,WK,2025-09-04T00:00:00,0001000007,Z100,Z03,ZAR
4500006112,ZDOM,2025-12-08T00:00:00,0001000007,Z100,Z03,ZAR
4500006113,AN,2026-02-12T00:00:00,0001000007,Z100,Z02,ZAR
4500006114,ZDOM,2026-04-15T00:00:00,0001000007,Z100,Z01,ZAR
4500006115,AN,2026-05-19T00:00:00,0001000007,Z100,Z03,ZAR
4500006116,ZDOM,2026-07-29T00:00:00,0001000007,Z100,Z01,ZAR
4500006117,ZDOM,2024-12-26T00:00:00,0001000007,Z100,Z02,ZAR
4500006118,WK,2026-01-21T00:00:00,0001000007,Z100,Z01,ZAR
4500006119,AN,2026-05-11T00:00:00,0001000007,Z100,Z02,ZAR
4500006120,WK,2024-10-17T00:00:00,0001000023,Z100,Z03,ZAR
4500006121,ZDOM,2025-08-14T00:00:00,0001000023,Z100,Z03,ZAR
4500006122,AN,2026-02-22T00:00:00,0001000023,Z100,Z03,ZAR
4500006123,WK,2024-10-02T00:00:00,0001000058,Z100,Z03,ZAR
4500006124,WK,2025-02-06T00:00:00,0001000058,Z100,Z01,ZAR
4500006125,AN,2025-06-26T00:00:00,0001000058,Z100,Z01,ZAR
4500006126,AN,2025-07-21T00:00:00,0001000058,Z100,Z03,ZAR
4500006127,WK,2025-11-18T00:00:00,0001000058,Z100,Z01,ZAR
4500006128,ZDOM,2026-03-06T00:00:00,0001000058,Z100,Z02,ZAR
4500006129,ZDOM,2026-06-27T00:00:00,0001000058,Z100,Z03,ZAR
4500006130,ZDOM,2024-09-26T00:00:00,0001000057,Z100,Z01,ZAR
4500006131,WK,2025-02-20T00:00:00,0001000057,Z100,Z01,ZAR
4500006132,WK,2025-03-13T00:00:00,0001000057,Z100,Z03,ZAR
4500006133,ZDOM,2025-04-26T00:00:00,0001000057,Z100,Z03,ZAR
4500006134,AN,2025-06-05T00:00:00,0001000057,Z100,Z03,ZAR
4500006135,AN,2026-02-22T00:00:00,0001000057,Z100,Z02,ZAR
4500006136,ZDOM,2026-08-14T00:00:00,0001000057,Z100,Z02,ZAR
4500006137,AN,2025-01-30T00:00:00,0001000050,Z100,Z02,ZAR
4500006138,ZDOM,2025-08-08T00:00:00,0001000050,Z100,Z02,ZAR
4500006139,ZDOM,2025-09-28T00:00:00,0001000050,Z100,Z01,ZAR
4500006140,AN,2026-04-17T00:00:00,0001000050,Z100,Z03,ZAR
4500006141,AN,2024-11-13T00:00:00,0001000047,Z100,Z01,ZAR
4500006142,WK,2024-12-23T00:00:00,0001000047,Z100,Z02,ZAR
4500006143,ZDOM,2025-02-01T00:00:00,0001000047,Z100,Z01,ZAR
4500006144,WK,2025-05-16T00:00:00,0001000047,Z100,Z01,ZAR
4500006145,WK,2025-10-20T00:00:00,0001000047,Z100,Z01,ZAR
4500006146,ZDOM,2026-05-05T00:00:00,0001000047,Z100,Z03,ZAR
4500006147,ZDOM,2026-06-06T00:00:00,0001000047,Z100,Z03,ZAR
4500006148,AN,2024-09-08T00:00:00,0001000046,Z100,Z03,ZAR
4500006149,AN,2024-10-31T00:00:00,0001000046,Z100,Z01,ZAR
4500006150,AN,2024-11-20T00:00:00,0001000046,Z100,Z03,ZAR
4500006151,AN,2025-07-16T00:00:00,0001000046,Z100,Z03,ZAR
4500006152,AN,2025-09-15T00:00:00,0001000046,Z100,Z01,ZAR
4500006153,AN,2026-05-27T00:00:00,0001000046,Z100,Z01,ZAR
4500006154,ZDOM,2024-09-14T00:00:00,0001000031,Z100,Z01,ZAR
4500006155,WK,2025-01-12T00:00:00,0001000031,Z100,Z01,ZAR
4500006156,ZDOM,2025-05-19T00:00:00,0001000031,Z100,Z02,ZAR
4500006157,AN,2025-08-15T00:00:00,0001000031,Z100,Z01,ZAR
4500006158,ZDOM,2025-11-09T00:00:00,0001000031,Z100,Z03,ZAR
4500006159,WK,2026-04-06T00:00:00,0001000031,Z100,Z03,ZAR
4500006160,ZDOM,2026-06-10T00:00:00,0001000031,Z100,Z02,ZAR
4500006161,AN,2026-07-30T00:00:00,0001000031,Z100,Z02,ZAR
4500006162,ZDOM,2024-09-16T00:00:00,0001000018,Z100,Z02,ZAR
4500006163,ZDOM,2025-01-14T00:00:00,0001000018,Z100,Z03,ZAR
4500006164,WK,2025-07-05T00:00:00,0001000018,Z100,Z01,ZAR
4500006165,AN,2025-10-11T00:00:00,0001000018,Z100,Z02,ZAR
4500006166,WK,2026-03-03T00:00:00,0001000018,Z100,Z03,ZAR
4500006167,WK,2026-06-28T00:00:00,0001000018,Z100,Z03,ZAR
4500006168,AN,2024-09-30T00:00:00,0001000023,Z100,Z01,ZAR
4500006169,ZDOM,2025-08-24T00:00:00,0001000023,Z100,Z03,ZAR
4500006170,WK,2025-09-26T00:00:00,0001000023,Z100,Z02,ZAR
4500006171,AN,2026-07-04T00:00:00,0001000023,Z100,Z02,ZAR
4500006172,ZDOM,2024-09-18T00:00:00,0001000023,Z100,Z01,ZAR
4500006173,AN,2025-10-13T00:00:00,0001000023,Z100,Z01,ZAR
4500006174,WK,2024-09-20T00:00:00,0001000000,Z100,Z01,ZAR
4500006175,WK,2025-04-20T00:00:00,0001000000,Z100,Z01,ZAR
4500006176,ZDOM,2025-12-27T00:00:00,0001000000,Z100,Z01,ZAR
4500006177,ZDOM,2024-10-02T00:00:00,0001000000,Z100,Z01,ZAR
4500006178,ZDOM,2024-12-03T00:00:00,0001000000,Z100,Z02,ZAR
4500006179,WK,2025-02-16T00:00:00,0001000000,Z100,Z01,ZAR
4500006180,ZDOM,2025-06-05T00:00:00,0001000000,Z100,Z03,ZAR
4500006181,ZDOM,2025-07-11T00:00:00,0001000000,Z100,Z03,ZAR
4500006182,AN,2025-09-18T00:00:00,0001000000,Z100,Z01,ZAR
4500006183,AN,2026-04-18T00:00:00,0001000000,Z100,Z01,ZAR
4500006184,AN,2026-07-06T00:00:00,0001000000,Z100,Z03,ZAR
4500006185,ZDOM,2026-07-18T00:00:00,0001000000,Z100,Z03,ZAR
4500006186,ZDOM,2026-08-24T00:00:00,0001000000,Z100,Z03,ZAR
4500006187,ZDOM,2024-10-06T00:00:00,0001000018,Z100,Z03,ZAR
4500006188,AN,2025-05-28T00:00:00,0001000018,Z100,Z02,ZAR
4500006189,ZDOM,2026-02-25T00:00:00,0001000018,Z100,Z02,ZAR
4500006190,AN,2026-05-20T00:00:00,0001000018,Z100,Z02,ZAR
4500006191,AN,2026-06-30T00:00:00,0001000018,Z100,Z02,ZAR
4500006192,WK,2024-09-03T00:00:00,0001000018,Z100,Z01,ZAR
4500006193,WK,2025-03-16T00:00:00,0001000018,Z100,Z01,ZAR
4500006194,AN,2025-05-01T00:00:00,0001000018,Z100,Z03,ZAR
4500006195,WK,2026-03-16T00:00:00,0001000018,Z100,Z03,ZAR
4500006196,WK,2026-09-07T00:00:00,0001000018,Z100,Z01,ZAR
4500006197,WK,2025-10-30T00:00:00,0001000005,Z100,Z01,ZAR
4500006198,ZDOM,2025-01-25T00:00:00,0001000005,Z100,Z02,ZAR
4500006199,WK,2025-07-16T00:00:00,0001000005,Z100,Z02,ZAR
4500006200,WK,2024-10-14T00:00:00,0001000004,Z100,Z01,ZAR
4500006201,AN,2024-11-23T00:00:00,0001000004,Z100,Z02,ZAR
4500006202,ZDOM,2024-12-05T00:00:00,0001000004,Z100,Z03,ZAR
4500006203,ZDOM,2025-01-17T00:00:00,0001000004,Z100,Z01,ZAR
4500006204,WK,2025-11-13T00:00:00,0001000004,Z100,Z02,ZAR
4500006205,AN,2024-09-04T00:00:00,0001000004,Z100,Z03,ZAR
4500006206,ZDOM,2024-10-20T00:00:00,0001000004,Z100,Z02,ZAR
4500006207,AN,2025-03-04T00:00:00,0001000004,Z100,Z01,ZAR
4500006208,WK,2025-10-08T00:00:00,0001000004,Z100,Z02,ZAR
4500006209,WK,2026-08-31T00:00:00,0001000004,Z100,Z03,ZAR
4500006210,ZDOM,2024-12-01T00:00:00,0001000022,Z100,Z02,ZAR
4500006211,WK,2025-03-16T00:00:00,0001000022,Z100,Z02,ZAR
4500006212,ZDOM,2025-04-11T00:00:00,0001000022,Z100,Z03,ZAR
4500006213,ZDOM,2025-11-23T00:00:00,0001000022,Z100,Z02,ZAR
4500006214,AN,2026-04-10T00:00:00,0001000022,Z100,Z02,ZAR
4500006215,WK,2026-07-26T00:00:00,0001000022,Z100,Z02,ZAR
4500006216,WK,2024-09-10T00:00:00,0001000004,Z100,Z01,ZAR
4500006217,AN,2025-04-17T00:00:00,0001000004,Z100,Z01,ZAR
4500006218,AN,2026-05-08T00:00:00,0001000004,Z100,Z01,ZAR
4500006219,AN,2026-08-25T00:00:00,0001000004,Z100,Z02,ZAR
4500006220,ZDOM,2026-05-31T00:00:00,0001000042,Z100,Z03,ZAR
4500006221,WK,2024-10-06T00:00:00,0001000040,Z100,Z01,ZAR
4500006222,WK,2024-11-27T00:00:00,0001000040,Z100,Z01,ZAR
4500006223,ZDOM,2025-01-03T00:00:00,0001000040,Z100,Z01,ZAR
4500006224,AN,2025-01-17T00:00:00,0001000040,Z100,Z03,ZAR
4500006225,AN,2025-05-26T00:00:00,0001000040,Z100,Z02,ZAR
4500006226,AN,2025-06-30T00:00:00,0001000040,Z100,Z02,ZAR
4500006227,ZDOM,2025-10-23T00:00:00,0001000040,Z100,Z01,ZAR
4500006228,WK,2025-11-04T00:00:00,0001000040,Z100,Z02,ZAR
4500006229,ZDOM,2026-02-23T00:00:00,0001000040,Z100,Z02,ZAR
4500006230,WK,2026-03-21T00:00:00,0001000040,Z100,Z03,ZAR
4500006231,AN,2026-05-23T00:00:00,0001000040,Z100,Z03,ZAR
4500006232,ZDOM,2024-09-23T00:00:00,0001000000,Z100,Z01,ZAR
4500006233,AN,2025-08-11T00:00:00,0001000000,Z100,Z01,ZAR
4500006234,ZDOM,2025-09-27T00:00:00,0001000000,Z100,Z03,ZAR
4500006235,ZDOM,2026-05-25T00:00:00,0001000000,Z100,Z03,ZAR
4500006236,WK,2024-09-19T00:00:00,0001000010,Z100,Z03,ZAR
4500006237,ZDOM,2024-12-09T00:00:00,0001000010,Z100,Z02,ZAR
4500006238,ZDOM,2025-02-17T00:00:00,0001000010,Z100,Z02,ZAR
4500006239,WK,2025-05-29T00:00:00,0001000010,Z100,Z03,ZAR
4500006240,AN,2025-07-13T00:00:00,0001000010,Z100,Z03,ZAR
4500006241,AN,2026-01-07T00:00:00,0001000010,Z100,Z02,ZAR
4500006242,ZDOM,2026-01-29T00:00:00,0001000010,Z100,Z01,ZAR
4500006243,ZDOM,2026-04-23T00:00:00,0001000010,Z100,Z01,ZAR
4500006244,WK,2026-06-26T00:00:00,0001000010,Z100,Z02,ZAR
4500006245,WK,2026-07-23T00:00:00,0001000010,Z100,Z03,ZAR
4500006246,WK,2024-09-16T00:00:00,0001000042,Z100,Z03,ZAR
4500006247,ZDOM,2025-08-17T00:00:00,0001000042,Z100,Z03,ZAR
4500006248,ZDOM,2026-04-27T00:00:00,0001000042,Z100,Z03,ZAR
4500006249,AN,2026-05-25T00:00:00,0001000042,Z100,Z02,ZAR
4500006250,WK,2024-09-23T00:00:00,0001000041,Z100,Z03,ZAR
4500006251,ZDOM,2026-06-08T00:00:00,0001000041,Z100,Z02,ZAR
4500006252,AN,2026-06-07T00:00:00,0001000041,Z100,Z01,ZAR
4500006253,AN,2024-09-21T00:00:00,0001000055,Z100,Z03,ZAR
4500006254,AN,2024-10-21T00:00:00,0001000055,Z100,Z03,ZAR
4500006255,ZDOM,2025-04-06T00:00:00,0001000055,Z100,Z02,ZAR
4500006256,AN,2025-05-25T00:00:00,0001000055,Z100,Z01,ZAR
4500006257,ZDOM,2026-01-23T00:00:00,0001000055,Z100,Z01,ZAR
4500006258,WK,2026-08-22T00:00:00,0001000055,Z100,Z03,ZAR
4500006259,ZDOM,2024-10-06T00:00:00,0001000055,Z100,Z01,ZAR
4500006260,ZDOM,2025-08-08T00:00:00,0001000055,Z100,Z01,ZAR
4500006261,ZDOM,2026-06-18T00:00:00,0001000055,Z100,Z01,ZAR
4500006262,WK,2024-09-18T00:00:00,0001000056,Z100,Z03,ZAR
4500006263,AN,2025-02-09T00:00:00,0001000056,Z100,Z01,ZAR
4500006264,WK,2025-10-28T00:00:00,0001000056,Z100,Z03,ZAR
4500006265,ZDOM,2026-01-16T00:00:00,0001000056,Z100,Z03,ZAR
4500006266,AN,2024-11-20T00:00:00,0001000013,Z100,Z02,ZAR
4500006267,WK,2025-02-21T00:00:00,0001000013,Z100,Z03,ZAR
4500006268,ZDOM,2025-08-09T00:00:00,0001000013,Z100,Z02,ZAR
4500006269,ZDOM,2025-10-02T00:00:00,0001000013,Z100,Z01,ZAR
4500006270,AN,2025-11-09T00:00:00,0001000013,Z100,Z02,ZAR
4500006271,ZDOM,2026-03-10T00:00:00,0001000013,Z100,Z01,ZAR
4500006272,WK,2024-09-27T00:00:00,0001000012,Z100,Z03,ZAR
4500006273,AN,2024-11-02T00:00:00,0001000012,Z100,Z02,ZAR
4500006274,AN,2024-11-15T00:00:00,0001000012,Z100,Z01,ZAR
4500006275,WK,2025-02-04T00:00:00,0001000012,Z100,Z01,ZAR
4500006276,AN,2025-10-25T00:00:00,0001000012,Z100,Z01,ZAR
4500006277,WK,2026-06-27T00:00:00,0001000012,Z100,Z01,ZAR
4500006278,WK,2024-09-13T00:00:00,0001000012,Z100,Z03,ZAR
4500006279,ZDOM,2025-07-31T00:00:00,0001000012,Z100,Z02,ZAR
4500006280,AN,2024-09-22T00:00:00,0001000052,Z100,Z01,ZAR
4500006281,AN,2025-01-15T00:00:00,0001000052,Z100,Z01,ZAR
4500006282,AN,2025-02-18T00:00:00,0001000052,Z100,Z01,ZAR
4500006283,AN,2026-08-04T00:00:00,0001000052,Z100,Z02,ZAR
4500006284,AN,2024-09-20T00:00:00,0001000000,Z100,Z01,ZAR
4500006285,WK,2024-11-02T00:00:00,0001000000,Z100,Z03,ZAR
4500006286,AN,2025-01-24T00:00:00,0001000000,Z100,Z03,ZAR
4500006287,WK,2025-07-02T00:00:00,0001000000,Z100,Z01,ZAR
4500006288,WK,2025-12-01T00:00:00,0001000000,Z100,Z03,ZAR
4500006289,AN,2026-03-21T00:00:00,0001000000,Z100,Z01,ZAR
4500006290,ZDOM,2025-02-21T00:00:00,0001000050,Z100,Z02,ZAR
4500006291,WK,2025-03-18T00:00:00,0001000050,Z100,Z03,ZAR
4500006292,WK,2025-04-29T00:00:00,0001000050,Z100,Z01,ZAR
4500006293,AN,2026-02-24T00:00:00,0001000050,Z100,Z01,ZAR
4500006294,AN,2024-09-14T00:00:00,0001000013,Z100,Z02,ZAR
4500006295,WK,2025-02-05T00:00:00,0001000013,Z100,Z01,ZAR
4500006296,ZDOM,2025-03-12T00:00:00,0001000013,Z100,Z03,ZAR
4500006297,AN,2025-04-27T00:00:00,0001000013,Z100,Z01,ZAR
4500006298,WK,2025-09-10T00:00:00,0001000013,Z100,Z01,ZAR
4500006299,AN,2024-09-22T00:00:00,0001000024,Z100,Z01,ZAR
4500006300,AN,2025-02-16T00:00:00,0001000024,Z100,Z03,ZAR
4500006301,WK,2025-09-25T00:00:00,0001000024,Z100,Z02,ZAR
4500006302,WK,2025-11-09T00:00:00,0001000024,Z100,Z02,ZAR
4500006303,ZDOM,2026-07-14T00:00:00,0001000024,Z100,Z03,ZAR
4500006304,WK,2024-10-14T00:00:00,0001000039,Z100,Z01,ZAR
4500006305,ZDOM,2024-11-11T00:00:00,0001000039,Z100,Z03,ZAR
4500006306,WK,2024-12-13T00:00:00,0001000039,Z100,Z03,ZAR
4500006307,ZDOM,2025-04-21T00:00:00,0001000039,Z100,Z03,ZAR
4500006308,AN,2025-09-22T00:00:00,0001000039,Z100,Z03,ZAR
4500006309,AN,2025-10-20T00:00:00,0001000039,Z100,Z02,ZAR
4500006310,WK,2026-01-29T00:00:00,0001000039,Z100,Z01,ZAR
4500006311,AN,2024-10-03T00:00:00,0001000039,Z100,Z01,ZAR
4500006312,AN,2024-12-21T00:00:00,0001000039,Z100,Z03,ZAR
4500006313,ZDOM,2025-06-22T00:00:00,0001000039,Z100,Z02,ZAR
4500006314,ZDOM,2025-10-01T00:00:00,0001000039,Z100,Z03,ZAR
4500006315,WK,2025-12-26T00:00:00,0001000039,Z100,Z01,ZAR
4500006316,WK,2026-07-15T00:00:00,0001000039,Z100,Z01,ZAR
4500006317,ZDOM,2026-09-07T00:00:00,0001000039,Z100,Z02,ZAR
4500006318,WK,2025-05-07T00:00:00,0001000004,Z100,Z01,ZAR
4500006319,WK,2026-03-05T00:00:00,0001000004,Z100,Z03,ZAR
4500006320,WK,2026-03-29T00:00:00,0001000004,Z100,Z02,ZAR
4500006321,WK,2026-07-19T00:00:00,0001000004,Z100,Z03,ZAR
4500006322,ZDOM,2025-02-21T00:00:00,0001000032,Z100,Z02,ZAR
4500006323,AN,2025-03-23T00:00:00,0001000032,Z100,Z03,ZAR
4500006324,AN,2025-08-12T00:00:00,0001000032,Z100,Z02,ZAR
4500006325,ZDOM,2025-11-14T00:00:00,0001000032,Z100,Z02,ZAR
4500006326,AN,2026-04-25T00:00:00,0001000032,Z100,Z01,ZAR
4500006327,WK,2026-05-30T00:00:00,0001000032,Z100,Z01,ZAR
4500006328,WK,2026-07-20T00:00:00,0001000032,Z100,Z03,ZAR
4500006329,ZDOM,2026-09-07T00:00:00,0001000032,Z100,Z03,ZAR
4500006330,AN,2024-10-08T00:00:00,0001000002,Z100,Z03,ZAR
4500006331,AN,2025-02-18T00:00:00,0001000002,Z100,Z03,ZAR
4500006332,WK,2025-08-15T00:00:00,0001000002,Z100,Z01,ZAR
4500006333,AN,2026-03-13T00:00:00,0001000002,Z100,Z03,ZAR
4500006334,WK,2024-09-15T00:00:00,0001000022,Z100,Z03,ZAR
4500006335,AN,2025-03-21T00:00:00,0001000022,Z100,Z02,ZAR
4500006336,ZDOM,2025-12-31T00:00:00,0001000022,Z100,Z01,ZAR
4500006337,WK,2026-02-05T00:00:00,0001000022,Z100,Z01,ZAR
4500006338,AN,2025-04-12T00:00:00,0001000044,Z100,Z01,ZAR
4500006339,ZDOM,2025-06-05T00:00:00,0001000044,Z100,Z03,ZAR
4500006340,AN,2025-06-07T00:00:00,0001000044,Z100,Z03,ZAR
4500006341,WK,2026-06-17T00:00:00,0001000044,Z100,Z02,ZAR
4500006342,WK,2026-08-07T00:00:00,0001000044,Z100,Z03,ZAR
4500006343,ZDOM,2024-09-22T00:00:00,0001000047,Z100,Z01,ZAR
4500006344,ZDOM,2024-11-13T00:00:00,0001000047,Z100,Z03,ZAR
4500006345,AN,2024-12-08T00:00:00,0001000047,Z100,Z03,ZAR
4500006346,ZDOM,2025-06-14T00:00:00,0001000047,Z100,Z01,ZAR
4500006347,AN,2025-11-01T00:00:00,0001000047,Z100,Z03,ZAR
4500006348,WK,2025-11-21T00:00:00,0001000047,Z100,Z03,ZAR
4500006349,WK,2026-04-26T00:00:00,0001000047,Z100,Z01,ZAR
4500006350,WK,2026-06-04T00:00:00,0001000047,Z100,Z01,ZAR
4500006351,WK,2026-06-08T00:00:00,0001000047,Z100,Z03,ZAR
4500006352,AN,2025-02-21T00:00:00,0001000006,Z100,Z01,ZAR
4500006353,ZDOM,2026-01-14T00:00:00,0001000006,Z100,Z01,ZAR
4500006354,WK,2024-11-22T00:00:00,0001000037,Z100,Z03,ZAR
4500006355,ZDOM,2025-06-05T00:00:00,0001000037,Z100,Z03,ZAR
4500006356,ZDOM,2025-08-06T00:00:00,0001000037,Z100,Z03,ZAR
4500006357,WK,2025-09-02T00:00:00,0001000037,Z100,Z02,ZAR
4500006358,AN,2025-09-17T00:00:00,0001000037,Z100,Z01,ZAR
4500006359,WK,2025-10-13T00:00:00,0001000037,Z100,Z03,ZAR
4500006360,ZDOM,2025-12-09T00:00:00,0001000037,Z100,Z02,ZAR
4500006361,ZDOM,2025-12-29T00:00:00,0001000037,Z100,Z02,ZAR
4500006362,WK,2026-02-02T00:00:00,0001000037,Z100,Z02,ZAR
4500006363,WK,2024-09-12T00:00:00,0001000049,Z100,Z03,ZAR
4500006364,WK,2024-12-25T00:00:00,0001000049,Z100,Z01,ZAR
4500006365,ZDOM,2025-03-04T00:00:00,0001000049,Z100,Z03,ZAR
4500006366,AN,2025-07-05T00:00:00,0001000049,Z100,Z03,ZAR
4500006367,AN,2025-09-14T00:00:00,0001000049,Z100,Z01,ZAR
4500006368,AN,2025-11-07T00:00:00,0001000049,Z100,Z02,ZAR
4500006369,ZDOM,2026-01-16T00:00:00,0001000049,Z100,Z03,ZAR
4500006370,AN,2026-03-10T00:00:00,0001000049,Z100,Z01,ZAR
4500006371,AN,2026-08-30T00:00:00,0001000049,Z100,Z03,ZAR
4500006372,WK,2024-10-27T00:00:00,0001000059,Z100,Z03,ZAR
4500006373,ZDOM,2026-04-26T00:00:00,0001000059,Z100,Z02,ZAR
4500006374,AN,2024-09-28T00:00:00,0001000025,Z100,Z01,ZAR
4500006375,ZDOM,2025-12-05T00:00:00,0001000025,Z100,Z03,ZAR
4500006376,WK,2026-08-01T00:00:00,0001000025,Z100,Z01,ZAR
4500006377,ZDOM,2024-10-04T00:00:00,0001000024,Z100,Z02,ZAR
4500006378,WK,2025-02-07T00:00:00,0001000024,Z100,Z01,ZAR
4500006379,ZDOM,2025-07-02T00:00:00,0001000024,Z100,Z03,ZAR
4500006380,WK,2025-08-08T00:00:00,0001000024,Z100,Z03,ZAR
4500006381,WK,2026-04-19T00:00:00,0001000024,Z100,Z03,ZAR
4500006382,WK,2026-06-13T00:00:00,0001000024,Z100,Z02,ZAR
4500006383,ZDOM,2025-07-23T00:00:00,0001000007,Z100,Z03,ZAR
4500006384,AN,2025-09-06T00:00:00,0001000007,Z100,Z03,ZAR
4500006385,AN,2025-10-01T00:00:00,0001000007,Z100,Z02,ZAR
4500006386,ZDOM,2026-05-17T00:00:00,0001000007,Z100,Z02,ZAR
4500006387,ZDOM,2024-09-28T00:00:00,0001000028,Z100,Z03,ZAR
4500006388,AN,2026-01-01T00:00:00,0001000028,Z100,Z03,ZAR
4500006389,AN,2026-09-01T00:00:00,0001000028,Z100,Z03,ZAR
4500006390,ZDOM,2024-12-21T00:00:00,0001000036,Z100,Z02,ZAR
4500006391,WK,2025-03-07T00:00:00,0001000036,Z100,Z02,ZAR
4500006392,AN,2025-10-14T00:00:00,0001000036,Z100,Z03,ZAR
4500006393,WK,2026-07-27T00:00:00,0001000036,Z100,Z01,ZAR
4500006394,ZDOM,2026-08-15T00:00:00,0001000036,Z100,Z03,ZAR
4500006395,ZDOM,2024-10-18T00:00:00,0001000036,Z100,Z02,ZAR
4500006396,AN,2025-05-02T00:00:00,0001000036,Z100,Z02,ZAR
4500006397,AN,2025-06-02T00:00:00,0001000036,Z100,Z03,ZAR
4500006398,ZDOM,2026-01-19T00:00:00,0001000036,Z100,Z03,ZAR
4500006399,WK,2024-09-09T00:00:00,0001000043,Z100,Z02,ZAR
4500006400,AN,2024-12-28T00:00:00,0001000043,Z100,Z03,ZAR
4500006401,WK,2025-03-18T00:00:00,0001000043,Z100,Z02,ZAR
4500006402,WK,2025-06-11T00:00:00,0001000043,Z100,Z02,ZAR
4500006403,AN,2025-10-02T00:00:00,0001000043,Z100,Z01,ZAR
4500006404,ZDOM,2025-12-05T00:00:00,0001000043,Z100,Z01,ZAR
4500006405,AN,2026-01-21T00:00:00,0001000043,Z100,Z03,ZAR
4500006406,AN,2026-04-21T00:00:00,0001000043,Z100,Z01,ZAR
4500006407,ZDOM,2026-08-02T00:00:00,0001000043,Z100,Z01,ZAR
4500006408,ZDOM,2026-08-26T00:00:00,0001000043,Z100,Z03,ZAR
4500006409,ZDOM,2024-10-10T00:00:00,0001000016,Z100,Z03,ZAR
4500006410,ZDOM,2024-11-05T00:00:00,0001000016,Z100,Z01,ZAR
4500006411,AN,2025-08-06T00:00:00,0001000016,Z100,Z03,ZAR
4500006412,AN,2026-06-05T00:00:00,0001000016,Z100,Z03,ZAR
4500006413,AN,2024-12-08T00:00:00,0001000042,Z100,Z02,ZAR
4500006414,AN,2025-04-15T00:00:00,0001000042,Z100,Z02,ZAR
4500006415,WK,2025-09-01T00:00:00,0001000042,Z100,Z03,ZAR
4500006416,AN,2025-12-15T00:00:00,0001000042,Z100,Z03,ZAR
4500006417,ZDOM,2026-03-30T00:00:00,0001000042,Z100,Z02,ZAR
4500006418,ZDOM,2026-07-15T00:00:00,0001000042,Z100,Z03,ZAR
4500006419,WK,2024-11-06T00:00:00,0001000055,Z100,Z02,ZAR
4500006420,WK,2024-12-06T00:00:00,0001000055,Z100,Z02,ZAR
4500006421,AN,2025-04-21T00:00:00,0001000055,Z100,Z02,ZAR
4500006422,WK,2025-12-23T00:00:00,0001000055,Z100,Z02,ZAR
4500006423,WK,2026-03-03T00:00:00,0001000055,Z100,Z02,ZAR
4500006424,ZDOM,2026-04-09T00:00:00,0001000055,Z100,Z03,ZAR
4500006425,ZDOM,2026-07-11T00:00:00,0001000055,Z100,Z02,ZAR
4500006426,ZDOM,2024-10-26T00:00:00,0001000057,Z100,Z03,ZAR
4500006427,WK,2025-06-08T00:00:00,0001000057,Z100,Z02,ZAR
4500006428,ZDOM,2025-06-12T00:00:00,0001000057,Z100,Z01,ZAR
4500006429,WK,2025-11-29T00:00:00,0001000057,Z100,Z03,ZAR
4500006430,AN,2026-04-08T00:00:00,0001000057,Z100,Z01,ZAR
4500006431,ZDOM,2024-09-16T00:00:00,0001000007,Z100,Z02,ZAR
4500006432,ZDOM,2026-01-05T00:00:00,0001000007,Z100,Z03,ZAR
4500006433,WK,2026-03-19T00:00:00,0001000019,Z100,Z03,ZAR
4500006434,WK,2026-09-07T00:00:00,0001000019,Z100,Z03,ZAR
4500006435,AN,2024-11-17T00:00:00,0001000008,Z100,Z02,ZAR
4500006436,AN,2025-01-28T00:00:00,0001000008,Z100,Z01,ZAR
4500006437,AN,2025-02-26T00:00:00,0001000008,Z100,Z03,ZAR
4500006438,ZDOM,2025-08-12T00:00:00,0001000008,Z100,Z02,ZAR
4500006439,AN,2025-12-07T00:00:00,0001000008,Z100,Z01,ZAR
4500006440,AN,2025-12-15T00:00:00,0001000008,Z100,Z03,ZAR
4500006441,WK,2026-05-11T00:00:00,0001000008,Z100,Z02,ZAR
4500006442,AN,2025-01-23T00:00:00,0001000047,Z100,Z03,ZAR
4500006443,ZDOM,2025-06-17T00:00:00,0001000047,Z100,Z01,ZAR
4500006444,WK,2026-04-18T00:00:00,0001000047,Z100,Z03,ZAR
4500006445,ZDOM,2024-11-04T00:00:00,0001000009,Z100,Z02,ZAR
4500006446,AN,2025-02-11T00:00:00,0001000009,Z100,Z01,ZAR
4500006447,AN,2025-06-13T00:00:00,0001000009,Z100,Z01,ZAR
4500006448,WK,2025-07-15T00:00:00,0001000009,Z100,Z02,ZAR
4500006449,ZDOM,2025-11-15T00:00:00,0001000009,Z100,Z02,ZAR
4500006450,AN,2026-03-03T00:00:00,0001000009,Z100,Z03,ZAR
4500006451,ZDOM,2026-03-26T00:00:00,0001000009,Z100,Z03,ZAR
4500006452,AN,2024-09-17T00:00:00,0001000009,Z100,Z01,ZAR
4500006453,WK,2024-10-20T00:00:00,0001000009,Z100,Z01,ZAR
4500006454,WK,2025-01-29T00:00:00,0001000009,Z100,Z02,ZAR
4500006455,AN,2025-03-02T00:00:00,0001000009,Z100,Z02,ZAR
4500006456,WK,2025-07-13T00:00:00,0001000009,Z100,Z02,ZAR
4500006457,WK,2025-08-29T00:00:00,0001000009,Z100,Z03,ZAR
4500006458,ZDOM,2026-01-25T00:00:00,0001000009,Z100,Z02,ZAR
4500006459,WK,2026-04-27T00:00:00,0001000009,Z100,Z02,ZAR
4500006460,ZDOM,2026-07-20T00:00:00,0001000009,Z100,Z02,ZAR
4500006461,ZDOM,2024-09-14T00:00:00,0001000046,Z100,Z03,ZAR
4500006462,WK,2025-04-14T00:00:00,0001000046,Z100,Z01,ZAR
4500006463,WK,2025-05-15T00:00:00,0001000046,Z100,Z03,ZAR
4500006464,ZDOM,2025-09-02T00:00:00,0001000046,Z100,Z01,ZAR
4500006465,AN,2026-03-20T00:00:00,0001000046,Z100,Z03,ZAR
4500006466,AN,2026-08-31T00:00:00,0001000046,Z100,Z03,ZAR
4500006467,WK,2024-09-27T00:00:00,0001000055,Z100,Z02,ZAR
4500006468,AN,2024-11-04T00:00:00,0001000055,Z100,Z03,ZAR
4500006469,ZDOM,2024-11-15T00:00:00,0001000055,Z100,Z01,ZAR
4500006470,AN,2025-06-04T00:00:00,0001000055,Z100,Z01,ZAR
4500006471,ZDOM,2025-08-23T00:00:00,0001000055,Z100,Z02,ZAR
4500006472,ZDOM,2025-09-16T00:00:00,0001000055,Z100,Z03,ZAR
4500006473,AN,2025-11-22T00:00:00,0001000055,Z100,Z03,ZAR
4500006474,ZDOM,2024-09-20T00:00:00,0001000051,Z100,Z03,ZAR
4500006475,AN,2025-01-30T00:00:00,0001000051,Z100,Z03,ZAR
4500006476,ZDOM,2024-11-10T00:00:00,0001000003,Z100,Z02,ZAR
4500006477,AN,2024-12-21T00:00:00,0001000003,Z100,Z03,ZAR
4500006478,WK,2025-07-24T00:00:00,0001000003,Z100,Z03,ZAR
4500006479,WK,2025-12-14T00:00:00,0001000003,Z100,Z01,ZAR
4500006480,ZDOM,2026-06-26T00:00:00,0001000003,Z100,Z02,ZAR
4500006481,AN,2024-11-23T00:00:00,0001000039,Z100,Z02,ZAR
4500006482,WK,2024-12-19T00:00:00,0001000039,Z100,Z02,ZAR
4500006483,ZDOM,2025-05-27T00:00:00,0001000039,Z100,Z02,ZAR
4500006484,AN,2026-03-15T00:00:00,0001000039,Z100,Z01,ZAR
4500006485,WK,2024-10-10T00:00:00,0001000039,Z100,Z02,ZAR
4500006486,WK,2024-11-29T00:00:00,0001000039,Z100,Z03,ZAR
4500006487,AN,2025-02-10T00:00:00,0001000039,Z100,Z02,ZAR
4500006488,WK,2025-12-30T00:00:00,0001000039,Z100,Z01,ZAR
4500006489,WK,2026-02-07T00:00:00,0001000039,Z100,Z03,ZAR
4500006490,ZDOM,2026-02-12T00:00:00,0001000039,Z100,Z03,ZAR
4500006491,AN,2026-03-27T00:00:00,0001000039,Z100,Z03,ZAR
4500006492,WK,2026-06-15T00:00:00,0001000039,Z100,Z01,ZAR
4500006493,AN,2026-07-18T00:00:00,0001000039,Z100,Z03,ZAR
4500006494,ZDOM,2024-09-10T00:00:00,0001000040,Z100,Z02,ZAR
4500006495,ZDOM,2025-01-02T00:00:00,0001000040,Z100,Z02,ZAR
4500006496,AN,2025-03-29T00:00:00,0001000040,Z100,Z03,ZAR
4500006497,WK,2025-06-27T00:00:00,0001000040,Z100,Z03,ZAR
4500006498,WK,2025-07-17T00:00:00,0001000040,Z100,Z01,ZAR
4500006499,ZDOM,2026-05-06T00:00:00,0001000040,Z100,Z01,ZAR
4500006500,AN,2026-06-01T00:00:00,0001000040,Z100,Z03,ZAR
4500006501,AN,2024-09-27T00:00:00,0001000050,Z100,Z02,ZAR
4500006502,ZDOM,2025-02-24T00:00:00,0001000050,Z100,Z02,ZAR
4500006503,AN,2025-06-21T00:00:00,0001000050,Z100,Z01,ZAR
4500006504,WK,2025-07-27T00:00:00,0001000050,Z100,Z02,ZAR
4500006505,AN,2025-12-25T00:00:00,0001000050,Z100,Z01,ZAR
4500006506,ZDOM,2026-02-07T00:00:00,0001000050,Z100,Z01,ZAR
4500006507,WK,2026-05-29T00:00:00,0001000050,Z100,Z02,ZAR
4500006508,AN,2026-07-03T00:00:00,0001000050,Z100,Z02,ZAR
4500006509,ZDOM,2026-08-21T00:00:00,0001000050,Z100,Z03,ZAR
4500006510,WK,2024-09-28T00:00:00,0001000024,Z100,Z01,ZAR
4500006511,WK,2024-11-01T00:00:00,0001000024,Z100,Z02,ZAR
4500006512,WK,2024-11-29T00:00:00,0001000024,Z100,Z01,ZAR
4500006513,ZDOM,2025-07-14T00:00:00,0001000024,Z100,Z02,ZAR
4500006514,AN,2024-10-14T00:00:00,0001000024,Z100,Z02,ZAR
4500006515,AN,2025-08-15T00:00:00,0001000024,Z100,Z03,ZAR
4500006516,AN,2024-09-25T00:00:00,0001000046,Z100,Z01,ZAR
4500006517,AN,2025-02-08T00:00:00,0001000046,Z100,Z03,ZAR
4500006518,ZDOM,2025-07-03T00:00:00,0001000046,Z100,Z01,ZAR
4500006519,ZDOM,2025-11-06T00:00:00,0001000046,Z100,Z03,ZAR
4500006520,AN,2026-02-27T00:00:00,0001000046,Z100,Z03,ZAR
4500006521,ZDOM,2026-08-19T00:00:00,0001000046,Z100,Z03,ZAR
4500006522,WK,2024-10-02T00:00:00,0001000044,Z100,Z02,ZAR
4500006523,WK,2025-11-26T00:00:00,0001000044,Z100,Z02,ZAR
4500006524,WK,2025-12-17T00:00:00,0001000044,Z100,Z03,ZAR
4500006525,ZDOM,2026-06-21T00:00:00,0001000044,Z100,Z03,ZAR
4500006526,WK,2024-09-08T00:00:00,0001000005,Z100,Z01,ZAR
4500006527,ZDOM,2025-06-06T00:00:00,0001000005,Z100,Z02,ZAR
4500006528,AN,2026-02-26T00:00:00,0001000005,Z100,Z02,ZAR
4500006529,ZDOM,2024-09-19T00:00:00,0001000006,Z100,Z01,ZAR
4500006530,ZDOM,2025-10-27T00:00:00,0001000006,Z100,Z02,ZAR
4500006531,AN,2026-05-09T00:00:00,0001000006,Z100,Z02,ZAR
4500006532,ZDOM,2024-09-23T00:00:00,0001000005,Z100,Z02,ZAR
4500006533,ZDOM,2025-03-01T00:00:00,0001000005,Z100,Z01,ZAR
4500006534,WK,2025-06-21T00:00:00,0001000005,Z100,Z03,ZAR
4500006535,AN,2025-07-13T00:00:00,0001000005,Z100,Z03,ZAR
4500006536,WK,2026-01-09T00:00:00,0001000005,Z100,Z02,ZAR
4500006537,ZDOM,2026-05-13T00:00:00,0001000005,Z100,Z02,ZAR
4500006538,ZDOM,2026-06-23T00:00:00,0001000005,Z100,Z01,ZAR
4500006539,AN,2026-08-03T00:00:00,0001000005,Z100,Z02,ZAR
4500006540,WK,2024-09-17T00:00:00,0001000005,Z100,Z03,ZAR
4500006541,AN,2025-05-11T00:00:00,0001000005,Z100,Z03,ZAR
4500006542,WK,2026-03-07T00:00:00,0001000005,Z100,Z01,ZAR
4500006543,ZDOM,2026-05-05T00:00:00,0001000005,Z100,Z03,ZAR
4500006544,AN,2024-11-23T00:00:00,0001000050,Z100,Z01,ZAR
4500006545,WK,2024-12-11T00:00:00,0001000050,Z100,Z02,ZAR
4500006546,AN,2025-07-19T00:00:00,0001000050,Z100,Z01,ZAR
4500006547,AN,2024-10-05T00:00:00,0001000050,Z100,Z01,ZAR
4500006548,WK,2024-10-17T00:00:00,0001000050,Z100,Z03,ZAR
4500006549,ZDOM,2025-11-15T00:00:00,0001000050,Z100,Z03,ZAR
4500006550,WK,2024-10-18T00:00:00,0001000016,Z100,Z02,ZAR
4500006551,WK,2025-05-08T00:00:00,0001000016,Z100,Z03,ZAR
4500006552,AN,2026-01-02T00:00:00,0001000016,Z100,Z01,ZAR
4500006553,AN,2026-05-13T00:00:00,0001000016,Z100,Z03,ZAR
4500006554,WK,2024-09-10T00:00:00,0001000016,Z100,Z03,ZAR
4500006555,WK,2025-06-01T00:00:00,0001000016,Z100,Z01,ZAR
4500006556,ZDOM,2026-01-04T00:00:00,0001000016,Z100,Z03,ZAR
4500006557,ZDOM,2026-06-20T00:00:00,0001000016,Z100,Z03,ZAR
4500006558,WK,2024-09-05T00:00:00,0001000038,Z100,Z01,ZAR
4500006559,AN,2025-04-01T00:00:00,0001000038,Z100,Z02,ZAR
4500006560,AN,2025-08-07T00:00:00,0001000038,Z100,Z01,ZAR
4500006561,AN,2026-07-26T00:00:00,0001000038,Z100,Z01,ZAR
4500006562,WK,2024-09-08T00:00:00,0001000058,Z100,Z03,ZAR
4500006563,ZDOM,2024-10-18T00:00:00,0001000058,Z100,Z03,ZAR
4500006564,ZDOM,2025-08-08T00:00:00,0001000058,Z100,Z01,ZAR
4500006565,ZDOM,2025-12-23T00:00:00,0001000058,Z100,Z02,ZAR
4500006566,AN,2026-07-06T00:00:00,0001000058,Z100,Z03,ZAR
4500006567,ZDOM,2024-09-25T00:00:00,0001000058,Z100,Z01,ZAR
4500006568,WK,2025-05-04T00:00:00,0001000058,Z100,Z03,ZAR
4500006569,AN,2025-11-09T00:00:00,0001000058,Z100,Z02,ZAR
4500006570,WK,2026-03-20T00:00:00,0001000058,Z100,Z02,ZAR
4500006571,AN,2026-07-25T00:00:00,0001000058,Z100,Z03,ZAR
4500006572,AN,2024-10-28T00:00:00,0001000010,Z100,Z03,ZAR
4500006573,ZDOM,2025-03-16T00:00:00,0001000010,Z100,Z02,ZAR
4500006574,WK,2025-07-20T00:00:00,0001000010,Z100,Z01,ZAR
4500006575,ZDOM,2025-10-07T00:00:00,0001000010,Z100,Z03,ZAR
4500006576,AN,2026-02-16T00:00:00,0001000010,Z100,Z02,ZAR
4500006577,WK,2026-05-27T00:00:00,0001000010,Z100,Z02,ZAR
4500006578,ZDOM,2024-10-21T00:00:00,0001000022,Z100,Z02,ZAR
4500006579,WK,2025-01-30T00:00:00,0001000022,Z100,Z03,ZAR
4500006580,ZDOM,2026-08-26T00:00:00,0001000022,Z100,Z03,ZAR
4500006581,ZDOM,2024-09-24T00:00:00,0001000035,Z100,Z02,ZAR
4500006582,AN,2025-03-28T00:00:00,0001000035,Z100,Z01,ZAR
4500006583,WK,2025-05-10T00:00:00,0001000035,Z100,Z03,ZAR
4500006584,WK,2025-11-23T00:00:00,0001000035,Z100,Z03,ZAR
4500006585,WK,2024-10-03T00:00:00,0001000035,Z100,Z02,ZAR
4500006586,WK,2024-10-26T00:00:00,0001000035,Z100,Z02,ZAR
4500006587,ZDOM,2025-10-03T00:00:00,0001000035,Z100,Z03,ZAR
4500006588,WK,2026-02-01T00:00:00,0001000035,Z100,Z03,ZAR
4500006589,AN,2024-09-12T00:00:00,0001000018,Z100,Z02,ZAR
4500006590,AN,2025-04-07T00:00:00,0001000018,Z100,Z02,ZAR
4500006591,ZDOM,2025-11-28T00:00:00,0001000018,Z100,Z03,ZAR
4500006592,ZDOM,2026-06-23T00:00:00,0001000018,Z100,Z02,ZAR
4500006593,AN,2026-07-25T00:00:00,0001000018,Z100,Z01,ZAR
4500006594,WK,2024-09-26T00:00:00,0001000047,Z100,Z03,ZAR
4500006595,AN,2025-08-26T00:00:00,0001000047,Z100,Z01,ZAR
4500006596,WK,2025-09-20T00:00:00,0001000047,Z100,Z01,ZAR
4500006597,AN,2026-06-29T00:00:00,0001000047,Z100,Z03,ZAR
4500006598,ZDOM,2024-09-10T00:00:00,0001000047,Z100,Z03,ZAR
4500006599,ZDOM,2025-05-10T00:00:00,0001000047,Z100,Z01,ZAR
4500006600,WK,2025-08-22T00:00:00,0001000047,Z100,Z03,ZAR
4500006601,WK,2025-09-20T00:00:00,0001000047,Z100,Z03,ZAR
4500006602,ZDOM,2026-06-21T00:00:00,0001000047,Z100,Z01,ZAR
4500006603,ZDOM,2024-09-15T00:00:00,0001000023,Z100,Z03,ZAR
4500006604,AN,2024-11-05T00:00:00,0001000023,Z100,Z03,ZAR
4500006605,AN,2025-10-28T00:00:00,0001000023,Z100,Z03,ZAR
4500006606,WK,2026-02-01T00:00:00,0001000023,Z100,Z01,ZAR
4500006607,AN,2026-03-09T00:00:00,0001000023,Z100,Z01,ZAR
4500006608,AN,2024-11-28T00:00:00,0001000001,Z100,Z03,ZAR
4500006609,AN,2025-01-04T00:00:00,0001000001,Z100,Z02,ZAR
4500006610,WK,2025-04-18T00:00:00,0001000001,Z100,Z02,ZAR
4500006611,AN,2025-07-19T00:00:00,0001000001,Z100,Z02,ZAR
4500006612,WK,2025-08-18T00:00:00,0001000001,Z100,Z01,ZAR
4500006613,AN,2025-11-12T00:00:00,0001000001,Z100,Z02,ZAR
4500006614,AN,2025-12-28T00:00:00,0001000001,Z100,Z01,ZAR
4500006615,ZDOM,2026-04-30T00:00:00,0001000001,Z100,Z01,ZAR
4500006616,ZDOM,2026-07-24T00:00:00,0001000001,Z100,Z03,ZAR
4500006617,WK,2026-09-07T00:00:00,0001000001,Z100,Z02,ZAR
4500006618,AN,2025-02-23T00:00:00,0001000005,Z100,Z01,ZAR
4500006619,ZDOM,2025-08-20T00:00:00,0001000005,Z100,Z01,ZAR
4500006620,AN,2024-09-13T00:00:00,0001000022,Z100,Z02,ZAR
4500006621,AN,2024-10-19T00:00:00,0001000022,Z100,Z03,ZAR
4500006622,AN,2025-01-18T00:00:00,0001000022,Z100,Z03,ZAR
4500006623,WK,2026-02-22T00:00:00,0001000022,Z100,Z02,ZAR
4500006624,ZDOM,2024-10-04T00:00:00,0001000022,Z100,Z01,ZAR
4500006625,WK,2025-04-23T00:00:00,0001000022,Z100,Z01,ZAR
4500006626,WK,2025-07-22T00:00:00,0001000022,Z100,Z03,ZAR
4500006627,WK,2026-03-20T00:00:00,0001000022,Z100,Z01,ZAR
4500006628,WK,2024-12-19T00:00:00,0001000035,Z100,Z01,ZAR
4500006629,AN,2025-10-01T00:00:00,0001000035,Z100,Z01,ZAR
4500006630,WK,2025-10-26T00:00:00,0001000035,Z100,Z01,ZAR
4500006631,WK,2026-07-23T00:00:00,0001000035,Z100,Z01,ZAR
4500006632,AN,2026-09-07T00:00:00,0001000050,Z100,Z02,ZAR
4500006633,WK,2024-11-05T00:00:00,0001000057,Z100,Z03,ZAR
4500006634,WK,2025-01-10T00:00:00,0001000057,Z100,Z03,ZAR
4500006635,WK,2025-03-03T00:00:00,0001000057,Z100,Z03,ZAR
4500006636,WK,2025-03-15T00:00:00,0001000057,Z100,Z03,ZAR
4500006637,ZDOM,2025-06-28T00:00:00,0001000057,Z100,Z03,ZAR
4500006638,AN,2025-09-27T00:00:00,0001000057,Z100,Z03,ZAR
4500006639,ZDOM,2025-11-15T00:00:00,0001000057,Z100,Z03,ZAR
4500006640,AN,2026-01-30T00:00:00,0001000057,Z100,Z01,ZAR
4500006641,WK,2026-04-02T00:00:00,0001000057,Z100,Z03,ZAR
4500006642,AN,2026-05-14T00:00:00,0001000057,Z100,Z02,ZAR
4500006643,AN,2026-08-01T00:00:00,0001000057,Z100,Z01,ZAR
4500006644,AN,2025-03-12T00:00:00,0001000016,Z100,Z03,ZAR
4500006645,AN,2025-09-12T00:00:00,0001000016,Z100,Z03,ZAR
4500006646,AN,2026-03-19T00:00:00,0001000016,Z100,Z03,ZAR
4500006647,AN,2026-04-12T00:00:00,0001000016,Z100,Z01,ZAR
4500006648,AN,2026-05-18T00:00:00,0001000016,Z100,Z02,ZAR
4500006649,WK,2024-09-28T00:00:00,0001000017,Z100,Z02,ZAR
4500006650,ZDOM,2025-03-08T00:00:00,0001000017,Z100,Z01,ZAR
4500006651,ZDOM,2025-09-08T00:00:00,0001000017,Z100,Z01,ZAR
4500006652,ZDOM,2026-02-05T00:00:00,0001000017,Z100,Z01,ZAR
4500006653,ZDOM,2026-06-15T00:00:00,0001000017,Z100,Z03,ZAR
4500006654,AN,2024-10-29T00:00:00,0001000057,Z100,Z01,ZAR
4500006655,WK,2026-07-08T00:00:00,0001000057,Z100,Z01,ZAR
4500006656,ZDOM,2026-07-26T00:00:00,0001000057,Z100,Z02,ZAR
4500006657,ZDOM,2026-08-14T00:00:00,0001000057,Z100,Z01,ZAR
4500006658,AN,2024-09-23T00:00:00,0001000057,Z100,Z02,ZAR
4500006659,AN,2025-10-08T00:00:00,0001000057,Z100,Z01,ZAR
4500006660,AN,2025-11-19T00:00:00,0001000057,Z100,Z02,ZAR
4500006661,AN,2024-09-09T00:00:00,0001000028,Z100,Z01,ZAR
4500006662,WK,2025-07-01T00:00:00,0001000028,Z100,Z01,ZAR
4500006663,WK,2025-12-09T00:00:00,0001000028,Z100,Z01,ZAR
4500006664,ZDOM,2026-03-14T00:00:00,0001000028,Z100,Z01,ZAR
4500006665,WK,2026-06-26T00:00:00,0001000028,Z100,Z02,ZAR
4500006666,AN,2024-11-15T00:00:00,0001000038,Z100,Z03,ZAR
4500006667,WK,2025-03-04T00:00:00,0001000038,Z100,Z02,ZAR
4500006668,ZDOM,2025-10-02T00:00:00,0001000038,Z100,Z03,ZAR
4500006669,WK,2026-04-14T00:00:00,0001000038,Z100,Z01,ZAR
4500006670,WK,2024-10-04T00:00:00,0001000045,Z100,Z01,ZAR
4500006671,WK,2024-11-06T00:00:00,0001000045,Z100,Z03,ZAR
4500006672,WK,2025-01-30T00:00:00,0001000045,Z100,Z02,ZAR
4500006673,AN,2025-07-03T00:00:00,0001000045,Z100,Z01,ZAR
4500006674,AN,2025-09-02T00:00:00,0001000045,Z100,Z01,ZAR
4500006675,AN,2026-02-11T00:00:00,0001000045,Z100,Z03,ZAR
4500006676,ZDOM,2026-04-16T00:00:00,0001000045,Z100,Z02,ZAR
4500006677,ZDOM,2024-09-07T00:00:00,0001000002,Z100,Z01,ZAR
4500006678,ZDOM,2025-08-16T00:00:00,0001000002,Z100,Z02,ZAR
4500006679,ZDOM,2025-11-29T00:00:00,0001000002,Z100,Z02,ZAR
4500006680,AN,2026-01-06T00:00:00,0001000002,Z100,Z01,ZAR
4500006681,ZDOM,2024-09-29T00:00:00,0001000002,Z100,Z03,ZAR
4500006682,AN,2024-12-14T00:00:00,0001000002,Z100,Z03,ZAR
4500006683,ZDOM,2025-01-10T00:00:00,0001000002,Z100,Z02,ZAR
4500006684,WK,2025-10-23T00:00:00,0001000002,Z100,Z01,ZAR
4500006685,ZDOM,2026-02-26T00:00:00,0001000002,Z100,Z01,ZAR
4500006686,AN,2026-04-07T00:00:00,0001000002,Z100,Z03,ZAR
4500006687,AN,2026-07-16T00:00:00,0001000002,Z100,Z02,ZAR
4500006688,ZDOM,2024-09-11T00:00:00,0001000001,Z100,Z02,ZAR
4500006689,AN,2024-10-28T00:00:00,0001000001,Z100,Z02,ZAR
4500006690,AN,2025-02-18T00:00:00,0001000001,Z100,Z02,ZAR
4500006691,ZDOM,2025-05-12T00:00:00,0001000001,Z100,Z03,ZAR
4500006692,AN,2026-01-01T00:00:00,0001000001,Z100,Z02,ZAR
4500006693,WK,2026-01-31T00:00:00,0001000001,Z100,Z01,ZAR
4500006694,ZDOM,2026-03-02T00:00:00,0001000001,Z100,Z02,ZAR
4500006695,WK,2026-06-06T00:00:00,0001000001,Z100,Z02,ZAR
4500006696,AN,2024-09-28T00:00:00,0001000006,Z100,Z03,ZAR
4500006697,AN,2025-10-25T00:00:00,0001000006,Z100,Z03,ZAR
4500006698,AN,2026-03-27T00:00:00,0001000006,Z100,Z02,ZAR
4500006699,WK,2024-10-09T00:00:00,0001000006,Z100,Z03,ZAR
4500006700,AN,2025-02-22T00:00:00,0001000006,Z100,Z01,ZAR
4500006701,AN,2025-08-21T00:00:00,0001000006,Z100,Z03,ZAR
4500006702,WK,2025-09-12T00:00:00,0001000006,Z100,Z03,ZAR
4500006703,WK,2025-11-17T00:00:00,0001000006,Z100,Z01,ZAR
4500006704,ZDOM,2026-07-03T00:00:00,0001000006,Z100,Z02,ZAR
4500006705,ZDOM,2026-09-01T00:00:00,0001000006,Z100,Z02,ZAR
4500006706,AN,2024-09-21T00:00:00,0001000013,Z100,Z02,ZAR
4500006707,WK,2025-01-29T00:00:00,0001000013,Z100,Z03,ZAR
4500006708,ZDOM,2024-09-29T00:00:00,0001000033,Z100,Z02,ZAR
4500006709,ZDOM,2024-10-14T00:00:00,0001000033,Z100,Z03,ZAR
4500006710,ZDOM,2024-11-08T00:00:00,0001000033,Z100,Z01,ZAR
4500006711,WK,2025-10-30T00:00:00,0001000033,Z100,Z02,ZAR
4500006712,AN,2026-07-19T00:00:00,0001000033,Z100,Z01,ZAR
4500006713,AN,2024-09-18T00:00:00,0001000017,Z100,Z02,ZAR
4500006714,AN,2024-10-12T00:00:00,0001000017,Z100,Z01,ZAR
4500006715,WK,2024-11-20T00:00:00,0001000017,Z100,Z01,ZAR
4500006716,ZDOM,2025-02-14T00:00:00,0001000017,Z100,Z01,ZAR
4500006717,ZDOM,2025-06-11T00:00:00,0001000017,Z100,Z02,ZAR
4500006718,ZDOM,2025-08-21T00:00:00,0001000017,Z100,Z03,ZAR
4500006719,AN,2026-02-16T00:00:00,0001000017,Z100,Z02,ZAR
4500006720,AN,2026-03-19T00:00:00,0001000017,Z100,Z02,ZAR
4500006721,ZDOM,2024-09-08T00:00:00,0001000003,Z100,Z01,ZAR
4500006722,WK,2024-11-18T00:00:00,0001000003,Z100,Z03,ZAR
4500006723,ZDOM,2025-02-14T00:00:00,0001000003,Z100,Z01,ZAR
4500006724,AN,2025-04-14T00:00:00,0001000003,Z100,Z01,ZAR
4500006725,ZDOM,2025-08-18T00:00:00,0001000003,Z100,Z01,ZAR
4500006726,ZDOM,2025-10-12T00:00:00,0001000003,Z100,Z02,ZAR
4500006727,ZDOM,2026-02-21T00:00:00,0001000003,Z100,Z03,ZAR
4500006728,AN,2026-04-14T00:00:00,0001000003,Z100,Z03,ZAR
4500006729,ZDOM,2026-08-04T00:00:00,0001000003,Z100,Z02,ZAR
4500006730,AN,2026-08-27T00:00:00,0001000003,Z100,Z03,ZAR
4500006731,ZDOM,2024-09-30T00:00:00,0001000055,Z100,Z01,ZAR
4500006732,AN,2025-02-14T00:00:00,0001000055,Z100,Z03,ZAR
4500006733,ZDOM,2025-08-19T00:00:00,0001000055,Z100,Z03,ZAR
4500006734,AN,2026-07-23T00:00:00,0001000055,Z100,Z02,ZAR
4500006735,WK,2024-11-23T00:00:00,0001000055,Z100,Z01,ZAR
4500006736,ZDOM,2024-12-02T00:00:00,0001000055,Z100,Z01,ZAR
4500006737,WK,2025-07-18T00:00:00,0001000055,Z100,Z03,ZAR
4500006738,ZDOM,2026-02-26T00:00:00,0001000055,Z100,Z02,ZAR
4500006739,ZDOM,2026-03-07T00:00:00,0001000055,Z100,Z03,ZAR
4500006740,WK,2026-06-27T00:00:00,0001000055,Z100,Z02,ZAR
4500006741,AN,2026-07-20T00:00:00,0001000055,Z100,Z02,ZAR
4500006742,AN,2025-05-05T00:00:00,0001000046,Z100,Z02,ZAR
4500006743,WK,2024-11-03T00:00:00,0001000046,Z100,Z03,ZAR
4500006744,WK,2024-11-12T00:00:00,0001000046,Z100,Z01,ZAR
4500006745,ZDOM,2026-05-08T00:00:00,0001000046,Z100,Z02,ZAR
4500006746,AN,2026-05-30T00:00:00,0001000046,Z100,Z03,ZAR
4500006747,AN,2025-01-02T00:00:00,0001000016,Z100,Z01,ZAR
4500006748,ZDOM,2025-01-23T00:00:00,0001000016,Z100,Z01,ZAR
4500006749,AN,2025-08-18T00:00:00,0001000016,Z100,Z03,ZAR
4500006750,AN,2025-09-29T00:00:00,0001000016,Z100,Z03,ZAR
4500006751,AN,2024-09-10T00:00:00,0001000016,Z100,Z02,ZAR
4500006752,AN,2024-11-10T00:00:00,0001000016,Z100,Z02,ZAR
4500006753,WK,2025-08-04T00:00:00,0001000016,Z100,Z01,ZAR
4500006754,WK,2025-08-14T00:00:00,0001000016,Z100,Z02,ZAR
4500006755,WK,2025-12-18T00:00:00,0001000016,Z100,Z01,ZAR
4500006756,ZDOM,2024-09-30T00:00:00,0001000046,Z100,Z02,ZAR
4500006757,WK,2025-08-05T00:00:00,0001000046,Z100,Z01,ZAR
4500006758,ZDOM,2026-01-25T00:00:00,0001000046,Z100,Z01,ZAR
4500006759,AN,2024-09-21T00:00:00,0001000046,Z100,Z02,ZAR
4500006760,ZDOM,2025-03-11T00:00:00,0001000046,Z100,Z01,ZAR
4500006761,ZDOM,2024-09-17T00:00:00,0001000039,Z100,Z02,ZAR
4500006762,WK,2025-04-09T00:00:00,0001000039,Z100,Z01,ZAR
4500006763,ZDOM,2024-11-04T00:00:00,0001000039,Z100,Z02,ZAR
4500006764,ZDOM,2026-01-11T00:00:00,0001000039,Z100,Z03,ZAR
4500006765,AN,2026-02-12T00:00:00,0001000039,Z100,Z02,ZAR
4500006766,ZDOM,2026-03-28T00:00:00,0001000039,Z100,Z02,ZAR
4500006767,AN,2026-04-10T00:00:00,0001000039,Z100,Z01,ZAR
4500006768,ZDOM,2024-09-12T00:00:00,0001000024,Z100,Z01,ZAR
4500006769,ZDOM,2025-08-27T00:00:00,0001000024,Z100,Z01,ZAR
4500006770,ZDOM,2025-11-19T00:00:00,0001000024,Z100,Z02,ZAR
4500006771,WK,2026-01-01T00:00:00,0001000024,Z100,Z03,ZAR
4500006772,ZDOM,2026-06-24T00:00:00,0001000024,Z100,Z01,ZAR
4500006773,WK,2024-12-29T00:00:00,0001000035,Z100,Z01,ZAR
4500006774,ZDOM,2025-06-04T00:00:00,0001000035,Z100,Z02,ZAR
4500006775,WK,2025-09-06T00:00:00,0001000035,Z100,Z02,ZAR
4500006776,WK,2026-02-17T00:00:00,0001000035,Z100,Z01,ZAR
4500006777,AN,2026-09-07T00:00:00,0001000035,Z100,Z01,ZAR
4500006778,WK,2025-01-26T00:00:00,0001000007,Z100,Z02,ZAR
4500006779,AN,2025-11-23T00:00:00,0001000007,Z100,Z02,ZAR
4500006780,WK,2024-09-13T00:00:00,0001000005,Z100,Z03,ZAR
4500006781,AN,2025-04-07T00:00:00,0001000005,Z100,Z03,ZAR
4500006782,ZDOM,2025-10-22T00:00:00,0001000005,Z100,Z03,ZAR
4500006783,AN,2026-05-08T00:00:00,0001000005,Z100,Z02,ZAR
4500006784,ZDOM,2024-09-28T00:00:00,0001000005,Z100,Z03,ZAR
4500006785,AN,2024-10-14T00:00:00,0001000005,Z100,Z02,ZAR
4500006786,AN,2024-12-07T00:00:00,0001000005,Z100,Z03,ZAR
4500006787,AN,2025-01-04T00:00:00,0001000005,Z100,Z03,ZAR
4500006788,ZDOM,2025-02-06T00:00:00,0001000005,Z100,Z03,ZAR
4500006789,ZDOM,2025-02-13T00:00:00,0001000005,Z100,Z02,ZAR
4500006790,AN,2026-01-22T00:00:00,0001000005,Z100,Z02,ZAR
4500006791,ZDOM,2025-12-13T00:00:00,0001000039,Z100,Z03,ZAR
4500006792,ZDOM,2026-01-27T00:00:00,0001000039,Z100,Z02,ZAR
4500006793,AN,2026-02-12T00:00:00,0001000039,Z100,Z02,ZAR
4500006794,AN,2024-10-02T00:00:00,0001000039,Z100,Z02,ZAR
4500006795,ZDOM,2024-12-05T00:00:00,0001000039,Z100,Z03,ZAR
4500006796,AN,2025-02-05T00:00:00,0001000039,Z100,Z03,ZAR
4500006797,ZDOM,2025-02-12T00:00:00,0001000039,Z100,Z02,ZAR
4500006798,AN,2025-09-08T00:00:00,0001000039,Z100,Z02,ZAR
4500006799,WK,2025-11-18T00:00:00,0001000039,Z100,Z01,ZAR
4500006800,WK,2026-06-08T00:00:00,0001000039,Z100,Z02,ZAR
4500006801,AN,2026-09-07T00:00:00,0001000039,Z100,Z02,ZAR
4500006802,ZDOM,2024-09-04T00:00:00,0001000001,Z100,Z01,ZAR
4500006803,ZDOM,2024-10-18T00:00:00,0001000001,Z100,Z01,ZAR
4500006804,WK,2024-11-23T00:00:00,0001000001,Z100,Z02,ZAR
4500006805,WK,2025-03-07T00:00:00,0001000001,Z100,Z02,ZAR
4500006806,ZDOM,2025-06-16T00:00:00,0001000001,Z100,Z02,ZAR
4500006807,WK,2025-08-21T00:00:00,0001000001,Z100,Z03,ZAR
4500006808,AN,2026-01-29T00:00:00,0001000001,Z100,Z02,ZAR
4500006809,WK,2026-02-22T00:00:00,0001000001,Z100,Z03,ZAR
4500006810,ZDOM,2024-09-16T00:00:00,0001000048,Z100,Z01,ZAR
4500006811,AN,2024-12-09T00:00:00,0001000048,Z100,Z03,ZAR
4500006812,WK,2025-08-27T00:00:00,0001000048,Z100,Z01,ZAR
4500006813,ZDOM,2025-11-14T00:00:00,0001000048,Z100,Z02,ZAR
4500006814,AN,2026-03-21T00:00:00,0001000048,Z100,Z03,ZAR
4500006815,ZDOM,2026-07-13T00:00:00,0001000048,Z100,Z03,ZAR
4500006816,ZDOM,2024-12-06T00:00:00,0001000051,Z100,Z02,ZAR
4500006817,ZDOM,2025-05-05T00:00:00,0001000051,Z100,Z02,ZAR
4500006818,WK,2026-02-09T00:00:00,0001000051,Z100,Z01,ZAR
4500006819,ZDOM,2026-03-07T00:00:00,0001000051,Z100,Z03,ZAR
4500006820,AN,2026-04-05T00:00:00,0001000051,Z100,Z02,ZAR
4500006821,ZDOM,2026-06-18T00:00:00,0001000051,Z100,Z01,ZAR
4500006822,ZDOM,2026-09-06T00:00:00,0001000051,Z100,Z02,ZAR
4500006823,AN,2024-09-30T00:00:00,0001000055,Z100,Z03,ZAR
4500006824,WK,2024-12-11T00:00:00,0001000055,Z100,Z03,ZAR
4500006825,WK,2025-05-26T00:00:00,0001000055,Z100,Z02,ZAR
4500006826,AN,2025-11-17T00:00:00,0001000055,Z100,Z02,ZAR
4500006827,WK,2026-04-12T00:00:00,0001000055,Z100,Z02,ZAR
4500006828,ZDOM,2025-01-31T00:00:00,0001000036,Z100,Z01,ZAR
4500006829,ZDOM,2026-07-01T00:00:00,0001000036,Z100,Z02,ZAR
4500006830,WK,2024-09-08T00:00:00,0001000037,Z100,Z03,ZAR
4500006831,AN,2025-02-13T00:00:00,0001000037,Z100,Z02,ZAR
4500006832,AN,2025-08-18T00:00:00,0001000037,Z100,Z01,ZAR
4500006833,AN,2026-06-18T00:00:00,0001000037,Z100,Z01,ZAR
4500006834,ZDOM,2026-07-19T00:00:00,0001000037,Z100,Z02,ZAR
4500006835,ZDOM,2025-03-22T00:00:00,0001000000,Z100,Z03,ZAR
4500006836,ZDOM,2025-08-24T00:00:00,0001000000,Z100,Z01,ZAR
4500006837,WK,2026-02-07T00:00:00,0001000000,Z100,Z01,ZAR
4500006838,AN,2026-06-02T00:00:00,0001000000,Z100,Z02,ZAR
4500006839,WK,2024-11-25T00:00:00,0001000000,Z100,Z01,ZAR
4500006840,WK,2025-06-18T00:00:00,0001000000,Z100,Z03,ZAR
4500006841,ZDOM,2025-08-01T00:00:00,0001000000,Z100,Z03,ZAR
4500006842,WK,2025-11-13T00:00:00,0001000000,Z100,Z03,ZAR
4500006843,WK,2026-07-16T00:00:00,0001000000,Z100,Z01,ZAR
4500006844,WK,2024-10-08T00:00:00,0001000057,Z100,Z01,ZAR
4500006845,ZDOM,2025-06-09T00:00:00,0001000057,Z100,Z01,ZAR
4500006846,AN,2024-09-26T00:00:00,0001000041,Z100,Z02,ZAR
4500006847,ZDOM,2024-12-10T00:00:00,0001000041,Z100,Z03,ZAR
4500006848,AN,2025-03-18T00:00:00,0001000041,Z100,Z01,ZAR
4500006849,WK,2025-07-07T00:00:00,0001000041,Z100,Z02,ZAR
4500006850,WK,2025-09-28T00:00:00,0001000041,Z100,Z03,ZAR
4500006851,ZDOM,2026-04-11T00:00:00,0001000041,Z100,Z02,ZAR
4500006852,WK,2026-06-18T00:00:00,0001000041,Z100,Z01,ZAR
4500006853,ZDOM,2024-09-20T00:00:00,0001000041,Z100,Z01,ZAR
4500006854,AN,2025-02-09T00:00:00,0001000041,Z100,Z01,ZAR
4500006855,ZDOM,2025-06-22T00:00:00,0001000041,Z100,Z03,ZAR
4500006856,ZDOM,2025-10-31T00:00:00,0001000041,Z100,Z01,ZAR
4500006857,AN,2025-12-08T00:00:00,0001000041,Z100,Z03,ZAR
4500006858,AN,2025-12-20T00:00:00,0001000041,Z100,Z01,ZAR
4500006859,ZDOM,2026-05-13T00:00:00,0001000041,Z100,Z01,ZAR
4500006860,AN,2024-10-05T00:00:00,0001000008,Z100,Z02,ZAR
4500006861,AN,2025-01-10T00:00:00,0001000008,Z100,Z03,ZAR
4500006862,ZDOM,2025-03-13T00:00:00,0001000008,Z100,Z02,ZAR
4500006863,WK,2025-04-22T00:00:00,0001000008,Z100,Z02,ZAR
4500006864,WK,2025-09-09T00:00:00,0001000008,Z100,Z01,ZAR
4500006865,WK,2026-04-17T00:00:00,0001000008,Z100,Z01,ZAR
4500006866,AN,2026-07-31T00:00:00,0001000008,Z100,Z03,ZAR
4500006867,WK,2024-09-13T00:00:00,0001000038,Z100,Z03,ZAR
4500006868,WK,2024-12-08T00:00:00,0001000038,Z100,Z03,ZAR
4500006869,WK,2025-02-09T00:00:00,0001000038,Z100,Z02,ZAR
4500006870,WK,2025-03-29T00:00:00,0001000038,Z100,Z03,ZAR
4500006871,AN,2025-04-22T00:00:00,0001000038,Z100,Z03,ZAR
4500006872,WK,2025-07-01T00:00:00,0001000038,Z100,Z01,ZAR
4500006873,AN,2025-08-11T00:00:00,0001000038,Z100,Z01,ZAR
4500006874,WK,2026-01-01T00:00:00,0001000038,Z100,Z02,ZAR
4500006875,WK,2026-01-10T00:00:00,0001000038,Z100,Z02,ZAR
4500006876,WK,2026-03-09T00:00:00,0001000038,Z100,Z03,ZAR
4500006877,ZDOM,2026-05-18T00:00:00,0001000038,Z100,Z03,ZAR
4500006878,AN,2026-06-20T00:00:00,0001000038,Z100,Z02,ZAR
4500006879,AN,2026-07-08T00:00:00,0001000038,Z100,Z03,ZAR
4500006880,WK,2025-03-02T00:00:00,0001000000,Z100,Z01,ZAR
4500006881,AN,2025-08-13T00:00:00,0001000000,Z100,Z01,ZAR
4500006882,WK,2026-03-21T00:00:00,0001000000,Z100,Z01,ZAR
4500006883,WK,2024-10-01T00:00:00,0001000014,Z100,Z03,ZAR
4500006884,ZDOM,2024-11-03T00:00:00,0001000014,Z100,Z01,ZAR
4500006885,WK,2025-03-05T00:00:00,0001000014,Z100,Z03,ZAR
4500006886,WK,2025-04-26T00:00:00,0001000014,Z100,Z01,ZAR
4500006887,WK,2025-07-05T00:00:00,0001000014,Z100,Z03,ZAR
4500006888,AN,2025-09-10T00:00:00,0001000014,Z100,Z02,ZAR
4500006889,AN,2026-01-04T00:00:00,0001000014,Z100,Z02,ZAR
4500006890,ZDOM,2026-02-07T00:00:00,0001000014,Z100,Z03,ZAR
4500006891,WK,2026-05-17T00:00:00,0001000014,Z100,Z02,ZAR
4500006892,WK,2026-08-13T00:00:00,0001000014,Z100,Z03,ZAR
4500006893,ZDOM,2024-12-12T00:00:00,0001000014,Z100,Z03,ZAR
4500006894,ZDOM,2025-03-26T00:00:00,0001000014,Z100,Z01,ZAR
4500006895,ZDOM,2025-04-19T00:00:00,0001000014,Z100,Z01,ZAR
4500006896,WK,2025-08-16T00:00:00,0001000014,Z100,Z02,ZAR
4500006897,ZDOM,2025-10-12T00:00:00,0001000014,Z100,Z01,ZAR
4500006898,ZDOM,2026-02-20T00:00:00,0001000014,Z100,Z02,ZAR
4500006899,WK,2026-07-10T00:00:00,0001000014,Z100,Z02,ZAR
4500006900,ZDOM,2025-09-24T00:00:00,0001000009,Z100,Z02,ZAR
4500006901,WK,2026-05-30T00:00:00,0001000009,Z100,Z03,ZAR
4500006902,ZDOM,2026-07-19T00:00:00,0001000009,Z100,Z02,ZAR
4500006903,ZDOM,2026-08-20T00:00:00,0001000009,Z100,Z02,ZAR
4500006904,WK,2025-03-25T00:00:00,0001000009,Z100,Z02,ZAR
4500006905,WK,2025-08-20T00:00:00,0001000009,Z100,Z01,ZAR
4500006906,AN,2025-09-30T00:00:00,0001000009,Z100,Z01,ZAR
4500006907,AN,2025-10-16T00:00:00,0001000047,Z100,Z02,ZAR
4500006908,ZDOM,2026-04-03T00:00:00,0001000047,Z100,Z02,ZAR
4500006909,ZDOM,2025-06-14T00:00:00,0001000035,Z100,Z03,ZAR
4500006910,AN,2026-08-14T00:00:00,0001000035,Z100,Z03,ZAR
4500006911,ZDOM,2024-10-07T00:00:00,0001000035,Z100,Z03,ZAR
4500006912,WK,2025-06-20T00:00:00,0001000035,Z100,Z02,ZAR
4500006913,AN,2025-07-30T00:00:00,0001000035,Z100,Z03,ZAR
4500006914,WK,2024-09-21T00:00:00,0001000032,Z100,Z01,ZAR
4500006915,AN,2025-02-23T00:00:00,0001000032,Z100,Z02,ZAR
4500006916,WK,2025-06-09T00:00:00,0001000032,Z100,Z03,ZAR
4500006917,WK,2025-10-05T00:00:00,0001000032,Z100,Z03,ZAR
4500006918,AN,2026-01-20T00:00:00,0001000032,Z100,Z02,ZAR
4500006919,WK,2026-06-26T00:00:00,0001000032,Z100,Z01,ZAR
4500006920,ZDOM,2026-07-18T00:00:00,0001000032,Z100,Z02,ZAR
4500006921,AN,2026-09-01T00:00:00,0001000032,Z100,Z02,ZAR
4500006922,ZDOM,2024-09-16T00:00:00,0001000053,Z100,Z02,ZAR
4500006923,WK,2025-11-04T00:00:00,0001000053,Z100,Z02,ZAR
4500006924,ZDOM,2026-02-17T00:00:00,0001000053,Z100,Z03,ZAR
4500006925,ZDOM,2026-06-14T00:00:00,0001000053,Z100,Z01,ZAR
4500006926,ZDOM,2024-11-22T00:00:00,0001000049,Z100,Z01,ZAR
4500006927,WK,2025-02-13T00:00:00,0001000049,Z100,Z01,ZAR
4500006928,WK,2025-06-27T00:00:00,0001000049,Z100,Z03,ZAR
4500006929,WK,2025-10-03T00:00:00,0001000049,Z100,Z01,ZAR
4500006930,AN,2025-10-13T00:00:00,0001000049,Z100,Z01,ZAR
4500006931,WK,2025-11-21T00:00:00,0001000049,Z100,Z03,ZAR
4500006932,ZDOM,2026-03-15T00:00:00,0001000049,Z100,Z03,ZAR
4500006933,WK,2026-04-20T00:00:00,0001000049,Z100,Z03,ZAR
4500006934,WK,2026-08-13T00:00:00,0001000049,Z100,Z01,ZAR
4500006935,ZDOM,2024-09-30T00:00:00,0001000049,Z100,Z03,ZAR
4500006936,ZDOM,2025-05-22T00:00:00,0001000049,Z100,Z01,ZAR
4500006937,ZDOM,2026-04-02T00:00:00,0001000049,Z100,Z02,ZAR
4500006938,AN,2026-04-12T00:00:00,0001000049,Z100,Z01,ZAR
4500006939,WK,2026-06-02T00:00:00,0001000049,Z100,Z03,ZAR
4500006940,AN,2024-10-25T00:00:00,0001000040,Z100,Z03,ZAR
4500006941,AN,2026-02-03T00:00:00,0001000040,Z100,Z02,ZAR
4500006942,ZDOM,2026-02-06T00:00:00,0001000040,Z100,Z01,ZAR
4500006943,WK,2026-07-18T00:00:00,0001000040,Z100,Z01,ZAR
4500006944,ZDOM,2024-12-31T00:00:00,0001000038,Z100,Z02,ZAR
4500006945,AN,2025-09-03T00:00:00,0001000038,Z100,Z01,ZAR
4500006946,WK,2026-03-26T00:00:00,0001000038,Z100,Z03,ZAR
4500006947,WK,2024-11-14T00:00:00,0001000007,Z100,Z03,ZAR
4500006948,AN,2024-12-22T00:00:00,0001000007,Z100,Z01,ZAR
4500006949,WK,2025-04-14T00:00:00,0001000007,Z100,Z01,ZAR
4500006950,WK,2025-10-01T00:00:00,0001000007,Z100,Z02,ZAR
4500006951,WK,2026-05-06T00:00:00,0001000007,Z100,Z01,ZAR
4500006952,AN,2024-10-11T00:00:00,0001000013,Z100,Z03,ZAR
4500006953,AN,2025-02-09T00:00:00,0001000013,Z100,Z01,ZAR
4500006954,ZDOM,2025-03-06T00:00:00,0001000013,Z100,Z02,ZAR
4500006955,ZDOM,2025-08-03T00:00:00,0001000013,Z100,Z01,ZAR
4500006956,AN,2025-12-05T00:00:00,0001000013,Z100,Z02,ZAR
4500006957,AN,2026-03-01T00:00:00,0001000013,Z100,Z02,ZAR
4500006958,ZDOM,2026-08-10T00:00:00,0001000013,Z100,Z01,ZAR
4500006959,AN,2024-09-28T00:00:00,0001000038,Z100,Z02,ZAR
4500006960,WK,2024-11-08T00:00:00,0001000038,Z100,Z02,ZAR
4500006961,AN,2025-01-13T00:00:00,0001000038,Z100,Z03,ZAR
4500006962,WK,2026-01-14T00:00:00,0001000038,Z100,Z02,ZAR
4500006963,WK,2026-06-18T00:00:00,0001000038,Z100,Z03,ZAR
4500006964,AN,2024-09-15T00:00:00,0001000038,Z100,Z02,ZAR
4500006965,ZDOM,2024-12-25T00:00:00,0001000038,Z100,Z01,ZAR
4500006966,AN,2025-04-25T00:00:00,0001000038,Z100,Z01,ZAR
4500006967,AN,2025-10-20T00:00:00,0001000038,Z100,Z02,ZAR
4500006968,WK,2025-11-16T00:00:00,0001000038,Z100,Z01,ZAR
4500006969,AN,2025-12-17T00:00:00,0001000038,Z100,Z01,ZAR
4500006970,WK,2026-05-12T00:00:00,0001000038,Z100,Z02,ZAR
4500006971,ZDOM,2024-11-20T00:00:00,0001000030,Z100,Z03,ZAR
4500006972,WK,2025-05-17T00:00:00,0001000030,Z100,Z02,ZAR
4500006973,WK,2025-07-01T00:00:00,0001000030,Z100,Z03,ZAR
4500006974,AN,2026-03-07T00:00:00,0001000030,Z100,Z03,ZAR
4500006975,WK,2026-03-21T00:00:00,0001000030,Z100,Z03,ZAR
4500006976,AN,2024-10-18T00:00:00,0001000008,Z100,Z01,ZAR
4500006977,WK,2025-04-13T00:00:00,0001000008,Z100,Z03,ZAR
4500006978,AN,2025-11-07T00:00:00,0001000008,Z100,Z01,ZAR
4500006979,AN,2024-09-25T00:00:00,0001000014,Z100,Z02,ZAR
4500006980,WK,2025-05-11T00:00:00,0001000014,Z100,Z01,ZAR
4500006981,AN,2025-07-18T00:00:00,0001000014,Z100,Z02,ZAR
4500006982,AN,2026-02-03T00:00:00,0001000014,Z100,Z01,ZAR
4500006983,AN,2026-02-10T00:00:00,0001000014,Z100,Z01,ZAR
4500006984,AN,2026-06-24T00:00:00,0001000014,Z100,Z02,ZAR
4500006985,WK,2024-10-29T00:00:00,0001000014,Z100,Z02,ZAR
4500006986,AN,2025-05-13T00:00:00,0001000014,Z100,Z02,ZAR
4500006987,AN,2025-08-22T00:00:00,0001000014,Z100,Z01,ZAR
4500006988,AN,2025-11-03T00:00:00,0001000014,Z100,Z02,ZAR
4500006989,WK,2026-01-01T00:00:00,0001000014,Z100,Z03,ZAR
4500006990,WK,2026-02-19T00:00:00,0001000014,Z100,Z02,ZAR
4500006991,WK,2026-04-06T00:00:00,0001000014,Z100,Z01,ZAR
4500006992,AN,2026-08-24T00:00:00,0001000014,Z100,Z01,ZAR
4500006993,WK,2024-09-28T00:00:00,0001000025,Z100,Z03,ZAR
4500006994,AN,2025-01-13T00:00:00,0001000025,Z100,Z02,ZAR
4500006995,WK,2025-05-04T00:00:00,0001000025,Z100,Z01,ZAR
4500006996,AN,2025-05-20T00:00:00,0001000025,Z100,Z02,ZAR
4500006997,WK,2025-10-13T00:00:00,0001000025,Z100,Z02,ZAR
4500006998,WK,2025-11-18T00:00:00,0001000025,Z100,Z01,ZAR
4500006999,ZDOM,2026-03-23T00:00:00,0001000025,Z100,Z01,ZAR
4500007000,ZDOM,2026-08-20T00:00:00,0001000025,Z100,Z02,ZAR
4500007001,WK,2024-10-27T00:00:00,0001000009,Z100,Z03,ZAR
4500007002,WK,2024-11-27T00:00:00,0001000009,Z100,Z02,ZAR
4500007003,ZDOM,2025-07-04T00:00:00,0001000009,Z100,Z02,ZAR
4500007004,WK,2025-08-01T00:00:00,0001000009,Z100,Z03,ZAR
4500007005,WK,2025-12-26T00:00:00,0001000009,Z100,Z03,ZAR
4500007006,ZDOM,2026-04-05T00:00:00,0001000009,Z100,Z01,ZAR
4500007007,ZDOM,2026-08-27T00:00:00,0001000009,Z100,Z01,ZAR
4500007008,ZDOM,2024-10-30T00:00:00,0001000009,Z100,Z01,ZAR
4500007009,WK,2025-07-28T00:00:00,0001000009,Z100,Z03,ZAR
4500007010,ZDOM,2026-05-05T00:00:00,0001000009,Z100,Z01,ZAR
4500007011,AN,2026-05-20T00:00:00,0001000009,Z100,Z03,ZAR
4500007012,AN,2024-09-07T00:00:00,0001000040,Z100,Z01,ZAR
4500007013,ZDOM,2025-04-02T00:00:00,0001000040,Z100,Z02,ZAR
4500007014,AN,2025-07-01T00:00:00,0001000040,Z100,Z01,ZAR
4500007015,AN,2026-05-02T00:00:00,0001000040,Z100,Z03,ZAR
4500007016,ZDOM,2025-12-17T00:00:00,0001000058,Z100,Z03,ZAR
4500007017,WK,2026-01-12T00:00:00,0001000058,Z100,Z03,ZAR
4500007018,ZDOM,2026-02-25T00:00:00,0001000058,Z100,Z03,ZAR
4500007019,ZDOM,2024-09-26T00:00:00,0001000010,Z100,Z03,ZAR
4500007020,WK,2024-10-28T00:00:00,0001000010,Z100,Z02,ZAR
4500007021,ZDOM,2025-01-20T00:00:00,0001000010,Z100,Z02,ZAR
4500007022,WK,2025-05-06T00:00:00,0001000010,Z100,Z01,ZAR
4500007023,ZDOM,2025-07-06T00:00:00,0001000010,Z100,Z03,ZAR
4500007024,AN,2025-08-03T00:00:00,0001000010,Z100,Z02,ZAR
4500007025,ZDOM,2025-09-27T00:00:00,0001000010,Z100,Z02,ZAR
4500007026,ZDOM,2026-02-15T00:00:00,0001000010,Z100,Z01,ZAR
4500007027,WK,2026-04-10T00:00:00,0001000010,Z100,Z01,ZAR
4500007028,WK,2026-09-07T00:00:00,0001000010,Z100,Z01,ZAR
4500007029,WK,2024-09-26T00:00:00,0001000050,Z100,Z01,ZAR
4500007030,ZDOM,2025-07-31T00:00:00,0001000050,Z100,Z02,ZAR
4500007031,ZDOM,2025-08-30T00:00:00,0001000050,Z100,Z02,ZAR
4500007032,ZDOM,2025-09-21T00:00:00,0001000050,Z100,Z02,ZAR
4500007033,AN,2026-02-24T00:00:00,0001000050,Z100,Z02,ZAR
4500007034,AN,2024-09-14T00:00:00,0001000035,Z100,Z03,ZAR
4500007035,AN,2024-11-08T00:00:00,0001000035,Z100,Z03,ZAR
4500007036,WK,2025-05-08T00:00:00,0001000035,Z100,Z02,ZAR
4500007037,ZDOM,2025-08-07T00:00:00,0001000035,Z100,Z02,ZAR
4500007038,WK,2025-10-14T00:00:00,0001000035,Z100,Z03,ZAR
4500007039,AN,2025-11-07T00:00:00,0001000035,Z100,Z03,ZAR
4500007040,AN,2025-12-23T00:00:00,0001000035,Z100,Z01,ZAR
4500007041,AN,2026-02-16T00:00:00,0001000035,Z100,Z01,ZAR
4500007042,WK,2024-09-07T00:00:00,0001000035,Z100,Z01,ZAR
4500007043,ZDOM,2024-10-16T00:00:00,0001000035,Z100,Z02,ZAR
4500007044,AN,2025-03-10T00:00:00,0001000035,Z100,Z03,ZAR
4500007045,ZDOM,2025-10-09T00:00:00,0001000035,Z100,Z01,ZAR
4500007046,ZDOM,2026-05-19T00:00:00,0001000035,Z100,Z01,ZAR
4500007047,AN,2024-09-12T00:00:00,0001000020,Z100,Z02,ZAR
4500007048,WK,2025-06-07T00:00:00,0001000020,Z100,Z01,ZAR
4500007049,ZDOM,2025-10-24T00:00:00,0001000020,Z100,Z03,ZAR
4500007050,AN,2026-05-18T00:00:00,0001000020,Z100,Z03,ZAR
4500007051,WK,2026-06-18T00:00:00,0001000020,Z100,Z03,ZAR
4500007052,WK,2024-10-10T00:00:00,0001000020,Z100,Z02,ZAR
4500007053,AN,2025-07-10T00:00:00,0001000020,Z100,Z01,ZAR
4500007054,WK,2026-01-11T00:00:00,0001000020,Z100,Z02,ZAR
4500007055,WK,2026-07-07T00:00:00,0001000020,Z100,Z01,ZAR
4500007056,ZDOM,2024-09-10T00:00:00,0001000018,Z100,Z02,ZAR
4500007057,WK,2024-10-16T00:00:00,0001000018,Z100,Z02,ZAR
4500007058,AN,2025-02-27T00:00:00,0001000018,Z100,Z02,ZAR
4500007059,AN,2026-03-28T00:00:00,0001000018,Z100,Z01,ZAR
4500007060,ZDOM,2026-07-24T00:00:00,0001000018,Z100,Z02,ZAR
4500007061,ZDOM,2024-10-04T00:00:00,0001000018,Z100,Z01,ZAR
4500007062,ZDOM,2024-10-31T00:00:00,0001000018,Z100,Z03,ZAR
4500007063,WK,2025-02-20T00:00:00,0001000018,Z100,Z03,ZAR
4500007064,AN,2025-03-23T00:00:00,0001000018,Z100,Z02,ZAR
4500007065,WK,2025-07-07T00:00:00,0001000018,Z100,Z03,ZAR
4500007066,AN,2025-09-18T00:00:00,0001000018,Z100,Z03,ZAR
4500007067,ZDOM,2025-10-27T00:00:00,0001000018,Z100,Z03,ZAR
4500007068,ZDOM,2025-11-27T00:00:00,0001000018,Z100,Z01,ZAR
4500007069,ZDOM,2026-01-16T00:00:00,0001000018,Z100,Z03,ZAR
4500007070,WK,2026-03-30T00:00:00,0001000018,Z100,Z03,ZAR
4500007071,ZDOM,2026-04-24T00:00:00,0001000018,Z100,Z02,ZAR
4500007072,ZDOM,2024-09-28T00:00:00,0001000023,Z100,Z03,ZAR
4500007073,ZDOM,2025-02-11T00:00:00,0001000023,Z100,Z01,ZAR
4500007074,ZDOM,2025-05-10T00:00:00,0001000023,Z100,Z01,ZAR
4500007075,ZDOM,2026-01-08T00:00:00,0001000023,Z100,Z02,ZAR
4500007076,WK,2026-07-30T00:00:00,0001000023,Z100,Z02,ZAR
4500007077,ZDOM,2024-09-15T00:00:00,0001000055,Z100,Z03,ZAR
4500007078,ZDOM,2024-12-14T00:00:00,0001000055,Z100,Z03,ZAR
4500007079,ZDOM,2026-05-31T00:00:00,0001000055,Z100,Z02,ZAR
4500007080,WK,2026-06-25T00:00:00,0001000055,Z100,Z02,ZAR
4500007081,ZDOM,2026-07-13T00:00:00,0001000055,Z100,Z01,ZAR
4500007082,ZDOM,2024-11-25T00:00:00,0001000037,Z100,Z02,ZAR
4500007083,WK,2025-03-17T00:00:00,0001000037,Z100,Z02,ZAR
4500007084,ZDOM,2025-04-15T00:00:00,0001000037,Z100,Z02,ZAR
4500007085,ZDOM,2025-08-05T00:00:00,0001000037,Z100,Z01,ZAR
4500007086,AN,2025-10-30T00:00:00,0001000037,Z100,Z01,ZAR
4500007087,AN,2026-01-18T00:00:00,0001000037,Z100,Z03,ZAR
4500007088,AN,2026-04-30T00:00:00,0001000037,Z100,Z03,ZAR
4500007089,WK,2026-09-02T00:00:00,0001000037,Z100,Z01,ZAR
4500007090,ZDOM,2024-09-24T00:00:00,0001000010,Z100,Z03,ZAR
4500007091,AN,2024-10-22T00:00:00,0001000010,Z100,Z03,ZAR
4500007092,AN,2024-11-09T00:00:00,0001000010,Z100,Z02,ZAR
4500007093,AN,2025-03-27T00:00:00,0001000010,Z100,Z03,ZAR
4500007094,AN,2025-05-17T00:00:00,0001000010,Z100,Z02,ZAR
4500007095,AN,2025-12-05T00:00:00,0001000010,Z100,Z02,ZAR
4500007096,ZDOM,2026-02-23T00:00:00,0001000010,Z100,Z01,ZAR
4500007097,WK,2026-07-02T00:00:00,0001000010,Z100,Z03,ZAR
4500007098,AN,2026-09-07T00:00:00,0001000010,Z100,Z03,ZAR
4500007099,WK,2024-10-05T00:00:00,0001000010,Z100,Z03,ZAR
4500007100,WK,2025-11-25T00:00:00,0001000010,Z100,Z02,ZAR
4500007101,AN,2024-10-01T00:00:00,0001000021,Z100,Z01,ZAR
4500007102,WK,2025-03-24T00:00:00,0001000021,Z100,Z02,ZAR
4500007103,WK,2025-04-20T00:00:00,0001000021,Z100,Z02,ZAR
4500007104,AN,2025-05-19T00:00:00,0001000021,Z100,Z02,ZAR
4500007105,AN,2025-12-18T00:00:00,0001000021,Z100,Z02,ZAR
4500007106,WK,2026-08-07T00:00:00,0001000021,Z100,Z01,ZAR
4500007107,ZDOM,2024-10-01T00:00:00,0001000021,Z100,Z01,ZAR
4500007108,WK,2025-03-12T00:00:00,0001000021,Z100,Z02,ZAR
4500007109,WK,2025-10-12T00:00:00,0001000021,Z100,Z01,ZAR
4500007110,ZDOM,2025-11-28T00:00:00,0001000021,Z100,Z02,ZAR
4500007111,WK,2026-06-19T00:00:00,0001000021,Z100,Z01,ZAR
4500007112,ZDOM,2024-09-20T00:00:00,0001000004,Z100,Z02,ZAR
4500007113,AN,2025-01-09T00:00:00,0001000004,Z100,Z01,ZAR
4500007114,AN,2025-06-29T00:00:00,0001000004,Z100,Z03,ZAR
4500007115,ZDOM,2026-01-20T00:00:00,0001000004,Z100,Z01,ZAR
4500007116,AN,2026-06-12T00:00:00,0001000004,Z100,Z03,ZAR
4500007117,AN,2024-09-17T00:00:00,0001000027,Z100,Z01,ZAR
4500007118,AN,2025-02-11T00:00:00,0001000027,Z100,Z01,ZAR
4500007119,WK,2025-12-26T00:00:00,0001000027,Z100,Z03,ZAR
4500007120,AN,2026-01-10T00:00:00,0001000027,Z100,Z01,ZAR
4500007121,ZDOM,2026-02-20T00:00:00,0001000027,Z100,Z03,ZAR
4500007122,AN,2026-07-20T00:00:00,0001000027,Z100,Z01,ZAR
4500007123,WK,2025-03-07T00:00:00,0001000052,Z100,Z03,ZAR
4500007124,ZDOM,2025-05-16T00:00:00,0001000052,Z100,Z02,ZAR
4500007125,WK,2024-09-28T00:00:00,0001000032,Z100,Z01,ZAR
4500007126,AN,2025-01-26T00:00:00,0001000032,Z100,Z02,ZAR
4500007127,ZDOM,2025-02-11T00:00:00,0001000032,Z100,Z01,ZAR
4500007128,ZDOM,2025-07-30T00:00:00,0001000032,Z100,Z01,ZAR
4500007129,ZDOM,2025-09-13T00:00:00,0001000032,Z100,Z03,ZAR
4500007130,AN,2026-06-16T00:00:00,0001000032,Z100,Z02,ZAR
4500007131,AN,2026-06-27T00:00:00,0001000019,Z100,Z01,ZAR
4500007132,WK,2024-10-29T00:00:00,0001000014,Z100,Z03,ZAR
4500007133,ZDOM,2024-11-15T00:00:00,0001000014,Z100,Z02,ZAR
4500007134,AN,2024-12-30T00:00:00,0001000014,Z100,Z01,ZAR
4500007135,AN,2025-05-17T00:00:00,0001000014,Z100,Z01,ZAR
4500007136,AN,2025-10-17T00:00:00,0001000014,Z100,Z03,ZAR
4500007137,WK,2025-11-30T00:00:00,0001000014,Z100,Z02,ZAR
4500007138,AN,2026-03-12T00:00:00,0001000014,Z100,Z03,ZAR
4500007139,WK,2026-06-04T00:00:00,0001000014,Z100,Z01,ZAR
4500007140,AN,2024-09-17T00:00:00,0001000039,Z100,Z03,ZAR
4500007141,ZDOM,2024-11-17T00:00:00,0001000039,Z100,Z03,ZAR
4500007142,AN,2025-11-03T00:00:00,0001000039,Z100,Z02,ZAR
4500007143,AN,2026-04-08T00:00:00,0001000039,Z100,Z02,ZAR
4500007144,AN,2024-09-25T00:00:00,0001000023,Z100,Z01,ZAR
4500007145,WK,2024-10-15T00:00:00,0001000023,Z100,Z03,ZAR
4500007146,AN,2025-01-14T00:00:00,0001000023,Z100,Z03,ZAR
4500007147,WK,2025-03-14T00:00:00,0001000023,Z100,Z01,ZAR
4500007148,ZDOM,2025-09-14T00:00:00,0001000023,Z100,Z03,ZAR
4500007149,ZDOM,2026-02-14T00:00:00,0001000023,Z100,Z03,ZAR
4500007150,WK,2024-09-25T00:00:00,0001000057,Z100,Z03,ZAR
4500007151,WK,2024-11-24T00:00:00,0001000057,Z100,Z02,ZAR
4500007152,ZDOM,2025-06-05T00:00:00,0001000057,Z100,Z03,ZAR
4500007153,AN,2025-06-21T00:00:00,0001000057,Z100,Z02,ZAR
4500007154,AN,2025-09-24T00:00:00,0001000057,Z100,Z01,ZAR
4500007155,ZDOM,2025-10-30T00:00:00,0001000057,Z100,Z01,ZAR
4500007156,ZDOM,2026-01-07T00:00:00,0001000057,Z100,Z02,ZAR
4500007157,ZDOM,2026-06-03T00:00:00,0001000057,Z100,Z01,ZAR
4500007158,WK,2026-07-21T00:00:00,0001000057,Z100,Z02,ZAR
4500007159,ZDOM,2024-10-31T00:00:00,0001000051,Z100,Z02,ZAR
4500007160,AN,2025-02-14T00:00:00,0001000051,Z100,Z01,ZAR
4500007161,ZDOM,2025-07-28T00:00:00,0001000051,Z100,Z03,ZAR
4500007162,AN,2026-03-11T00:00:00,0001000051,Z100,Z01,ZAR
4500007163,WK,2026-07-13T00:00:00,0001000051,Z100,Z03,ZAR
4500007164,AN,2024-10-31T00:00:00,0001000051,Z100,Z02,ZAR
4500007165,WK,2025-01-19T00:00:00,0001000051,Z100,Z02,ZAR
4500007166,ZDOM,2025-09-15T00:00:00,0001000051,Z100,Z03,ZAR
4500007167,WK,2026-02-28T00:00:00,0001000051,Z100,Z02,ZAR
4500007168,WK,2026-06-19T00:00:00,0001000051,Z100,Z02,ZAR
4500007169,AN,2024-10-08T00:00:00,0001000053,Z100,Z03,ZAR
4500007170,AN,2024-12-05T00:00:00,0001000053,Z100,Z01,ZAR
4500007171,AN,2025-06-29T00:00:00,0001000053,Z100,Z02,ZAR
4500007172,WK,2025-11-08T00:00:00,0001000053,Z100,Z01,ZAR
4500007173,WK,2026-04-12T00:00:00,0001000053,Z100,Z03,ZAR
4500007174,ZDOM,2024-09-14T00:00:00,0001000024,Z100,Z01,ZAR
4500007175,WK,2025-03-02T00:00:00,0001000024,Z100,Z02,ZAR
4500007176,WK,2025-08-14T00:00:00,0001000024,Z100,Z03,ZAR
4500007177,WK,2026-02-08T00:00:00,0001000024,Z100,Z03,ZAR
4500007178,ZDOM,2026-03-14T00:00:00,0001000024,Z100,Z01,ZAR
4500007179,AN,2026-04-22T00:00:00,0001000024,Z100,Z01,ZAR
4500007180,WK,2024-11-29T00:00:00,0001000006,Z100,Z01,ZAR
4500007181,ZDOM,2024-12-27T00:00:00,0001000006,Z100,Z02,ZAR
4500007182,ZDOM,2026-06-25T00:00:00,0001000006,Z100,Z02,ZAR
4500007183,WK,2026-07-09T00:00:00,0001000006,Z100,Z01,ZAR
4500007184,ZDOM,2026-08-30T00:00:00,0001000006,Z100,Z03,ZAR
4500007185,AN,2024-11-18T00:00:00,0001000051,Z100,Z02,ZAR
4500007186,WK,2025-06-01T00:00:00,0001000051,Z100,Z02,ZAR
4500007187,AN,2026-03-15T00:00:00,0001000051,Z100,Z01,ZAR
4500007188,AN,2024-09-18T00:00:00,0001000016,Z100,Z03,ZAR
4500007189,AN,2024-10-25T00:00:00,0001000016,Z100,Z02,ZAR
4500007190,ZDOM,2024-12-18T00:00:00,0001000016,Z100,Z02,ZAR
4500007191,ZDOM,2025-01-25T00:00:00,0001000016,Z100,Z01,ZAR
4500007192,AN,2025-03-24T00:00:00,0001000016,Z100,Z03,ZAR
4500007193,ZDOM,2025-06-16T00:00:00,0001000016,Z100,Z02,ZAR
4500007194,WK,2025-10-13T00:00:00,0001000016,Z100,Z03,ZAR
4500007195,AN,2025-12-16T00:00:00,0001000016,Z100,Z02,ZAR
4500007196,AN,2024-10-02T00:00:00,0001000024,Z100,Z01,ZAR
4500007197,AN,2026-05-12T00:00:00,0001000024,Z100,Z01,ZAR
4500007198,ZDOM,2026-07-14T00:00:00,0001000024,Z100,Z03,ZAR
4500007199,WK,2024-09-08T00:00:00,0001000051,Z100,Z02,ZAR
4500007200,ZDOM,2025-07-14T00:00:00,0001000051,Z100,Z01,ZAR
4500007201,ZDOM,2026-02-04T00:00:00,0001000051,Z100,Z02,ZAR
4500007202,ZDOM,2026-02-12T00:00:00,0001000051,Z100,Z01,ZAR
4500007203,AN,2026-03-19T00:00:00,0001000051,Z100,Z03,ZAR
4500007204,ZDOM,2024-10-04T00:00:00,0001000051,Z100,Z02,ZAR
4500007205,AN,2025-03-16T00:00:00,0001000051,Z100,Z02,ZAR
4500007206,ZDOM,2024-10-12T00:00:00,0001000022,Z100,Z01,ZAR
4500007207,ZDOM,2025-06-15T00:00:00,0001000022,Z100,Z02,ZAR
4500007208,ZDOM,2025-10-14T00:00:00,0001000022,Z100,Z03,ZAR
4500007209,WK,2026-06-13T00:00:00,0001000022,Z100,Z01,ZAR
4500007210,WK,2025-02-01T00:00:00,0001000035,Z100,Z01,ZAR
4500007211,AN,2025-08-19T00:00:00,0001000035,Z100,Z02,ZAR
4500007212,ZDOM,2024-10-26T00:00:00,0001000013,Z100,Z02,ZAR
4500007213,ZDOM,2025-05-27T00:00:00,0001000013,Z100,Z03,ZAR
4500007214,ZDOM,2026-01-04T00:00:00,0001000013,Z100,Z02,ZAR
4500007215,WK,2026-08-18T00:00:00,0001000013,Z100,Z03,ZAR
4500007216,WK,2024-11-18T00:00:00,0001000043,Z100,Z01,ZAR
4500007217,ZDOM,2025-03-19T00:00:00,0001000043,Z100,Z03,ZAR
4500007218,ZDOM,2025-05-14T00:00:00,0001000043,Z100,Z03,ZAR
4500007219,AN,2025-06-17T00:00:00,0001000043,Z100,Z03,ZAR
4500007220,WK,2025-09-10T00:00:00,0001000043,Z100,Z03,ZAR
4500007221,WK,2025-12-28T00:00:00,0001000043,Z100,Z01,ZAR
4500007222,AN,2026-01-12T00:00:00,0001000043,Z100,Z03,ZAR
4500007223,WK,2026-06-22T00:00:00,0001000043,Z100,Z03,ZAR
4500007224,AN,2024-10-09T00:00:00,0001000059,Z100,Z03,ZAR
4500007225,ZDOM,2024-10-08T00:00:00,0001000059,Z100,Z02,ZAR
4500007226,AN,2025-04-12T00:00:00,0001000059,Z100,Z02,ZAR
4500007227,WK,2025-06-03T00:00:00,0001000059,Z100,Z01,ZAR
4500007228,WK,2026-01-13T00:00:00,0001000059,Z100,Z02,ZAR
4500007229,AN,2026-06-06T00:00:00,0001000059,Z100,Z01,ZAR
4500007230,AN,2024-09-14T00:00:00,0001000052,Z100,Z01,ZAR
4500007231,AN,2025-03-27T00:00:00,0001000052,Z100,Z02,ZAR
4500007232,AN,2025-07-10T00:00:00,0001000052,Z100,Z02,ZAR
4500007233,AN,2025-07-25T00:00:00,0001000052,Z100,Z03,ZAR
4500007234,ZDOM,2024-12-26T00:00:00,0001000052,Z100,Z03,ZAR
4500007235,WK,2025-08-13T00:00:00,0001000052,Z100,Z03,ZAR
4500007236,AN,2026-04-25T00:00:00,0001000052,Z100,Z02,ZAR
4500007237,AN,2026-08-29T00:00:00,0001000052,Z100,Z01,ZAR
4500007238,AN,2024-10-07T00:00:00,0001000041,Z100,Z02,ZAR
4500007239,ZDOM,2025-02-06T00:00:00,0001000041,Z100,Z01,ZAR
4500007240,WK,2025-06-27T00:00:00,0001000041,Z100,Z03,ZAR
4500007241,ZDOM,2025-10-19T00:00:00,0001000041,Z100,Z02,ZAR
4500007242,WK,2026-07-08T00:00:00,0001000041,Z100,Z02,ZAR
4500007243,WK,2024-09-25T00:00:00,0001000057,Z100,Z01,ZAR
4500007244,AN,2024-12-16T00:00:00,0001000057,Z100,Z01,ZAR
4500007245,AN,2025-04-21T00:00:00,0001000057,Z100,Z01,ZAR
4500007246,ZDOM,2026-05-18T00:00:00,0001000057,Z100,Z02,ZAR
4500007247,WK,2024-10-03T00:00:00,0001000013,Z100,Z02,ZAR
4500007248,ZDOM,2026-01-30T00:00:00,0001000013,Z100,Z01,ZAR
4500007249,ZDOM,2024-11-03T00:00:00,0001000033,Z100,Z03,ZAR
4500007250,ZDOM,2025-03-15T00:00:00,0001000033,Z100,Z01,ZAR
4500007251,ZDOM,2025-04-26T00:00:00,0001000033,Z100,Z01,ZAR
4500007252,ZDOM,2025-07-03T00:00:00,0001000033,Z100,Z01,ZAR
4500007253,WK,2025-10-14T00:00:00,0001000033,Z100,Z02,ZAR
4500007254,AN,2025-11-25T00:00:00,0001000033,Z100,Z02,ZAR
4500007255,ZDOM,2026-03-07T00:00:00,0001000033,Z100,Z02,ZAR
4500007256,WK,2026-08-06T00:00:00,0001000033,Z100,Z02,ZAR
4500007257,AN,2026-09-07T00:00:00,0001000033,Z100,Z02,ZAR
4500007258,ZDOM,2024-09-21T00:00:00,0001000033,Z100,Z02,ZAR
4500007259,ZDOM,2025-02-04T00:00:00,0001000033,Z100,Z02,ZAR
4500007260,ZDOM,2025-05-07T00:00:00,0001000033,Z100,Z01,ZAR
4500007261,WK,2025-09-08T00:00:00,0001000033,Z100,Z01,ZAR
4500007262,AN,2025-10-18T00:00:00,0001000033,Z100,Z01,ZAR
4500007263,ZDOM,2025-11-16T00:00:00,0001000033,Z100,Z02,ZAR
4500007264,WK,2026-04-03T00:00:00,0001000033,Z100,Z03,ZAR
4500007265,AN,2026-07-06T00:00:00,0001000033,Z100,Z03,ZAR
4500007266,ZDOM,2024-09-29T00:00:00,0001000042,Z100,Z02,ZAR
4500007267,WK,2025-09-08T00:00:00,0001000042,Z100,Z03,ZAR
4500007268,WK,2026-01-03T00:00:00,0001000042,Z100,Z01,ZAR
4500007269,WK,2026-02-16T00:00:00,0001000038,Z100,Z01,ZAR
4500007270,ZDOM,2026-03-09T00:00:00,0001000038,Z100,Z03,ZAR
4500007271,ZDOM,2026-05-19T00:00:00,0001000038,Z100,Z01,ZAR
4500007272,WK,2024-09-15T00:00:00,0001000043,Z100,Z01,ZAR
4500007273,ZDOM,2025-08-12T00:00:00,0001000043,Z100,Z03,ZAR
4500007274,AN,2026-05-28T00:00:00,0001000043,Z100,Z01,ZAR
4500007275,ZDOM,2024-11-05T00:00:00,0001000053,Z100,Z02,ZAR
4500007276,AN,2024-11-25T00:00:00,0001000053,Z100,Z03,ZAR
4500007277,ZDOM,2025-05-27T00:00:00,0001000053,Z100,Z01,ZAR
4500007278,WK,2025-10-25T00:00:00,0001000053,Z100,Z02,ZAR
4500007279,ZDOM,2026-05-03T00:00:00,0001000053,Z100,Z02,ZAR
4500007280,WK,2024-09-08T00:00:00,0001000012,Z100,Z01,ZAR
4500007281,ZDOM,2025-07-13T00:00:00,0001000012,Z100,Z01,ZAR
4500007282,ZDOM,2025-10-28T00:00:00,0001000012,Z100,Z02,ZAR
4500007283,ZDOM,2025-12-29T00:00:00,0001000012,Z100,Z01,ZAR
4500007284,AN,2024-10-24T00:00:00,0001000044,Z100,Z01,ZAR
4500007285,WK,2026-03-20T00:00:00,0001000044,Z100,Z03,ZAR
4500007286,WK,2026-08-28T00:00:00,0001000044,Z100,Z02,ZAR
4500007287,WK,2024-09-06T00:00:00,0001000041,Z100,Z02,ZAR
4500007288,AN,2025-07-24T00:00:00,0001000041,Z100,Z01,ZAR
4500007289,WK,2026-06-09T00:00:00,0001000041,Z100,Z01,ZAR
4500007290,AN,2026-07-05T00:00:00,0001000041,Z100,Z01,ZAR
4500007291,AN,2026-07-21T00:00:00,0001000041,Z100,Z01,ZAR
4500007292,ZDOM,2024-09-20T00:00:00,0001000015,Z100,Z01,ZAR
4500007293,WK,2025-03-04T00:00:00,0001000015,Z100,Z03,ZAR
4500007294,AN,2025-07-18T00:00:00,0001000015,Z100,Z03,ZAR
4500007295,WK,2025-12-04T00:00:00,0001000015,Z100,Z02,ZAR
4500007296,ZDOM,2026-04-16T00:00:00,0001000015,Z100,Z02,ZAR
4500007297,AN,2026-06-02T00:00:00,0001000015,Z100,Z02,ZAR
4500007298,AN,2024-09-14T00:00:00,0001000046,Z100,Z02,ZAR
4500007299,AN,2025-01-03T00:00:00,0001000046,Z100,Z01,ZAR
4500007300,AN,2025-06-02T00:00:00,0001000046,Z100,Z01,ZAR
4500007301,AN,2025-10-31T00:00:00,0001000046,Z100,Z02,ZAR
4500007302,ZDOM,2026-04-04T00:00:00,0001000046,Z100,Z03,ZAR
4500007303,ZDOM,2026-08-21T00:00:00,0001000046,Z100,Z02,ZAR
4500007304,WK,2024-12-04T00:00:00,0001000027,Z100,Z03,ZAR
4500007305,WK,2025-05-08T00:00:00,0001000027,Z100,Z01,ZAR
4500007306,AN,2025-08-05T00:00:00,0001000027,Z100,Z03,ZAR
4500007307,AN,2025-10-02T00:00:00,0001000027,Z100,Z02,ZAR
4500007308,AN,2025-10-11T00:00:00,0001000027,Z100,Z02,ZAR
4500007309,ZDOM,2025-12-09T00:00:00,0001000027,Z100,Z01,ZAR
4500007310,WK,2026-06-04T00:00:00,0001000027,Z100,Z02,ZAR
4500007311,AN,2024-10-03T00:00:00,0001000012,Z100,Z02,ZAR
4500007312,WK,2025-01-26T00:00:00,0001000012,Z100,Z01,ZAR
4500007313,WK,2025-06-21T00:00:00,0001000012,Z100,Z03,ZAR
4500007314,WK,2025-08-20T00:00:00,0001000012,Z100,Z03,ZAR
4500007315,WK,2024-11-01T00:00:00,0001000012,Z100,Z03,ZAR
4500007316,WK,2024-11-14T00:00:00,0001000012,Z100,Z03,ZAR
4500007317,ZDOM,2024-12-16T00:00:00,0001000012,Z100,Z02,ZAR
4500007318,WK,2025-10-31T00:00:00,0001000012,Z100,Z02,ZAR
4500007319,AN,2026-03-23T00:00:00,0001000012,Z100,Z01,ZAR
4500007320,ZDOM,2026-08-08T00:00:00,0001000012,Z100,Z03,ZAR
4500007321,AN,2024-10-10T00:00:00,0001000032,Z100,Z02,ZAR
4500007322,ZDOM,2025-01-25T00:00:00,0001000032,Z100,Z03,ZAR
4500007323,AN,2025-03-01T00:00:00,0001000032,Z100,Z01,ZAR
4500007324,ZDOM,2025-05-15T00:00:00,0001000032,Z100,Z02,ZAR
4500007325,WK,2025-07-05T00:00:00,0001000032,Z100,Z03,ZAR
4500007326,AN,2026-01-13T00:00:00,0001000032,Z100,Z02,ZAR
4500007327,WK,2024-12-13T00:00:00,0001000001,Z100,Z02,ZAR
4500007328,AN,2025-04-21T00:00:00,0001000001,Z100,Z02,ZAR
4500007329,AN,2025-06-17T00:00:00,0001000001,Z100,Z03,ZAR
4500007330,WK,2025-09-23T00:00:00,0001000001,Z100,Z02,ZAR
4500007331,ZDOM,2026-01-03T00:00:00,0001000001,Z100,Z02,ZAR
4500007332,WK,2026-04-16T00:00:00,0001000001,Z100,Z03,ZAR
4500007333,AN,2026-05-28T00:00:00,0001000001,Z100,Z01,ZAR
4500007334,WK,2026-06-20T00:00:00,0001000001,Z100,Z01,ZAR
4500007335,AN,2026-08-13T00:00:00,0001000001,Z100,Z01,ZAR
4500007336,AN,2024-12-07T00:00:00,0001000001,Z100,Z02,ZAR
4500007337,WK,2025-03-24T00:00:00,0001000001,Z100,Z01,ZAR
4500007338,ZDOM,2025-06-19T00:00:00,0001000001,Z100,Z01,ZAR
4500007339,WK,2025-09-28T00:00:00,0001000001,Z100,Z01,ZAR
4500007340,ZDOM,2026-02-12T00:00:00,0001000001,Z100,Z02,ZAR
4500007341,ZDOM,2026-05-13T00:00:00,0001000001,Z100,Z02,ZAR
4500007342,WK,2025-07-12T00:00:00,0001000031,Z100,Z03,ZAR
4500007343,ZDOM,2025-08-10T00:00:00,0001000031,Z100,Z03,ZAR
4500007344,WK,2025-09-07T00:00:00,0001000031,Z100,Z01,ZAR
4500007345,ZDOM,2025-12-10T00:00:00,0001000031,Z100,Z02,ZAR
4500007346,AN,2026-06-16T00:00:00,0001000031,Z100,Z02,ZAR
4500007347,ZDOM,2026-08-08T00:00:00,0001000031,Z100,Z02,ZAR
4500007348,ZDOM,2024-09-15T00:00:00,0001000005,Z100,Z02,ZAR
4500007349,AN,2025-02-26T00:00:00,0001000005,Z100,Z01,ZAR
4500007350,WK,2025-06-09T00:00:00,0001000005,Z100,Z02,ZAR
4500007351,WK,2025-11-24T00:00:00,0001000005,Z100,Z02,ZAR
4500007352,WK,2026-05-17T00:00:00,0001000005,Z100,Z02,ZAR
4500007353,WK,2025-01-02T00:00:00,0001000009,Z100,Z01,ZAR
4500007354,WK,2025-10-01T00:00:00,0001000009,Z100,Z03,ZAR
4500007355,AN,2024-11-09T00:00:00,0001000009,Z100,Z01,ZAR
4500007356,WK,2025-07-09T00:00:00,0001000009,Z100,Z02,ZAR
4500007357,WK,2025-09-14T00:00:00,0001000009,Z100,Z02,ZAR
4500007358,WK,2025-11-07T00:00:00,0001000009,Z100,Z03,ZAR
4500007359,AN,2024-11-25T00:00:00,0001000003,Z100,Z01,ZAR
4500007360,WK,2025-04-17T00:00:00,0001000003,Z100,Z03,ZAR
4500007361,ZDOM,2025-10-08T00:00:00,0001000003,Z100,Z03,ZAR
4500007362,ZDOM,2026-03-02T00:00:00,0001000003,Z100,Z02,ZAR
4500007363,ZDOM,2026-06-23T00:00:00,0001000003,Z100,Z01,ZAR
4500007364,WK,2024-10-08T00:00:00,0001000034,Z100,Z02,ZAR
4500007365,WK,2025-04-01T00:00:00,0001000034,Z100,Z01,ZAR
4500007366,AN,2026-01-12T00:00:00,0001000034,Z100,Z03,ZAR
4500007367,ZDOM,2025-11-26T00:00:00,0001000005,Z100,Z03,ZAR
4500007368,ZDOM,2026-05-27T00:00:00,0001000005,Z100,Z01,ZAR
4500007369,AN,2024-10-26T00:00:00,0001000031,Z100,Z03,ZAR
4500007370,WK,2025-08-18T00:00:00,0001000031,Z100,Z02,ZAR
4500007371,ZDOM,2026-04-12T00:00:00,0001000031,Z100,Z02,ZAR
4500007372,AN,2024-09-20T00:00:00,0001000054,Z100,Z01,ZAR
4500007373,ZDOM,2025-01-06T00:00:00,0001000054,Z100,Z01,ZAR
4500007374,AN,2025-04-18T00:00:00,0001000054,Z100,Z03,ZAR
4500007375,WK,2026-01-29T00:00:00,0001000054,Z100,Z03,ZAR
4500007376,WK,2026-07-29T00:00:00,0001000054,Z100,Z02,ZAR
4500007377,ZDOM,2024-10-01T00:00:00,0001000027,Z100,Z02,ZAR
4500007378,WK,2024-10-30T00:00:00,0001000027,Z100,Z02,ZAR
4500007379,AN,2025-09-23T00:00:00,0001000027,Z100,Z01,ZAR
4500007380,ZDOM,2026-08-01T00:00:00,0001000027,Z100,Z02,ZAR
4500007381,AN,2024-10-15T00:00:00,0001000029,Z100,Z01,ZAR
4500007382,AN,2025-05-08T00:00:00,0001000029,Z100,Z03,ZAR
4500007383,AN,2025-05-07T00:00:00,0001000029,Z100,Z03,ZAR
4500007384,AN,2025-11-24T00:00:00,0001000029,Z100,Z03,ZAR
4500007385,AN,2026-04-21T00:00:00,0001000029,Z100,Z01,ZAR
4500007386,ZDOM,2026-05-29T00:00:00,0001000029,Z100,Z03,ZAR
4500007387,WK,2025-08-28T00:00:00,0001000026,Z100,Z03,ZAR
4500007388,AN,2025-10-20T00:00:00,0001000026,Z100,Z02,ZAR
4500007389,WK,2026-03-01T00:00:00,0001000026,Z100,Z03,ZAR
4500007390,WK,2026-07-19T00:00:00,0001000026,Z100,Z02,ZAR
4500007391,WK,2024-10-17T00:00:00,0001000041,Z100,Z02,ZAR
4500007392,ZDOM,2025-02-05T00:00:00,0001000041,Z100,Z02,ZAR
4500007393,AN,2025-08-01T00:00:00,0001000041,Z100,Z01,ZAR
4500007394,AN,2025-11-18T00:00:00,0001000041,Z100,Z01,ZAR
4500007395,AN,2026-03-19T00:00:00,0001000041,Z100,Z03,ZAR
4500007396,WK,2026-07-25T00:00:00,0001000041,Z100,Z03,ZAR
4500007397,ZDOM,2026-09-03T00:00:00,0001000041,Z100,Z02,ZAR
4500007398,ZDOM,2024-10-04T00:00:00,0001000035,Z100,Z03,ZAR
4500007399,AN,2025-05-10T00:00:00,0001000035,Z100,Z03,ZAR
4500007400,WK,2025-12-12T00:00:00,0001000035,Z100,Z01,ZAR
4500007401,WK,2026-01-20T00:00:00,0001000035,Z100,Z03,ZAR
4500007402,AN,2024-09-19T00:00:00,0001000055,Z100,Z01,ZAR
4500007403,WK,2024-10-18T00:00:00,0001000055,Z100,Z02,ZAR
4500007404,AN,2024-11-27T00:00:00,0001000055,Z100,Z02,ZAR
4500007405,WK,2024-12-08T00:00:00,0001000055,Z100,Z01,ZAR
4500007406,ZDOM,2025-07-01T00:00:00,0001000055,Z100,Z01,ZAR
4500007407,ZDOM,2025-11-09T00:00:00,0001000055,Z100,Z01,ZAR
4500007408,ZDOM,2026-03-20T00:00:00,0001000055,Z100,Z02,ZAR
4500007409,WK,2026-07-31T00:00:00,0001000055,Z100,Z02,ZAR
4500007410,ZDOM,2026-08-29T00:00:00,0001000055,Z100,Z03,ZAR
4500007411,AN,2024-09-26T00:00:00,0001000038,Z100,Z02,ZAR
4500007412,AN,2024-10-25T00:00:00,0001000038,Z100,Z02,ZAR
4500007413,AN,2025-07-09T00:00:00,0001000038,Z100,Z02,ZAR
4500007414,AN,2026-01-26T00:00:00,0001000038,Z100,Z01,ZAR
4500007415,AN,2026-05-21T00:00:00,0001000038,Z100,Z02,ZAR
4500007416,AN,2024-09-16T00:00:00,0001000019,Z100,Z01,ZAR
4500007417,AN,2025-02-14T00:00:00,0001000019,Z100,Z03,ZAR
4500007418,ZDOM,2026-02-25T00:00:00,0001000019,Z100,Z03,ZAR
4500007419,AN,2026-06-21T00:00:00,0001000019,Z100,Z01,ZAR
4500007420,WK,2024-11-12T00:00:00,0001000035,Z100,Z02,ZAR
4500007421,ZDOM,2025-06-14T00:00:00,0001000035,Z100,Z01,ZAR
4500007422,AN,2026-01-11T00:00:00,0001000035,Z100,Z03,ZAR
4500007423,ZDOM,2026-06-10T00:00:00,0001000035,Z100,Z02,ZAR
4500007424,ZDOM,2024-12-17T00:00:00,0001000035,Z100,Z01,ZAR
4500007425,WK,2025-05-04T00:00:00,0001000035,Z100,Z02,ZAR
4500007426,WK,2025-08-31T00:00:00,0001000035,Z100,Z03,ZAR
4500007427,AN,2025-09-17T00:00:00,0001000035,Z100,Z01,ZAR
4500007428,WK,2026-01-11T00:00:00,0001000035,Z100,Z01,ZAR
4500007429,WK,2026-06-10T00:00:00,0001000035,Z100,Z02,ZAR
4500007430,ZDOM,2026-07-08T00:00:00,0001000035,Z100,Z03,ZAR
4500007431,ZDOM,2024-09-14T00:00:00,0001000044,Z100,Z01,ZAR
4500007432,AN,2025-08-31T00:00:00,0001000044,Z100,Z03,ZAR
4500007433,WK,2025-11-02T00:00:00,0001000044,Z100,Z01,ZAR
4500007434,WK,2025-12-02T00:00:00,0001000044,Z100,Z03,ZAR
4500007435,AN,2025-12-26T00:00:00,0001000044,Z100,Z01,ZAR
4500007436,ZDOM,2026-08-15T00:00:00,0001000044,Z100,Z02,ZAR
4500007437,AN,2024-10-08T00:00:00,0001000048,Z100,Z03,ZAR
4500007438,WK,2025-04-09T00:00:00,0001000048,Z100,Z01,ZAR
4500007439,ZDOM,2026-05-31T00:00:00,0001000048,Z100,Z01,ZAR
4500007440,ZDOM,2024-09-21T00:00:00,0001000053,Z100,Z01,ZAR
4500007441,WK,2024-11-11T00:00:00,0001000053,Z100,Z01,ZAR
4500007442,AN,2025-01-09T00:00:00,0001000053,Z100,Z03,ZAR
4500007443,ZDOM,2025-01-12T00:00:00,0001000053,Z100,Z02,ZAR
4500007444,ZDOM,2025-08-21T00:00:00,0001000053,Z100,Z02,ZAR
4500007445,ZDOM,2026-03-09T00:00:00,0001000053,Z100,Z01,ZAR
4500007446,AN,2026-04-09T00:00:00,0001000053,Z100,Z01,ZAR
4500007447,WK,2026-06-09T00:00:00,0001000053,Z100,Z01,ZAR
4500007448,ZDOM,2024-09-26T00:00:00,0001000012,Z100,Z02,ZAR
4500007449,AN,2025-01-06T00:00:00,0001000012,Z100,Z01,ZAR
4500007450,AN,2025-05-08T00:00:00,0001000012,Z100,Z03,ZAR
4500007451,ZDOM,2025-06-07T00:00:00,0001000012,Z100,Z01,ZAR
4500007452,ZDOM,2026-05-12T00:00:00,0001000012,Z100,Z01,ZAR
4500007453,AN,2026-08-15T00:00:00,0001000012,Z100,Z03,ZAR
4500007454,WK,2024-09-11T00:00:00,0001000012,Z100,Z02,ZAR
4500007455,AN,2025-05-14T00:00:00,0001000012,Z100,Z03,ZAR
4500007456,WK,2026-02-04T00:00:00,0001000012,Z100,Z01,ZAR
4500007457,WK,2026-03-03T00:00:00,0001000012,Z100,Z03,ZAR
4500007458,ZDOM,2024-09-24T00:00:00,0001000046,Z100,Z03,ZAR
4500007459,ZDOM,2024-12-02T00:00:00,0001000046,Z100,Z02,ZAR
4500007460,WK,2024-12-21T00:00:00,0001000046,Z100,Z03,ZAR
4500007461,AN,2025-12-06T00:00:00,0001000046,Z100,Z01,ZAR
4500007462,WK,2026-03-22T00:00:00,0001000046,Z100,Z01,ZAR
4500007463,ZDOM,2026-07-30T00:00:00,0001000046,Z100,Z01,ZAR
4500007464,WK,2026-08-28T00:00:00,0001000046,Z100,Z02,ZAR
4500007465,ZDOM,2024-10-14T00:00:00,0001000046,Z100,Z03,ZAR
4500007466,AN,2025-10-21T00:00:00,0001000046,Z100,Z03,ZAR
4500007467,AN,2026-02-06T00:00:00,0001000046,Z100,Z02,ZAR
4500007468,AN,2026-02-16T00:00:00,0001000046,Z100,Z02,ZAR
4500007469,AN,2024-10-01T00:00:00,0001000030,Z100,Z03,ZAR
4500007470,WK,2025-02-23T00:00:00,0001000030,Z100,Z03,ZAR
4500007471,AN,2025-06-29T00:00:00,0001000030,Z100,Z03,ZAR
4500007472,WK,2026-04-07T00:00:00,0001000030,Z100,Z02,ZAR
4500007473,WK,2026-06-15T00:00:00,0001000030,Z100,Z01,ZAR
4500007474,AN,2026-07-12T00:00:00,0001000030,Z100,Z01,ZAR
4500007475,ZDOM,2024-09-21T00:00:00,0001000030,Z100,Z02,ZAR
4500007476,AN,2025-01-24T00:00:00,0001000030,Z100,Z02,ZAR
4500007477,AN,2025-06-19T00:00:00,0001000030,Z100,Z01,ZAR
4500007478,AN,2025-11-08T00:00:00,0001000030,Z100,Z03,ZAR
4500007479,WK,2025-12-20T00:00:00,0001000030,Z100,Z03,ZAR
4500007480,WK,2026-07-20T00:00:00,0001000030,Z100,Z01,ZAR
4500007481,ZDOM,2024-09-20T00:00:00,0001000053,Z100,Z03,ZAR
4500007482,WK,2025-03-28T00:00:00,0001000053,Z100,Z02,ZAR
4500007483,AN,2025-09-03T00:00:00,0001000053,Z100,Z03,ZAR
4500007484,ZDOM,2026-06-24T00:00:00,0001000053,Z100,Z03,ZAR
4500007485,ZDOM,2024-12-20T00:00:00,0001000053,Z100,Z02,ZAR
4500007486,AN,2025-07-08T00:00:00,0001000053,Z100,Z02,ZAR
4500007487,AN,2025-11-12T00:00:00,0001000053,Z100,Z01,ZAR
4500007488,AN,2026-06-12T00:00:00,0001000053,Z100,Z02,ZAR
4500007489,WK,2025-06-30T00:00:00,0001000017,Z100,Z01,ZAR
4500007490,WK,2025-08-10T00:00:00,0001000017,Z100,Z03,ZAR
4500007491,WK,2025-12-19T00:00:00,0001000017,Z100,Z03,ZAR
4500007492,ZDOM,2026-01-18T00:00:00,0001000017,Z100,Z01,ZAR
4500007493,WK,2026-02-16T00:00:00,0001000017,Z100,Z02,ZAR
4500007494,WK,2025-04-12T00:00:00,0001000054,Z100,Z02,ZAR
4500007495,ZDOM,2025-10-10T00:00:00,0001000054,Z100,Z02,ZAR
4500007496,AN,2025-11-22T00:00:00,0001000054,Z100,Z03,ZAR
4500007497,ZDOM,2026-03-28T00:00:00,0001000054,Z100,Z03,ZAR
4500007498,WK,2026-09-07T00:00:00,0001000054,Z100,Z01,ZAR
4500007499,ZDOM,2024-09-05T00:00:00,0001000054,Z100,Z02,ZAR
4500007500,ZDOM,2024-11-03T00:00:00,0001000054,Z100,Z03,ZAR
4500007501,WK,2025-03-10T00:00:00,0001000054,Z100,Z02,ZAR
4500007502,WK,2025-05-01T00:00:00,0001000054,Z100,Z02,ZAR
4500007503,WK,2025-05-09T00:00:00,0001000054,Z100,Z02,ZAR
4500007504,AN,2025-08-14T00:00:00,0001000054,Z100,Z02,ZAR
4500007505,ZDOM,2025-10-12T00:00:00,0001000054,Z100,Z03,ZAR
4500007506,WK,2026-07-01T00:00:00,0001000054,Z100,Z01,ZAR
4500007507,ZDOM,2026-08-26T00:00:00,0001000054,Z100,Z03,ZAR
4500007508,AN,2024-10-01T00:00:00,0001000050,Z100,Z03,ZAR
4500007509,AN,2025-07-26T00:00:00,0001000050,Z100,Z02,ZAR
4500007510,AN,2026-01-18T00:00:00,0001000050,Z100,Z03,ZAR
4500007511,AN,2026-02-21T00:00:00,0001000050,Z100,Z02,ZAR
4500007512,AN,2024-09-25T00:00:00,0001000011,Z100,Z03,ZAR
4500007513,ZDOM,2025-04-01T00:00:00,0001000011,Z100,Z01,ZAR
4500007514,WK,2025-07-10T00:00:00,0001000011,Z100,Z01,ZAR
4500007515,WK,2025-09-03T00:00:00,0001000011,Z100,Z02,ZAR
4500007516,ZDOM,2025-09-24T00:00:00,0001000011,Z100,Z03,ZAR
4500007517,AN,2025-11-03T00:00:00,0001000011,Z100,Z03,ZAR
4500007518,ZDOM,2026-05-10T00:00:00,0001000011,Z100,Z02,ZAR
4500007519,ZDOM,2025-02-12T00:00:00,0001000012,Z100,Z01,ZAR
4500007520,AN,2025-05-13T00:00:00,0001000012,Z100,Z02,ZAR
4500007521,AN,2025-12-05T00:00:00,0001000012,Z100,Z03,ZAR
4500007522,ZDOM,2026-07-30T00:00:00,0001000012,Z100,Z02,ZAR
4500007523,ZDOM,2026-08-18T00:00:00,0001000012,Z100,Z02,ZAR
4500007524,WK,2024-10-18T00:00:00,0001000046,Z100,Z03,ZAR
4500007525,ZDOM,2025-02-08T00:00:00,0001000046,Z100,Z03,ZAR
4500007526,ZDOM,2025-06-01T00:00:00,0001000046,Z100,Z03,ZAR
4500007527,ZDOM,2025-07-27T00:00:00,0001000046,Z100,Z03,ZAR
4500007528,WK,2025-09-25T00:00:00,0001000046,Z100,Z03,ZAR
4500007529,WK,2025-12-26T00:00:00,0001000046,Z100,Z02,ZAR
4500007530,WK,2026-03-26T00:00:00,0001000046,Z100,Z03,ZAR
4500007531,AN,2026-04-30T00:00:00,0001000046,Z100,Z01,ZAR
4500007532,WK,2026-05-07T00:00:00,0001000046,Z100,Z03,ZAR
4500007533,WK,2024-10-25T00:00:00,0001000046,Z100,Z03,ZAR
4500007534,WK,2025-02-04T00:00:00,0001000046,Z100,Z01,ZAR
4500007535,AN,2025-03-26T00:00:00,0001000046,Z100,Z03,ZAR
4500007536,ZDOM,2025-05-05T00:00:00,0001000046,Z100,Z03,ZAR
4500007537,AN,2025-08-15T00:00:00,0001000046,Z100,Z02,ZAR
4500007538,WK,2025-11-19T00:00:00,0001000046,Z100,Z03,ZAR
4500007539,AN,2026-03-17T00:00:00,0001000046,Z100,Z03,ZAR
4500007540,AN,2026-04-27T00:00:00,0001000046,Z100,Z01,ZAR
4500007541,ZDOM,2026-06-21T00:00:00,0001000046,Z100,Z02,ZAR
4500007542,AN,2025-04-26T00:00:00,0001000004,Z100,Z03,ZAR
4500007543,AN,2025-09-08T00:00:00,0001000004,Z100,Z01,ZAR
4500007544,AN,2025-10-24T00:00:00,0001000004,Z100,Z03,ZAR
4500007545,AN,2024-09-10T00:00:00,0001000004,Z100,Z02,ZAR
4500007546,ZDOM,2025-04-04T00:00:00,0001000004,Z100,Z01,ZAR
4500007547,AN,2025-08-05T00:00:00,0001000004,Z100,Z01,ZAR
4500007548,WK,2026-04-10T00:00:00,0001000004,Z100,Z03,ZAR
4500007549,WK,2024-09-16T00:00:00,0001000007,Z100,Z01,ZAR
4500007550,WK,2025-05-20T00:00:00,0001000007,Z100,Z01,ZAR
4500007551,WK,2025-06-25T00:00:00,0001000007,Z100,Z03,ZAR
4500007552,ZDOM,2026-03-31T00:00:00,0001000007,Z100,Z01,ZAR
4500007553,WK,2024-09-30T00:00:00,0001000055,Z100,Z01,ZAR
4500007554,AN,2024-12-19T00:00:00,0001000055,Z100,Z03,ZAR
4500007555,WK,2025-07-06T00:00:00,0001000055,Z100,Z02,ZAR
4500007556,AN,2025-09-11T00:00:00,0001000055,Z100,Z03,ZAR
4500007557,WK,2026-04-09T00:00:00,0001000055,Z100,Z03,ZAR
4500007558,AN,2026-07-31T00:00:00,0001000055,Z100,Z03,ZAR
4500007559,ZDOM,2026-02-16T00:00:00,0001000058,Z100,Z03,ZAR
4500007560,ZDOM,2026-09-07T00:00:00,0001000058,Z100,Z02,ZAR
4500007561,ZDOM,2024-09-22T00:00:00,0001000047,Z100,Z03,ZAR
4500007562,AN,2025-02-02T00:00:00,0001000047,Z100,Z03,ZAR
4500007563,WK,2025-09-14T00:00:00,0001000047,Z100,Z02,ZAR
4500007564,AN,2026-03-16T00:00:00,0001000047,Z100,Z03,ZAR
4500007565,ZDOM,2024-09-29T00:00:00,0001000041,Z100,Z02,ZAR
4500007566,WK,2024-12-18T00:00:00,0001000041,Z100,Z02,ZAR
4500007567,AN,2025-03-14T00:00:00,0001000041,Z100,Z03,ZAR
4500007568,WK,2025-04-10T00:00:00,0001000041,Z100,Z03,ZAR
4500007569,WK,2025-07-18T00:00:00,0001000041,Z100,Z01,ZAR
4500007570,WK,2026-05-26T00:00:00,0001000041,Z100,Z02,ZAR
4500007571,ZDOM,2024-10-07T00:00:00,0001000010,Z100,Z02,ZAR
4500007572,ZDOM,2025-02-12T00:00:00,0001000010,Z100,Z03,ZAR
4500007573,AN,2025-06-22T00:00:00,0001000010,Z100,Z02,ZAR
4500007574,ZDOM,2026-05-18T00:00:00,0001000010,Z100,Z02,ZAR
4500007575,ZDOM,2026-08-21T00:00:00,0001000010,Z100,Z01,ZAR
4500007576,WK,2026-08-11T00:00:00,0001000018,Z100,Z02,ZAR
4500007577,ZDOM,2025-10-25T00:00:00,0001000018,Z100,Z02,ZAR
4500007578,ZDOM,2025-12-28T00:00:00,0001000018,Z100,Z01,ZAR
4500007579,ZDOM,2026-04-18T00:00:00,0001000018,Z100,Z03,ZAR
4500007580,AN,2026-06-20T00:00:00,0001000018,Z100,Z01,ZAR
4500007581,AN,2026-07-21T00:00:00,0001000018,Z100,Z02,ZAR
4500007582,WK,2024-12-21T00:00:00,0001000056,Z100,Z01,ZAR
4500007583,ZDOM,2025-04-30T00:00:00,0001000056,Z100,Z01,ZAR
4500007584,WK,2026-01-22T00:00:00,0001000056,Z100,Z02,ZAR
4500007585,AN,2026-08-22T00:00:00,0001000056,Z100,Z03,ZAR
4500007586,AN,2024-11-22T00:00:00,0001000026,Z100,Z02,ZAR
4500007587,AN,2025-06-11T00:00:00,0001000026,Z100,Z02,ZAR
4500007588,ZDOM,2026-01-09T00:00:00,0001000026,Z100,Z02,ZAR
4500007589,WK,2026-09-05T00:00:00,0001000026,Z100,Z03,ZAR
4500007590,ZDOM,2024-09-05T00:00:00,0001000013,Z100,Z01,ZAR
4500007591,WK,2025-06-04T00:00:00,0001000013,Z100,Z01,ZAR
4500007592,AN,2025-10-12T00:00:00,0001000013,Z100,Z03,ZAR
4500007593,WK,2025-12-03T00:00:00,0001000013,Z100,Z01,ZAR
4500007594,ZDOM,2024-11-27T00:00:00,0001000044,Z100,Z03,ZAR
4500007595,WK,2025-12-04T00:00:00,0001000044,Z100,Z03,ZAR
4500007596,WK,2024-09-25T00:00:00,0001000044,Z100,Z02,ZAR
4500007597,ZDOM,2025-05-05T00:00:00,0001000044,Z100,Z01,ZAR
4500007598,AN,2024-09-22T00:00:00,0001000028,Z100,Z03,ZAR
4500007599,ZDOM,2024-10-25T00:00:00,0001000028,Z100,Z03,ZAR
4500007600,AN,2026-01-02T00:00:00,0001000028,Z100,Z03,ZAR
4500007601,ZDOM,2026-04-20T00:00:00,0001000028,Z100,Z02,ZAR
4500007602,ZDOM,2026-06-18T00:00:00,0001000028,Z100,Z01,ZAR
4500007603,ZDOM,2024-10-26T00:00:00,0001000042,Z100,Z02,ZAR
4500007604,WK,2025-05-17T00:00:00,0001000042,Z100,Z03,ZAR
4500007605,AN,2025-11-19T00:00:00,0001000042,Z100,Z02,ZAR
4500007606,AN,2026-06-22T00:00:00,0001000042,Z100,Z02,ZAR
4500007607,WK,2024-11-16T00:00:00,0001000042,Z100,Z03,ZAR
4500007608,WK,2025-05-24T00:00:00,0001000042,Z100,Z01,ZAR
4500007609,AN,2025-12-14T00:00:00,0001000042,Z100,Z03,ZAR
4500007610,WK,2026-01-29T00:00:00,0001000042,Z100,Z03,ZAR
4500007611,ZDOM,2026-08-13T00:00:00,0001000042,Z100,Z03,ZAR
4500007612,ZDOM,2024-09-29T00:00:00,0001000030,Z100,Z01,ZAR
4500007613,ZDOM,2025-01-13T00:00:00,0001000030,Z100,Z01,ZAR
4500007614,ZDOM,2025-05-19T00:00:00,0001000030,Z100,Z03,ZAR
4500007615,AN,2025-10-24T00:00:00,0001000030,Z100,Z02,ZAR
4500007616,ZDOM,2026-01-01T00:00:00,0001000030,Z100,Z02,ZAR
4500007617,AN,2026-05-05T00:00:00,0001000030,Z100,Z03,ZAR
4500007618,ZDOM,2024-12-11T00:00:00,0001000030,Z100,Z02,ZAR
4500007619,WK,2025-05-21T00:00:00,0001000030,Z100,Z03,ZAR
4500007620,ZDOM,2025-09-08T00:00:00,0001000030,Z100,Z01,ZAR
4500007621,ZDOM,2025-11-07T00:00:00,0001000030,Z100,Z01,ZAR
4500007622,ZDOM,2025-11-14T00:00:00,0001000030,Z100,Z03,ZAR
4500007623,ZDOM,2025-12-15T00:00:00,0001000030,Z100,Z01,ZAR
4500007624,AN,2026-04-17T00:00:00,0001000030,Z100,Z01,ZAR
4500007625,AN,2026-08-26T00:00:00,0001000030,Z100,Z02,ZAR
4500007626,WK,2024-11-20T00:00:00,0001000025,Z100,Z02,ZAR
4500007627,ZDOM,2025-03-23T00:00:00,0001000025,Z100,Z01,ZAR
4500007628,AN,2025-05-05T00:00:00,0001000025,Z100,Z03,ZAR
4500007629,WK,2025-06-16T00:00:00,0001000025,Z100,Z01,ZAR
4500007630,WK,2024-09-13T00:00:00,0001000058,Z100,Z02,ZAR
4500007631,ZDOM,2025-02-02T00:00:00,0001000058,Z100,Z02,ZAR
4500007632,AN,2024-10-01T00:00:00,0001000039,Z100,Z01,ZAR
4500007633,ZDOM,2024-11-25T00:00:00,0001000039,Z100,Z02,ZAR
4500007634,WK,2025-01-24T00:00:00,0001000039,Z100,Z01,ZAR
4500007635,ZDOM,2025-05-19T00:00:00,0001000039,Z100,Z03,ZAR
4500007636,WK,2025-06-29T00:00:00,0001000039,Z100,Z01,ZAR
4500007637,AN,2024-09-05T00:00:00,0001000031,Z100,Z01,ZAR
4500007638,ZDOM,2025-09-08T00:00:00,0001000031,Z100,Z01,ZAR
4500007639,AN,2026-04-03T00:00:00,0001000031,Z100,Z01,ZAR
4500007640,WK,2024-10-06T00:00:00,0001000037,Z100,Z02,ZAR
4500007641,ZDOM,2025-01-31T00:00:00,0001000037,Z100,Z03,ZAR
4500007642,WK,2025-10-21T00:00:00,0001000037,Z100,Z02,ZAR
4500007643,WK,2026-02-26T00:00:00,0001000037,Z100,Z02,ZAR
4500007644,AN,2024-09-30T00:00:00,0001000059,Z100,Z01,ZAR
4500007645,AN,2024-10-11T00:00:00,0001000059,Z100,Z03,ZAR
4500007646,AN,2025-01-17T00:00:00,0001000059,Z100,Z02,ZAR
4500007647,WK,2025-09-12T00:00:00,0001000059,Z100,Z02,ZAR
4500007648,ZDOM,2026-03-13T00:00:00,0001000059,Z100,Z01,ZAR
4500007649,WK,2024-11-26T00:00:00,0001000059,Z100,Z02,ZAR
4500007650,WK,2024-12-28T00:00:00,0001000059,Z100,Z01,ZAR
4500007651,ZDOM,2025-06-21T00:00:00,0001000059,Z100,Z03,ZAR
4500007652,AN,2025-08-04T00:00:00,0001000059,Z100,Z02,ZAR
4500007653,WK,2025-08-19T00:00:00,0001000059,Z100,Z02,ZAR
4500007654,ZDOM,2025-10-01T00:00:00,0001000059,Z100,Z01,ZAR
4500007655,WK,2025-11-02T00:00:00,0001000059,Z100,Z01,ZAR
4500007656,ZDOM,2026-07-31T00:00:00,0001000059,Z100,Z02,ZAR
4500007657,ZDOM,2024-09-22T00:00:00,0001000043,Z100,Z01,ZAR
4500007658,ZDOM,2025-04-21T00:00:00,0001000043,Z100,Z03,ZAR
4500007659,ZDOM,2025-12-21T00:00:00,0001000043,Z100,Z01,ZAR
4500007660,ZDOM,2024-10-01T00:00:00,0001000043,Z100,Z01,ZAR
4500007661,AN,2025-01-14T00:00:00,0001000043,Z100,Z03,ZAR
4500007662,ZDOM,2025-07-27T00:00:00,0001000043,Z100,Z01,ZAR
4500007663,WK,2025-08-17T00:00:00,0001000043,Z100,Z02,ZAR
4500007664,WK,2026-01-26T00:00:00,0001000043,Z100,Z03,ZAR
4500007665,WK,2026-08-23T00:00:00,0001000043,Z100,Z03,ZAR
4500007666,ZDOM,2024-09-21T00:00:00,0001000027,Z100,Z02,ZAR
4500007667,WK,2025-01-21T00:00:00,0001000027,Z100,Z01,ZAR
4500007668,WK,2025-02-17T00:00:00,0001000027,Z100,Z01,ZAR
4500007669,AN,2025-03-18T00:00:00,0001000027,Z100,Z01,ZAR
4500007670,AN,2025-07-13T00:00:00,0001000027,Z100,Z03,ZAR
4500007671,AN,2025-11-04T00:00:00,0001000027,Z100,Z01,ZAR
4500007672,ZDOM,2026-02-02T00:00:00,0001000027,Z100,Z02,ZAR
4500007673,WK,2026-04-17T00:00:00,0001000027,Z100,Z02,ZAR
4500007674,AN,2026-06-27T00:00:00,0001000027,Z100,Z03,ZAR
4500007675,AN,2024-09-07T00:00:00,0001000027,Z100,Z02,ZAR
4500007676,AN,2025-02-01T00:00:00,0001000027,Z100,Z01,ZAR
4500007677,ZDOM,2025-04-25T00:00:00,0001000027,Z100,Z01,ZAR
4500007678,ZDOM,2025-08-02T00:00:00,0001000027,Z100,Z03,ZAR
4500007679,ZDOM,2025-08-21T00:00:00,0001000027,Z100,Z01,ZAR
4500007680,WK,2025-10-17T00:00:00,0001000027,Z100,Z02,ZAR
4500007681,AN,2026-04-29T00:00:00,0001000027,Z100,Z02,ZAR
4500007682,WK,2026-07-26T00:00:00,0001000027,Z100,Z01,ZAR
4500007683,AN,2026-08-30T00:00:00,0001000027,Z100,Z02,ZAR
4500007684,ZDOM,2024-11-29T00:00:00,0001000040,Z100,Z01,ZAR
4500007685,AN,2025-09-22T00:00:00,0001000040,Z100,Z03,ZAR
4500007686,WK,2026-07-16T00:00:00,0001000040,Z100,Z02,ZAR
4500007687,ZDOM,2024-09-14T00:00:00,0001000001,Z100,Z01,ZAR
4500007688,ZDOM,2024-10-19T00:00:00,0001000001,Z100,Z02,ZAR
4500007689,AN,2024-11-25T00:00:00,0001000001,Z100,Z02,ZAR
4500007690,AN,2025-03-12T00:00:00,0001000001,Z100,Z03,ZAR
4500007691,ZDOM,2026-03-31T00:00:00,0001000001,Z100,Z02,ZAR
4500007692,ZDOM,2026-06-02T00:00:00,0001000001,Z100,Z03,ZAR
4500007693,ZDOM,2024-09-21T00:00:00,0001000043,Z100,Z02,ZAR
4500007694,ZDOM,2024-10-25T00:00:00,0001000043,Z100,Z03,ZAR
4500007695,ZDOM,2025-01-12T00:00:00,0001000043,Z100,Z02,ZAR
4500007696,ZDOM,2025-04-17T00:00:00,0001000043,Z100,Z02,ZAR
4500007697,AN,2025-10-28T00:00:00,0001000043,Z100,Z02,ZAR
4500007698,ZDOM,2025-12-03T00:00:00,0001000043,Z100,Z01,ZAR
4500007699,AN,2026-08-02T00:00:00,0001000043,Z100,Z03,ZAR
4500007700,AN,2024-09-10T00:00:00,0001000018,Z100,Z03,ZAR
4500007701,AN,2024-12-07T00:00:00,0001000018,Z100,Z02,ZAR
4500007702,WK,2025-01-21T00:00:00,0001000018,Z100,Z03,ZAR
4500007703,WK,2025-08-06T00:00:00,0001000018,Z100,Z01,ZAR
4500007704,WK,2025-12-27T00:00:00,0001000018,Z100,Z02,ZAR
4500007705,ZDOM,2026-06-22T00:00:00,0001000018,Z100,Z03,ZAR
4500007706,ZDOM,2024-12-24T00:00:00,0001000018,Z100,Z01,ZAR
4500007707,ZDOM,2025-12-29T00:00:00,0001000018,Z100,Z01,ZAR
4500007708,ZDOM,2026-01-29T00:00:00,0001000018,Z100,Z03,ZAR
4500007709,WK,2026-05-24T00:00:00,0001000018,Z100,Z03,ZAR
4500007710,ZDOM,2026-06-21T00:00:00,0001000018,Z100,Z01,ZAR
4500007711,AN,2024-09-24T00:00:00,0001000041,Z100,Z01,ZAR
4500007712,ZDOM,2024-10-05T00:00:00,0001000041,Z100,Z03,ZAR
4500007713,ZDOM,2025-12-03T00:00:00,0001000041,Z100,Z02,ZAR
4500007714,ZDOM,2026-06-08T00:00:00,0001000041,Z100,Z01,ZAR
4500007715,WK,2026-07-08T00:00:00,0001000041,Z100,Z01,ZAR
4500007716,ZDOM,2024-09-23T00:00:00,0001000038,Z100,Z03,ZAR
4500007717,ZDOM,2025-01-25T00:00:00,0001000038,Z100,Z01,ZAR
4500007718,WK,2026-05-18T00:00:00,0001000038,Z100,Z03,ZAR
4500007719,ZDOM,2024-10-03T00:00:00,0001000038,Z100,Z02,ZAR
4500007720,AN,2025-11-11T00:00:00,0001000038,Z100,Z03,ZAR
4500007721,WK,2024-10-25T00:00:00,0001000050,Z100,Z03,ZAR
4500007722,ZDOM,2026-08-15T00:00:00,0001000050,Z100,Z03,ZAR
4500007723,WK,2024-10-14T00:00:00,0001000041,Z100,Z02,ZAR
4500007724,AN,2025-08-02T00:00:00,0001000041,Z100,Z03,ZAR
4500007725,ZDOM,2024-11-29T00:00:00,0001000030,Z100,Z01,ZAR
4500007726,AN,2025-05-29T00:00:00,0001000030,Z100,Z02,ZAR
4500007727,AN,2025-08-05T00:00:00,0001000030,Z100,Z03,ZAR
4500007728,AN,2025-08-22T00:00:00,0001000030,Z100,Z03,ZAR
4500007729,ZDOM,2025-09-09T00:00:00,0001000030,Z100,Z02,ZAR
4500007730,WK,2026-01-04T00:00:00,0001000030,Z100,Z02,ZAR
4500007731,WK,2026-04-18T00:00:00,0001000030,Z100,Z03,ZAR
4500007732,AN,2026-06-19T00:00:00,0001000030,Z100,Z03,ZAR
4500007733,AN,2024-12-29T00:00:00,0001000029,Z100,Z03,ZAR
4500007734,AN,2025-01-29T00:00:00,0001000029,Z100,Z02,ZAR
4500007735,WK,2025-04-03T00:00:00,0001000029,Z100,Z02,ZAR
4500007736,ZDOM,2025-05-28T00:00:00,0001000029,Z100,Z03,ZAR
4500007737,ZDOM,2025-08-31T00:00:00,0001000029,Z100,Z02,ZAR
4500007738,ZDOM,2025-09-15T00:00:00,0001000029,Z100,Z03,ZAR
4500007739,WK,2026-01-24T00:00:00,0001000029,Z100,Z03,ZAR
4500007740,AN,2026-02-23T00:00:00,0001000029,Z100,Z01,ZAR
4500007741,AN,2026-02-20T00:00:00,0001000041,Z100,Z03,ZAR
4500007742,ZDOM,2026-03-24T00:00:00,0001000041,Z100,Z02,ZAR
4500007743,AN,2026-05-06T00:00:00,0001000041,Z100,Z03,ZAR
4500007744,AN,2024-09-09T00:00:00,0001000004,Z100,Z01,ZAR
4500007745,ZDOM,2025-04-07T00:00:00,0001000004,Z100,Z01,ZAR
4500007746,AN,2026-05-23T00:00:00,0001000004,Z100,Z03,ZAR
4500007747,AN,2024-09-29T00:00:00,0001000004,Z100,Z01,ZAR
4500007748,ZDOM,2025-03-25T00:00:00,0001000004,Z100,Z01,ZAR
4500007749,AN,2025-09-21T00:00:00,0001000004,Z100,Z02,ZAR
4500007750,WK,2025-10-26T00:00:00,0001000004,Z100,Z01,ZAR
4500007751,AN,2025-11-27T00:00:00,0001000004,Z100,Z03,ZAR
4500007752,ZDOM,2026-04-14T00:00:00,0001000004,Z100,Z03,ZAR
4500007753,AN,2026-06-02T00:00:00,0001000004,Z100,Z01,ZAR
4500007754,WK,2025-07-16T00:00:00,0001000033,Z100,Z02,ZAR
4500007755,AN,2025-11-25T00:00:00,0001000033,Z100,Z02,ZAR
4500007756,ZDOM,2026-05-01T00:00:00,0001000033,Z100,Z03,ZAR
4500007757,WK,2025-09-02T00:00:00,0001000033,Z100,Z01,ZAR
4500007758,ZDOM,2026-08-16T00:00:00,0001000033,Z100,Z03,ZAR
4500007759,AN,2024-10-26T00:00:00,0001000015,Z100,Z03,ZAR
4500007760,WK,2025-01-22T00:00:00,0001000015,Z100,Z01,ZAR
4500007761,AN,2025-07-06T00:00:00,0001000015,Z100,Z01,ZAR
4500007762,WK,2026-03-01T00:00:00,0001000015,Z100,Z01,ZAR
4500007763,AN,2026-08-22T00:00:00,0001000015,Z100,Z03,ZAR
4500007764,AN,2025-01-03T00:00:00,0001000039,Z100,Z02,ZAR
4500007765,ZDOM,2025-07-13T00:00:00,0001000039,Z100,Z03,ZAR
4500007766,WK,2025-11-23T00:00:00,0001000039,Z100,Z01,ZAR
4500007767,AN,2026-02-26T00:00:00,0001000039,Z100,Z01,ZAR
4500007768,AN,2026-08-05T00:00:00,0001000039,Z100,Z03,ZAR
4500007769,ZDOM,2024-11-27T00:00:00,0001000037,Z100,Z01,ZAR
4500007770,ZDOM,2025-01-16T00:00:00,0001000037,Z100,Z01,ZAR
4500007771,ZDOM,2025-06-01T00:00:00,0001000037,Z100,Z02,ZAR
4500007772,ZDOM,2025-11-20T00:00:00,0001000037,Z100,Z01,ZAR
4500007773,WK,2026-05-01T00:00:00,0001000037,Z100,Z01,ZAR
4500007774,WK,2026-06-30T00:00:00,0001000037,Z100,Z01,ZAR
4500007775,AN,2026-07-25T00:00:00,0001000037,Z100,Z01,ZAR
4500007776,ZDOM,2024-10-06T00:00:00,0001000025,Z100,Z01,ZAR
4500007777,ZDOM,2025-06-05T00:00:00,0001000025,Z100,Z03,ZAR
4500007778,ZDOM,2025-12-13T00:00:00,0001000025,Z100,Z03,ZAR
4500007779,WK,2026-01-09T00:00:00,0001000025,Z100,Z03,ZAR
4500007780,ZDOM,2026-06-20T00:00:00,0001000025,Z100,Z01,ZAR
4500007781,ZDOM,2024-12-02T00:00:00,0001000037,Z100,Z03,ZAR
4500007782,WK,2025-06-22T00:00:00,0001000037,Z100,Z03,ZAR
4500007783,AN,2026-02-02T00:00:00,0001000037,Z100,Z02,ZAR
4500007784,WK,2026-08-16T00:00:00,0001000037,Z100,Z03,ZAR
4500007785,AN,2026-06-19T00:00:00,0001000043,Z100,Z02,ZAR
4500007786,ZDOM,2026-07-20T00:00:00,0001000043,Z100,Z03,ZAR
4500007787,WK,2024-10-24T00:00:00,0001000028,Z100,Z02,ZAR
4500007788,ZDOM,2025-06-13T00:00:00,0001000028,Z100,Z03,ZAR
4500007789,AN,2025-11-21T00:00:00,0001000028,Z100,Z03,ZAR
4500007790,AN,2026-01-20T00:00:00,0001000028,Z100,Z01,ZAR
4500007791,ZDOM,2026-04-17T00:00:00,0001000028,Z100,Z02,ZAR
4500007792,ZDOM,2025-02-11T00:00:00,0001000028,Z100,Z03,ZAR
4500007793,ZDOM,2025-06-25T00:00:00,0001000028,Z100,Z02,ZAR
4500007794,WK,2025-08-09T00:00:00,0001000028,Z100,Z01,ZAR
4500007795,ZDOM,2024-11-27T00:00:00,0001000057,Z100,Z01,ZAR
4500007796,AN,2025-07-30T00:00:00,0001000057,Z100,Z03,ZAR
4500007797,WK,2026-01-10T00:00:00,0001000057,Z100,Z01,ZAR
4500007798,WK,2026-07-29T00:00:00,0001000057,Z100,Z03,ZAR
4500007799,WK,2024-09-17T00:00:00,0001000005,Z100,Z02,ZAR
4500007800,WK,2025-09-26T00:00:00,0001000005,Z100,Z02,ZAR
4500007801,ZDOM,2026-06-15T00:00:00,0001000005,Z100,Z03,ZAR
4500007802,WK,2024-09-17T00:00:00,0001000005,Z100,Z03,ZAR
4500007803,WK,2025-07-28T00:00:00,0001000005,Z100,Z02,ZAR
4500007804,AN,2025-09-24T00:00:00,0001000005,Z100,Z02,ZAR
4500007805,ZDOM,2026-07-07T00:00:00,0001000005,Z100,Z03,ZAR
4500007806,ZDOM,2024-09-28T00:00:00,0001000034,Z100,Z03,ZAR
4500007807,ZDOM,2025-01-14T00:00:00,0001000034,Z100,Z01,ZAR
4500007808,WK,2025-05-29T00:00:00,0001000034,Z100,Z02,ZAR
4500007809,AN,2025-11-18T00:00:00,0001000034,Z100,Z02,ZAR
4500007810,WK,2026-03-04T00:00:00,0001000034,Z100,Z02,ZAR
4500007811,WK,2026-05-16T00:00:00,0001000034,Z100,Z02,ZAR
4500007812,AN,2024-10-31T00:00:00,0001000017,Z100,Z02,ZAR
4500007813,AN,2025-10-18T00:00:00,0001000017,Z100,Z01,ZAR
4500007814,WK,2026-01-05T00:00:00,0001000017,Z100,Z03,ZAR
4500007815,AN,2024-10-23T00:00:00,0001000017,Z100,Z03,ZAR
4500007816,ZDOM,2025-04-06T00:00:00,0001000017,Z100,Z01,ZAR
4500007817,WK,2026-02-20T00:00:00,0001000017,Z100,Z03,ZAR
4500007818,ZDOM,2026-05-09T00:00:00,0001000017,Z100,Z02,ZAR
4500007819,WK,2025-04-05T00:00:00,0001000027,Z100,Z01,ZAR
4500007820,ZDOM,2025-05-01T00:00:00,0001000027,Z100,Z02,ZAR
4500007821,WK,2026-01-07T00:00:00,0001000027,Z100,Z02,ZAR
4500007822,ZDOM,2026-03-12T00:00:00,0001000027,Z100,Z03,ZAR
4500007823,WK,2026-04-19T00:00:00,0001000027,Z100,Z02,ZAR
4500007824,AN,2025-03-08T00:00:00,0001000027,Z100,Z01,ZAR
4500007825,ZDOM,2025-07-06T00:00:00,0001000027,Z100,Z03,ZAR
4500007826,WK,2025-08-28T00:00:00,0001000027,Z100,Z03,ZAR
4500007827,AN,2025-12-30T00:00:00,0001000027,Z100,Z01,ZAR
4500007828,AN,2026-02-20T00:00:00,0001000027,Z100,Z03,ZAR
4500007829,ZDOM,2025-12-14T00:00:00,0001000045,Z100,Z02,ZAR
4500007830,ZDOM,2026-01-23T00:00:00,0001000045,Z100,Z03,ZAR
4500007831,WK,2026-08-12T00:00:00,0001000045,Z100,Z03,ZAR
4500007832,AN,2024-10-07T00:00:00,0001000003,Z100,Z01,ZAR
4500007833,WK,2025-01-18T00:00:00,0001000003,Z100,Z03,ZAR
4500007834,ZDOM,2025-09-04T00:00:00,0001000003,Z100,Z02,ZAR
4500007835,ZDOM,2025-12-24T00:00:00,0001000003,Z100,Z03,ZAR
4500007836,AN,2024-09-18T00:00:00,0001000057,Z100,Z03,ZAR
4500007837,WK,2025-01-29T00:00:00,0001000057,Z100,Z01,ZAR
4500007838,ZDOM,2025-02-15T00:00:00,0001000057,Z100,Z02,ZAR
4500007839,WK,2025-06-05T00:00:00,0001000057,Z100,Z01,ZAR
4500007840,AN,2025-09-05T00:00:00,0001000057,Z100,Z03,ZAR
4500007841,ZDOM,2025-10-04T00:00:00,0001000057,Z100,Z01,ZAR
4500007842,WK,2025-10-24T00:00:00,0001000057,Z100,Z03,ZAR
4500007843,ZDOM,2026-02-17T00:00:00,0001000057,Z100,Z02,ZAR
4500007844,AN,2026-05-25T00:00:00,0001000057,Z100,Z01,ZAR
4500007845,ZDOM,2024-11-22T00:00:00,0001000054,Z100,Z01,ZAR
4500007846,WK,2025-03-03T00:00:00,0001000054,Z100,Z01,ZAR
4500007847,WK,2025-04-19T00:00:00,0001000054,Z100,Z02,ZAR
4500007848,ZDOM,2025-07-19T00:00:00,0001000054,Z100,Z01,ZAR
4500007849,ZDOM,2025-08-20T00:00:00,0001000054,Z100,Z02,ZAR
4500007850,WK,2026-02-19T00:00:00,0001000054,Z100,Z03,ZAR
4500007851,WK,2026-07-12T00:00:00,0001000054,Z100,Z01,ZAR
4500007852,ZDOM,2024-09-08T00:00:00,0001000054,Z100,Z02,ZAR
4500007853,AN,2024-11-01T00:00:00,0001000054,Z100,Z03,ZAR
4500007854,AN,2025-03-26T00:00:00,0001000054,Z100,Z02,ZAR
4500007855,AN,2025-09-04T00:00:00,0001000054,Z100,Z01,ZAR
4500007856,WK,2025-11-01T00:00:00,0001000054,Z100,Z01,ZAR
4500007857,AN,2026-02-28T00:00:00,0001000054,Z100,Z03,ZAR
4500007858,AN,2026-05-13T00:00:00,0001000054,Z100,Z02,ZAR
4500007859,WK,2026-06-17T00:00:00,0001000054,Z100,Z01,ZAR
4500007860,ZDOM,2024-12-16T00:00:00,0001000023,Z100,Z02,ZAR
4500007861,WK,2025-04-20T00:00:00,0001000023,Z100,Z03,ZAR
4500007862,ZDOM,2025-09-09T00:00:00,0001000023,Z100,Z01,ZAR
4500007863,WK,2025-09-06T00:00:00,0001000023,Z100,Z03,ZAR
4500007864,ZDOM,2026-02-03T00:00:00,0001000023,Z100,Z02,ZAR
4500007865,WK,2026-06-01T00:00:00,0001000023,Z100,Z01,ZAR
4500007866,AN,2024-11-13T00:00:00,0001000023,Z100,Z03,ZAR
4500007867,ZDOM,2025-04-17T00:00:00,0001000023,Z100,Z01,ZAR
4500007868,AN,2025-08-03T00:00:00,0001000023,Z100,Z01,ZAR
4500007869,ZDOM,2025-09-16T00:00:00,0001000023,Z100,Z01,ZAR
4500007870,AN,2025-12-21T00:00:00,0001000023,Z100,Z02,ZAR
4500007871,WK,2026-04-20T00:00:00,0001000023,Z100,Z03,ZAR
4500007872,ZDOM,2026-08-31T00:00:00,0001000023,Z100,Z01,ZAR
4500007873,WK,2024-09-27T00:00:00,0001000048,Z100,Z01,ZAR
4500007874,ZDOM,2025-05-26T00:00:00,0001000048,Z100,Z02,ZAR
4500007875,WK,2025-12-26T00:00:00,0001000048,Z100,Z02,ZAR
4500007876,WK,2026-01-13T00:00:00,0001000048,Z100,Z02,ZAR
4500007877,AN,2026-05-01T00:00:00,0001000048,Z100,Z02,ZAR
4500007878,AN,2026-09-06T00:00:00,0001000048,Z100,Z03,ZAR
4500007879,WK,2024-09-17T00:00:00,0001000048,Z100,Z01,ZAR
4500007880,AN,2025-02-07T00:00:00,0001000048,Z100,Z02,ZAR
4500007881,WK,2025-08-24T00:00:00,0001000048,Z100,Z02,ZAR
4500007882,WK,2026-02-09T00:00:00,0001000048,Z100,Z02,ZAR
4500007883,AN,2026-02-28T00:00:00,0001000048,Z100,Z01,ZAR
4500007884,ZDOM,2026-05-05T00:00:00,0001000048,Z100,Z01,ZAR
4500007885,ZDOM,2024-09-15T00:00:00,0001000026,Z100,Z02,ZAR
4500007886,AN,2024-11-27T00:00:00,0001000026,Z100,Z03,ZAR
4500007887,AN,2025-03-26T00:00:00,0001000026,Z100,Z01,ZAR
4500007888,ZDOM,2026-05-03T00:00:00,0001000026,Z100,Z01,ZAR
4500007889,ZDOM,2026-08-14T00:00:00,0001000026,Z100,Z01,ZAR
4500007890,ZDOM,2025-01-10T00:00:00,0001000004,Z100,Z03,ZAR
4500007891,AN,2025-06-15T00:00:00,0001000004,Z100,Z02,ZAR
4500007892,AN,2026-07-17T00:00:00,0001000004,Z100,Z03,ZAR
4500007893,ZDOM,2026-01-16T00:00:00,0001000022,Z100,Z03,ZAR
4500007894,WK,2025-09-08T00:00:00,0001000022,Z100,Z03,ZAR
4500007895,AN,2025-11-18T00:00:00,0001000017,Z100,Z02,ZAR
4500007896,ZDOM,2026-06-18T00:00:00,0001000017,Z100,Z02,ZAR
4500007897,AN,2025-12-03T00:00:00,0001000057,Z100,Z02,ZAR
4500007898,ZDOM,2026-06-11T00:00:00,0001000018,Z100,Z01,ZAR
4500007899,WK,2026-05-12T00:00:00,0001000018,Z100,Z01,ZAR
4500007900,ZDOM,2025-10-31T00:00:00,0001000018,Z100,Z02,ZAR
4500007901,ZDOM,2025-10-06T00:00:00,0001000019,Z100,Z03,ZAR
4500007902,AN,2026-02-21T00:00:00,0001000019,Z100,Z01,ZAR
4500007903,WK,2025-11-19T00:00:00,0001000019,Z100,Z02,ZAR
4500007904,AN,2026-05-29T00:00:00,0001000014,Z100,Z01,ZAR
4500007905,ZDOM,2026-03-03T00:00:00,0001000010,Z100,Z03,ZAR
4500007906,WK,2025-12-08T00:00:00,0001000010,Z100,Z02,ZAR
4500007907,AN,2026-02-26T00:00:00,0001000010,Z100,Z01,ZAR
4500007908,AN,2025-11-12T00:00:00,0001000014,Z100,Z02,ZAR
4500007909,AN,2025-10-06T00:00:00,0001000009,Z100,Z03,ZAR
4500007910,ZDOM,2025-11-26T00:00:00,0001000006,Z100,Z01,ZAR
4500007911,ZDOM,2025-12-08T00:00:00,0001000006,Z100,Z03,ZAR
4500007912,ZDOM,2025-08-11T00:00:00,0001000006,Z100,Z01,ZAR
4500007913,WK,2025-06-30T00:00:00,0001000039,Z100,Z01,ZAR
4500007914,WK,2025-09-25T00:00:00,0001000039,Z100,Z02,ZAR
4500007915,AN,2026-02-14T00:00:00,0001000039,Z100,Z02,ZAR
4500007916,WK,2025-12-03T00:00:00,0001000030,Z100,Z02,ZAR
4500007917,AN,2026-04-17T00:00:00,0001000030,Z100,Z02,ZAR
4500007918,WK,2025-12-16T00:00:00,0001000014,Z100,Z01,ZAR
4500007919,ZDOM,2026-05-13T00:00:00,0001000025,Z100,Z03,ZAR
4500007920,WK,2026-02-08T00:00:00,0001000025,Z100,Z02,ZAR
4500007921,ZDOM,2026-07-13T00:00:00,0001000045,Z100,Z03,ZAR
4500007922,ZDOM,2026-05-04T00:00:00,0001000045,Z100,Z03,ZAR
4500007923,WK,2026-06-26T00:00:00,0001000045,Z100,Z03,ZAR
4500007924,WK,2026-01-05T00:00:00,0001000045,Z100,Z01,ZAR
4500007925,AN,2025-10-03T00:00:00,0001000035,Z100,Z01,ZAR
4500007926,WK,2025-08-29T00:00:00,0001000035,Z100,Z03,ZAR
4500007927,ZDOM,2026-01-31T00:00:00,0001000019,Z100,Z02,ZAR
4500007928,WK,2026-02-07T00:00:00,0001000046,Z100,Z03,ZAR
4500007929,AN,2026-02-11T00:00:00,0001000046,Z100,Z01,ZAR
4500007930,ZDOM,2026-03-26T00:00:00,0001000046,Z100,Z02,ZAR
4500007931,WK,2025-08-17T00:00:00,0001000043,Z100,Z01,ZAR
4500007932,WK,2026-01-16T00:00:00,0001000043,Z100,Z03,ZAR
4500007933,WK,2026-03-03T00:00:00,0001000009,Z100,Z03,ZAR
4500007934,WK,2025-12-28T00:00:00,0001000009,Z100,Z02,ZAR
4500007935,AN,2026-03-12T00:00:00,0001000009,Z100,Z03,ZAR
4500007936,ZDOM,2026-02-12T00:00:00,0001000009,Z100,Z02,ZAR
4500007937,ZDOM,2026-02-20T00:00:00,0001000009,Z100,Z02,ZAR
4500007938,ZDOM,2025-10-03T00:00:00,0001000009,Z100,Z02,ZAR
4500007939,WK,2026-04-15T00:00:00,0001000029,Z100,Z02,ZAR
4500007940,ZDOM,2026-01-11T00:00:00,0001000029,Z100,Z03,ZAR
4500007941,ZDOM,2026-02-22T00:00:00,0001000033,Z100,Z03,ZAR
4500007942,WK,2025-09-13T00:00:00,0001000041,Z100,Z02,ZAR
4500007943,WK,2025-10-29T00:00:00,0001000041,Z100,Z01,ZAR
4500007944,AN,2026-02-26T00:00:00,0001000054,Z100,Z01,ZAR
4500007945,WK,2025-09-22T00:00:00,0001000054,Z100,Z03,ZAR
4500007946,ZDOM,2026-01-21T00:00:00,0001000054,Z100,Z03,ZAR
4500007947,AN,2025-10-21T00:00:00,0001000057,Z100,Z03,ZAR
4500007948,WK,2026-04-04T00:00:00,0001000057,Z100,Z03,ZAR
4500007949,AN,2025-10-26T00:00:00,0001000009,Z100,Z02,ZAR
4500007950,ZDOM,2026-02-18T00:00:00,0001000009,Z100,Z03,ZAR
4500007951,AN,2026-03-20T00:00:00,0001000059,Z100,Z03,ZAR
4500007952,WK,2025-10-21T00:00:00,0001000059,Z100,Z01,ZAR
4500007953,WK,2025-08-10T00:00:00,0001000059,Z100,Z02,ZAR
4500007954,ZDOM,2026-03-09T00:00:00,0001000059,Z100,Z03,ZAR
4500007955,ZDOM,2026-03-15T00:00:00,0001000033,Z100,Z01,ZAR
4500007956,ZDOM,2025-10-30T00:00:00,0001000033,Z100,Z02,ZAR
4500007957,AN,2025-11-23T00:00:00,0001000033,Z100,Z01,ZAR
4500007958,WK,2025-09-25T00:00:00,0001000035,Z100,Z03,ZAR
4500007959,ZDOM,2026-03-13T00:00:00,0001000035,Z100,Z02,ZAR
4500007960,WK,2025-10-01T00:00:00,0001000035,Z100,Z03,ZAR
4500007961,ZDOM,2025-08-14T00:00:00,0001000035,Z100,Z01,ZAR
4500007962,ZDOM,2026-01-22T00:00:00,0001000035,Z100,Z02,ZAR
4500007963,WK,2026-03-15T00:00:00,0001000035,Z100,Z02,ZAR
4500007964,ZDOM,2026-03-29T00:00:00,0001000057,Z100,Z01,ZAR
4500007965,AN,2026-07-07T00:00:00,0001000014,Z100,Z03,ZAR
4500007966,ZDOM,2026-06-20T00:00:00,0001000014,Z100,Z03,ZAR
4500007967,AN,2026-02-14T00:00:00,0001000019,Z100,Z01,ZAR
4500007968,ZDOM,2026-04-13T00:00:00,0001000019,Z100,Z01,ZAR
4500007969,AN,2026-01-01T00:00:00,0001000059,Z100,Z01,ZAR
4500007970,ZDOM,2026-05-18T00:00:00,0001000059,Z100,Z01,ZAR
4500007971,WK,2026-04-09T00:00:00,0001000059,Z100,Z02,ZAR
4500007972,ZDOM,2025-09-27T00:00:00,0001000043,Z100,Z03,ZAR
4500007973,WK,2025-10-14T00:00:00,0001000043,Z100,Z02,ZAR
4500007974,AN,2026-05-01T00:00:00,0001000043,Z100,Z01,ZAR
4500007975,ZDOM,2026-03-04T00:00:00,0001000029,Z100,Z03,ZAR
4500007976,AN,2026-01-23T00:00:00,0001000029,Z100,Z02,ZAR
4500007977,WK,2026-05-13T00:00:00,0001000029,Z100,Z02,ZAR
4500007978,WK,2025-08-13T00:00:00,0001000026,Z100,Z02,ZAR
4500007979,ZDOM,2025-08-05T00:00:00,0001000026,Z100,Z02,ZAR
4500007980,AN,2026-05-04T00:00:00,0001000047,Z100,Z01,ZAR
4500007981,WK,2026-01-04T00:00:00,0001000047,Z100,Z02,ZAR
4500007982,ZDOM,2025-10-26T00:00:00,0001000029,Z100,Z01,ZAR
4500007983,AN,2025-08-02T00:00:00,0001000029,Z100,Z03,ZAR
4500007984,WK,2026-04-22T00:00:00,0001000026,Z100,Z03,ZAR
4500007985,AN,2026-05-20T00:00:00,0001000029,Z100,Z02,ZAR
4500007986,ZDOM,2026-05-20T00:00:00,0001000053,Z100,Z01,ZAR
4500007987,AN,2026-01-07T00:00:00,0001000053,Z100,Z02,ZAR
4500007988,WK,2026-07-19T00:00:00,0001000014,Z100,Z02,ZAR
4500007989,ZDOM,2026-03-27T00:00:00,0001000014,Z100,Z02,ZAR
4500007990,AN,2026-01-31T00:00:00,0001000033,Z100,Z02,ZAR
4500007991,AN,2026-01-21T00:00:00,0001000033,Z100,Z03,ZAR
4500007992,AN,2026-01-06T00:00:00,0001000039,Z100,Z01,ZAR
4500007993,WK,2026-01-02T00:00:00,0001000006,Z100,Z03,ZAR
4500007994,WK,2025-12-04T00:00:00,0001000006,Z100,Z01,ZAR
4500007995,WK,2025-12-29T00:00:00,0001000023,Z100,Z02,ZAR
4500007996,AN,2026-02-17T00:00:00,0001000014,Z100,Z01,ZAR
4500007997,WK,2025-11-13T00:00:00,0001000014,Z100,Z02,ZAR
4500007998,ZDOM,2026-02-21T00:00:00,0001000014,Z100,Z02,ZAR
4500007999,WK,2026-06-02T00:00:00,0001000018,Z100,Z02,ZAR
4500008000,AN,2025-10-12T00:00:00,0001000018,Z100,Z02,ZAR
4500008001,AN,2025-12-13T00:00:00,0001000015,Z100,Z02,ZAR
4500008002,AN,2025-10-02T00:00:00,0001000015,Z100,Z01,ZAR
4500008003,ZDOM,2026-02-27T00:00:00,0001000010,Z100,Z01,ZAR
4500008004,ZDOM,2025-12-10T00:00:00,0001000053,Z100,Z02,ZAR
4500008005,WK,2026-04-01T00:00:00,0001000053,Z100,Z03,ZAR
4500008006,WK,2026-07-05T00:00:00,0001000029,Z100,Z02,ZAR
4500008007,AN,2026-03-12T00:00:00,0001000001,Z100,Z03,ZAR
4500008008,ZDOM,2026-05-28T00:00:00,0001000001,Z100,Z02,ZAR
4500008009,ZDOM,2026-04-13T00:00:00,0001000001,Z100,Z01,ZAR
4500008010,WK,2026-03-27T00:00:00,0001000001,Z100,Z02,ZAR
4500008011,WK,2026-04-17T00:00:00,0001000013,Z100,Z03,ZAR
4500008012,ZDOM,2025-10-25T00:00:00,0001000013,Z100,Z03,ZAR
4500008013,WK,2025-10-08T00:00:00,0001000013,Z100,Z01,ZAR
4500008014,ZDOM,2025-11-12T00:00:00,0001000023,Z100,Z03,ZAR
4500008015,WK,2025-07-07T00:00:00,0001000023,Z100,Z02,ZAR
4500008016,AN,2025-11-02T00:00:00,0001000045,Z100,Z02,ZAR
4500008017,AN,2026-01-31T00:00:00,0001000045,Z100,Z03,ZAR
4500008018,WK,2025-11-21T00:00:00,0001000045,Z100,Z01,ZAR
4500008019,AN,2026-05-02T00:00:00,0001000002,Z100,Z03,ZAR
4500008020,ZDOM,2025-11-09T00:00:00,0001000002,Z100,Z01,ZAR
4500008021,AN,2026-06-14T00:00:00,0001000053,Z100,Z02,ZAR
4500008022,ZDOM,2025-10-28T00:00:00,0001000053,Z100,Z03,ZAR
4500008023,ZDOM,2026-04-07T00:00:00,0001000001,Z100,Z03,ZAR
4500008024,WK,2025-10-20T00:00:00,0001000001,Z100,Z03,ZAR
4500008025,ZDOM,2025-10-16T00:00:00,0001000033,Z100,Z02,ZAR
4500008026,ZDOM,2026-01-27T00:00:00,0001000030,Z100,Z01,ZAR
4500008027,ZDOM,2026-05-28T00:00:00,0001000030,Z100,Z01,ZAR
4500008028,ZDOM,2026-07-24T00:00:00,0001000026,Z100,Z01,ZAR
4500008029,AN,2026-05-02T00:00:00,0001000035,Z100,Z03,ZAR
4500008030,WK,2026-07-23T00:00:00,0001000035,Z100,Z03,ZAR
4500008031,ZDOM,2025-12-05T00:00:00,0001000001,Z100,Z01,ZAR
4500008032,WK,2025-10-26T00:00:00,0001000035,Z100,Z03,ZAR
4500008033,WK,2026-01-15T00:00:00,0001000045,Z100,Z02,ZAR
4500008034,ZDOM,2025-12-26T00:00:00,0001000045,Z100,Z03,ZAR
4500008035,WK,2025-10-29T00:00:00,0001000010,Z100,Z02,ZAR
4500008036,AN,2026-07-15T00:00:00,0001000010,Z100,Z02,ZAR
4500008037,ZDOM,2026-04-27T00:00:00,0001000042,Z100,Z01,ZAR
4500008038,WK,2026-04-27T00:00:00,0001000042,Z100,Z02,ZAR
4500008039,AN,2026-01-21T00:00:00,0001000003,Z100,Z03,ZAR
4500008040,ZDOM,2025-10-27T00:00:00,0001000019,Z100,Z02,ZAR
4500008041,ZDOM,2025-11-18T00:00:00,0001000019,Z100,Z03,ZAR
4500008042,WK,2026-02-25T00:00:00,0001000019,Z100,Z02,ZAR
4500008043,AN,2026-03-24T00:00:00,0001000005,Z100,Z01,ZAR
4500008044,AN,2026-01-11T00:00:00,0001000005,Z100,Z01,ZAR
4500008045,WK,2026-03-21T00:00:00,0001000005,Z100,Z02,ZAR
4500008046,WK,2025-10-17T00:00:00,0001000001,Z100,Z02,ZAR
4500008047,ZDOM,2025-11-01T00:00:00,0001000001,Z100,Z02,ZAR
4500008048,WK,2025-11-09T00:00:00,0001000001,Z100,Z01,ZAR
4500008049,AN,2026-02-11T00:00:00,0001000027,Z100,Z01,ZAR
4500008050,WK,2026-07-18T00:00:00,0001000030,Z100,Z03,ZAR
4500008051,AN,2026-02-09T00:00:00,0001000030,Z100,Z03,ZAR
4500008052,ZDOM,2026-02-08T00:00:00,0001000030,Z100,Z03,ZAR
4500008053,WK,2026-01-14T00:00:00,0001000037,Z100,Z02,ZAR
4500008054,ZDOM,2026-01-11T00:00:00,0001000019,Z100,Z02,ZAR
4500008055,WK,2025-08-18T00:00:00,0001000019,Z100,Z01,ZAR
4500008056,AN,2025-09-20T00:00:00,0001000019,Z100,Z02,ZAR
4500008057,ZDOM,2026-07-02T00:00:00,0001000002,Z100,Z03,ZAR
4500008058,AN,2025-11-30T00:00:00,0001000002,Z100,Z03,ZAR
4500008059,ZDOM,2026-01-16T00:00:00,0001000002,Z100,Z03,ZAR
4500008060,AN,2025-11-06T00:00:00,0001000002,Z100,Z02,ZAR
4500008061,AN,2025-09-29T00:00:00,0001000002,Z100,Z01,ZAR
4500008062,WK,2025-11-10T00:00:00,0001000018,Z100,Z03,ZAR
4500008063,ZDOM,2025-12-26T00:00:00,0001000023,Z100,Z02,ZAR
4500008064,AN,2025-11-19T00:00:00,0001000006,Z100,Z03,ZAR
4500008065,ZDOM,2026-04-22T00:00:00,0001000025,Z100,Z03,ZAR
4500008066,WK,2025-11-09T00:00:00,0001000022,Z100,Z01,ZAR
4500008067,ZDOM,2025-12-10T00:00:00,0001000042,Z100,Z03,ZAR
4500008068,AN,2026-06-25T00:00:00,0001000042,Z100,Z02,ZAR
4500008069,WK,2025-11-10T00:00:00,0001000042,Z100,Z02,ZAR
4500008070,ZDOM,2026-05-27T00:00:00,0001000027,Z100,Z03,ZAR
4500008071,WK,2026-04-06T00:00:00,0001000027,Z100,Z03,ZAR
4500008072,WK,2026-05-13T00:00:00,0001000058,Z100,Z03,ZAR
4500008073,WK,2026-02-21T00:00:00,0001000058,Z100,Z03,ZAR
4500008074,WK,2026-05-10T00:00:00,0001000058,Z100,Z01,ZAR
4500008075,ZDOM,2025-11-01T00:00:00,0001000006,Z100,Z02,ZAR
4500008076,AN,2026-07-13T00:00:00,0001000006,Z100,Z03,ZAR
4500008077,AN,2025-11-22T00:00:00,0001000006,Z100,Z01,ZAR
4500008078,AN,2025-12-24T00:00:00,0001000057,Z100,Z01,ZAR
4500008079,WK,2026-01-16T00:00:00,0001000057,Z100,Z01,ZAR
4500008080,WK,2025-12-26T00:00:00,0001000057,Z100,Z02,ZAR
4500008081,ZDOM,2026-01-12T00:00:00,0001000026,Z100,Z03,ZAR
4500008082,ZDOM,2026-03-08T00:00:00,0001000026,Z100,Z01,ZAR
4500008083,ZDOM,2026-03-24T00:00:00,0001000051,Z100,Z02,ZAR
4500008084,AN,2026-02-08T00:00:00,0001000051,Z100,Z03,ZAR
4500008085,AN,2026-04-23T00:00:00,0001000033,Z100,Z03,ZAR
4500008086,AN,2026-02-17T00:00:00,0001000033,Z100,Z03,ZAR
4500008087,ZDOM,2025-11-25T00:00:00,0001000039,Z100,Z02,ZAR
4500008088,WK,2025-12-22T00:00:00,0001000039,Z100,Z01,ZAR
4500008089,ZDOM,2026-02-04T00:00:00,0001000037,Z100,Z03,ZAR
4500008090,AN,2026-07-12T00:00:00,0001000017,Z100,Z01,ZAR
4500008091,ZDOM,2026-02-09T00:00:00,0001000017,Z100,Z02,ZAR
4500008092,WK,2026-02-25T00:00:00,0001000017,Z100,Z02,ZAR
4500008093,WK,2025-12-11T00:00:00,0001000011,Z100,Z01,ZAR
4500008094,AN,2025-12-23T00:00:00,0001000011,Z100,Z03,ZAR
4500008095,WK,2025-11-23T00:00:00,0001000011,Z100,Z03,ZAR
4500008096,AN,2025-12-14T00:00:00,0001000030,Z100,Z02,ZAR
4500008097,WK,2025-12-19T00:00:00,0001000021,Z100,Z03,ZAR
4500008098,WK,2026-02-24T00:00:00,0001000021,Z100,Z03,ZAR
4500008099,WK,2025-12-16T00:00:00,0001000021,Z100,Z02,ZAR
4500008100,AN,2025-12-20T00:00:00,0001000014,Z100,Z03,ZAR
4500008101,AN,2025-12-20T00:00:00,0001000014,Z100,Z03,ZAR
4500008102,AN,2026-03-25T00:00:00,0001000014,Z100,Z01,ZAR
4500008103,WK,2026-03-06T00:00:00,0001000006,Z100,Z03,ZAR
4500008104,WK,2026-02-09T00:00:00,0001000006,Z100,Z03,ZAR
4500008105,ZDOM,2026-04-29T00:00:00,0001000006,Z100,Z02,ZAR
4500008106,ZDOM,2025-08-06T00:00:00,0001000006,Z100,Z02,ZAR
4500008107,AN,2026-06-10T00:00:00,0001000038,Z100,Z03,ZAR
4500008108,WK,2026-06-12T00:00:00,0001000054,Z100,Z02,ZAR
4500008109,WK,2025-11-19T00:00:00,0001000054,Z100,Z01,ZAR
4500008110,WK,2026-01-05T00:00:00,0001000015,Z100,Z01,ZAR
4500008111,WK,2026-01-03T00:00:00,0001000015,Z100,Z01,ZAR
4500008112,ZDOM,2026-02-12T00:00:00,0001000023,Z100,Z01,ZAR
4500008113,AN,2026-03-28T00:00:00,0001000023,Z100,Z01,ZAR
4500008114,WK,2025-11-26T00:00:00,0001000058,Z100,Z01,ZAR
4500008115,WK,2026-06-08T00:00:00,0001000058,Z100,Z01,ZAR
4500008116,WK,2025-10-16T00:00:00,0001000001,Z100,Z03,ZAR
4500008117,AN,2025-11-21T00:00:00,0001000001,Z100,Z02,ZAR
4500008118,ZDOM,2025-09-23T00:00:00,0001000045,Z100,Z02,ZAR
4500008119,AN,2026-01-03T00:00:00,0001000045,Z100,Z01,ZAR
4500008120,AN,2025-12-31T00:00:00,0001000001,Z100,Z02,ZAR
4500008121,AN,2026-04-12T00:00:00,0001000001,Z100,Z01,ZAR
4500008122,AN,2025-11-04T00:00:00,0001000001,Z100,Z03,ZAR
4500008123,AN,2025-11-01T00:00:00,0001000034,Z100,Z03,ZAR
4500008124,WK,2026-03-18T00:00:00,0001000034,Z100,Z02,ZAR
4500008125,ZDOM,2026-04-13T00:00:00,0001000053,Z100,Z01,ZAR
4500008126,ZDOM,2026-04-08T00:00:00,0001000053,Z100,Z02,ZAR
4500008127,ZDOM,2025-12-03T00:00:00,0001000018,Z100,Z02,ZAR
4500008128,AN,2026-03-15T00:00:00,0001000018,Z100,Z01,ZAR
4500008129,WK,2026-04-14T00:00:00,0001000018,Z100,Z02,ZAR
4500008130,WK,2025-10-31T00:00:00,0001000050,Z100,Z02,ZAR
4500008131,AN,2025-12-21T00:00:00,0001000050,Z100,Z02,ZAR
4500008132,WK,2026-04-18T00:00:00,0001000050,Z100,Z02,ZAR
4500008133,ZDOM,2026-04-01T00:00:00,0001000035,Z100,Z03,ZAR
4500008134,ZDOM,2025-10-09T00:00:00,0001000035,Z100,Z03,ZAR
4500008135,ZDOM,2025-07-08T00:00:00,0001000013,Z100,Z02,ZAR
4500008136,AN,2025-12-28T00:00:00,0001000013,Z100,Z02,ZAR
4500008137,ZDOM,2026-04-14T00:00:00,0001000045,Z100,Z01,ZAR
4500008138,WK,2026-03-18T00:00:00,0001000045,Z100,Z03,ZAR
4500008139,ZDOM,2026-06-17T00:00:00,0001000001,Z100,Z02,ZAR
4500008140,WK,2025-12-03T00:00:00,0001000001,Z100,Z01,ZAR
4500008141,ZDOM,2026-08-06T00:00:00,0001000001,Z100,Z01,ZAR
4500008142,AN,2026-07-17T00:00:00,0001000029,Z100,Z01,ZAR
4500008143,WK,2026-04-03T00:00:00,0001000029,Z100,Z03,ZAR
4500008144,WK,2026-02-22T00:00:00,0001000029,Z100,Z03,ZAR
4500008145,WK,2026-04-16T00:00:00,0001000029,Z100,Z03,ZAR
4500008146,AN,2026-01-23T00:00:00,0001000029,Z100,Z02,ZAR
4500008147,ZDOM,2025-09-27T00:00:00,0001000015,Z100,Z02,ZAR
4500008148,ZDOM,2026-03-09T00:00:00,0001000009,Z100,Z03,ZAR
4500008149,WK,2025-10-27T00:00:00,0001000007,Z100,Z01,ZAR
4500008150,WK,2026-05-17T00:00:00,0001000007,Z100,Z03,ZAR
4500008151,AN,2026-06-16T00:00:00,0001000029,Z100,Z03,ZAR
4500008152,WK,2026-04-09T00:00:00,0001000029,Z100,Z02,ZAR
4500008153,WK,2026-05-19T00:00:00,0001000023,Z100,Z01,ZAR
4500008154,AN,2025-12-30T00:00:00,0001000023,Z100,Z02,ZAR
4500008155,AN,2026-03-01T00:00:00,0001000010,Z100,Z01,ZAR
4500008156,ZDOM,2025-12-25T00:00:00,0001000010,Z100,Z02,ZAR
4500008157,ZDOM,2026-02-23T00:00:00,0001000042,Z100,Z03,ZAR
4500008158,WK,2025-10-28T00:00:00,0001000042,Z100,Z02,ZAR
4500008159,ZDOM,2026-02-14T00:00:00,0001000049,Z100,Z03,ZAR
4500008160,WK,2025-12-28T00:00:00,0001000042,Z100,Z01,ZAR
4500008161,ZDOM,2025-09-05T00:00:00,0001000042,Z100,Z02,ZAR
4500008162,ZDOM,2026-01-28T00:00:00,0001000013,Z100,Z01,ZAR
4500008163,AN,2026-02-18T00:00:00,0001000013,Z100,Z01,ZAR
4500008164,WK,2025-12-05T00:00:00,0001000013,Z100,Z02,ZAR
4500008165,AN,2026-04-23T00:00:00,0001000054,Z100,Z03,ZAR
4500008166,AN,2025-10-05T00:00:00,0001000015,Z100,Z03,ZAR
4500008167,ZDOM,2026-04-02T00:00:00,0001000015,Z100,Z02,ZAR
4500008168,AN,2025-11-30T00:00:00,0001000050,Z100,Z02,ZAR
4500008169,ZDOM,2026-01-03T00:00:00,0001000050,Z100,Z01,ZAR
4500008170,WK,2025-11-17T00:00:00,0001000050,Z100,Z02,ZAR
4500008171,AN,2026-05-30T00:00:00,0001000058,Z100,Z01,ZAR
4500008172,ZDOM,2026-03-14T00:00:00,0001000058,Z100,Z01,ZAR
4500008173,WK,2026-02-03T00:00:00,0001000058,Z100,Z02,ZAR
4500008174,WK,2026-02-27T00:00:00,0001000030,Z100,Z01,ZAR
4500008175,ZDOM,2025-12-09T00:00:00,0001000030,Z100,Z02,ZAR
4500008176,ZDOM,2026-01-15T00:00:00,0001000030,Z100,Z01,ZAR
4500008177,AN,2026-06-09T00:00:00,0001000047,Z100,Z02,ZAR
4500008178,WK,2026-03-01T00:00:00,0001000046,Z100,Z02,ZAR
4500008179,WK,2025-09-29T00:00:00,0001000046,Z100,Z01,ZAR
4500008180,ZDOM,2026-04-09T00:00:00,0001000007,Z100,Z02,ZAR
4500008181,AN,2025-12-21T00:00:00,0001000007,Z100,Z01,ZAR
4500008182,ZDOM,2025-11-30T00:00:00,0001000007,Z100,Z01,ZAR
4500008183,WK,2025-11-02T00:00:00,0001000002,Z100,Z01,ZAR
4500008184,ZDOM,2026-02-01T00:00:00,0001000031,Z100,Z03,ZAR
4500008185,AN,2026-04-15T00:00:00,0001000031,Z100,Z03,ZAR
4500008186,ZDOM,2025-10-26T00:00:00,0001000026,Z100,Z03,ZAR
4500008187,AN,2025-08-19T00:00:00,0001000026,Z100,Z03,ZAR
4500008188,ZDOM,2026-01-15T00:00:00,0001000049,Z100,Z01,ZAR
4500008189,AN,2025-10-09T00:00:00,0001000037,Z100,Z02,ZAR
4500008190,AN,2026-03-20T00:00:00,0001000037,Z100,Z01,ZAR
4500008191,WK,2026-07-05T00:00:00,0001000037,Z100,Z01,ZAR
4500008192,ZDOM,2026-02-21T00:00:00,0001000037,Z100,Z01,ZAR
4500008193,AN,2026-02-22T00:00:00,0001000037,Z100,Z02,ZAR
4500008194,AN,2025-09-11T00:00:00,0001000055,Z100,Z01,ZAR
4500008195,WK,2026-02-14T00:00:00,0001000055,Z100,Z03,ZAR
4500008196,ZDOM,2026-03-09T00:00:00,0001000055,Z100,Z03,ZAR
4500008197,AN,2025-09-15T00:00:00,0001000055,Z100,Z03,ZAR
4500008198,AN,2026-05-09T00:00:00,0001000019,Z100,Z03,ZAR
4500008199,ZDOM,2025-12-01T00:00:00,0001000047,Z100,Z03,ZAR
4500008200,WK,2026-07-09T00:00:00,0001000047,Z100,Z01,ZAR
4500008201,AN,2025-11-21T00:00:00,0001000041,Z100,Z03,ZAR
4500008202,WK,2025-10-21T00:00:00,0001000041,Z100,Z03,ZAR
4500008203,WK,2026-03-18T00:00:00,0001000009,Z100,Z01,ZAR
4500008204,ZDOM,2025-09-25T00:00:00,0001000009,Z100,Z01,ZAR
4500008205,WK,2025-12-15T00:00:00,0001000009,Z100,Z03,ZAR
4500008206,AN,2025-09-27T00:00:00,0001000009,Z100,Z03,ZAR
4500008207,AN,2026-05-16T00:00:00,0001000009,Z100,Z01,ZAR
4500008208,ZDOM,2026-04-02T00:00:00,0001000025,Z100,Z03,ZAR
4500008209,ZDOM,2026-05-18T00:00:00,0001000014,Z100,Z03,ZAR
4500008210,WK,2026-05-05T00:00:00,0001000014,Z100,Z03,ZAR
4500008211,WK,2026-05-03T00:00:00,0001000014,Z100,Z03,ZAR
4500008212,AN,2026-01-23T00:00:00,0001000041,Z100,Z02,ZAR
4500008213,AN,2026-02-21T00:00:00,0001000041,Z100,Z03,ZAR
4500008214,AN,2026-04-10T00:00:00,0001000041,Z100,Z01,ZAR
4500008215,AN,2025-10-25T00:00:00,0001000029,Z100,Z03,ZAR
4500008216,ZDOM,2025-09-12T00:00:00,0001000001,Z100,Z03,ZAR
4500008217,ZDOM,2026-03-07T00:00:00,0001000049,Z100,Z02,ZAR
4500008218,WK,2025-12-25T00:00:00,0001000049,Z100,Z03,ZAR
4500008219,AN,2026-02-20T00:00:00,0001000041,Z100,Z02,ZAR
4500008220,WK,2026-03-28T00:00:00,0001000041,Z100,Z01,ZAR
4500008221,WK,2026-01-06T00:00:00,0001000041,Z100,Z01,ZAR
4500008222,AN,2026-02-15T00:00:00,0001000019,Z100,Z02,ZAR
4500008223,ZDOM,2026-01-18T00:00:00,0001000019,Z100,Z03,ZAR
4500008224,AN,2026-01-28T00:00:00,0001000019,Z100,Z01,ZAR
4500008225,ZDOM,2026-05-17T00:00:00,0001000003,Z100,Z01,ZAR
4500008226,AN,2026-05-03T00:00:00,0001000003,Z100,Z02,ZAR
4500008227,ZDOM,2026-03-06T00:00:00,0001000003,Z100,Z03,ZAR
4500008228,ZDOM,2025-08-16T00:00:00,0001000054,Z100,Z03,ZAR
4500008229,AN,2025-10-19T00:00:00,0001000054,Z100,Z02,ZAR
4500008230,WK,2025-10-02T00:00:00,0001000009,Z100,Z01,ZAR
4500008231,AN,2025-12-21T00:00:00,0001000009,Z100,Z03,ZAR
4500008232,ZDOM,2026-03-28T00:00:00,0001000009,Z100,Z03,ZAR
4500008233,AN,2026-01-24T00:00:00,0001000009,Z100,Z02,ZAR
4500008234,AN,2025-11-02T00:00:00,0001000050,Z100,Z02,ZAR
4500008235,AN,2026-01-15T00:00:00,0001000050,Z100,Z01,ZAR
4500008236,AN,2026-03-30T00:00:00,0001000043,Z100,Z02,ZAR
4500008237,ZDOM,2026-06-30T00:00:00,0001000002,Z100,Z02,ZAR
4500008238,WK,2026-03-16T00:00:00,0001000002,Z100,Z02,ZAR
4500008239,AN,2026-04-09T00:00:00,0001000002,Z100,Z03,ZAR
4500008240,WK,2026-04-21T00:00:00,0001000002,Z100,Z02,ZAR
4500008241,WK,2025-07-26T00:00:00,0001000002,Z100,Z03,ZAR
4500008242,AN,2026-07-07T00:00:00,0001000057,Z100,Z01,ZAR
4500008243,AN,2026-02-24T00:00:00,0001000057,Z100,Z02,ZAR
4500008244,AN,2025-11-23T00:00:00,0001000057,Z100,Z02,ZAR
4500008245,WK,2026-05-27T00:00:00,0001000035,Z100,Z03,ZAR
4500008246,AN,2025-12-26T00:00:00,0001000035,Z100,Z03,ZAR
4500008247,WK,2025-11-14T00:00:00,0001000041,Z100,Z02,ZAR
4500008248,AN,2025-11-03T00:00:00,0001000041,Z100,Z02,ZAR
4500008249,WK,2026-03-06T00:00:00,0001000041,Z100,Z03,ZAR
4500008250,ZDOM,2025-12-22T00:00:00,0001000003,Z100,Z02,ZAR
4500008251,WK,2026-04-13T00:00:00,0001000003,Z100,Z01,ZAR
4500008252,ZDOM,2026-07-08T00:00:00,0001000023,Z100,Z02,ZAR
4500008253,AN,2026-02-25T00:00:00,0001000055,Z100,Z01,ZAR
4500008254,AN,2026-04-23T00:00:00,0001000033,Z100,Z01,ZAR
4500008255,AN,2026-07-05T00:00:00,0001000033,Z100,Z02,ZAR
4500008256,AN,2026-05-23T00:00:00,0001000033,Z100,Z01,ZAR
4500008257,ZDOM,2026-02-16T00:00:00,0001000027,Z100,Z01,ZAR
4500008258,WK,2025-10-17T00:00:00,0001000027,Z100,Z03,ZAR
4500008259,WK,2025-07-16T00:00:00,0001000027,Z100,Z01,ZAR
4500008260,ZDOM,2026-04-01T00:00:00,0001000053,Z100,Z02,ZAR
4500008261,AN,2026-02-19T00:00:00,0001000046,Z100,Z01,ZAR
4500008262,AN,2026-05-16T00:00:00,0001000046,Z100,Z01,ZAR
4500008263,AN,2026-02-14T00:00:00,0001000046,Z100,Z01,ZAR
4500008264,WK,2025-10-31T00:00:00,0001000009,Z100,Z03,ZAR
4500008265,AN,2025-10-01T00:00:00,0001000009,Z100,Z03,ZAR
4500008266,WK,2026-05-28T00:00:00,0001000006,Z100,Z03,ZAR
4500008267,WK,2026-04-12T00:00:00,0001000006,Z100,Z03,ZAR
4500008268,WK,2025-12-22T00:00:00,0001000043,Z100,Z01,ZAR
4500008269,ZDOM,2025-10-15T00:00:00,0001000043,Z100,Z01,ZAR
4500008270,ZDOM,2025-10-01T00:00:00,0001000043,Z100,Z02,ZAR
4500008271,ZDOM,2025-11-01T00:00:00,0001000005,Z100,Z03,ZAR
4500008272,WK,2026-04-15T00:00:00,0001000005,Z100,Z02,ZAR
4500008273,WK,2025-08-28T00:00:00,0001000005,Z100,Z02,ZAR
4500008274,AN,2026-04-16T00:00:00,0001000005,Z100,Z03,ZAR
4500008275,WK,2025-12-20T00:00:00,0001000005,Z100,Z02,ZAR
4500008276,ZDOM,2026-03-03T00:00:00,0001000026,Z100,Z02,ZAR
4500008277,AN,2025-11-09T00:00:00,0001000026,Z100,Z01,ZAR
4500008278,WK,2026-07-14T00:00:00,0001000026,Z100,Z01,ZAR
4500008279,AN,2026-01-29T00:00:00,0001000026,Z100,Z03,ZAR
4500008280,ZDOM,2025-12-30T00:00:00,0001000002,Z100,Z03,ZAR
4500008281,WK,2026-03-19T00:00:00,0001000002,Z100,Z02,ZAR
4500008282,WK,2025-11-16T00:00:00,0001000051,Z100,Z02,ZAR
4500008283,ZDOM,2026-03-10T00:00:00,0001000051,Z100,Z02,ZAR
4500008284,ZDOM,2025-12-11T00:00:00,0001000038,Z100,Z02,ZAR
4500008285,AN,2026-02-15T00:00:00,0001000038,Z100,Z01,ZAR
4500008286,ZDOM,2026-02-28T00:00:00,0001000038,Z100,Z03,ZAR
4500008287,ZDOM,2026-03-04T00:00:00,0001000038,Z100,Z01,ZAR
4500008288,ZDOM,2025-11-30T00:00:00,0001000038,Z100,Z03,ZAR
4500008289,ZDOM,2025-11-18T00:00:00,0001000038,Z100,Z02,ZAR
4500008290,AN,2026-05-06T00:00:00,0001000009,Z100,Z03,ZAR
4500008291,ZDOM,2026-05-11T00:00:00,0001000009,Z100,Z01,ZAR
4500008292,AN,2025-12-15T00:00:00,0001000013,Z100,Z01,ZAR
4500008293,WK,2026-04-15T00:00:00,0001000013,Z100,Z02,ZAR
4500008294,WK,2026-02-17T00:00:00,0001000025,Z100,Z02,ZAR
4500008295,AN,2026-01-26T00:00:00,0001000042,Z100,Z02,ZAR
4500008296,ZDOM,2025-11-20T00:00:00,0001000042,Z100,Z01,ZAR
4500008297,AN,2026-03-20T00:00:00,0001000042,Z100,Z03,ZAR
4500008298,WK,2025-09-06T00:00:00,0001000057,Z100,Z01,ZAR
4500008299,ZDOM,2026-03-17T00:00:00,0001000057,Z100,Z02,ZAR
4500008300,AN,2026-01-09T00:00:00,0001000057,Z100,Z03,ZAR
4500008301,ZDOM,2026-06-02T00:00:00,0001000057,Z100,Z01,ZAR
4500008302,AN,2026-03-19T00:00:00,0001000018,Z100,Z03,ZAR
4500008303,AN,2025-10-25T00:00:00,0001000018,Z100,Z01,ZAR
4500008304,ZDOM,2026-04-26T00:00:00,0001000018,Z100,Z02,ZAR
4500008305,AN,2025-11-10T00:00:00,0001000033,Z100,Z02,ZAR
4500008306,WK,2026-03-26T00:00:00,0001000033,Z100,Z02,ZAR
4500008307,ZDOM,2025-11-20T00:00:00,0001000027,Z100,Z02,ZAR
4500008308,WK,2025-09-16T00:00:00,0001000027,Z100,Z02,ZAR
4500008309,WK,2026-04-23T00:00:00,0001000027,Z100,Z01,ZAR
4500008310,WK,2026-01-02T00:00:00,0001000014,Z100,Z02,ZAR
4500008311,ZDOM,2025-10-19T00:00:00,0001000042,Z100,Z03,ZAR
4500008312,AN,2025-12-10T00:00:00,0001000003,Z100,Z03,ZAR
4500008313,ZDOM,2026-02-23T00:00:00,0001000003,Z100,Z03,ZAR
4500008314,WK,2025-10-27T00:00:00,0001000038,Z100,Z01,ZAR
4500008315,WK,2025-07-13T00:00:00,0001000038,Z100,Z02,ZAR
4500008316,WK,2026-01-14T00:00:00,0001000038,Z100,Z01,ZAR
4500008317,WK,2026-02-26T00:00:00,0001000038,Z100,Z03,ZAR
4500008318,WK,2026-05-29T00:00:00,0001000030,Z100,Z01,ZAR
4500008319,ZDOM,2025-12-27T00:00:00,0001000015,Z100,Z03,ZAR
4500008320,ZDOM,2025-10-25T00:00:00,0001000054,Z100,Z03,ZAR
4500008321,ZDOM,2025-08-25T00:00:00,0001000054,Z100,Z01,ZAR
4500008322,WK,2025-10-12T00:00:00,0001000054,Z100,Z02,ZAR
4500008323,AN,2026-02-13T00:00:00,0001000054,Z100,Z02,ZAR
4500008324,AN,2025-08-02T00:00:00,0001000029,Z100,Z02,ZAR
4500008325,WK,2026-01-28T00:00:00,0001000029,Z100,Z02,ZAR
4500008326,ZDOM,2025-12-22T00:00:00,0001000059,Z100,Z02,ZAR
4500008327,AN,2026-05-22T00:00:00,0001000026,Z100,Z03,ZAR
4500008328,AN,2025-09-26T00:00:00,0001000031,Z100,Z02,ZAR
4500008329,AN,2026-04-16T00:00:00,0001000031,Z100,Z03,ZAR
4500008330,ZDOM,2025-07-07T00:00:00,0001000031,Z100,Z01,ZAR
4500008331,WK,2025-09-15T00:00:00,0001000031,Z100,Z02,ZAR
4500008332,AN,2026-03-14T00:00:00,0001000026,Z100,Z01,ZAR
4500008333,WK,2025-11-08T00:00:00,0001000059,Z100,Z03,ZAR
4500008334,WK,2026-02-14T00:00:00,0001000045,Z100,Z01,ZAR
4500008335,ZDOM,2026-01-09T00:00:00,0001000045,Z100,Z03,ZAR
4500008336,ZDOM,2026-03-19T00:00:00,0001000045,Z100,Z03,ZAR
4500008337,AN,2026-04-23T00:00:00,0001000055,Z100,Z02,ZAR
4500008338,WK,2025-11-20T00:00:00,0001000055,Z100,Z03,ZAR
4500008339,WK,2026-02-18T00:00:00,0001000055,Z100,Z01,ZAR
4500008340,AN,2026-01-02T00:00:00,0001000055,Z100,Z02,ZAR
4500008341,AN,2025-12-03T00:00:00,0001000033,Z100,Z02,ZAR
4500008342,WK,2026-01-01T00:00:00,0001000033,Z100,Z02,ZAR
4500008343,AN,2026-01-14T00:00:00,0001000050,Z100,Z02,ZAR
4500008344,ZDOM,2026-02-22T00:00:00,0001000050,Z100,Z01,ZAR
4500008345,WK,2026-04-11T00:00:00,0001000050,Z100,Z03,ZAR
4500008346,WK,2025-12-12T00:00:00,0001000021,Z100,Z01,ZAR
4500008347,ZDOM,2026-05-05T00:00:00,0001000021,Z100,Z02,ZAR
4500008348,WK,2025-11-17T00:00:00,0001000006,Z100,Z03,ZAR
4500008349,WK,2026-01-21T00:00:00,0001000006,Z100,Z01,ZAR
4500008350,AN,2025-12-17T00:00:00,0001000006,Z100,Z02,ZAR
4500008351,ZDOM,2025-11-30T00:00:00,0001000057,Z100,Z02,ZAR
4500008352,WK,2026-07-26T00:00:00,0001000039,Z100,Z01,ZAR
4500008353,ZDOM,2026-07-02T00:00:00,0001000039,Z100,Z01,ZAR
4500008354,WK,2026-04-25T00:00:00,0001000039,Z100,Z01,ZAR
4500008355,ZDOM,2026-03-14T00:00:00,0001000039,Z100,Z02,ZAR
4500008356,WK,2026-02-10T00:00:00,0001000039,Z100,Z01,ZAR
4500008357,ZDOM,2025-12-05T00:00:00,0001000010,Z100,Z01,ZAR
4500008358,ZDOM,2026-05-09T00:00:00,0001000050,Z100,Z03,ZAR
4500008359,AN,2025-11-09T00:00:00,0001000050,Z100,Z03,ZAR
4500008360,WK,2026-01-12T00:00:00,0001000045,Z100,Z03,ZAR
4500008361,AN,2026-01-29T00:00:00,0001000039,Z100,Z01,ZAR
4500008362,WK,2026-03-15T00:00:00,0001000039,Z100,Z03,ZAR
4500008363,AN,2025-11-20T00:00:00,0001000039,Z100,Z02,ZAR
4500008364,AN,2026-05-18T00:00:00,0001000001,Z100,Z03,ZAR
4500008365,AN,2026-04-01T00:00:00,0001000001,Z100,Z02,ZAR
4500008366,ZDOM,2026-06-17T00:00:00,0001000057,Z100,Z02,ZAR
4500008367,AN,2025-12-23T00:00:00,0001000057,Z100,Z03,ZAR
4500008368,WK,2025-12-24T00:00:00,0001000057,Z100,Z03,ZAR
4500008369,ZDOM,2025-09-28T00:00:00,0001000039,Z100,Z03,ZAR
4500008370,ZDOM,2026-02-02T00:00:00,0001000039,Z100,Z02,ZAR
4500008371,ZDOM,2025-09-29T00:00:00,0001000035,Z100,Z01,ZAR
4500008372,ZDOM,2025-11-17T00:00:00,0001000035,Z100,Z01,ZAR
4500008373,ZDOM,2025-10-30T00:00:00,0001000035,Z100,Z03,ZAR
4500008374,WK,2025-11-04T00:00:00,0001000035,Z100,Z01,ZAR
4500008375,ZDOM,2025-11-08T00:00:00,0001000003,Z100,Z02,ZAR
4500008376,WK,2025-10-22T00:00:00,0001000027,Z100,Z02,ZAR
4500008377,WK,2025-10-16T00:00:00,0001000027,Z100,Z01,ZAR
4500008378,AN,2025-12-07T00:00:00,0001000027,Z100,Z01,ZAR
4500008379,WK,2025-10-12T00:00:00,0001000027,Z100,Z03,ZAR
4500008380,AN,2026-03-11T00:00:00,0001000013,Z100,Z03,ZAR
4500008381,WK,2025-08-05T00:00:00,0001000037,Z100,Z03,ZAR
4500008382,WK,2026-01-27T00:00:00,0001000031,Z100,Z03,ZAR
4500008383,ZDOM,2026-01-01T00:00:00,0001000031,Z100,Z02,ZAR
4500008384,WK,2026-04-10T00:00:00,0001000031,Z100,Z02,ZAR
4500008385,WK,2026-03-10T00:00:00,0001000007,Z100,Z02,ZAR
4500008386,AN,2025-12-20T00:00:00,0001000007,Z100,Z01,ZAR
4500008387,WK,2025-08-12T00:00:00,0001000007,Z100,Z03,ZAR
4500008388,WK,2025-09-14T00:00:00,0001000015,Z100,Z03,ZAR
4500008389,AN,2025-11-14T00:00:00,0001000015,Z100,Z01,ZAR
4500008390,WK,2025-09-23T00:00:00,0001000059,Z100,Z03,ZAR
4500008391,WK,2026-03-06T00:00:00,0001000058,Z100,Z02,ZAR
4500008392,ZDOM,2025-11-03T00:00:00,0001000003,Z100,Z01,ZAR
4500008393,ZDOM,2026-03-01T00:00:00,0001000003,Z100,Z01,ZAR
4500008394,ZDOM,2026-05-31T00:00:00,0001000049,Z100,Z03,ZAR
4500008395,WK,2026-07-05T00:00:00,0001000049,Z100,Z03,ZAR
4500008396,AN,2025-11-26T00:00:00,0001000049,Z100,Z03,ZAR
4500008397,AN,2025-12-28T00:00:00,0001000055,Z100,Z03,ZAR
4500008398,AN,2025-10-31T00:00:00,0001000055,Z100,Z02,ZAR
4500008399,WK,2026-02-18T00:00:00,0001000055,Z100,Z01,ZAR
4500008400,AN,2026-06-13T00:00:00,0001000055,Z100,Z01,ZAR
4500008401,AN,2026-01-21T00:00:00,0001000029,Z100,Z01,ZAR
4500008402,WK,2026-04-09T00:00:00,0001000029,Z100,Z02,ZAR
4500008403,ZDOM,2026-07-04T00:00:00,0001000033,Z100,Z03,ZAR
4500008404,WK,2026-07-26T00:00:00,0001000033,Z100,Z01,ZAR
4500008405,ZDOM,2026-01-11T00:00:00,0001000030,Z100,Z03,ZAR
4500008406,AN,2026-01-21T00:00:00,0001000051,Z100,Z02,ZAR
4500008407,WK,2025-12-08T00:00:00,0001000011,Z100,Z03,ZAR
4500008408,ZDOM,2026-01-11T00:00:00,0001000011,Z100,Z03,ZAR
4500008409,AN,2025-11-09T00:00:00,0001000011,Z100,Z03,ZAR
4500008410,WK,2025-08-17T00:00:00,0001000023,Z100,Z03,ZAR
4500008411,AN,2025-11-25T00:00:00,0001000023,Z100,Z01,ZAR
4500008412,ZDOM,2026-04-13T00:00:00,0001000023,Z100,Z02,ZAR
4500008413,ZDOM,2025-12-25T00:00:00,0001000023,Z100,Z03,ZAR
4500008414,AN,2025-10-06T00:00:00,0001000017,Z100,Z03,ZAR
4500008415,WK,2026-01-18T00:00:00,0001000018,Z100,Z02,ZAR
4500008416,ZDOM,2025-12-03T00:00:00,0001000035,Z100,Z02,ZAR
4500008417,AN,2026-01-01T00:00:00,0001000041,Z100,Z03,ZAR
4500008418,AN,2026-03-16T00:00:00,0001000041,Z100,Z01,ZAR
4500008419,ZDOM,2026-03-11T00:00:00,0001000041,Z100,Z03,ZAR
4500008420,WK,2026-06-27T00:00:00,0001000041,Z100,Z01,ZAR
4500008421,AN,2026-03-15T00:00:00,0001000041,Z100,Z01,ZAR
4500008422,ZDOM,2026-02-03T00:00:00,0001000041,Z100,Z03,ZAR
4500008423,WK,2026-06-16T00:00:00,0001000043,Z100,Z03,ZAR
4500008424,AN,2025-10-04T00:00:00,0001000054,Z100,Z02,ZAR
4500008425,AN,2025-11-11T00:00:00,0001000054,Z100,Z02,ZAR
4500008426,AN,2026-06-29T00:00:00,0001000031,Z100,Z01,ZAR
4500008427,ZDOM,2026-06-12T00:00:00,0001000031,Z100,Z03,ZAR
4500008428,ZDOM,2025-10-20T00:00:00,0001000031,Z100,Z03,ZAR
4500008429,WK,2026-04-17T00:00:00,0001000039,Z100,Z02,ZAR
4500008430,WK,2025-10-27T00:00:00,0001000039,Z100,Z01,ZAR
4500008431,WK,2025-10-23T00:00:00,0001000039,Z100,Z02,ZAR
4500008432,WK,2025-12-01T00:00:00,0001000001,Z100,Z01,ZAR
4500008433,AN,2025-12-07T00:00:00,0001000001,Z100,Z02,ZAR
4500008434,ZDOM,2026-01-14T00:00:00,0001000018,Z100,Z02,ZAR
4500008435,WK,2026-03-25T00:00:00,0001000018,Z100,Z02,ZAR
4500008436,AN,2026-03-24T00:00:00,0001000033,Z100,Z02,ZAR
4500008437,AN,2026-03-11T00:00:00,0001000033,Z100,Z01,ZAR
4500008438,AN,2026-05-21T00:00:00,0001000033,Z100,Z03,ZAR
4500008439,ZDOM,2026-01-09T00:00:00,0001000029,Z100,Z01,ZAR
4500008440,AN,2026-04-18T00:00:00,0001000029,Z100,Z03,ZAR
4500008441,WK,2026-01-08T00:00:00,0001000039,Z100,Z02,ZAR
4500008442,AN,2025-09-30T00:00:00,0001000039,Z100,Z02,ZAR
4500008443,ZDOM,2026-04-14T00:00:00,0001000039,Z100,Z02,ZAR
4500008444,ZDOM,2026-07-19T00:00:00,0001000017,Z100,Z02,ZAR
4500008445,ZDOM,2026-05-12T00:00:00,0001000017,Z100,Z02,ZAR
4500008446,WK,2025-12-10T00:00:00,0001000025,Z100,Z02,ZAR
4500008447,AN,2026-07-22T00:00:00,0001000025,Z100,Z02,ZAR
4500008448,AN,2026-05-28T00:00:00,0001000025,Z100,Z01,ZAR
4500008449,AN,2025-09-19T00:00:00,0001000054,Z100,Z02,ZAR
4500008450,AN,2026-02-21T00:00:00,0001000037,Z100,Z01,ZAR
4500008451,AN,2026-06-22T00:00:00,0001000009,Z100,Z02,ZAR
4500008452,ZDOM,2026-01-07T00:00:00,0001000009,Z100,Z02,ZAR
4500008453,AN,2025-12-22T00:00:00,0001000009,Z100,Z02,ZAR
4500008454,ZDOM,2026-07-15T00:00:00,0001000009,Z100,Z01,ZAR
4500008455,WK,2026-07-09T00:00:00,0001000009,Z100,Z02,ZAR
4500008456,AN,2026-03-15T00:00:00,0001000009,Z100,Z01,ZAR
4500008457,WK,2026-02-14T00:00:00,0001000043,Z100,Z02,ZAR
4500008458,ZDOM,2025-12-14T00:00:00,0001000023,Z100,Z03,ZAR
4500008459,WK,2025-11-06T00:00:00,0001000025,Z100,Z02,ZAR
4500008460,AN,2026-01-28T00:00:00,0001000025,Z100,Z02,ZAR
4500008461,WK,2026-03-13T00:00:00,0001000050,Z100,Z02,ZAR
4500008462,AN,2026-05-08T00:00:00,0001000050,Z100,Z02,ZAR
4500008463,AN,2026-01-07T00:00:00,0001000002,Z100,Z01,ZAR
4500008464,ZDOM,2025-09-24T00:00:00,0001000002,Z100,Z02,ZAR
4500008465,ZDOM,2026-01-24T00:00:00,0001000013,Z100,Z03,ZAR
4500008466,WK,2026-03-24T00:00:00,0001000013,Z100,Z03,ZAR
4500008467,ZDOM,2026-07-06T00:00:00,0001000053,Z100,Z01,ZAR
4500008468,WK,2026-01-09T00:00:00,0001000053,Z100,Z03,ZAR
4500008469,AN,2025-09-16T00:00:00,0001000022,Z100,Z03,ZAR
4500008470,AN,2026-01-08T00:00:00,0001000022,Z100,Z03,ZAR
4500008471,AN,2025-09-07T00:00:00,0001000022,Z100,Z01,ZAR
4500008472,AN,2025-10-11T00:00:00,0001000022,Z100,Z03,ZAR
4500008473,AN,2025-11-10T00:00:00,0001000022,Z100,Z01,ZAR
4500008474,AN,2025-06-18T00:00:00,0001000022,Z100,Z01,ZAR
4500008475,AN,2025-09-17T00:00:00,0001000023,Z100,Z01,ZAR
4500008476,WK,2026-05-14T00:00:00,0001000023,Z100,Z01,ZAR
4500008477,AN,2026-06-20T00:00:00,0001000045,Z100,Z02,ZAR
4500008478,ZDOM,2025-12-21T00:00:00,0001000045,Z100,Z02,ZAR
4500008479,WK,2026-01-13T00:00:00,0001000045,Z100,Z02,ZAR
4500008480,WK,2025-10-05T00:00:00,0001000057,Z100,Z01,ZAR
4500008481,ZDOM,2026-05-03T00:00:00,0001000057,Z100,Z01,ZAR
4500008482,WK,2025-12-20T00:00:00,0001000057,Z100,Z01,ZAR
4500008483,WK,2026-02-18T00:00:00,0001000057,Z100,Z03,ZAR
4500008484,ZDOM,2025-12-18T00:00:00,0001000009,Z100,Z02,ZAR
4500008485,WK,2026-08-01T00:00:00,0001000033,Z100,Z03,ZAR
4500008486,ZDOM,2026-03-04T00:00:00,0001000033,Z100,Z01,ZAR
4500008487,WK,2026-01-16T00:00:00,0001000034,Z100,Z02,ZAR
4500008488,WK,2026-01-07T00:00:00,0001000034,Z100,Z03,ZAR
4500008489,AN,2026-04-17T00:00:00,0001000055,Z100,Z03,ZAR
4500008490,ZDOM,2025-12-10T00:00:00,0001000055,Z100,Z03,ZAR
4500008491,AN,2025-11-16T00:00:00,0001000054,Z100,Z02,ZAR
4500008492,WK,2025-11-09T00:00:00,0001000054,Z100,Z01,ZAR
4500008493,ZDOM,2025-11-15T00:00:00,0001000054,Z100,Z01,ZAR
4500008494,WK,2025-12-17T00:00:00,0001000021,Z100,Z02,ZAR
4500008495,AN,2026-01-11T00:00:00,0001000021,Z100,Z01,ZAR
4500008496,AN,2026-01-18T00:00:00,0001000021,Z100,Z01,ZAR
4500008497,ZDOM,2025-08-27T00:00:00,0001000005,Z100,Z03,ZAR
4500008498,AN,2025-12-04T00:00:00,0001000005,Z100,Z03,ZAR
4500008499,WK,2025-11-10T00:00:00,0001000027,Z100,Z01,ZAR
4500008500,ZDOM,2026-05-06T00:00:00,0001000027,Z100,Z03,ZAR
4500008501,AN,2026-05-05T00:00:00,0001000027,Z100,Z01,ZAR
4500008502,AN,2025-07-11T00:00:00,0001000006,Z100,Z01,ZAR
4500008503,WK,2025-08-02T00:00:00,0001000006,Z100,Z02,ZAR
4500008504,WK,2025-10-05T00:00:00,0001000006,Z100,Z03,ZAR
4500008505,WK,2026-02-20T00:00:00,0001000009,Z100,Z01,ZAR
4500008506,WK,2026-02-28T00:00:00,0001000033,Z100,Z03,ZAR
4500008507,AN,2026-01-16T00:00:00,0001000033,Z100,Z03,ZAR
4500008508,AN,2025-11-15T00:00:00,0001000033,Z100,Z01,ZAR
4500008509,ZDOM,2026-05-24T00:00:00,0001000006,Z100,Z01,ZAR
4500008510,ZDOM,2026-05-02T00:00:00,0001000006,Z100,Z01,ZAR
4500008511,ZDOM,2026-02-15T00:00:00,0001000051,Z100,Z01,ZAR
4500008512,AN,2025-09-17T00:00:00,0001000039,Z100,Z03,ZAR
4500008513,WK,2026-03-29T00:00:00,0001000039,Z100,Z02,ZAR
4500008514,ZDOM,2025-12-26T00:00:00,0001000039,Z100,Z03,ZAR
4500008515,AN,2026-05-14T00:00:00,0001000041,Z100,Z02,ZAR
4500008516,AN,2026-04-17T00:00:00,0001000041,Z100,Z02,ZAR
4500008517,AN,2025-10-01T00:00:00,0001000018,Z100,Z02,ZAR
4500008518,ZDOM,2025-12-10T00:00:00,0001000018,Z100,Z01,ZAR
4500008519,AN,2025-12-28T00:00:00,0001000018,Z100,Z01,ZAR
4500008520,AN,2025-07-11T00:00:00,0001000018,Z100,Z03,ZAR
4500008521,AN,2025-10-05T00:00:00,0001000017,Z100,Z02,ZAR
4500008522,ZDOM,2025-08-03T00:00:00,0001000017,Z100,Z01,ZAR
4500008523,WK,2025-09-17T00:00:00,0001000017,Z100,Z01,ZAR
4500008524,AN,2025-09-17T00:00:00,0001000034,Z100,Z01,ZAR
4500008525,ZDOM,2026-05-31T00:00:00,0001000057,Z100,Z02,ZAR
4500008526,ZDOM,2026-04-29T00:00:00,0001000057,Z100,Z01,ZAR
4500008527,WK,2026-02-17T00:00:00,0001000047,Z100,Z03,ZAR
4500008528,AN,2025-08-12T00:00:00,0001000047,Z100,Z03,ZAR
4500008529,WK,2026-02-04T00:00:00,0001000047,Z100,Z01,ZAR
4500008530,AN,2026-03-13T00:00:00,0001000033,Z100,Z01,ZAR
4500008531,AN,2025-12-25T00:00:00,0001000014,Z100,Z03,ZAR
4500008532,AN,2025-09-22T00:00:00,0001000014,Z100,Z02,ZAR
4500008533,WK,2026-08-01T00:00:00,0001000051,Z100,Z02,ZAR
4500008534,WK,2026-05-02T00:00:00,0001000051,Z100,Z02,ZAR
4500008535,AN,2026-04-26T00:00:00,0001000001,Z100,Z01,ZAR
4500008536,WK,2026-01-19T00:00:00,0001000001,Z100,Z01,ZAR
4500008537,WK,2025-11-29T00:00:00,0001000001,Z100,Z02,ZAR
4500008538,AN,2026-01-24T00:00:00,0001000001,Z100,Z03,ZAR
4500008539,AN,2026-03-02T00:00:00,0001000045,Z100,Z02,ZAR
4500008540,AN,2026-03-17T00:00:00,0001000045,Z100,Z01,ZAR
4500008541,WK,2026-04-14T00:00:00,0001000026,Z100,Z03,ZAR
4500008542,WK,2026-01-20T00:00:00,0001000018,Z100,Z03,ZAR
4500008543,WK,2026-03-09T00:00:00,0001000018,Z100,Z01,ZAR
4500008544,WK,2026-02-11T00:00:00,0001000018,Z100,Z03,ZAR
4500008545,WK,2026-02-21T00:00:00,0001000059,Z100,Z03,ZAR
4500008546,AN,2026-06-26T00:00:00,0001000001,Z100,Z03,ZAR
4500008547,ZDOM,2025-11-13T00:00:00,0001000001,Z100,Z02,ZAR
4500008548,AN,2026-05-25T00:00:00,0001000001,Z100,Z03,ZAR
4500008549,WK,2025-10-02T00:00:00,0001000033,Z100,Z02,ZAR
4500008550,AN,2025-06-21T00:00:00,0001000033,Z100,Z01,ZAR
4500008551,AN,2026-01-14T00:00:00,0001000033,Z100,Z02,ZAR
4500008552,WK,2026-05-11T00:00:00,0001000025,Z100,Z01,ZAR
4500008553,AN,2026-04-29T00:00:00,0001000025,Z100,Z02,ZAR
4500008554,WK,2025-09-28T00:00:00,0001000035,Z100,Z02,ZAR
4500008555,ZDOM,2026-01-16T00:00:00,0001000035,Z100,Z03,ZAR
4500008556,ZDOM,2025-12-06T00:00:00,0001000015,Z100,Z01,ZAR
4500008557,AN,2026-04-29T00:00:00,0001000015,Z100,Z02,ZAR
4500008558,WK,2026-04-16T00:00:00,0001000005,Z100,Z02,ZAR
4500008559,ZDOM,2025-11-18T00:00:00,0001000005,Z100,Z02,ZAR
4500008560,AN,2025-11-16T00:00:00,0001000059,Z100,Z03,ZAR
4500008561,ZDOM,2026-03-06T00:00:00,0001000059,Z100,Z01,ZAR
4500008562,ZDOM,2025-12-10T00:00:00,0001000059,Z100,Z01,ZAR
4500008563,AN,2025-09-21T00:00:00,0001000059,Z100,Z02,ZAR
4500008564,ZDOM,2026-02-22T00:00:00,0001000029,Z100,Z01,ZAR
4500008565,WK,2026-06-24T00:00:00,0001000029,Z100,Z01,ZAR
4500008566,ZDOM,2026-04-15T00:00:00,0001000029,Z100,Z03,ZAR
4500008567,ZDOM,2026-03-12T00:00:00,0001000051,Z100,Z01,ZAR
4500008568,AN,2025-12-13T00:00:00,0001000051,Z100,Z03,ZAR
4500008569,AN,2026-05-25T00:00:00,0001000007,Z100,Z01,ZAR
4500008570,WK,2026-04-24T00:00:00,0001000007,Z100,Z02,ZAR
4500008571,ZDOM,2025-10-09T00:00:00,0001000001,Z100,Z02,ZAR
4500008572,ZDOM,2025-12-08T00:00:00,0001000001,Z100,Z02,ZAR
4500008573,ZDOM,2026-03-26T00:00:00,0001000001,Z100,Z01,ZAR
4500008574,ZDOM,2025-10-21T00:00:00,0001000001,Z100,Z02,ZAR
4500008575,WK,2026-02-17T00:00:00,0001000049,Z100,Z02,ZAR
4500008576,WK,2026-03-18T00:00:00,0001000049,Z100,Z02,ZAR
4500008577,WK,2026-06-02T00:00:00,0001000049,Z100,Z01,ZAR
4500008578,WK,2026-06-09T00:00:00,0001000049,Z100,Z03,ZAR
4500008579,WK,2025-07-13T00:00:00,0001000015,Z100,Z03,ZAR
4500008580,WK,2026-05-17T00:00:00,0001000047,Z100,Z02,ZAR
4500008581,AN,2026-05-27T00:00:00,0001000047,Z100,Z01,ZAR
4500008582,AN,2026-01-31T00:00:00,0001000047,Z100,Z02,ZAR
4500008583,AN,2025-10-23T00:00:00,0001000047,Z100,Z03,ZAR
4500008584,WK,2026-06-07T00:00:00,0001000053,Z100,Z02,ZAR
4500008585,WK,2025-11-29T00:00:00,0001000053,Z100,Z02,ZAR
4500008586,WK,2026-02-07T00:00:00,0001000051,Z100,Z03,ZAR
4500008587,WK,2025-11-13T00:00:00,0001000051,Z100,Z01,ZAR
4500008588,ZDOM,2025-11-01T00:00:00,0001000051,Z100,Z02,ZAR
4500008589,AN,2025-10-27T00:00:00,0001000035,Z100,Z01,ZAR
4500008590,ZDOM,2026-06-10T00:00:00,0001000035,Z100,Z03,ZAR
4500008591,WK,2025-12-25T00:00:00,0001000023,Z100,Z01,ZAR
4500008592,ZDOM,2026-05-04T00:00:00,0001000023,Z100,Z01,ZAR
4500008593,WK,2026-03-09T00:00:00,0001000006,Z100,Z02,ZAR
4500008594,WK,2025-06-15T00:00:00,0001000006,Z100,Z03,ZAR
4500008595,WK,2025-12-22T00:00:00,0001000051,Z100,Z02,ZAR
4500008596,ZDOM,2025-07-25T00:00:00,0001000047,Z100,Z02,ZAR
4500008597,ZDOM,2026-07-20T00:00:00,0001000014,Z100,Z01,ZAR
4500008598,AN,2025-12-29T00:00:00,0001000014,Z100,Z02,ZAR
4500008599,AN,2026-05-11T00:00:00,0001000011,Z100,Z01,ZAR
4500008600,AN,2026-03-17T00:00:00,0001000010,Z100,Z02,ZAR
4500008601,ZDOM,2026-01-04T00:00:00,0001000010,Z100,Z02,ZAR
4500008602,AN,2025-07-11T00:00:00,0001000010,Z100,Z02,ZAR
4500008603,AN,2025-08-23T00:00:00,0001000057,Z100,Z01,ZAR
4500008604,AN,2026-03-16T00:00:00,0001000057,Z100,Z02,ZAR
4500008605,WK,2025-07-12T00:00:00,0001000022,Z100,Z01,ZAR
4500008606,ZDOM,2025-08-24T00:00:00,0001000022,Z100,Z01,ZAR
4500008607,WK,2026-01-12T00:00:00,0001000017,Z100,Z02,ZAR
4500008608,ZDOM,2026-03-01T00:00:00,0001000017,Z100,Z01,ZAR
4500008609,AN,2025-12-27T00:00:00,0001000008,Z100,Z02,ZAR
4500008610,ZREP,2026-03-29T00:00:00,0001000036,Z100,Z03,ZAR
4500008611,ZREP,2026-08-27T00:00:00,0001000008,Z100,Z03,ZAR
4500008612,ZREP,2025-11-12T00:00:00,0001000008,Z100,Z01,ZAR
4500008613,ZREP,2026-04-27T00:00:00,0001000000,Z100,Z03,ZAR
4500008614,ZREP,2026-08-24T00:00:00,0001000032,Z100,Z02,ZAR
4500008615,ZREP,2026-03-14T00:00:00,0001000056,Z100,Z03,ZAR
4500008616,ZREP,2026-01-05T00:00:00,0001000016,Z100,Z03,ZAR
4500008617,ZREP,2026-09-01T00:00:00,0001000008,Z100,Z03,ZAR
4500008618,ZREP,2026-08-29T00:00:00,0001000000,Z100,Z02,ZAR
4500008619,ZREP,2026-04-29T00:00:00,0001000044,Z100,Z01,ZAR
4500008620,ZREP,2026-03-18T00:00:00,0001000036,Z100,Z03,ZAR
4500008621,AN,2025-12-09T00:00:00,0001000032,Z100,Z02,ZAR
4500008622,ZREP,2026-04-07T00:00:00,0001000048,Z100,Z02,ZAR
4500008623,ZREP,2026-08-21T00:00:00,0001000016,Z100,Z01,ZAR
4500008624,ZREP,2026-03-27T00:00:00,0001000052,Z100,Z03,ZAR
4500008625,ZREP,2026-05-23T00:00:00,0001000032,Z100,Z03,ZAR
4500008626,ZDOM,2026-07-18T00:00:00,0001000032,Z100,Z03,ZAR
4500008627,ZREP,2026-05-30T00:00:00,0001000048,Z100,Z01,ZAR
4500008628,ZREP,2026-08-08T00:00:00,0001000000,Z100,Z01,ZAR
4500008629,ZREP,2026-06-15T00:00:00,0001000000,Z100,Z03,ZAR
4500008630,ZREP,2026-06-18T00:00:00,0001000048,Z100,Z03,ZAR
4500008631,ZREP,2025-12-30T00:00:00,0001000052,Z100,Z01,ZAR
4500008632,ZREP,2026-04-20T00:00:00,0001000004,Z100,Z01,ZAR
4500008633,ZREP,2026-07-31T00:00:00,0001000024,Z100,Z03,ZAR
4500008634,ZREP,2025-11-25T00:00:00,0001000008,Z100,Z01,ZAR
4500008635,ZREP,2026-08-06T00:00:00,0001000028,Z100,Z01,ZAR
4500008636,ZREP,2026-04-26T00:00:00,0001000048,Z100,Z03,ZAR
4500008637,ZREP,2026-03-25T00:00:00,0001000008,Z100,Z01,ZAR
4500008638,ZREP,2026-04-05T00:00:00,0001000012,Z100,Z02,ZAR
4500008639,ZREP,2026-03-06T00:00:00,0001000016,Z100,Z01,ZAR
4500008640,ZREP,2026-01-22T00:00:00,0001000016,Z100,Z02,ZAR
4500008641,AN,2026-07-12T00:00:00,0001000056,Z100,Z01,ZAR
4500008642,ZREP,2026-09-02T00:00:00,0001000036,Z100,Z01,ZAR
4500008643,ZREP,2026-07-10T00:00:00,0001000044,Z100,Z01,ZAR
4500008644,ZREP,2026-02-21T00:00:00,0001000040,Z100,Z03,ZAR
4500008645,ZREP,2025-10-17T00:00:00,0001000004,Z100,Z02,ZAR
4500008646,AN,2025-12-30T00:00:00,0001000024,Z100,Z02,ZAR
4500008647,WK,2025-12-25T00:00:00,0001000024,Z100,Z01,ZAR
4500008648,ZREP,2026-01-18T00:00:00,0001000004,Z100,Z02,ZAR
4500008649,ZREP,2026-04-24T00:00:00,0001000000,Z100,Z03,ZAR
4500008650,ZREP,2026-05-23T00:00:00,0001000028,Z100,Z03,ZAR
4500008651,ZREP,2026-03-11T00:00:00,0001000032,Z100,Z01,ZAR
4500008652,ZREP,2025-12-21T00:00:00,0001000056,Z100,Z01,ZAR
4500008653,ZREP,2026-08-12T00:00:00,0001000004,Z100,Z03,ZAR
4500008654,ZDOM,2026-06-21T00:00:00,0001000016,Z100,Z03,ZAR
4500008655,ZREP,2026-08-27T00:00:00,0001000036,Z100,Z01,ZAR
4500008656,ZREP,2026-03-13T00:00:00,0001000048,Z100,Z02,ZAR
4500008657,ZREP,2026-06-14T00:00:00,0001000056,Z100,Z01,ZAR
4500008658,ZREP,2026-07-26T00:00:00,0001000016,Z100,Z01,ZAR
4500008659,ZDOM,2026-07-19T00:00:00,0001000000,Z100,Z02,ZAR
4500008660,ZREP,2026-05-18T00:00:00,0001000020,Z100,Z01,ZAR
4500008661,AN,2025-11-28T00:00:00,0001000004,Z100,Z01,ZAR
4500008662,ZREP,2026-06-05T00:00:00,0001000020,Z100,Z01,ZAR
4500008663,ZREP,2026-05-19T00:00:00,0001000044,Z100,Z03,ZAR
4500008664,ZREP,2026-07-06T00:00:00,0001000052,Z100,Z03,ZAR
4500008665,ZREP,2026-08-15T00:00:00,0001000016,Z100,Z01,ZAR
4500008666,ZREP,2026-07-21T00:00:00,0001000032,Z100,Z02,ZAR
4500008667,ZREP,2026-09-01T00:00:00,0001000024,Z100,Z02,ZAR
4500008668,ZREP,2026-07-07T00:00:00,0001000032,Z100,Z03,ZAR
4500008669,AN,2026-01-17T00:00:00,0001000004,Z100,Z02,ZAR
4500008670,ZREP,2026-02-22T00:00:00,0001000008,Z100,Z03,ZAR
4500008671,ZREP,2026-05-27T00:00:00,0001000032,Z100,Z02,ZAR
4500008672,ZREP,2026-05-12T00:00:00,0001000008,Z100,Z02,ZAR
4500008673,ZREP,2025-11-26T00:00:00,0001000044,Z100,Z02,ZAR
4500008674,ZREP,2026-06-18T00:00:00,0001000008,Z100,Z03,ZAR
4500008675,ZREP,2026-05-10T00:00:00,0001000056,Z100,Z02,ZAR
4500008676,ZREP,2025-11-22T00:00:00,0001000004,Z100,Z01,ZAR
4500008677,ZREP,2026-05-05T00:00:00,0001000028,Z100,Z01,ZAR
4500008678,ZREP,2026-03-09T00:00:00,0001000048,Z100,Z02,ZAR
4500008679,ZREP,2026-06-08T00:00:00,0001000012,Z100,Z01,ZAR
4500008680,ZREP,2026-02-15T00:00:00,0001000000,Z100,Z01,ZAR
4500008681,ZREP,2026-04-05T00:00:00,0001000016,Z100,Z01,ZAR
4500008682,ZREP,2026-08-21T00:00:00,0001000032,Z100,Z03,ZAR
4500008683,ZREP,2026-05-10T00:00:00,0001000028,Z100,Z03,ZAR
4500008684,ZREP,2026-06-15T00:00:00,0001000040,Z100,Z02,ZAR
4500008685,ZREP,2026-05-18T00:00:00,0001000044,Z100,Z02,ZAR
4500008686,ZREP,2026-06-13T00:00:00,0001000000,Z100,Z01,ZAR
4500008687,ZREP,2026-07-09T00:00:00,0001000004,Z100,Z02,ZAR
4500008688,ZREP,2026-03-09T00:00:00,0001000020,Z100,Z01,ZAR
4500008689,WK,2025-11-26T00:00:00,0001000044,Z100,Z03,ZAR
4500008690,ZREP,2026-03-12T00:00:00,0001000036,Z100,Z02,ZAR
4500008691,WK,2026-06-03T00:00:00,0001000012,Z100,Z02,ZAR
4500008692,AN,2026-01-09T00:00:00,0001000016,Z100,Z03,ZAR
4500008693,ZREP,2026-04-07T00:00:00,0001000032,Z100,Z01,ZAR
4500008694,ZREP,2026-08-02T00:00:00,0001000024,Z100,Z02,ZAR
4500008695,ZREP,2026-01-22T00:00:00,0001000056,Z100,Z01,ZAR
4500008696,ZREP,2026-04-11T00:00:00,0001000020,Z100,Z03,ZAR
4500008697,AN,2025-12-17T00:00:00,0001000048,Z100,Z01,ZAR
4500008698,ZREP,2026-06-23T00:00:00,0001000020,Z100,Z03,ZAR
4500008699,ZREP,2026-07-03T00:00:00,0001000040,Z100,Z01,ZAR
4500008700,ZREP,2026-02-02T00:00:00,0001000012,Z100,Z01,ZAR
4500008701,ZREP,2026-07-07T00:00:00,0001000044,Z100,Z02,ZAR
4500008702,ZREP,2026-04-23T00:00:00,0001000052,Z100,Z03,ZAR
4500008703,AN,2026-05-04T00:00:00,0001000012,Z100,Z01,ZAR
4500008704,ZREP,2026-05-02T00:00:00,0001000012,Z100,Z03,ZAR
4500008705,ZREP,2026-07-07T00:00:00,0001000020,Z100,Z02,ZAR
4500008706,AN,2026-03-08T00:00:00,0001000040,Z100,Z01,ZAR
4500008707,ZREP,2026-06-01T00:00:00,0001000024,Z100,Z01,ZAR
4500008708,ZREP,2026-08-27T00:00:00,0001000028,Z100,Z03,ZAR
4500008709,WK,2026-04-06T00:00:00,0001000048,Z100,Z01,ZAR
4500008710,ZREP,2026-05-23T00:00:00,0001000048,Z100,Z01,ZAR
4500008711,ZREP,2026-08-30T00:00:00,0001000052,Z100,Z01,ZAR
4500008712,ZREP,2026-03-10T00:00:00,0001000052,Z100,Z01,ZAR
4500008713,ZREP,2026-07-12T00:00:00,0001000028,Z100,Z03,ZAR
4500008714,ZREP,2026-06-11T00:00:00,0001000000,Z100,Z03,ZAR
4500008715,ZREP,2026-04-18T00:00:00,0001000052,Z100,Z01,ZAR
4500008716,ZREP,2026-08-01T00:00:00,0001000020,Z100,Z02,ZAR
4500008717,ZREP,2025-12-15T00:00:00,0001000056,Z100,Z03,ZAR
4500008718,ZREP,2026-06-05T00:00:00,0001000056,Z100,Z03,ZAR
4500008719,ZREP,2026-03-13T00:00:00,0001000056,Z100,Z02,ZAR
4500008720,ZREP,2026-08-04T00:00:00,0001000052,Z100,Z02,ZAR
4500008721,ZREP,2026-08-08T00:00:00,0001000044,Z100,Z02,ZAR
4500008722,ZREP,2026-08-15T00:00:00,0001000028,Z100,Z03,ZAR
4500008723,ZREP,2026-03-28T00:00:00,0001000028,Z100,Z02,ZAR
4500008724,ZREP,2026-03-08T00:00:00,0001000036,Z100,Z01,ZAR
4500008725,ZREP,2026-04-19T00:00:00,0001000024,Z100,Z02,ZAR
4500008726,ZREP,2026-08-15T00:00:00,0001000000,Z100,Z01,ZAR
4500008727,ZREP,2026-08-09T00:00:00,0001000004,Z100,Z01,ZAR
4500008728,ZREP,2026-09-01T00:00:00,0001000052,Z100,Z01,ZAR
4500008729,ZREP,2026-07-22T00:00:00,0001000040,Z100,Z02,ZAR
4500008730,ZREP,2026-06-22T00:00:00,0001000052,Z100,Z02,ZAR
4500008731,ZREP,2025-11-18T00:00:00,0001000020,Z100,Z03,ZAR
4500008732,ZREP,2026-08-10T00:00:00,0001000032,Z100,Z03,ZAR
4500008733,ZREP,2026-08-25T00:00:00,0001000000,Z100,Z03,ZAR
4500008734,AN,2026-02-11T00:00:00,0001000040,Z100,Z01,ZAR
4500008735,ZREP,2026-03-24T00:00:00,0001000052,Z100,Z01,ZAR
4500008736,ZREP,2026-01-08T00:00:00,0001000052,Z100,Z03,ZAR
4500008737,ZREP,2026-06-02T00:00:00,0001000056,Z100,Z03,ZAR
4500008738,ZREP,2026-05-19T00:00:00,0001000048,Z100,Z03,ZAR
4500008739,AN,2026-06-06T00:00:00,0001000000,Z100,Z03,ZAR
4500008740,ZREP,2026-08-30T00:00:00,0001000052,Z100,Z02,ZAR
4500008741,ZREP,2026-02-22T00:00:00,0001000040,Z100,Z03,ZAR
4500008742,ZREP,2026-08-22T00:00:00,0001000052,Z100,Z03,ZAR
4500008743,ZREP,2025-12-08T00:00:00,0001000028,Z100,Z03,ZAR
4500008744,AN,2026-01-07T00:00:00,0001000048,Z100,Z02,ZAR
4500008745,AN,2026-08-04T00:00:00,0001000048,Z100,Z02,ZAR
4500008746,ZREP,2026-04-29T00:00:00,0001000008,Z100,Z02,ZAR
4500008747,ZREP,2026-03-06T00:00:00,0001000008,Z100,Z03,ZAR
4500008748,ZREP,2026-09-04T00:00:00,0001000040,Z100,Z02,ZAR
4500008749,AN,2026-02-19T00:00:00,0001000056,Z100,Z02,ZAR
4500008750,ZREP,2026-02-06T00:00:00,0001000000,Z100,Z02,ZAR
4500008751,ZREP,2026-08-09T00:00:00,0001000032,Z100,Z01,ZAR
4500008752,AN,2026-06-17T00:00:00,0001000044,Z100,Z03,ZAR
4500008753,ZREP,2026-03-26T00:00:00,0001000036,Z100,Z02,ZAR
4500008754,ZREP,2026-05-06T00:00:00,0001000040,Z100,Z01,ZAR
4500008755,ZREP,2025-11-03T00:00:00,0001000016,Z100,Z03,ZAR
4500008756,ZREP,2026-05-07T00:00:00,0001000000,Z100,Z02,ZAR
4500008757,ZREP,2026-05-04T00:00:00,0001000040,Z100,Z03,ZAR
4500008758,ZREP,2026-02-03T00:00:00,0001000004,Z100,Z01,ZAR
4500008759,ZREP,2025-11-09T00:00:00,0001000016,Z100,Z01,ZAR
4500008760,ZREP,2026-04-28T00:00:00,0001000036,Z100,Z03,ZAR
4500008761,ZREP,2026-05-07T00:00:00,0001000008,Z100,Z02,ZAR
4500008762,ZREP,2026-06-19T00:00:00,0001000008,Z100,Z02,ZAR
4500008763,ZREP,2026-04-17T00:00:00,0001000044,Z100,Z02,ZAR
4500008764,ZREP,2026-04-26T00:00:00,0001000040,Z100,Z02,ZAR
4500008765,ZREP,2026-06-07T00:00:00,0001000012,Z100,Z03,ZAR
4500008766,ZREP,2026-06-04T00:00:00,0001000040,Z100,Z02,ZAR
4500008767,ZREP,2025-11-25T00:00:00,0001000008,Z100,Z01,ZAR
4500008768,ZREP,2026-07-17T00:00:00,0001000004,Z100,Z01,ZAR
4500008769,ZREP,2026-03-16T00:00:00,0001000052,Z100,Z03,ZAR
4500008770,ZREP,2025-12-26T00:00:00,0001000032,Z100,Z01,ZAR
4500008771,WK,2026-06-05T00:00:00,0001000008,Z100,Z01,ZAR
4500008772,WK,2025-12-06T00:00:00,0001000000,Z100,Z03,ZAR
4500008773,WK,2026-03-15T00:00:00,0001000032,Z100,Z03,ZAR
4500008774,ZREP,2026-05-21T00:00:00,0001000008,Z100,Z02,ZAR
4500008775,ZREP,2026-06-25T00:00:00,0001000000,Z100,Z01,ZAR
4500008776,ZREP,2025-11-04T00:00:00,0001000036,Z100,Z03,ZAR
4500008777,ZREP,2026-05-17T00:00:00,0001000024,Z100,Z03,ZAR
4500008778,ZREP,2026-05-09T00:00:00,0001000056,Z100,Z03,ZAR
4500008779,ZREP,2026-03-18T00:00:00,0001000024,Z100,Z03,ZAR
4500008780,ZREP,2026-04-24T00:00:00,0001000048,Z100,Z02,ZAR
4500008781,ZREP,2026-07-24T00:00:00,0001000024,Z100,Z03,ZAR
4500008782,ZREP,2026-09-03T00:00:00,0001000020,Z100,Z02,ZAR
4500008783,WK,2026-03-02T00:00:00,0001000040,Z100,Z01,ZAR
4500008784,ZREP,2026-06-11T00:00:00,0001000000,Z100,Z01,ZAR
4500008785,ZREP,2026-01-09T00:00:00,0001000012,Z100,Z03,ZAR
4500008786,ZREP,2026-04-12T00:00:00,0001000028,Z100,Z01,ZAR
4500008787,ZREP,2026-08-25T00:00:00,0001000048,Z100,Z03,ZAR
4500008788,ZREP,2026-08-13T00:00:00,0001000032,Z100,Z02,ZAR
4500008789,ZREP,2026-07-03T00:00:00,0001000036,Z100,Z02,ZAR
4500008790,ZREP,2026-08-27T00:00:00,0001000052,Z100,Z01,ZAR
4500008791,ZDOM,2026-05-29T00:00:00,0001000020,Z100,Z01,ZAR
4500008792,ZREP,2026-07-16T00:00:00,0001000044,Z100,Z02,ZAR
4500008793,ZREP,2026-07-09T00:00:00,0001000024,Z100,Z02,ZAR
4500008794,ZREP,2026-01-25T00:00:00,0001000008,Z100,Z02,ZAR
4500008795,ZREP,2026-05-30T00:00:00,0001000056,Z100,Z03,ZAR
4500008796,WK,2026-07-19T00:00:00,0001000048,Z100,Z03,ZAR
4500008797,ZREP,2025-12-14T00:00:00,0001000004,Z100,Z01,ZAR
4500008798,ZREP,2026-04-25T00:00:00,0001000032,Z100,Z01,ZAR
4500008799,ZREP,2026-05-13T00:00:00,0001000024,Z100,Z01,ZAR
4500008800,ZREP,2026-08-04T00:00:00,0001000056,Z100,Z03,ZAR
4500008801,AN,2026-04-02T00:00:00,0001000028,Z100,Z02,ZAR
4500008802,ZREP,2026-07-18T00:00:00,0001000056,Z100,Z01,ZAR
4500008803,ZREP,2026-07-08T00:00:00,0001000016,Z100,Z03,ZAR
4500008804,ZREP,2026-07-20T00:00:00,0001000032,Z100,Z02,ZAR
4500008805,ZREP,2025-12-04T00:00:00,0001000016,Z100,Z01,ZAR
4500008806,ZREP,2026-04-08T00:00:00,0001000012,Z100,Z02,ZAR
4500008807,ZREP,2026-07-07T00:00:00,0001000020,Z100,Z01,ZAR
4500008808,ZREP,2026-08-03T00:00:00,0001000008,Z100,Z01,ZAR
4500008809,ZREP,2026-06-28T00:00:00,0001000012,Z100,Z01,ZAR
4500008810,ZREP,2026-08-20T00:00:00,0001000032,Z100,Z02,ZAR
4500008811,ZREP,2025-12-23T00:00:00,0001000056,Z100,Z03,ZAR
4500008812,ZREP,2026-08-24T00:00:00,0001000036,Z100,Z03,ZAR
4500008813,WK,2026-02-04T00:00:00,0001000024,Z100,Z02,ZAR
4500008814,WK,2026-05-14T00:00:00,0001000004,Z100,Z01,ZAR
4500008815,ZREP,2026-06-11T00:00:00,0001000028,Z100,Z02,ZAR
4500008816,ZREP,2026-08-03T00:00:00,0001000036,Z100,Z01,ZAR
4500008817,ZREP,2026-07-07T00:00:00,0001000048,Z100,Z03,ZAR
4500008818,ZREP,2026-04-27T00:00:00,0001000028,Z100,Z01,ZAR
4500008819,ZREP,2026-05-21T00:00:00,0001000016,Z100,Z01,ZAR
4500008820,ZREP,2025-12-09T00:00:00,0001000032,Z100,Z02,ZAR
4500008821,ZREP,2026-08-18T00:00:00,0001000016,Z100,Z03,ZAR
4500008822,ZREP,2026-09-07T00:00:00,0001000008,Z100,Z02,ZAR
4500008823,ZREP,2026-06-16T00:00:00,0001000004,Z100,Z03,ZAR
4500008824,ZREP,2026-07-23T00:00:00,0001000020,Z100,Z03,ZAR
4500008825,ZREP,2026-08-08T00:00:00,0001000012,Z100,Z01,ZAR
4500008826,ZREP,2026-08-08T00:00:00,0001000020,Z100,Z03,ZAR
4500008827,ZREP,2026-07-17T00:00:00,0001000056,Z100,Z01,ZAR
4500008828,ZREP,2026-05-04T00:00:00,0001000016,Z100,Z02,ZAR
4500008829,ZREP,2026-05-27T00:00:00,0001000016,Z100,Z03,ZAR
4500008830,ZREP,2026-06-05T00:00:00,0001000024,Z100,Z03,ZAR
4500008831,ZREP,2026-04-16T00:00:00,0001000004,Z100,Z01,ZAR
4500008832,ZREP,2026-08-01T00:00:00,0001000040,Z100,Z01,ZAR
4500008833,ZREP,2026-06-11T00:00:00,0001000000,Z100,Z02,ZAR
4500008834,ZREP,2026-08-13T00:00:00,0001000008,Z100,Z03,ZAR
4500008835,ZREP,2026-06-01T00:00:00,0001000036,Z100,Z03,ZAR
4500008836,ZREP,2026-08-14T00:00:00,0001000012,Z100,Z03,ZAR
4500008837,AN,2026-03-29T00:00:00,0001000040,Z100,Z02,ZAR
4500008838,ZREP,2026-05-20T00:00:00,0001000028,Z100,Z03,ZAR
4500008839,ZREP,2026-04-23T00:00:00,0001000012,Z100,Z02,ZAR
4500008840,ZREP,2026-08-16T00:00:00,0001000032,Z100,Z03,ZAR
4500008841,ZREP,2026-07-10T00:00:00,0001000052,Z100,Z02,ZAR
4500008842,ZREP,2026-06-03T00:00:00,0001000008,Z100,Z01,ZAR
4500008843,ZREP,2026-03-27T00:00:00,0001000024,Z100,Z02,ZAR
4500008844,ZREP,2026-07-06T00:00:00,0001000020,Z100,Z01,ZAR
4500008845,ZREP,2026-06-12T00:00:00,0001000056,Z100,Z03,ZAR
4500008846,ZREP,2026-05-23T00:00:00,0001000052,Z100,Z03,ZAR
4500008847,ZREP,2026-06-13T00:00:00,0001000012,Z100,Z03,ZAR
4500008848,WK,2026-06-21T00:00:00,0001000020,Z100,Z02,ZAR
4500008849,ZREP,2026-05-16T00:00:00,0001000028,Z100,Z02,ZAR
4500008850,AN,2026-07-26T00:00:00,0001000000,Z100,Z01,ZAR
4500008851,ZREP,2026-01-17T00:00:00,0001000048,Z100,Z02,ZAR
4500008852,ZDOM,2026-08-03T00:00:00,0001000020,Z100,Z01,ZAR
4500008853,ZREP,2026-05-09T00:00:00,0001000024,Z100,Z01,ZAR
4500008854,ZREP,2026-07-01T00:00:00,0001000008,Z100,Z03,ZAR
4500008855,AN,2026-07-23T00:00:00,0001000000,Z100,Z02,ZAR
4500008856,ZDOM,2026-04-15T00:00:00,0001000000,Z100,Z02,ZAR
4500008857,ZREP,2026-09-01T00:00:00,0001000028,Z100,Z02,ZAR
4500008858,ZREP,2026-08-15T00:00:00,0001000052,Z100,Z02,ZAR
4500008859,ZREP,2026-08-11T00:00:00,0001000052,Z100,Z03,ZAR
4500008860,ZREP,2026-03-28T00:00:00,0001000000,Z100,Z03,ZAR
4500008861,ZREP,2026-06-24T00:00:00,0001000020,Z100,Z03,ZAR
4500008862,ZREP,2026-08-13T00:00:00,0001000036,Z100,Z03,ZAR
4500008863,ZREP,2026-02-19T00:00:00,0001000028,Z100,Z03,ZAR
4500008864,ZREP,2026-04-18T00:00:00,0001000020,Z100,Z02,ZAR
4500008865,WK,2026-08-22T00:00:00,0001000036,Z100,Z03,ZAR
4500008866,ZREP,2026-01-24T00:00:00,0001000008,Z100,Z01,ZAR
4500008867,ZREP,2025-11-15T00:00:00,0001000004,Z100,Z03,ZAR
4500008868,ZREP,2026-02-18T00:00:00,0001000044,Z100,Z01,ZAR
4500008869,ZDOM,2026-01-04T00:00:00,0001000040,Z100,Z02,ZAR
4500008870,ZREP,2026-06-11T00:00:00,0001000004,Z100,Z03,ZAR
4500008871,ZREP,2026-08-27T00:00:00,0001000000,Z100,Z03,ZAR
4500008872,ZREP,2026-08-29T00:00:00,0001000032,Z100,Z01,ZAR
4500008873,ZREP,2026-05-09T00:00:00,0001000012,Z100,Z02,ZAR
4500008874,ZREP,2026-06-06T00:00:00,0001000016,Z100,Z02,ZAR
4500008875,ZREP,2026-07-11T00:00:00,0001000000,Z100,Z02,ZAR
4500008876,ZREP,2026-08-10T00:00:00,0001000020,Z100,Z02,ZAR
4500008877,ZREP,2026-06-30T00:00:00,0001000000,Z100,Z03,ZAR
4500008878,ZREP,2026-02-13T00:00:00,0001000012,Z100,Z03,ZAR
4500008879,ZREP,2026-05-26T00:00:00,0001000048,Z100,Z01,ZAR
4500008880,ZREP,2026-09-02T00:00:00,0001000012,Z100,Z03,ZAR
4500008881,ZREP,2026-01-12T00:00:00,0001000004,Z100,Z01,ZAR
4500008882,ZREP,2026-06-26T00:00:00,0001000032,Z100,Z03,ZAR
4500008883,ZREP,2026-04-25T00:00:00,0001000024,Z100,Z01,ZAR
4500008884,ZREP,2025-11-27T00:00:00,0001000048,Z100,Z03,ZAR
4500008885,ZREP,2026-03-13T00:00:00,0001000032,Z100,Z01,ZAR
4500008886,ZREP,2026-04-06T00:00:00,0001000048,Z100,Z02,ZAR
4500008887,ZREP,2026-06-30T00:00:00,0001000012,Z100,Z03,ZAR
4500008888,ZREP,2026-04-20T00:00:00,0001000044,Z100,Z02,ZAR
4500008889,ZREP,2025-11-28T00:00:00,0001000012,Z100,Z02,ZAR
4500008890,ZDOM,2026-01-18T00:00:00,0001000020,Z100,Z03,ZAR
4500008891,ZREP,2026-08-25T00:00:00,0001000024,Z100,Z02,ZAR
4500008892,ZREP,2025-12-18T00:00:00,0001000036,Z100,Z01,ZAR
4500008893,ZREP,2026-08-13T00:00:00,0001000056,Z100,Z02,ZAR
4500008894,ZREP,2026-09-06T00:00:00,0001000032,Z100,Z02,ZAR
4500008895,ZREP,2026-06-07T00:00:00,0001000028,Z100,Z01,ZAR
4500008896,ZREP,2025-12-20T00:00:00,0001000052,Z100,Z01,ZAR
4500008897,ZREP,2026-07-14T00:00:00,0001000000,Z100,Z03,ZAR
4500008898,ZREP,2026-05-24T00:00:00,0001000024,Z100,Z03,ZAR
4500008899,ZREP,2026-05-22T00:00:00,0001000024,Z100,Z03,ZAR
4500008900,ZREP,2026-07-10T00:00:00,0001000020,Z100,Z01,ZAR
4500008901,ZREP,2026-08-13T00:00:00,0001000044,Z100,Z01,ZAR
4500008902,ZREP,2026-07-31T00:00:00,0001000044,Z100,Z03,ZAR
4500008903,ZREP,2025-12-24T00:00:00,0001000000,Z100,Z02,ZAR
4500008904,ZREP,2026-06-10T00:00:00,0001000012,Z100,Z02,ZAR
4500008905,ZDOM,2026-04-16T00:00:00,0001000004,Z100,Z03,ZAR
4500008906,ZREP,2025-12-21T00:00:00,0001000056,Z100,Z02,ZAR
4500008907,AN,2025-11-30T00:00:00,0001000040,Z100,Z01,ZAR
4500008908,ZREP,2025-12-31T00:00:00,0001000028,Z100,Z03,ZAR
4500008909,ZREP,2026-05-09T00:00:00,0001000056,Z100,Z02,ZAR
4500008910,WK,2026-02-20T00:00:00,0001000012,Z100,Z03,ZAR
4500008911,ZREP,2026-03-25T00:00:00,0001000004,Z100,Z03,ZAR
4500008912,ZREP,2026-07-30T00:00:00,0001000048,Z100,Z02,ZAR
4500008913,ZREP,2026-08-28T00:00:00,0001000056,Z100,Z01,ZAR
4500008914,ZREP,2025-11-26T00:00:00,0001000016,Z100,Z02,ZAR
4500008915,AN,2026-04-30T00:00:00,0001000004,Z100,Z01,ZAR
4500008916,ZREP,2026-01-15T00:00:00,0001000044,Z100,Z01,ZAR
4500008917,ZREP,2026-09-05T00:00:00,0001000036,Z100,Z01,ZAR
4500008918,ZREP,2026-07-17T00:00:00,0001000044,Z100,Z03,ZAR
4500008919,ZREP,2026-09-07T00:00:00,0001000024,Z100,Z02,ZAR
4500008920,ZREP,2026-09-04T00:00:00,0001000028,Z100,Z02,ZAR
4500008921,ZREP,2026-07-29T00:00:00,0001000016,Z100,Z02,ZAR
4500008922,ZREP,2026-06-10T00:00:00,0001000016,Z100,Z03,ZAR
4500008923,ZREP,2026-04-15T00:00:00,0001000004,Z100,Z02,ZAR
4500008924,ZREP,2026-09-01T00:00:00,0001000032,Z100,Z03,ZAR
4500008925,ZREP,2026-05-18T00:00:00,0001000056,Z100,Z03,ZAR
4500008926,ZREP,2026-07-12T00:00:00,0001000040,Z100,Z02,ZAR
4500008927,ZREP,2026-06-30T00:00:00,0001000028,Z100,Z03,ZAR
4500008928,ZREP,2026-08-20T00:00:00,0001000016,Z100,Z03,ZAR
4500008929,ZREP,2026-07-25T00:00:00,0001000012,Z100,Z01,ZAR
4500008930,ZDOM,2026-02-28T00:00:00,0001000028,Z100,Z03,ZAR
4500008931,ZREP,2026-07-07T00:00:00,0001000032,Z100,Z01,ZAR
4500008932,ZREP,2026-08-23T00:00:00,0001000040,Z100,Z01,ZAR
4500008933,ZDOM,2025-12-22T00:00:00,0001000024,Z100,Z01,ZAR
4500008934,WK,2026-08-02T00:00:00,0001000048,Z100,Z02,ZAR
4500008935,ZREP,2026-08-18T00:00:00,0001000020,Z100,Z02,ZAR
4500008936,ZREP,2026-01-31T00:00:00,0001000004,Z100,Z02,ZAR
4500008937,ZREP,2026-06-08T00:00:00,0001000004,Z100,Z02,ZAR
4500008938,ZREP,2026-05-28T00:00:00,0001000044,Z100,Z02,ZAR
4500008939,ZREP,2026-08-23T00:00:00,0001000020,Z100,Z02,ZAR
4500008940,ZREP,2026-07-03T00:00:00,0001000052,Z100,Z02,ZAR
4500008941,ZREP,2026-04-26T00:00:00,0001000052,Z100,Z02,ZAR
4500008942,ZREP,2025-11-15T00:00:00,0001000048,Z100,Z01,ZAR
4500008943,ZREP,2026-05-06T00:00:00,0001000036,Z100,Z03,ZAR
4500008944,AN,2026-06-15T00:00:00,0001000020,Z100,Z02,ZAR
4500008945,ZREP,2026-01-24T00:00:00,0001000056,Z100,Z03,ZAR
4500008946,ZDOM,2026-08-24T00:00:00,0001000004,Z100,Z02,ZAR
4500008947,ZREP,2026-03-13T00:00:00,0001000016,Z100,Z03,ZAR
4500008948,ZREP,2026-03-30T00:00:00,0001000000,Z100,Z03,ZAR
4500008949,ZREP,2026-06-07T00:00:00,0001000040,Z100,Z02,ZAR
4500008950,ZREP,2026-06-05T00:00:00,0001000056,Z100,Z02,ZAR
4500008951,ZREP,2026-09-01T00:00:00,0001000028,Z100,Z03,ZAR
4500008952,ZDOM,2026-01-31T00:00:00,0001000052,Z100,Z03,ZAR
4500008953,ZREP,2026-01-11T00:00:00,0001000016,Z100,Z03,ZAR
4500008954,ZREP,2026-04-02T00:00:00,0001000008,Z100,Z03,ZAR
4500008955,ZREP,2026-03-05T00:00:00,0001000040,Z100,Z02,ZAR
4500008956,ZREP,2026-02-27T00:00:00,0001000036,Z100,Z02,ZAR
4500008957,ZREP,2026-05-18T00:00:00,0001000024,Z100,Z01,ZAR
4500008958,ZREP,2026-08-20T00:00:00,0001000044,Z100,Z03,ZAR
4500008959,ZREP,2026-07-30T00:00:00,0001000012,Z100,Z02,ZAR
4500008960,WK,2025-12-07T00:00:00,0001000048,Z100,Z02,ZAR
4500008961,ZREP,2026-04-28T00:00:00,0001000012,Z100,Z03,ZAR
4500008962,AN,2025-12-12T00:00:00,0001000012,Z100,Z03,ZAR
4500008963,ZREP,2026-07-26T00:00:00,0001000000,Z100,Z02,ZAR
4500008964,ZREP,2026-07-27T00:00:00,0001000048,Z100,Z03,ZAR
4500008965,ZREP,2026-06-23T00:00:00,0001000020,Z100,Z03,ZAR
4500008966,ZREP,2026-07-28T00:00:00,0001000048,Z100,Z03,ZAR
4500008967,ZREP,2026-08-11T00:00:00,0001000032,Z100,Z02,ZAR
4500008968,ZREP,2026-08-28T00:00:00,0001000052,Z100,Z03,ZAR
4500008969,ZREP,2026-07-15T00:00:00,0001000024,Z100,Z02,ZAR
4500008970,ZREP,2026-07-22T00:00:00,0001000048,Z100,Z01,ZAR
4500008971,ZREP,2026-05-14T00:00:00,0001000056,Z100,Z01,ZAR
4500008972,ZREP,2026-07-04T00:00:00,0001000008,Z100,Z02,ZAR
4500008973,ZREP,2026-04-18T00:00:00,0001000020,Z100,Z01,ZAR
4500008974,WK,2026-04-27T00:00:00,0001000028,Z100,Z02,ZAR
4500008975,ZREP,2026-08-21T00:00:00,0001000044,Z100,Z02,ZAR
4500008976,ZREP,2026-06-17T00:00:00,0001000000,Z100,Z01,ZAR
