Rsnum,Rspos,Xloek,Kzear,Matnr,Werks,Lgort,Bdter,Bdmng,Meins,Enmng,Enwrt,Banfn,Bnfpo,Aufnr,Bwart,Umwrk,Umlgo,Wempf,Zzaisession
1000000000,0001,false,true,000000000030000000,1000,SP01,2026-03-04T00:00:00,1.000,EA,1.000,62704.13,2000007893,00010,416320664,261,,,VZIREQ05,SESS-000001
1000000001,0001,false,false,000000000030000000,1000,SP01,2025-10-20T00:00:00,4.000,EA,0.000,0.00,2000007894,00010,419753264,261,,,VZIREQ05,SESS-000002
1000000002,0001,false,false,000000000030000001,2000,SP02,2025-12-09T00:00:00,4.000,EA,0.000,0.00,2000007895,00010,422774516,261,,,VZIREQ05,SESS-000003
1000000003,0001,false,false,000000000030000001,2000,SP02,2026-07-12T00:00:00,2.000,EA,1.000,125951.70,2000007896,00010,427438422,261,,,VZIREQ03,SESS-000004
1000000004,0001,false,true,000000000030000002,2000,SP02,2025-12-08T00:00:00,2.000,EA,2.000,176374.20,2000007897,00010,424360371,261,,,VZIREQ03,SESS-000005
1000000005,0001,false,false,000000000030000003,2000,SP02,2026-07-22T00:00:00,3.000,EA,0.000,0.00,2000007898,00010,424758368,261,,,VZIREQ03,SESS-000006
1000000006,0001,false,true,000000000030000003,2000,SP02,2026-05-26T00:00:00,1.000,EA,1.000,153907.11,2000007899,00010,422132197,261,,,VZIREQ01,SESS-000007
1000000007,0001,false,true,000000000030000003,2000,SP02,2025-12-02T00:00:00,4.000,EA,4.000,615628.44,2000007900,00010,428272877,261,,,VZIREQ01,SESS-000008
1000000008,0001,false,false,000000000030000004,4000,SP04,2025-11-09T00:00:00,2.000,EA,1.000,66356.63,2000007901,00010,446969652,261,,,VZIREQ04,SESS-000009
1000000009,0001,false,false,000000000030000004,4000,SP04,2026-03-21T00:00:00,1.000,EA,1.000,66356.63,2000007902,00010,444310058,261,,,VZIREQ05,SESS-000010
1000000010,0001,false,false,000000000030000004,4000,SP04,2025-12-18T00:00:00,2.000,EA,0.000,0.00,2000007903,00010,443212360,261,,,VZIREQ02,SESS-000011
1000000011,0001,false,false,000000000030000005,2000,SP02,2026-06-21T00:00:00,3.000,EA,0.000,0.00,2000007904,00010,424460037,261,,,VZIREQ04,SESS-000012
1000000012,0001,false,false,000000000030000005,2000,SP02,2026-04-09T00:00:00,2.000,EA,0.000,0.00,2000007905,00010,426395043,261,,,VZIREQ05,SESS-000013
1000000013,0001,false,false,000000000030000006,3000,SP03,2026-04-02T00:00:00,3.000,EA,0.000,0.00,2000007906,00010,438964389,261,,,VZIREQ03,SESS-000014
1000000014,0001,false,false,000000000030000006,3000,SP03,2025-12-22T00:00:00,3.000,EA,0.000,0.00,2000007907,00010,436720284,261,,,VZIREQ04,SESS-000015
1000000015,0001,false,false,000000000030000006,3000,SP03,2026-03-14T00:00:00,3.000,EA,0.000,0.00,2000007908,00010,432441844,261,,,VZIREQ03,SESS-000016
1000000016,0001,false,true,000000000030000007,2000,SP02,2025-12-29T00:00:00,2.000,EA,2.000,173936.82,2000007909,00010,422844910,261,,,VZIREQ05,SESS-000017
1000000017,0001,false,true,000000000030000008,1000,SP01,2025-11-17T00:00:00,3.000,EA,3.000,423855.00,2000007910,00010,411309793,261,,,VZIREQ03,SESS-000018
1000000018,0001,false,true,000000000030000009,2000,SP02,2025-11-26T00:00:00,3.000,EA,3.000,211539.06,2000007911,00010,427340967,261,,,VZIREQ05,SESS-000019
1000000019,0001,false,false,000000000030000009,2000,SP02,2026-01-26T00:00:00,4.000,EA,2.000,141026.04,2000007912,00010,429424486,261,,,VZIREQ02,SESS-000020
1000000020,0001,false,false,000000000030000009,2000,SP02,2025-09-08T00:00:00,3.000,EA,0.000,0.00,2000007913,00010,429860884,261,,,VZIREQ05,SESS-000021
1000000021,0001,false,false,000000000030000010,1000,SP01,2025-07-24T00:00:00,4.000,EA,0.000,0.00,2000007914,00010,412571207,261,,,VZIREQ03,SESS-000022
1000000022,0001,false,false,000000000030000010,1000,SP01,2025-10-05T00:00:00,1.000,EA,0.000,0.00,2000007915,00010,411383823,261,,,VZIREQ05,SESS-000023
1000000023,0001,false,false,000000000030000010,1000,SP01,2026-03-15T00:00:00,2.000,EA,1.000,111645.10,2000007916,00010,412742095,261,,,VZIREQ01,SESS-000024
1000000024,0001,false,true,000000000030000011,4000,SP04,2025-12-27T00:00:00,2.000,EA,1.000,95282.33,2000007917,00010,442055304,261,,,VZIREQ04,SESS-000025
1000000025,0001,false,true,000000000030000011,4000,SP04,2026-05-27T00:00:00,3.000,EA,3.000,285846.99,2000007918,00010,444790779,261,,,VZIREQ04,SESS-000026
1000000026,0001,false,true,000000000030000012,2000,SP02,2026-01-11T00:00:00,2.000,EA,2.000,43300.68,2000007919,00010,421294259,261,,,VZIREQ01,SESS-000027
1000000027,0001,false,false,000000000030000013,3000,SP03,2026-06-06T00:00:00,2.000,EA,0.000,0.00,2000007920,00010,437597005,261,,,VZIREQ04,SESS-000028
1000000028,0001,false,false,000000000030000013,3000,SP03,2026-03-31T00:00:00,1.000,EA,1.000,479645.00,2000007921,00010,431352335,261,,,VZIREQ05,SESS-000029
1000000029,0001,false,false,000000000030000013,3000,SP03,2026-06-11T00:00:00,2.000,EA,0.000,0.00,2000007922,00010,432698121,261,,,VZIREQ03,SESS-000030
1000000030,0001,false,false,000000000030000014,3000,SP03,2026-08-25T00:00:00,2.000,EA,0.000,0.00,2000007923,00010,437276110,261,,,VZIREQ04,SESS-000031
1000000031,0001,false,false,000000000030000014,3000,SP03,2026-05-03T00:00:00,3.000,EA,2.000,161000.60,2000007924,00010,436344511,261,,,VZIREQ05,SESS-000032
1000000032,0001,false,true,000000000030000014,3000,SP03,2026-07-28T00:00:00,2.000,EA,2.000,161000.60,2000007925,00010,437127205,261,,,VZIREQ04,SESS-000033
1000000033,0001,false,true,000000000030000014,2000,SP02,2026-02-10T00:00:00,4.000,EA,4.000,322001.20,2000007926,00010,426857528,261,,,VZIREQ01,SESS-000034
1000000034,0001,false,false,000000000030000015,1000,SP01,2025-10-12T00:00:00,4.000,EA,0.000,0.00,2000007927,00010,419109469,261,,,VZIREQ03,SESS-000035
1000000035,0001,false,true,000000000030000015,1000,SP01,2025-09-12T00:00:00,4.000,EA,2.000,1482546.04,2000007928,00010,418366409,261,,,VZIREQ04,SESS-000036
1000000036,0001,false,false,000000000030000016,1000,SP01,2026-05-05T00:00:00,4.000,EA,0.000,0.00,2000007929,00010,411500481,261,,,VZIREQ04,SESS-000037
1000000037,0001,false,false,000000000030000016,1000,SP01,2026-02-25T00:00:00,4.000,EA,0.000,0.00,2000007930,00010,414860409,261,,,VZIREQ04,SESS-000038
1000000038,0001,false,false,000000000030000017,1000,SP01,2026-03-07T00:00:00,3.000,EA,0.000,0.00,2000007931,00010,416835242,261,,,VZIREQ01,SESS-000039
1000000039,0001,false,false,000000000030000017,1000,SP01,2026-02-10T00:00:00,1.000,EA,0.000,0.00,2000007932,00010,413874078,261,,,VZIREQ01,SESS-000040
1000000040,0001,false,true,000000000030000017,1000,SP01,2026-05-05T00:00:00,3.000,EA,2.000,222922.00,2000007933,00010,412904328,261,,,VZIREQ04,SESS-000041
1000000041,0001,false,false,000000000030000018,3000,SP03,2025-08-30T00:00:00,3.000,EA,0.000,0.00,2000007934,00010,439335188,261,,,VZIREQ02,SESS-000042
1000000042,0001,false,false,000000000030000018,3000,SP03,2026-02-05T00:00:00,3.000,EA,2.000,957838.94,2000007935,00010,434759846,261,,,VZIREQ02,SESS-000043
1000000043,0001,false,false,000000000030000019,3000,SP03,2026-03-12T00:00:00,1.000,EA,1.000,176338.11,2000007936,00010,439911689,261,,,VZIREQ05,SESS-000044
1000000044,0001,false,true,000000000030000019,3000,SP03,2026-01-12T00:00:00,3.000,EA,3.000,529014.33,2000007937,00010,432531037,261,,,VZIREQ03,
1000000045,0001,false,false,000000000030000019,3000,SP03,2026-04-23T00:00:00,4.000,EA,0.000,0.00,2000007938,00010,439581162,261,,,VZIREQ04,SESS-000045
1000000046,0001,false,true,000000000030000019,4000,SP04,2026-03-19T00:00:00,1.000,EA,1.000,176338.11,2000007939,00010,442965853,261,,,VZIREQ03,SESS-000046
1000000047,0001,false,true,000000000030000019,4000,SP04,2026-04-02T00:00:00,3.000,EA,2.000,352676.22,2000007940,00010,446244134,261,,,VZIREQ03,SESS-000047
1000000048,0001,false,true,000000000030000019,4000,SP04,2025-10-18T00:00:00,2.000,EA,2.000,352676.22,2000007941,00010,442619654,261,,,VZIREQ05,SESS-000048
1000000049,0001,false,true,000000000030000020,1000,SP01,2026-05-18T00:00:00,2.000,EA,1.000,123672.12,2000007942,00010,414294134,261,,,VZIREQ04,SESS-000049
1000000050,0001,false,false,000000000030000020,1000,SP01,2026-01-15T00:00:00,2.000,EA,1.000,123672.12,2000007943,00010,412774911,261,,,VZIREQ05,SESS-000050
1000000051,0001,false,false,000000000030000021,3000,SP03,2026-04-16T00:00:00,3.000,EA,0.000,0.00,2000007944,00010,433097608,261,,,VZIREQ05,SESS-000051
1000000052,0001,false,false,000000000030000022,4000,SP04,2025-10-05T00:00:00,4.000,EA,0.000,0.00,2000007945,00010,446708947,261,,,VZIREQ02,SESS-000052
1000000053,0001,false,false,000000000030000022,3000,SP03,2026-02-08T00:00:00,2.000,EA,0.000,0.00,2000007946,00010,433883063,261,,,VZIREQ02,SESS-000053
1000000054,0001,false,false,000000000030000022,3000,SP03,2025-11-25T00:00:00,1.000,EA,0.000,0.00,2000007947,00010,436881919,261,,,VZIREQ04,SESS-000054
1000000055,0001,false,false,000000000030000023,4000,SP04,2026-03-18T00:00:00,3.000,EA,0.000,0.00,2000007948,00010,444661184,261,,,VZIREQ01,SESS-000055
1000000056,0001,false,false,000000000030000023,1000,SP01,2025-11-12T00:00:00,3.000,EA,2.000,247070.70,2000007949,00010,415576301,261,,,VZIREQ04,SESS-000056
1000000057,0001,false,false,000000000030000023,1000,SP01,2026-03-01T00:00:00,1.000,EA,0.000,0.00,2000007950,00010,416193051,261,,,VZIREQ03,SESS-000057
1000000058,0001,false,true,000000000030000024,4000,SP04,2025-11-12T00:00:00,2.000,EA,1.000,128263.05,2000007951,00010,448944420,261,,,VZIREQ01,SESS-000058
1000000059,0001,false,false,000000000030000024,4000,SP04,2025-11-12T00:00:00,1.000,EA,0.000,0.00,2000007952,00010,441448552,261,,,VZIREQ01,SESS-000059
1000000060,0001,false,false,000000000030000024,4000,SP04,2026-05-02T00:00:00,4.000,EA,0.000,0.00,2000007953,00010,441438426,261,,,VZIREQ02,SESS-000060
1000000061,0001,false,false,000000000030000025,4000,SP04,2025-10-26T00:00:00,1.000,EA,1.000,109276.63,2000007954,00010,446409758,261,,,VZIREQ04,SESS-000061
1000000062,0001,false,false,000000000030000025,4000,SP04,2026-04-29T00:00:00,1.000,EA,0.000,0.00,2000007955,00010,443824384,261,,,VZIREQ05,SESS-000062
1000000063,0001,false,true,000000000030000025,4000,SP04,2026-03-06T00:00:00,2.000,EA,2.000,218553.26,2000007956,00010,448422649,261,,,VZIREQ05,SESS-000063
1000000064,0001,false,true,000000000030000026,4000,SP04,2026-04-09T00:00:00,1.000,EA,1.000,68835.16,2000007957,00010,445763150,261,,,VZIREQ02,SESS-000064
1000000065,0001,false,false,000000000030000026,4000,SP04,2025-11-27T00:00:00,4.000,EA,0.000,0.00,2000007958,00010,445766617,261,,,VZIREQ03,SESS-000065
1000000066,0001,false,false,000000000030000026,1000,SP01,2025-09-13T00:00:00,1.000,EA,0.000,0.00,2000007959,00010,415581823,261,,,VZIREQ04,SESS-000066
1000000067,0001,false,false,000000000030000026,1000,SP01,2026-04-07T00:00:00,1.000,EA,0.000,0.00,2000007960,00010,411309843,261,,,VZIREQ01,SESS-000067
1000000068,0001,false,false,000000000030000026,1000,SP01,2026-04-25T00:00:00,2.000,EA,0.000,0.00,2000007961,00010,413116691,261,,,VZIREQ01,SESS-000068
1000000069,0001,false,false,000000000030000027,3000,SP03,2026-03-16T00:00:00,2.000,EA,0.000,0.00,2000007962,00010,434338265,261,,,VZIREQ01,SESS-000069
1000000070,0001,false,false,000000000030000027,3000,SP03,2025-12-14T00:00:00,3.000,EA,0.000,0.00,2000007963,00010,433115429,261,,,VZIREQ01,SESS-000070
1000000071,0001,false,true,000000000030000027,1000,SP01,2025-12-20T00:00:00,3.000,EA,3.000,982216.29,2000007964,00010,419978129,261,,,VZIREQ04,SESS-000071
1000000072,0001,false,false,000000000030000028,3000,SP03,2025-10-09T00:00:00,3.000,EA,2.000,290285.50,2000007965,00010,439323321,261,,,VZIREQ02,SESS-000072
1000000073,0001,false,true,000000000030000028,3000,SP03,2026-03-16T00:00:00,4.000,EA,4.000,580571.00,2000007966,00010,434433314,261,,,VZIREQ02,SESS-000073
1000000074,0001,false,true,000000000030000028,4000,SP04,2025-10-27T00:00:00,1.000,EA,1.000,145142.75,2000007967,00010,441571955,261,,,VZIREQ04,SESS-000074
1000000075,0001,false,true,000000000030000028,4000,SP04,2025-08-19T00:00:00,4.000,EA,4.000,580571.00,2000007968,00010,444888291,261,,,VZIREQ02,SESS-000075
1000000076,0001,false,false,000000000030000028,4000,SP04,2026-02-12T00:00:00,2.000,EA,0.000,0.00,2000007969,00010,441494140,261,,,VZIREQ03,SESS-000076
1000000077,0001,false,false,000000000030000029,2000,SP02,2026-04-11T00:00:00,4.000,EA,2.000,102589.94,2000007970,00010,424245907,261,,,VZIREQ04,SESS-000077
1000000078,0001,false,false,000000000030000030,1000,SP01,2026-04-13T00:00:00,2.000,EA,0.000,0.00,2000007971,00010,413883460,261,,,VZIREQ03,SESS-000078
1000000079,0001,false,true,000000000030000031,2000,SP02,2026-07-18T00:00:00,2.000,EA,2.000,237965.64,2000007972,00010,426974645,261,,,VZIREQ03,SESS-000079
1000000080,0001,false,true,000000000030000031,2000,SP02,2026-07-30T00:00:00,4.000,EA,4.000,475931.28,2000007973,00010,424906996,261,,,VZIREQ04,SESS-000080
1000000081,0001,false,true,000000000030000032,1000,SP01,2026-03-25T00:00:00,2.000,EA,2.000,223055.78,2000007974,00010,411155054,261,,,VZIREQ01,
1000000082,0001,false,false,000000000030000032,1000,SP01,2025-11-23T00:00:00,3.000,EA,0.000,0.00,2000007975,00010,415636255,261,,,VZIREQ03,SESS-000081
1000000083,0001,false,true,000000000030000032,1000,SP01,2026-06-01T00:00:00,2.000,EA,1.000,111527.89,2000007976,00010,419152078,261,,,VZIREQ05,SESS-000082
1000000084,0001,false,false,000000000030000033,2000,SP02,2026-02-11T00:00:00,4.000,EA,0.000,0.00,2000007977,00010,424574679,261,,,VZIREQ01,SESS-000083
1000000085,0001,false,false,000000000030000033,2000,SP02,2026-06-23T00:00:00,3.000,EA,0.000,0.00,2000007978,00010,427241789,261,,,VZIREQ02,SESS-000084
1000000086,0001,false,false,000000000030000033,2000,SP02,2026-04-27T00:00:00,4.000,EA,0.000,0.00,2000007979,00010,422087942,261,,,VZIREQ05,SESS-000085
1000000087,0001,false,false,000000000030000034,2000,SP02,2025-10-13T00:00:00,3.000,EA,2.000,170701.66,2000007980,00010,428386163,261,,,VZIREQ02,SESS-000086
1000000088,0001,false,true,000000000030000034,2000,SP02,2025-10-17T00:00:00,1.000,EA,1.000,85350.83,2000007981,00010,424005679,261,,,VZIREQ01,SESS-000087
1000000089,0001,false,true,000000000030000034,2000,SP02,2026-05-04T00:00:00,1.000,EA,1.000,85350.83,2000007982,00010,423106904,261,,,VZIREQ04,SESS-000088
1000000090,0001,false,false,000000000030000035,3000,SP03,2026-04-13T00:00:00,4.000,EA,0.000,0.00,2000007983,00010,433753794,261,,,VZIREQ02,SESS-000089
1000000091,0001,false,false,000000000030000035,3000,SP03,2026-01-27T00:00:00,3.000,EA,0.000,0.00,2000007984,00010,435452219,261,,,VZIREQ05,SESS-000090
1000000092,0001,false,true,000000000030000035,3000,SP03,2026-06-16T00:00:00,4.000,EA,3.000,324799.29,2000007985,00010,439031242,261,,,VZIREQ01,SESS-000091
1000000093,0001,false,true,000000000030000036,4000,SP04,2025-08-12T00:00:00,3.000,EA,3.000,150256.95,2000007986,00010,444825306,261,,,VZIREQ03,SESS-000092
1000000094,0001,false,true,000000000030000036,4000,SP04,2025-08-20T00:00:00,4.000,EA,4.000,200342.60,2000007987,00010,445891639,261,,,VZIREQ02,SESS-000093
1000000095,0001,false,false,000000000030000036,4000,SP04,2025-11-17T00:00:00,2.000,EA,0.000,0.00,2000007988,00010,449474238,261,,,VZIREQ01,SESS-000094
1000000096,0001,false,true,000000000030000037,4000,SP04,2026-06-13T00:00:00,2.000,EA,2.000,303959.00,2000007989,00010,441342066,261,,,VZIREQ04,SESS-000095
1000000097,0001,false,true,000000000030000037,4000,SP04,2026-01-21T00:00:00,2.000,EA,1.000,151979.50,2000007990,00010,446188809,261,,,VZIREQ04,SESS-000096
1000000098,0001,false,false,000000000030000038,3000,SP03,2025-11-07T00:00:00,2.000,EA,0.000,0.00,2000007991,00010,436395020,261,,,VZIREQ01,SESS-000097
1000000099,0001,false,false,000000000030000038,3000,SP03,2025-09-24T00:00:00,1.000,EA,1.000,59840.15,2000007992,00010,434977428,261,,,VZIREQ02,SESS-000098
1000000100,0001,false,false,000000000030000038,3000,SP03,2025-06-28T00:00:00,1.000,EA,0.000,0.00,2000007993,00010,437358854,261,,,VZIREQ05,SESS-000099
1000000101,0001,false,true,000000000030000039,1000,SP01,2026-05-01T00:00:00,3.000,EA,3.000,523434.63,2000007994,00010,413234080,261,,,VZIREQ05,
1000000102,0001,false,true,000000000030000040,2000,SP02,2026-07-06T00:00:00,2.000,EA,1.000,162108.37,2000007995,00010,422218454,261,,,VZIREQ04,SESS-000100
1000000103,0001,false,false,000000000030000041,4000,SP04,2026-07-09T00:00:00,2.000,EA,1.000,183331.33,2000007996,00010,445083437,261,,,VZIREQ02,SESS-000101
1000000104,0001,false,true,000000000030000041,4000,SP04,2026-02-11T00:00:00,3.000,EA,3.000,549993.99,2000007997,00010,444275689,261,,,VZIREQ02,
1000000105,0001,false,true,000000000030000042,1000,SP01,2026-08-24T00:00:00,1.000,EA,1.000,152504.44,2000007998,00010,411741561,261,,,VZIREQ01,SESS-000102
1000000106,0001,false,true,000000000030000042,1000,SP01,2026-04-27T00:00:00,2.000,EA,1.000,152504.44,2000007999,00010,415204398,261,,,VZIREQ04,SESS-000103
1000000107,0001,false,false,000000000030000043,3000,SP03,2026-03-02T00:00:00,4.000,EA,0.000,0.00,2000008000,00010,434702891,261,,,VZIREQ04,SESS-000104
1000000108,0001,false,false,000000000030000043,3000,SP03,2026-03-04T00:00:00,2.000,EA,0.000,0.00,2000008001,00010,436046779,261,,,VZIREQ01,SESS-000105
1000000109,0001,false,false,000000000030000044,3000,SP03,2026-01-27T00:00:00,2.000,EA,0.000,0.00,2000008002,00010,439037265,261,,,VZIREQ03,SESS-000106
1000000110,0001,false,false,000000000030000045,1000,SP01,2026-01-31T00:00:00,1.000,EA,0.000,0.00,2000008003,00010,415772836,261,,,VZIREQ04,SESS-000107
1000000111,0001,false,true,000000000030000045,1000,SP01,2026-01-15T00:00:00,3.000,EA,3.000,556372.68,2000008004,00010,414824992,261,,,VZIREQ02,SESS-000108
1000000112,0001,false,false,000000000030000046,4000,SP04,2026-02-06T00:00:00,3.000,EA,0.000,0.00,2000008005,00010,448642037,261,,,VZIREQ01,SESS-000109
1000000113,0001,false,true,000000000030000047,4000,SP04,2026-04-06T00:00:00,4.000,EA,2.000,127865.96,2000008006,00010,444617181,261,,,VZIREQ05,SESS-000110
1000000114,0001,false,true,000000000030000047,4000,SP04,2025-11-17T00:00:00,2.000,EA,2.000,127865.96,2000008007,00010,445647001,261,,,VZIREQ04,SESS-000111
1000000115,0001,false,true,000000000030000047,4000,SP04,2026-04-01T00:00:00,2.000,EA,2.000,127865.96,2000008008,00010,444915510,261,,,VZIREQ02,SESS-000112
1000000116,0001,false,true,000000000030000048,1000,SP01,2026-07-14T00:00:00,2.000,EA,2.000,220560.72,2000008009,00010,411672355,261,,,VZIREQ01,SESS-000113
1000000117,0001,false,true,000000000030000048,1000,SP01,2025-11-06T00:00:00,4.000,EA,4.000,441121.44,2000008010,00010,412399433,261,,,VZIREQ02,SESS-000114
1000000118,0001,false,true,000000000030000049,2000,SP02,2026-01-03T00:00:00,3.000,EA,3.000,2359595.76,2000008011,00010,429604627,261,,,VZIREQ02,SESS-000115
1000000119,0001,false,false,000000000030000049,2000,SP02,2025-11-29T00:00:00,4.000,EA,0.000,0.00,2000008012,00010,426622860,261,,,VZIREQ01,SESS-000116
1000000120,0001,false,false,000000000030000049,2000,SP02,2025-10-13T00:00:00,3.000,EA,0.000,0.00,2000008013,00010,428594142,261,,,VZIREQ05,SESS-000117
1000000121,0001,false,false,000000000030000050,1000,SP01,2026-03-08T00:00:00,2.000,EA,0.000,0.00,2000008014,00010,416249702,261,,,VZIREQ04,SESS-000118
1000000122,0001,false,false,000000000030000051,4000,SP04,2025-12-12T00:00:00,3.000,EA,0.000,0.00,2000008015,00010,448261535,261,,,VZIREQ02,SESS-000119
1000000123,0001,false,false,000000000030000051,4000,SP04,2026-03-31T00:00:00,2.000,EA,0.000,0.00,2000008016,00010,442411151,261,,,VZIREQ03,SESS-000120
1000000124,0001,false,false,000000000030000052,1000,SP01,2026-03-28T00:00:00,3.000,EA,0.000,0.00,2000008017,00010,419922365,261,,,VZIREQ02,SESS-000121
1000000125,0001,false,true,000000000030000052,1000,SP01,2026-08-20T00:00:00,3.000,EA,3.000,9269.37,2000008018,00010,412001169,261,,,VZIREQ04,SESS-000122
1000000126,0001,false,true,000000000030000053,3000,SP03,2026-03-18T00:00:00,2.000,EA,2.000,994695.26,2000008019,00010,436834322,261,,,VZIREQ05,
1000000127,0001,false,true,000000000030000053,4000,SP04,2026-06-01T00:00:00,1.000,EA,1.000,497347.63,2000008020,00010,441192479,261,,,VZIREQ01,SESS-000123
1000000128,0001,false,false,000000000030000053,4000,SP04,2026-05-20T00:00:00,1.000,EA,0.000,0.00,2000008021,00010,449670551,261,,,VZIREQ01,SESS-000124
1000000129,0001,false,true,000000000030000053,4000,SP04,2026-05-07T00:00:00,2.000,EA,2.000,994695.26,2000008022,00010,445796527,261,,,VZIREQ03,SESS-000125
1000000130,0001,false,true,000000000030000054,1000,SP01,2026-05-15T00:00:00,3.000,EA,1.000,74073.15,2000008023,00010,415875393,261,,,VZIREQ05,SESS-000126
1000000131,0001,false,false,000000000030000054,1000,SP01,2025-12-11T00:00:00,3.000,EA,0.000,0.00,2000008024,00010,416772001,261,,,VZIREQ03,SESS-000127
1000000132,0001,false,true,000000000030000054,4000,SP04,2025-11-08T00:00:00,1.000,EA,1.000,74073.15,2000008025,00010,448678677,261,,,VZIREQ01,
1000000133,0001,false,true,000000000030000055,2000,SP02,2025-12-13T00:00:00,1.000,EA,1.000,133259.02,2000008026,00010,425325641,261,,,VZIREQ05,SESS-000128
1000000134,0001,false,true,000000000030000055,2000,SP02,2025-08-04T00:00:00,4.000,EA,4.000,533036.08,2000008027,00010,428135782,261,,,VZIREQ05,SESS-000129
1000000135,0001,false,false,000000000030000056,4000,SP04,2025-11-09T00:00:00,1.000,EA,0.000,0.00,2000008028,00010,447107404,261,,,VZIREQ04,SESS-000130
1000000136,0001,false,true,000000000030000056,4000,SP04,2026-03-20T00:00:00,2.000,EA,2.000,82300.04,2000008029,00010,449590779,261,,,VZIREQ03,SESS-000131
1000000137,0001,false,false,000000000030000056,4000,SP04,2025-11-28T00:00:00,2.000,EA,0.000,0.00,2000008030,00010,442547789,261,,,VZIREQ02,SESS-000132
1000000138,0001,false,false,000000000030000057,2000,SP02,2026-06-03T00:00:00,1.000,EA,0.000,0.00,2000008031,00010,429902113,261,,,VZIREQ03,SESS-000133
1000000139,0001,false,true,000000000030000057,2000,SP02,2025-11-15T00:00:00,2.000,EA,2.000,357949.70,2000008032,00010,427964196,261,,,VZIREQ03,SESS-000134
1000000140,0001,false,true,000000000030000058,2000,SP02,2026-07-08T00:00:00,3.000,EA,3.000,230956.86,2000008033,00010,424874495,261,,,VZIREQ01,SESS-000135
1000000141,0001,false,false,000000000030000058,2000,SP02,2025-12-13T00:00:00,1.000,EA,0.000,0.00,2000008034,00010,426584251,261,,,VZIREQ01,SESS-000136
1000000142,0001,false,true,000000000030000059,1000,SP01,2026-05-14T00:00:00,2.000,EA,1.000,68340.90,2000008035,00010,412646093,261,,,VZIREQ03,SESS-000137
1000000143,0001,false,true,000000000030000059,1000,SP01,2025-12-08T00:00:00,3.000,EA,3.000,205022.70,2000008036,00010,419725736,261,,,VZIREQ04,SESS-000138
1000000144,0001,false,true,000000000030000060,1000,SP01,2025-11-20T00:00:00,4.000,EA,4.000,329027.80,2000008037,00010,415794183,261,,,VZIREQ01,SESS-000139
1000000145,0001,false,true,000000000030000061,3000,SP03,2026-03-09T00:00:00,3.000,EA,2.000,80892.14,2000008038,00010,437870119,261,,,VZIREQ03,SESS-000140
1000000146,0001,false,false,000000000030000061,3000,SP03,2026-07-09T00:00:00,2.000,EA,0.000,0.00,2000008039,00010,433937548,261,,,VZIREQ03,SESS-000141
1000000147,0001,false,false,000000000030000062,2000,SP02,2026-07-24T00:00:00,4.000,EA,0.000,0.00,2000008040,00010,422946601,261,,,VZIREQ05,SESS-000142
1000000148,0001,false,false,000000000030000063,4000,SP04,2026-05-19T00:00:00,1.000,EA,1.000,96040.18,2000008041,00010,444867698,261,,,VZIREQ05,SESS-000143
1000000149,0001,false,true,000000000030000063,4000,SP04,2026-08-26T00:00:00,4.000,EA,4.000,384160.72,2000008042,00010,445459206,261,,,VZIREQ02,SESS-000144
1000000150,0001,false,false,000000000030000064,1000,SP01,2025-12-19T00:00:00,3.000,EA,0.000,0.00,2000008043,00010,417784060,261,,,VZIREQ01,SESS-000145
1000000151,0001,false,true,000000000030000065,1000,SP01,2025-10-25T00:00:00,1.000,EA,1.000,161220.51,2000008044,00010,416888526,261,,,VZIREQ03,SESS-000146
1000000152,0001,false,false,000000000030000066,4000,SP04,2025-11-22T00:00:00,3.000,EA,0.000,0.00,2000008045,00010,443358484,261,,,VZIREQ05,SESS-000147
1000000153,0001,false,true,000000000030000067,1000,SP01,2026-01-16T00:00:00,3.000,EA,3.000,528864.87,2000008046,00010,414231871,261,,,VZIREQ04,SESS-000148
1000000154,0001,false,true,000000000030000067,1000,SP01,2026-01-12T00:00:00,3.000,EA,3.000,528864.87,2000008047,00010,414694361,261,,,VZIREQ04,
1000000155,0001,false,true,000000000030000068,2000,SP02,2025-11-12T00:00:00,4.000,EA,4.000,480205.80,2000008048,00010,424949230,261,,,VZIREQ02,SESS-000149
1000000156,0001,false,false,000000000030000068,1000,SP01,2026-09-05T00:00:00,2.000,EA,1.000,120051.45,2000008049,00010,411704186,261,,,VZIREQ03,SESS-000150
1000000157,0001,false,false,000000000030000069,2000,SP02,2026-05-09T00:00:00,3.000,EA,0.000,0.00,2000008050,00010,424719842,261,,,VZIREQ03,SESS-000151
1000000158,0001,false,false,000000000030000069,2000,SP02,2026-05-28T00:00:00,2.000,EA,0.000,0.00,2000008051,00010,428891166,261,,,VZIREQ04,SESS-000152
1000000159,0001,false,false,000000000030000070,3000,SP03,2026-01-20T00:00:00,1.000,EA,0.000,0.00,2000008052,00010,438333463,261,,,VZIREQ05,SESS-000153
1000000160,0001,false,true,000000000030000071,3000,SP03,2025-11-05T00:00:00,2.000,EA,2.000,329936.86,2000008053,00010,431916925,261,,,VZIREQ05,SESS-000154
1000000161,0001,false,false,000000000030000071,3000,SP03,2025-11-30T00:00:00,1.000,EA,0.000,0.00,2000008054,00010,438560250,261,,,VZIREQ04,SESS-000155
1000000162,0001,false,false,000000000030000071,3000,SP03,2026-04-10T00:00:00,2.000,EA,0.000,0.00,2000008055,00010,432169719,261,,,VZIREQ04,SESS-000156
1000000163,0001,false,true,000000000030000072,3000,SP03,2026-03-27T00:00:00,2.000,EA,1.000,112034.91,2000008056,00010,434245145,261,,,VZIREQ01,SESS-000157
1000000164,0001,false,true,000000000030000072,3000,SP03,2026-01-31T00:00:00,2.000,EA,2.000,224069.82,2000008057,00010,435347798,261,,,VZIREQ05,SESS-000158
1000000165,0001,false,true,000000000030000072,3000,SP03,2026-03-30T00:00:00,4.000,EA,4.000,448139.64,2000008058,00010,434359870,261,,,VZIREQ01,SESS-000159
1000000166,0001,false,false,000000000030000073,3000,SP03,2025-12-09T00:00:00,2.000,EA,0.000,0.00,2000008059,00010,431111956,261,,,VZIREQ02,SESS-000160
1000000167,0001,false,true,000000000030000073,3000,SP03,2025-11-08T00:00:00,4.000,EA,3.000,74877.18,2000008060,00010,431148231,261,,,VZIREQ03,SESS-000161
1000000168,0001,false,true,000000000030000073,3000,SP03,2025-12-15T00:00:00,2.000,EA,2.000,49918.12,2000008061,00010,435329934,261,,,VZIREQ04,
1000000169,0001,false,true,000000000030000074,3000,SP03,2026-03-18T00:00:00,1.000,EA,1.000,170426.32,2000008062,00010,434537216,261,,,VZIREQ03,SESS-000162
1000000170,0001,false,true,000000000030000075,3000,SP03,2026-08-30T00:00:00,3.000,EA,2.000,286022.40,2000008063,00010,431531739,261,,,VZIREQ03,SESS-000163
1000000171,0001,false,true,000000000030000075,3000,SP03,2026-02-27T00:00:00,2.000,EA,2.000,286022.40,2000008064,00010,436684917,261,,,VZIREQ03,SESS-000164
1000000172,0001,false,false,000000000030000075,3000,SP03,2026-04-02T00:00:00,3.000,EA,0.000,0.00,2000008065,00010,439587134,261,,,VZIREQ04,SESS-000165
1000000173,0001,false,false,000000000030000076,4000,SP04,2026-02-20T00:00:00,3.000,EA,0.000,0.00,2000008066,00010,448971968,261,,,VZIREQ02,SESS-000166
1000000174,0001,false,true,000000000030000077,1000,SP01,2026-01-21T00:00:00,1.000,EA,1.000,437161.29,2000008067,00010,411928869,261,,,VZIREQ03,SESS-000167
1000000175,0001,false,true,000000000030000077,1000,SP01,2025-08-23T00:00:00,3.000,EA,3.000,1311483.87,2000008068,00010,417374452,261,,,VZIREQ03,
1000000176,0001,false,false,000000000030000077,1000,SP01,2025-11-13T00:00:00,4.000,EA,0.000,0.00,2000008069,00010,412755941,261,,,VZIREQ03,SESS-000168
1000000177,0001,false,true,000000000030000078,3000,SP03,2026-07-25T00:00:00,1.000,EA,1.000,116331.73,2000008070,00010,436018998,261,,,VZIREQ02,SESS-000169
1000000178,0001,false,true,000000000030000078,3000,SP03,2025-12-01T00:00:00,4.000,EA,4.000,465326.92,2000008071,00010,431010373,261,,,VZIREQ05,SESS-000170
1000000179,0001,false,true,000000000030000078,3000,SP03,2026-02-23T00:00:00,1.000,EA,1.000,116331.73,2000008072,00010,435234128,261,,,VZIREQ04,SESS-000171
1000000180,0001,false,true,000000000030000078,4000,SP04,2025-12-07T00:00:00,4.000,EA,4.000,465326.92,2000008073,00010,447930143,261,,,VZIREQ05,SESS-000172
1000000181,0001,false,false,000000000030000078,4000,SP04,2025-10-30T00:00:00,3.000,EA,0.000,0.00,2000008074,00010,445494937,261,,,VZIREQ01,SESS-000173
1000000182,0001,false,true,000000000030000079,3000,SP03,2025-12-03T00:00:00,2.000,EA,2.000,223341.36,2000008075,00010,439938341,261,,,VZIREQ02,SESS-000174
1000000183,0001,false,true,000000000030000080,3000,SP03,2026-01-13T00:00:00,1.000,EA,1.000,109101.69,2000008076,00010,437809092,261,,,VZIREQ05,SESS-000175
1000000184,0001,false,false,000000000030000081,1000,SP01,2025-12-28T00:00:00,2.000,EA,0.000,0.00,2000008077,00010,417029232,261,,,VZIREQ01,SESS-000176
1000000185,0001,false,true,000000000030000082,4000,SP04,2026-05-23T00:00:00,4.000,EA,4.000,74348.52,2000008078,00010,441140204,261,,,VZIREQ03,SESS-000177
1000000186,0001,false,false,000000000030000082,4000,SP04,2026-04-28T00:00:00,4.000,EA,0.000,0.00,2000008079,00010,449451681,261,,,VZIREQ03,SESS-000178
1000000187,0001,false,false,000000000030000083,3000,SP03,2025-12-10T00:00:00,4.000,EA,0.000,0.00,2000008080,00010,438326502,261,,,VZIREQ05,SESS-000179
1000000188,0001,false,true,000000000030000084,2000,SP02,2026-01-27T00:00:00,4.000,EA,2.000,277047.18,2000008081,00010,428738494,261,,,VZIREQ03,SESS-000180
1000000189,0001,false,true,000000000030000084,2000,SP02,2026-07-20T00:00:00,4.000,EA,4.000,554094.36,2000008082,00010,422246042,261,,,VZIREQ05,SESS-000181
1000000190,0001,false,false,000000000030000084,2000,SP02,2025-12-24T00:00:00,3.000,EA,2.000,277047.18,2000008083,00010,428591453,261,,,VZIREQ01,SESS-000182
1000000191,0001,false,true,000000000030000085,4000,SP04,2026-06-21T00:00:00,2.000,EA,1.000,80458.28,2000008084,00010,447489237,261,,,VZIREQ05,SESS-000183
1000000192,0001,false,true,000000000030000085,4000,SP04,2026-04-27T00:00:00,2.000,EA,2.000,160916.56,2000008085,00010,441289856,261,,,VZIREQ04,SESS-000184
1000000193,0001,false,true,000000000030000086,1000,SP01,2026-05-12T00:00:00,1.000,EA,1.000,2875.10,2000008086,00010,412788636,261,,,VZIREQ03,
1000000194,0001,false,true,000000000030000086,1000,SP01,2026-04-01T00:00:00,1.000,EA,1.000,2875.10,2000008087,00010,418579287,261,,,VZIREQ03,SESS-000185
1000000195,0001,false,true,000000000030000086,1000,SP01,2026-06-10T00:00:00,2.000,EA,2.000,5750.20,2000008088,00010,414758645,261,,,VZIREQ02,
1000000196,0001,false,true,000000000030000087,1000,SP01,2025-11-28T00:00:00,4.000,EA,4.000,617322.52,2000008089,00010,418171048,261,,,VZIREQ04,SESS-000186
1000000197,0001,false,true,000000000030000087,1000,SP01,2026-08-19T00:00:00,3.000,EA,3.000,462991.89,2000008090,00010,414105665,261,,,VZIREQ05,SESS-000187
1000000198,0001,false,false,000000000030000087,1000,SP01,2025-12-25T00:00:00,2.000,EA,1.000,154330.63,2000008091,00010,414034119,261,,,VZIREQ04,SESS-000188
1000000199,0001,false,false,000000000030000088,1000,SP01,2025-12-27T00:00:00,4.000,EA,0.000,0.00,2000008092,00010,418597847,261,,,VZIREQ01,SESS-000189
1000000200,0001,false,false,000000000030000088,1000,SP01,2026-02-23T00:00:00,3.000,EA,0.000,0.00,2000008093,00010,417655008,261,,,VZIREQ05,SESS-000190
1000000201,0001,false,false,000000000030000088,1000,SP01,2026-02-02T00:00:00,1.000,EA,0.000,0.00,2000008094,00010,411749489,261,,,VZIREQ04,SESS-000191
1000000202,0001,false,true,000000000030000089,2000,SP02,2026-02-24T00:00:00,1.000,EA,1.000,66062.93,2000008095,00010,421740650,261,,,VZIREQ02,
1000000203,0001,false,false,000000000030000089,2000,SP02,2026-04-17T00:00:00,2.000,EA,0.000,0.00,2000008096,00010,422173823,261,,,VZIREQ02,SESS-000192
1000000204,0001,false,false,000000000030000090,2000,SP02,2026-04-04T00:00:00,2.000,EA,0.000,0.00,2000008097,00010,427560143,261,,,VZIREQ02,SESS-000193
1000000205,0001,false,false,000000000030000090,2000,SP02,2026-04-06T00:00:00,4.000,EA,0.000,0.00,2000008098,00010,427928008,261,,,VZIREQ03,SESS-000194
1000000206,0001,false,true,000000000030000091,1000,SP01,2026-05-27T00:00:00,2.000,EA,2.000,180184.96,2000008099,00010,411850789,261,,,VZIREQ04,SESS-000195
1000000207,0001,false,true,000000000030000091,1000,SP01,2026-03-20T00:00:00,4.000,EA,2.000,180184.96,2000008100,00010,411081219,261,,,VZIREQ02,SESS-000196
1000000208,0001,false,false,000000000030000092,3000,SP03,2025-11-22T00:00:00,3.000,EA,0.000,0.00,2000008101,00010,438062887,261,,,VZIREQ03,SESS-000197
1000000209,0001,false,false,000000000030000092,3000,SP03,2026-01-19T00:00:00,1.000,EA,0.000,0.00,2000008102,00010,437148700,261,,,VZIREQ04,SESS-000198
1000000210,0001,false,true,000000000030000093,1000,SP01,2026-03-15T00:00:00,1.000,EA,1.000,122779.78,2000008103,00010,413146875,261,,,VZIREQ02,SESS-000199
1000000211,0001,false,false,000000000030000094,2000,SP02,2026-07-28T00:00:00,4.000,EA,0.000,0.00,2000008104,00010,426947644,261,,,VZIREQ03,SESS-000200
1000000212,0001,false,true,000000000030000094,2000,SP02,2026-02-13T00:00:00,1.000,EA,1.000,140978.84,2000008105,00010,428424205,261,,,VZIREQ05,SESS-000201
1000000213,0001,false,false,000000000030000094,2000,SP02,2026-04-09T00:00:00,1.000,EA,0.000,0.00,2000008106,00010,427972201,261,,,VZIREQ01,SESS-000202
1000000214,0001,false,false,000000000030000095,2000,SP02,2025-12-05T00:00:00,4.000,EA,0.000,0.00,2000008107,00010,421093128,261,,,VZIREQ02,SESS-000203
1000000215,0001,false,false,000000000030000095,2000,SP02,2026-02-09T00:00:00,2.000,EA,0.000,0.00,2000008108,00010,424677134,261,,,VZIREQ01,SESS-000204
1000000216,0001,false,true,000000000030000095,1000,SP01,2026-01-01T00:00:00,3.000,EA,3.000,514866.27,2000008109,00010,419491761,261,,,VZIREQ02,SESS-000205
1000000217,0001,false,true,000000000030000096,2000,SP02,2026-01-14T00:00:00,2.000,EA,1.000,144983.14,2000008110,00010,428668926,261,,,VZIREQ05,SESS-000206
1000000218,0001,false,false,000000000030000096,2000,SP02,2025-10-10T00:00:00,1.000,EA,0.000,0.00,2000008111,00010,422584032,261,,,VZIREQ05,SESS-000207
1000000219,0001,false,true,000000000030000097,3000,SP03,2026-01-06T00:00:00,4.000,EA,4.000,531370.72,2000008112,00010,435013434,261,,,VZIREQ04,
1000000220,0001,false,true,000000000030000097,3000,SP03,2026-02-26T00:00:00,4.000,EA,4.000,531370.72,2000008113,00010,435119024,261,,,VZIREQ04,SESS-000208
1000000221,0001,false,false,000000000030000097,3000,SP03,2026-01-02T00:00:00,3.000,EA,0.000,0.00,2000008114,00010,434240632,261,,,VZIREQ01,SESS-000209
1000000222,0001,false,true,000000000030000098,1000,SP01,2026-01-19T00:00:00,4.000,EA,3.000,379692.72,2000008115,00010,415298358,261,,,VZIREQ02,SESS-000210
1000000223,0001,false,true,000000000030000098,1000,SP01,2026-01-13T00:00:00,3.000,EA,3.000,379692.72,2000008116,00010,417447772,261,,,VZIREQ02,SESS-000211
1000000224,0001,false,false,000000000030000098,1000,SP01,2026-04-28T00:00:00,1.000,EA,1.000,126564.24,2000008117,00010,415417603,261,,,VZIREQ01,SESS-000212
1000000225,0001,false,false,000000000030000099,3000,SP03,2026-04-10T00:00:00,2.000,EA,0.000,0.00,2000008118,00010,433128004,261,,,VZIREQ05,SESS-000213
1000000226,0001,false,false,000000000030000099,3000,SP03,2026-02-22T00:00:00,4.000,EA,0.000,0.00,2000008119,00010,431159190,261,,,VZIREQ02,SESS-000214
1000000227,0001,false,false,000000000030000099,2000,SP02,2026-06-09T00:00:00,1.000,EA,0.000,0.00,2000008120,00010,424563575,261,,,VZIREQ05,SESS-000215
1000000228,0001,false,false,000000000030000099,2000,SP02,2025-09-28T00:00:00,1.000,EA,0.000,0.00,2000008121,00010,428064545,261,,,VZIREQ05,SESS-000216
1000000229,0001,false,false,000000000030000100,1000,SP01,2026-02-02T00:00:00,1.000,EA,0.000,0.00,2000008122,00010,415983550,261,,,VZIREQ04,SESS-000217
1000000230,0001,false,true,000000000030000100,1000,SP01,2026-07-12T00:00:00,3.000,EA,3.000,428008.38,2000008123,00010,411353652,261,,,VZIREQ05,
1000000231,0001,false,false,000000000030000101,2000,SP02,2026-06-29T00:00:00,4.000,EA,2.000,187953.90,2000008124,00010,426849117,261,,,VZIREQ04,SESS-000218
1000000232,0001,false,true,000000000030000101,2000,SP02,2026-01-01T00:00:00,1.000,EA,1.000,93976.95,2000008125,00010,421781281,261,,,VZIREQ01,SESS-000219
1000000233,0001,false,false,000000000030000102,1000,SP01,2026-01-30T00:00:00,4.000,EA,0.000,0.00,2000008126,00010,411516479,261,,,VZIREQ02,SESS-000220
1000000234,0001,false,true,000000000030000102,1000,SP01,2025-12-30T00:00:00,2.000,EA,2.000,203018.24,2000008127,00010,413515656,261,,,VZIREQ04,SESS-000221
1000000235,0001,false,false,000000000030000103,1000,SP01,2026-03-08T00:00:00,1.000,EA,1.000,658769.19,2000008128,00010,417773069,261,,,VZIREQ04,SESS-000222
1000000236,0001,false,true,000000000030000103,1000,SP01,2026-03-27T00:00:00,1.000,EA,1.000,658769.19,2000008129,00010,411901648,261,,,VZIREQ05,SESS-000223
1000000237,0001,false,true,000000000030000104,3000,SP03,2025-12-26T00:00:00,3.000,EA,2.000,189709.90,2000008130,00010,431151863,261,,,VZIREQ02,SESS-000224
1000000238,0001,false,true,000000000030000104,4000,SP04,2026-06-08T00:00:00,4.000,EA,4.000,379419.80,2000008131,00010,444591757,261,,,VZIREQ03,SESS-000225
1000000239,0001,false,false,000000000030000104,4000,SP04,2026-02-18T00:00:00,2.000,EA,0.000,0.00,2000008132,00010,446625348,261,,,VZIREQ03,SESS-000226
1000000240,0001,false,false,000000000030000104,4000,SP04,2026-03-24T00:00:00,3.000,EA,0.000,0.00,2000008133,00010,449811265,261,,,VZIREQ04,SESS-000227
1000000241,0001,false,true,000000000030000105,2000,SP02,2025-12-02T00:00:00,2.000,EA,1.000,65775.22,2000008134,00010,427425967,261,,,VZIREQ04,SESS-000228
1000000242,0001,false,true,000000000030000105,2000,SP02,2025-12-25T00:00:00,2.000,EA,2.000,131550.44,2000008135,00010,429907919,261,,,VZIREQ05,SESS-000229
1000000243,0001,false,true,000000000030000106,1000,SP01,2025-10-12T00:00:00,1.000,EA,1.000,153712.96,2000008136,00010,417057610,261,,,VZIREQ01,SESS-000230
1000000244,0001,false,false,000000000030000106,1000,SP01,2026-02-08T00:00:00,4.000,EA,0.000,0.00,2000008137,00010,411328853,261,,,VZIREQ03,SESS-000231
1000000245,0001,false,true,000000000030000107,3000,SP03,2026-01-28T00:00:00,2.000,EA,2.000,22965.96,2000008138,00010,432670182,261,,,VZIREQ01,SESS-000232
1000000246,0001,false,true,000000000030000107,3000,SP03,2026-05-14T00:00:00,1.000,EA,1.000,11482.98,2000008139,00010,434960563,261,,,VZIREQ03,
1000000247,0001,false,false,000000000030000107,3000,SP03,2025-12-22T00:00:00,3.000,EA,0.000,0.00,2000008140,00010,439610960,261,,,VZIREQ03,SESS-000233
1000000248,0001,false,false,000000000030000108,4000,SP04,2026-06-18T00:00:00,4.000,EA,0.000,0.00,2000008141,00010,445770324,261,,,VZIREQ04,SESS-000234
1000000249,0001,false,false,000000000030000108,4000,SP04,2025-12-03T00:00:00,1.000,EA,0.000,0.00,2000008142,00010,445724173,261,,,VZIREQ03,SESS-000235
1000000250,0001,false,false,000000000030000108,1000,SP01,2026-04-21T00:00:00,3.000,EA,2.000,149964.86,2000008143,00010,413025871,261,,,VZIREQ02,SESS-000236
1000000251,0001,false,false,000000000030000109,1000,SP01,2026-05-24T00:00:00,4.000,EA,0.000,0.00,2000008144,00010,415041585,261,,,VZIREQ04,SESS-000237
1000000252,0001,false,true,000000000030000109,3000,SP03,2026-05-10T00:00:00,4.000,EA,3.000,216141.51,2000008145,00010,431597842,261,,,VZIREQ02,SESS-000238
1000000253,0001,false,true,000000000030000110,4000,SP04,2025-12-18T00:00:00,3.000,EA,3.000,155695.20,2000008146,00010,441212925,261,,,VZIREQ03,SESS-000239
1000000254,0001,false,false,000000000030000110,3000,SP03,2026-03-25T00:00:00,4.000,EA,0.000,0.00,2000008147,00010,435466714,261,,,VZIREQ02,SESS-000240
1000000255,0001,false,true,000000000030000110,3000,SP03,2026-05-18T00:00:00,4.000,EA,4.000,207593.60,2000008148,00010,435513199,261,,,VZIREQ04,SESS-000241
1000000256,0001,false,false,000000000030000111,1000,SP01,2025-11-17T00:00:00,3.000,EA,0.000,0.00,2000008149,00010,413685898,261,,,VZIREQ03,SESS-000242
1000000257,0001,false,false,000000000030000111,1000,SP01,2026-01-13T00:00:00,4.000,EA,0.000,0.00,2000008150,00010,415677818,261,,,VZIREQ05,SESS-000243
1000000258,0001,false,false,000000000030000111,1000,SP01,2026-05-13T00:00:00,3.000,EA,0.000,0.00,2000008151,00010,415265313,261,,,VZIREQ05,SESS-000244
1000000259,0001,false,false,000000000030000112,4000,SP04,2026-05-17T00:00:00,3.000,EA,0.000,0.00,2000008152,00010,447869624,261,,,VZIREQ02,SESS-000245
1000000260,0001,false,true,000000000030000112,4000,SP04,2025-11-27T00:00:00,2.000,EA,1.000,3347.60,2000008153,00010,449892432,261,,,VZIREQ03,SESS-000246
1000000261,0001,false,true,000000000030000113,3000,SP03,2025-07-29T00:00:00,4.000,EA,2.000,303391.18,2000008154,00010,431461220,261,,,VZIREQ03,SESS-000247
1000000262,0001,false,false,000000000030000113,3000,SP03,2025-12-16T00:00:00,2.000,EA,0.000,0.00,2000008155,00010,432969273,261,,,VZIREQ03,SESS-000248
1000000263,0001,false,false,000000000030000113,3000,SP03,2026-01-10T00:00:00,2.000,EA,0.000,0.00,2000008156,00010,439849297,261,,,VZIREQ04,SESS-000249
1000000264,0001,false,true,000000000030000114,2000,SP02,2026-05-27T00:00:00,1.000,EA,1.000,12430.76,2000008157,00010,426590990,261,,,VZIREQ03,SESS-000250
1000000265,0001,false,false,000000000030000114,2000,SP02,2026-04-18T00:00:00,2.000,EA,0.000,0.00,2000008158,00010,426189095,261,,,VZIREQ05,SESS-000251
1000000266,0001,false,false,000000000030000114,2000,SP02,2026-04-21T00:00:00,1.000,EA,0.000,0.00,2000008159,00010,426716578,261,,,VZIREQ01,SESS-000252
1000000267,0001,false,false,000000000030000115,2000,SP02,2026-07-28T00:00:00,4.000,EA,0.000,0.00,2000008160,00010,424007071,261,,,VZIREQ05,SESS-000253
1000000268,0001,false,false,000000000030000115,2000,SP02,2026-01-18T00:00:00,1.000,EA,0.000,0.00,2000008161,00010,429618739,261,,,VZIREQ04,SESS-000254
1000000269,0001,false,true,000000000030000115,2000,SP02,2026-08-08T00:00:00,1.000,EA,1.000,38561.55,2000008162,00010,427646120,261,,,VZIREQ03,SESS-000255
1000000270,0001,false,true,000000000030000116,4000,SP04,2026-08-02T00:00:00,2.000,EA,2.000,230024.42,2000008163,00010,449383692,261,,,VZIREQ04,SESS-000256
1000000271,0001,false,false,000000000030000116,4000,SP04,2026-04-14T00:00:00,4.000,EA,0.000,0.00,2000008164,00010,445295253,261,,,VZIREQ04,SESS-000257
1000000272,0001,false,false,000000000030000116,4000,SP04,2026-04-04T00:00:00,2.000,EA,1.000,115012.21,2000008165,00010,445545844,261,,,VZIREQ05,SESS-000258
1000000273,0001,false,true,000000000030000116,2000,SP02,2026-04-23T00:00:00,4.000,EA,4.000,460048.84,2000008166,00010,426242696,261,,,VZIREQ05,SESS-000259
1000000274,0001,false,true,000000000030000116,2000,SP02,2026-03-11T00:00:00,3.000,EA,2.000,230024.42,2000008167,00010,422093655,261,,,VZIREQ01,SESS-000260
1000000275,0001,false,true,000000000030000117,1000,SP01,2025-10-15T00:00:00,1.000,EA,1.000,10098.75,2000008168,00010,419402282,261,,,VZIREQ01,SESS-000261
1000000276,0001,false,true,000000000030000118,4000,SP04,2026-03-21T00:00:00,3.000,EA,3.000,13418.46,2000008169,00010,448380093,261,,,VZIREQ04,SESS-000262
1000000277,0001,false,false,000000000030000119,1000,SP01,2026-05-27T00:00:00,3.000,EA,0.000,0.00,2000008170,00010,414459000,261,,,VZIREQ04,SESS-000263
1000000278,0001,false,false,000000000030000119,1000,SP01,2025-12-05T00:00:00,1.000,EA,0.000,0.00,2000008171,00010,418900239,261,,,VZIREQ04,SESS-000264
1000000279,0001,false,false,000000000030000119,1000,SP01,2026-05-18T00:00:00,4.000,EA,0.000,0.00,2000008172,00010,417264180,261,,,VZIREQ02,SESS-000265
1000000280,0001,false,false,000000000030000120,2000,SP02,2026-06-22T00:00:00,3.000,EA,2.000,232299.78,2000008173,00010,429410162,261,,,VZIREQ04,SESS-000266
1000000281,0001,false,true,000000000030000120,2000,SP02,2026-05-03T00:00:00,4.000,EA,4.000,464599.56,2000008174,00010,424088759,261,,,VZIREQ02,SESS-000267
1000000282,0001,false,false,000000000030000121,3000,SP03,2026-06-10T00:00:00,1.000,EA,0.000,0.00,2000008175,00010,436931205,261,,,VZIREQ01,SESS-000268
1000000283,0001,false,false,000000000030000121,3000,SP03,2025-12-30T00:00:00,3.000,EA,0.000,0.00,2000008176,00010,432813339,261,,,VZIREQ04,SESS-000269
1000000284,0001,false,true,000000000030000122,3000,SP03,2026-03-30T00:00:00,2.000,EA,2.000,12385.20,2000008177,00010,437298826,261,,,VZIREQ03,
1000000285,0001,false,false,000000000030000122,3000,SP03,2026-01-30T00:00:00,2.000,EA,0.000,0.00,2000008178,00010,437909451,261,,,VZIREQ02,SESS-000270
1000000286,0001,false,true,000000000030000123,3000,SP03,2026-02-28T00:00:00,2.000,EA,2.000,710676.56,2000008179,00010,438077189,261,,,VZIREQ02,SESS-000271
1000000287,0001,false,false,000000000030000123,3000,SP03,2025-11-26T00:00:00,2.000,EA,0.000,0.00,2000008180,00010,434154349,261,,,VZIREQ03,SESS-000272
1000000288,0001,false,false,000000000030000123,3000,SP03,2025-11-03T00:00:00,3.000,EA,0.000,0.00,2000008181,00010,435341728,261,,,VZIREQ03,SESS-000273
1000000289,0001,false,false,000000000030000124,4000,SP04,2026-03-31T00:00:00,3.000,EA,0.000,0.00,2000008182,00010,442170155,261,,,VZIREQ02,SESS-000274
1000000290,0001,false,true,000000000030000125,3000,SP03,2026-02-17T00:00:00,3.000,EA,2.000,28447.90,2000008183,00010,434524993,261,,,VZIREQ01,SESS-000275
1000000291,0001,false,false,000000000030000125,3000,SP03,2025-09-17T00:00:00,3.000,EA,0.000,0.00,2000008184,00010,434978178,261,,,VZIREQ01,SESS-000276
1000000292,0001,false,false,000000000030000125,4000,SP04,2025-09-12T00:00:00,1.000,EA,1.000,14223.95,2000008185,00010,441689048,261,,,VZIREQ03,SESS-000277
1000000293,0001,false,true,000000000030000126,4000,SP04,2026-02-16T00:00:00,1.000,EA,1.000,57794.23,2000008186,00010,444594526,261,,,VZIREQ03,SESS-000278
1000000294,0001,false,false,000000000030000126,4000,SP04,2026-03-31T00:00:00,3.000,EA,0.000,0.00,2000008187,00010,449858721,261,,,VZIREQ02,SESS-000279
1000000295,0001,false,false,000000000030000126,4000,SP04,2025-12-12T00:00:00,1.000,EA,0.000,0.00,2000008188,00010,441395137,261,,,VZIREQ05,SESS-000280
1000000296,0001,false,true,000000000030000127,2000,SP02,2026-04-16T00:00:00,1.000,EA,1.000,155965.18,2000008189,00010,428724491,261,,,VZIREQ02,
1000000297,0001,false,false,000000000030000128,3000,SP03,2025-10-28T00:00:00,1.000,EA,0.000,0.00,2000008190,00010,437582395,261,,,VZIREQ03,SESS-000281
1000000298,0001,false,false,000000000030000128,1000,SP01,2026-04-10T00:00:00,2.000,EA,0.000,0.00,2000008191,00010,411705823,261,,,VZIREQ03,SESS-000282
1000000299,0001,false,true,000000000030000129,3000,SP03,2025-12-27T00:00:00,3.000,EA,3.000,950936.07,2000008192,00010,438473914,261,,,VZIREQ02,SESS-000283
1000000300,0001,false,true,000000000030000129,3000,SP03,2026-01-13T00:00:00,4.000,EA,4.000,1267914.76,2000008193,00010,432806907,261,,,VZIREQ02,SESS-000284
1000000301,0001,false,false,000000000030000129,3000,SP03,2025-12-19T00:00:00,1.000,EA,0.000,0.00,2000008194,00010,434643736,261,,,VZIREQ04,SESS-000285
1000000302,0001,false,true,000000000030000130,2000,SP02,2026-06-29T00:00:00,2.000,EA,2.000,298828.06,2000008195,00010,422125177,261,,,VZIREQ01,SESS-000286
1000000303,0001,false,true,000000000030000130,2000,SP02,2026-03-24T00:00:00,4.000,EA,4.000,597656.12,2000008196,00010,422954211,261,,,VZIREQ04,SESS-000287
1000000304,0001,false,false,000000000030000130,4000,SP04,2026-02-08T00:00:00,4.000,EA,0.000,0.00,2000008197,00010,443832694,261,,,VZIREQ01,SESS-000288
1000000305,0001,false,true,000000000030000131,2000,SP02,2026-04-05T00:00:00,3.000,EA,2.000,191246.86,2000008198,00010,427036858,261,,,VZIREQ03,SESS-000289
1000000306,0001,false,false,000000000030000131,2000,SP02,2026-01-15T00:00:00,3.000,EA,0.000,0.00,2000008199,00010,423988895,261,,,VZIREQ01,SESS-000290
1000000307,0001,false,false,000000000030000131,2000,SP02,2026-02-19T00:00:00,3.000,EA,0.000,0.00,2000008200,00010,421797254,261,,,VZIREQ05,SESS-000291
1000000308,0001,false,true,000000000030000132,4000,SP04,2026-06-14T00:00:00,4.000,EA,4.000,465275.00,2000008201,00010,449448865,261,,,VZIREQ03,
1000000309,0001,false,false,000000000030000133,3000,SP03,2026-03-30T00:00:00,1.000,EA,0.000,0.00,2000008202,00010,436439364,261,,,VZIREQ04,SESS-000292
1000000310,0001,false,true,000000000030000133,3000,SP03,2025-10-31T00:00:00,3.000,EA,3.000,306479.94,2000008203,00010,435924937,261,,,VZIREQ03,SESS-000293
1000000311,0001,false,false,000000000030000134,2000,SP02,2026-05-18T00:00:00,3.000,EA,0.000,0.00,2000008204,00010,426349739,261,,,VZIREQ02,SESS-000294
1000000312,0001,false,true,000000000030000134,2000,SP02,2025-12-27T00:00:00,4.000,EA,4.000,441688.00,2000008205,00010,426119414,261,,,VZIREQ04,SESS-000295
1000000313,0001,false,false,000000000030000134,2000,SP02,2025-12-29T00:00:00,4.000,EA,0.000,0.00,2000008206,00010,422983977,261,,,VZIREQ01,SESS-000296
1000000314,0001,false,true,000000000030000135,4000,SP04,2025-11-09T00:00:00,2.000,EA,2.000,229143.66,2000008207,00010,449356013,261,,,VZIREQ01,SESS-000297
1000000315,0001,false,true,000000000030000136,3000,SP03,2026-03-01T00:00:00,4.000,EA,4.000,683016.00,2000008208,00010,434307354,261,,,VZIREQ03,SESS-000298
1000000316,0001,false,true,000000000030000136,3000,SP03,2026-05-07T00:00:00,3.000,EA,3.000,512262.00,2000008209,00010,431181133,261,,,VZIREQ03,SESS-000299
1000000317,0001,false,false,000000000030000137,2000,SP02,2025-11-21T00:00:00,2.000,EA,0.000,0.00,2000008210,00010,427528868,261,,,VZIREQ02,SESS-000300
1000000318,0001,false,false,000000000030000137,3000,SP03,2025-09-22T00:00:00,2.000,EA,0.000,0.00,2000008211,00010,435287511,261,,,VZIREQ05,SESS-000301
1000000319,0001,false,true,000000000030000138,4000,SP04,2026-02-26T00:00:00,2.000,EA,2.000,112442.66,2000008212,00010,447383631,261,,,VZIREQ03,SESS-000302
1000000320,0001,false,false,000000000030000139,3000,SP03,2025-11-24T00:00:00,3.000,EA,2.000,285638.24,2000008213,00010,432928307,261,,,VZIREQ05,SESS-000303
1000000321,0001,false,false,000000000030000139,3000,SP03,2026-05-07T00:00:00,2.000,EA,0.000,0.00,2000008214,00010,436215899,261,,,VZIREQ04,SESS-000304
1000000322,0001,false,false,000000000030000139,1000,SP01,2026-08-03T00:00:00,4.000,EA,0.000,0.00,2000008215,00010,419512231,261,,,VZIREQ03,SESS-000305
1000000323,0001,false,false,000000000030000139,1000,SP01,2026-03-11T00:00:00,4.000,EA,0.000,0.00,2000008216,00010,416130397,261,,,VZIREQ05,SESS-000306
1000000324,0001,false,true,000000000030000139,1000,SP01,2026-02-25T00:00:00,2.000,EA,1.000,142819.12,2000008217,00010,415685227,261,,,VZIREQ03,SESS-000307
1000000325,0001,false,false,000000000030000140,1000,SP01,2025-10-20T00:00:00,2.000,EA,1.000,105302.31,2000008218,00010,418846252,261,,,VZIREQ02,SESS-000308
1000000326,0001,false,true,000000000030000140,1000,SP01,2026-03-15T00:00:00,2.000,EA,2.000,210604.62,2000008219,00010,419077640,261,,,VZIREQ01,SESS-000309
1000000327,0001,false,false,000000000030000140,1000,SP01,2026-05-05T00:00:00,3.000,EA,0.000,0.00,2000008220,00010,412605727,261,,,VZIREQ05,SESS-000310
1000000328,0001,false,true,000000000030000140,3000,SP03,2026-03-10T00:00:00,3.000,EA,3.000,315906.93,2000008221,00010,435094424,261,,,VZIREQ05,SESS-000311
1000000329,0001,false,true,000000000030000140,3000,SP03,2025-10-09T00:00:00,2.000,EA,2.000,210604.62,2000008222,00010,434156783,261,,,VZIREQ04,SESS-000312
1000000330,0001,false,true,000000000030000141,3000,SP03,2026-05-18T00:00:00,2.000,EA,2.000,21491.44,2000008223,00010,439515462,261,,,VZIREQ04,SESS-000313
1000000331,0001,false,true,000000000030000142,2000,SP02,2025-11-27T00:00:00,4.000,EA,2.000,168141.72,2000008224,00010,423832473,261,,,VZIREQ02,SESS-000314
1000000332,0001,false,true,000000000030000142,2000,SP02,2026-07-27T00:00:00,4.000,EA,4.000,336283.44,2000008225,00010,429554649,261,,,VZIREQ01,SESS-000315
1000000333,0001,false,true,000000000030000143,3000,SP03,2025-12-31T00:00:00,1.000,EA,1.000,783308.66,2000008226,00010,432156340,261,,,VZIREQ04,SESS-000316
1000000334,0001,false,true,000000000030000143,3000,SP03,2025-11-04T00:00:00,3.000,EA,3.000,2349925.98,2000008227,00010,436084640,261,,,VZIREQ01,SESS-000317
1000000335,0001,false,false,000000000030000144,1000,SP01,2026-04-03T00:00:00,3.000,EA,0.000,0.00,2000008228,00010,412460611,261,,,VZIREQ05,SESS-000318
1000000336,0001,false,false,000000000030000144,1000,SP01,2025-09-28T00:00:00,3.000,EA,0.000,0.00,2000008229,00010,411687925,261,,,VZIREQ04,SESS-000319
1000000337,0001,false,false,000000000030000144,1000,SP01,2026-01-04T00:00:00,3.000,EA,0.000,0.00,2000008230,00010,417429669,261,,,VZIREQ03,SESS-000320
1000000338,0001,false,true,000000000030000144,4000,SP04,2025-10-19T00:00:00,2.000,EA,2.000,299866.02,2000008231,00010,444388195,261,,,VZIREQ04,SESS-000321
1000000339,0001,false,true,000000000030000144,4000,SP04,2026-05-24T00:00:00,4.000,EA,4.000,599732.04,2000008232,00010,447878981,261,,,VZIREQ03,SESS-000322
1000000340,0001,false,false,000000000030000145,4000,SP04,2026-04-03T00:00:00,3.000,EA,0.000,0.00,2000008233,00010,446266728,261,,,VZIREQ02,SESS-000323
1000000341,0001,false,false,000000000030000146,2000,SP02,2026-05-30T00:00:00,4.000,EA,0.000,0.00,2000008234,00010,428717157,261,,,VZIREQ04,SESS-000324
1000000342,0001,false,false,000000000030000146,2000,SP02,2026-06-12T00:00:00,3.000,EA,0.000,0.00,2000008235,00010,424708166,261,,,VZIREQ04,SESS-000325
1000000343,0001,false,false,000000000030000146,2000,SP02,2026-05-20T00:00:00,1.000,EA,0.000,0.00,2000008236,00010,421207008,261,,,VZIREQ04,SESS-000326
1000000344,0001,false,false,000000000030000147,2000,SP02,2026-03-06T00:00:00,4.000,EA,0.000,0.00,2000008237,00010,425418155,261,,,VZIREQ03,SESS-000327
1000000345,0001,false,false,000000000030000147,2000,SP02,2026-03-03T00:00:00,2.000,EA,0.000,0.00,2000008238,00010,423320363,261,,,VZIREQ01,SESS-000328
1000000346,0001,false,false,000000000030000147,2000,SP02,2026-05-07T00:00:00,1.000,EA,1.000,33056.50,2000008239,00010,422518051,261,,,VZIREQ03,SESS-000329
1000000347,0001,false,false,000000000030000148,1000,SP01,2025-11-03T00:00:00,4.000,EA,0.000,0.00,2000008240,00010,411363451,261,,,VZIREQ02,SESS-000330
1000000348,0001,false,true,000000000030000149,4000,SP04,2025-09-10T00:00:00,4.000,EA,2.000,74292.30,2000008241,00010,444145284,261,,,VZIREQ05,SESS-000331
1000000349,0001,false,true,000000000030000150,1000,SP01,2026-03-23T00:00:00,3.000,EA,1.000,96682.84,2000008242,00010,413992276,261,,,VZIREQ03,SESS-000332
1000000350,0001,false,false,000000000030000150,2000,SP02,2026-01-16T00:00:00,2.000,EA,0.000,0.00,2000008243,00010,425984680,261,,,VZIREQ01,SESS-000333
1000000351,0001,false,false,000000000030000151,2000,SP02,2026-03-16T00:00:00,1.000,EA,0.000,0.00,2000008244,00010,424145641,261,,,VZIREQ04,SESS-000334
1000000352,0001,false,false,000000000030000151,2000,SP02,2026-04-17T00:00:00,4.000,EA,0.000,0.00,2000008245,00010,423662260,261,,,VZIREQ02,SESS-000335
1000000353,0001,false,false,000000000030000151,2000,SP02,2026-01-23T00:00:00,2.000,EA,0.000,0.00,2000008246,00010,428800617,261,,,VZIREQ05,SESS-000336
1000000354,0001,false,true,000000000030000152,4000,SP04,2026-03-28T00:00:00,2.000,EA,1.000,138594.89,2000008247,00010,447310001,261,,,VZIREQ05,SESS-000337
1000000355,0001,false,false,000000000030000152,4000,SP04,2026-02-21T00:00:00,1.000,EA,0.000,0.00,2000008248,00010,443398762,261,,,VZIREQ01,SESS-000338
1000000356,0001,false,false,000000000030000152,4000,SP04,2026-03-13T00:00:00,1.000,EA,1.000,138594.89,2000008249,00010,445141352,261,,,VZIREQ02,SESS-000339
1000000357,0001,false,true,000000000030000153,3000,SP03,2026-05-30T00:00:00,4.000,EA,4.000,239842.64,2000008250,00010,437991359,261,,,VZIREQ05,SESS-000340
1000000358,0001,false,true,000000000030000153,3000,SP03,2026-06-12T00:00:00,1.000,EA,1.000,59960.66,2000008251,00010,431135496,261,,,VZIREQ05,SESS-000341
1000000359,0001,false,true,000000000030000153,3000,SP03,2026-03-18T00:00:00,2.000,EA,2.000,119921.32,2000008252,00010,433615260,261,,,VZIREQ05,
1000000360,0001,false,false,000000000030000154,3000,SP03,2025-08-21T00:00:00,3.000,EA,0.000,0.00,2000008253,00010,435211985,261,,,VZIREQ02,SESS-000342
1000000361,0001,false,true,000000000030000154,3000,SP03,2025-12-04T00:00:00,3.000,EA,1.000,136435.20,2000008254,00010,433102412,261,,,VZIREQ05,SESS-000343
1000000362,0001,false,true,000000000030000155,3000,SP03,2025-11-03T00:00:00,2.000,EA,2.000,176581.24,2000008255,00010,432132985,261,,,VZIREQ04,SESS-000344
1000000363,0001,false,true,000000000030000155,3000,SP03,2025-12-25T00:00:00,1.000,EA,1.000,88290.62,2000008256,00010,434163885,261,,,VZIREQ05,SESS-000345
1000000364,0001,false,true,000000000030000155,2000,SP02,2026-05-15T00:00:00,3.000,EA,3.000,264871.86,2000008257,00010,426059711,261,,,VZIREQ02,SESS-000346
1000000365,0001,false,true,000000000030000155,2000,SP02,2026-03-11T00:00:00,3.000,EA,3.000,264871.86,2000008258,00010,427746688,261,,,VZIREQ03,SESS-000347
1000000366,0001,false,false,000000000030000156,4000,SP04,2026-01-19T00:00:00,3.000,EA,0.000,0.00,2000008259,00010,444697704,261,,,VZIREQ02,SESS-000348
1000000367,0001,false,false,000000000030000156,4000,SP04,2025-12-15T00:00:00,1.000,EA,0.000,0.00,2000008260,00010,448884908,261,,,VZIREQ01,SESS-000349
1000000368,0001,false,false,000000000030000156,4000,SP04,2026-01-26T00:00:00,3.000,EA,0.000,0.00,2000008261,00010,449921873,261,,,VZIREQ05,SESS-000350
1000000369,0001,false,false,000000000030000157,4000,SP04,2026-05-21T00:00:00,3.000,EA,0.000,0.00,2000008262,00010,443617098,261,,,VZIREQ03,SESS-000351
1000000370,0001,false,true,000000000030000158,3000,SP03,2026-07-18T00:00:00,2.000,EA,2.000,12051.90,2000008263,00010,438620248,261,,,VZIREQ05,SESS-000352
1000000371,0001,false,true,000000000030000158,3000,SP03,2026-03-24T00:00:00,4.000,EA,4.000,24103.80,2000008264,00010,436774047,261,,,VZIREQ05,SESS-000353
1000000372,0001,false,true,000000000030000158,1000,SP01,2026-04-07T00:00:00,3.000,EA,3.000,18077.85,2000008265,00010,417681718,261,,,VZIREQ02,
1000000373,0001,false,true,000000000030000159,1000,SP01,2026-04-30T00:00:00,3.000,EA,3.000,1940290.35,2000008266,00010,418203469,261,,,VZIREQ03,SESS-000354
1000000374,0001,false,false,000000000030000159,1000,SP01,2025-08-08T00:00:00,4.000,EA,2.000,1293526.90,2000008267,00010,413735312,261,,,VZIREQ02,SESS-000355
1000000375,0001,false,true,000000000030000160,4000,SP04,2026-08-14T00:00:00,1.000,EA,1.000,53956.62,2000008268,00010,448394917,261,,,VZIREQ01,
1000000376,0001,false,true,000000000030000160,4000,SP04,2026-03-15T00:00:00,2.000,EA,2.000,107913.24,2000008269,00010,442084410,261,,,VZIREQ03,SESS-000356
1000000377,0001,false,false,000000000030000160,4000,SP04,2025-12-14T00:00:00,3.000,EA,0.000,0.00,2000008270,00010,447524181,261,,,VZIREQ04,SESS-000357
1000000378,0001,false,true,000000000030000161,3000,SP03,2026-06-25T00:00:00,4.000,EA,4.000,459912.36,2000008271,00010,433465184,261,,,VZIREQ02,
1000000379,0001,false,true,000000000030000161,3000,SP03,2026-01-16T00:00:00,2.000,EA,1.000,114978.09,2000008272,00010,434923041,261,,,VZIREQ03,SESS-000358
1000000380,0001,false,true,000000000030000162,2000,SP02,2025-12-25T00:00:00,1.000,EA,1.000,107086.82,2000008273,00010,427738786,261,,,VZIREQ05,SESS-000359
1000000381,0001,false,false,000000000030000162,2000,SP02,2025-12-21T00:00:00,4.000,EA,0.000,0.00,2000008274,00010,421721669,261,,,VZIREQ03,SESS-000360
1000000382,0001,false,true,000000000030000162,2000,SP02,2026-04-09T00:00:00,3.000,EA,3.000,321260.46,2000008275,00010,422160603,261,,,VZIREQ04,SESS-000361
1000000383,0001,false,true,000000000030000163,3000,SP03,2025-12-16T00:00:00,1.000,EA,1.000,508542.11,2000008276,00010,432606358,261,,,VZIREQ05,SESS-000362
1000000384,0001,false,true,000000000030000163,3000,SP03,2026-05-22T00:00:00,4.000,EA,4.000,2034168.44,2000008277,00010,439100647,261,,,VZIREQ01,
1000000385,0001,false,true,000000000030000164,4000,SP04,2026-08-03T00:00:00,2.000,EA,1.000,86606.76,2000008278,00010,443454610,261,,,VZIREQ04,SESS-000363
1000000386,0001,false,true,000000000030000165,1000,SP01,2026-04-03T00:00:00,4.000,EA,2.000,316607.10,2000008279,00010,415907852,261,,,VZIREQ05,SESS-000364
1000000387,0001,false,false,000000000030000166,1000,SP01,2026-05-02T00:00:00,3.000,EA,0.000,0.00,2000008280,00010,415950132,261,,,VZIREQ04,SESS-000365
1000000388,0001,false,true,000000000030000166,1000,SP01,2026-07-16T00:00:00,2.000,EA,2.000,261744.08,2000008281,00010,419793885,261,,,VZIREQ01,SESS-000366
1000000389,0001,false,false,000000000030000166,1000,SP01,2026-06-16T00:00:00,1.000,EA,0.000,0.00,2000008282,00010,419568406,261,,,VZIREQ04,SESS-000367
1000000390,0001,false,true,000000000030000167,2000,SP02,2026-03-08T00:00:00,2.000,EA,1.000,714230.08,2000008283,00010,422950328,261,,,VZIREQ03,SESS-000368
1000000391,0001,false,true,000000000030000167,2000,SP02,2025-10-26T00:00:00,1.000,EA,1.000,714230.08,2000008284,00010,429523263,261,,,VZIREQ03,SESS-000369
1000000392,0001,false,false,000000000030000167,2000,SP02,2025-08-20T00:00:00,3.000,EA,0.000,0.00,2000008285,00010,427111719,261,,,VZIREQ05,SESS-000370
1000000393,0001,false,true,000000000030000168,4000,SP04,2026-05-03T00:00:00,1.000,EA,1.000,119977.94,2000008286,00010,449554304,261,,,VZIREQ03,SESS-000371
1000000394,0001,false,true,000000000030000169,3000,SP03,2026-04-04T00:00:00,2.000,EA,2.000,18319.38,2000008287,00010,433312341,261,,,VZIREQ04,SESS-000372
1000000395,0001,false,true,000000000030000170,4000,SP04,2026-05-27T00:00:00,2.000,EA,2.000,167148.88,2000008288,00010,447144505,261,,,VZIREQ02,SESS-000373
1000000396,0001,false,false,000000000030000170,4000,SP04,2026-03-29T00:00:00,3.000,EA,0.000,0.00,2000008289,00010,441414458,261,,,VZIREQ05,SESS-000374
1000000397,0001,false,false,000000000030000171,4000,SP04,2025-12-02T00:00:00,2.000,EA,0.000,0.00,2000008290,00010,446579160,261,,,VZIREQ03,SESS-000375
1000000398,0001,false,true,000000000030000171,4000,SP04,2025-10-21T00:00:00,3.000,EA,2.000,264757.96,2000008291,00010,444832893,261,,,VZIREQ01,SESS-000376
1000000399,0001,false,false,000000000030000172,2000,SP02,2026-07-19T00:00:00,1.000,EA,0.000,0.00,2000008292,00010,427239157,261,,,VZIREQ03,SESS-000377
1000000400,0001,false,false,000000000030000172,2000,SP02,2026-05-14T00:00:00,2.000,EA,0.000,0.00,2000008293,00010,421965459,261,,,VZIREQ04,SESS-000378
1000000401,0001,false,false,000000000030000173,4000,SP04,2026-01-09T00:00:00,4.000,EA,0.000,0.00,2000008294,00010,448759148,261,,,VZIREQ04,SESS-000379
1000000402,0001,false,false,000000000030000173,4000,SP04,2025-11-04T00:00:00,4.000,EA,0.000,0.00,2000008295,00010,443216637,261,,,VZIREQ04,SESS-000380
1000000403,0001,false,false,000000000030000173,4000,SP04,2025-10-24T00:00:00,2.000,EA,0.000,0.00,2000008296,00010,441508951,261,,,VZIREQ01,SESS-000381
1000000404,0001,false,true,000000000030000174,1000,SP01,2025-11-01T00:00:00,4.000,EA,3.000,434016.60,2000008297,00010,412021042,261,,,VZIREQ04,SESS-000382
1000000405,0001,false,true,000000000030000174,1000,SP01,2026-05-16T00:00:00,3.000,EA,2.000,289344.40,2000008298,00010,417435284,261,,,VZIREQ03,SESS-000383
1000000406,0001,false,true,000000000030000174,1000,SP01,2025-09-12T00:00:00,3.000,EA,1.000,144672.20,2000008299,00010,413505679,261,,,VZIREQ04,SESS-000384
1000000407,0001,false,false,000000000030000174,2000,SP02,2026-04-19T00:00:00,4.000,EA,0.000,0.00,2000008300,00010,427922006,261,,,VZIREQ05,SESS-000385
1000000408,0001,false,true,000000000030000174,2000,SP02,2025-12-29T00:00:00,3.000,EA,3.000,434016.60,2000008301,00010,426223945,261,,,VZIREQ02,SESS-000386
1000000409,0001,false,true,000000000030000175,3000,SP03,2026-03-27T00:00:00,1.000,EA,1.000,174949.78,2000008302,00010,433004065,261,,,VZIREQ01,SESS-000387
1000000410,0001,false,true,000000000030000175,1000,SP01,2025-11-13T00:00:00,4.000,EA,2.000,349899.56,2000008303,00010,417463741,261,,,VZIREQ03,SESS-000388
1000000411,0001,false,false,000000000030000175,1000,SP01,2026-08-04T00:00:00,2.000,EA,0.000,0.00,2000008304,00010,419559457,261,,,VZIREQ02,SESS-000389
1000000412,0001,false,false,000000000030000175,1000,SP01,2026-02-18T00:00:00,4.000,EA,0.000,0.00,2000008305,00010,419876059,261,,,VZIREQ03,SESS-000390
1000000413,0001,false,false,000000000030000176,3000,SP03,2026-02-09T00:00:00,4.000,EA,2.000,949878.62,2000008306,00010,436967163,261,,,VZIREQ05,SESS-000391
1000000414,0001,false,true,000000000030000176,3000,SP03,2026-04-25T00:00:00,1.000,EA,1.000,474939.31,2000008307,00010,434323302,261,,,VZIREQ02,
1000000415,0001,false,false,000000000030000177,2000,SP02,2025-12-11T00:00:00,4.000,EA,0.000,0.00,2000008308,00010,423793435,261,,,VZIREQ03,SESS-000392
1000000416,0001,false,true,000000000030000177,2000,SP02,2026-04-14T00:00:00,1.000,EA,1.000,119011.81,2000008309,00010,429958541,261,,,VZIREQ04,SESS-000393
1000000417,0001,false,true,000000000030000178,3000,SP03,2026-01-31T00:00:00,1.000,EA,1.000,218849.01,2000008310,00010,434801824,261,,,VZIREQ01,SESS-000394
1000000418,0001,false,false,000000000030000178,3000,SP03,2026-04-13T00:00:00,4.000,EA,0.000,0.00,2000008311,00010,433123599,261,,,VZIREQ03,SESS-000395
1000000419,0001,false,false,000000000030000178,3000,SP03,2026-04-13T00:00:00,2.000,EA,0.000,0.00,2000008312,00010,435202381,261,,,VZIREQ03,SESS-000396
1000000420,0001,false,false,000000000030000178,4000,SP04,2026-04-14T00:00:00,3.000,EA,0.000,0.00,2000008313,00010,447028687,261,,,VZIREQ02,SESS-000397
1000000421,0001,false,true,000000000030000178,4000,SP04,2025-11-27T00:00:00,3.000,EA,3.000,656547.03,2000008314,00010,449341684,261,,,VZIREQ01,SESS-000398
1000000422,0001,false,false,000000000030000178,4000,SP04,2025-12-19T00:00:00,2.000,EA,0.000,0.00,2000008315,00010,447783624,261,,,VZIREQ01,SESS-000399
1000000423,0001,false,true,000000000030000179,1000,SP01,2026-06-16T00:00:00,3.000,EA,3.000,489167.70,2000008316,00010,417240651,261,,,VZIREQ04,SESS-000400
1000000424,0001,false,false,000000000030000179,1000,SP01,2026-06-26T00:00:00,4.000,EA,0.000,0.00,2000008317,00010,414261225,261,,,VZIREQ01,SESS-000401
1000000425,0001,false,false,000000000030000180,4000,SP04,2026-01-31T00:00:00,1.000,EA,0.000,0.00,2000008318,00010,443945465,261,,,VZIREQ04,SESS-000402
1000000426,0001,false,true,000000000030000180,1000,SP01,2026-05-04T00:00:00,3.000,EA,3.000,375580.29,2000008319,00010,414912846,261,,,VZIREQ02,SESS-000403
1000000427,0001,false,true,000000000030000181,1000,SP01,2026-04-09T00:00:00,1.000,EA,1.000,61956.61,2000008320,00010,418035202,261,,,VZIREQ02,SESS-000404
1000000428,0001,false,true,000000000030000182,1000,SP01,2026-01-25T00:00:00,4.000,EA,4.000,448964.52,2000008321,00010,416594079,261,,,VZIREQ04,SESS-000405
1000000429,0001,false,false,000000000030000182,1000,SP01,2025-12-29T00:00:00,4.000,EA,0.000,0.00,2000008322,00010,414960822,261,,,VZIREQ03,SESS-000406
1000000430,0001,false,false,000000000030000182,1000,SP01,2026-05-03T00:00:00,1.000,EA,0.000,0.00,2000008323,00010,419319538,261,,,VZIREQ05,SESS-000407
1000000431,0001,false,false,000000000030000182,3000,SP03,2026-04-01T00:00:00,3.000,EA,0.000,0.00,2000008324,00010,431873633,261,,,VZIREQ05,SESS-000408
1000000432,0001,false,false,000000000030000183,4000,SP04,2025-10-15T00:00:00,2.000,EA,0.000,0.00,2000008325,00010,441505251,261,,,VZIREQ03,SESS-000409
1000000433,0001,false,false,000000000030000183,4000,SP04,2026-04-19T00:00:00,1.000,EA,0.000,0.00,2000008326,00010,442385564,261,,,VZIREQ03,SESS-000410
1000000434,0001,false,false,000000000030000183,4000,SP04,2026-02-05T00:00:00,2.000,EA,0.000,0.00,2000008327,00010,447391207,261,,,VZIREQ03,SESS-000411
1000000435,0001,false,false,000000000030000183,1000,SP01,2026-06-11T00:00:00,1.000,EA,0.000,0.00,2000008328,00010,419873419,261,,,VZIREQ04,SESS-000412
1000000436,0001,false,false,000000000030000184,1000,SP01,2026-03-20T00:00:00,4.000,EA,0.000,0.00,2000008329,00010,415585369,261,,,VZIREQ03,SESS-000413
1000000437,0001,false,true,000000000030000184,1000,SP01,2025-11-12T00:00:00,4.000,EA,4.000,478638.92,2000008330,00010,416307646,261,,,VZIREQ01,SESS-000414
1000000438,0001,false,true,000000000030000184,1000,SP01,2026-05-02T00:00:00,3.000,EA,3.000,358979.19,2000008331,00010,411538212,261,,,VZIREQ04,SESS-000415
1000000439,0001,false,false,000000000030000185,4000,SP04,2025-12-03T00:00:00,3.000,EA,0.000,0.00,2000008332,00010,449137140,261,,,VZIREQ03,SESS-000416
1000000440,0001,false,false,000000000030000185,1000,SP01,2026-04-16T00:00:00,1.000,EA,0.000,0.00,2000008333,00010,415462797,261,,,VZIREQ02,SESS-000417
1000000441,0001,false,true,000000000030000186,2000,SP02,2026-01-02T00:00:00,1.000,EA,1.000,112241.96,2000008334,00010,426469403,261,,,VZIREQ03,SESS-000418
1000000442,0001,false,false,000000000030000186,2000,SP02,2025-10-14T00:00:00,3.000,EA,0.000,0.00,2000008335,00010,428053017,261,,,VZIREQ02,SESS-000419
1000000443,0001,false,false,000000000030000186,2000,SP02,2026-05-22T00:00:00,4.000,EA,0.000,0.00,2000008336,00010,422741621,261,,,VZIREQ05,SESS-000420
1000000444,0001,false,false,000000000030000187,1000,SP01,2026-01-21T00:00:00,2.000,EA,0.000,0.00,2000008337,00010,413064589,261,,,VZIREQ01,SESS-000421
1000000445,0001,false,true,000000000030000188,4000,SP04,2025-12-06T00:00:00,2.000,EA,2.000,16153.62,2000008338,00010,441960527,261,,,VZIREQ05,SESS-000422
1000000446,0001,false,false,000000000030000189,4000,SP04,2025-12-28T00:00:00,1.000,EA,0.000,0.00,2000008339,00010,448647997,261,,,VZIREQ04,SESS-000423
1000000447,0001,false,false,000000000030000189,4000,SP04,2026-04-08T00:00:00,2.000,EA,0.000,0.00,2000008340,00010,449230356,261,,,VZIREQ05,SESS-000424
1000000448,0001,false,false,000000000030000190,2000,SP02,2025-11-12T00:00:00,3.000,EA,2.000,68194.52,2000008341,00010,424807261,261,,,VZIREQ04,SESS-000425
1000000449,0001,false,false,000000000030000190,4000,SP04,2025-09-02T00:00:00,3.000,EA,0.000,0.00,2000008342,00010,442684623,261,,,VZIREQ05,SESS-000426
1000000450,0001,false,false,000000000030000190,4000,SP04,2026-03-02T00:00:00,2.000,EA,0.000,0.00,2000008343,00010,443830063,261,,,VZIREQ01,SESS-000427
1000000451,0001,false,false,000000000030000190,4000,SP04,2026-02-26T00:00:00,2.000,EA,0.000,0.00,2000008344,00010,444401413,261,,,VZIREQ01,SESS-000428
1000000452,0001,false,false,000000000030000191,1000,SP01,2026-07-21T00:00:00,2.000,EA,0.000,0.00,2000008345,00010,415872587,261,,,VZIREQ02,SESS-000429
1000000453,0001,false,false,000000000030000192,2000,SP02,2026-01-31T00:00:00,3.000,EA,0.000,0.00,2000008346,00010,422925957,261,,,VZIREQ05,SESS-000430
1000000454,0001,false,false,000000000030000193,1000,SP01,2025-12-02T00:00:00,4.000,EA,0.000,0.00,2000008347,00010,414720337,261,,,VZIREQ04,SESS-000431
1000000455,0001,false,false,000000000030000193,2000,SP02,2025-09-13T00:00:00,3.000,EA,0.000,0.00,2000008348,00010,425857675,261,,,VZIREQ01,SESS-000432
1000000456,0001,false,true,000000000030000193,2000,SP02,2025-11-09T00:00:00,3.000,EA,2.000,824549.20,2000008349,00010,421171053,261,,,VZIREQ03,SESS-000433
1000000457,0001,false,false,000000000030000193,2000,SP02,2026-03-27T00:00:00,4.000,EA,0.000,0.00,2000008350,00010,422429288,261,,,VZIREQ05,SESS-000434
1000000458,0001,false,true,000000000030000194,4000,SP04,2025-08-23T00:00:00,2.000,EA,1.000,485868.82,2000008351,00010,446824470,261,,,VZIREQ03,SESS-000435
1000000459,0001,false,false,000000000030000194,4000,SP04,2026-02-11T00:00:00,2.000,EA,0.000,0.00,2000008352,00010,449632636,261,,,VZIREQ03,SESS-000436
1000000460,0001,false,false,000000000030000195,3000,SP03,2026-01-14T00:00:00,1.000,EA,0.000,0.00,2000008353,00010,435476597,261,,,VZIREQ04,SESS-000437
1000000461,0001,false,true,000000000030000196,2000,SP02,2026-05-20T00:00:00,2.000,EA,2.000,65281.04,2000008354,00010,427041390,261,,,VZIREQ02,
1000000462,0001,false,false,000000000030000197,2000,SP02,2025-11-06T00:00:00,1.000,EA,0.000,0.00,2000008355,00010,421017034,261,,,VZIREQ03,SESS-000438
1000000463,0001,false,true,000000000030000197,2000,SP02,2026-05-28T00:00:00,2.000,EA,2.000,256346.16,2000008356,00010,427617184,261,,,VZIREQ02,SESS-000439
1000000464,0001,false,true,000000000030000197,1000,SP01,2025-07-07T00:00:00,3.000,EA,3.000,384519.24,2000008357,00010,414899262,261,,,VZIREQ03,
1000000465,0001,false,false,000000000030000197,1000,SP01,2025-09-10T00:00:00,2.000,EA,0.000,0.00,2000008358,00010,415281935,261,,,VZIREQ01,SESS-000440
1000000466,0001,false,false,000000000030000198,3000,SP03,2026-03-22T00:00:00,4.000,EA,0.000,0.00,2000008359,00010,432365483,261,,,VZIREQ03,SESS-000441
1000000467,0001,false,false,000000000030000199,3000,SP03,2025-12-01T00:00:00,1.000,EA,1.000,149109.21,2000008360,00010,436771737,261,,,VZIREQ03,SESS-000442
1000000468,0001,false,false,000000000030000200,1000,SP01,2026-03-21T00:00:00,2.000,EA,0.000,0.00,2000008361,00010,414782556,261,,,VZIREQ01,SESS-000443
1000000469,0001,false,true,000000000030000200,1000,SP01,2026-02-10T00:00:00,2.000,EA,2.000,101084.78,2000008362,00010,417601672,261,,,VZIREQ04,SESS-000444
1000000470,0001,false,false,000000000030000200,1000,SP01,2026-04-16T00:00:00,2.000,EA,0.000,0.00,2000008363,00010,419407937,261,,,VZIREQ05,SESS-000445
1000000471,0001,false,false,000000000030000201,4000,SP04,2026-06-06T00:00:00,4.000,EA,0.000,0.00,2000008364,00010,445968626,261,,,VZIREQ01,SESS-000446
1000000472,0001,false,true,000000000030000201,4000,SP04,2025-11-27T00:00:00,1.000,EA,1.000,124307.17,2000008365,00010,441355405,261,,,VZIREQ02,SESS-000447
1000000473,0001,false,false,000000000030000201,3000,SP03,2026-02-28T00:00:00,1.000,EA,0.000,0.00,2000008366,00010,433681338,261,,,VZIREQ01,SESS-000448
1000000474,0001,false,true,000000000030000201,3000,SP03,2026-02-08T00:00:00,1.000,EA,1.000,124307.17,2000008367,00010,439946015,261,,,VZIREQ04,SESS-000449
1000000475,0001,false,true,000000000030000202,3000,SP03,2025-12-26T00:00:00,3.000,EA,3.000,187912.17,2000008368,00010,434309602,261,,,VZIREQ01,
1000000476,0001,false,false,000000000030000202,3000,SP03,2026-01-23T00:00:00,3.000,EA,0.000,0.00,2000008369,00010,438689820,261,,,VZIREQ02,SESS-000450
1000000477,0001,false,false,000000000030000203,2000,SP02,2026-02-04T00:00:00,3.000,EA,0.000,0.00,2000008370,00010,429685064,261,,,VZIREQ03,SESS-000451
1000000478,0001,false,true,000000000030000203,2000,SP02,2026-03-07T00:00:00,3.000,EA,3.000,1746513.75,2000008371,00010,428253126,261,,,VZIREQ05,SESS-000452
1000000479,0001,false,true,000000000030000203,2000,SP02,2026-05-01T00:00:00,2.000,EA,2.000,1164342.50,2000008372,00010,426776528,261,,,VZIREQ04,
1000000480,0001,false,false,000000000030000204,1000,SP01,2026-01-04T00:00:00,2.000,EA,0.000,0.00,2000008373,00010,414743347,261,,,VZIREQ02,SESS-000453
1000000481,0001,false,false,000000000030000204,3000,SP03,2026-06-02T00:00:00,1.000,EA,1.000,74953.52,2000008374,00010,434729771,261,,,VZIREQ01,SESS-000454
1000000482,0001,false,true,000000000030000205,3000,SP03,2025-11-28T00:00:00,1.000,EA,1.000,26734.02,2000008375,00010,439233931,261,,,VZIREQ03,SESS-000455
1000000483,0001,false,false,000000000030000205,3000,SP03,2026-02-22T00:00:00,4.000,EA,0.000,0.00,2000008376,00010,437553601,261,,,VZIREQ01,SESS-000456
1000000484,0001,false,false,000000000030000205,3000,SP03,2026-02-05T00:00:00,1.000,EA,0.000,0.00,2000008377,00010,438947123,261,,,VZIREQ04,SESS-000457
1000000485,0001,false,true,000000000030000206,1000,SP01,2026-01-17T00:00:00,1.000,EA,1.000,162092.01,2000008378,00010,416185858,261,,,VZIREQ05,SESS-000458
1000000486,0001,false,false,000000000030000207,1000,SP01,2026-07-01T00:00:00,1.000,EA,0.000,0.00,2000008379,00010,415668067,261,,,VZIREQ01,SESS-000459
1000000487,0001,false,false,000000000030000207,1000,SP01,2026-08-31T00:00:00,2.000,EA,0.000,0.00,2000008380,00010,413189258,261,,,VZIREQ01,SESS-000460
1000000488,0001,false,false,000000000030000207,1000,SP01,2026-07-15T00:00:00,3.000,EA,0.000,0.00,2000008381,00010,412374318,261,,,VZIREQ02,SESS-000461
1000000489,0001,false,false,000000000030000207,3000,SP03,2026-04-26T00:00:00,1.000,EA,0.000,0.00,2000008382,00010,439879243,261,,,VZIREQ03,SESS-000462
1000000490,0001,false,false,000000000030000207,3000,SP03,2026-03-20T00:00:00,4.000,EA,0.000,0.00,2000008383,00010,432245028,261,,,VZIREQ01,SESS-000463
1000000491,0001,false,false,000000000030000207,3000,SP03,2026-03-15T00:00:00,1.000,EA,0.000,0.00,2000008384,00010,431897083,261,,,VZIREQ05,SESS-000464
1000000492,0001,false,true,000000000030000208,1000,SP01,2025-12-09T00:00:00,4.000,EA,4.000,402624.64,2000008385,00010,416269574,261,,,VZIREQ02,SESS-000465
1000000493,0001,false,false,000000000030000209,3000,SP03,2026-06-02T00:00:00,1.000,EA,0.000,0.00,2000008386,00010,436706644,261,,,VZIREQ04,SESS-000466
1000000494,0001,false,false,000000000030000209,3000,SP03,2026-07-18T00:00:00,3.000,EA,0.000,0.00,2000008387,00010,433366618,261,,,VZIREQ05,SESS-000467
1000000495,0001,false,true,000000000030000209,3000,SP03,2025-11-17T00:00:00,4.000,EA,2.000,43841.98,2000008388,00010,439923736,261,,,VZIREQ05,SESS-000468
1000000496,0001,false,false,000000000030000210,1000,SP01,2026-02-26T00:00:00,2.000,EA,0.000,0.00,2000008389,00010,416685769,261,,,VZIREQ01,SESS-000469
1000000497,0001,false,true,000000000030000211,4000,SP04,2026-02-17T00:00:00,2.000,EA,1.000,157277.51,2000008390,00010,448684023,261,,,VZIREQ05,SESS-000470
1000000498,0001,false,true,000000000030000211,4000,SP04,2026-04-26T00:00:00,3.000,EA,3.000,471832.53,2000008391,00010,443781896,261,,,VZIREQ01,SESS-000471
1000000499,0001,false,false,000000000030000211,4000,SP04,2026-01-01T00:00:00,1.000,EA,1.000,157277.51,2000008392,00010,442157880,261,,,VZIREQ01,SESS-000472
1000000500,0001,false,true,000000000030000212,2000,SP02,2026-05-31T00:00:00,4.000,EA,2.000,173388.58,2000008393,00010,421426616,261,,,VZIREQ03,SESS-000473
1000000501,0001,false,false,000000000030000212,2000,SP02,2026-05-13T00:00:00,3.000,EA,0.000,0.00,2000008394,00010,428690299,261,,,VZIREQ04,SESS-000474
1000000502,0001,false,true,000000000030000213,2000,SP02,2026-07-22T00:00:00,1.000,EA,1.000,175360.29,2000008395,00010,421973914,261,,,VZIREQ03,
1000000503,0001,false,true,000000000030000213,2000,SP02,2026-01-11T00:00:00,3.000,EA,3.000,526080.87,2000008396,00010,424029971,261,,,VZIREQ05,SESS-000475
1000000504,0001,false,false,000000000030000213,2000,SP02,2026-01-08T00:00:00,4.000,EA,2.000,350720.58,2000008397,00010,421255958,261,,,VZIREQ04,SESS-000476
1000000505,0001,false,false,000000000030000214,2000,SP02,2025-10-04T00:00:00,4.000,EA,2.000,390154.74,2000008398,00010,423737114,261,,,VZIREQ02,SESS-000477
1000000506,0001,false,true,000000000030000214,2000,SP02,2026-02-08T00:00:00,2.000,EA,2.000,390154.74,2000008399,00010,422069638,261,,,VZIREQ04,SESS-000478
1000000507,0001,false,false,000000000030000215,3000,SP03,2025-10-13T00:00:00,3.000,EA,2.000,25244.32,2000008400,00010,438175410,261,,,VZIREQ04,SESS-000479
1000000508,0001,false,true,000000000030000215,3000,SP03,2025-12-05T00:00:00,1.000,EA,1.000,12622.16,2000008401,00010,431436632,261,,,VZIREQ03,SESS-000480
1000000509,0001,false,false,000000000030000215,4000,SP04,2025-12-09T00:00:00,4.000,EA,2.000,25244.32,2000008402,00010,444263687,261,,,VZIREQ05,SESS-000481
1000000510,0001,false,true,000000000030000215,4000,SP04,2025-12-15T00:00:00,2.000,EA,1.000,12622.16,2000008403,00010,443712765,261,,,VZIREQ01,SESS-000482
1000000511,0001,false,true,000000000030000216,2000,SP02,2025-11-12T00:00:00,2.000,EA,1.000,201202.39,2000008404,00010,425551403,261,,,VZIREQ05,SESS-000483
1000000512,0001,false,true,000000000030000217,4000,SP04,2025-11-02T00:00:00,2.000,EA,2.000,10420.68,2000008405,00010,446697401,261,,,VZIREQ03,SESS-000484
1000000513,0001,false,true,000000000030000217,4000,SP04,2025-12-06T00:00:00,3.000,EA,3.000,15631.02,2000008406,00010,444423697,261,,,VZIREQ02,SESS-000485
1000000514,0001,false,true,000000000030000217,3000,SP03,2026-01-09T00:00:00,3.000,EA,3.000,15631.02,2000008407,00010,436615665,261,,,VZIREQ05,SESS-000486
1000000515,0001,false,false,000000000030000217,3000,SP03,2025-11-06T00:00:00,4.000,EA,0.000,0.00,2000008408,00010,434870633,261,,,VZIREQ03,SESS-000487
1000000516,0001,false,true,000000000030000218,4000,SP04,2026-04-04T00:00:00,2.000,EA,2.000,52577.60,2000008409,00010,443020909,261,,,VZIREQ01,
1000000517,0001,false,true,000000000030000219,4000,SP04,2025-09-02T00:00:00,2.000,EA,2.000,119407.18,2000008410,00010,448945973,261,,,VZIREQ01,SESS-000488
1000000518,0001,false,false,000000000030000220,2000,SP02,2026-01-26T00:00:00,2.000,EA,0.000,0.00,2000008411,00010,424386427,261,,,VZIREQ01,SESS-000489
1000000519,0001,false,true,000000000030000220,2000,SP02,2026-01-14T00:00:00,3.000,EA,3.000,324910.14,2000008412,00010,427191081,261,,,VZIREQ03,SESS-000490
1000000520,0001,false,true,000000000030000220,2000,SP02,2026-05-28T00:00:00,4.000,EA,4.000,433213.52,2000008413,00010,426069199,261,,,VZIREQ04,SESS-000491
1000000521,0001,false,false,000000000030000221,3000,SP03,2026-04-17T00:00:00,1.000,EA,0.000,0.00,2000008414,00010,439551119,261,,,VZIREQ05,SESS-000492
1000000522,0001,false,true,000000000030000221,3000,SP03,2025-12-28T00:00:00,2.000,EA,2.000,203619.76,2000008415,00010,436767472,261,,,VZIREQ01,SESS-000493
1000000523,0001,false,true,000000000030000221,3000,SP03,2025-09-25T00:00:00,2.000,EA,2.000,203619.76,2000008416,00010,435508706,261,,,VZIREQ02,SESS-000494
1000000524,0001,false,false,000000000030000222,3000,SP03,2025-10-04T00:00:00,3.000,EA,0.000,0.00,2000008417,00010,438970628,261,,,VZIREQ01,SESS-000495
1000000525,0001,false,true,000000000030000222,3000,SP03,2025-11-19T00:00:00,1.000,EA,1.000,40987.65,2000008418,00010,434092548,261,,,VZIREQ03,SESS-000496
1000000526,0001,false,false,000000000030000223,4000,SP04,2026-02-18T00:00:00,3.000,EA,0.000,0.00,2000008419,00010,446614755,261,,,VZIREQ05,SESS-000497
1000000527,0001,false,false,000000000030000223,4000,SP04,2025-10-25T00:00:00,4.000,EA,2.000,1253405.92,2000008420,00010,441795781,261,,,VZIREQ02,SESS-000498
1000000528,0001,false,true,000000000030000224,3000,SP03,2026-04-04T00:00:00,4.000,EA,4.000,667319.80,2000008421,00010,436533562,261,,,VZIREQ01,SESS-000499
1000000529,0001,false,false,000000000030000225,4000,SP04,2025-12-03T00:00:00,2.000,EA,0.000,0.00,2000008422,00010,444913025,261,,,VZIREQ04,SESS-000500
1000000530,0001,false,true,000000000030000225,1000,SP01,2026-03-14T00:00:00,3.000,EA,2.000,728986.84,2000008423,00010,418042814,261,,,VZIREQ04,SESS-000501
1000000531,0001,false,false,000000000030000225,1000,SP01,2026-04-22T00:00:00,1.000,EA,0.000,0.00,2000008424,00010,415017084,261,,,VZIREQ01,SESS-000502
1000000532,0001,false,false,000000000030000226,2000,SP02,2026-06-17T00:00:00,3.000,EA,0.000,0.00,2000008425,00010,427178087,261,,,VZIREQ05,SESS-000503
1000000533,0001,false,true,000000000030000226,2000,SP02,2026-08-01T00:00:00,3.000,EA,3.000,334287.42,2000008426,00010,424877387,261,,,VZIREQ02,SESS-000504
1000000534,0001,false,true,000000000030000226,2000,SP02,2025-12-03T00:00:00,4.000,EA,4.000,445716.56,2000008427,00010,427189268,261,,,VZIREQ05,SESS-000505
1000000535,0001,false,true,000000000030000227,4000,SP04,2026-01-21T00:00:00,2.000,EA,2.000,183873.46,2000008428,00010,445459809,261,,,VZIREQ02,SESS-000506
1000000536,0001,false,false,000000000030000227,4000,SP04,2025-12-11T00:00:00,1.000,EA,0.000,0.00,2000008429,00010,446189115,261,,,VZIREQ01,SESS-000507
1000000537,0001,false,true,000000000030000227,4000,SP04,2026-03-05T00:00:00,1.000,EA,1.000,91936.73,2000008430,00010,442506260,261,,,VZIREQ03,SESS-000508
1000000538,0001,false,false,000000000030000227,2000,SP02,2026-06-13T00:00:00,3.000,EA,0.000,0.00,2000008431,00010,428888134,261,,,VZIREQ02,SESS-000509
1000000539,0001,false,true,000000000030000228,1000,SP01,2026-02-04T00:00:00,2.000,EA,2.000,8145.94,2000008432,00010,418145226,261,,,VZIREQ05,SESS-000510
1000000540,0001,false,true,000000000030000228,1000,SP01,2026-05-12T00:00:00,1.000,EA,1.000,4072.97,2000008433,00010,417683905,261,,,VZIREQ02,SESS-000511
1000000541,0001,false,false,000000000030000229,1000,SP01,2026-07-04T00:00:00,3.000,EA,2.000,138948.42,2000008434,00010,416601119,261,,,VZIREQ02,SESS-000512
1000000542,0001,false,true,000000000030000229,1000,SP01,2026-08-06T00:00:00,1.000,EA,1.000,69474.21,2000008435,00010,419240805,261,,,VZIREQ04,SESS-000513
1000000543,0001,false,true,000000000030000230,3000,SP03,2026-01-27T00:00:00,3.000,EA,3.000,312115.89,2000008436,00010,438507846,261,,,VZIREQ05,
1000000544,0001,false,false,000000000030000231,2000,SP02,2025-12-16T00:00:00,3.000,EA,0.000,0.00,2000008437,00010,423793505,261,,,VZIREQ03,SESS-000514
1000000545,0001,false,false,000000000030000231,2000,SP02,2026-03-04T00:00:00,3.000,EA,2.000,57990.96,2000008438,00010,423203696,261,,,VZIREQ01,SESS-000515
1000000546,0001,false,true,000000000030000232,3000,SP03,2026-01-05T00:00:00,2.000,EA,2.000,121457.98,2000008439,00010,431765809,261,,,VZIREQ01,SESS-000516
1000000547,0001,false,false,000000000030000232,3000,SP03,2026-02-07T00:00:00,3.000,EA,2.000,121457.98,2000008440,00010,438754406,261,,,VZIREQ03,SESS-000517
1000000548,0001,false,false,000000000030000232,3000,SP03,2025-12-19T00:00:00,2.000,EA,0.000,0.00,2000008441,00010,432612975,261,,,VZIREQ04,SESS-000518
1000000549,0001,false,false,000000000030000233,1000,SP01,2025-09-18T00:00:00,2.000,EA,0.000,0.00,2000008442,00010,411122046,261,,,VZIREQ02,SESS-000519
1000000550,0001,false,true,000000000030000233,4000,SP04,2026-01-07T00:00:00,2.000,EA,2.000,691756.26,2000008443,00010,441294728,261,,,VZIREQ03,SESS-000520
1000000551,0001,false,false,000000000030000233,4000,SP04,2026-04-25T00:00:00,3.000,EA,0.000,0.00,2000008444,00010,441413907,261,,,VZIREQ01,SESS-000521
1000000552,0001,false,true,000000000030000233,4000,SP04,2025-12-30T00:00:00,4.000,EA,4.000,1383512.52,2000008445,00010,445332394,261,,,VZIREQ02,
1000000553,0001,false,false,000000000030000234,1000,SP01,2025-11-08T00:00:00,1.000,EA,1.000,33888.85,2000008446,00010,412050211,261,,,VZIREQ05,SESS-000522
1000000554,0001,false,true,000000000030000235,4000,SP04,2026-01-22T00:00:00,1.000,EA,1.000,26940.97,2000008447,00010,443067239,261,,,VZIREQ03,SESS-000523
1000000555,0001,false,false,000000000030000236,1000,SP01,2026-02-27T00:00:00,1.000,EA,0.000,0.00,2000008448,00010,413118291,261,,,VZIREQ03,SESS-000524
1000000556,0001,false,false,000000000030000236,3000,SP03,2025-12-31T00:00:00,3.000,EA,2.000,331100.98,2000008449,00010,433858915,261,,,VZIREQ04,SESS-000525
1000000557,0001,false,true,000000000030000237,2000,SP02,2026-02-12T00:00:00,2.000,EA,2.000,57152.30,2000008450,00010,426501459,261,,,VZIREQ01,SESS-000526
1000000558,0001,false,true,000000000030000237,2000,SP02,2026-03-28T00:00:00,2.000,EA,2.000,57152.30,2000008451,00010,423287483,261,,,VZIREQ05,
1000000559,0001,false,true,000000000030000237,2000,SP02,2026-05-04T00:00:00,2.000,EA,1.000,28576.15,2000008452,00010,425442724,261,,,VZIREQ05,SESS-000527
1000000560,0001,false,false,000000000030000237,1000,SP01,2026-07-27T00:00:00,4.000,EA,0.000,0.00,2000008453,00010,419045653,261,,,VZIREQ03,SESS-000528
1000000561,0001,false,true,000000000030000237,1000,SP01,2026-04-09T00:00:00,2.000,EA,1.000,28576.15,2000008454,00010,419320994,261,,,VZIREQ01,SESS-000529
1000000562,0001,false,true,000000000030000237,1000,SP01,2026-02-16T00:00:00,3.000,EA,3.000,85728.45,2000008455,00010,418248156,261,,,VZIREQ03,
1000000563,0001,false,false,000000000030000238,4000,SP04,2026-06-19T00:00:00,1.000,EA,0.000,0.00,2000008456,00010,442545282,261,,,VZIREQ03,SESS-000530
1000000564,0001,false,false,000000000030000239,3000,SP03,2025-10-22T00:00:00,3.000,EA,0.000,0.00,2000008457,00010,435554677,261,,,VZIREQ01,SESS-000531
1000000565,0001,false,false,000000000030000239,3000,SP03,2025-12-06T00:00:00,1.000,EA,0.000,0.00,2000008458,00010,432777812,261,,,VZIREQ02,SESS-000532
1000000566,0001,false,false,000000000030000240,4000,SP04,2026-07-04T00:00:00,4.000,EA,0.000,0.00,2000008459,00010,448850622,261,,,VZIREQ05,SESS-000533
1000000567,0001,false,true,000000000030000240,4000,SP04,2026-06-21T00:00:00,1.000,EA,1.000,95650.52,2000008460,00010,446862028,261,,,VZIREQ03,SESS-000534
1000000568,0001,false,false,000000000030000240,4000,SP04,2025-11-27T00:00:00,4.000,EA,0.000,0.00,2000008461,00010,442389708,261,,,VZIREQ03,SESS-000535
1000000569,0001,false,false,000000000030000241,2000,SP02,2026-06-09T00:00:00,2.000,EA,0.000,0.00,2000008462,00010,425751168,261,,,VZIREQ02,SESS-000536
1000000570,0001,false,false,000000000030000241,2000,SP02,2025-10-24T00:00:00,3.000,EA,0.000,0.00,2000008463,00010,427987281,261,,,VZIREQ05,SESS-000537
1000000571,0001,false,false,000000000030000242,3000,SP03,2026-04-20T00:00:00,1.000,EA,1.000,16958.33,2000008464,00010,439269369,261,,,VZIREQ04,SESS-000538
1000000572,0001,false,true,000000000030000242,3000,SP03,2025-11-20T00:00:00,4.000,EA,4.000,67833.32,2000008465,00010,432511903,261,,,VZIREQ01,SESS-000539
1000000573,0001,false,true,000000000030000242,1000,SP01,2025-11-19T00:00:00,1.000,EA,1.000,16958.33,2000008466,00010,416032357,261,,,VZIREQ02,SESS-000540
1000000574,0001,false,false,000000000030000243,3000,SP03,2025-12-07T00:00:00,3.000,EA,0.000,0.00,2000008467,00010,432452519,261,,,VZIREQ01,SESS-000541
1000000575,0001,false,false,000000000030000243,4000,SP04,2026-01-10T00:00:00,3.000,EA,0.000,0.00,2000008468,00010,446079637,261,,,VZIREQ01,SESS-000542
1000000576,0001,false,false,000000000030000244,3000,SP03,2026-02-12T00:00:00,2.000,EA,0.000,0.00,2000008469,00010,433636135,261,,,VZIREQ03,SESS-000543
1000000577,0001,false,false,000000000030000244,3000,SP03,2026-01-27T00:00:00,3.000,EA,0.000,0.00,2000008470,00010,431923363,261,,,VZIREQ03,SESS-000544
1000000578,0001,false,true,000000000030000244,3000,SP03,2026-04-21T00:00:00,3.000,EA,3.000,365819.43,2000008471,00010,436593369,261,,,VZIREQ03,SESS-000545
1000000579,0001,false,false,000000000030000245,3000,SP03,2026-04-13T00:00:00,4.000,EA,0.000,0.00,2000008472,00010,433606213,261,,,VZIREQ04,SESS-000546
1000000580,0001,false,false,000000000030000245,3000,SP03,2026-03-28T00:00:00,1.000,EA,0.000,0.00,2000008473,00010,432145878,261,,,VZIREQ03,SESS-000547
1000000581,0001,false,true,000000000030000245,3000,SP03,2026-06-12T00:00:00,1.000,EA,1.000,192850.48,2000008474,00010,438268111,261,,,VZIREQ02,SESS-000548
1000000582,0001,false,false,000000000030000246,1000,SP01,2026-01-16T00:00:00,2.000,EA,0.000,0.00,2000008475,00010,414336457,261,,,VZIREQ03,SESS-000549
1000000583,0001,false,true,000000000030000246,1000,SP01,2026-05-12T00:00:00,1.000,EA,1.000,233621.11,2000008476,00010,414003203,261,,,VZIREQ01,SESS-000550
1000000584,0001,false,false,000000000030000247,3000,SP03,2026-02-13T00:00:00,4.000,EA,0.000,0.00,2000008477,00010,437911716,261,,,VZIREQ04,SESS-000551
1000000585,0001,false,false,000000000030000247,3000,SP03,2025-10-19T00:00:00,2.000,EA,0.000,0.00,2000008478,00010,438379314,261,,,VZIREQ05,SESS-000552
1000000586,0001,false,false,000000000030000247,3000,SP03,2026-04-26T00:00:00,1.000,EA,0.000,0.00,2000008479,00010,433527736,261,,,VZIREQ02,SESS-000553
1000000587,0001,false,false,000000000030000248,1000,SP01,2026-09-02T00:00:00,4.000,EA,0.000,0.00,2000008480,00010,412128446,261,,,VZIREQ03,SESS-000554
1000000588,0001,false,true,000000000030000248,1000,SP01,2026-05-28T00:00:00,4.000,EA,4.000,1531753.76,2000008481,00010,418272126,261,,,VZIREQ04,SESS-000555
1000000589,0001,false,true,000000000030000249,2000,SP02,2026-01-13T00:00:00,3.000,EA,3.000,107687.58,2000008482,00010,421547623,261,,,VZIREQ03,SESS-000556
1000000590,0001,false,true,000000000030000249,2000,SP02,2026-09-13T00:00:00,1.000,EA,1.000,35895.86,2000008483,00010,429843343,261,,,VZIREQ02,SESS-000557
1000000591,0001,false,false,000000000030000249,2000,SP02,2026-05-22T00:00:00,3.000,EA,0.000,0.00,2000008484,00010,429684018,261,,,VZIREQ04,SESS-000558
1000000592,0001,false,false,000000000030000250,4000,SP04,2025-09-19T00:00:00,3.000,EA,0.000,0.00,2000008485,00010,449252561,261,,,VZIREQ01,SESS-000559
1000000593,0001,false,false,000000000030000251,1000,SP01,2026-03-22T00:00:00,3.000,EA,0.000,0.00,2000008486,00010,412809029,261,,,VZIREQ01,SESS-000560
1000000594,0001,false,true,000000000030000252,4000,SP04,2026-07-21T00:00:00,4.000,EA,4.000,435905.44,2000008487,00010,441526718,261,,,VZIREQ01,SESS-000561
1000000595,0001,false,true,000000000030000252,4000,SP04,2026-01-29T00:00:00,3.000,EA,2.000,217952.72,2000008488,00010,441480528,261,,,VZIREQ03,SESS-000562
1000000596,0001,false,false,000000000030000253,3000,SP03,2025-12-28T00:00:00,2.000,EA,0.000,0.00,2000008489,00010,433323519,261,,,VZIREQ03,SESS-000563
1000000597,0001,false,false,000000000030000253,3000,SP03,2026-09-04T00:00:00,2.000,EA,0.000,0.00,2000008490,00010,432582008,261,,,VZIREQ02,SESS-000564
1000000598,0001,false,false,000000000030000253,2000,SP02,2026-08-23T00:00:00,2.000,EA,0.000,0.00,2000008491,00010,425035335,261,,,VZIREQ01,SESS-000565
1000000599,0001,false,false,000000000030000253,2000,SP02,2026-07-21T00:00:00,2.000,EA,0.000,0.00,2000008492,00010,421319750,261,,,VZIREQ05,SESS-000566
1000000600,0001,false,true,000000000030000253,2000,SP02,2026-04-09T00:00:00,2.000,EA,2.000,307932.02,2000008493,00010,428111867,261,,,VZIREQ04,SESS-000567
1000000601,0001,false,true,000000000030000254,3000,SP03,2026-03-22T00:00:00,1.000,EA,1.000,94898.27,2000008494,00010,431189092,261,,,VZIREQ01,
1000000602,0001,false,true,000000000030000255,4000,SP04,2026-01-02T00:00:00,4.000,EA,4.000,456512.32,2000008495,00010,442139935,261,,,VZIREQ05,SESS-000568
1000000603,0001,false,true,000000000030000256,3000,SP03,2025-12-20T00:00:00,4.000,EA,4.000,515791.96,2000008496,00010,431664450,261,,,VZIREQ05,SESS-000569
1000000604,0001,false,true,000000000030000256,3000,SP03,2026-03-15T00:00:00,2.000,EA,2.000,257895.98,2000008497,00010,431373687,261,,,VZIREQ03,SESS-000570
1000000605,0001,false,false,000000000030000257,2000,SP02,2026-04-27T00:00:00,4.000,EA,0.000,0.00,2000008498,00010,428517906,261,,,VZIREQ04,SESS-000571
1000000606,0001,false,true,000000000030000257,2000,SP02,2026-06-06T00:00:00,4.000,EA,4.000,58189.96,2000008499,00010,425346087,261,,,VZIREQ04,SESS-000572
1000000607,0001,false,true,000000000030000258,3000,SP03,2026-01-03T00:00:00,4.000,EA,4.000,709901.64,2000008500,00010,437639380,261,,,VZIREQ03,SESS-000573
1000000608,0001,false,false,000000000030000258,3000,SP03,2025-10-11T00:00:00,1.000,EA,1.000,177475.41,2000008501,00010,433391163,261,,,VZIREQ01,SESS-000574
1000000609,0001,false,false,000000000030000259,2000,SP02,2026-03-03T00:00:00,2.000,EA,0.000,0.00,2000008502,00010,422668772,261,,,VZIREQ03,SESS-000575
1000000610,0001,false,true,000000000030000259,2000,SP02,2026-04-06T00:00:00,4.000,EA,4.000,105978.24,2000008503,00010,428434838,261,,,VZIREQ01,SESS-000576
1000000611,0001,false,false,000000000030000260,4000,SP04,2026-08-15T00:00:00,4.000,EA,0.000,0.00,2000008504,00010,442937362,261,,,VZIREQ03,SESS-000577
1000000612,0001,false,true,000000000030000260,3000,SP03,2026-02-03T00:00:00,3.000,EA,3.000,23270.07,2000008505,00010,439551077,261,,,VZIREQ05,SESS-000578
1000000613,0001,false,true,000000000030000261,4000,SP04,2025-09-30T00:00:00,1.000,EA,1.000,562315.15,2000008506,00010,449865280,261,,,VZIREQ05,SESS-000579
1000000614,0001,false,true,000000000030000261,4000,SP04,2026-02-08T00:00:00,2.000,EA,2.000,1124630.30,2000008507,00010,449182861,261,,,VZIREQ02,SESS-000580
1000000615,0001,false,true,000000000030000262,1000,SP01,2025-09-24T00:00:00,2.000,EA,2.000,1422825.86,2000008508,00010,411148132,261,,,VZIREQ03,SESS-000581
1000000616,0001,false,true,000000000030000262,1000,SP01,2025-10-19T00:00:00,4.000,EA,4.000,2845651.72,2000008509,00010,419448166,261,,,VZIREQ05,SESS-000582
1000000617,0001,false,false,000000000030000262,3000,SP03,2026-01-01T00:00:00,2.000,EA,0.000,0.00,2000008510,00010,432289344,261,,,VZIREQ03,SESS-000583
1000000618,0001,false,false,000000000030000262,3000,SP03,2025-12-17T00:00:00,4.000,EA,2.000,1422825.86,2000008511,00010,432146151,261,,,VZIREQ02,SESS-000584
1000000619,0001,false,true,000000000030000262,3000,SP03,2025-06-29T00:00:00,4.000,EA,3.000,2134238.79,2000008512,00010,436678425,261,,,VZIREQ02,SESS-000585
1000000620,0001,false,false,000000000030000263,4000,SP04,2025-10-03T00:00:00,2.000,EA,0.000,0.00,2000008513,00010,442881195,261,,,VZIREQ04,SESS-000586
1000000621,0001,false,true,000000000030000263,4000,SP04,2026-06-09T00:00:00,2.000,EA,2.000,1128491.84,2000008514,00010,447455240,261,,,VZIREQ02,SESS-000587
1000000622,0001,false,false,000000000030000264,1000,SP01,2026-06-29T00:00:00,4.000,EA,0.000,0.00,2000008515,00010,418866541,261,,,VZIREQ05,SESS-000588
1000000623,0001,false,true,000000000030000264,1000,SP01,2026-01-01T00:00:00,3.000,EA,3.000,347129.61,2000008516,00010,416983439,261,,,VZIREQ03,SESS-000589
1000000624,0001,false,false,000000000030000264,1000,SP01,2026-01-19T00:00:00,3.000,EA,0.000,0.00,2000008517,00010,412851282,261,,,VZIREQ02,SESS-000590
1000000625,0001,false,true,000000000030000265,3000,SP03,2025-10-10T00:00:00,4.000,EA,4.000,3186482.16,2000008518,00010,435060876,261,,,VZIREQ03,SESS-000591
1000000626,0001,false,true,000000000030000265,3000,SP03,2026-05-17T00:00:00,1.000,EA,1.000,796620.54,2000008519,00010,436673712,261,,,VZIREQ05,SESS-000592
1000000627,0001,false,true,000000000030000265,2000,SP02,2026-01-13T00:00:00,2.000,EA,2.000,1593241.08,2000008520,00010,424903507,261,,,VZIREQ05,SESS-000593
1000000628,0001,false,false,000000000030000265,2000,SP02,2026-03-26T00:00:00,3.000,EA,0.000,0.00,2000008521,00010,422622321,261,,,VZIREQ03,SESS-000594
1000000629,0001,false,true,000000000030000266,3000,SP03,2025-12-13T00:00:00,3.000,EA,3.000,435247.02,2000008522,00010,431495962,261,,,VZIREQ01,SESS-000595
1000000630,0001,false,true,000000000030000267,1000,SP01,2026-08-28T00:00:00,4.000,EA,4.000,448210.36,2000008523,00010,416440407,261,,,VZIREQ04,SESS-000596
1000000631,0001,false,true,000000000030000267,1000,SP01,2026-03-25T00:00:00,2.000,EA,2.000,224105.18,2000008524,00010,417283883,261,,,VZIREQ01,SESS-000597
1000000632,0001,false,false,000000000030000268,1000,SP01,2026-01-23T00:00:00,3.000,EA,0.000,0.00,2000008525,00010,414305226,261,,,VZIREQ02,SESS-000598
1000000633,0001,false,true,000000000030000268,1000,SP01,2026-02-15T00:00:00,4.000,EA,4.000,2368394.56,2000008526,00010,411940521,261,,,VZIREQ05,SESS-000599
1000000634,0001,false,false,000000000030000269,2000,SP02,2026-06-03T00:00:00,1.000,EA,0.000,0.00,2000008527,00010,425210066,261,,,VZIREQ03,SESS-000600
1000000635,0001,false,false,000000000030000269,2000,SP02,2025-12-08T00:00:00,2.000,EA,1.000,149296.66,2000008528,00010,423929026,261,,,VZIREQ02,SESS-000601
1000000636,0001,false,false,000000000030000270,4000,SP04,2025-12-18T00:00:00,4.000,EA,0.000,0.00,2000008529,00010,448243935,261,,,VZIREQ01,SESS-000602
1000000637,0001,false,false,000000000030000270,4000,SP04,2025-12-26T00:00:00,3.000,EA,0.000,0.00,2000008530,00010,442094810,261,,,VZIREQ03,SESS-000603
1000000638,0001,false,true,000000000030000270,4000,SP04,2025-12-21T00:00:00,4.000,EA,4.000,486990.76,2000008531,00010,446146020,261,,,VZIREQ02,SESS-000604
1000000639,0001,false,false,000000000030000271,4000,SP04,2025-12-12T00:00:00,3.000,EA,2.000,167234.36,2000008532,00010,449143382,261,,,VZIREQ04,SESS-000605
1000000640,0001,false,true,000000000030000271,4000,SP04,2026-01-09T00:00:00,3.000,EA,3.000,250851.54,2000008533,00010,441759877,261,,,VZIREQ04,SESS-000606
1000000641,0001,false,false,000000000030000271,4000,SP04,2026-03-04T00:00:00,2.000,EA,0.000,0.00,2000008534,00010,445601710,261,,,VZIREQ04,SESS-000607
1000000642,0001,false,false,000000000030000272,2000,SP02,2025-10-02T00:00:00,4.000,EA,0.000,0.00,2000008535,00010,423075488,261,,,VZIREQ05,SESS-000608
1000000643,0001,false,false,000000000030000272,2000,SP02,2025-12-11T00:00:00,3.000,EA,0.000,0.00,2000008536,00010,422472730,261,,,VZIREQ05,SESS-000609
1000000644,0001,false,false,000000000030000273,2000,SP02,2025-11-18T00:00:00,4.000,EA,2.000,384648.00,2000008537,00010,429757410,261,,,VZIREQ03,SESS-000610
1000000645,0001,false,true,000000000030000273,2000,SP02,2026-06-07T00:00:00,2.000,EA,2.000,384648.00,2000008538,00010,426526117,261,,,VZIREQ05,SESS-000611
1000000646,0001,false,false,000000000030000273,2000,SP02,2026-05-20T00:00:00,1.000,EA,1.000,192324.00,2000008539,00010,426067842,261,,,VZIREQ03,SESS-000612
1000000647,0001,false,true,000000000030000274,2000,SP02,2025-08-01T00:00:00,2.000,EA,1.000,110433.56,2000008540,00010,424574733,261,,,VZIREQ03,SESS-000613
1000000648,0001,false,false,000000000030000274,2000,SP02,2025-09-19T00:00:00,1.000,EA,0.000,0.00,2000008541,00010,422280178,261,,,VZIREQ02,SESS-000614
1000000649,0001,false,false,000000000030000274,2000,SP02,2025-10-17T00:00:00,2.000,EA,0.000,0.00,2000008542,00010,422954291,261,,,VZIREQ03,SESS-000615
1000000650,0001,false,false,000000000030000275,1000,SP01,2026-02-27T00:00:00,4.000,EA,0.000,0.00,2000008543,00010,411293617,261,,,VZIREQ05,SESS-000616
1000000651,0001,false,false,000000000030000276,4000,SP04,2026-03-03T00:00:00,4.000,EA,0.000,0.00,2000008544,00010,447845648,261,,,VZIREQ01,SESS-000617
1000000652,0001,false,true,000000000030000276,4000,SP04,2026-01-26T00:00:00,1.000,EA,1.000,36247.81,2000008545,00010,444528901,261,,,VZIREQ03,SESS-000618
1000000653,0001,false,true,000000000030000276,3000,SP03,2025-11-27T00:00:00,1.000,EA,1.000,36247.81,2000008546,00010,438557287,261,,,VZIREQ05,SESS-000619
1000000654,0001,false,true,000000000030000277,4000,SP04,2026-06-08T00:00:00,1.000,EA,1.000,83854.97,2000008547,00010,449585447,261,,,VZIREQ04,SESS-000620
1000000655,0001,false,true,000000000030000277,4000,SP04,2026-06-12T00:00:00,4.000,EA,4.000,335419.88,2000008548,00010,441927333,261,,,VZIREQ02,SESS-000621
1000000656,0001,false,true,000000000030000278,1000,SP01,2026-03-07T00:00:00,4.000,EA,4.000,389768.36,2000008549,00010,417050967,261,,,VZIREQ01,SESS-000622
1000000657,0001,false,false,000000000030000279,1000,SP01,2025-10-08T00:00:00,1.000,EA,0.000,0.00,2000008550,00010,418328528,261,,,VZIREQ05,SESS-000623
1000000658,0001,false,true,000000000030000279,1000,SP01,2026-04-06T00:00:00,1.000,EA,1.000,559742.19,2000008551,00010,414369292,261,,,VZIREQ02,SESS-000624
1000000659,0001,false,false,000000000030000279,1000,SP01,2026-01-23T00:00:00,1.000,EA,0.000,0.00,2000008552,00010,411340514,261,,,VZIREQ04,SESS-000625
1000000660,0001,false,false,000000000030000280,3000,SP03,2026-05-21T00:00:00,2.000,EA,0.000,0.00,2000008553,00010,437188148,261,,,VZIREQ05,SESS-000626
1000000661,0001,false,true,000000000030000280,3000,SP03,2026-05-22T00:00:00,2.000,EA,2.000,43974.48,2000008554,00010,436924902,261,,,VZIREQ05,SESS-000627
1000000662,0001,false,true,000000000030000281,2000,SP02,2025-11-21T00:00:00,3.000,EA,2.000,1422692.04,2000008555,00010,423880360,261,,,VZIREQ04,SESS-000628
1000000663,0001,false,true,000000000030000281,4000,SP04,2026-01-15T00:00:00,1.000,EA,1.000,711346.02,2000008556,00010,442962918,261,,,VZIREQ03,SESS-000629
1000000664,0001,false,false,000000000030000281,4000,SP04,2026-01-15T00:00:00,3.000,EA,0.000,0.00,2000008557,00010,442258172,261,,,VZIREQ04,SESS-000630
1000000665,0001,false,false,000000000030000281,4000,SP04,2025-08-04T00:00:00,4.000,EA,0.000,0.00,2000008558,00010,446627983,261,,,VZIREQ04,SESS-000631
1000000666,0001,false,true,000000000030000282,1000,SP01,2025-10-25T00:00:00,1.000,EA,1.000,739792.42,2000008559,00010,411666812,261,,,VZIREQ02,SESS-000632
1000000667,0001,false,true,000000000030000282,3000,SP03,2025-08-30T00:00:00,3.000,EA,3.000,2219377.26,2000008560,00010,437894602,261,,,VZIREQ04,SESS-000633
1000000668,0001,false,false,000000000030000282,3000,SP03,2025-09-15T00:00:00,2.000,EA,1.000,739792.42,2000008561,00010,437351303,261,,,VZIREQ03,SESS-000634
1000000669,0001,false,false,000000000030000283,3000,SP03,2026-04-14T00:00:00,1.000,EA,0.000,0.00,2000008562,00010,436663301,261,,,VZIREQ02,SESS-000635
1000000670,0001,false,false,000000000030000283,3000,SP03,2026-02-05T00:00:00,4.000,EA,0.000,0.00,2000008563,00010,434258819,261,,,VZIREQ01,SESS-000636
1000000671,0001,false,false,000000000030000284,3000,SP03,2025-11-05T00:00:00,2.000,EA,1.000,501639.47,2000008564,00010,433454097,261,,,VZIREQ03,SESS-000637
1000000672,0001,false,false,000000000030000285,1000,SP01,2025-12-19T00:00:00,4.000,EA,0.000,0.00,2000008565,00010,416335379,261,,,VZIREQ02,SESS-000638
1000000673,0001,false,true,000000000030000286,2000,SP02,2026-07-09T00:00:00,3.000,EA,3.000,2077817.67,2000008566,00010,422004164,261,,,VZIREQ02,SESS-000639
1000000674,0001,false,true,000000000030000286,2000,SP02,2026-05-25T00:00:00,3.000,EA,3.000,2077817.67,2000008567,00010,427095970,261,,,VZIREQ02,SESS-000640
1000000675,0001,false,false,000000000030000287,1000,SP01,2026-02-12T00:00:00,3.000,EA,0.000,0.00,2000008568,00010,416584431,261,,,VZIREQ04,SESS-000641
1000000676,0001,false,false,000000000030000287,1000,SP01,2025-09-07T00:00:00,4.000,EA,0.000,0.00,2000008569,00010,411086112,261,,,VZIREQ01,SESS-000642
1000000677,0001,false,false,000000000030000287,1000,SP01,2026-03-08T00:00:00,1.000,EA,0.000,0.00,2000008570,00010,417557415,261,,,VZIREQ05,SESS-000643
1000000678,0001,false,false,000000000030000288,1000,SP01,2026-05-06T00:00:00,3.000,EA,0.000,0.00,2000008571,00010,414220783,261,,,VZIREQ05,SESS-000644
1000000679,0001,false,false,000000000030000289,1000,SP01,2026-02-07T00:00:00,2.000,EA,0.000,0.00,2000008572,00010,414040832,261,,,VZIREQ03,SESS-000645
1000000680,0001,false,false,000000000030000289,1000,SP01,2025-10-03T00:00:00,3.000,EA,0.000,0.00,2000008573,00010,418275207,261,,,VZIREQ04,SESS-000646
1000000681,0001,false,true,000000000030000290,2000,SP02,2026-09-09T00:00:00,1.000,EA,1.000,84229.12,2000008574,00010,423801451,261,,,VZIREQ02,SESS-000647
1000000682,0001,false,true,000000000030000290,2000,SP02,2026-06-09T00:00:00,3.000,EA,3.000,252687.36,2000008575,00010,421020381,261,,,VZIREQ04,
1000000683,0001,false,false,000000000030000290,2000,SP02,2025-10-26T00:00:00,3.000,EA,0.000,0.00,2000008576,00010,427024307,261,,,VZIREQ03,SESS-000648
1000000684,0001,false,false,000000000030000291,4000,SP04,2026-04-25T00:00:00,1.000,EA,0.000,0.00,2000008577,00010,441817473,261,,,VZIREQ02,SESS-000649
1000000685,0001,false,false,000000000030000291,4000,SP04,2026-01-26T00:00:00,4.000,EA,0.000,0.00,2000008578,00010,448047771,261,,,VZIREQ04,SESS-000650
1000000686,0001,false,false,000000000030000291,2000,SP02,2025-12-06T00:00:00,4.000,EA,0.000,0.00,2000008579,00010,426648445,261,,,VZIREQ03,SESS-000651
1000000687,0001,false,false,000000000030000291,2000,SP02,2026-02-18T00:00:00,3.000,EA,0.000,0.00,2000008580,00010,425438876,261,,,VZIREQ01,SESS-000652
1000000688,0001,false,false,000000000030000292,3000,SP03,2026-03-10T00:00:00,2.000,EA,0.000,0.00,2000008581,00010,434596208,261,,,VZIREQ05,SESS-000653
1000000689,0001,false,false,000000000030000293,4000,SP04,2026-03-18T00:00:00,2.000,EA,0.000,0.00,2000008582,00010,444795122,261,,,VZIREQ04,SESS-000654
1000000690,0001,false,false,000000000030000293,4000,SP04,2026-04-30T00:00:00,2.000,EA,0.000,0.00,2000008583,00010,447011255,261,,,VZIREQ04,SESS-000655
1000000691,0001,false,true,000000000030000294,1000,SP01,2026-05-31T00:00:00,3.000,EA,3.000,468083.22,2000008584,00010,412165495,261,,,VZIREQ03,SESS-000656
1000000692,0001,false,false,000000000030000295,4000,SP04,2026-02-10T00:00:00,2.000,EA,0.000,0.00,2000008585,00010,447747900,261,,,VZIREQ03,SESS-000657
1000000693,0001,false,false,000000000030000295,4000,SP04,2026-04-13T00:00:00,4.000,EA,0.000,0.00,2000008586,00010,442919102,261,,,VZIREQ04,SESS-000658
1000000694,0001,false,true,000000000030000295,1000,SP01,2026-03-04T00:00:00,1.000,EA,1.000,124013.46,2000008587,00010,416421350,261,,,VZIREQ04,SESS-000659
1000000695,0001,false,true,000000000030000296,2000,SP02,2026-04-01T00:00:00,2.000,EA,2.000,206115.80,2000008588,00010,421708140,261,,,VZIREQ04,SESS-000660
1000000696,0001,false,true,000000000030000297,1000,SP01,2026-07-18T00:00:00,3.000,EA,3.000,262095.54,2000008589,00010,415948712,261,,,VZIREQ05,SESS-000661
1000000697,0001,false,true,000000000030000297,3000,SP03,2026-01-03T00:00:00,2.000,EA,2.000,174730.36,2000008590,00010,438123432,261,,,VZIREQ04,SESS-000662
1000000698,0001,false,false,000000000030000297,3000,SP03,2026-06-16T00:00:00,2.000,EA,0.000,0.00,2000008591,00010,435261325,261,,,VZIREQ01,SESS-000663
1000000699,0001,false,true,000000000030000298,3000,SP03,2025-10-14T00:00:00,3.000,EA,3.000,2323384.77,2000008592,00010,438335283,261,,,VZIREQ05,SESS-000664
1000000700,0001,false,true,000000000030000298,3000,SP03,2025-07-21T00:00:00,1.000,EA,1.000,774461.59,2000008593,00010,439907613,261,,,VZIREQ04,SESS-000665
1000000701,0001,false,true,000000000030000298,3000,SP03,2026-02-03T00:00:00,2.000,EA,1.000,774461.59,2000008594,00010,433450105,261,,,VZIREQ02,SESS-000666
1000000702,0001,false,true,000000000030000299,1000,SP01,2026-06-23T00:00:00,4.000,EA,2.000,17676.78,2000008595,00010,418609728,261,,,VZIREQ05,SESS-000667
1000000703,0001,false,false,000000000030000299,1000,SP01,2026-06-17T00:00:00,3.000,EA,2.000,17676.78,2000008596,00010,419096980,261,,,VZIREQ01,SESS-000668
1000000704,0001,false,false,000000000030000300,3000,SP03,2025-10-23T00:00:00,3.000,EA,0.000,0.00,2000008597,00010,437166588,261,,,VZIREQ05,SESS-000669
1000000705,0001,false,false,000000000030000300,3000,SP03,2026-02-28T00:00:00,1.000,EA,1.000,130654.06,2000008598,00010,431302367,261,,,VZIREQ01,SESS-000670
1000000706,0001,false,true,000000000030000301,1000,SP01,2026-01-17T00:00:00,4.000,EA,3.000,468985.08,2000008599,00010,414145671,261,,,VZIREQ01,SESS-000671
1000000707,0001,false,false,000000000030000301,1000,SP01,2026-05-31T00:00:00,3.000,EA,0.000,0.00,2000008600,00010,414468251,261,,,VZIREQ05,SESS-000672
1000000708,0001,false,false,000000000030000302,3000,SP03,2026-06-02T00:00:00,3.000,EA,0.000,0.00,2000008601,00010,439852864,261,,,VZIREQ02,SESS-000673
1000000709,0001,false,true,000000000030000302,3000,SP03,2026-01-08T00:00:00,2.000,EA,2.000,352564.46,2000008602,00010,435483022,261,,,VZIREQ03,SESS-000674
1000000710,0001,false,false,000000000030000303,3000,SP03,2025-12-22T00:00:00,1.000,EA,0.000,0.00,2000008603,00010,432274776,261,,,VZIREQ05,SESS-000675
1000000711,0001,false,false,000000000030000303,3000,SP03,2026-03-23T00:00:00,2.000,EA,0.000,0.00,2000008604,00010,436753442,261,,,VZIREQ01,SESS-000676
1000000712,0001,false,false,000000000030000304,4000,SP04,2026-01-27T00:00:00,2.000,EA,1.000,155806.60,2000008605,00010,445284505,261,,,VZIREQ05,SESS-000677
1000000713,0001,false,true,000000000030000304,4000,SP04,2025-10-28T00:00:00,2.000,EA,2.000,311613.20,2000008606,00010,444481165,261,,,VZIREQ04,SESS-000678
1000000714,0001,false,true,000000000030000305,2000,SP02,2026-03-23T00:00:00,1.000,EA,1.000,79633.75,2000008607,00010,428102070,261,,,VZIREQ05,SESS-000679
1000000715,0001,false,true,000000000030000305,2000,SP02,2026-07-05T00:00:00,2.000,EA,1.000,79633.75,2000008608,00010,429724905,261,,,VZIREQ03,SESS-000680
1000000716,0001,false,true,000000000030000305,2000,SP02,2026-04-14T00:00:00,4.000,EA,4.000,318535.00,2000008609,00010,421637455,261,,,VZIREQ01,SESS-000681
1000000717,0001,false,true,000000000030000306,2000,SP02,2026-04-05T00:00:00,1.000,EA,1.000,62038.63,2000008610,00010,427783619,261,,,VZIREQ03,SESS-000682
1000000718,0001,false,true,000000000030000306,2000,SP02,2026-01-19T00:00:00,3.000,EA,3.000,186115.89,2000008611,00010,422993420,261,,,VZIREQ05,SESS-000683
1000000719,0001,false,false,000000000030000307,2000,SP02,2026-06-29T00:00:00,1.000,EA,0.000,0.00,2000008612,00010,424215350,261,,,VZIREQ01,SESS-000684
1000000720,0001,false,false,000000000030000307,2000,SP02,2026-04-30T00:00:00,2.000,EA,0.000,0.00,2000008613,00010,427001044,261,,,VZIREQ01,SESS-000685
1000000721,0001,false,true,000000000030000307,2000,SP02,2026-06-12T00:00:00,2.000,EA,1.000,122101.12,2000008614,00010,428141847,261,,,VZIREQ02,SESS-000686
1000000722,0001,false,false,000000000030000308,3000,SP03,2025-12-01T00:00:00,1.000,EA,0.000,0.00,2000008615,00010,438802670,261,,,VZIREQ02,SESS-000687
1000000723,0001,false,true,000000000030000308,3000,SP03,2025-12-06T00:00:00,3.000,EA,3.000,2282092.23,2000008616,00010,436394259,261,,,VZIREQ03,SESS-000688
1000000724,0001,false,true,000000000030000308,3000,SP03,2026-03-28T00:00:00,4.000,EA,4.000,3042789.64,2000008617,00010,433411652,261,,,VZIREQ05,SESS-000689
1000000725,0001,false,true,000000000030000308,2000,SP02,2025-10-24T00:00:00,2.000,EA,2.000,1521394.82,2000008618,00010,422077783,261,,,VZIREQ04,SESS-000690
1000000726,0001,false,false,000000000030000309,2000,SP02,2026-03-01T00:00:00,4.000,EA,0.000,0.00,2000008619,00010,426831222,261,,,VZIREQ05,SESS-000691
1000000727,0001,false,false,000000000030000309,4000,SP04,2026-03-13T00:00:00,4.000,EA,0.000,0.00,2000008620,00010,447959218,261,,,VZIREQ03,SESS-000692
1000000728,0001,false,true,000000000030000309,4000,SP04,2026-06-22T00:00:00,4.000,EA,4.000,66500.00,2000008621,00010,444776876,261,,,VZIREQ02,SESS-000693
1000000729,0001,false,true,000000000030000309,4000,SP04,2026-06-07T00:00:00,1.000,EA,1.000,16625.00,2000008622,00010,443922548,261,,,VZIREQ03,SESS-000694
1000000730,0001,false,false,000000000030000310,4000,SP04,2025-08-19T00:00:00,4.000,EA,0.000,0.00,2000008623,00010,445881333,261,,,VZIREQ03,SESS-000695
1000000731,0001,false,false,000000000030000311,1000,SP01,2026-06-14T00:00:00,1.000,EA,0.000,0.00,2000008624,00010,413117243,261,,,VZIREQ02,SESS-000696
1000000732,0001,false,true,000000000030000311,2000,SP02,2026-07-14T00:00:00,1.000,EA,1.000,96937.53,2000008625,00010,425398340,261,,,VZIREQ01,SESS-000697
1000000733,0001,false,false,000000000030000311,2000,SP02,2026-03-27T00:00:00,3.000,EA,0.000,0.00,2000008626,00010,423446919,261,,,VZIREQ04,SESS-000698
1000000734,0001,false,false,000000000030000311,2000,SP02,2025-12-10T00:00:00,3.000,EA,0.000,0.00,2000008627,00010,422461942,261,,,VZIREQ03,SESS-000699
1000000735,0001,false,false,000000000030000312,1000,SP01,2026-06-10T00:00:00,2.000,EA,0.000,0.00,2000008628,00010,411904097,261,,,VZIREQ03,SESS-000700
1000000736,0001,false,true,000000000030000312,1000,SP01,2026-01-12T00:00:00,4.000,EA,4.000,2319931.32,2000008629,00010,418307474,261,,,VZIREQ05,SESS-000701
1000000737,0001,false,false,000000000030000313,4000,SP04,2026-04-04T00:00:00,2.000,EA,1.000,108488.21,2000008630,00010,443640559,261,,,VZIREQ03,SESS-000702
1000000738,0001,false,true,000000000030000313,3000,SP03,2025-12-16T00:00:00,3.000,EA,2.000,216976.42,2000008631,00010,433294350,261,,,VZIREQ01,SESS-000703
1000000739,0001,false,false,000000000030000313,3000,SP03,2025-12-19T00:00:00,3.000,EA,0.000,0.00,2000008632,00010,433937031,261,,,VZIREQ04,SESS-000704
1000000740,0001,false,true,000000000030000314,4000,SP04,2025-12-02T00:00:00,4.000,EA,4.000,436811.00,2000008633,00010,441429124,261,,,VZIREQ02,SESS-000705
1000000741,0001,false,true,000000000030000314,4000,SP04,2026-06-25T00:00:00,3.000,EA,3.000,327608.25,2000008634,00010,444528515,261,,,VZIREQ04,SESS-000706
1000000742,0001,false,false,000000000030000315,2000,SP02,2026-01-26T00:00:00,4.000,EA,0.000,0.00,2000008635,00010,421258809,261,,,VZIREQ02,SESS-000707
1000000743,0001,false,true,000000000030000315,2000,SP02,2025-12-21T00:00:00,1.000,EA,1.000,82822.42,2000008636,00010,428770225,261,,,VZIREQ02,SESS-000708
1000000744,0001,false,true,000000000030000315,4000,SP04,2026-06-11T00:00:00,1.000,EA,1.000,82822.42,2000008637,00010,449698151,261,,,VZIREQ05,
1000000745,0001,false,true,000000000030000316,1000,SP01,2026-03-06T00:00:00,2.000,EA,1.000,706402.59,2000008638,00010,412502819,261,,,VZIREQ02,SESS-000709
1000000746,0001,false,true,000000000030000316,1000,SP01,2025-06-13T00:00:00,2.000,EA,1.000,706402.59,2000008639,00010,414457789,261,,,VZIREQ05,SESS-000710
1000000747,0001,false,true,000000000030000317,3000,SP03,2026-02-02T00:00:00,4.000,EA,4.000,458858.20,2000008640,00010,434201511,261,,,VZIREQ03,SESS-000711
1000000748,0001,false,false,000000000030000318,1000,SP01,2025-09-12T00:00:00,3.000,EA,0.000,0.00,2000008641,00010,412775647,261,,,VZIREQ05,SESS-000712
1000000749,0001,false,false,000000000030000318,1000,SP01,2026-04-18T00:00:00,2.000,EA,0.000,0.00,2000008642,00010,419550708,261,,,VZIREQ05,SESS-000713
1000000750,0001,false,false,000000000030000318,1000,SP01,2025-10-08T00:00:00,1.000,EA,0.000,0.00,2000008643,00010,415831775,261,,,VZIREQ03,SESS-000714
1000000751,0001,false,false,000000000030000319,4000,SP04,2026-08-09T00:00:00,4.000,EA,0.000,0.00,2000008644,00010,446597096,261,,,VZIREQ03,SESS-000715
1000000752,0001,false,true,000000000030000319,4000,SP04,2026-02-07T00:00:00,3.000,EA,2.000,172905.50,2000008645,00010,443574039,261,,,VZIREQ05,SESS-000716
1000000753,0001,false,false,000000000030000319,4000,SP04,2026-04-23T00:00:00,3.000,EA,0.000,0.00,2000008646,00010,441011557,261,,,VZIREQ05,SESS-000717
1000000754,0001,false,false,000000000030000320,4000,SP04,2026-01-15T00:00:00,2.000,EA,0.000,0.00,2000008647,00010,444584923,261,,,VZIREQ04,SESS-000718
1000000755,0001,false,true,000000000030000320,4000,SP04,2026-06-07T00:00:00,3.000,EA,3.000,354849.51,2000008648,00010,444780249,261,,,VZIREQ03,SESS-000719
1000000756,0001,false,false,000000000030000321,4000,SP04,2026-04-03T00:00:00,4.000,EA,0.000,0.00,2000008649,00010,448885081,261,,,VZIREQ05,SESS-000720
1000000757,0001,false,false,000000000030000321,4000,SP04,2026-01-16T00:00:00,2.000,EA,0.000,0.00,2000008650,00010,449765472,261,,,VZIREQ03,SESS-000721
1000000758,0001,false,true,000000000030000321,4000,SP04,2025-08-18T00:00:00,4.000,EA,4.000,1867481.08,2000008651,00010,447567997,261,,,VZIREQ05,SESS-000722
1000000759,0001,false,false,000000000030000322,2000,SP02,2025-10-02T00:00:00,4.000,EA,0.000,0.00,2000008652,00010,428971834,261,,,VZIREQ04,SESS-000723
1000000760,0001,false,false,000000000030000322,2000,SP02,2025-08-26T00:00:00,2.000,EA,1.000,525632.45,2000008653,00010,427830251,261,,,VZIREQ03,SESS-000724
1000000761,0001,false,true,000000000030000322,2000,SP02,2026-04-25T00:00:00,2.000,EA,2.000,1051264.90,2000008654,00010,428906998,261,,,VZIREQ03,SESS-000725
1000000762,0001,false,true,000000000030000323,4000,SP04,2025-08-11T00:00:00,1.000,EA,1.000,39190.74,2000008655,00010,445605391,261,,,VZIREQ02,SESS-000726
1000000763,0001,false,true,000000000030000323,4000,SP04,2025-09-25T00:00:00,3.000,EA,2.000,78381.48,2000008656,00010,442520532,261,,,VZIREQ04,SESS-000727
1000000764,0001,false,false,000000000030000324,2000,SP02,2026-01-31T00:00:00,2.000,EA,0.000,0.00,2000008657,00010,426560800,261,,,VZIREQ02,SESS-000728
1000000765,0001,false,false,000000000030000324,2000,SP02,2026-03-23T00:00:00,4.000,EA,0.000,0.00,2000008658,00010,423243019,261,,,VZIREQ04,SESS-000729
1000000766,0001,false,false,000000000080000000,1000,SP01,2026-01-09T00:00:00,1.000,EA,0.000,0.00,,,416464401,541,,,VZIREQ04,SESS-000730
1000000767,0001,false,false,000000000080000001,4000,SP04,2026-04-11T00:00:00,1.000,EA,0.000,0.00,,,446534167,541,,,VZIREQ04,SESS-000731
1000000768,0001,false,false,000000000080000002,1000,SP01,2026-09-07T00:00:00,1.000,EA,0.000,0.00,,,417585033,541,,,VZIREQ04,SESS-000732
1000000769,0001,false,false,000000000080000002,2000,SP02,2025-11-25T00:00:00,1.000,EA,0.000,0.00,,,429702670,541,,,VZIREQ02,SESS-000733
1000000770,0001,false,false,000000000080000003,1000,SP01,2026-05-08T00:00:00,1.000,EA,0.000,0.00,,,417896474,541,,,VZIREQ04,SESS-000734
1000000771,0001,false,false,000000000080000004,3000,SP03,2026-08-15T00:00:00,1.000,EA,0.000,0.00,,,437940160,541,,,VZIREQ01,SESS-000735
1000000772,0001,false,false,000000000080000005,2000,SP02,2026-03-11T00:00:00,1.000,EA,0.000,0.00,,,424599616,541,,,VZIREQ02,SESS-000736
1000000773,0001,false,false,000000000080000006,3000,SP03,2025-12-25T00:00:00,1.000,EA,0.000,0.00,,,436846570,541,,,VZIREQ03,SESS-000737
1000000774,0001,false,false,000000000080000006,4000,SP04,2026-09-11T00:00:00,1.000,EA,0.000,0.00,,,449854632,541,,,VZIREQ03,SESS-000738
1000000775,0001,false,false,000000000080000007,3000,SP03,2026-08-22T00:00:00,1.000,EA,0.000,0.00,,,435416097,541,,,VZIREQ03,SESS-000739
1000000776,0001,false,false,000000000080000008,3000,SP03,2026-05-12T00:00:00,1.000,EA,0.000,0.00,,,433936717,541,,,VZIREQ02,SESS-000740
1000000777,0001,false,false,000000000080000008,2000,SP02,2026-04-01T00:00:00,1.000,EA,0.000,0.00,,,425150916,541,,,VZIREQ02,SESS-000741
1000000778,0001,false,false,000000000080000009,3000,SP03,2026-04-27T00:00:00,1.000,EA,0.000,0.00,,,432651453,541,,,VZIREQ02,SESS-000742
1000000779,0001,false,false,000000000080000010,3000,SP03,2026-04-05T00:00:00,1.000,EA,0.000,0.00,,,436279388,541,,,VZIREQ02,SESS-000743
1000000780,0001,false,false,000000000080000011,3000,SP03,2026-09-04T00:00:00,1.000,EA,0.000,0.00,,,435976758,541,,,VZIREQ02,SESS-000744
1000000781,0001,false,false,000000000080000012,3000,SP03,2026-03-31T00:00:00,1.000,EA,0.000,0.00,,,438420576,541,,,VZIREQ02,SESS-000745
1000000782,0001,false,false,000000000080000013,4000,SP04,2026-05-20T00:00:00,1.000,EA,0.000,0.00,,,449686500,541,,,VZIREQ05,SESS-000746
1000000783,0001,false,false,000000000080000014,3000,SP03,2025-11-04T00:00:00,1.000,EA,0.000,0.00,,,439595319,541,,,VZIREQ01,SESS-000747
1000000784,0001,false,false,000000000080000014,1000,SP01,2026-06-08T00:00:00,1.000,EA,0.000,0.00,,,411480878,541,,,VZIREQ02,SESS-000748
1000000785,0001,false,false,000000000080000015,1000,SP01,2026-08-19T00:00:00,1.000,EA,0.000,0.00,,,413323865,541,,,VZIREQ01,SESS-000749
1000000786,0001,false,false,000000000080000016,3000,SP03,2026-06-17T00:00:00,1.000,EA,0.000,0.00,,,434789913,541,,,VZIREQ05,SESS-000750
1000000787,0001,false,false,000000000080000017,2000,SP02,2026-06-27T00:00:00,1.000,EA,0.000,0.00,,,428631434,541,,,VZIREQ04,SESS-000751
1000000788,0001,false,false,000000000080000018,2000,SP02,2025-12-30T00:00:00,1.000,EA,0.000,0.00,,,422393709,541,,,VZIREQ04,SESS-000752
1000000789,0001,false,false,000000000080000019,3000,SP03,2026-04-27T00:00:00,1.000,EA,0.000,0.00,,,439050600,541,,,VZIREQ02,SESS-000753
1000000790,0001,false,false,000000000080000019,1000,SP01,2026-07-30T00:00:00,1.000,EA,0.000,0.00,,,419375951,541,,,VZIREQ01,SESS-000754
1000000791,0001,false,false,000000000080000020,1000,SP01,2025-12-02T00:00:00,1.000,EA,0.000,0.00,,,411057609,541,,,VZIREQ03,SESS-000755
1000000792,0001,false,false,000000000080000021,4000,SP04,2026-08-20T00:00:00,1.000,EA,0.000,0.00,,,448490256,541,,,VZIREQ03,SESS-000756
1000000793,0001,false,false,000000000080000021,2000,SP02,2026-05-07T00:00:00,1.000,EA,0.000,0.00,,,426571271,541,,,VZIREQ04,SESS-000757
1000000794,0001,false,false,000000000080000022,3000,SP03,2026-03-12T00:00:00,1.000,EA,0.000,0.00,,,438369342,541,,,VZIREQ03,SESS-000758
1000000795,0001,false,false,000000000080000022,1000,SP01,2026-04-06T00:00:00,1.000,EA,0.000,0.00,,,413031901,541,,,VZIREQ05,SESS-000759
1000000796,0001,false,false,000000000080000023,3000,SP03,2026-03-16T00:00:00,1.000,EA,0.000,0.00,,,439206784,541,,,VZIREQ04,SESS-000760
1000000797,0001,false,false,000000000080000024,1000,SP01,2026-02-04T00:00:00,1.000,EA,0.000,0.00,,,418142361,541,,,VZIREQ05,SESS-000761
1000000798,0001,false,false,000000000080000025,2000,SP02,2026-05-13T00:00:00,1.000,EA,0.000,0.00,,,422380489,541,,,VZIREQ02,SESS-000762
1000000799,0001,false,false,000000000080000025,4000,SP04,2026-09-12T00:00:00,1.000,EA,0.000,0.00,,,444670391,541,,,VZIREQ01,SESS-000763
1000000800,0001,false,false,000000000080000026,2000,SP02,2026-07-26T00:00:00,1.000,EA,0.000,0.00,,,423472013,541,,,VZIREQ02,SESS-000764
1000000801,0001,false,false,000000000080000027,4000,SP04,2026-02-24T00:00:00,1.000,EA,0.000,0.00,,,446253544,541,,,VZIREQ02,SESS-000765
1000000802,0001,false,false,000000000080000028,2000,SP02,2025-10-11T00:00:00,1.000,EA,0.000,0.00,,,424463911,541,,,VZIREQ03,SESS-000766
1000000803,0001,false,false,000000000080000029,3000,SP03,2026-02-08T00:00:00,1.000,EA,0.000,0.00,,,434256032,541,,,VZIREQ03,SESS-000767
1000000804,0001,false,false,000000000080000029,1000,SP01,2026-06-11T00:00:00,1.000,EA,0.000,0.00,,,419094323,541,,,VZIREQ02,SESS-000768
1000000805,0001,false,false,000000000080000030,3000,SP03,2026-01-24T00:00:00,1.000,EA,0.000,0.00,,,432154650,541,,,VZIREQ05,SESS-000769
1000000806,0001,false,false,000000000080000030,1000,SP01,2026-05-02T00:00:00,1.000,EA,0.000,0.00,,,414565716,541,,,VZIREQ01,SESS-000770
1000000807,0001,false,false,000000000080000031,2000,SP02,2026-05-13T00:00:00,1.000,EA,0.000,0.00,,,422951690,541,,,VZIREQ04,SESS-000771
1000000808,0001,false,false,000000000080000032,4000,SP04,2026-03-05T00:00:00,1.000,EA,0.000,0.00,,,443598366,541,,,VZIREQ04,SESS-000772
1000000809,0001,false,false,000000000080000033,1000,SP01,2025-12-26T00:00:00,1.000,EA,0.000,0.00,,,414597984,541,,,VZIREQ05,SESS-000773
1000000810,0001,false,false,000000000080000033,3000,SP03,2026-08-04T00:00:00,1.000,EA,0.000,0.00,,,438178951,541,,,VZIREQ01,SESS-000774
1000000811,0001,false,false,000000000080000034,1000,SP01,2026-05-01T00:00:00,1.000,EA,0.000,0.00,,,414368715,541,,,VZIREQ04,SESS-000775
1000000812,0001,false,false,000000000080000035,1000,SP01,2026-09-05T00:00:00,1.000,EA,0.000,0.00,,,411685659,541,,,VZIREQ05,SESS-000776
1000000813,0001,false,false,000000000080000035,2000,SP02,2026-03-06T00:00:00,1.000,EA,0.000,0.00,,,425218732,541,,,VZIREQ01,SESS-000777
1000000814,0001,false,false,000000000080000036,3000,SP03,2026-06-23T00:00:00,1.000,EA,0.000,0.00,,,436424351,541,,,VZIREQ04,SESS-000778
1000000815,0001,false,false,000000000080000037,4000,SP04,2026-08-07T00:00:00,1.000,EA,0.000,0.00,,,445018026,541,,,VZIREQ03,SESS-000779
1000000816,0001,false,false,000000000080000038,4000,SP04,2026-01-31T00:00:00,1.000,EA,0.000,0.00,,,446917276,541,,,VZIREQ03,SESS-000780
1000000817,0001,false,false,000000000080000039,4000,SP04,2026-05-12T00:00:00,1.000,EA,0.000,0.00,,,444912203,541,,,VZIREQ05,SESS-000781
1000000818,0001,false,false,000000000080000040,1000,SP01,2026-04-27T00:00:00,1.000,EA,0.000,0.00,,,411070226,541,,,VZIREQ02,SESS-000782
1000000819,0001,false,false,000000000080000041,2000,SP02,2026-06-14T00:00:00,1.000,EA,0.000,0.00,,,424564627,541,,,VZIREQ04,SESS-000783
1000000820,0001,false,false,000000000080000042,4000,SP04,2026-05-30T00:00:00,1.000,EA,0.000,0.00,,,442704333,541,,,VZIREQ01,SESS-000784
1000000821,0001,false,false,000000000080000043,4000,SP04,2026-07-10T00:00:00,1.000,EA,0.000,0.00,,,446560067,541,,,VZIREQ05,SESS-000785
1000000822,0001,false,false,000000000080000044,3000,SP03,2026-08-19T00:00:00,1.000,EA,0.000,0.00,,,435489482,541,,,VZIREQ04,SESS-000786
1000000823,0001,false,false,000000000080000045,3000,SP03,2026-07-12T00:00:00,1.000,EA,0.000,0.00,,,435427246,541,,,VZIREQ03,SESS-000787
1000000824,0001,false,false,000000000080000046,3000,SP03,2026-09-08T00:00:00,1.000,EA,0.000,0.00,,,437353133,541,,,VZIREQ05,SESS-000788
1000000825,0001,false,false,000000000080000046,4000,SP04,2026-07-05T00:00:00,1.000,EA,0.000,0.00,,,442281934,541,,,VZIREQ04,SESS-000789
1000000826,0001,false,false,000000000080000047,4000,SP04,2026-03-17T00:00:00,1.000,EA,0.000,0.00,,,442935897,541,,,VZIREQ04,SESS-000790
1000000827,0001,false,false,000000000080000047,2000,SP02,2026-02-26T00:00:00,1.000,EA,0.000,0.00,,,427619247,541,,,VZIREQ02,SESS-000791
1000000828,0001,false,false,000000000080000048,3000,SP03,2026-05-31T00:00:00,1.000,EA,0.000,0.00,,,431923583,541,,,VZIREQ05,SESS-000792
1000000829,0001,false,false,000000000080000049,3000,SP03,2026-05-26T00:00:00,1.000,EA,0.000,0.00,,,432597332,541,,,VZIREQ04,SESS-000793
1000000830,0001,false,false,000000000080000050,3000,SP03,2025-12-12T00:00:00,1.000,EA,0.000,0.00,,,438110234,541,,,VZIREQ03,SESS-000794
1000000831,0001,false,false,000000000080000051,2000,SP02,2026-06-11T00:00:00,1.000,EA,0.000,0.00,,,424284702,541,,,VZIREQ05,SESS-000795
1000000832,0001,false,false,000000000080000052,4000,SP04,2026-05-08T00:00:00,1.000,EA,0.000,0.00,,,442435026,541,,,VZIREQ05,SESS-000796
1000000833,0001,false,false,000000000080000053,1000,SP01,2025-12-04T00:00:00,1.000,EA,0.000,0.00,,,418624064,541,,,VZIREQ03,SESS-000797
1000000834,0001,false,false,000000000080000054,3000,SP03,2026-05-08T00:00:00,1.000,EA,0.000,0.00,,,433450466,541,,,VZIREQ02,SESS-000798
1000000835,0001,false,false,000000000080000055,2000,SP02,2026-03-14T00:00:00,1.000,EA,0.000,0.00,,,424768081,541,,,VZIREQ02,SESS-000799
1000000836,0001,false,false,000000000080000055,3000,SP03,2026-06-05T00:00:00,1.000,EA,0.000,0.00,,,433395461,541,,,VZIREQ04,SESS-000800
1000000837,0001,false,false,000000000080000056,2000,SP02,2026-03-04T00:00:00,1.000,EA,0.000,0.00,,,424146887,541,,,VZIREQ01,SESS-000801
1000000838,0001,false,false,000000000080000057,3000,SP03,2026-04-15T00:00:00,1.000,EA,0.000,0.00,,,434266959,541,,,VZIREQ03,SESS-000802
1000000839,0001,false,false,000000000080000058,1000,SP01,2026-08-20T00:00:00,1.000,EA,0.000,0.00,,,416179139,541,,,VZIREQ03,SESS-000803
1000000840,0001,false,false,000000000080000060,3000,SP03,2026-05-11T00:00:00,1.000,EA,0.000,0.00,,,437689059,541,,,VZIREQ03,SESS-000804
1000000841,0001,false,false,000000000080000061,2000,SP02,2026-06-18T00:00:00,1.000,EA,0.000,0.00,,,427950825,541,,,VZIREQ05,SESS-000805
1000000842,0001,false,false,000000000080000061,3000,SP03,2026-05-23T00:00:00,1.000,EA,0.000,0.00,,,431327907,541,,,VZIREQ05,SESS-000806
1000000843,0001,false,false,000000000080000062,3000,SP03,2026-06-17T00:00:00,1.000,EA,0.000,0.00,,,433977859,541,,,VZIREQ03,SESS-000807
1000000844,0001,false,false,000000000080000063,2000,SP02,2026-07-17T00:00:00,1.000,EA,0.000,0.00,,,426594528,541,,,VZIREQ01,SESS-000808
1000000845,0001,false,false,000000000080000063,3000,SP03,2026-03-17T00:00:00,1.000,EA,0.000,0.00,,,436780421,541,,,VZIREQ01,SESS-000809
1000000846,0001,false,false,000000000080000064,4000,SP04,2026-03-05T00:00:00,1.000,EA,0.000,0.00,,,443033189,541,,,VZIREQ02,SESS-000810
1000000847,0001,false,false,000000000080000065,4000,SP04,2026-03-13T00:00:00,1.000,EA,0.000,0.00,,,449502196,541,,,VZIREQ04,SESS-000811
1000000848,0001,false,false,000000000080000065,3000,SP03,2026-03-06T00:00:00,1.000,EA,0.000,0.00,,,437669982,541,,,VZIREQ05,SESS-000812
1000000849,0001,false,false,000000000080000066,1000,SP01,2026-01-26T00:00:00,1.000,EA,0.000,0.00,,,418134544,541,,,VZIREQ05,SESS-000813
1000000850,0001,false,false,000000000080000066,4000,SP04,2026-04-03T00:00:00,1.000,EA,0.000,0.00,,,445628426,541,,,VZIREQ02,SESS-000814
1000000851,0001,false,false,000000000080000067,2000,SP02,2026-08-04T00:00:00,1.000,EA,0.000,0.00,,,425751369,541,,,VZIREQ04,SESS-000815
1000000852,0001,false,false,000000000080000067,3000,SP03,2026-01-31T00:00:00,1.000,EA,0.000,0.00,,,438250072,541,,,VZIREQ02,SESS-000816
1000000853,0001,false,false,000000000080000068,3000,SP03,2026-04-15T00:00:00,1.000,EA,0.000,0.00,,,438257390,541,,,VZIREQ03,SESS-000817
1000000854,0001,false,false,000000000080000069,2000,SP02,2025-11-14T00:00:00,1.000,EA,0.000,0.00,,,421536769,541,,,VZIREQ05,SESS-000818
1000000855,0001,false,false,000000000080000069,4000,SP04,2026-06-29T00:00:00,1.000,EA,0.000,0.00,,,447492824,541,,,VZIREQ05,SESS-000819
1000000856,0001,false,false,000000000080000070,4000,SP04,2026-06-28T00:00:00,1.000,EA,0.000,0.00,,,445419272,541,,,VZIREQ04,SESS-000820
1000000857,0001,false,false,000000000080000070,2000,SP02,2026-02-02T00:00:00,1.000,EA,0.000,0.00,,,421321243,541,,,VZIREQ04,SESS-000821
1000000858,0001,false,false,000000000080000071,1000,SP01,2026-07-09T00:00:00,1.000,EA,0.000,0.00,,,416466288,541,,,VZIREQ05,SESS-000822
1000000859,0001,false,false,000000000080000072,1000,SP01,2026-04-23T00:00:00,1.000,EA,0.000,0.00,,,415331529,541,,,VZIREQ01,SESS-000823
1000000860,0001,false,false,000000000080000073,3000,SP03,2025-12-16T00:00:00,1.000,EA,0.000,0.00,,,439855685,541,,,VZIREQ01,SESS-000824
1000000861,0001,false,false,000000000080000074,2000,SP02,2026-05-18T00:00:00,1.000,EA,0.000,0.00,,,425330870,541,,,VZIREQ04,SESS-000825
1000000862,0001,false,false,000000000080000075,2000,SP02,2026-07-10T00:00:00,1.000,EA,0.000,0.00,,,423101976,541,,,VZIREQ02,SESS-000826
1000000863,0001,false,false,000000000080000076,4000,SP04,2026-01-08T00:00:00,1.000,EA,0.000,0.00,,,446191812,541,,,VZIREQ05,SESS-000827
1000000864,0001,false,false,000000000080000077,2000,SP02,2026-06-13T00:00:00,1.000,EA,0.000,0.00,,,427038307,541,,,VZIREQ05,SESS-000828
1000000865,0001,false,false,000000000080000078,2000,SP02,2026-09-04T00:00:00,1.000,EA,0.000,0.00,,,426242971,541,,,VZIREQ02,SESS-000829
1000000866,0001,false,false,000000000080000079,2000,SP02,2026-05-04T00:00:00,1.000,EA,0.000,0.00,,,427924315,541,,,VZIREQ01,SESS-000830
1000000867,0001,false,false,000000000080000080,4000,SP04,2026-05-24T00:00:00,1.000,EA,0.000,0.00,,,444059354,541,,,VZIREQ04,SESS-000831
1000000868,0001,false,false,000000000080000081,1000,SP01,2026-09-04T00:00:00,1.000,EA,0.000,0.00,,,419717925,541,,,VZIREQ03,SESS-000832
1000000869,0001,false,false,000000000080000082,1000,SP01,2026-03-20T00:00:00,1.000,EA,0.000,0.00,,,413360680,541,,,VZIREQ02,SESS-000833
1000000870,0001,false,false,000000000080000083,1000,SP01,2026-07-04T00:00:00,1.000,EA,0.000,0.00,,,414442649,541,,,VZIREQ01,SESS-000834
1000000871,0001,false,false,000000000080000083,3000,SP03,2026-06-15T00:00:00,1.000,EA,0.000,0.00,,,433696244,541,,,VZIREQ03,SESS-000835
1000000872,0001,false,false,000000000080000084,3000,SP03,2026-04-15T00:00:00,1.000,EA,0.000,0.00,,,434101791,541,,,VZIREQ05,SESS-000836
1000000873,0001,false,false,000000000080000085,4000,SP04,2026-08-05T00:00:00,1.000,EA,0.000,0.00,,,448549546,541,,,VZIREQ05,SESS-000837
1000000874,0001,false,false,000000000080000086,1000,SP01,2025-12-07T00:00:00,1.000,EA,0.000,0.00,,,418608996,541,,,VZIREQ02,SESS-000838
1000000875,0001,false,false,000000000080000087,3000,SP03,2026-06-16T00:00:00,1.000,EA,0.000,0.00,,,431914972,541,,,VZIREQ04,SESS-000839
1000000876,0001,false,false,000000000080000089,3000,SP03,2026-03-20T00:00:00,1.000,EA,0.000,0.00,,,433541855,541,,,VZIREQ01,SESS-000840
1000000877,0001,false,false,000000000080000090,3000,SP03,2026-07-24T00:00:00,1.000,EA,0.000,0.00,,,437496936,541,,,VZIREQ03,SESS-000841
1000000878,0001,false,false,000000000080000090,1000,SP01,2026-08-17T00:00:00,1.000,EA,0.000,0.00,,,419499666,541,,,VZIREQ05,SESS-000842
1000000879,0001,false,false,000000000080000091,3000,SP03,2026-08-20T00:00:00,1.000,EA,0.000,0.00,,,437522519,541,,,VZIREQ03,SESS-000843
1000000880,0001,false,false,000000000080000092,3000,SP03,2026-03-21T00:00:00,1.000,EA,0.000,0.00,,,437915673,541,,,VZIREQ05,SESS-000844
1000000881,0001,false,false,000000000080000092,1000,SP01,2026-03-16T00:00:00,1.000,EA,0.000,0.00,,,415807963,541,,,VZIREQ01,SESS-000845
1000000882,0001,false,false,000000000080000093,3000,SP03,2026-04-11T00:00:00,1.000,EA,0.000,0.00,,,431939920,541,,,VZIREQ01,SESS-000846
1000000883,0001,false,false,000000000080000095,2000,SP02,2026-08-12T00:00:00,1.000,EA,0.000,0.00,,,425204009,541,,,VZIREQ04,SESS-000847
1000000884,0001,false,false,000000000080000096,3000,SP03,2026-08-12T00:00:00,1.000,EA,0.000,0.00,,,436156368,541,,,VZIREQ05,SESS-000848
1000000885,0001,false,false,000000000080000096,4000,SP04,2026-09-02T00:00:00,1.000,EA,0.000,0.00,,,449341963,541,,,VZIREQ04,SESS-000849
1000000886,0001,false,false,000000000080000097,4000,SP04,2026-07-29T00:00:00,1.000,EA,0.000,0.00,,,447815589,541,,,VZIREQ02,SESS-000850
1000000887,0001,false,false,000000000080000098,1000,SP01,2026-06-27T00:00:00,1.000,EA,0.000,0.00,,,414164245,541,,,VZIREQ05,SESS-000851
1000000888,0001,false,false,000000000080000098,3000,SP03,2025-11-13T00:00:00,1.000,EA,0.000,0.00,,,435043290,541,,,VZIREQ04,SESS-000852
1000000889,0001,false,false,000000000080000099,3000,SP03,2026-08-09T00:00:00,1.000,EA,0.000,0.00,,,435030752,541,,,VZIREQ04,SESS-000853
1000000890,0001,false,false,000000000080000100,1000,SP01,2026-08-27T00:00:00,1.000,EA,0.000,0.00,,,419483354,541,,,VZIREQ03,SESS-000854
1000000891,0001,false,false,000000000080000101,4000,SP04,2026-04-03T00:00:00,1.000,EA,0.000,0.00,,,443057254,541,,,VZIREQ04,SESS-000855
1000000892,0001,false,false,000000000080000102,4000,SP04,2026-03-28T00:00:00,1.000,EA,0.000,0.00,,,444771858,541,,,VZIREQ03,SESS-000856
1000000893,0001,false,false,000000000080000103,1000,SP01,2026-01-05T00:00:00,1.000,EA,0.000,0.00,,,413814010,541,,,VZIREQ03,SESS-000857
1000000894,0001,false,false,000000000080000104,4000,SP04,2026-05-29T00:00:00,1.000,EA,0.000,0.00,,,443989337,541,,,VZIREQ01,SESS-000858
1000000895,0001,false,false,000000000080000104,3000,SP03,2026-05-12T00:00:00,1.000,EA,0.000,0.00,,,437275978,541,,,VZIREQ05,SESS-000859
1000000896,0001,false,false,000000000080000105,3000,SP03,2026-02-04T00:00:00,1.000,EA,0.000,0.00,,,431108967,541,,,VZIREQ04,SESS-000860
1000000897,0001,false,false,000000000080000105,4000,SP04,2026-09-09T00:00:00,1.000,EA,0.000,0.00,,,444781264,541,,,VZIREQ01,SESS-000861
1000000898,0001,false,false,000000000080000106,3000,SP03,2026-03-03T00:00:00,1.000,EA,0.000,0.00,,,434689677,541,,,VZIREQ04,SESS-000862
1000000899,0001,false,false,000000000080000107,4000,SP04,2026-09-02T00:00:00,1.000,EA,0.000,0.00,,,448550762,541,,,VZIREQ02,SESS-000863
1000000900,0001,false,false,000000000080000107,3000,SP03,2025-12-05T00:00:00,1.000,EA,0.000,0.00,,,432597809,541,,,VZIREQ04,SESS-000864
1000000901,0001,false,false,000000000080000108,3000,SP03,2025-12-04T00:00:00,1.000,EA,0.000,0.00,,,432968025,541,,,VZIREQ05,SESS-000865
1000000902,0001,false,false,000000000080000108,4000,SP04,2025-11-09T00:00:00,1.000,EA,0.000,0.00,,,442104895,541,,,VZIREQ01,SESS-000866
1000000903,0001,false,false,000000000080000109,2000,SP02,2026-04-25T00:00:00,1.000,EA,0.000,0.00,,,421520531,541,,,VZIREQ05,SESS-000867
1000000904,0001,false,false,000000000080000109,4000,SP04,2026-03-09T00:00:00,1.000,EA,0.000,0.00,,,442719767,541,,,VZIREQ05,SESS-000868
1000000905,0001,false,false,000000000080000110,2000,SP02,2026-09-13T00:00:00,1.000,EA,0.000,0.00,,,421101489,541,,,VZIREQ05,SESS-000869
1000000906,0001,false,false,000000000080000111,4000,SP04,2026-01-03T00:00:00,1.000,EA,0.000,0.00,,,445878361,541,,,VZIREQ05,SESS-000870
1000000907,0001,false,false,000000000080000112,2000,SP02,2026-02-11T00:00:00,1.000,EA,0.000,0.00,,,423678810,541,,,VZIREQ01,SESS-000871
1000000908,0001,false,false,000000000080000113,4000,SP04,2026-07-28T00:00:00,1.000,EA,0.000,0.00,,,443637801,541,,,VZIREQ03,SESS-000872
1000000909,0001,false,false,000000000080000114,1000,SP01,2026-01-04T00:00:00,1.000,EA,0.000,0.00,,,416595492,541,,,VZIREQ03,SESS-000873
1000000910,0001,false,false,000000000080000114,3000,SP03,2026-03-22T00:00:00,1.000,EA,0.000,0.00,,,439623985,541,,,VZIREQ03,SESS-000874
1000000911,0001,false,false,000000000080000115,3000,SP03,2026-05-10T00:00:00,1.000,EA,0.000,0.00,,,431617826,541,,,VZIREQ03,SESS-000875
1000000912,0001,false,false,000000000080000116,4000,SP04,2025-11-07T00:00:00,1.000,EA,0.000,0.00,,,443279780,541,,,VZIREQ03,SESS-000876
1000000913,0001,false,false,000000000080000117,3000,SP03,2026-05-06T00:00:00,1.000,EA,0.000,0.00,,,438689656,541,,,VZIREQ01,SESS-000877
1000000914,0001,false,false,000000000080000118,2000,SP02,2026-05-14T00:00:00,1.000,EA,0.000,0.00,,,421857200,541,,,VZIREQ03,SESS-000878
1000000915,0001,false,false,000000000080000119,4000,SP04,2026-01-29T00:00:00,1.000,EA,0.000,0.00,,,447357484,541,,,VZIREQ02,SESS-000879
1000000916,0001,false,false,000000000080000119,2000,SP02,2025-11-14T00:00:00,1.000,EA,0.000,0.00,,,424338052,541,,,VZIREQ01,SESS-000880
1000000917,0001,false,false,000000000080000120,4000,SP04,2026-04-30T00:00:00,1.000,EA,0.000,0.00,,,441612479,541,,,VZIREQ03,SESS-000881
1000000918,0001,false,false,000000000080000121,1000,SP01,2026-05-17T00:00:00,1.000,EA,0.000,0.00,,,412410238,541,,,VZIREQ01,SESS-000882
1000000919,0001,false,false,000000000080000122,1000,SP01,2026-06-29T00:00:00,1.000,EA,0.000,0.00,,,411166873,541,,,VZIREQ01,SESS-000883
1000000920,0001,false,false,000000000080000122,3000,SP03,2026-04-21T00:00:00,1.000,EA,0.000,0.00,,,437818177,541,,,VZIREQ03,SESS-000884
1000000921,0001,false,false,000000000080000123,3000,SP03,2026-04-23T00:00:00,1.000,EA,0.000,0.00,,,436617515,541,,,VZIREQ02,SESS-000885
1000000922,0001,false,false,000000000080000124,2000,SP02,2026-06-03T00:00:00,1.000,EA,0.000,0.00,,,421323393,541,,,VZIREQ05,SESS-000886
1000000923,0001,false,false,000000000080000125,2000,SP02,2026-05-30T00:00:00,1.000,EA,0.000,0.00,,,426593097,541,,,VZIREQ01,SESS-000887
1000000924,0001,false,false,000000000080000126,3000,SP03,2025-11-21T00:00:00,1.000,EA,0.000,0.00,,,432111756,541,,,VZIREQ02,SESS-000888
1000000925,0001,false,false,000000000080000127,1000,SP01,2026-07-15T00:00:00,1.000,EA,0.000,0.00,,,416733297,541,,,VZIREQ04,SESS-000889
1000000926,0001,false,false,000000000080000128,3000,SP03,2026-03-21T00:00:00,1.000,EA,0.000,0.00,,,439869657,541,,,VZIREQ04,SESS-000890
1000000927,0001,false,false,000000000080000128,1000,SP01,2025-12-24T00:00:00,1.000,EA,0.000,0.00,,,419285811,541,,,VZIREQ04,SESS-000891
1000000928,0001,false,false,000000000080000129,2000,SP02,2026-02-04T00:00:00,1.000,EA,0.000,0.00,,,421145611,541,,,VZIREQ01,SESS-000892
1000000929,0001,false,false,000000000080000130,4000,SP04,2026-02-11T00:00:00,1.000,EA,0.000,0.00,,,448562679,541,,,VZIREQ03,SESS-000893
1000000930,0001,false,false,000000000080000131,2000,SP02,2026-04-28T00:00:00,1.000,EA,0.000,0.00,,,422501170,541,,,VZIREQ02,SESS-000894
1000000931,0001,false,false,000000000080000132,2000,SP02,2026-05-24T00:00:00,1.000,EA,0.000,0.00,,,426158143,541,,,VZIREQ03,SESS-000895
1000000932,0001,false,false,000000000080000132,1000,SP01,2026-07-10T00:00:00,1.000,EA,0.000,0.00,,,416196173,541,,,VZIREQ04,SESS-000896
1000000933,0001,false,false,000000000080000133,4000,SP04,2025-11-08T00:00:00,1.000,EA,0.000,0.00,,,447500296,541,,,VZIREQ03,SESS-000897
1000000934,0001,false,false,000000000080000134,2000,SP02,2026-05-08T00:00:00,1.000,EA,0.000,0.00,,,425588353,541,,,VZIREQ05,SESS-000898
1000000935,0001,false,false,000000000080000134,4000,SP04,2026-05-09T00:00:00,1.000,EA,0.000,0.00,,,447836122,541,,,VZIREQ02,SESS-000899
1000000936,0001,false,false,000000000080000135,1000,SP01,2026-04-01T00:00:00,1.000,EA,0.000,0.00,,,414558790,541,,,VZIREQ04,SESS-000900
1000000937,0001,false,false,000000000080000136,1000,SP01,2026-05-01T00:00:00,1.000,EA,0.000,0.00,,,419070824,541,,,VZIREQ05,SESS-000901
1000000938,0001,false,false,000000000080000137,3000,SP03,2026-07-19T00:00:00,1.000,EA,0.000,0.00,,,436590306,541,,,VZIREQ04,SESS-000902
1000000939,0001,false,false,000000000080000138,4000,SP04,2026-09-05T00:00:00,1.000,EA,0.000,0.00,,,441337433,541,,,VZIREQ03,SESS-000903
1000000940,0001,false,false,000000000080000139,3000,SP03,2026-07-20T00:00:00,1.000,EA,0.000,0.00,,,438891537,541,,,VZIREQ02,SESS-000904
1000000941,0001,false,false,000000000080000140,4000,SP04,2026-06-16T00:00:00,1.000,EA,0.000,0.00,,,446539952,541,,,VZIREQ02,SESS-000905
1000000942,0001,false,false,000000000080000141,1000,SP01,2026-01-20T00:00:00,1.000,EA,0.000,0.00,,,411262999,541,,,VZIREQ01,SESS-000906
1000000943,0001,false,false,000000000080000142,4000,SP04,2026-04-10T00:00:00,1.000,EA,0.000,0.00,,,448938195,541,,,VZIREQ02,SESS-000907
1000000944,0001,false,false,000000000080000142,2000,SP02,2026-08-31T00:00:00,1.000,EA,0.000,0.00,,,427279910,541,,,VZIREQ02,SESS-000908
1000000945,0001,false,false,000000000080000143,3000,SP03,2026-08-23T00:00:00,1.000,EA,0.000,0.00,,,433265268,541,,,VZIREQ02,SESS-000909
1000000946,0001,false,false,000000000080000144,1000,SP01,2026-06-27T00:00:00,1.000,EA,0.000,0.00,,,417538718,541,,,VZIREQ03,SESS-000910
1000000947,0001,false,false,000000000080000145,3000,SP03,2026-08-27T00:00:00,1.000,EA,0.000,0.00,,,437042876,541,,,VZIREQ05,SESS-000911
1000000948,0001,false,false,000000000080000145,2000,SP02,2026-03-04T00:00:00,1.000,EA,0.000,0.00,,,429857776,541,,,VZIREQ02,SESS-000912
1000000949,0001,false,false,000000000080000146,1000,SP01,2026-07-15T00:00:00,1.000,EA,0.000,0.00,,,413931534,541,,,VZIREQ04,SESS-000913
1000000950,0001,false,false,000000000080000147,3000,SP03,2026-07-12T00:00:00,1.000,EA,0.000,0.00,,,431298153,541,,,VZIREQ04,SESS-000914
1000000951,0001,false,false,000000000080000148,4000,SP04,2026-01-20T00:00:00,1.000,EA,0.000,0.00,,,444818170,541,,,VZIREQ05,SESS-000915
1000000952,0001,false,false,000000000080000149,1000,SP01,2026-06-14T00:00:00,1.000,EA,0.000,0.00,,,417905815,541,,,VZIREQ01,SESS-000916
1000000953,0001,false,false,000000000080000150,3000,SP03,2026-06-17T00:00:00,1.000,EA,0.000,0.00,,,437828118,541,,,VZIREQ03,SESS-000917
1000000954,0001,false,false,000000000080000151,3000,SP03,2025-12-18T00:00:00,1.000,EA,0.000,0.00,,,433810853,541,,,VZIREQ01,SESS-000918
1000000955,0001,false,false,000000000080000152,1000,SP01,2026-05-01T00:00:00,1.000,EA,0.000,0.00,,,415198341,541,,,VZIREQ04,SESS-000919
1000000956,0001,false,false,000000000080000153,4000,SP04,2026-05-14T00:00:00,1.000,EA,0.000,0.00,,,443203885,541,,,VZIREQ05,SESS-000920
1000000957,0001,false,false,000000000080000154,4000,SP04,2026-08-03T00:00:00,1.000,EA,0.000,0.00,,,442798543,541,,,VZIREQ01,SESS-000921
1000000958,0001,false,false,000000000080000154,3000,SP03,2026-01-09T00:00:00,1.000,EA,0.000,0.00,,,434600088,541,,,VZIREQ04,SESS-000922
1000000959,0001,false,false,000000000080000155,2000,SP02,2026-07-17T00:00:00,1.000,EA,0.000,0.00,,,429859276,541,,,VZIREQ05,SESS-000923
1000000960,0001,false,false,000000000080000155,3000,SP03,2026-07-03T00:00:00,1.000,EA,0.000,0.00,,,434195742,541,,,VZIREQ05,SESS-000924
1000000961,0001,false,false,000000000080000156,3000,SP03,2026-07-22T00:00:00,1.000,EA,0.000,0.00,,,437204137,541,,,VZIREQ02,SESS-000925
1000000962,0001,false,false,000000000080000158,1000,SP01,2025-12-14T00:00:00,1.000,EA,0.000,0.00,,,414774421,541,,,VZIREQ05,SESS-000926
1000000963,0001,false,false,000000000080000159,1000,SP01,2026-04-14T00:00:00,1.000,EA,0.000,0.00,,,415032699,541,,,VZIREQ02,SESS-000927
1000000964,0001,false,false,000000000080000160,4000,SP04,2026-07-09T00:00:00,1.000,EA,0.000,0.00,,,445053589,541,,,VZIREQ01,SESS-000928
1000000965,0001,false,false,000000000080000161,3000,SP03,2026-08-11T00:00:00,1.000,EA,0.000,0.00,,,434041905,541,,,VZIREQ04,SESS-000929
1000000966,0001,false,false,000000000080000162,3000,SP03,2026-07-11T00:00:00,1.000,EA,0.000,0.00,,,431086500,541,,,VZIREQ02,SESS-000930
1000000967,0001,false,false,000000000080000163,2000,SP02,2026-08-23T00:00:00,1.000,EA,0.000,0.00,,,426849440,541,,,VZIREQ05,SESS-000931
1000000968,0001,false,false,000000000080000163,1000,SP01,2026-01-03T00:00:00,1.000,EA,0.000,0.00,,,416865524,541,,,VZIREQ01,SESS-000932
1000000969,0001,false,false,000000000080000164,1000,SP01,2026-08-31T00:00:00,1.000,EA,0.000,0.00,,,416281513,541,,,VZIREQ01,SESS-000933
1000000970,0001,false,false,000000000080000164,4000,SP04,2026-02-13T00:00:00,1.000,EA,0.000,0.00,,,443962071,541,,,VZIREQ05,SESS-000934
1000000971,0001,false,false,000000000080000165,2000,SP02,2026-01-28T00:00:00,1.000,EA,0.000,0.00,,,429787038,541,,,VZIREQ03,SESS-000935
1000000972,0001,false,false,000000000080000166,2000,SP02,2026-06-05T00:00:00,1.000,EA,0.000,0.00,,,422731962,541,,,VZIREQ03,SESS-000936
1000000973,0001,false,false,000000000080000166,3000,SP03,2026-08-13T00:00:00,1.000,EA,0.000,0.00,,,438853522,541,,,VZIREQ05,SESS-000937
1000000974,0001,false,false,000000000080000167,4000,SP04,2026-07-18T00:00:00,1.000,EA,0.000,0.00,,,446834018,541,,,VZIREQ02,SESS-000938
1000000975,0001,false,false,000000000080000168,2000,SP02,2026-04-23T00:00:00,1.000,EA,0.000,0.00,,,427518584,541,,,VZIREQ01,SESS-000939
1000000976,0001,false,false,000000000080000169,2000,SP02,2026-05-14T00:00:00,1.000,EA,0.000,0.00,,,425688754,541,,,VZIREQ02,SESS-000940
1000000977,0001,false,false,000000000080000171,4000,SP04,2025-12-06T00:00:00,1.000,EA,0.000,0.00,,,445770055,541,,,VZIREQ03,SESS-000941
1000000978,0001,false,false,000000000080000171,1000,SP01,2026-08-10T00:00:00,1.000,EA,0.000,0.00,,,411136325,541,,,VZIREQ05,SESS-000942
1000000979,0001,false,false,000000000080000172,2000,SP02,2026-09-03T00:00:00,1.000,EA,0.000,0.00,,,429531530,541,,,VZIREQ01,SESS-000943
1000000980,0001,false,false,000000000080000173,4000,SP04,2026-06-08T00:00:00,1.000,EA,0.000,0.00,,,442011993,541,,,VZIREQ01,SESS-000944
1000000981,0001,false,false,000000000080000173,2000,SP02,2026-07-25T00:00:00,1.000,EA,0.000,0.00,,,425954983,541,,,VZIREQ01,SESS-000945
1000000982,0001,false,false,000000000080000174,1000,SP01,2026-08-15T00:00:00,1.000,EA,0.000,0.00,,,416621131,541,,,VZIREQ03,SESS-000946
1000000983,0001,false,false,000000000080000175,3000,SP03,2026-08-04T00:00:00,1.000,EA,0.000,0.00,,,437252131,541,,,VZIREQ03,SESS-000947
1000000984,0001,false,false,000000000080000175,2000,SP02,2026-07-22T00:00:00,1.000,EA,0.000,0.00,,,424919849,541,,,VZIREQ03,SESS-000948
1000000985,0001,false,false,000000000080000176,1000,SP01,2026-04-30T00:00:00,1.000,EA,0.000,0.00,,,412864173,541,,,VZIREQ02,SESS-000949
1000000986,0001,false,false,000000000080000177,4000,SP04,2026-06-06T00:00:00,1.000,EA,0.000,0.00,,,443167011,541,,,VZIREQ04,SESS-000950
1000000987,0001,false,false,000000000080000177,1000,SP01,2026-06-07T00:00:00,1.000,EA,0.000,0.00,,,414096253,541,,,VZIREQ02,SESS-000951
1000000988,0001,false,false,000000000080000178,1000,SP01,2026-04-23T00:00:00,1.000,EA,0.000,0.00,,,419491291,541,,,VZIREQ04,SESS-000952
1000000989,0001,false,false,000000000080000179,1000,SP01,2026-07-30T00:00:00,1.000,EA,0.000,0.00,,,414131218,541,,,VZIREQ05,SESS-000953
1000000990,0001,false,false,000000000080000179,4000,SP04,2026-06-04T00:00:00,1.000,EA,0.000,0.00,,,443283430,541,,,VZIREQ04,SESS-000954
1000000991,0001,false,false,000000000080000180,3000,SP03,2026-08-05T00:00:00,1.000,EA,0.000,0.00,,,431756374,541,,,VZIREQ01,SESS-000955
1000000992,0001,false,false,000000000080000180,1000,SP01,2026-05-31T00:00:00,1.000,EA,0.000,0.00,,,416656083,541,,,VZIREQ02,SESS-000956
1000000993,0001,false,false,000000000080000181,2000,SP02,2026-08-09T00:00:00,1.000,EA,0.000,0.00,,,422962754,541,,,VZIREQ02,SESS-000957
1000000994,0001,false,false,000000000080000182,3000,SP03,2026-03-08T00:00:00,1.000,EA,0.000,0.00,,,433107467,541,,,VZIREQ03,SESS-000958
1000000995,0001,false,false,000000000080000183,1000,SP01,2026-05-08T00:00:00,1.000,EA,0.000,0.00,,,413481934,541,,,VZIREQ02,SESS-000959
1000000996,0001,false,false,000000000080000183,3000,SP03,2026-04-27T00:00:00,1.000,EA,0.000,0.00,,,431155518,541,,,VZIREQ05,SESS-000960
1000000997,0001,false,false,000000000080000184,3000,SP03,2026-08-19T00:00:00,1.000,EA,0.000,0.00,,,434306253,541,,,VZIREQ03,SESS-000961
1000000998,0001,false,false,000000000080000185,3000,SP03,2026-07-27T00:00:00,1.000,EA,0.000,0.00,,,439469048,541,,,VZIREQ05,SESS-000962
1000000999,0001,false,false,000000000080000186,4000,SP04,2026-06-03T00:00:00,1.000,EA,0.000,0.00,,,443911045,541,,,VZIREQ05,SESS-000963
1000001000,0001,false,false,000000000080000186,2000,SP02,2026-03-25T00:00:00,1.000,EA,0.000,0.00,,,427134278,541,,,VZIREQ05,SESS-000964
1000001001,0001,false,false,000000000080000187,2000,SP02,2026-07-08T00:00:00,1.000,EA,0.000,0.00,,,429517348,541,,,VZIREQ04,SESS-000965
1000001002,0001,false,false,000000000080000188,2000,SP02,2026-06-10T00:00:00,1.000,EA,0.000,0.00,,,429201426,541,,,VZIREQ02,SESS-000966
1000001003,0001,false,false,000000000080000189,3000,SP03,2026-05-20T00:00:00,1.000,EA,0.000,0.00,,,437383385,541,,,VZIREQ01,SESS-000967
1000001004,0001,false,false,000000000080000190,4000,SP04,2026-06-27T00:00:00,1.000,EA,0.000,0.00,,,446558020,541,,,VZIREQ05,SESS-000968
1000001005,0001,false,false,000000000080000191,1000,SP01,2026-04-06T00:00:00,1.000,EA,0.000,0.00,,,417107463,541,,,VZIREQ03,SESS-000969
1000001006,0001,false,false,000000000080000192,1000,SP01,2026-05-12T00:00:00,1.000,EA,0.000,0.00,,,414811604,541,,,VZIREQ01,SESS-000970
1000001007,0001,false,false,000000000080000193,2000,SP02,2026-05-27T00:00:00,1.000,EA,0.000,0.00,,,427742913,541,,,VZIREQ01,SESS-000971
1000001008,0001,false,false,000000000080000194,4000,SP04,2026-01-13T00:00:00,1.000,EA,0.000,0.00,,,445553131,541,,,VZIREQ02,SESS-000972
1000001009,0001,false,false,000000000080000195,1000,SP01,2026-01-20T00:00:00,1.000,EA,0.000,0.00,,,418871103,541,,,VZIREQ05,SESS-000973
1000001010,0001,false,false,000000000080000196,3000,SP03,2026-05-07T00:00:00,1.000,EA,0.000,0.00,,,435053966,541,,,VZIREQ02,SESS-000974
1000001011,0001,false,false,000000000080000196,4000,SP04,2026-07-07T00:00:00,1.000,EA,0.000,0.00,,,448852656,541,,,VZIREQ04,SESS-000975
1000001012,0001,false,false,000000000080000197,4000,SP04,2026-02-15T00:00:00,1.000,EA,0.000,0.00,,,444907643,541,,,VZIREQ02,SESS-000976
1000001013,0001,false,false,000000000080000197,3000,SP03,2026-07-28T00:00:00,1.000,EA,0.000,0.00,,,434272390,541,,,VZIREQ03,SESS-000977
1000001014,0001,false,false,000000000080000199,4000,SP04,2026-09-02T00:00:00,1.000,EA,0.000,0.00,,,445539246,541,,,VZIREQ03,SESS-000978
1000001015,0001,false,false,000000000080000200,3000,SP03,2026-08-23T00:00:00,1.000,EA,0.000,0.00,,,433026620,541,,,VZIREQ04,SESS-000979
1000001016,0001,false,false,000000000080000201,1000,SP01,2026-08-10T00:00:00,1.000,EA,0.000,0.00,,,419915221,541,,,VZIREQ02,SESS-000980
1000001017,0001,false,false,000000000080000202,2000,SP02,2026-04-06T00:00:00,1.000,EA,0.000,0.00,,,425515573,541,,,VZIREQ05,SESS-000981
1000001018,0001,false,false,000000000080000202,3000,SP03,2026-06-29T00:00:00,1.000,EA,0.000,0.00,,,431512596,541,,,VZIREQ02,SESS-000982
1000001019,0001,false,false,000000000080000203,4000,SP04,2026-08-21T00:00:00,1.000,EA,0.000,0.00,,,447119223,541,,,VZIREQ02,SESS-000983
1000001020,0001,false,false,000000000080000204,1000,SP01,2026-02-18T00:00:00,1.000,EA,0.000,0.00,,,412907479,541,,,VZIREQ04,SESS-000984
1000001021,0001,false,false,000000000080000204,4000,SP04,2026-05-01T00:00:00,1.000,EA,0.000,0.00,,,447990800,541,,,VZIREQ04,SESS-000985
1000001022,0001,false,false,000000000080000205,2000,SP02,2026-01-17T00:00:00,1.000,EA,0.000,0.00,,,427517688,541,,,VZIREQ04,SESS-000986
1000001023,0001,false,false,000000000080000206,1000,SP01,2026-01-21T00:00:00,1.000,EA,0.000,0.00,,,413575920,541,,,VZIREQ04,SESS-000987
1000001024,0001,false,false,000000000080000207,1000,SP01,2025-11-08T00:00:00,1.000,EA,0.000,0.00,,,416742455,541,,,VZIREQ04,SESS-000988
1000001025,0001,false,false,000000000080000208,3000,SP03,2026-02-20T00:00:00,1.000,EA,0.000,0.00,,,434782934,541,,,VZIREQ04,SESS-000989
1000001026,0001,false,false,000000000080000209,2000,SP02,2026-05-25T00:00:00,1.000,EA,0.000,0.00,,,421019728,541,,,VZIREQ05,SESS-000990
1000001027,0001,false,false,000000000080000210,3000,SP03,2026-06-14T00:00:00,1.000,EA,0.000,0.00,,,437733454,541,,,VZIREQ03,SESS-000991
1000001028,0001,false,false,000000000080000211,4000,SP04,2026-08-28T00:00:00,1.000,EA,0.000,0.00,,,443095302,541,,,VZIREQ05,SESS-000992
1000001029,0001,false,false,000000000080000212,3000,SP03,2026-08-20T00:00:00,1.000,EA,0.000,0.00,,,439846087,541,,,VZIREQ04,SESS-000993
1000001030,0001,false,false,000000000080000212,2000,SP02,2026-05-04T00:00:00,1.000,EA,0.000,0.00,,,428802123,541,,,VZIREQ01,SESS-000994
1000001031,0001,false,false,000000000080000213,3000,SP03,2026-06-13T00:00:00,1.000,EA,0.000,0.00,,,437042774,541,,,VZIREQ04,SESS-000995
1000001032,0001,false,false,000000000080000214,4000,SP04,2026-07-17T00:00:00,1.000,EA,0.000,0.00,,,443516897,541,,,VZIREQ03,SESS-000996
1000001033,0001,false,false,000000000080000215,3000,SP03,2026-08-14T00:00:00,1.000,EA,0.000,0.00,,,432629146,541,,,VZIREQ01,SESS-000997
1000001034,0001,false,false,000000000080000216,4000,SP04,2026-07-08T00:00:00,1.000,EA,0.000,0.00,,,441830310,541,,,VZIREQ04,SESS-000998
1000001035,0001,false,false,000000000080000217,1000,SP01,2026-02-17T00:00:00,1.000,EA,0.000,0.00,,,414021775,541,,,VZIREQ03,SESS-000999
1000001036,0001,false,false,000000000080000217,4000,SP04,2026-05-20T00:00:00,1.000,EA,0.000,0.00,,,444925141,541,,,VZIREQ03,SESS-001000
1000001037,0001,false,false,000000000080000218,4000,SP04,2026-09-13T00:00:00,1.000,EA,0.000,0.00,,,444691738,541,,,VZIREQ01,SESS-001001
1000001038,0001,false,false,000000000080000219,3000,SP03,2026-01-04T00:00:00,1.000,EA,0.000,0.00,,,435227891,541,,,VZIREQ02,SESS-001002
1000001039,0001,false,false,000000000080000220,3000,SP03,2026-07-03T00:00:00,1.000,EA,0.000,0.00,,,436182627,541,,,VZIREQ01,SESS-001003
1000001040,0001,false,false,000000000080000221,1000,SP01,2026-05-07T00:00:00,1.000,EA,0.000,0.00,,,413876816,541,,,VZIREQ01,SESS-001004
1000001041,0001,false,false,000000000080000222,2000,SP02,2025-11-28T00:00:00,1.000,EA,0.000,0.00,,,428536677,541,,,VZIREQ05,SESS-001005
1000001042,0001,false,false,000000000080000223,2000,SP02,2026-03-15T00:00:00,1.000,EA,0.000,0.00,,,428329032,541,,,VZIREQ05,SESS-001006
1000001043,0001,false,false,000000000080000224,1000,SP01,2026-04-07T00:00:00,1.000,EA,0.000,0.00,,,416394792,541,,,VZIREQ01,SESS-001007
1000001044,0001,false,false,000000000080000225,1000,SP01,2026-07-10T00:00:00,1.000,EA,0.000,0.00,,,412528582,541,,,VZIREQ04,SESS-001008
1000001045,0001,false,false,000000000080000226,3000,SP03,2026-04-27T00:00:00,1.000,EA,0.000,0.00,,,432472793,541,,,VZIREQ02,SESS-001009
1000001046,0001,false,false,000000000080000226,4000,SP04,2025-12-04T00:00:00,1.000,EA,0.000,0.00,,,446486999,541,,,VZIREQ02,SESS-001010
1000001047,0001,false,false,000000000080000228,1000,SP01,2026-05-09T00:00:00,1.000,EA,0.000,0.00,,,411520604,541,,,VZIREQ01,SESS-001011
1000001048,0001,false,false,000000000080000229,4000,SP04,2026-08-31T00:00:00,1.000,EA,0.000,0.00,,,442982140,541,,,VZIREQ04,SESS-001012
1000001049,0001,false,false,000000000080000230,3000,SP03,2025-12-30T00:00:00,1.000,EA,0.000,0.00,,,434967952,541,,,VZIREQ01,SESS-001013
1000001050,0001,false,false,000000000080000231,4000,SP04,2026-08-27T00:00:00,1.000,EA,0.000,0.00,,,443349022,541,,,VZIREQ04,SESS-001014
1000001051,0001,false,false,000000000080000232,1000,SP01,2026-09-05T00:00:00,1.000,EA,0.000,0.00,,,414805021,541,,,VZIREQ05,SESS-001015
1000001052,0001,false,false,000000000080000233,3000,SP03,2026-06-10T00:00:00,1.000,EA,0.000,0.00,,,434868352,541,,,VZIREQ01,SESS-001016
1000001053,0001,false,false,000000000080000234,2000,SP02,2025-12-30T00:00:00,1.000,EA,0.000,0.00,,,423928361,541,,,VZIREQ03,SESS-001017
1000001054,0001,false,false,000000000080000235,2000,SP02,2026-07-24T00:00:00,1.000,EA,0.000,0.00,,,421962494,541,,,VZIREQ04,SESS-001018
1000001055,0001,false,false,000000000080000236,2000,SP02,2026-05-19T00:00:00,1.000,EA,0.000,0.00,,,424480513,541,,,VZIREQ02,SESS-001019
1000001056,0001,false,false,000000000080000237,4000,SP04,2026-05-24T00:00:00,1.000,EA,0.000,0.00,,,445427234,541,,,VZIREQ05,SESS-001020
1000001057,0001,false,false,000000000080000238,4000,SP04,2026-07-18T00:00:00,1.000,EA,0.000,0.00,,,447089134,541,,,VZIREQ01,SESS-001021
1000001058,0001,false,false,000000000080000239,3000,SP03,2026-08-12T00:00:00,1.000,EA,0.000,0.00,,,437081007,541,,,VZIREQ03,SESS-001022
1000001059,0001,false,false,000000000080000240,3000,SP03,2026-08-09T00:00:00,1.000,EA,0.000,0.00,,,437267462,541,,,VZIREQ03,SESS-001023
1000001060,0001,false,false,000000000080000241,1000,SP01,2025-12-24T00:00:00,1.000,EA,0.000,0.00,,,412238434,541,,,VZIREQ01,SESS-001024
1000001061,0001,false,false,000000000080000241,4000,SP04,2026-06-19T00:00:00,1.000,EA,0.000,0.00,,,442541032,541,,,VZIREQ01,SESS-001025
1000001062,0001,false,false,000000000080000242,3000,SP03,2026-03-15T00:00:00,1.000,EA,0.000,0.00,,,438308932,541,,,VZIREQ03,SESS-001026
1000001063,0001,false,false,000000000080000242,2000,SP02,2025-12-29T00:00:00,1.000,EA,0.000,0.00,,,428985349,541,,,VZIREQ04,SESS-001027
1000001064,0001,false,false,000000000080000244,3000,SP03,2026-05-18T00:00:00,1.000,EA,0.000,0.00,,,435684345,541,,,VZIREQ05,SESS-001028
1000001065,0001,false,false,000000000080000245,3000,SP03,2025-12-23T00:00:00,1.000,EA,0.000,0.00,,,434963696,541,,,VZIREQ01,SESS-001029
1000001066,0001,false,false,000000000080000246,3000,SP03,2026-05-03T00:00:00,1.000,EA,0.000,0.00,,,435214507,541,,,VZIREQ03,SESS-001030
1000001067,0001,false,false,000000000080000247,2000,SP02,2026-04-24T00:00:00,1.000,EA,0.000,0.00,,,424754029,541,,,VZIREQ05,SESS-001031
1000001068,0001,false,false,000000000080000247,3000,SP03,2026-04-03T00:00:00,1.000,EA,0.000,0.00,,,431273307,541,,,VZIREQ03,SESS-001032
1000001069,0001,false,false,000000000080000248,2000,SP02,2026-08-07T00:00:00,1.000,EA,0.000,0.00,,,429918884,541,,,VZIREQ04,SESS-001033
1000001070,0001,false,false,000000000080000249,4000,SP04,2026-09-04T00:00:00,1.000,EA,0.000,0.00,,,444645792,541,,,VZIREQ04,SESS-001034
1000001071,0001,false,false,000000000080000250,3000,SP03,2025-11-27T00:00:00,1.000,EA,0.000,0.00,,,433501871,541,,,VZIREQ04,SESS-001035
1000001072,0001,false,false,000000000080000251,2000,SP02,2026-06-06T00:00:00,1.000,EA,0.000,0.00,,,428273825,541,,,VZIREQ05,SESS-001036
1000001073,0001,false,false,000000000080000252,2000,SP02,2026-01-15T00:00:00,1.000,EA,0.000,0.00,,,425963745,541,,,VZIREQ03,SESS-001037
1000001074,0001,false,false,000000000080000254,1000,SP01,2026-09-04T00:00:00,1.000,EA,0.000,0.00,,,416670951,541,,,VZIREQ04,SESS-001038
1000001075,0001,false,false,000000000080000255,2000,SP02,2026-07-18T00:00:00,1.000,EA,0.000,0.00,,,428905814,541,,,VZIREQ03,SESS-001039
1000001076,0001,false,false,000000000080000256,3000,SP03,2026-09-06T00:00:00,1.000,EA,0.000,0.00,,,438923914,541,,,VZIREQ04,SESS-001040
1000001077,0001,false,false,000000000080000256,4000,SP04,2026-09-09T00:00:00,1.000,EA,0.000,0.00,,,442823920,541,,,VZIREQ01,SESS-001041
1000001078,0001,false,false,000000000080000257,2000,SP02,2026-08-05T00:00:00,1.000,EA,0.000,0.00,,,426098323,541,,,VZIREQ05,SESS-001042
1000001079,0001,false,false,000000000080000258,1000,SP01,2026-06-10T00:00:00,1.000,EA,0.000,0.00,,,411108310,541,,,VZIREQ05,SESS-001043
1000001080,0001,false,false,000000000080000259,1000,SP01,2026-04-30T00:00:00,1.000,EA,0.000,0.00,,,414196066,541,,,VZIREQ05,SESS-001044
1000001081,0001,false,false,000000000080000260,2000,SP02,2026-08-23T00:00:00,1.000,EA,0.000,0.00,,,425838207,541,,,VZIREQ03,SESS-001045
1000001082,0001,false,false,000000000080000260,4000,SP04,2026-05-20T00:00:00,1.000,EA,0.000,0.00,,,443799117,541,,,VZIREQ03,SESS-001046
1000001083,0001,false,false,000000000080000261,3000,SP03,2026-07-21T00:00:00,1.000,EA,0.000,0.00,,,437473855,541,,,VZIREQ02,SESS-001047
1000001084,0001,false,false,000000000080000262,4000,SP04,2026-07-06T00:00:00,1.000,EA,0.000,0.00,,,446015362,541,,,VZIREQ04,SESS-001048
1000001085,0001,false,false,000000000080000262,2000,SP02,2026-08-18T00:00:00,1.000,EA,0.000,0.00,,,425770058,541,,,VZIREQ05,SESS-001049
1000001086,0001,false,false,000000000080000263,4000,SP04,2026-08-04T00:00:00,1.000,EA,0.000,0.00,,,443785959,541,,,VZIREQ02,SESS-001050
1000001087,0001,false,false,000000000080000264,2000,SP02,2026-04-01T00:00:00,1.000,EA,0.000,0.00,,,424500894,541,,,VZIREQ03,SESS-001051
1000001088,0001,false,false,000000000080000265,1000,SP01,2026-07-02T00:00:00,1.000,EA,0.000,0.00,,,417136915,541,,,VZIREQ05,SESS-001052
1000001089,0001,false,false,000000000080000265,2000,SP02,2026-08-30T00:00:00,1.000,EA,0.000,0.00,,,428759333,541,,,VZIREQ01,SESS-001053
1000001090,0001,false,false,000000000080000266,2000,SP02,2026-05-24T00:00:00,1.000,EA,0.000,0.00,,,424023064,541,,,VZIREQ03,SESS-001054
1000001091,0001,false,false,000000000080000267,4000,SP04,2026-04-26T00:00:00,1.000,EA,0.000,0.00,,,443918027,541,,,VZIREQ04,SESS-001055
1000001092,0001,false,false,000000000080000268,3000,SP03,2026-08-31T00:00:00,1.000,EA,0.000,0.00,,,436920937,541,,,VZIREQ05,SESS-001056
1000001093,0001,false,false,000000000080000269,1000,SP01,2026-02-03T00:00:00,1.000,EA,0.000,0.00,,,411860060,541,,,VZIREQ04,SESS-001057
1000001094,0001,false,false,000000000080000269,4000,SP04,2026-06-08T00:00:00,1.000,EA,0.000,0.00,,,447760496,541,,,VZIREQ02,SESS-001058
1000001095,0001,false,false,000000000080000270,3000,SP03,2026-05-23T00:00:00,1.000,EA,0.000,0.00,,,431539834,541,,,VZIREQ04,SESS-001059
1000001096,0001,false,false,000000000080000271,4000,SP04,2026-08-18T00:00:00,1.000,EA,0.000,0.00,,,442782476,541,,,VZIREQ05,SESS-001060
1000001097,0001,false,false,000000000080000272,4000,SP04,2026-06-27T00:00:00,1.000,EA,0.000,0.00,,,448333479,541,,,VZIREQ01,SESS-001061
1000001098,0001,false,false,000000000080000273,1000,SP01,2026-05-09T00:00:00,1.000,EA,0.000,0.00,,,413755278,541,,,VZIREQ02,SESS-001062
1000001099,0001,false,false,000000000080000274,4000,SP04,2025-11-07T00:00:00,1.000,EA,0.000,0.00,,,445298584,541,,,VZIREQ05,SESS-001063
1000001100,0001,false,false,000000000080000275,1000,SP01,2026-05-23T00:00:00,1.000,EA,0.000,0.00,,,414344190,541,,,VZIREQ04,SESS-001064
1000001101,0001,false,false,000000000080000276,4000,SP04,2025-12-05T00:00:00,1.000,EA,0.000,0.00,,,441249562,541,,,VZIREQ01,SESS-001065
1000001102,0001,false,false,000000000080000276,2000,SP02,2026-01-29T00:00:00,1.000,EA,0.000,0.00,,,426823258,541,,,VZIREQ02,SESS-001066
1000001103,0001,false,false,000000000080000277,3000,SP03,2026-03-17T00:00:00,1.000,EA,0.000,0.00,,,437774690,541,,,VZIREQ01,SESS-001067
1000001104,0001,false,false,000000000080000278,2000,SP02,2026-03-13T00:00:00,1.000,EA,0.000,0.00,,,423071432,541,,,VZIREQ04,SESS-001068
1000001105,0001,false,false,000000000080000279,2000,SP02,2026-03-30T00:00:00,1.000,EA,0.000,0.00,,,428971099,541,,,VZIREQ05,SESS-001069
1000001106,0001,false,false,000000000080000280,2000,SP02,2026-06-13T00:00:00,1.000,EA,0.000,0.00,,,422119575,541,,,VZIREQ04,SESS-001070
1000001107,0001,false,false,000000000080000281,2000,SP02,2026-06-11T00:00:00,1.000,EA,0.000,0.00,,,423411793,541,,,VZIREQ01,SESS-001071
1000001108,0001,false,false,000000000080000282,3000,SP03,2026-09-08T00:00:00,1.000,EA,0.000,0.00,,,438533671,541,,,VZIREQ02,SESS-001072
1000001109,0001,false,false,000000000080000283,4000,SP04,2026-01-02T00:00:00,1.000,EA,0.000,0.00,,,441252775,541,,,VZIREQ02,SESS-001073
1000001110,0001,false,false,000000000080000283,2000,SP02,2026-01-24T00:00:00,1.000,EA,0.000,0.00,,,426554444,541,,,VZIREQ01,SESS-001074
1000001111,0001,false,false,000000000080000284,1000,SP01,2026-04-06T00:00:00,1.000,EA,0.000,0.00,,,417701366,541,,,VZIREQ04,SESS-001075
1000001112,0001,false,false,000000000080000285,2000,SP02,2026-02-22T00:00:00,1.000,EA,0.000,0.00,,,427153288,541,,,VZIREQ04,SESS-001076
1000001113,0001,false,false,000000000080000286,1000,SP01,2026-03-13T00:00:00,1.000,EA,0.000,0.00,,,415380412,541,,,VZIREQ02,SESS-001077
1000001114,0001,false,false,000000000080000286,3000,SP03,2026-05-26T00:00:00,1.000,EA,0.000,0.00,,,431832666,541,,,VZIREQ01,SESS-001078
1000001115,0001,false,false,000000000080000287,2000,SP02,2026-08-16T00:00:00,1.000,EA,0.000,0.00,,,421643200,541,,,VZIREQ02,SESS-001079
1000001116,0001,false,false,000000000080000288,2000,SP02,2026-08-13T00:00:00,1.000,EA,0.000,0.00,,,427589458,541,,,VZIREQ05,SESS-001080
1000001117,0001,false,false,000000000080000289,1000,SP01,2026-03-02T00:00:00,1.000,EA,0.000,0.00,,,417706374,541,,,VZIREQ05,SESS-001081
1000001118,0001,false,false,000000000080000290,1000,SP01,2026-04-30T00:00:00,1.000,EA,0.000,0.00,,,418893703,541,,,VZIREQ01,SESS-001082
1000001119,0001,false,false,000000000080000290,2000,SP02,2026-05-20T00:00:00,1.000,EA,0.000,0.00,,,429308566,541,,,VZIREQ04,SESS-001083
1000001120,0001,false,false,000000000080000291,4000,SP04,2026-07-24T00:00:00,1.000,EA,0.000,0.00,,,448270279,541,,,VZIREQ03,SESS-001084
1000001121,0001,false,false,000000000080000292,1000,SP01,2026-07-29T00:00:00,1.000,EA,0.000,0.00,,,416944502,541,,,VZIREQ03,SESS-001085
1000001122,0001,false,false,000000000080000292,3000,SP03,2026-07-06T00:00:00,1.000,EA,0.000,0.00,,,434365962,541,,,VZIREQ02,SESS-001086
1000001123,0001,false,false,000000000080000293,3000,SP03,2026-07-27T00:00:00,1.000,EA,0.000,0.00,,,431856164,541,,,VZIREQ03,SESS-001087
1000001124,0001,false,false,000000000080000294,1000,SP01,2026-08-10T00:00:00,1.000,EA,0.000,0.00,,,416828696,541,,,VZIREQ02,SESS-001088
1000001125,0001,false,false,000000000080000294,3000,SP03,2026-09-06T00:00:00,1.000,EA,0.000,0.00,,,433647094,541,,,VZIREQ02,SESS-001089
1000001126,0001,false,false,000000000080000295,1000,SP01,2026-07-22T00:00:00,1.000,EA,0.000,0.00,,,417290447,541,,,VZIREQ05,SESS-001090
1000001127,0001,false,false,000000000080000296,1000,SP01,2026-07-16T00:00:00,1.000,EA,0.000,0.00,,,417353687,541,,,VZIREQ01,SESS-001091
1000001128,0001,false,false,000000000080000297,2000,SP02,2026-05-15T00:00:00,1.000,EA,0.000,0.00,,,424434284,541,,,VZIREQ03,SESS-001092
1000001129,0001,false,false,000000000080000297,4000,SP04,2026-07-09T00:00:00,1.000,EA,0.000,0.00,,,448700118,541,,,VZIREQ04,SESS-001093
1000001130,0001,false,false,000000000080000298,2000,SP02,2026-04-16T00:00:00,1.000,EA,0.000,0.00,,,422328770,541,,,VZIREQ05,SESS-001094
1000001131,0001,false,false,000000000080000298,3000,SP03,2026-05-14T00:00:00,1.000,EA,0.000,0.00,,,434529345,541,,,VZIREQ02,SESS-001095
1000001132,0001,false,false,000000000080000299,3000,SP03,2026-08-13T00:00:00,1.000,EA,0.000,0.00,,,433544446,541,,,VZIREQ05,SESS-001096
1000001133,0001,false,false,000000000080000299,1000,SP01,2026-06-25T00:00:00,1.000,EA,0.000,0.00,,,419068246,541,,,VZIREQ02,SESS-001097
