Matnr,Werks,Lgort,Labst,Insme,Speme,Lgpbe
000000000010000000,2000,SP02,151.000,0.000,0.000,A-20-5
000000000010000000,4000,SP04,112.000,0.000,0.000,C-09-1
000000000010000001,2000,SP02,98.000,0.000,0.000,A-22-2
000000000030000000,1000,SP01,4.000,0.000,0.000,C-23-4
000000000080000000,1000,SP01,20.000,0.000,0.000,D-08-1
000000000030000001,2000,SP02,5.000,0.000,0.000,B-18-3
000000000080000001,4000,SP04,6.000,0.000,0.000,B-17-6
000000000030000002,2000,SP02,0.000,0.000,0.000,C-08-5
000000000010000002,2000,SP02,1.000,0.000,0.000,C-06-5
000000000010000003,2000,SP02,0.000,0.000,0.000,A-08-1
000000000010000004,4000,SP04,73.000,0.000,0.000,E-02-3
000000000010000005,3000,SP03,13.000,0.000,0.000,A-02-2
000000000010000005,1000,SP01,9.000,0.000,0.000,E-01-1
000000000010000006,3000,SP03,0.000,0.000,0.000,C-15-3
000000000010000007,2000,SP02,2.000,0.000,0.000,D-12-2
000000000010000007,3000,SP03,1.000,0.000,0.000,D-21-3
000000000080000002,1000,SP01,10.000,0.000,0.000,E-16-6
000000000080000002,2000,SP02,1.000,1.000,0.000,B-04-3
000000000010000008,3000,SP03,64.000,0.000,0.000,A-14-3
000000000010000008,4000,SP04,93.000,0.000,0.000,B-20-3
000000000010000009,3000,SP03,69.000,0.000,0.000,A-24-4
000000000010000010,4000,SP04,5.000,0.000,0.000,D-01-3
000000000010000011,1000,SP01,7.000,0.000,0.000,D-24-6
000000000010000011,4000,SP04,9.000,0.000,0.000,B-10-4
000000000010000012,3000,SP03,0.000,0.000,0.000,A-08-1
000000000010000013,1000,SP01,5.000,0.000,0.000,D-09-5
000000000010000014,3000,SP03,8.000,0.000,0.000,C-15-2
000000000080000003,1000,SP01,26.000,0.000,0.000,C-19-1
000000000010000015,1000,SP01,6.000,0.000,0.000,B-02-5
000000000080000004,3000,SP03,15.000,0.000,0.000,E-01-4
000000000010000016,3000,SP03,0.000,0.000,0.000,C-12-5
000000000010000016,4000,SP04,0.000,0.000,0.000,D-17-5
000000000080000005,2000,SP02,8.000,0.000,0.000,C-03-6
000000000010000017,1000,SP01,9.000,0.000,0.000,C-12-3
000000000010000018,3000,SP03,23.000,0.000,0.000,C-12-1
000000000090000000,2000,SP02,23.000,0.000,0.000,A-24-1
000000000010000019,1000,SP01,105.000,0.000,0.000,B-02-3
000000000080000006,3000,SP03,7.000,0.000,0.000,B-02-6
000000000080000006,4000,SP04,2.000,0.000,0.000,B-20-6
000000000010000020,2000,SP02,1.000,0.000,0.000,A-23-2
000000000010000020,4000,SP04,3.000,0.000,0.000,E-15-5
000000000010000021,2000,SP02,50.000,0.000,0.000,E-23-6
000000000090000001,1000,SP01,39.000,0.000,0.000,C-13-5
000000000010000022,4000,SP04,0.000,0.000,0.000,C-02-1
000000000010000023,3000,SP03,0.000,0.000,0.000,E-09-1
000000000010000024,4000,SP04,0.000,0.000,0.000,A-09-3
000000000010000024,1000,SP01,0.000,0.000,0.000,B-14-1
000000000080000007,3000,SP03,4.000,0.000,0.000,E-04-6
000000000080000008,3000,SP03,5.000,1.000,0.000,A-12-4
000000000080000008,2000,SP02,18.000,0.000,0.000,A-05-3
000000000010000025,4000,SP04,0.000,0.000,0.000,D-04-2
000000000010000026,2000,SP02,9.000,0.000,0.000,E-09-5
000000000010000027,4000,SP04,7.000,0.000,0.000,D-12-1
000000000080000009,3000,SP03,8.000,0.000,0.000,C-15-3
000000000010000028,1000,SP01,4.000,0.000,0.000,E-23-6
000000000010000029,2000,SP02,99.000,0.000,0.000,C-01-4
000000000010000030,1000,SP01,4.000,0.000,0.000,A-07-1
000000000010000031,4000,SP04,2.000,0.000,0.000,E-21-2
000000000010000032,3000,SP03,3.000,0.000,0.000,E-23-3
000000000010000033,3000,SP03,6.000,0.000,0.000,D-21-6
000000000010000034,1000,SP01,1.000,0.000,0.000,B-07-1
000000000010000034,4000,SP04,17.000,0.000,0.000,A-09-1
000000000080000010,3000,SP03,8.000,1.000,0.000,A-04-3
000000000080000011,3000,SP03,13.000,0.000,0.000,B-01-6
000000000010000035,1000,SP01,0.000,0.000,0.000,B-01-3
000000000010000035,2000,SP02,0.000,0.000,0.000,C-09-5
000000000010000036,1000,SP01,48.000,0.000,0.000,E-07-2
000000000010000037,3000,SP03,32.000,0.000,0.000,C-08-2
000000000080000012,3000,SP03,2.000,1.000,0.000,E-16-2
000000000030000003,2000,SP02,3.000,0.000,0.000,B-09-4
000000000010000038,4000,SP04,13.000,0.000,0.000,E-15-4
000000000010000039,4000,SP04,118.000,0.000,0.000,C-05-3
000000000010000040,4000,SP04,0.000,0.000,0.000,B-11-6
000000000010000041,1000,SP01,0.000,0.000,0.000,C-16-6
000000000010000041,4000,SP04,0.000,0.000,0.000,B-11-5
000000000080000013,4000,SP04,9.000,0.000,0.000,E-02-4
000000000010000042,4000,SP04,42.000,0.000,0.000,B-01-4
000000000030000004,4000,SP04,3.000,0.000,0.000,A-02-2
000000000010000043,4000,SP04,0.000,0.000,0.000,A-11-1
000000000030000005,2000,SP02,3.000,0.000,0.000,C-03-5
000000000030000006,3000,SP03,9.000,0.000,0.000,C-17-1
000000000010000044,3000,SP03,9.000,0.000,0.000,B-09-3
000000000010000044,4000,SP04,11.000,0.000,0.000,D-06-6
000000000080000014,3000,SP03,3.000,0.000,0.000,C-16-6
000000000080000014,1000,SP01,2.000,1.000,0.000,D-09-1
000000000080000015,1000,SP01,1.000,0.000,0.000,A-01-1
000000000030000007,2000,SP02,0.000,0.000,0.000,E-08-6
000000000010000045,1000,SP01,13.000,0.000,0.000,A-03-3
000000000010000046,4000,SP04,0.000,0.000,0.000,D-08-5
000000000030000008,1000,SP01,0.000,0.000,0.000,C-09-4
000000000010000047,2000,SP02,0.000,0.000,0.000,C-01-5
000000000010000047,4000,SP04,0.000,0.000,0.000,C-23-4
000000000030000009,2000,SP02,5.000,0.000,0.000,B-14-6
000000000010000048,4000,SP04,0.000,0.000,0.000,C-01-1
000000000010000048,2000,SP02,0.000,0.000,0.000,B-13-3
000000000010000049,4000,SP04,2.000,0.000,0.000,D-11-2
000000000090000002,2000,SP02,35.000,0.000,0.000,D-16-5
000000000080000016,3000,SP03,16.000,0.000,0.000,B-10-4
000000000010000050,1000,SP01,0.000,0.000,0.000,D-13-6
000000000010000050,4000,SP04,0.000,0.000,0.000,B-07-3
000000000080000017,2000,SP02,5.000,0.000,0.000,E-18-5
000000000010000051,4000,SP04,0.000,0.000,0.000,A-20-5
000000000080000018,2000,SP02,6.000,1.000,0.000,C-14-1
000000000010000052,1000,SP01,0.000,0.000,0.000,B-15-3
000000000010000053,2000,SP02,0.000,0.000,0.000,A-14-2
000000000010000054,1000,SP01,5.000,0.000,0.000,D-06-2
000000000010000055,2000,SP02,7.000,0.000,0.000,C-06-6
000000000010000055,1000,SP01,5.000,0.000,0.000,A-08-2
000000000010000056,3000,SP03,3.000,0.000,0.000,A-17-4
000000000030000010,1000,SP01,6.000,0.000,0.000,B-22-3
000000000010000057,2000,SP02,5.000,0.000,0.000,B-13-4
000000000010000058,1000,SP01,11.000,0.000,0.000,A-05-2
000000000030000011,4000,SP04,0.000,0.000,0.000,A-14-1
000000000010000059,3000,SP03,4.000,0.000,0.000,A-24-4
000000000010000059,2000,SP02,19.000,0.000,0.000,E-05-6
000000000010000060,4000,SP04,0.000,0.000,0.000,D-08-2
000000000030000012,2000,SP02,0.000,0.000,0.000,A-18-3
000000000010000061,4000,SP04,0.000,0.000,0.000,B-22-3
000000000080000019,3000,SP03,22.000,0.000,0.000,A-24-6
000000000080000019,1000,SP01,26.000,0.000,0.000,E-09-4
000000000030000013,3000,SP03,2.000,0.000,0.000,A-16-1
000000000010000062,2000,SP02,118.000,0.000,0.000,C-08-3
000000000010000063,2000,SP02,0.000,0.000,0.000,A-08-2
000000000080000020,1000,SP01,14.000,0.000,0.000,A-21-3
000000000010000064,2000,SP02,0.000,0.000,0.000,B-02-3
000000000010000065,4000,SP04,1.000,0.000,0.000,C-22-3
000000000010000066,2000,SP02,94.000,0.000,0.000,E-15-3
000000000010000067,2000,SP02,0.000,0.000,0.000,A-04-2
000000000010000068,3000,SP03,6.000,0.000,0.000,E-11-1
000000000010000068,2000,SP02,19.000,0.000,0.000,D-24-5
000000000010000069,4000,SP04,0.000,0.000,0.000,C-23-5
000000000010000070,3000,SP03,0.000,0.000,0.000,D-18-1
000000000010000071,2000,SP02,45.000,0.000,0.000,A-01-5
000000000010000072,1000,SP01,0.000,0.000,0.000,B-23-1
000000000010000073,4000,SP04,6.000,0.000,0.000,E-09-4
000000000080000021,4000,SP04,3.000,0.000,0.000,C-01-2
000000000080000021,2000,SP02,4.000,0.000,0.000,E-08-4
000000000010000074,3000,SP03,117.000,0.000,0.000,B-15-1
000000000010000074,1000,SP01,81.000,0.000,0.000,A-12-2
000000000010000075,3000,SP03,47.000,0.000,0.000,D-01-3
000000000010000076,1000,SP01,6.000,0.000,0.000,A-10-5
000000000010000077,2000,SP02,2.000,0.000,0.000,B-08-2
000000000010000078,1000,SP01,0.000,0.000,0.000,E-10-4
000000000010000079,3000,SP03,0.000,0.000,0.000,D-11-3
000000000010000080,1000,SP01,0.000,0.000,0.000,E-17-2
000000000010000081,4000,SP04,2.000,0.000,0.000,D-17-6
000000000010000082,1000,SP01,4.000,0.000,0.000,C-05-1
000000000080000022,3000,SP03,20.000,0.000,0.000,B-08-4
000000000080000022,1000,SP01,7.000,0.000,0.000,D-07-3
000000000010000083,4000,SP04,155.000,0.000,0.000,A-16-1
000000000010000084,1000,SP01,3.000,0.000,0.000,E-13-2
000000000010000085,4000,SP04,0.000,0.000,0.000,E-22-6
000000000010000086,1000,SP01,6.000,0.000,0.000,B-03-6
000000000010000087,1000,SP01,2.000,0.000,0.000,A-05-6
000000000010000087,4000,SP04,3.000,0.000,0.000,B-12-2
000000000080000023,3000,SP03,12.000,1.000,0.000,E-01-5
000000000090000003,2000,SP02,10.000,0.000,0.000,A-21-3
000000000030000014,3000,SP03,3.000,0.000,0.000,D-07-5
000000000030000014,2000,SP02,0.000,0.000,0.000,C-05-2
000000000010000088,2000,SP02,0.000,0.000,0.000,E-09-3
000000000010000089,4000,SP04,0.000,0.000,0.000,D-06-5
000000000030000015,1000,SP01,4.000,0.000,0.000,D-03-1
000000000080000024,1000,SP01,5.000,1.000,0.000,C-02-1
000000000080000025,2000,SP02,3.000,0.000,0.000,C-13-3
000000000080000025,4000,SP04,8.000,0.000,0.000,D-02-2
000000000030000016,1000,SP01,4.000,0.000,0.000,A-04-6
000000000010000090,4000,SP04,7.000,0.000,0.000,C-13-6
000000000090000004,1000,SP01,7.000,0.000,0.000,B-13-6
000000000090000004,3000,SP03,13.000,0.000,0.000,E-18-3
000000000080000026,2000,SP02,2.000,0.000,0.000,C-13-3
000000000010000091,4000,SP04,7.000,0.000,0.000,E-08-1
000000000030000017,1000,SP01,4.000,0.000,0.000,E-12-2
000000000080000027,4000,SP04,9.000,0.000,0.000,A-21-5
000000000010000092,4000,SP04,2.000,0.000,0.000,D-15-2
000000000010000092,3000,SP03,3.000,0.000,0.000,E-17-4
000000000010000093,4000,SP04,12.000,0.000,0.000,A-07-1
000000000090000005,1000,SP01,21.000,0.000,0.000,B-13-1
000000000080000028,2000,SP02,6.000,1.000,0.000,D-16-3
000000000010000094,4000,SP04,0.000,0.000,0.000,D-24-2
000000000010000095,3000,SP03,0.000,0.000,0.000,C-02-6
000000000010000095,2000,SP02,0.000,0.000,0.000,D-10-3
000000000010000096,1000,SP01,2.000,0.000,0.000,E-22-1
000000000010000097,4000,SP04,0.000,0.000,0.000,C-07-4
000000000080000029,3000,SP03,8.000,0.000,0.000,B-04-5
000000000080000029,1000,SP01,7.000,0.000,0.000,D-07-1
000000000030000018,3000,SP03,4.000,0.000,0.000,A-05-3
000000000010000098,1000,SP01,0.000,0.000,0.000,A-21-2
000000000080000030,3000,SP03,12.000,0.000,0.000,B-02-6
000000000080000030,1000,SP01,6.000,0.000,0.000,D-20-4
000000000010000099,2000,SP02,5.000,0.000,0.000,C-15-3
000000000010000100,1000,SP01,64.000,0.000,0.000,A-20-2
000000000010000100,3000,SP03,85.000,0.000,0.000,B-17-3
000000000030000019,3000,SP03,4.000,0.000,0.000,D-07-4
000000000030000019,4000,SP04,0.000,0.000,0.000,C-23-3
000000000080000031,2000,SP02,6.000,0.000,0.000,C-08-6
000000000010000101,4000,SP04,219.000,0.000,0.000,D-14-1
000000000030000020,1000,SP01,1.000,0.000,0.000,D-24-6
000000000010000102,1000,SP01,5.000,0.000,0.000,C-16-2
000000000010000102,3000,SP03,25.000,0.000,0.000,D-19-6
000000000030000021,3000,SP03,3.000,0.000,0.000,B-11-1
000000000010000103,3000,SP03,15.000,0.000,0.000,E-24-4
000000000010000104,1000,SP01,18.000,0.000,0.000,A-09-2
000000000010000104,2000,SP02,16.000,0.000,0.000,C-07-6
000000000030000022,4000,SP04,4.000,0.000,0.000,E-01-5
000000000030000022,3000,SP03,1.000,0.000,0.000,A-23-6
000000000010000105,4000,SP04,1.000,0.000,0.000,B-13-5
000000000010000106,1000,SP01,49.000,0.000,0.000,C-18-1
000000000010000106,3000,SP03,63.000,0.000,0.000,A-22-2
000000000010000107,4000,SP04,9.000,0.000,0.000,D-01-2
000000000010000108,2000,SP02,0.000,0.000,0.000,E-18-6
000000000030000023,4000,SP04,3.000,0.000,0.000,D-23-1
000000000030000023,1000,SP01,2.000,0.000,0.000,E-01-5
000000000010000109,1000,SP01,115.000,0.000,0.000,E-15-4
000000000080000032,4000,SP04,2.000,1.000,0.000,E-16-1
000000000010000110,2000,SP02,0.000,0.000,0.000,C-09-2
000000000010000110,3000,SP03,6.000,0.000,0.000,D-06-6
000000000010000111,1000,SP01,0.000,0.000,0.000,D-03-3
000000000010000112,2000,SP02,3.000,0.000,0.000,E-02-5
000000000010000113,1000,SP01,0.000,0.000,0.000,B-07-2
000000000010000114,2000,SP02,9.000,0.000,0.000,A-02-4
000000000080000033,1000,SP01,8.000,0.000,0.000,E-22-2
000000000080000033,3000,SP03,6.000,0.000,0.000,B-20-2
000000000030000024,4000,SP04,4.000,0.000,0.000,B-22-5
000000000010000115,3000,SP03,1.000,0.000,0.000,B-14-2
000000000080000034,1000,SP01,2.000,0.000,0.000,C-21-3
000000000010000116,2000,SP02,0.000,0.000,0.000,D-24-5
000000000030000025,4000,SP04,0.000,0.000,0.000,C-19-2
000000000090000006,2000,SP02,28.000,0.000,0.000,B-12-1
000000000010000117,3000,SP03,14.000,0.000,0.000,A-22-6
000000000010000117,4000,SP04,0.000,0.000,0.000,C-15-1
000000000010000118,1000,SP01,0.000,0.000,0.000,A-05-6
000000000030000026,4000,SP04,4.000,0.000,0.000,C-21-4
000000000030000026,1000,SP01,3.000,0.000,0.000,B-17-1
000000000010000119,1000,SP01,90.000,0.000,0.000,B-20-2
000000000080000035,1000,SP01,5.000,0.000,0.000,D-07-6
000000000080000035,2000,SP02,10.000,0.000,0.000,E-24-4
000000000080000036,3000,SP03,2.000,0.000,0.000,D-07-1
000000000010000120,1000,SP01,0.000,0.000,0.000,E-16-1
000000000030000027,3000,SP03,5.000,0.000,0.000,C-06-1
000000000030000027,1000,SP01,0.000,0.000,0.000,B-21-2
000000000010000121,4000,SP04,6.000,0.000,0.000,D-20-6
000000000030000028,3000,SP03,1.000,0.000,0.000,C-17-4
000000000030000028,4000,SP04,2.000,0.000,0.000,E-22-4
000000000010000122,2000,SP02,0.000,0.000,0.000,A-10-6
000000000080000037,4000,SP04,12.000,0.000,0.000,C-24-3
000000000010000123,2000,SP02,9.000,0.000,0.000,E-14-6
000000000010000123,4000,SP04,7.000,0.000,0.000,D-12-5
000000000010000124,3000,SP03,0.000,0.000,0.000,A-07-1
000000000010000124,4000,SP04,0.000,0.000,0.000,D-06-1
000000000030000029,2000,SP02,2.000,0.000,0.000,B-21-3
000000000010000125,1000,SP01,9.000,0.000,0.000,D-14-6
000000000030000030,1000,SP01,2.000,0.000,0.000,D-07-2
000000000010000126,4000,SP04,42.000,0.000,0.000,C-19-3
000000000010000127,4000,SP04,35.000,0.000,0.000,E-14-4
000000000010000128,3000,SP03,180.000,0.000,0.000,C-10-2
000000000010000129,3000,SP03,7.000,0.000,0.000,A-04-2
000000000010000130,4000,SP04,0.000,0.000,0.000,E-07-4
000000000010000131,4000,SP04,10.000,0.000,0.000,A-23-1
000000000080000038,4000,SP04,4.000,0.000,0.000,D-21-3
000000000010000132,3000,SP03,0.000,0.000,0.000,C-17-6
000000000010000133,2000,SP02,0.000,0.000,0.000,C-03-5
000000000010000134,1000,SP01,5.000,0.000,0.000,C-05-6
000000000010000135,2000,SP02,1.000,0.000,0.000,B-10-1
000000000010000136,3000,SP03,1.000,0.000,0.000,D-16-2
000000000010000137,2000,SP02,11.000,0.000,0.000,C-01-1
000000000010000138,4000,SP04,3.000,0.000,0.000,B-09-2
000000000030000031,2000,SP02,0.000,0.000,0.000,A-06-1
000000000010000139,3000,SP03,0.000,0.000,0.000,C-13-1
000000000010000140,2000,SP02,11.000,0.000,0.000,E-22-6
000000000010000140,3000,SP03,24.000,0.000,0.000,B-10-3
000000000010000141,3000,SP03,32.000,0.000,0.000,B-12-5
000000000010000142,3000,SP03,0.000,0.000,0.000,D-15-5
000000000080000039,4000,SP04,1.000,0.000,0.000,B-11-1
000000000010000143,3000,SP03,0.000,0.000,0.000,E-23-3
000000000010000144,1000,SP01,0.000,0.000,0.000,B-19-6
000000000030000032,1000,SP01,0.000,0.000,0.000,A-17-5
000000000010000145,2000,SP02,0.000,0.000,0.000,B-05-4
000000000010000145,4000,SP04,0.000,0.000,0.000,D-03-2
000000000030000033,2000,SP02,11.000,0.000,0.000,E-01-5
000000000010000146,3000,SP03,6.000,0.000,0.000,A-09-2
000000000010000146,1000,SP01,1.000,0.000,0.000,C-22-3
000000000080000040,1000,SP01,7.000,0.000,0.000,A-08-1
000000000010000147,3000,SP03,17.000,0.000,0.000,B-06-1
000000000090000007,3000,SP03,12.000,0.000,0.000,A-10-3
000000000080000041,2000,SP02,3.000,0.000,0.000,E-03-6
000000000080000042,4000,SP04,7.000,0.000,0.000,B-14-2
000000000010000148,2000,SP02,7.000,0.000,0.000,D-08-1
000000000010000149,2000,SP02,5.000,0.000,0.000,E-04-6
000000000090000008,2000,SP02,21.000,0.000,0.000,D-16-6
000000000080000043,4000,SP04,4.000,0.000,0.000,C-10-5
000000000010000150,2000,SP02,2.000,0.000,0.000,B-06-4
000000000010000150,4000,SP04,4.000,0.000,0.000,C-12-5
000000000010000151,1000,SP01,14.000,0.000,0.000,B-13-3
000000000010000151,2000,SP02,4.000,0.000,0.000,B-07-3
000000000010000152,3000,SP03,0.000,0.000,0.000,B-12-4
000000000030000034,2000,SP02,1.000,0.000,0.000,D-05-1
000000000010000153,4000,SP04,2.000,0.000,0.000,C-10-5
000000000010000154,1000,SP01,144.000,0.000,0.000,A-14-5
000000000010000155,2000,SP02,5.000,0.000,0.000,C-05-5
000000000010000156,3000,SP03,13.000,0.000,0.000,A-08-4
000000000010000157,1000,SP01,3.000,0.000,0.000,A-06-1
000000000010000158,3000,SP03,0.000,0.000,0.000,C-16-1
000000000080000044,3000,SP03,19.000,0.000,0.000,B-02-6
000000000010000159,1000,SP01,0.000,0.000,0.000,E-20-6
000000000080000045,3000,SP03,0.000,0.000,0.000,E-01-3
000000000010000160,4000,SP04,0.000,0.000,0.000,A-13-6
000000000010000161,2000,SP02,1.000,0.000,0.000,A-20-6
000000000010000161,3000,SP03,7.000,0.000,0.000,E-12-5
000000000090000009,3000,SP03,12.000,0.000,0.000,E-02-4
000000000030000035,3000,SP03,7.000,0.000,0.000,C-11-6
000000000080000046,3000,SP03,9.000,0.000,0.000,D-04-6
000000000080000046,4000,SP04,3.000,0.000,0.000,D-23-6
000000000010000162,3000,SP03,14.000,0.000,0.000,D-23-6
000000000010000163,1000,SP01,12.000,0.000,0.000,A-03-5
000000000010000163,4000,SP04,4.000,0.000,0.000,E-14-1
000000000010000164,2000,SP02,0.000,0.000,0.000,A-02-4
000000000010000165,2000,SP02,64.000,0.000,0.000,C-11-4
000000000030000036,4000,SP04,0.000,0.000,0.000,C-08-5
000000000080000047,4000,SP04,4.000,0.000,0.000,A-08-5
000000000080000047,2000,SP02,1.000,1.000,0.000,D-11-4
000000000010000166,3000,SP03,18.000,0.000,0.000,E-14-2
000000000010000167,2000,SP02,0.000,0.000,0.000,D-03-3
000000000010000168,3000,SP03,5.000,0.000,0.000,B-03-3
000000000010000168,4000,SP04,0.000,0.000,0.000,A-10-4
000000000030000037,4000,SP04,0.000,0.000,0.000,B-02-4
000000000010000169,3000,SP03,12.000,0.000,0.000,D-01-6
000000000010000170,1000,SP01,2.000,0.000,0.000,E-10-3
000000000080000048,3000,SP03,11.000,0.000,0.000,A-17-2
000000000010000171,1000,SP01,6.000,0.000,0.000,C-14-1
000000000010000172,2000,SP02,4.000,0.000,0.000,B-24-1
000000000010000172,3000,SP03,10.000,0.000,0.000,A-05-6
000000000010000173,4000,SP04,3.000,0.000,0.000,A-01-6
000000000080000049,3000,SP03,1.000,0.000,0.000,D-10-4
000000000010000174,3000,SP03,6.000,0.000,0.000,D-02-5
000000000010000175,1000,SP01,13.000,0.000,0.000,C-21-1
000000000010000176,2000,SP02,0.000,0.000,0.000,D-20-4
000000000010000176,4000,SP04,0.000,0.000,0.000,E-13-4
000000000010000177,1000,SP01,21.000,0.000,0.000,E-04-1
000000000030000038,3000,SP03,2.000,0.000,0.000,A-24-2
000000000010000178,1000,SP01,14.000,0.000,0.000,B-13-3
000000000010000179,2000,SP02,14.000,0.000,0.000,C-13-1
000000000080000050,3000,SP03,11.000,1.000,0.000,E-22-3
000000000080000051,2000,SP02,5.000,0.000,0.000,A-14-4
000000000010000180,3000,SP03,17.000,0.000,0.000,C-21-3
000000000090000010,2000,SP02,38.000,0.000,0.000,C-19-5
000000000090000010,1000,SP01,12.000,0.000,0.000,C-24-2
000000000010000181,3000,SP03,0.000,0.000,0.000,B-24-3
000000000080000052,4000,SP04,18.000,0.000,0.000,A-18-4
000000000010000182,4000,SP04,0.000,0.000,0.000,A-22-2
000000000010000182,3000,SP03,0.000,0.000,0.000,A-11-6
000000000010000183,1000,SP01,0.000,0.000,0.000,C-07-5
000000000030000039,1000,SP01,0.000,0.000,0.000,D-13-5
000000000010000184,3000,SP03,0.000,0.000,0.000,B-08-3
000000000030000040,2000,SP02,0.000,0.000,0.000,C-19-1
000000000010000185,3000,SP03,124.000,0.000,0.000,A-13-4
000000000010000185,2000,SP02,1.000,0.000,0.000,E-20-2
000000000010000186,3000,SP03,0.000,0.000,0.000,B-23-6
000000000030000041,4000,SP04,1.000,0.000,0.000,C-10-6
000000000030000042,1000,SP01,0.000,0.000,0.000,C-20-3
000000000010000187,4000,SP04,0.000,0.000,0.000,C-24-1
000000000010000188,2000,SP02,0.000,0.000,0.000,D-06-6
000000000010000188,4000,SP04,0.000,0.000,0.000,D-06-5
000000000080000053,1000,SP01,6.000,0.000,0.000,E-19-2
000000000010000189,4000,SP04,2.000,0.000,0.000,B-19-4
000000000010000190,2000,SP02,2.000,0.000,0.000,C-12-5
000000000010000191,1000,SP01,95.000,0.000,0.000,B-18-6
000000000010000192,2000,SP02,1.000,0.000,0.000,D-04-2
000000000080000054,3000,SP03,2.000,1.000,0.000,C-06-6
000000000010000193,1000,SP01,7.000,0.000,0.000,E-03-5
000000000010000193,4000,SP04,7.000,0.000,0.000,D-15-5
000000000010000194,4000,SP04,6.000,0.000,0.000,D-03-5
000000000010000195,1000,SP01,131.000,0.000,0.000,B-06-4
000000000010000195,4000,SP04,116.000,0.000,0.000,D-14-4
000000000010000196,4000,SP04,3.000,0.000,0.000,E-15-2
000000000010000197,3000,SP03,8.000,0.000,0.000,B-23-6
000000000010000198,4000,SP04,22.000,0.000,0.000,E-21-6
000000000010000198,2000,SP02,16.000,0.000,0.000,E-08-2
000000000010000199,3000,SP03,57.000,0.000,0.000,C-16-2
000000000030000043,3000,SP03,6.000,0.000,0.000,A-18-1
000000000030000044,3000,SP03,2.000,0.000,0.000,A-07-3
000000000090000011,2000,SP02,11.000,0.000,0.000,A-09-1
000000000010000200,1000,SP01,3.000,0.000,0.000,A-05-4
000000000010000201,2000,SP02,2.000,0.000,0.000,A-04-5
000000000030000045,1000,SP01,1.000,0.000,0.000,A-08-4
000000000010000202,3000,SP03,4.000,0.000,0.000,B-23-6
000000000010000203,1000,SP01,8.000,0.000,0.000,C-07-1
000000000010000204,1000,SP01,8.000,0.000,0.000,E-04-2
000000000010000204,4000,SP04,4.000,0.000,0.000,A-15-4
000000000010000205,3000,SP03,0.000,0.000,0.000,C-04-2
000000000010000205,4000,SP04,0.000,0.000,0.000,C-10-3
000000000010000206,3000,SP03,56.000,0.000,0.000,C-23-4
000000000010000207,1000,SP01,0.000,0.000,0.000,D-21-3
000000000010000208,3000,SP03,2.000,0.000,0.000,B-24-6
000000000080000055,2000,SP02,1.000,0.000,0.000,C-06-4
000000000080000055,3000,SP03,6.000,0.000,0.000,C-18-6
000000000010000209,1000,SP01,0.000,0.000,0.000,C-02-4
000000000010000210,4000,SP04,0.000,0.000,0.000,D-12-4
000000000010000211,1000,SP01,0.000,0.000,0.000,A-18-5
000000000010000212,4000,SP04,75.000,0.000,0.000,C-24-4
000000000010000213,2000,SP02,25.000,0.000,0.000,C-10-1
000000000010000213,4000,SP04,40.000,0.000,0.000,D-04-4
000000000030000046,4000,SP04,3.000,0.000,0.000,E-15-2
000000000010000214,4000,SP04,6.000,0.000,0.000,C-11-4
000000000010000214,1000,SP01,4.000,0.000,0.000,D-19-3
000000000010000215,1000,SP01,1.000,0.000,0.000,E-15-1
000000000010000215,3000,SP03,2.000,0.000,0.000,E-17-2
000000000010000216,2000,SP02,0.000,0.000,0.000,D-17-2
000000000010000216,3000,SP03,0.000,0.000,0.000,A-06-1
000000000010000217,1000,SP01,2.000,0.000,0.000,B-02-2
000000000010000217,4000,SP04,7.000,0.000,0.000,D-11-6
000000000010000218,2000,SP02,0.000,0.000,0.000,B-10-5
000000000010000219,1000,SP01,0.000,0.000,0.000,E-20-5
000000000030000047,4000,SP04,0.000,0.000,0.000,E-22-1
000000000080000056,2000,SP02,3.000,0.000,0.000,B-20-1
000000000010000220,4000,SP04,11.000,0.000,0.000,E-20-4
000000000010000221,3000,SP03,0.000,0.000,0.000,A-21-2
000000000010000222,3000,SP03,24.000,0.000,0.000,C-21-6
000000000010000223,2000,SP02,3.000,0.000,0.000,B-09-2
000000000010000224,4000,SP04,5.000,0.000,0.000,A-23-4
000000000010000225,3000,SP03,0.000,0.000,0.000,D-05-2
000000000010000226,1000,SP01,8.000,0.000,0.000,D-14-5
000000000010000227,3000,SP03,91.000,0.000,0.000,B-15-3
000000000010000228,1000,SP01,28.000,0.000,0.000,E-09-4
000000000030000048,1000,SP01,0.000,0.000,0.000,C-04-6
000000000010000229,1000,SP01,1.000,0.000,0.000,A-04-4
000000000010000229,3000,SP03,1.000,0.000,0.000,D-18-2
000000000080000057,3000,SP03,6.000,0.000,0.000,A-18-1
000000000010000230,3000,SP03,44.000,0.000,0.000,D-05-5
000000000010000230,4000,SP04,31.000,0.000,0.000,C-20-3
000000000010000231,2000,SP02,2.000,0.000,0.000,C-22-6
000000000010000231,3000,SP03,2.000,0.000,0.000,D-09-3
000000000010000232,1000,SP01,39.000,0.000,0.000,A-06-3
000000000010000233,4000,SP04,2.000,0.000,0.000,E-06-3
000000000010000234,4000,SP04,0.000,0.000,0.000,E-09-4
000000000030000049,2000,SP02,3.000,0.000,0.000,B-18-2
000000000030000050,1000,SP01,2.000,0.000,0.000,E-09-5
000000000010000235,2000,SP02,7.000,0.000,0.000,E-07-3
000000000010000236,4000,SP04,74.000,0.000,0.000,D-07-2
000000000010000237,4000,SP04,146.000,0.000,0.000,E-15-1
000000000010000238,2000,SP02,0.000,0.000,0.000,A-18-5
000000000030000051,4000,SP04,5.000,0.000,0.000,D-10-4
000000000010000239,1000,SP01,0.000,0.000,0.000,B-22-1
000000000010000240,3000,SP03,2.000,0.000,0.000,D-02-2
000000000010000241,4000,SP04,0.000,0.000,0.000,A-15-2
000000000010000241,3000,SP03,5.000,0.000,0.000,C-18-3
000000000030000052,1000,SP01,0.000,0.000,0.000,E-17-3
000000000010000242,1000,SP01,0.000,0.000,0.000,D-23-2
000000000030000053,3000,SP03,0.000,0.000,0.000,B-06-5
000000000030000053,4000,SP04,1.000,0.000,0.000,B-16-5
000000000010000243,4000,SP04,0.000,0.000,0.000,D-13-6
000000000010000243,3000,SP03,0.000,0.000,0.000,D-10-4
000000000080000058,1000,SP01,3.000,0.000,0.000,C-13-5
000000000010000244,3000,SP03,0.000,0.000,0.000,A-03-3
000000000010000245,1000,SP01,30.000,0.000,0.000,D-06-3
000000000010000246,4000,SP04,0.000,0.000,0.000,D-18-1
000000000030000054,1000,SP01,3.000,0.000,0.000,B-20-4
000000000030000054,4000,SP04,0.000,0.000,0.000,D-02-1
000000000030000055,2000,SP02,0.000,0.000,0.000,E-22-3
000000000010000247,2000,SP02,0.000,0.000,0.000,C-22-2
000000000080000059,2000,SP02,0.000,0.000,0.000,A-21-3
000000000010000248,4000,SP04,3.000,0.000,0.000,E-16-1
000000000010000249,2000,SP02,1.000,0.000,0.000,B-19-5
000000000010000250,1000,SP01,43.000,0.000,0.000,C-24-3
000000000010000251,3000,SP03,34.000,0.000,0.000,A-11-5
000000000010000252,1000,SP01,78.000,0.000,0.000,C-24-5
000000000010000253,3000,SP03,3.000,0.000,0.000,A-22-5
000000000090000012,3000,SP03,39.000,0.000,0.000,C-18-5
000000000010000254,3000,SP03,14.000,0.000,0.000,C-02-4
000000000010000254,2000,SP02,8.000,0.000,0.000,A-24-2
000000000010000255,2000,SP02,145.000,0.000,0.000,A-04-4
000000000090000013,4000,SP04,21.000,0.000,0.000,D-23-6
000000000080000060,3000,SP03,2.000,0.000,0.000,C-18-2
000000000090000014,4000,SP04,15.000,0.000,0.000,B-07-1
000000000090000014,3000,SP03,25.000,0.000,0.000,A-16-3
000000000030000056,4000,SP04,3.000,0.000,0.000,E-03-1
000000000010000256,2000,SP02,23.000,0.000,0.000,B-21-3
000000000030000057,2000,SP02,1.000,0.000,0.000,D-14-2
000000000030000058,2000,SP02,1.000,0.000,0.000,E-02-4
000000000010000257,1000,SP01,4.000,0.000,0.000,A-15-3
000000000010000258,3000,SP03,35.000,0.000,0.000,D-16-3
000000000010000259,4000,SP04,9.000,0.000,0.000,B-13-6
000000000010000260,3000,SP03,18.000,0.000,0.000,D-12-2
000000000080000061,2000,SP02,9.000,0.000,0.000,D-03-6
000000000080000061,3000,SP03,4.000,0.000,0.000,D-18-4
000000000080000062,3000,SP03,5.000,0.000,0.000,A-22-1
000000000080000063,2000,SP02,6.000,1.000,0.000,E-14-4
000000000080000063,3000,SP03,10.000,0.000,0.000,E-06-3
000000000010000261,1000,SP01,9.000,0.000,0.000,D-12-2
000000000080000064,4000,SP04,2.000,0.000,0.000,C-01-4
000000000010000262,1000,SP01,0.000,0.000,0.000,C-22-4
000000000010000262,3000,SP03,0.000,0.000,0.000,D-16-1
000000000010000263,4000,SP04,45.000,0.000,0.000,D-18-1
000000000030000059,1000,SP01,0.000,0.000,0.000,A-02-6
000000000010000264,4000,SP04,0.000,0.000,0.000,D-11-1
000000000010000265,2000,SP02,0.000,0.000,0.000,D-09-5
000000000010000265,3000,SP03,0.000,0.000,0.000,C-07-2
000000000010000266,1000,SP01,55.000,0.000,0.000,B-06-2
000000000010000267,3000,SP03,0.000,0.000,0.000,D-14-5
000000000010000268,2000,SP02,4.000,0.000,0.000,E-23-5
000000000010000268,4000,SP04,12.000,0.000,0.000,D-23-5
000000000010000269,2000,SP02,8.000,0.000,0.000,D-18-4
000000000010000269,1000,SP01,8.000,0.000,0.000,C-19-4
000000000010000270,1000,SP01,12.000,0.000,0.000,B-14-1
000000000010000271,2000,SP02,4.000,0.000,0.000,C-08-3
000000000010000272,1000,SP01,15.000,0.000,0.000,B-09-5
000000000010000273,2000,SP02,8.000,0.000,0.000,A-02-5
000000000010000274,3000,SP03,0.000,0.000,0.000,E-09-6
000000000080000065,4000,SP04,4.000,0.000,0.000,E-10-3
000000000080000065,3000,SP03,3.000,0.000,0.000,A-07-1
000000000010000275,3000,SP03,1.000,0.000,0.000,D-07-4
000000000030000060,1000,SP01,0.000,0.000,0.000,B-19-3
000000000030000061,3000,SP03,2.000,0.000,0.000,B-02-6
000000000080000066,1000,SP01,2.000,0.000,0.000,E-18-2
000000000080000066,4000,SP04,9.000,0.000,0.000,D-08-2
000000000010000276,2000,SP02,67.000,0.000,0.000,A-21-2
000000000010000277,4000,SP04,6.000,0.000,0.000,C-03-2
000000000010000278,2000,SP02,2.000,0.000,0.000,E-13-1
000000000010000279,1000,SP01,0.000,0.000,0.000,A-07-2
000000000010000279,2000,SP02,0.000,0.000,0.000,B-06-6
000000000030000062,2000,SP02,4.000,0.000,0.000,B-22-4
000000000010000280,1000,SP01,22.000,0.000,0.000,B-14-5
000000000030000063,4000,SP04,0.000,0.000,0.000,D-20-4
000000000030000064,1000,SP01,3.000,0.000,0.000,B-12-1
000000000010000281,3000,SP03,0.000,0.000,0.000,A-03-1
000000000010000281,2000,SP02,0.000,0.000,0.000,E-06-3
000000000010000282,3000,SP03,0.000,0.000,0.000,A-09-5
000000000010000283,3000,SP03,17.000,0.000,0.000,B-11-6
000000000030000065,1000,SP01,0.000,0.000,0.000,E-11-2
000000000010000284,2000,SP02,0.000,0.000,0.000,C-07-6
000000000010000284,4000,SP04,0.000,0.000,0.000,B-12-5
000000000010000285,1000,SP01,105.000,0.000,0.000,B-17-1
000000000080000067,2000,SP02,0.000,0.000,0.000,A-01-5
000000000080000067,3000,SP03,7.000,0.000,0.000,C-12-1
000000000010000286,4000,SP04,7.000,0.000,0.000,D-21-3
000000000080000068,3000,SP03,15.000,0.000,0.000,A-11-1
000000000080000069,2000,SP02,17.000,0.000,0.000,C-09-4
000000000080000069,4000,SP04,9.000,0.000,0.000,E-02-4
000000000090000015,1000,SP01,20.000,0.000,0.000,C-06-3
000000000010000287,2000,SP02,3.000,0.000,0.000,B-02-2
000000000080000070,4000,SP04,14.000,0.000,0.000,E-20-4
000000000080000070,2000,SP02,17.000,1.000,0.000,A-13-2
000000000010000288,3000,SP03,5.000,0.000,0.000,E-12-2
000000000010000288,1000,SP01,8.000,0.000,0.000,B-19-2
000000000010000289,4000,SP04,131.000,0.000,0.000,D-24-2
000000000010000290,2000,SP02,303.000,0.000,0.000,B-21-1
000000000010000291,2000,SP02,1.000,0.000,0.000,D-21-5
000000000010000292,2000,SP02,13.000,0.000,0.000,D-13-1
000000000080000071,1000,SP01,1.000,0.000,0.000,D-02-5
000000000080000072,1000,SP01,5.000,0.000,0.000,A-17-6
000000000010000293,4000,SP04,9.000,0.000,0.000,E-05-5
000000000010000293,3000,SP03,4.000,0.000,0.000,C-19-5
000000000080000073,3000,SP03,46.000,0.000,0.000,B-07-4
000000000010000294,2000,SP02,0.000,0.000,0.000,E-04-4
000000000010000294,3000,SP03,0.000,0.000,0.000,C-07-5
000000000010000295,1000,SP01,30.000,0.000,0.000,A-01-4
000000000010000296,4000,SP04,26.000,0.000,0.000,D-10-3
000000000010000296,3000,SP03,8.000,0.000,0.000,E-20-1
000000000030000066,4000,SP04,0.000,0.000,0.000,A-16-3
000000000010000297,2000,SP02,0.000,0.000,0.000,C-15-6
000000000010000297,1000,SP01,15.000,0.000,0.000,D-20-1
000000000010000298,2000,SP02,19.000,0.000,0.000,A-23-5
000000000010000299,2000,SP02,0.000,0.000,0.000,D-12-2
000000000010000300,1000,SP01,79.000,0.000,0.000,A-07-2
000000000010000301,1000,SP01,10.000,0.000,0.000,C-20-6
000000000010000302,3000,SP03,4.000,0.000,0.000,C-18-4
000000000010000302,1000,SP01,3.000,0.000,0.000,D-22-1
000000000080000074,2000,SP02,11.000,0.000,0.000,C-14-2
000000000010000303,3000,SP03,2.000,0.000,0.000,D-19-2
000000000010000303,2000,SP02,13.000,0.000,0.000,B-15-5
000000000080000075,2000,SP02,6.000,0.000,0.000,A-05-2
000000000010000304,2000,SP02,41.000,0.000,0.000,D-03-3
000000000090000016,2000,SP02,21.000,0.000,0.000,C-21-2
000000000090000017,4000,SP04,20.000,0.000,0.000,E-24-3
000000000010000305,1000,SP01,0.000,0.000,0.000,E-12-5
000000000010000306,2000,SP02,17.000,0.000,0.000,A-18-3
000000000010000307,2000,SP02,0.000,0.000,0.000,D-15-5
000000000080000076,4000,SP04,5.000,0.000,0.000,E-15-6
000000000030000067,1000,SP01,0.000,0.000,0.000,C-20-3
000000000010000308,1000,SP01,4.000,0.000,0.000,D-18-4
000000000030000068,2000,SP02,0.000,0.000,0.000,D-21-6
000000000030000068,1000,SP01,1.000,0.000,0.000,E-05-4
000000000010000309,4000,SP04,4.000,0.000,0.000,A-07-4
000000000080000077,2000,SP02,6.000,0.000,0.000,C-24-2
000000000010000310,1000,SP01,0.000,0.000,0.000,B-11-6
000000000080000078,2000,SP02,3.000,0.000,0.000,B-12-2
000000000010000311,3000,SP03,0.000,0.000,0.000,C-09-6
000000000010000311,1000,SP01,4.000,0.000,0.000,E-21-5
000000000030000069,2000,SP02,5.000,0.000,0.000,C-08-2
000000000030000070,3000,SP03,1.000,0.000,0.000,C-05-1
000000000010000312,4000,SP04,54.000,0.000,0.000,A-01-6
000000000010000313,4000,SP04,0.000,0.000,0.000,C-02-1
000000000010000314,2000,SP02,0.000,0.000,0.000,E-23-5
000000000080000079,2000,SP02,28.000,0.000,0.000,B-07-3
000000000010000315,3000,SP03,6.000,0.000,0.000,B-06-2
000000000010000316,1000,SP01,1.000,0.000,0.000,D-12-1
000000000010000316,2000,SP02,5.000,0.000,0.000,C-13-3
000000000010000317,1000,SP01,0.000,0.000,0.000,A-12-1
000000000010000317,4000,SP04,0.000,0.000,0.000,E-08-4
000000000010000318,1000,SP01,79.000,0.000,0.000,B-17-1
000000000010000319,2000,SP02,2.000,0.000,0.000,D-12-6
000000000010000320,4000,SP04,4.000,0.000,0.000,D-11-5
000000000080000080,4000,SP04,4.000,1.000,0.000,E-22-4
000000000010000321,3000,SP03,0.000,0.000,0.000,D-01-2
000000000010000321,1000,SP01,0.000,0.000,0.000,B-21-5
000000000010000322,3000,SP03,14.000,0.000,0.000,D-10-1
000000000010000323,1000,SP01,0.000,0.000,0.000,C-01-2
000000000010000324,2000,SP02,0.000,0.000,0.000,D-07-6
000000000080000081,1000,SP01,5.000,0.000,0.000,B-15-2
000000000030000071,3000,SP03,3.000,0.000,0.000,D-06-2
000000000010000325,1000,SP01,148.000,0.000,0.000,B-11-2
000000000010000326,3000,SP03,0.000,0.000,0.000,D-22-4
000000000030000072,3000,SP03,0.000,0.000,0.000,E-06-1
000000000010000327,2000,SP02,47.000,0.000,0.000,E-10-6
000000000010000327,1000,SP01,25.000,0.000,0.000,B-16-3
000000000030000073,3000,SP03,2.000,0.000,0.000,C-10-6
000000000010000328,3000,SP03,14.000,0.000,0.000,C-24-2
000000000010000329,1000,SP01,80.000,0.000,0.000,B-17-3
000000000010000330,2000,SP02,3.000,0.000,0.000,E-15-4
000000000010000330,4000,SP04,4.000,0.000,0.000,E-24-6
000000000010000331,1000,SP01,0.000,0.000,0.000,E-06-3
000000000010000331,3000,SP03,37.000,0.000,0.000,D-07-4
000000000010000332,2000,SP02,22.000,0.000,0.000,B-08-2
000000000030000074,3000,SP03,0.000,0.000,0.000,E-14-1
000000000010000333,4000,SP04,9.000,0.000,0.000,C-12-3
000000000080000082,1000,SP01,33.000,0.000,0.000,A-10-6
000000000030000075,3000,SP03,3.000,0.000,0.000,B-13-3
000000000010000334,4000,SP04,51.000,0.000,0.000,B-13-5
000000000010000335,2000,SP02,218.000,0.000,0.000,D-13-6
000000000010000336,4000,SP04,9.000,0.000,0.000,B-11-2
000000000010000337,1000,SP01,13.000,0.000,0.000,B-07-5
000000000010000338,4000,SP04,0.000,0.000,0.000,C-17-6
000000000010000339,3000,SP03,0.000,0.000,0.000,C-20-6
000000000030000076,4000,SP04,3.000,0.000,0.000,B-21-5
000000000010000340,2000,SP02,51.000,0.000,0.000,A-02-3
000000000090000018,3000,SP03,11.000,0.000,0.000,E-14-3
000000000090000018,1000,SP01,39.000,0.000,0.000,E-13-2
000000000010000341,2000,SP02,34.000,0.000,0.000,E-13-3
000000000030000077,1000,SP01,4.000,0.000,0.000,D-04-5
000000000010000342,3000,SP03,0.000,0.000,0.000,E-19-3
000000000010000343,3000,SP03,2.000,0.000,0.000,C-15-1
000000000090000019,4000,SP04,8.000,0.000,0.000,E-18-2
000000000010000344,2000,SP02,1.000,0.000,0.000,D-12-5
000000000010000344,4000,SP04,1.000,0.000,0.000,A-06-5
000000000010000345,3000,SP03,2.000,0.000,0.000,D-13-5
000000000030000078,3000,SP03,0.000,0.000,0.000,B-23-1
000000000030000078,4000,SP04,3.000,0.000,0.000,A-24-2
000000000080000083,1000,SP01,4.000,0.000,0.000,B-05-3
000000000080000083,3000,SP03,7.000,0.000,0.000,A-07-3
000000000010000346,1000,SP01,84.000,0.000,0.000,B-20-6
000000000010000347,3000,SP03,8.000,0.000,0.000,C-10-1
000000000010000348,1000,SP01,0.000,0.000,0.000,E-07-6
000000000030000079,3000,SP03,0.000,0.000,0.000,E-06-5
000000000010000349,1000,SP01,11.000,0.000,0.000,A-17-6
000000000010000350,2000,SP02,0.000,0.000,0.000,C-18-6
000000000030000080,3000,SP03,0.000,0.000,0.000,A-22-6
000000000010000351,1000,SP01,14.000,0.000,0.000,D-18-6
000000000010000351,4000,SP04,321.000,0.000,0.000,B-01-6
000000000090000020,2000,SP02,21.000,0.000,0.000,C-02-5
000000000090000020,3000,SP03,5.000,0.000,0.000,A-04-1
000000000010000352,3000,SP03,4.000,0.000,0.000,C-02-2
000000000010000353,4000,SP04,6.000,0.000,0.000,C-14-6
000000000010000354,4000,SP04,4.000,0.000,0.000,A-07-3
000000000010000354,1000,SP01,4.000,0.000,0.000,B-05-5
000000000010000355,3000,SP03,23.000,0.000,0.000,A-13-5
000000000010000356,1000,SP01,3.000,0.000,0.000,E-21-5
000000000010000356,4000,SP04,9.000,0.000,0.000,D-10-5
000000000010000357,3000,SP03,1.000,0.000,0.000,C-06-6
000000000010000357,4000,SP04,10.000,0.000,0.000,B-12-1
000000000010000358,4000,SP04,33.000,0.000,0.000,B-08-5
000000000080000084,3000,SP03,17.000,0.000,0.000,D-20-3
000000000010000359,3000,SP03,3.000,0.000,0.000,C-05-1
000000000010000359,4000,SP04,16.000,0.000,0.000,A-10-3
000000000010000360,4000,SP04,17.000,0.000,0.000,A-15-4
000000000010000361,4000,SP04,8.000,0.000,0.000,C-13-5
000000000010000362,4000,SP04,117.000,0.000,0.000,E-24-4
000000000010000363,3000,SP03,167.000,0.000,0.000,D-09-5
000000000010000363,1000,SP01,69.000,0.000,0.000,D-06-5
000000000010000364,3000,SP03,15.000,0.000,0.000,C-07-5
000000000010000364,1000,SP01,7.000,0.000,0.000,D-22-2
000000000010000365,1000,SP01,4.000,0.000,0.000,A-08-4
000000000010000365,2000,SP02,51.000,0.000,0.000,B-22-4
000000000010000366,4000,SP04,8.000,0.000,0.000,D-21-3
000000000080000085,4000,SP04,6.000,0.000,0.000,B-10-3
000000000010000367,4000,SP04,151.000,0.000,0.000,E-20-3
000000000030000081,1000,SP01,2.000,0.000,0.000,E-22-5
000000000010000368,1000,SP01,0.000,0.000,0.000,A-03-5
000000000010000369,4000,SP04,96.000,0.000,0.000,D-20-2
000000000010000370,3000,SP03,5.000,0.000,0.000,E-03-6
000000000010000370,4000,SP04,8.000,0.000,0.000,E-01-5
000000000030000082,4000,SP04,0.000,0.000,0.000,C-10-6
000000000080000086,1000,SP01,8.000,0.000,0.000,D-06-3
000000000010000371,1000,SP01,0.000,0.000,0.000,E-24-2
000000000080000087,3000,SP03,1.000,0.000,0.000,B-17-1
000000000010000372,4000,SP04,142.000,0.000,0.000,E-07-6
000000000010000372,1000,SP01,23.000,0.000,0.000,D-09-2
000000000010000373,4000,SP04,0.000,0.000,0.000,A-18-4
000000000080000088,1000,SP01,0.000,0.000,0.000,B-08-4
000000000010000374,3000,SP03,0.000,0.000,0.000,E-01-5
000000000010000374,4000,SP04,0.000,0.000,0.000,E-11-4
000000000010000375,4000,SP04,6.000,0.000,0.000,E-08-5
000000000030000083,3000,SP03,4.000,0.000,0.000,D-07-6
000000000010000376,3000,SP03,4.000,0.000,0.000,C-13-5
000000000010000376,1000,SP01,13.000,0.000,0.000,C-17-5
000000000010000377,2000,SP02,99.000,0.000,0.000,C-11-1
000000000010000378,2000,SP02,102.000,0.000,0.000,A-24-6
000000000010000379,3000,SP03,0.000,0.000,0.000,D-20-5
000000000010000380,1000,SP01,45.000,0.000,0.000,E-21-1
000000000010000381,4000,SP04,8.000,0.000,0.000,B-23-4
000000000030000084,2000,SP02,1.000,0.000,0.000,B-17-1
000000000010000382,2000,SP02,4.000,0.000,0.000,E-23-6
000000000010000383,1000,SP01,0.000,0.000,0.000,C-13-6
000000000010000384,4000,SP04,6.000,0.000,0.000,D-19-1
000000000030000085,4000,SP04,0.000,0.000,0.000,E-19-1
000000000080000089,3000,SP03,3.000,1.000,0.000,D-16-4
000000000080000090,3000,SP03,2.000,0.000,0.000,E-16-1
000000000080000090,1000,SP01,1.000,0.000,0.000,A-13-4
000000000010000385,2000,SP02,117.000,0.000,0.000,D-11-3
000000000030000086,1000,SP01,0.000,0.000,0.000,D-11-1
000000000030000087,1000,SP01,1.000,0.000,0.000,B-21-6
000000000010000386,2000,SP02,26.000,0.000,0.000,C-03-5
000000000010000387,1000,SP01,0.000,0.000,0.000,B-11-1
000000000010000387,2000,SP02,0.000,0.000,0.000,A-17-2
000000000090000021,1000,SP01,22.000,0.000,0.000,E-03-2
000000000080000091,3000,SP03,4.000,0.000,0.000,B-02-5
000000000010000388,1000,SP01,0.000,0.000,0.000,B-08-2
000000000010000389,1000,SP01,0.000,0.000,0.000,B-20-2
000000000010000390,1000,SP01,0.000,0.000,0.000,B-07-2
000000000010000390,2000,SP02,0.000,0.000,0.000,D-14-3
000000000080000092,3000,SP03,4.000,1.000,0.000,C-15-5
000000000080000092,1000,SP01,13.000,0.000,0.000,B-05-3
000000000030000088,1000,SP01,8.000,0.000,0.000,B-02-3
000000000010000391,4000,SP04,13.000,0.000,0.000,C-15-2
000000000010000392,2000,SP02,12.000,0.000,0.000,B-04-1
000000000010000393,3000,SP03,80.000,0.000,0.000,E-11-3
000000000010000393,2000,SP02,15.000,0.000,0.000,B-14-2
000000000010000394,2000,SP02,10.000,0.000,0.000,C-07-1
000000000010000394,4000,SP04,13.000,0.000,0.000,E-21-1
000000000010000395,1000,SP01,2.000,0.000,0.000,A-08-5
000000000010000395,4000,SP04,3.000,0.000,0.000,A-15-5
000000000030000089,2000,SP02,2.000,0.000,0.000,E-20-3
000000000010000396,3000,SP03,13.000,0.000,0.000,B-20-5
000000000090000022,1000,SP01,14.000,0.000,0.000,A-03-4
000000000090000022,2000,SP02,28.000,0.000,0.000,A-04-6
000000000030000090,2000,SP02,6.000,0.000,0.000,C-09-4
000000000010000397,1000,SP01,41.000,0.000,0.000,D-19-2
000000000010000398,2000,SP02,0.000,0.000,0.000,A-11-6
000000000010000399,2000,SP02,61.000,0.000,0.000,B-07-4
000000000010000400,4000,SP04,0.000,0.000,0.000,E-24-2
000000000010000401,4000,SP04,25.000,0.000,0.000,E-23-2
000000000080000093,3000,SP03,5.000,0.000,0.000,B-15-5
000000000010000402,3000,SP03,0.000,0.000,0.000,B-07-1
000000000010000402,4000,SP04,0.000,0.000,0.000,A-22-4
000000000010000403,3000,SP03,59.000,0.000,0.000,E-21-2
000000000010000404,3000,SP03,149.000,0.000,0.000,D-03-5
000000000080000094,1000,SP01,0.000,0.000,0.000,C-01-2
000000000010000405,1000,SP01,0.000,0.000,0.000,D-24-3
000000000030000091,1000,SP01,0.000,0.000,0.000,A-24-5
000000000010000406,3000,SP03,0.000,0.000,0.000,E-22-2
000000000010000406,1000,SP01,7.000,0.000,0.000,B-24-6
000000000030000092,3000,SP03,4.000,0.000,0.000,D-22-4
000000000010000407,4000,SP04,0.000,0.000,0.000,A-14-4
000000000030000093,1000,SP01,0.000,0.000,0.000,B-04-3
000000000080000095,2000,SP02,31.000,0.000,0.000,E-15-2
000000000010000408,2000,SP02,110.000,0.000,0.000,E-05-1
000000000080000096,3000,SP03,5.000,0.000,0.000,A-08-4
000000000080000096,4000,SP04,8.000,0.000,0.000,A-09-3
000000000010000409,2000,SP02,3.000,0.000,0.000,C-08-4
000000000080000097,2000,SP02,0.000,0.000,0.000,C-10-5
000000000080000097,4000,SP04,7.000,0.000,0.000,E-13-1
000000000010000410,3000,SP03,102.000,0.000,0.000,D-08-4
000000000010000410,4000,SP04,121.000,0.000,0.000,E-02-3
000000000010000411,4000,SP04,2.000,0.000,0.000,C-09-6
000000000030000094,2000,SP02,5.000,0.000,0.000,A-23-2
000000000080000098,1000,SP01,3.000,0.000,0.000,C-08-5
000000000080000098,3000,SP03,6.000,1.000,0.000,A-06-3
000000000010000412,3000,SP03,13.000,0.000,0.000,B-06-3
000000000010000412,1000,SP01,19.000,0.000,0.000,B-23-5
000000000010000413,1000,SP01,11.000,0.000,0.000,D-01-5
000000000030000095,2000,SP02,6.000,0.000,0.000,E-03-4
000000000030000095,1000,SP01,0.000,0.000,0.000,A-21-5
000000000010000414,3000,SP03,3.000,0.000,0.000,A-12-5
000000000010000414,1000,SP01,4.000,0.000,0.000,E-11-2
000000000010000415,1000,SP01,0.000,0.000,0.000,B-12-5
000000000010000416,4000,SP04,0.000,0.000,0.000,E-03-4
000000000010000417,3000,SP03,80.000,0.000,0.000,E-01-6
000000000010000417,4000,SP04,26.000,0.000,0.000,E-09-5
000000000080000099,3000,SP03,4.000,0.000,0.000,B-21-3
000000000010000418,4000,SP04,1.000,0.000,0.000,D-18-2
000000000010000419,2000,SP02,5.000,0.000,0.000,E-22-5
000000000010000420,1000,SP01,0.000,0.000,0.000,C-07-5
000000000010000420,4000,SP04,0.000,0.000,0.000,A-21-3
000000000010000421,4000,SP04,12.000,0.000,0.000,A-18-2
000000000010000421,2000,SP02,16.000,0.000,0.000,A-24-2
000000000010000422,1000,SP01,3.000,0.000,0.000,B-09-1
000000000010000423,4000,SP04,1.000,0.000,0.000,A-11-3
000000000080000100,4000,SP04,0.000,0.000,0.000,A-17-5
000000000080000100,1000,SP01,16.000,0.000,0.000,C-17-1
000000000010000424,2000,SP02,0.000,0.000,0.000,E-03-2
000000000010000425,1000,SP01,0.000,0.000,0.000,A-16-1
000000000010000426,1000,SP01,6.000,0.000,0.000,C-17-1
000000000010000427,4000,SP04,62.000,0.000,0.000,B-24-2
000000000010000428,3000,SP03,2.000,0.000,0.000,E-10-6
000000000010000429,2000,SP02,0.000,0.000,0.000,E-17-2
000000000010000429,1000,SP01,0.000,0.000,0.000,A-13-6
000000000030000096,2000,SP02,0.000,0.000,0.000,E-20-5
000000000030000097,3000,SP03,3.000,0.000,0.000,D-05-1
000000000010000430,2000,SP02,5.000,0.000,0.000,C-24-3
000000000010000431,2000,SP02,0.000,0.000,0.000,B-01-4
000000000010000432,2000,SP02,56.000,0.000,0.000,C-02-3
000000000010000433,2000,SP02,8.000,0.000,0.000,B-08-4
000000000010000434,1000,SP01,2.000,0.000,0.000,D-13-3
000000000010000434,2000,SP02,6.000,0.000,0.000,C-13-5
000000000010000435,1000,SP01,0.000,0.000,0.000,A-20-5
000000000010000436,4000,SP04,6.000,0.000,0.000,B-04-5
000000000010000437,1000,SP01,0.000,0.000,0.000,E-08-4
000000000010000438,4000,SP04,57.000,0.000,0.000,C-11-4
000000000010000439,3000,SP03,4.000,0.000,0.000,B-07-1
000000000080000101,4000,SP04,38.000,0.000,0.000,A-23-2
000000000010000440,3000,SP03,72.000,0.000,0.000,D-24-3
000000000010000441,4000,SP04,0.000,0.000,0.000,D-21-5
000000000030000098,1000,SP01,0.000,0.000,0.000,C-14-5
000000000080000102,4000,SP04,2.000,0.000,0.000,E-10-6
000000000030000099,3000,SP03,6.000,0.000,0.000,A-20-6
000000000030000099,2000,SP02,2.000,0.000,0.000,D-03-4
000000000030000100,1000,SP01,0.000,0.000,0.000,E-20-1
000000000080000103,1000,SP01,6.000,0.000,0.000,A-23-4
000000000010000442,3000,SP03,9.000,0.000,0.000,C-09-5
000000000090000023,3000,SP03,22.000,0.000,0.000,A-04-6
000000000030000101,2000,SP02,2.000,0.000,0.000,A-15-6
000000000080000104,4000,SP04,6.000,0.000,0.000,A-18-2
000000000080000104,3000,SP03,5.000,0.000,0.000,B-13-2
000000000010000443,3000,SP03,11.000,0.000,0.000,D-20-4
000000000030000102,1000,SP01,4.000,0.000,0.000,D-08-4
000000000080000105,3000,SP03,8.000,0.000,0.000,A-08-1
000000000080000105,4000,SP04,3.000,0.000,0.000,E-09-2
000000000010000444,3000,SP03,0.000,0.000,0.000,C-23-2
000000000030000103,1000,SP01,0.000,0.000,0.000,B-08-5
000000000010000445,3000,SP03,0.000,0.000,0.000,D-12-4
000000000010000446,1000,SP01,8.000,0.000,0.000,E-01-4
000000000010000447,2000,SP02,0.000,0.000,0.000,E-20-3
000000000010000448,2000,SP02,7.000,0.000,0.000,B-20-3
000000000010000448,1000,SP01,21.000,0.000,0.000,D-03-5
000000000010000449,2000,SP02,2.000,0.000,0.000,C-01-1
000000000010000450,3000,SP03,4.000,0.000,0.000,E-04-2
000000000010000451,4000,SP04,0.000,0.000,0.000,E-22-1
000000000010000451,2000,SP02,0.000,0.000,0.000,A-13-1
000000000080000106,3000,SP03,15.000,0.000,0.000,A-07-3
000000000010000452,3000,SP03,0.000,0.000,0.000,A-12-3
000000000010000453,3000,SP03,0.000,0.000,0.000,E-04-3
000000000010000453,2000,SP02,0.000,0.000,0.000,A-09-5
000000000030000104,3000,SP03,0.000,0.000,0.000,D-21-1
000000000030000104,4000,SP04,0.000,0.000,0.000,B-03-3
000000000010000454,4000,SP04,5.000,0.000,0.000,A-08-1
000000000010000454,1000,SP01,3.000,0.000,0.000,B-13-2
000000000010000455,4000,SP04,10.000,0.000,0.000,D-11-5
000000000030000105,2000,SP02,0.000,0.000,0.000,B-18-2
000000000010000456,2000,SP02,7.000,0.000,0.000,A-04-6
000000000010000457,2000,SP02,2.000,0.000,0.000,E-07-3
000000000010000457,3000,SP03,3.000,0.000,0.000,B-03-1
000000000010000458,1000,SP01,1.000,0.000,0.000,A-02-5
000000000010000458,3000,SP03,3.000,0.000,0.000,D-11-6
000000000090000024,1000,SP01,27.000,0.000,0.000,B-14-4
000000000010000459,4000,SP04,131.000,0.000,0.000,A-24-5
000000000010000460,1000,SP01,86.000,0.000,0.000,C-01-6
000000000010000460,3000,SP03,25.000,0.000,0.000,C-06-4
000000000010000461,3000,SP03,2.000,0.000,0.000,A-15-6
000000000010000462,3000,SP03,125.000,0.000,0.000,E-18-2
000000000010000463,1000,SP01,13.000,0.000,0.000,E-20-1
000000000010000463,4000,SP04,6.000,0.000,0.000,E-10-5
000000000010000464,4000,SP04,0.000,0.000,0.000,C-10-6
000000000010000465,4000,SP04,7.000,0.000,0.000,A-07-3
000000000010000465,3000,SP03,10.000,0.000,0.000,C-06-4
000000000010000466,1000,SP01,7.000,0.000,0.000,D-16-5
000000000010000466,4000,SP04,7.000,0.000,0.000,E-16-1
000000000010000467,2000,SP02,0.000,0.000,0.000,D-14-6
000000000010000467,4000,SP04,0.000,0.000,0.000,E-12-2
000000000080000107,4000,SP04,17.000,0.000,0.000,D-17-1
000000000080000107,3000,SP03,0.000,1.000,0.000,D-12-6
000000000010000468,1000,SP01,0.000,0.000,0.000,C-06-6
000000000010000468,4000,SP04,0.000,0.000,0.000,C-09-4
000000000010000469,3000,SP03,34.000,0.000,0.000,E-11-5
000000000010000470,3000,SP03,5.000,0.000,0.000,A-19-3
000000000010000470,2000,SP02,16.000,0.000,0.000,B-05-1
000000000010000471,4000,SP04,1.000,0.000,0.000,D-23-6
000000000010000471,2000,SP02,1.000,0.000,0.000,A-20-4
000000000080000108,3000,SP03,12.000,0.000,0.000,A-21-3
000000000080000108,4000,SP04,6.000,0.000,0.000,D-21-3
000000000010000472,1000,SP01,19.000,0.000,0.000,B-14-4
000000000080000109,2000,SP02,6.000,0.000,0.000,C-21-2
000000000080000109,4000,SP04,7.000,1.000,0.000,E-14-5
000000000010000473,4000,SP04,0.000,0.000,0.000,A-15-5
000000000080000110,2000,SP02,7.000,0.000,0.000,A-04-3
000000000080000110,1000,SP01,0.000,0.000,0.000,D-17-6
000000000030000106,1000,SP01,4.000,0.000,0.000,A-06-2
000000000080000111,4000,SP04,5.000,0.000,0.000,D-02-4
000000000010000474,4000,SP04,0.000,0.000,0.000,E-16-2
000000000010000475,1000,SP01,0.000,0.000,0.000,E-17-3
000000000010000476,2000,SP02,34.000,0.000,0.000,B-06-1
000000000030000107,3000,SP03,3.000,0.000,0.000,E-24-6
000000000010000477,1000,SP01,68.000,0.000,0.000,D-07-5
000000000010000478,1000,SP01,0.000,0.000,0.000,B-08-3
000000000010000478,2000,SP02,0.000,0.000,0.000,E-22-2
000000000010000479,4000,SP04,6.000,0.000,0.000,B-05-3
000000000010000479,1000,SP01,7.000,0.000,0.000,D-08-6
000000000010000480,1000,SP01,1.000,0.000,0.000,C-15-2
000000000010000480,4000,SP04,3.000,0.000,0.000,C-03-4
000000000010000481,3000,SP03,5.000,0.000,0.000,E-21-1
000000000010000482,3000,SP03,0.000,0.000,0.000,B-04-5
000000000010000482,1000,SP01,0.000,0.000,0.000,D-20-1
000000000030000108,4000,SP04,1.000,0.000,0.000,D-19-4
000000000030000108,1000,SP01,1.000,0.000,0.000,C-06-2
000000000010000483,3000,SP03,0.000,0.000,0.000,B-22-1
000000000010000484,3000,SP03,4.000,0.000,0.000,D-13-3
000000000010000484,2000,SP02,15.000,0.000,0.000,A-24-4
000000000010000485,2000,SP02,0.000,0.000,0.000,B-21-5
000000000010000486,2000,SP02,47.000,0.000,0.000,A-11-5
000000000010000487,4000,SP04,0.000,0.000,0.000,A-24-6
000000000030000109,1000,SP01,4.000,0.000,0.000,D-03-4
000000000030000109,3000,SP03,0.000,0.000,0.000,C-05-2
000000000010000488,3000,SP03,2.000,0.000,0.000,E-11-6
000000000010000489,1000,SP01,22.000,0.000,0.000,E-05-6
000000000010000490,4000,SP04,0.000,0.000,0.000,D-24-4
000000000010000491,4000,SP04,91.000,0.000,0.000,D-16-1
000000000010000492,3000,SP03,4.000,0.000,0.000,A-18-6
000000000010000493,3000,SP03,2.000,0.000,0.000,A-02-4
000000000010000494,3000,SP03,116.000,0.000,0.000,B-06-1
000000000010000494,2000,SP02,126.000,0.000,0.000,C-07-4
000000000080000112,2000,SP02,11.000,0.000,0.000,D-23-1
000000000010000495,2000,SP02,1.000,0.000,0.000,D-13-2
000000000010000495,1000,SP01,5.000,0.000,0.000,D-23-4
000000000030000110,4000,SP04,0.000,0.000,0.000,E-16-6
000000000030000110,3000,SP03,4.000,0.000,0.000,C-17-2
000000000010000496,3000,SP03,14.000,0.000,0.000,D-23-2
000000000010000496,1000,SP01,56.000,0.000,0.000,A-15-4
000000000010000497,1000,SP01,150.000,0.000,0.000,D-09-6
000000000010000498,1000,SP01,2.000,0.000,0.000,C-11-6
000000000090000025,2000,SP02,5.000,0.000,0.000,C-17-5
000000000010000499,4000,SP04,27.000,0.000,0.000,A-22-4
000000000010000500,3000,SP03,18.000,0.000,0.000,D-22-5
000000000010000500,1000,SP01,5.000,0.000,0.000,D-13-3
000000000010000501,1000,SP01,0.000,0.000,0.000,C-22-5
000000000030000111,1000,SP01,10.000,0.000,0.000,E-15-1
000000000010000502,4000,SP04,5.000,0.000,0.000,A-23-2
000000000010000503,2000,SP02,0.000,0.000,0.000,B-23-4
000000000010000503,4000,SP04,0.000,0.000,0.000,B-21-6
000000000010000504,2000,SP02,0.000,0.000,0.000,C-23-2
000000000010000504,1000,SP01,0.000,0.000,0.000,A-12-6
000000000010000505,4000,SP04,53.000,0.000,0.000,D-10-5
000000000010000506,2000,SP02,9.000,0.000,0.000,D-19-5
000000000010000506,3000,SP03,5.000,0.000,0.000,E-07-4
000000000010000507,4000,SP04,0.000,0.000,0.000,C-01-3
000000000010000507,1000,SP01,0.000,0.000,0.000,E-22-3
000000000010000508,1000,SP01,144.000,0.000,0.000,A-03-1
000000000010000508,2000,SP02,226.000,0.000,0.000,E-04-4
000000000010000509,4000,SP04,0.000,0.000,0.000,C-08-6
000000000010000510,2000,SP02,35.000,0.000,0.000,D-06-2
000000000010000511,2000,SP02,1.000,0.000,0.000,D-20-6
000000000090000026,4000,SP04,7.000,0.000,0.000,E-11-2
000000000090000026,2000,SP02,31.000,0.000,0.000,C-24-5
000000000030000112,4000,SP04,3.000,0.000,0.000,A-14-4
000000000010000512,3000,SP03,0.000,0.000,0.000,D-07-5
000000000010000512,1000,SP01,0.000,0.000,0.000,D-19-6
000000000030000113,3000,SP03,2.000,0.000,0.000,C-02-6
000000000010000513,2000,SP02,1.000,0.000,0.000,C-06-6
000000000010000514,1000,SP01,17.000,0.000,0.000,E-23-2
000000000010000514,2000,SP02,227.000,0.000,0.000,E-14-3
000000000080000113,4000,SP04,5.000,0.000,0.000,C-02-6
000000000010000515,4000,SP04,0.000,0.000,0.000,C-21-4
000000000010000515,3000,SP03,0.000,0.000,0.000,D-12-1
000000000010000516,2000,SP02,0.000,0.000,0.000,A-03-2
000000000010000516,1000,SP01,48.000,0.000,0.000,D-16-2
000000000010000517,1000,SP01,40.000,0.000,0.000,B-22-2
000000000080000114,1000,SP01,6.000,0.000,0.000,C-03-2
000000000080000114,3000,SP03,5.000,1.000,0.000,E-04-3
000000000010000518,4000,SP04,16.000,0.000,0.000,D-02-3
000000000010000518,2000,SP02,7.000,0.000,0.000,A-14-3
000000000030000114,2000,SP02,2.000,0.000,0.000,D-08-1
000000000090000027,2000,SP02,35.000,0.000,0.000,C-21-3
000000000010000519,3000,SP03,0.000,0.000,0.000,C-08-3
000000000010000520,3000,SP03,118.000,0.000,0.000,B-23-6
000000000010000521,2000,SP02,0.000,0.000,0.000,B-12-1
000000000010000521,4000,SP04,0.000,0.000,0.000,B-08-6
000000000010000522,2000,SP02,8.000,0.000,0.000,D-08-1
000000000010000523,3000,SP03,3.000,0.000,0.000,A-03-1
000000000010000524,1000,SP01,1.000,0.000,0.000,E-06-5
000000000010000525,3000,SP03,4.000,0.000,0.000,C-14-6
000000000010000525,4000,SP04,5.000,0.000,0.000,C-16-3
000000000010000526,3000,SP03,0.000,0.000,0.000,A-24-3
000000000010000527,4000,SP04,72.000,0.000,0.000,D-02-5
000000000090000028,4000,SP04,7.000,0.000,0.000,E-14-2
000000000090000028,3000,SP03,10.000,0.000,0.000,B-05-2
000000000030000115,2000,SP02,5.000,0.000,0.000,D-08-4
000000000010000528,1000,SP01,2.000,0.000,0.000,D-14-4
000000000010000529,4000,SP04,0.000,0.000,0.000,D-13-6
000000000010000529,3000,SP03,0.000,0.000,0.000,B-08-4
000000000010000530,1000,SP01,4.000,0.000,0.000,D-15-6
000000000010000531,3000,SP03,0.000,0.000,0.000,A-22-1
000000000010000531,4000,SP04,0.000,0.000,0.000,D-15-2
000000000010000532,4000,SP04,0.000,0.000,0.000,A-24-1
000000000010000533,2000,SP02,8.000,0.000,0.000,A-23-2
000000000080000115,3000,SP03,3.000,0.000,0.000,E-15-6
000000000010000534,1000,SP01,0.000,0.000,0.000,A-05-4
000000000010000535,2000,SP02,0.000,0.000,0.000,C-10-2
000000000010000535,4000,SP04,0.000,0.000,0.000,D-08-6
000000000030000116,4000,SP04,5.000,0.000,0.000,C-12-3
000000000030000116,2000,SP02,0.000,0.000,0.000,C-20-4
000000000080000116,4000,SP04,5.000,1.000,0.000,C-17-6
000000000030000117,1000,SP01,0.000,0.000,0.000,E-03-5
000000000080000117,3000,SP03,11.000,0.000,0.000,A-14-3
000000000010000536,2000,SP02,4.000,0.000,0.000,B-09-4
000000000010000537,1000,SP01,36.000,0.000,0.000,E-22-2
000000000010000538,4000,SP04,23.000,0.000,0.000,B-08-4
000000000030000118,4000,SP04,0.000,0.000,0.000,E-16-3
000000000010000539,2000,SP02,1.000,0.000,0.000,C-09-2
000000000030000119,1000,SP01,5.000,0.000,0.000,A-11-6
000000000080000118,2000,SP02,12.000,0.000,0.000,D-24-3
000000000010000540,3000,SP03,17.000,0.000,0.000,D-11-2
000000000010000540,4000,SP04,0.000,0.000,0.000,B-13-3
000000000010000541,1000,SP01,0.000,0.000,0.000,E-05-6
000000000010000542,2000,SP02,0.000,0.000,0.000,D-24-1
000000000010000542,4000,SP04,0.000,0.000,0.000,A-16-4
000000000010000543,2000,SP02,175.000,0.000,0.000,A-17-4
000000000030000120,2000,SP02,1.000,0.000,0.000,E-02-5
000000000030000121,3000,SP03,4.000,0.000,0.000,E-14-1
000000000080000119,4000,SP04,1.000,0.000,0.000,B-10-3
000000000080000119,2000,SP02,15.000,0.000,0.000,C-02-5
000000000010000544,4000,SP04,8.000,0.000,0.000,D-12-6
000000000010000544,1000,SP01,83.000,0.000,0.000,A-05-6
000000000010000545,1000,SP01,58.000,0.000,0.000,C-21-1
000000000010000545,3000,SP03,12.000,0.000,0.000,D-05-1
000000000010000546,3000,SP03,2.000,0.000,0.000,A-10-5
000000000010000547,1000,SP01,123.000,0.000,0.000,B-07-5
000000000030000122,3000,SP03,2.000,0.000,0.000,C-15-6
000000000080000120,4000,SP04,2.000,0.000,0.000,C-03-6
000000000030000123,3000,SP03,3.000,0.000,0.000,B-19-5
000000000080000121,1000,SP01,7.000,0.000,0.000,B-11-4
000000000010000548,1000,SP01,7.000,0.000,0.000,E-08-6
000000000030000124,4000,SP04,3.000,0.000,0.000,A-21-4
000000000010000549,2000,SP02,20.000,0.000,0.000,D-24-1
000000000010000550,1000,SP01,12.000,0.000,0.000,C-07-6
000000000030000125,3000,SP03,0.000,0.000,0.000,D-02-1
000000000030000125,4000,SP04,0.000,0.000,0.000,A-14-2
000000000010000551,2000,SP02,0.000,0.000,0.000,B-05-6
000000000030000126,4000,SP04,4.000,0.000,0.000,D-03-6
000000000010000552,4000,SP04,8.000,0.000,0.000,E-22-6
000000000010000553,2000,SP02,27.000,0.000,0.000,C-08-2
000000000030000127,2000,SP02,0.000,0.000,0.000,A-08-4
000000000010000554,3000,SP03,52.000,0.000,0.000,A-06-3
000000000010000555,4000,SP04,21.000,0.000,0.000,D-08-1
000000000010000556,4000,SP04,2.000,0.000,0.000,B-09-1
000000000010000557,2000,SP02,14.000,0.000,0.000,A-21-5
000000000010000558,3000,SP03,1.000,0.000,0.000,D-16-1
000000000010000559,4000,SP04,2.000,0.000,0.000,E-08-1
000000000010000560,4000,SP04,2.000,0.000,0.000,D-24-2
000000000010000560,3000,SP03,5.000,0.000,0.000,C-02-5
000000000080000122,1000,SP01,11.000,0.000,0.000,A-01-5
000000000080000122,3000,SP03,4.000,0.000,0.000,A-11-2
000000000010000561,4000,SP04,0.000,0.000,0.000,D-01-4
000000000010000562,3000,SP03,0.000,0.000,0.000,D-07-3
000000000010000563,4000,SP04,0.000,0.000,0.000,D-15-6
000000000030000128,3000,SP03,1.000,0.000,0.000,E-08-1
000000000030000128,1000,SP01,2.000,0.000,0.000,A-01-5
000000000080000123,3000,SP03,3.000,0.000,0.000,C-13-6
000000000090000029,3000,SP03,33.000,0.000,0.000,E-15-6
000000000090000030,4000,SP04,26.000,0.000,0.000,B-22-5
000000000010000564,2000,SP02,11.000,0.000,0.000,B-22-5
000000000010000565,1000,SP01,142.000,0.000,0.000,D-21-1
000000000010000565,3000,SP03,63.000,0.000,0.000,E-06-4
000000000010000566,1000,SP01,0.000,0.000,0.000,C-18-4
000000000030000129,3000,SP03,1.000,0.000,0.000,A-03-4
000000000080000124,2000,SP02,5.000,0.000,0.000,D-14-2
000000000010000567,2000,SP02,9.000,0.000,0.000,B-13-5
000000000030000130,2000,SP02,0.000,0.000,0.000,E-17-1
000000000030000130,4000,SP04,4.000,0.000,0.000,D-14-1
000000000010000568,4000,SP04,0.000,0.000,0.000,E-18-2
000000000010000568,3000,SP03,0.000,0.000,0.000,B-05-1
000000000010000569,2000,SP02,0.000,0.000,0.000,C-24-1
000000000080000125,2000,SP02,4.000,0.000,0.000,E-22-3
000000000030000131,2000,SP02,6.000,0.000,0.000,E-15-5
000000000010000570,1000,SP01,17.000,0.000,0.000,E-10-6
000000000010000571,3000,SP03,0.000,0.000,0.000,D-07-1
000000000010000571,1000,SP01,0.000,0.000,0.000,D-15-2
000000000010000572,4000,SP04,2.000,0.000,0.000,B-10-4
000000000010000573,1000,SP01,0.000,0.000,0.000,A-14-5
000000000010000573,4000,SP04,0.000,0.000,0.000,A-01-2
000000000010000574,1000,SP01,1.000,0.000,0.000,D-06-5
000000000010000574,3000,SP03,1.000,0.000,0.000,E-10-5
000000000080000126,3000,SP03,9.000,1.000,0.000,D-24-2
000000000080000127,1000,SP01,3.000,0.000,0.000,A-05-5
000000000030000132,4000,SP04,0.000,0.000,0.000,B-04-3
000000000010000575,3000,SP03,0.000,0.000,0.000,D-13-3
000000000030000133,3000,SP03,1.000,0.000,0.000,D-08-3
000000000080000128,3000,SP03,11.000,0.000,0.000,C-10-3
000000000080000128,1000,SP01,13.000,0.000,0.000,B-15-1
000000000010000576,1000,SP01,2.000,0.000,0.000,D-14-3
000000000080000129,2000,SP02,4.000,0.000,0.000,C-19-6
000000000010000577,4000,SP04,0.000,0.000,0.000,B-11-1
000000000010000577,1000,SP01,0.000,0.000,0.000,A-16-4
000000000010000578,2000,SP02,0.000,0.000,0.000,A-20-2
000000000010000578,4000,SP04,0.000,0.000,0.000,C-12-2
000000000010000579,2000,SP02,3.000,0.000,0.000,D-23-1
000000000010000580,3000,SP03,0.000,0.000,0.000,E-02-1
000000000010000581,1000,SP01,37.000,0.000,0.000,E-14-3
000000000010000581,4000,SP04,20.000,0.000,0.000,A-03-2
000000000010000582,3000,SP03,1.000,0.000,0.000,C-04-6
000000000010000583,1000,SP01,67.000,0.000,0.000,E-06-4
000000000080000130,4000,SP04,1.000,0.000,0.000,B-11-6
000000000010000584,2000,SP02,2.000,0.000,0.000,D-14-5
000000000010000585,3000,SP03,1.000,0.000,0.000,B-16-4
000000000010000585,2000,SP02,3.000,0.000,0.000,B-05-4
000000000010000586,4000,SP04,0.000,0.000,0.000,B-15-5
000000000010000587,2000,SP02,7.000,0.000,0.000,D-02-5
000000000010000588,2000,SP02,4.000,0.000,0.000,B-07-4
000000000010000589,3000,SP03,38.000,0.000,0.000,E-07-6
000000000080000131,2000,SP02,8.000,0.000,0.000,A-12-2
000000000090000031,1000,SP01,29.000,0.000,0.000,B-17-1
000000000010000590,3000,SP03,0.000,0.000,0.000,C-05-4
000000000010000591,2000,SP02,29.000,0.000,0.000,D-22-3
000000000010000591,1000,SP01,218.000,0.000,0.000,E-04-3
000000000090000032,1000,SP01,38.000,0.000,0.000,C-12-3
000000000010000592,3000,SP03,33.000,0.000,0.000,B-17-3
000000000080000132,2000,SP02,11.000,0.000,0.000,E-03-2
000000000080000132,1000,SP01,3.000,0.000,0.000,E-03-1
000000000010000593,3000,SP03,7.000,0.000,0.000,D-19-4
000000000030000134,2000,SP02,7.000,0.000,0.000,A-07-4
000000000030000135,4000,SP04,0.000,0.000,0.000,C-13-2
000000000010000594,4000,SP04,0.000,0.000,0.000,E-15-6
000000000010000595,1000,SP01,5.000,0.000,0.000,B-09-6
000000000010000595,4000,SP04,9.000,0.000,0.000,D-14-3
000000000010000596,1000,SP01,10.000,0.000,0.000,A-04-2
000000000010000597,3000,SP03,0.000,0.000,0.000,C-17-6
000000000080000133,4000,SP04,4.000,0.000,0.000,C-10-4
000000000010000598,1000,SP01,1.000,0.000,0.000,B-24-2
000000000010000598,4000,SP04,11.000,0.000,0.000,D-21-6
000000000010000599,3000,SP03,3.000,0.000,0.000,C-11-4
000000000080000134,2000,SP02,16.000,0.000,0.000,A-24-3
000000000080000134,4000,SP04,18.000,0.000,0.000,E-17-5
000000000010000600,3000,SP03,0.000,0.000,0.000,E-03-2
000000000010000601,4000,SP04,67.000,0.000,0.000,A-13-4
000000000010000601,2000,SP02,133.000,0.000,0.000,C-13-3
000000000010000602,1000,SP01,0.000,0.000,0.000,C-07-3
000000000010000602,4000,SP04,3.000,0.000,0.000,E-21-2
000000000010000603,2000,SP02,15.000,0.000,0.000,D-23-1
000000000010000604,2000,SP02,102.000,0.000,0.000,A-11-1
000000000080000135,1000,SP01,7.000,0.000,0.000,B-20-3
000000000010000605,3000,SP03,28.000,0.000,0.000,A-19-6
000000000010000606,3000,SP03,0.000,0.000,0.000,A-24-5
000000000010000606,4000,SP04,0.000,0.000,0.000,D-15-6
000000000030000136,3000,SP03,0.000,0.000,0.000,B-02-6
000000000080000136,1000,SP01,0.000,0.000,0.000,C-12-6
000000000080000137,3000,SP03,11.000,0.000,0.000,B-06-3
000000000010000607,3000,SP03,22.000,0.000,0.000,C-16-4
000000000010000607,4000,SP04,5.000,0.000,0.000,B-22-5
000000000010000608,3000,SP03,0.000,0.000,0.000,C-16-5
000000000010000609,4000,SP04,9.000,0.000,0.000,A-20-5
000000000010000610,2000,SP02,0.000,0.000,0.000,B-05-4
000000000010000611,1000,SP01,2.000,0.000,0.000,A-17-1
000000000010000611,2000,SP02,1.000,0.000,0.000,C-08-4
000000000010000612,3000,SP03,11.000,0.000,0.000,A-23-6
000000000080000138,4000,SP04,7.000,0.000,0.000,B-09-1
000000000010000613,3000,SP03,1.000,0.000,0.000,C-11-4
000000000010000614,2000,SP02,0.000,0.000,0.000,C-23-2
000000000090000033,3000,SP03,23.000,0.000,0.000,C-15-2
000000000030000137,2000,SP02,2.000,0.000,0.000,E-16-2
000000000030000137,3000,SP03,2.000,0.000,0.000,A-12-1
000000000010000615,2000,SP02,0.000,0.000,0.000,D-08-2
000000000010000616,3000,SP03,60.000,0.000,0.000,C-15-3
000000000080000139,3000,SP03,6.000,0.000,0.000,A-13-6
000000000010000617,2000,SP02,0.000,0.000,0.000,A-15-5
000000000010000618,4000,SP04,21.000,0.000,0.000,B-05-1
000000000010000618,3000,SP03,7.000,0.000,0.000,D-02-3
000000000010000619,2000,SP02,4.000,0.000,0.000,A-05-2
000000000010000619,4000,SP04,5.000,0.000,0.000,B-11-5
000000000010000620,2000,SP02,0.000,0.000,0.000,C-17-3
000000000010000621,1000,SP01,0.000,0.000,0.000,D-10-5
000000000010000621,4000,SP04,0.000,0.000,0.000,D-21-5
000000000080000140,4000,SP04,3.000,0.000,0.000,E-04-6
000000000030000138,4000,SP04,0.000,0.000,0.000,E-15-1
000000000010000622,1000,SP01,0.000,0.000,0.000,B-08-3
000000000010000623,4000,SP04,0.000,0.000,0.000,B-11-1
000000000010000623,3000,SP03,0.000,0.000,0.000,A-18-4
000000000010000624,2000,SP02,16.000,0.000,0.000,B-07-6
000000000010000625,4000,SP04,0.000,0.000,0.000,E-02-2
000000000010000626,3000,SP03,0.000,0.000,0.000,D-07-5
000000000080000141,1000,SP01,6.000,0.000,0.000,D-12-1
000000000030000139,3000,SP03,3.000,0.000,0.000,E-03-3
000000000030000139,1000,SP01,8.000,0.000,0.000,C-21-3
000000000010000627,4000,SP04,2.000,0.000,0.000,A-13-1
000000000010000627,3000,SP03,1.000,0.000,0.000,C-24-2
000000000030000140,1000,SP01,1.000,0.000,0.000,E-09-5
000000000030000140,3000,SP03,0.000,0.000,0.000,B-13-1
000000000010000628,2000,SP02,4.000,0.000,0.000,C-23-4
000000000010000629,4000,SP04,0.000,0.000,0.000,C-09-4
000000000010000630,4000,SP04,7.000,0.000,0.000,B-02-1
000000000010000631,1000,SP01,0.000,0.000,0.000,E-04-4
000000000010000632,4000,SP04,5.000,0.000,0.000,B-05-6
000000000010000632,1000,SP01,4.000,0.000,0.000,C-21-4
000000000080000142,4000,SP04,6.000,0.000,0.000,E-21-6
000000000080000142,2000,SP02,0.000,0.000,0.000,C-20-2
000000000010000633,4000,SP04,11.000,0.000,0.000,A-15-5
000000000010000634,1000,SP01,58.000,0.000,0.000,D-05-1
000000000010000635,2000,SP02,0.000,0.000,0.000,A-14-6
000000000080000143,3000,SP03,15.000,0.000,0.000,E-03-6
000000000010000636,2000,SP02,6.000,0.000,0.000,B-24-1
000000000010000637,4000,SP04,0.000,0.000,0.000,D-05-1
000000000010000637,3000,SP03,0.000,0.000,0.000,C-24-4
000000000030000141,3000,SP03,0.000,0.000,0.000,D-21-2
000000000030000142,2000,SP02,0.000,0.000,0.000,D-24-4
000000000080000144,1000,SP01,8.000,1.000,0.000,C-06-6
000000000030000143,3000,SP03,0.000,0.000,0.000,B-22-5
000000000010000638,3000,SP03,7.000,0.000,0.000,B-09-5
000000000010000639,2000,SP02,12.000,0.000,0.000,C-18-2
000000000010000640,3000,SP03,4.000,0.000,0.000,A-16-2
000000000010000641,4000,SP04,0.000,0.000,0.000,C-24-3
000000000010000641,1000,SP01,0.000,0.000,0.000,A-14-3
000000000010000642,4000,SP04,36.000,0.000,0.000,D-04-6
000000000010000643,1000,SP01,1.000,0.000,0.000,B-09-2
000000000030000144,1000,SP01,9.000,0.000,0.000,A-18-1
000000000030000144,4000,SP04,0.000,0.000,0.000,D-14-4
000000000010000644,4000,SP04,3.000,0.000,0.000,B-01-1
000000000010000645,3000,SP03,0.000,0.000,0.000,B-22-3
000000000010000646,3000,SP03,0.000,0.000,0.000,E-04-2
000000000010000646,2000,SP02,0.000,0.000,0.000,E-20-4
000000000010000647,3000,SP03,49.000,0.000,0.000,D-23-3
000000000010000648,2000,SP02,4.000,0.000,0.000,A-18-6
000000000010000649,1000,SP01,0.000,0.000,0.000,D-09-5
000000000010000650,3000,SP03,7.000,0.000,0.000,D-07-6
000000000010000651,3000,SP03,48.000,0.000,0.000,A-21-5
000000000010000652,2000,SP02,7.000,0.000,0.000,E-11-3
000000000010000653,2000,SP02,0.000,0.000,0.000,D-23-1
000000000030000145,4000,SP04,3.000,0.000,0.000,B-23-2
000000000010000654,4000,SP04,28.000,0.000,0.000,B-08-4
000000000010000654,3000,SP03,49.000,0.000,0.000,D-04-5
000000000010000655,4000,SP04,180.000,0.000,0.000,C-11-2
000000000010000656,1000,SP01,92.000,0.000,0.000,C-05-1
000000000080000145,3000,SP03,5.000,0.000,0.000,D-09-6
000000000080000145,2000,SP02,2.000,0.000,0.000,D-12-5
000000000030000146,2000,SP02,8.000,0.000,0.000,D-22-4
000000000010000657,1000,SP01,9.000,0.000,0.000,A-09-6
000000000010000658,4000,SP04,18.000,0.000,0.000,A-17-6
000000000010000659,2000,SP02,30.000,0.000,0.000,C-24-3
000000000010000660,1000,SP01,16.000,0.000,0.000,D-23-2
000000000010000660,2000,SP02,4.000,0.000,0.000,E-18-1
000000000010000661,2000,SP02,0.000,0.000,0.000,B-20-1
000000000030000147,2000,SP02,6.000,0.000,0.000,C-21-1
000000000010000662,3000,SP03,9.000,0.000,0.000,E-24-4
000000000010000662,1000,SP01,2.000,0.000,0.000,D-04-5
000000000010000663,4000,SP04,0.000,0.000,0.000,B-02-3
000000000080000146,1000,SP01,6.000,0.000,0.000,D-22-4
000000000030000148,1000,SP01,4.000,0.000,0.000,D-15-2
000000000010000664,1000,SP01,11.000,0.000,0.000,A-11-3
000000000080000147,3000,SP03,9.000,0.000,0.000,E-24-1
000000000010000665,3000,SP03,8.000,0.000,0.000,D-06-6
000000000030000149,4000,SP04,0.000,0.000,0.000,B-24-4
000000000080000148,4000,SP04,10.000,0.000,0.000,A-18-5
000000000080000149,1000,SP01,6.000,1.000,0.000,C-03-2
000000000010000666,3000,SP03,0.000,0.000,0.000,D-19-2
000000000030000150,1000,SP01,0.000,0.000,0.000,A-03-1
000000000030000150,2000,SP02,2.000,0.000,0.000,D-22-6
000000000010000667,3000,SP03,2.000,0.000,0.000,E-01-5
000000000010000668,3000,SP03,10.000,0.000,0.000,D-08-6
000000000010000669,1000,SP01,18.000,0.000,0.000,C-08-4
000000000010000669,3000,SP03,6.000,0.000,0.000,A-08-4
000000000010000670,2000,SP02,49.000,0.000,0.000,A-08-2
000000000090000034,4000,SP04,24.000,0.000,0.000,C-13-5
000000000080000150,3000,SP03,1.000,0.000,0.000,C-05-2
000000000030000151,2000,SP02,7.000,0.000,0.000,C-10-6
000000000010000671,2000,SP02,9.000,0.000,0.000,E-23-6
000000000090000035,2000,SP02,22.000,0.000,0.000,A-07-1
000000000010000672,2000,SP02,27.000,0.000,0.000,B-13-1
000000000010000672,1000,SP01,79.000,0.000,0.000,C-13-2
000000000030000152,4000,SP04,1.000,0.000,0.000,E-06-6
000000000010000673,3000,SP03,2.000,0.000,0.000,B-12-1
000000000010000673,2000,SP02,2.000,0.000,0.000,E-12-1
000000000010000674,3000,SP03,0.000,0.000,0.000,C-23-3
000000000010000675,2000,SP02,0.000,0.000,0.000,E-05-2
000000000010000675,1000,SP01,0.000,0.000,0.000,A-15-4
000000000080000151,3000,SP03,3.000,0.000,0.000,D-06-5
000000000010000676,1000,SP01,6.000,0.000,0.000,B-18-4
000000000010000677,4000,SP04,31.000,0.000,0.000,D-21-2
000000000030000153,3000,SP03,0.000,0.000,0.000,E-11-4
000000000090000036,3000,SP03,27.000,0.000,0.000,E-14-1
000000000090000036,1000,SP01,24.000,0.000,0.000,E-10-5
000000000010000678,3000,SP03,0.000,0.000,0.000,B-05-2
000000000080000152,1000,SP01,0.000,0.000,0.000,B-20-5
000000000030000154,3000,SP03,3.000,0.000,0.000,A-02-4
000000000030000155,3000,SP03,0.000,0.000,0.000,D-17-1
000000000030000155,2000,SP02,0.000,0.000,0.000,E-10-4
000000000010000679,3000,SP03,0.000,0.000,0.000,B-09-3
000000000010000679,2000,SP02,0.000,0.000,0.000,D-24-5
000000000010000680,3000,SP03,6.000,0.000,0.000,B-19-3
000000000010000681,1000,SP01,4.000,0.000,0.000,A-09-4
000000000030000156,4000,SP04,4.000,0.000,0.000,D-09-3
000000000010000682,4000,SP04,13.000,0.000,0.000,B-12-2
000000000080000153,4000,SP04,11.000,0.000,0.000,D-17-4
000000000090000037,3000,SP03,15.000,0.000,0.000,A-23-2
000000000010000683,1000,SP01,12.000,0.000,0.000,A-23-2
000000000010000684,4000,SP04,0.000,0.000,0.000,A-21-2
000000000010000684,3000,SP03,0.000,0.000,0.000,D-11-5
000000000010000685,2000,SP02,0.000,0.000,0.000,C-05-5
000000000010000685,1000,SP01,0.000,0.000,0.000,C-14-4
000000000010000686,4000,SP04,0.000,0.000,0.000,B-12-2
000000000010000687,4000,SP04,7.000,0.000,0.000,C-22-3
000000000080000154,4000,SP04,7.000,0.000,0.000,A-03-4
000000000080000154,3000,SP03,5.000,0.000,0.000,D-17-3
000000000010000688,3000,SP03,18.000,0.000,0.000,A-13-1
000000000030000157,4000,SP04,3.000,0.000,0.000,C-12-5
000000000090000038,3000,SP03,11.000,0.000,0.000,A-23-4
000000000090000038,4000,SP04,6.000,0.000,0.000,C-14-6
000000000080000155,2000,SP02,11.000,0.000,0.000,B-19-2
000000000080000155,3000,SP03,4.000,0.000,0.000,E-07-2
000000000010000689,4000,SP04,16.000,0.000,0.000,A-22-2
000000000010000689,1000,SP01,36.000,0.000,0.000,A-18-1
000000000010000690,4000,SP04,2.000,0.000,0.000,B-01-5
000000000010000691,1000,SP01,3.000,0.000,0.000,B-20-2
000000000080000156,3000,SP03,9.000,0.000,0.000,B-11-4
000000000010000692,4000,SP04,0.000,0.000,0.000,C-11-1
000000000010000692,3000,SP03,0.000,0.000,0.000,A-13-4
000000000010000693,1000,SP01,67.000,0.000,0.000,C-19-2
000000000010000694,1000,SP01,4.000,0.000,0.000,E-20-6
000000000010000695,2000,SP02,0.000,0.000,0.000,E-23-5
000000000010000695,4000,SP04,0.000,0.000,0.000,C-24-6
000000000010000696,3000,SP03,0.000,0.000,0.000,A-17-4
000000000030000158,3000,SP03,0.000,0.000,0.000,A-09-1
000000000030000158,1000,SP01,0.000,0.000,0.000,A-17-6
000000000010000697,3000,SP03,0.000,0.000,0.000,A-11-6
000000000010000697,4000,SP04,0.000,0.000,0.000,D-11-3
000000000010000698,3000,SP03,116.000,0.000,0.000,A-20-5
000000000010000698,1000,SP01,182.000,0.000,0.000,D-15-5
000000000080000157,2000,SP02,0.000,0.000,0.000,D-22-5
000000000010000699,4000,SP04,115.000,0.000,0.000,D-12-5
000000000010000700,4000,SP04,6.000,0.000,0.000,A-23-2
000000000010000701,3000,SP03,7.000,0.000,0.000,D-03-2
000000000010000701,2000,SP02,13.000,0.000,0.000,E-04-1
000000000030000159,1000,SP01,2.000,0.000,0.000,C-16-4
000000000010000702,3000,SP03,0.000,0.000,0.000,B-03-1
000000000010000703,3000,SP03,0.000,0.000,0.000,C-10-5
000000000010000704,1000,SP01,39.000,0.000,0.000,E-02-3
000000000010000705,1000,SP01,3.000,0.000,0.000,D-14-5
000000000010000705,4000,SP04,2.000,0.000,0.000,A-24-5
000000000010000706,3000,SP03,10.000,0.000,0.000,C-10-3
000000000010000707,4000,SP04,11.000,0.000,0.000,A-03-2
000000000010000707,2000,SP02,89.000,0.000,0.000,E-19-5
000000000010000708,4000,SP04,3.000,0.000,0.000,E-24-2
000000000010000709,4000,SP04,4.000,0.000,0.000,C-04-6
000000000010000709,3000,SP03,8.000,0.000,0.000,D-15-2
000000000010000710,4000,SP04,0.000,0.000,0.000,E-09-2
000000000010000711,2000,SP02,9.000,0.000,0.000,A-09-5
000000000080000158,1000,SP01,5.000,1.000,0.000,B-18-6
000000000080000159,1000,SP01,7.000,0.000,0.000,D-05-5
000000000010000712,1000,SP01,82.000,0.000,0.000,C-12-3
000000000010000713,2000,SP02,277.000,0.000,0.000,A-07-3
000000000030000160,4000,SP04,3.000,0.000,0.000,A-12-6
000000000030000161,3000,SP03,0.000,0.000,0.000,A-10-6
000000000030000162,2000,SP02,4.000,0.000,0.000,E-20-6
000000000010000714,2000,SP02,65.000,0.000,0.000,C-09-4
000000000030000163,3000,SP03,0.000,0.000,0.000,E-01-6
000000000080000160,4000,SP04,5.000,0.000,0.000,C-02-6
000000000030000164,4000,SP04,0.000,0.000,0.000,B-10-5
000000000010000715,4000,SP04,4.000,0.000,0.000,E-04-2
000000000010000716,3000,SP03,6.000,0.000,0.000,E-15-1
000000000010000717,1000,SP01,0.000,0.000,0.000,D-23-6
000000000030000165,1000,SP01,0.000,0.000,0.000,E-17-3
000000000010000718,3000,SP03,35.000,0.000,0.000,D-18-5
000000000010000718,2000,SP02,17.000,0.000,0.000,D-15-1
000000000080000161,3000,SP03,15.000,0.000,0.000,C-01-5
000000000010000719,1000,SP01,2.000,0.000,0.000,E-23-1
000000000030000166,1000,SP01,4.000,0.000,0.000,C-17-1
000000000010000720,1000,SP01,16.000,0.000,0.000,B-08-2
000000000010000721,1000,SP01,39.000,0.000,0.000,A-18-3
000000000010000721,2000,SP02,62.000,0.000,0.000,E-20-3
000000000010000722,2000,SP02,33.000,0.000,0.000,A-19-2
000000000030000167,2000,SP02,3.000,0.000,0.000,D-14-5
000000000010000723,1000,SP01,0.000,0.000,0.000,E-08-4
000000000010000723,3000,SP03,0.000,0.000,0.000,A-05-5
000000000010000724,1000,SP01,0.000,0.000,0.000,B-18-4
000000000010000725,4000,SP04,1.000,0.000,0.000,E-22-1
000000000010000726,3000,SP03,6.000,0.000,0.000,B-05-5
000000000080000162,3000,SP03,3.000,0.000,0.000,B-02-5
000000000010000727,3000,SP03,4.000,0.000,0.000,D-06-3
000000000010000728,1000,SP01,9.000,0.000,0.000,A-07-4
000000000010000729,2000,SP02,13.000,0.000,0.000,A-22-6
000000000010000730,2000,SP02,0.000,0.000,0.000,D-18-4
000000000010000730,3000,SP03,0.000,0.000,0.000,A-19-3
000000000010000731,1000,SP01,0.000,0.000,0.000,A-05-4
000000000010000732,3000,SP03,0.000,0.000,0.000,D-24-1
000000000010000733,3000,SP03,1.000,0.000,0.000,C-17-6
000000000010000733,2000,SP02,3.000,0.000,0.000,C-21-6
000000000030000168,4000,SP04,0.000,0.000,0.000,C-10-2
000000000080000163,2000,SP02,7.000,0.000,0.000,B-03-6
000000000080000163,1000,SP01,2.000,0.000,0.000,C-19-3
000000000090000039,4000,SP04,14.000,0.000,0.000,C-15-3
000000000080000164,1000,SP01,3.000,0.000,0.000,E-22-1
000000000080000164,4000,SP04,6.000,0.000,0.000,E-09-2
000000000010000734,4000,SP04,0.000,0.000,0.000,E-19-4
000000000010000735,3000,SP03,4.000,0.000,0.000,E-19-4
000000000090000040,2000,SP02,24.000,0.000,0.000,D-20-3
000000000030000169,3000,SP03,0.000,0.000,0.000,B-01-4
000000000030000170,4000,SP04,3.000,0.000,0.000,A-22-2
000000000010000736,2000,SP02,8.000,0.000,0.000,C-13-1
000000000010000737,3000,SP03,130.000,0.000,0.000,E-07-2
000000000010000738,3000,SP03,0.000,0.000,0.000,C-23-5
000000000010000738,2000,SP02,0.000,0.000,0.000,A-20-2
000000000010000739,3000,SP03,6.000,0.000,0.000,A-11-6
000000000010000740,2000,SP02,65.000,0.000,0.000,A-07-4
000000000010000741,4000,SP04,17.000,0.000,0.000,D-01-2
000000000030000171,4000,SP04,2.000,0.000,0.000,A-21-4
000000000010000742,2000,SP02,2.000,0.000,0.000,D-16-1
000000000080000165,2000,SP02,13.000,0.000,0.000,C-12-2
000000000010000743,4000,SP04,10.000,0.000,0.000,A-07-2
000000000010000743,2000,SP02,11.000,0.000,0.000,C-17-5
000000000010000744,3000,SP03,2.000,0.000,0.000,D-16-1
000000000030000172,2000,SP02,3.000,0.000,0.000,D-16-3
000000000010000745,4000,SP04,2.000,0.000,0.000,B-08-3
000000000010000745,3000,SP03,2.000,0.000,0.000,A-04-1
000000000010000746,3000,SP03,1.000,0.000,0.000,B-23-4
000000000030000173,4000,SP04,10.000,0.000,0.000,E-01-4
000000000080000166,2000,SP02,10.000,0.000,0.000,A-09-5
000000000080000166,3000,SP03,10.000,0.000,0.000,E-23-6
000000000080000167,4000,SP04,3.000,0.000,0.000,D-04-4
000000000010000747,1000,SP01,0.000,0.000,0.000,A-04-5
000000000010000747,3000,SP03,0.000,0.000,0.000,B-02-5
000000000030000174,1000,SP01,0.000,0.000,0.000,A-22-5
000000000030000174,2000,SP02,4.000,0.000,0.000,D-03-6
000000000010000748,4000,SP04,19.000,0.000,0.000,A-21-6
000000000010000749,1000,SP01,0.000,0.000,0.000,E-02-4
000000000010000750,1000,SP01,4.000,0.000,0.000,B-11-3
000000000080000168,2000,SP02,1.000,0.000,0.000,C-14-5
000000000080000169,2000,SP02,15.000,0.000,0.000,D-12-1
000000000080000170,3000,SP03,0.000,0.000,0.000,D-14-6
000000000010000751,2000,SP02,3.000,0.000,0.000,D-20-3
000000000010000752,1000,SP01,7.000,0.000,0.000,C-16-2
000000000010000753,3000,SP03,16.000,0.000,0.000,C-22-3
000000000080000171,4000,SP04,13.000,0.000,0.000,B-21-3
000000000080000171,1000,SP01,17.000,0.000,0.000,C-12-6
000000000010000754,1000,SP01,0.000,0.000,0.000,E-14-1
000000000010000755,3000,SP03,7.000,0.000,0.000,C-05-2
000000000010000756,2000,SP02,0.000,0.000,0.000,B-11-4
000000000010000756,4000,SP04,8.000,0.000,0.000,E-09-5
000000000080000172,2000,SP02,29.000,0.000,0.000,C-16-5
000000000010000757,1000,SP01,6.000,0.000,0.000,E-04-3
000000000010000757,4000,SP04,4.000,0.000,0.000,E-05-5
000000000030000175,3000,SP03,0.000,0.000,0.000,E-22-2
000000000030000175,1000,SP01,6.000,0.000,0.000,C-22-2
000000000010000758,4000,SP04,9.000,0.000,0.000,E-20-5
000000000010000759,1000,SP01,3.000,0.000,0.000,D-16-5
000000000080000173,4000,SP04,3.000,0.000,0.000,D-20-5
000000000080000173,2000,SP02,8.000,0.000,0.000,A-20-6
000000000010000760,4000,SP04,7.000,0.000,0.000,E-21-6
000000000010000760,2000,SP02,3.000,0.000,0.000,A-20-6
000000000010000761,4000,SP04,7.000,0.000,0.000,E-16-1
000000000010000761,1000,SP01,7.000,0.000,0.000,E-18-2
000000000010000762,2000,SP02,11.000,0.000,0.000,C-01-4
000000000080000174,1000,SP01,3.000,0.000,0.000,B-08-4
000000000010000763,1000,SP01,5.000,0.000,0.000,A-05-4
000000000010000763,3000,SP03,3.000,0.000,0.000,B-21-5
000000000030000176,3000,SP03,2.000,0.000,0.000,D-07-6
000000000090000041,2000,SP02,9.000,0.000,0.000,E-06-4
000000000010000764,1000,SP01,12.000,0.000,0.000,E-07-6
000000000010000764,4000,SP04,95.000,0.000,0.000,E-21-5
000000000080000175,3000,SP03,1.000,0.000,0.000,C-17-1
000000000080000175,2000,SP02,3.000,0.000,0.000,D-09-6
000000000010000765,2000,SP02,8.000,0.000,0.000,B-12-2
000000000010000766,2000,SP02,9.000,0.000,0.000,B-06-2
000000000010000766,3000,SP03,1.000,0.000,0.000,E-12-2
000000000010000767,1000,SP01,190.000,0.000,0.000,A-18-3
000000000010000768,3000,SP03,90.000,0.000,0.000,B-13-4
000000000030000177,2000,SP02,4.000,0.000,0.000,B-19-3
000000000010000769,1000,SP01,0.000,0.000,0.000,D-21-5
000000000080000176,1000,SP01,2.000,0.000,0.000,C-19-2
000000000010000770,2000,SP02,61.000,0.000,0.000,C-18-2
000000000010000771,1000,SP01,5.000,0.000,0.000,D-03-3
000000000080000177,4000,SP04,12.000,1.000,0.000,C-07-1
000000000080000177,1000,SP01,10.000,0.000,0.000,E-15-4
000000000010000772,3000,SP03,2.000,0.000,0.000,A-22-4
000000000080000178,1000,SP01,5.000,0.000,0.000,D-20-3
000000000010000773,1000,SP01,0.000,0.000,0.000,E-05-6
000000000010000774,2000,SP02,4.000,0.000,0.000,E-07-2
000000000010000774,3000,SP03,14.000,0.000,0.000,E-19-3
000000000010000775,3000,SP03,40.000,0.000,0.000,C-03-3
000000000010000775,1000,SP01,31.000,0.000,0.000,E-21-6
000000000030000178,3000,SP03,6.000,0.000,0.000,E-24-6
000000000030000178,4000,SP04,5.000,0.000,0.000,B-11-1
000000000010000776,4000,SP04,12.000,0.000,0.000,A-14-3
000000000010000776,2000,SP02,141.000,0.000,0.000,A-10-6
000000000010000777,2000,SP02,125.000,0.000,0.000,B-05-1
000000000010000778,4000,SP04,11.000,0.000,0.000,D-20-3
000000000010000779,2000,SP02,0.000,0.000,0.000,B-10-6
000000000080000179,1000,SP01,3.000,0.000,0.000,B-03-5
000000000080000179,4000,SP04,7.000,0.000,0.000,B-13-6
000000000010000780,3000,SP03,1.000,0.000,0.000,E-21-2
000000000010000781,2000,SP02,23.000,0.000,0.000,E-08-5
000000000030000179,1000,SP01,4.000,0.000,0.000,D-15-1
000000000010000782,3000,SP03,64.000,0.000,0.000,B-22-2
000000000010000783,1000,SP01,13.000,0.000,0.000,E-19-3
000000000010000784,4000,SP04,11.000,0.000,0.000,D-11-5
000000000010000785,4000,SP04,3.000,0.000,0.000,E-10-2
000000000030000180,4000,SP04,1.000,0.000,0.000,D-10-1
000000000030000180,1000,SP01,0.000,0.000,0.000,B-03-5
000000000080000180,3000,SP03,8.000,0.000,0.000,C-06-4
000000000080000180,1000,SP01,16.000,0.000,0.000,C-07-6
000000000010000786,1000,SP01,12.000,0.000,0.000,B-02-3
000000000010000787,3000,SP03,0.000,0.000,0.000,D-10-3
000000000010000787,2000,SP02,5.000,0.000,0.000,D-02-2
000000000010000788,4000,SP04,50.000,0.000,0.000,D-03-1
000000000010000789,3000,SP03,1.000,0.000,0.000,E-14-2
000000000010000789,1000,SP01,1.000,0.000,0.000,C-04-6
000000000010000790,2000,SP02,3.000,0.000,0.000,A-02-4
000000000030000181,1000,SP01,0.000,0.000,0.000,B-09-4
000000000010000791,4000,SP04,0.000,0.000,0.000,E-18-2
000000000010000792,2000,SP02,37.000,0.000,0.000,E-09-4
000000000010000793,1000,SP01,0.000,0.000,0.000,D-19-3
000000000080000181,2000,SP02,8.000,0.000,0.000,D-20-3
000000000010000794,3000,SP03,0.000,0.000,0.000,C-13-2
000000000010000795,1000,SP01,4.000,0.000,0.000,B-12-1
000000000010000796,3000,SP03,0.000,0.000,0.000,C-22-2
000000000080000182,3000,SP03,2.000,0.000,0.000,A-12-6
000000000010000797,3000,SP03,151.000,0.000,0.000,D-08-4
000000000010000798,4000,SP04,36.000,0.000,0.000,A-03-4
000000000010000798,2000,SP02,149.000,0.000,0.000,E-18-1
000000000030000182,1000,SP01,4.000,0.000,0.000,B-03-2
000000000030000182,3000,SP03,3.000,0.000,0.000,E-04-6
000000000030000183,4000,SP04,5.000,0.000,0.000,D-06-6
000000000030000183,1000,SP01,1.000,0.000,0.000,B-19-1
000000000030000184,1000,SP01,4.000,0.000,0.000,E-19-5
000000000010000799,1000,SP01,0.000,0.000,0.000,E-11-3
000000000010000800,1000,SP01,0.000,0.000,0.000,A-06-2
000000000080000183,1000,SP01,10.000,0.000,0.000,A-12-2
000000000080000183,3000,SP03,6.000,0.000,0.000,D-23-1
000000000030000185,4000,SP04,3.000,0.000,0.000,A-07-6
000000000030000185,1000,SP01,1.000,0.000,0.000,C-16-6
000000000010000801,3000,SP03,8.000,0.000,0.000,C-09-2
000000000080000184,3000,SP03,15.000,0.000,0.000,A-15-5
000000000010000802,2000,SP02,0.000,0.000,0.000,B-17-3
000000000010000803,1000,SP01,11.000,0.000,0.000,B-09-6
000000000010000804,3000,SP03,5.000,0.000,0.000,C-03-4
000000000010000805,1000,SP01,20.000,0.000,0.000,D-22-5
000000000010000806,2000,SP02,3.000,0.000,0.000,A-16-2
000000000010000807,2000,SP02,4.000,0.000,0.000,D-04-5
000000000010000808,3000,SP03,0.000,0.000,0.000,B-03-1
000000000030000186,2000,SP02,7.000,0.000,0.000,A-03-4
000000000010000809,3000,SP03,13.000,0.000,0.000,D-09-6
000000000030000187,1000,SP01,2.000,0.000,0.000,B-16-2
000000000030000188,4000,SP04,0.000,0.000,0.000,B-04-5
000000000010000810,2000,SP02,0.000,0.000,0.000,A-04-5
000000000030000189,4000,SP04,3.000,0.000,0.000,E-11-6
000000000010000811,4000,SP04,4.000,0.000,0.000,D-10-1
000000000010000811,1000,SP01,1.000,0.000,0.000,D-19-6
000000000010000812,1000,SP01,0.000,0.000,0.000,A-23-6
000000000010000813,3000,SP03,7.000,0.000,0.000,C-10-1
000000000010000813,1000,SP01,5.000,0.000,0.000,E-17-1
000000000010000814,2000,SP02,0.000,0.000,0.000,B-23-6
000000000010000815,3000,SP03,15.000,0.000,0.000,A-14-5
000000000030000190,2000,SP02,1.000,0.000,0.000,C-21-3
000000000030000190,4000,SP04,7.000,0.000,0.000,C-15-4
000000000010000816,3000,SP03,5.000,0.000,0.000,C-17-5
000000000010000817,2000,SP02,13.000,0.000,0.000,D-17-3
000000000080000185,3000,SP03,7.000,0.000,0.000,A-05-5
000000000080000186,4000,SP04,9.000,0.000,0.000,C-16-5
000000000080000186,2000,SP02,5.000,0.000,0.000,B-22-4
000000000010000818,2000,SP02,64.000,0.000,0.000,C-20-4
000000000010000818,4000,SP04,82.000,0.000,0.000,E-04-5
000000000090000042,2000,SP02,37.000,0.000,0.000,B-18-4
000000000010000819,4000,SP04,5.000,0.000,0.000,D-18-6
000000000010000820,3000,SP03,5.000,0.000,0.000,D-03-5
000000000010000821,4000,SP04,0.000,0.000,0.000,C-23-6
000000000010000821,3000,SP03,0.000,0.000,0.000,B-03-6
000000000010000822,1000,SP01,0.000,0.000,0.000,B-07-1
000000000010000822,4000,SP04,0.000,0.000,0.000,B-18-5
000000000080000187,2000,SP02,8.000,0.000,0.000,E-21-2
000000000010000823,4000,SP04,0.000,0.000,0.000,B-24-5
000000000010000824,3000,SP03,2.000,0.000,0.000,A-13-4
000000000030000191,1000,SP01,2.000,0.000,0.000,B-18-3
000000000030000192,2000,SP02,3.000,0.000,0.000,B-09-3
000000000010000825,3000,SP03,0.000,0.000,0.000,C-21-5
000000000010000825,4000,SP04,0.000,0.000,0.000,B-21-4
000000000010000826,2000,SP02,0.000,0.000,0.000,C-22-1
000000000010000826,4000,SP04,0.000,0.000,0.000,B-21-5
000000000010000827,4000,SP04,0.000,0.000,0.000,B-01-5
000000000010000827,1000,SP01,0.000,0.000,0.000,A-01-1
000000000010000828,3000,SP03,16.000,0.000,0.000,C-10-4
000000000010000829,1000,SP01,3.000,0.000,0.000,C-22-5
000000000010000829,4000,SP04,1.000,0.000,0.000,C-21-5
000000000010000830,3000,SP03,3.000,0.000,0.000,D-06-3
000000000010000831,1000,SP01,0.000,0.000,0.000,B-01-6
000000000010000832,2000,SP02,0.000,0.000,0.000,E-09-3
000000000080000188,2000,SP02,14.000,0.000,0.000,A-15-1
000000000010000833,4000,SP04,109.000,0.000,0.000,A-24-1
000000000030000193,1000,SP01,4.000,0.000,0.000,D-24-4
000000000030000193,2000,SP02,7.000,0.000,0.000,C-01-1
000000000010000834,3000,SP03,80.000,0.000,0.000,D-19-4
000000000080000189,3000,SP03,24.000,0.000,0.000,E-08-3
000000000030000194,4000,SP04,2.000,0.000,0.000,E-14-6
000000000010000835,3000,SP03,3.000,0.000,0.000,A-23-6
000000000030000195,3000,SP03,1.000,0.000,0.000,A-18-5
000000000010000836,3000,SP03,0.000,0.000,0.000,E-21-5
000000000030000196,2000,SP02,0.000,0.000,0.000,C-03-2
000000000010000837,3000,SP03,19.000,0.000,0.000,B-13-1
000000000010000838,1000,SP01,20.000,0.000,0.000,A-12-5
000000000090000043,4000,SP04,36.000,0.000,0.000,D-23-3
000000000010000839,2000,SP02,0.000,0.000,0.000,C-17-5
000000000010000840,1000,SP01,1.000,0.000,0.000,E-02-4
000000000010000841,3000,SP03,0.000,0.000,0.000,A-04-4
000000000080000190,4000,SP04,7.000,0.000,0.000,C-07-2
000000000010000842,1000,SP01,0.000,0.000,0.000,A-05-5
000000000010000842,3000,SP03,0.000,0.000,0.000,C-03-1
000000000010000843,4000,SP04,0.000,0.000,0.000,C-09-5
000000000030000197,2000,SP02,1.000,0.000,0.000,E-08-4
000000000030000197,1000,SP01,2.000,0.000,0.000,B-05-1
000000000080000191,1000,SP01,13.000,0.000,0.000,B-04-5
000000000030000198,3000,SP03,4.000,0.000,0.000,D-14-1
000000000030000199,3000,SP03,0.000,0.000,0.000,A-06-2
000000000080000192,1000,SP01,1.000,0.000,0.000,E-01-6
000000000010000844,1000,SP01,126.000,0.000,0.000,E-09-4
000000000030000200,1000,SP01,4.000,0.000,0.000,D-23-5
000000000010000845,3000,SP03,0.000,0.000,0.000,D-22-1
000000000080000193,2000,SP02,9.000,0.000,0.000,A-12-4
000000000010000846,4000,SP04,21.000,0.000,0.000,A-16-6
000000000030000201,4000,SP04,4.000,0.000,0.000,D-16-4
000000000030000201,3000,SP03,1.000,0.000,0.000,B-12-1
000000000010000847,4000,SP04,0.000,0.000,0.000,B-18-6
000000000010000848,3000,SP03,0.000,0.000,0.000,C-14-3
000000000010000849,2000,SP02,13.000,0.000,0.000,C-04-6
000000000030000202,3000,SP03,3.000,0.000,0.000,B-24-3
000000000010000850,3000,SP03,14.000,0.000,0.000,C-02-3
000000000010000851,1000,SP01,53.000,0.000,0.000,E-11-5
000000000010000852,2000,SP02,191.000,0.000,0.000,A-11-2
000000000010000852,3000,SP03,126.000,0.000,0.000,A-06-1
000000000030000203,2000,SP02,3.000,0.000,0.000,D-16-3
000000000030000204,1000,SP01,2.000,0.000,0.000,C-12-1
000000000030000204,3000,SP03,0.000,0.000,0.000,C-01-1
000000000010000853,4000,SP04,16.000,0.000,0.000,B-12-4
000000000010000853,3000,SP03,4.000,0.000,0.000,A-16-4
000000000010000854,3000,SP03,27.000,0.000,0.000,A-03-6
000000000010000855,1000,SP01,96.000,0.000,0.000,A-11-2
000000000010000855,3000,SP03,0.000,0.000,0.000,E-23-3
000000000010000856,3000,SP03,5.000,0.000,0.000,D-07-5
000000000010000857,3000,SP03,142.000,0.000,0.000,A-21-6
000000000010000857,1000,SP01,61.000,0.000,0.000,E-23-5
000000000080000194,4000,SP04,27.000,0.000,0.000,D-13-2
000000000010000858,4000,SP04,0.000,0.000,0.000,B-14-4
000000000010000858,1000,SP01,0.000,0.000,0.000,C-19-6
000000000010000859,2000,SP02,57.000,0.000,0.000,C-18-4
000000000010000860,1000,SP01,0.000,0.000,0.000,C-21-1
000000000010000861,4000,SP04,18.000,0.000,0.000,E-12-1
000000000030000205,3000,SP03,5.000,0.000,0.000,D-16-6
000000000090000044,3000,SP03,28.000,0.000,0.000,D-24-2
000000000010000862,1000,SP01,1.000,0.000,0.000,E-12-6
000000000010000863,3000,SP03,9.000,0.000,0.000,E-02-6
000000000010000864,1000,SP01,35.000,0.000,0.000,D-12-2
000000000010000864,2000,SP02,51.000,0.000,0.000,C-06-3
000000000030000206,1000,SP01,0.000,0.000,0.000,B-09-3
000000000010000865,4000,SP04,154.000,0.000,0.000,B-18-1
000000000010000866,4000,SP04,190.000,0.000,0.000,C-17-4
000000000010000867,4000,SP04,30.000,0.000,0.000,A-14-2
000000000080000195,1000,SP01,8.000,0.000,0.000,A-10-5
000000000030000207,1000,SP01,5.000,0.000,0.000,E-17-6
000000000030000207,3000,SP03,6.000,0.000,0.000,E-01-6
000000000080000196,3000,SP03,7.000,0.000,0.000,D-08-5
000000000080000196,4000,SP04,5.000,0.000,0.000,E-22-2
000000000030000208,1000,SP01,0.000,0.000,0.000,E-24-1
000000000030000209,3000,SP03,1.000,0.000,0.000,D-10-2
000000000080000197,4000,SP04,5.000,0.000,0.000,E-12-6
000000000080000197,3000,SP03,7.000,0.000,0.000,A-15-3
000000000080000198,2000,SP02,0.000,0.000,0.000,D-14-4
000000000030000210,1000,SP01,2.000,0.000,0.000,C-14-5
000000000010000868,3000,SP03,5.000,0.000,0.000,C-11-2
000000000010000869,4000,SP04,5.000,0.000,0.000,A-11-5
000000000010000870,1000,SP01,6.000,0.000,0.000,B-08-1
000000000010000871,4000,SP04,14.000,0.000,0.000,A-20-5
000000000030000211,4000,SP04,0.000,0.000,0.000,C-19-6
000000000010000872,3000,SP03,1.000,0.000,0.000,B-18-3
000000000030000212,2000,SP02,3.000,0.000,0.000,E-15-5
000000000010000873,1000,SP01,0.000,0.000,0.000,A-10-1
000000000080000199,4000,SP04,7.000,0.000,0.000,E-02-3
000000000080000199,1000,SP01,0.000,0.000,0.000,E-02-3
000000000010000874,2000,SP02,0.000,0.000,0.000,B-04-1
000000000010000874,1000,SP01,0.000,0.000,0.000,C-11-3
000000000080000200,3000,SP03,7.000,0.000,0.000,A-12-1
000000000010000875,3000,SP03,6.000,0.000,0.000,A-08-1
000000000010000876,4000,SP04,15.000,0.000,0.000,E-15-5
000000000010000876,2000,SP02,5.000,0.000,0.000,A-17-3
000000000010000877,2000,SP02,10.000,0.000,0.000,C-14-3
000000000010000877,3000,SP03,0.000,0.000,0.000,E-12-3
000000000010000878,2000,SP02,0.000,0.000,0.000,D-12-4
000000000010000879,1000,SP01,9.000,0.000,0.000,D-15-5
000000000010000880,4000,SP04,65.000,0.000,0.000,C-16-3
000000000030000213,2000,SP02,2.000,0.000,0.000,E-07-1
000000000010000881,3000,SP03,3.000,0.000,0.000,A-20-4
000000000010000882,2000,SP02,0.000,0.000,0.000,C-17-4
000000000010000883,2000,SP02,6.000,0.000,0.000,C-09-1
000000000010000884,3000,SP03,0.000,0.000,0.000,C-15-3
000000000010000884,1000,SP01,0.000,0.000,0.000,A-15-2
000000000010000885,3000,SP03,0.000,0.000,0.000,B-09-3
000000000030000214,2000,SP02,2.000,0.000,0.000,D-05-3
000000000010000886,3000,SP03,0.000,0.000,0.000,B-04-5
000000000010000887,4000,SP04,7.000,0.000,0.000,E-07-3
000000000010000887,3000,SP03,8.000,0.000,0.000,B-03-3
000000000030000215,3000,SP03,1.000,0.000,0.000,A-15-6
000000000030000215,4000,SP04,2.000,0.000,0.000,A-23-2
000000000010000888,2000,SP02,0.000,0.000,0.000,C-08-2
000000000010000889,3000,SP03,9.000,0.000,0.000,B-17-5
000000000030000216,2000,SP02,0.000,0.000,0.000,E-23-2
000000000010000890,4000,SP04,0.000,0.000,0.000,D-11-5
000000000010000891,4000,SP04,0.000,0.000,0.000,C-10-3
000000000030000217,4000,SP04,0.000,0.000,0.000,C-12-2
000000000030000217,3000,SP03,4.000,0.000,0.000,D-14-6
000000000090000045,4000,SP04,30.000,0.000,0.000,E-10-5
000000000010000892,4000,SP04,11.000,0.000,0.000,E-04-4
000000000010000893,4000,SP04,8.000,0.000,0.000,B-12-1
000000000010000894,2000,SP02,48.000,0.000,0.000,B-04-3
000000000010000895,3000,SP03,37.000,0.000,0.000,E-24-2
000000000030000218,4000,SP04,0.000,0.000,0.000,D-05-3
000000000030000219,4000,SP04,0.000,0.000,0.000,E-17-1
000000000010000896,4000,SP04,99.000,0.000,0.000,B-11-1
000000000030000220,2000,SP02,2.000,0.000,0.000,C-07-2
000000000010000897,4000,SP04,6.000,0.000,0.000,D-02-2
000000000010000898,3000,SP03,160.000,0.000,0.000,E-05-5
000000000010000899,3000,SP03,64.000,0.000,0.000,D-02-1
000000000010000900,2000,SP02,2.000,0.000,0.000,E-18-1
000000000010000901,2000,SP02,200.000,0.000,0.000,D-01-4
000000000080000201,1000,SP01,9.000,0.000,0.000,D-14-2
000000000080000202,2000,SP02,1.000,0.000,0.000,B-12-2
000000000080000202,3000,SP03,7.000,0.000,0.000,E-09-1
000000000080000203,4000,SP04,2.000,0.000,0.000,C-24-1
000000000010000902,1000,SP01,8.000,0.000,0.000,B-01-5
000000000010000902,4000,SP04,6.000,0.000,0.000,B-17-3
000000000010000903,2000,SP02,10.000,0.000,0.000,E-05-5
000000000010000904,4000,SP04,8.000,0.000,0.000,E-09-3
000000000010000905,1000,SP01,7.000,0.000,0.000,A-21-5
000000000010000905,4000,SP04,10.000,0.000,0.000,C-08-5
000000000080000204,1000,SP01,9.000,0.000,0.000,A-20-1
000000000080000204,4000,SP04,10.000,1.000,0.000,D-03-4
000000000010000906,4000,SP04,86.000,0.000,0.000,B-09-6
000000000010000906,3000,SP03,34.000,0.000,0.000,B-09-3
000000000090000046,3000,SP03,25.000,0.000,0.000,D-09-4
000000000030000221,3000,SP03,1.000,0.000,0.000,B-21-1
000000000010000907,2000,SP02,14.000,0.000,0.000,D-24-4
000000000010000908,3000,SP03,0.000,0.000,0.000,B-22-1
000000000010000909,3000,SP03,0.000,0.000,0.000,D-11-1
000000000010000910,4000,SP04,0.000,0.000,0.000,D-09-4
000000000010000910,1000,SP01,0.000,0.000,0.000,A-06-3
000000000030000222,3000,SP03,3.000,0.000,0.000,C-22-5
000000000080000205,2000,SP02,28.000,0.000,0.000,A-09-5
000000000010000911,2000,SP02,0.000,0.000,0.000,A-03-1
000000000010000912,2000,SP02,1.000,0.000,0.000,C-19-3
000000000010000913,3000,SP03,2.000,0.000,0.000,A-01-5
000000000010000913,1000,SP01,9.000,0.000,0.000,C-23-2
000000000030000223,4000,SP04,2.000,0.000,0.000,A-18-2
000000000010000914,4000,SP04,0.000,0.000,0.000,B-22-5
000000000010000914,1000,SP01,0.000,0.000,0.000,D-01-1
000000000090000047,2000,SP02,12.000,0.000,0.000,B-18-4
000000000030000224,3000,SP03,0.000,0.000,0.000,A-19-1
000000000080000206,1000,SP01,1.000,1.000,0.000,A-19-5
000000000010000915,4000,SP04,72.000,0.000,0.000,D-19-5
000000000010000916,2000,SP02,6.000,0.000,0.000,E-17-2
000000000080000207,1000,SP01,8.000,1.000,0.000,C-14-6
000000000080000208,3000,SP03,3.000,1.000,0.000,D-24-3
000000000010000917,1000,SP01,53.000,0.000,0.000,D-07-4
000000000030000225,4000,SP04,2.000,0.000,0.000,D-20-3
000000000030000225,1000,SP01,0.000,0.000,0.000,C-13-1
000000000010000918,1000,SP01,8.000,0.000,0.000,D-17-3
000000000010000918,2000,SP02,7.000,0.000,0.000,E-01-6
000000000030000226,2000,SP02,3.000,0.000,0.000,C-19-6
000000000080000209,2000,SP02,6.000,0.000,0.000,D-15-4
000000000010000919,1000,SP01,0.000,0.000,0.000,B-10-2
000000000010000920,3000,SP03,14.000,0.000,0.000,B-24-4
000000000010000920,4000,SP04,6.000,0.000,0.000,D-02-5
000000000080000210,3000,SP03,1.000,0.000,0.000,E-24-4
000000000010000921,1000,SP01,13.000,0.000,0.000,A-23-5
000000000080000211,4000,SP04,3.000,0.000,0.000,C-15-5
000000000010000922,2000,SP02,8.000,0.000,0.000,E-05-4
000000000030000227,4000,SP04,1.000,0.000,0.000,D-20-6
000000000030000227,2000,SP02,3.000,0.000,0.000,D-03-6
000000000080000212,3000,SP03,6.000,0.000,0.000,C-04-4
000000000080000212,2000,SP02,6.000,1.000,0.000,E-16-3
000000000010000923,3000,SP03,13.000,0.000,0.000,D-15-4
000000000010000923,2000,SP02,12.000,0.000,0.000,B-14-6
000000000010000924,1000,SP01,1.000,0.000,0.000,C-21-3
000000000080000213,3000,SP03,11.000,1.000,0.000,D-06-6
000000000030000228,1000,SP01,0.000,0.000,0.000,D-23-1
000000000010000925,1000,SP01,4.000,0.000,0.000,E-20-3
000000000010000925,4000,SP04,2.000,0.000,0.000,E-13-5
000000000010000926,1000,SP01,0.000,0.000,0.000,E-22-4
000000000010000926,3000,SP03,0.000,0.000,0.000,E-12-3
000000000030000229,1000,SP01,1.000,0.000,0.000,B-02-5
000000000010000927,3000,SP03,0.000,0.000,0.000,E-01-1
000000000010000927,2000,SP02,0.000,0.000,0.000,B-09-4
000000000010000928,2000,SP02,6.000,0.000,0.000,C-18-6
000000000010000928,4000,SP04,5.000,0.000,0.000,A-16-6
000000000030000230,3000,SP03,0.000,0.000,0.000,C-09-5
000000000010000929,3000,SP03,0.000,0.000,0.000,E-18-1
000000000010000929,2000,SP02,12.000,0.000,0.000,D-23-1
000000000090000048,2000,SP02,23.000,0.000,0.000,C-19-2
000000000030000231,2000,SP02,1.000,0.000,0.000,D-08-5
000000000030000232,3000,SP03,3.000,0.000,0.000,A-15-4
000000000030000233,1000,SP01,2.000,0.000,0.000,B-20-6
000000000030000233,4000,SP04,3.000,0.000,0.000,C-09-1
000000000010000930,4000,SP04,0.000,0.000,0.000,C-03-2
000000000080000214,4000,SP04,0.000,0.000,0.000,C-15-4
000000000010000931,4000,SP04,0.000,0.000,0.000,C-21-5
000000000010000932,1000,SP01,14.000,0.000,0.000,C-14-4
000000000010000933,2000,SP02,2.000,0.000,0.000,A-16-4
000000000080000215,3000,SP03,4.000,0.000,0.000,E-24-2
000000000080000216,4000,SP04,11.000,0.000,0.000,C-03-1
000000000010000934,4000,SP04,7.000,0.000,0.000,E-20-3
000000000010000934,3000,SP03,78.000,0.000,0.000,C-05-4
000000000010000935,1000,SP01,6.000,0.000,0.000,C-03-6
000000000080000217,1000,SP01,14.000,0.000,0.000,E-06-3
000000000080000217,4000,SP04,11.000,0.000,0.000,C-10-2
000000000080000218,4000,SP04,2.000,0.000,0.000,E-22-2
000000000080000219,3000,SP03,10.000,0.000,0.000,D-05-1
000000000010000936,2000,SP02,4.000,0.000,0.000,B-01-5
000000000030000234,1000,SP01,0.000,0.000,0.000,A-02-3
000000000010000937,4000,SP04,0.000,0.000,0.000,E-04-1
000000000010000937,2000,SP02,0.000,0.000,0.000,B-07-4
000000000030000235,4000,SP04,0.000,0.000,0.000,A-17-1
000000000080000220,3000,SP03,9.000,0.000,0.000,C-03-1
000000000010000938,1000,SP01,3.000,0.000,0.000,E-11-2
000000000010000939,3000,SP03,4.000,0.000,0.000,B-23-2
000000000030000236,1000,SP01,0.000,0.000,0.000,B-01-2
000000000030000236,3000,SP03,1.000,0.000,0.000,B-10-3
000000000010000940,4000,SP04,0.000,0.000,0.000,B-12-5
000000000010000941,2000,SP02,16.000,0.000,0.000,A-13-1
000000000010000942,3000,SP03,0.000,0.000,0.000,D-05-1
000000000080000221,1000,SP01,16.000,1.000,0.000,E-09-3
000000000010000943,1000,SP01,6.000,0.000,0.000,A-14-5
000000000010000943,4000,SP04,19.000,0.000,0.000,E-16-5
000000000090000049,1000,SP01,22.000,0.000,0.000,E-09-4
000000000010000944,1000,SP01,0.000,0.000,0.000,D-13-5
000000000010000945,4000,SP04,1.000,0.000,0.000,C-02-6
000000000010000946,1000,SP01,7.000,0.000,0.000,A-12-6
000000000010000946,2000,SP02,8.000,0.000,0.000,E-16-1
000000000080000222,2000,SP02,19.000,1.000,0.000,A-19-1
000000000080000223,2000,SP02,2.000,0.000,0.000,C-15-5
000000000030000237,2000,SP02,0.000,0.000,0.000,B-19-1
000000000030000237,1000,SP01,4.000,0.000,0.000,E-02-1
000000000010000947,2000,SP02,6.000,0.000,0.000,B-02-6
000000000010000948,3000,SP03,0.000,0.000,0.000,C-24-4
000000000080000224,1000,SP01,7.000,0.000,0.000,A-10-6
000000000010000949,3000,SP03,314.000,0.000,0.000,A-08-1
000000000010000949,4000,SP04,60.000,0.000,0.000,E-18-1
000000000030000238,4000,SP04,1.000,0.000,0.000,C-15-2
000000000030000239,3000,SP03,4.000,0.000,0.000,C-15-1
000000000030000240,4000,SP04,8.000,0.000,0.000,D-20-6
000000000080000225,1000,SP01,7.000,0.000,0.000,C-04-2
000000000030000241,2000,SP02,0.000,0.000,0.000,D-02-6
000000000080000226,3000,SP03,2.000,0.000,0.000,D-19-2
000000000080000226,4000,SP04,9.000,1.000,0.000,C-22-1
000000000030000242,3000,SP03,0.000,0.000,0.000,E-20-3
000000000030000242,1000,SP01,0.000,0.000,0.000,E-09-1
000000000030000243,3000,SP03,3.000,0.000,0.000,A-04-3
000000000030000243,4000,SP04,3.000,0.000,0.000,A-13-2
000000000080000227,1000,SP01,0.000,0.000,0.000,E-19-2
000000000080000228,1000,SP01,5.000,0.000,0.000,C-24-2
000000000010000950,2000,SP02,1.000,0.000,0.000,D-16-2
000000000030000244,3000,SP03,3.000,0.000,0.000,A-16-1
000000000010000951,2000,SP02,7.000,0.000,0.000,A-17-5
000000000010000951,3000,SP03,16.000,0.000,0.000,A-07-2
000000000030000245,3000,SP03,5.000,0.000,0.000,E-08-4
000000000090000050,4000,SP04,15.000,0.000,0.000,E-19-3
000000000010000952,4000,SP04,8.000,0.000,0.000,E-14-1
000000000010000953,1000,SP01,5.000,0.000,0.000,E-15-1
000000000010000954,4000,SP04,95.000,0.000,0.000,B-11-6
000000000030000246,1000,SP01,2.000,0.000,0.000,E-15-1
000000000010000955,3000,SP03,0.000,0.000,0.000,E-07-2
000000000010000956,4000,SP04,165.000,0.000,0.000,C-16-1
000000000010000956,3000,SP03,84.000,0.000,0.000,E-12-3
000000000080000229,4000,SP04,13.000,0.000,0.000,C-08-2
000000000080000230,3000,SP03,4.000,1.000,0.000,A-03-3
000000000010000957,4000,SP04,101.000,0.000,0.000,D-18-3
000000000010000958,3000,SP03,0.000,0.000,0.000,A-08-4
000000000010000958,4000,SP04,16.000,0.000,0.000,D-17-6
000000000010000959,4000,SP04,0.000,0.000,0.000,D-12-5
000000000010000960,3000,SP03,9.000,0.000,0.000,A-13-2
000000000010000960,4000,SP04,5.000,0.000,0.000,B-05-6
000000000080000231,4000,SP04,15.000,0.000,0.000,B-01-1
000000000030000247,3000,SP03,7.000,0.000,0.000,C-12-4
000000000080000232,1000,SP01,6.000,0.000,0.000,D-06-4
000000000010000961,4000,SP04,0.000,0.000,0.000,E-13-6
000000000030000248,1000,SP01,4.000,0.000,0.000,E-04-2
000000000010000962,2000,SP02,3.000,0.000,0.000,B-08-1
000000000010000962,3000,SP03,6.000,0.000,0.000,A-24-6
000000000010000963,2000,SP02,3.000,0.000,0.000,A-12-4
000000000010000964,4000,SP04,15.000,0.000,0.000,D-11-5
000000000080000233,3000,SP03,4.000,0.000,0.000,E-23-1
000000000010000965,2000,SP02,2.000,0.000,0.000,D-24-4
000000000010000965,4000,SP04,1.000,0.000,0.000,C-19-4
000000000010000966,2000,SP02,5.000,0.000,0.000,E-24-1
000000000010000966,3000,SP03,6.000,0.000,0.000,D-13-3
000000000090000051,1000,SP01,34.000,0.000,0.000,C-21-6
000000000010000967,3000,SP03,0.000,0.000,0.000,A-13-6
000000000030000249,2000,SP02,3.000,0.000,0.000,A-21-2
000000000010000968,3000,SP03,11.000,0.000,0.000,C-14-3
000000000010000968,1000,SP01,9.000,0.000,0.000,D-04-6
000000000010000969,2000,SP02,0.000,0.000,0.000,A-22-1
000000000010000970,3000,SP03,63.000,0.000,0.000,A-08-1
000000000010000971,4000,SP04,31.000,0.000,0.000,E-13-3
000000000010000971,1000,SP01,15.000,0.000,0.000,E-13-6
000000000010000972,1000,SP01,5.000,0.000,0.000,B-04-2
000000000010000973,2000,SP02,49.000,0.000,0.000,C-21-1
000000000010000974,3000,SP03,0.000,0.000,0.000,D-12-5
000000000010000974,2000,SP02,0.000,0.000,0.000,C-02-6
000000000010000975,1000,SP01,13.000,0.000,0.000,B-09-4
000000000010000975,2000,SP02,57.000,0.000,0.000,B-21-5
000000000010000976,1000,SP01,155.000,0.000,0.000,A-10-2
000000000080000234,2000,SP02,14.000,0.000,0.000,A-08-4
000000000010000977,2000,SP02,18.000,0.000,0.000,C-01-4
000000000010000977,3000,SP03,104.000,0.000,0.000,C-18-5
000000000080000235,2000,SP02,11.000,0.000,0.000,C-15-4
000000000080000236,2000,SP02,16.000,0.000,0.000,D-05-5
000000000010000978,1000,SP01,46.000,0.000,0.000,E-15-1
000000000010000979,2000,SP02,6.000,0.000,0.000,A-14-6
000000000010000979,1000,SP01,4.000,0.000,0.000,C-19-3
000000000010000980,2000,SP02,65.000,0.000,0.000,E-09-1
000000000010000981,1000,SP01,5.000,0.000,0.000,A-07-1
000000000010000981,2000,SP02,9.000,0.000,0.000,E-12-6
000000000010000982,2000,SP02,12.000,0.000,0.000,D-16-1
000000000010000982,4000,SP04,7.000,0.000,0.000,E-23-5
000000000010000983,2000,SP02,3.000,0.000,0.000,D-09-2
000000000030000250,4000,SP04,3.000,0.000,0.000,B-02-1
000000000080000237,4000,SP04,2.000,0.000,0.000,C-06-1
000000000010000984,3000,SP03,15.000,0.000,0.000,A-22-6
000000000010000985,3000,SP03,16.000,0.000,0.000,B-23-6
000000000080000238,4000,SP04,7.000,0.000,0.000,D-07-5
000000000010000986,4000,SP04,2.000,0.000,0.000,A-20-5
000000000010000986,3000,SP03,1.000,0.000,0.000,E-15-3
000000000010000987,1000,SP01,17.000,0.000,0.000,E-21-1
000000000010000988,1000,SP01,0.000,0.000,0.000,A-01-3
000000000030000251,1000,SP01,3.000,0.000,0.000,E-17-1
000000000010000989,2000,SP02,7.000,0.000,0.000,C-24-2
000000000010000989,1000,SP01,4.000,0.000,0.000,C-19-4
000000000010000990,1000,SP01,2.000,0.000,0.000,C-14-5
000000000090000052,2000,SP02,17.000,0.000,0.000,B-11-1
000000000090000052,3000,SP03,37.000,0.000,0.000,B-13-4
000000000080000239,3000,SP03,5.000,0.000,0.000,C-04-4
000000000080000240,3000,SP03,3.000,0.000,0.000,B-24-4
000000000010000991,2000,SP02,58.000,0.000,0.000,A-23-2
000000000010000992,2000,SP02,35.000,0.000,0.000,C-24-5
000000000010000993,3000,SP03,0.000,0.000,0.000,C-19-4
000000000010000994,1000,SP01,3.000,0.000,0.000,A-14-5
000000000010000995,1000,SP01,6.000,0.000,0.000,C-23-1
000000000010000996,3000,SP03,0.000,0.000,0.000,A-03-6
000000000010000997,4000,SP04,48.000,0.000,0.000,E-07-6
000000000010000998,4000,SP04,0.000,0.000,0.000,E-01-6
000000000010000999,2000,SP02,0.000,0.000,0.000,A-17-6
000000000010001000,2000,SP02,5.000,0.000,0.000,C-09-1
000000000010001001,4000,SP04,107.000,0.000,0.000,C-16-1
000000000030000252,4000,SP04,0.000,0.000,0.000,D-14-1
000000000030000253,3000,SP03,4.000,0.000,0.000,D-23-6
000000000030000253,2000,SP02,2.000,0.000,0.000,C-15-5
000000000010001002,4000,SP04,3.000,0.000,0.000,B-07-4
000000000030000254,3000,SP03,0.000,0.000,0.000,A-08-2
000000000010001003,3000,SP03,62.000,0.000,0.000,B-17-1
000000000010001004,2000,SP02,95.000,0.000,0.000,E-09-3
000000000010001005,4000,SP04,15.000,0.000,0.000,D-10-5
000000000010001005,1000,SP01,4.000,0.000,0.000,E-08-6
000000000080000241,1000,SP01,4.000,0.000,0.000,A-22-2
000000000080000241,4000,SP04,1.000,0.000,0.000,A-04-5
000000000010001006,4000,SP04,0.000,0.000,0.000,C-10-2
000000000010001006,1000,SP01,3.000,0.000,0.000,A-02-3
000000000010001007,3000,SP03,3.000,0.000,0.000,A-01-1
000000000010001007,4000,SP04,4.000,0.000,0.000,C-09-4
000000000080000242,3000,SP03,2.000,0.000,0.000,A-19-5
000000000080000242,2000,SP02,2.000,1.000,0.000,A-15-2
000000000030000255,4000,SP04,0.000,0.000,0.000,E-01-3
000000000010001008,3000,SP03,2.000,0.000,0.000,A-10-3
000000000030000256,3000,SP03,0.000,0.000,0.000,B-23-6
000000000080000243,1000,SP01,0.000,0.000,0.000,D-10-1
000000000010001009,2000,SP02,5.000,0.000,0.000,B-05-2
000000000080000244,3000,SP03,2.000,0.000,0.000,A-12-2
000000000080000245,3000,SP03,18.000,0.000,0.000,A-05-4
000000000010001010,2000,SP02,52.000,0.000,0.000,E-22-5
000000000010001011,3000,SP03,5.000,0.000,0.000,B-15-1
000000000010001012,2000,SP02,2.000,0.000,0.000,B-01-1
000000000010001013,1000,SP01,11.000,0.000,0.000,D-14-6
000000000010001013,2000,SP02,4.000,0.000,0.000,B-23-5
000000000080000246,3000,SP03,2.000,0.000,0.000,A-06-2
000000000010001014,2000,SP02,12.000,0.000,0.000,D-08-2
000000000080000247,2000,SP02,9.000,0.000,0.000,A-11-5
000000000080000247,3000,SP03,5.000,1.000,0.000,A-09-2
000000000080000248,2000,SP02,4.000,0.000,0.000,D-13-1
000000000080000249,4000,SP04,3.000,0.000,0.000,A-10-3
000000000010001015,3000,SP03,1.000,0.000,0.000,D-14-3
000000000010001016,2000,SP02,6.000,0.000,0.000,A-11-4
000000000030000257,2000,SP02,4.000,0.000,0.000,D-04-2
000000000080000250,3000,SP03,13.000,0.000,0.000,B-02-6
000000000030000258,3000,SP03,0.000,0.000,0.000,C-16-1
000000000010001017,3000,SP03,5.000,0.000,0.000,A-14-6
000000000010001017,2000,SP02,6.000,0.000,0.000,D-09-6
000000000080000251,2000,SP02,3.000,0.000,0.000,A-11-2
000000000010001018,1000,SP01,0.000,0.000,0.000,A-14-2
000000000030000259,2000,SP02,2.000,0.000,0.000,D-08-1
000000000080000252,2000,SP02,1.000,0.000,0.000,C-12-4
000000000010001019,2000,SP02,0.000,0.000,0.000,D-08-4
000000000010001020,3000,SP03,0.000,0.000,0.000,C-13-4
000000000010001020,1000,SP01,0.000,0.000,0.000,E-04-4
000000000010001021,3000,SP03,124.000,0.000,0.000,E-11-1
000000000010001022,4000,SP04,1.000,0.000,0.000,E-12-6
000000000010001023,3000,SP03,5.000,0.000,0.000,C-04-6
000000000080000253,3000,SP03,0.000,0.000,0.000,B-16-5
000000000010001024,4000,SP04,0.000,0.000,0.000,E-13-4
000000000030000260,4000,SP04,4.000,0.000,0.000,A-19-2
000000000030000260,3000,SP03,0.000,0.000,0.000,D-06-5
000000000010001025,1000,SP01,3.000,0.000,0.000,E-04-5
000000000010001026,4000,SP04,8.000,0.000,0.000,C-03-2
000000000010001027,3000,SP03,52.000,0.000,0.000,C-11-5
000000000010001028,1000,SP01,0.000,0.000,0.000,C-24-2
000000000030000261,4000,SP04,0.000,0.000,0.000,A-10-6
000000000010001029,3000,SP03,4.000,0.000,0.000,C-12-6
000000000010001030,4000,SP04,0.000,0.000,0.000,C-03-6
000000000010001030,2000,SP02,0.000,0.000,0.000,C-06-2
000000000030000262,1000,SP01,0.000,0.000,0.000,D-04-4
000000000030000262,3000,SP03,2.000,0.000,0.000,E-10-4
000000000080000254,1000,SP01,5.000,0.000,0.000,A-09-1
000000000010001031,4000,SP04,3.000,0.000,0.000,E-10-5
000000000080000255,2000,SP02,1.000,0.000,0.000,A-13-5
000000000080000256,3000,SP03,0.000,0.000,0.000,A-11-1
000000000080000256,4000,SP04,5.000,0.000,0.000,E-07-5
000000000010001032,4000,SP04,21.000,0.000,0.000,E-04-4
000000000010001033,4000,SP04,0.000,0.000,0.000,B-18-3
000000000080000257,2000,SP02,6.000,0.000,0.000,E-12-4
000000000010001034,3000,SP03,0.000,0.000,0.000,A-22-6
000000000010001035,4000,SP04,51.000,0.000,0.000,B-14-2
000000000010001036,4000,SP04,0.000,0.000,0.000,D-22-1
000000000030000263,4000,SP04,2.000,0.000,0.000,A-18-3
000000000010001037,2000,SP02,2.000,0.000,0.000,E-09-4
000000000010001038,2000,SP02,34.000,0.000,0.000,D-13-2
000000000010001039,1000,SP01,26.000,0.000,0.000,B-15-5
000000000010001040,1000,SP01,1.000,0.000,0.000,A-03-3
000000000010001041,4000,SP04,0.000,0.000,0.000,C-09-2
000000000010001042,2000,SP02,0.000,0.000,0.000,B-09-2
000000000080000258,1000,SP01,11.000,0.000,0.000,E-21-4
000000000010001043,3000,SP03,3.000,0.000,0.000,A-12-1
000000000010001044,1000,SP01,39.000,0.000,0.000,B-13-5
000000000010001044,3000,SP03,83.000,0.000,0.000,A-23-4
000000000010001045,3000,SP03,3.000,0.000,0.000,B-16-6
000000000010001046,3000,SP03,3.000,0.000,0.000,A-16-4
000000000010001047,1000,SP01,8.000,0.000,0.000,A-03-1
000000000010001048,2000,SP02,0.000,0.000,0.000,C-18-2
000000000010001049,4000,SP04,64.000,0.000,0.000,A-21-5
000000000010001050,4000,SP04,0.000,0.000,0.000,A-03-3
000000000010001051,3000,SP03,8.000,0.000,0.000,C-19-3
000000000010001051,4000,SP04,4.000,0.000,0.000,C-06-3
000000000030000264,1000,SP01,7.000,0.000,0.000,C-18-5
000000000030000265,3000,SP03,0.000,0.000,0.000,A-21-6
000000000030000265,2000,SP02,3.000,0.000,0.000,B-22-5
000000000080000259,1000,SP01,11.000,0.000,0.000,D-04-3
000000000010001052,1000,SP01,66.000,0.000,0.000,D-06-4
000000000080000260,2000,SP02,11.000,0.000,0.000,A-12-2
000000000080000260,4000,SP04,6.000,0.000,0.000,A-02-2
000000000010001053,4000,SP04,9.000,0.000,0.000,D-13-6
000000000080000261,3000,SP03,3.000,0.000,0.000,B-01-4
000000000030000266,3000,SP03,0.000,0.000,0.000,D-07-3
000000000010001054,4000,SP04,52.000,0.000,0.000,A-18-5
000000000010001055,4000,SP04,5.000,0.000,0.000,E-18-4
000000000010001056,4000,SP04,0.000,0.000,0.000,E-11-5
000000000010001056,2000,SP02,0.000,0.000,0.000,B-01-4
000000000010001057,4000,SP04,0.000,0.000,0.000,A-21-2
000000000010001057,3000,SP03,87.000,0.000,0.000,C-04-3
000000000030000267,1000,SP01,0.000,0.000,0.000,B-19-3
000000000010001058,1000,SP01,8.000,0.000,0.000,D-01-5
000000000010001058,3000,SP03,10.000,0.000,0.000,A-04-1
000000000010001059,2000,SP02,0.000,0.000,0.000,A-12-6
000000000010001059,3000,SP03,0.000,0.000,0.000,B-06-1
000000000080000262,4000,SP04,3.000,0.000,0.000,A-12-2
000000000080000262,2000,SP02,2.000,0.000,0.000,D-07-5
000000000010001060,3000,SP03,0.000,0.000,0.000,C-13-5
000000000010001060,2000,SP02,0.000,0.000,0.000,B-06-3
000000000010001061,4000,SP04,0.000,0.000,0.000,C-22-1
000000000090000053,3000,SP03,24.000,0.000,0.000,A-21-2
000000000090000053,1000,SP01,9.000,0.000,0.000,B-11-5
000000000010001062,1000,SP01,11.000,0.000,0.000,D-02-5
000000000010001063,2000,SP02,0.000,0.000,0.000,E-18-5
000000000010001063,3000,SP03,10.000,0.000,0.000,B-02-4
000000000030000268,1000,SP01,3.000,0.000,0.000,B-20-6
000000000010001064,1000,SP01,67.000,0.000,0.000,C-03-4
000000000010001065,3000,SP03,0.000,0.000,0.000,B-10-1
000000000010001065,1000,SP01,0.000,0.000,0.000,E-24-2
000000000010001066,4000,SP04,3.000,0.000,0.000,B-12-6
000000000010001067,1000,SP01,6.000,0.000,0.000,D-16-3
000000000010001067,4000,SP04,3.000,0.000,0.000,E-20-6
000000000010001068,1000,SP01,0.000,0.000,0.000,B-20-6
000000000010001069,1000,SP01,7.000,0.000,0.000,B-23-6
000000000010001069,2000,SP02,7.000,0.000,0.000,A-19-5
000000000090000054,4000,SP04,38.000,0.000,0.000,A-16-5
000000000010001070,3000,SP03,10.000,0.000,0.000,E-22-1
000000000030000269,2000,SP02,2.000,0.000,0.000,E-15-5
000000000010001071,3000,SP03,0.000,0.000,0.000,A-16-2
000000000010001072,4000,SP04,18.000,0.000,0.000,D-23-6
000000000010001073,4000,SP04,6.000,0.000,0.000,A-18-2
000000000010001073,3000,SP03,16.000,0.000,0.000,E-24-2
000000000030000270,4000,SP04,7.000,0.000,0.000,C-01-2
000000000010001074,3000,SP03,0.000,0.000,0.000,A-15-4
000000000010001075,2000,SP02,4.000,0.000,0.000,C-06-3
000000000010001076,1000,SP01,0.000,0.000,0.000,A-07-5
000000000080000263,4000,SP04,5.000,0.000,0.000,E-17-1
000000000010001077,1000,SP01,175.000,0.000,0.000,C-07-2
000000000010001078,4000,SP04,0.000,0.000,0.000,A-17-1
000000000010001078,3000,SP03,9.000,0.000,0.000,B-07-1
000000000080000264,2000,SP02,12.000,0.000,0.000,D-01-5
000000000010001079,4000,SP04,35.000,0.000,0.000,A-12-3
000000000030000271,4000,SP04,3.000,0.000,0.000,B-04-2
000000000010001080,1000,SP01,0.000,0.000,0.000,B-22-2
000000000010001081,3000,SP03,0.000,0.000,0.000,C-03-1
000000000010001082,1000,SP01,0.000,0.000,0.000,B-09-1
000000000010001082,2000,SP02,0.000,0.000,0.000,E-16-1
000000000010001083,2000,SP02,8.000,0.000,0.000,D-20-5
000000000030000272,2000,SP02,7.000,0.000,0.000,D-08-6
000000000090000055,4000,SP04,10.000,0.000,0.000,E-02-1
000000000090000055,2000,SP02,6.000,0.000,0.000,B-17-4
000000000010001084,2000,SP02,6.000,0.000,0.000,D-09-2
000000000010001084,3000,SP03,3.000,0.000,0.000,A-24-4
000000000010001085,4000,SP04,0.000,0.000,0.000,D-13-1
000000000010001086,4000,SP04,7.000,0.000,0.000,C-16-3
000000000010001087,3000,SP03,0.000,0.000,0.000,E-21-3
000000000090000056,3000,SP03,8.000,0.000,0.000,E-07-1
000000000090000056,4000,SP04,9.000,0.000,0.000,E-18-2
000000000010001088,3000,SP03,0.000,0.000,0.000,A-24-2
000000000010001089,4000,SP04,3.000,0.000,0.000,E-17-5
000000000010001089,2000,SP02,1.000,0.000,0.000,B-19-4
000000000010001090,3000,SP03,7.000,0.000,0.000,A-10-1
000000000010001091,2000,SP02,7.000,0.000,0.000,D-13-1
000000000010001092,3000,SP03,0.000,0.000,0.000,C-06-6
000000000010001092,2000,SP02,0.000,0.000,0.000,B-15-4
000000000010001093,2000,SP02,8.000,0.000,0.000,A-11-6
000000000030000273,2000,SP02,2.000,0.000,0.000,B-09-2
000000000010001094,4000,SP04,26.000,0.000,0.000,C-03-5
000000000010001095,4000,SP04,0.000,0.000,0.000,E-12-5
000000000010001096,4000,SP04,4.000,0.000,0.000,D-19-4
000000000010001096,2000,SP02,19.000,0.000,0.000,C-14-6
000000000010001097,4000,SP04,1.000,0.000,0.000,B-20-3
000000000030000274,2000,SP02,3.000,0.000,0.000,D-20-5
000000000010001098,4000,SP04,16.000,0.000,0.000,C-11-5
000000000080000265,1000,SP01,5.000,0.000,0.000,C-22-6
000000000080000265,2000,SP02,10.000,0.000,0.000,C-15-5
000000000010001099,2000,SP02,0.000,0.000,0.000,C-18-4
000000000010001099,4000,SP04,0.000,0.000,0.000,E-12-5
000000000010001100,2000,SP02,5.000,0.000,0.000,E-19-3
000000000010001100,4000,SP04,8.000,0.000,0.000,B-09-6
000000000010001101,1000,SP01,6.000,0.000,0.000,A-24-5
000000000010001101,4000,SP04,0.000,0.000,0.000,A-07-2
000000000080000266,2000,SP02,9.000,0.000,0.000,A-24-6
000000000010001102,1000,SP01,0.000,0.000,0.000,B-15-5
000000000030000275,1000,SP01,4.000,0.000,0.000,C-24-1
000000000090000057,2000,SP02,31.000,0.000,0.000,C-15-1
000000000090000057,1000,SP01,35.000,0.000,0.000,E-23-5
000000000010001103,4000,SP04,0.000,0.000,0.000,C-14-2
000000000010001104,1000,SP01,6.000,0.000,0.000,C-06-4
000000000030000276,4000,SP04,4.000,0.000,0.000,B-05-4
000000000030000276,3000,SP03,0.000,0.000,0.000,C-19-2
000000000010001105,4000,SP04,116.000,0.000,0.000,B-08-5
000000000010001105,2000,SP02,60.000,0.000,0.000,E-20-4
000000000010001106,1000,SP01,6.000,0.000,0.000,E-12-3
000000000010001107,3000,SP03,62.000,0.000,0.000,B-20-4
000000000090000058,4000,SP04,19.000,0.000,0.000,D-20-1
000000000010001108,3000,SP03,6.000,0.000,0.000,B-19-4
000000000090000059,2000,SP02,9.000,0.000,0.000,D-20-3
000000000080000267,4000,SP04,14.000,0.000,0.000,A-01-3
000000000030000277,4000,SP04,0.000,0.000,0.000,D-18-6
000000000010001109,2000,SP02,0.000,0.000,0.000,E-06-5
000000000030000278,1000,SP01,0.000,0.000,0.000,A-01-5
000000000010001110,4000,SP04,53.000,0.000,0.000,D-19-6
000000000080000268,3000,SP03,4.000,0.000,0.000,A-19-2
000000000030000279,1000,SP01,2.000,0.000,0.000,E-08-1
000000000010001111,1000,SP01,3.000,0.000,0.000,E-06-3
000000000080000269,1000,SP01,3.000,0.000,0.000,A-10-5
000000000080000269,4000,SP04,4.000,0.000,0.000,B-01-3
000000000010001112,3000,SP03,5.000,0.000,0.000,B-23-4
000000000030000280,3000,SP03,2.000,0.000,0.000,A-08-4
000000000010001113,2000,SP02,157.000,0.000,0.000,E-03-1
000000000010001113,3000,SP03,130.000,0.000,0.000,D-19-5
000000000030000281,2000,SP02,0.000,0.000,0.000,B-24-2
000000000030000281,4000,SP04,7.000,0.000,0.000,B-14-4
000000000080000270,3000,SP03,6.000,1.000,0.000,E-16-2
000000000010001114,2000,SP02,31.000,0.000,0.000,C-03-1
000000000080000271,4000,SP04,2.000,0.000,0.000,E-06-4
000000000010001115,3000,SP03,0.000,0.000,0.000,D-08-5
000000000010001116,1000,SP01,24.000,0.000,0.000,E-24-6
000000000010001116,4000,SP04,133.000,0.000,0.000,E-04-6
000000000030000282,1000,SP01,0.000,0.000,0.000,A-01-5
000000000030000282,3000,SP03,1.000,0.000,0.000,B-19-2
000000000090000060,1000,SP01,7.000,0.000,0.000,A-06-1
000000000090000060,3000,SP03,33.000,0.000,0.000,E-15-2
000000000010001117,2000,SP02,0.000,0.000,0.000,D-06-6
000000000010001117,4000,SP04,1.000,0.000,0.000,A-21-2
000000000010001118,1000,SP01,2.000,0.000,0.000,A-09-3
000000000030000283,3000,SP03,0.000,0.000,0.000,D-17-6
000000000010001119,1000,SP01,1.000,0.000,0.000,B-05-3
000000000010001119,2000,SP02,2.000,0.000,0.000,A-24-2
000000000080000272,4000,SP04,0.000,0.000,0.000,B-11-2
000000000010001120,3000,SP03,11.000,0.000,0.000,E-13-2
000000000010001121,3000,SP03,42.000,0.000,0.000,D-23-2
000000000010001121,2000,SP02,158.000,0.000,0.000,D-19-4
000000000080000273,1000,SP01,9.000,0.000,0.000,E-04-2
000000000010001122,2000,SP02,9.000,0.000,0.000,E-17-5
000000000010001123,1000,SP01,2.000,0.000,0.000,C-11-3
000000000030000284,3000,SP03,1.000,0.000,0.000,E-10-4
000000000010001124,1000,SP01,170.000,0.000,0.000,B-10-1
000000000010001125,3000,SP03,9.000,0.000,0.000,E-10-6
000000000010001125,2000,SP02,9.000,0.000,0.000,E-02-1
000000000010001126,3000,SP03,138.000,0.000,0.000,A-18-6
000000000080000274,4000,SP04,8.000,0.000,0.000,D-08-5
000000000090000061,4000,SP04,25.000,0.000,0.000,E-24-4
000000000010001127,2000,SP02,0.000,0.000,0.000,E-15-1
000000000010001128,2000,SP02,11.000,0.000,0.000,A-02-6
000000000010001128,1000,SP01,2.000,0.000,0.000,E-24-5
000000000010001129,1000,SP01,26.000,0.000,0.000,D-12-3
000000000010001130,2000,SP02,27.000,0.000,0.000,E-22-2
000000000010001130,1000,SP01,214.000,0.000,0.000,C-20-3
000000000030000285,1000,SP01,0.000,0.000,0.000,D-07-6
000000000080000275,1000,SP01,13.000,0.000,0.000,D-13-5
000000000010001131,1000,SP01,0.000,0.000,0.000,E-20-3
000000000010001132,4000,SP04,4.000,0.000,0.000,E-24-3
000000000010001132,2000,SP02,4.000,0.000,0.000,D-22-6
000000000030000286,2000,SP02,0.000,0.000,0.000,B-20-6
000000000010001133,3000,SP03,42.000,0.000,0.000,D-18-6
000000000010001134,3000,SP03,6.000,0.000,0.000,A-15-6
000000000010001135,1000,SP01,8.000,0.000,0.000,E-16-1
000000000010001135,3000,SP03,6.000,0.000,0.000,A-06-1
000000000080000276,4000,SP04,21.000,0.000,0.000,A-02-4
000000000080000276,2000,SP02,19.000,0.000,0.000,A-24-4
000000000010001136,2000,SP02,9.000,0.000,0.000,B-05-2
000000000010001136,4000,SP04,3.000,0.000,0.000,C-11-6
000000000010001137,3000,SP03,4.000,0.000,0.000,E-24-6
000000000010001138,2000,SP02,11.000,0.000,0.000,B-19-3
000000000010001139,2000,SP02,28.000,0.000,0.000,C-22-5
000000000010001140,2000,SP02,19.000,0.000,0.000,A-10-4
000000000010001140,1000,SP01,40.000,0.000,0.000,E-08-5
000000000010001141,3000,SP03,0.000,0.000,0.000,C-03-1
000000000010001141,1000,SP01,4.000,0.000,0.000,E-12-5
000000000010001142,1000,SP01,0.000,0.000,0.000,B-18-4
000000000010001143,2000,SP02,0.000,0.000,0.000,C-22-3
000000000080000277,3000,SP03,18.000,0.000,0.000,D-20-2
000000000010001144,4000,SP04,0.000,0.000,0.000,C-02-6
000000000010001145,1000,SP01,137.000,0.000,0.000,D-17-4
000000000030000287,1000,SP01,8.000,0.000,0.000,C-19-1
000000000010001146,2000,SP02,0.000,0.000,0.000,A-02-3
000000000090000062,3000,SP03,33.000,0.000,0.000,D-10-1
000000000010001147,2000,SP02,0.000,0.000,0.000,A-11-3
000000000010001148,4000,SP04,0.000,0.000,0.000,A-18-2
000000000080000278,2000,SP02,10.000,0.000,0.000,D-02-1
000000000080000279,2000,SP02,10.000,0.000,0.000,E-02-2
000000000010001149,3000,SP03,0.000,0.000,0.000,C-10-6
000000000010001150,3000,SP03,0.000,0.000,0.000,A-04-2
000000000010001151,2000,SP02,2.000,0.000,0.000,C-23-3
000000000010001152,4000,SP04,53.000,0.000,0.000,A-15-2
000000000010001153,2000,SP02,7.000,0.000,0.000,A-21-2
000000000010001154,3000,SP03,7.000,0.000,0.000,C-21-5
000000000010001155,3000,SP03,54.000,0.000,0.000,A-06-5
000000000010001156,4000,SP04,0.000,0.000,0.000,B-15-6
000000000010001156,1000,SP01,4.000,0.000,0.000,D-06-5
000000000010001157,4000,SP04,74.000,0.000,0.000,D-16-1
000000000080000280,2000,SP02,5.000,0.000,0.000,A-16-1
000000000010001158,2000,SP02,0.000,0.000,0.000,D-18-2
000000000010001159,2000,SP02,0.000,0.000,0.000,A-11-3
000000000010001160,3000,SP03,54.000,0.000,0.000,D-03-1
000000000080000281,2000,SP02,10.000,0.000,0.000,E-20-1
000000000080000282,3000,SP03,3.000,0.000,0.000,D-10-5
000000000090000063,2000,SP02,19.000,0.000,0.000,B-17-2
000000000010001161,4000,SP04,0.000,0.000,0.000,D-05-3
000000000010001161,3000,SP03,19.000,0.000,0.000,C-03-2
000000000010001162,2000,SP02,0.000,0.000,0.000,D-11-5
000000000010001163,4000,SP04,1.000,0.000,0.000,B-15-1
000000000010001164,2000,SP02,0.000,0.000,0.000,C-14-6
000000000010001165,2000,SP02,0.000,0.000,0.000,C-03-3
000000000090000064,2000,SP02,14.000,0.000,0.000,B-11-3
000000000090000064,1000,SP01,36.000,0.000,0.000,A-24-2
000000000010001166,4000,SP04,0.000,0.000,0.000,D-12-3
000000000010001167,1000,SP01,0.000,0.000,0.000,B-13-4
000000000010001168,2000,SP02,0.000,0.000,0.000,A-05-2
000000000010001169,2000,SP02,0.000,0.000,0.000,A-08-4
000000000010001170,1000,SP01,0.000,0.000,0.000,A-22-4
000000000010001170,3000,SP03,0.000,0.000,0.000,B-11-1
000000000090000065,4000,SP04,20.000,0.000,0.000,C-07-1
000000000010001171,4000,SP04,21.000,0.000,0.000,A-14-1
000000000010001172,1000,SP01,9.000,0.000,0.000,C-10-6
000000000080000283,4000,SP04,8.000,0.000,0.000,C-13-5
000000000080000283,2000,SP02,6.000,0.000,0.000,C-03-1
000000000030000288,1000,SP01,3.000,0.000,0.000,E-21-2
000000000030000289,1000,SP01,5.000,0.000,0.000,D-09-4
000000000010001173,1000,SP01,127.000,0.000,0.000,A-23-2
000000000010001174,2000,SP02,8.000,0.000,0.000,C-11-3
000000000010001175,3000,SP03,0.000,0.000,0.000,D-11-2
000000000010001176,3000,SP03,0.000,0.000,0.000,B-18-4
000000000010001176,4000,SP04,113.000,0.000,0.000,E-06-4
000000000010001177,4000,SP04,22.000,0.000,0.000,A-09-1
000000000010001178,4000,SP04,8.000,0.000,0.000,C-16-2
000000000010001179,3000,SP03,14.000,0.000,0.000,C-18-1
000000000010001180,1000,SP01,0.000,0.000,0.000,D-04-6
000000000010001181,1000,SP01,3.000,0.000,0.000,A-01-3
000000000010001182,3000,SP03,6.000,0.000,0.000,C-20-2
000000000030000290,2000,SP02,0.000,0.000,0.000,E-01-1
000000000010001183,1000,SP01,0.000,0.000,0.000,B-20-1
000000000010001184,4000,SP04,0.000,0.000,0.000,D-07-5
000000000080000284,1000,SP01,3.000,0.000,0.000,A-24-3
000000000080000285,2000,SP02,1.000,0.000,0.000,D-17-5
000000000010001185,3000,SP03,0.000,0.000,0.000,C-09-6
000000000030000291,4000,SP04,5.000,0.000,0.000,E-24-1
000000000030000291,2000,SP02,7.000,0.000,0.000,C-21-6
000000000010001186,4000,SP04,12.000,0.000,0.000,C-07-3
000000000030000292,3000,SP03,0.000,0.000,0.000,E-16-6
000000000010001187,1000,SP01,0.000,0.000,0.000,D-22-4
000000000010001188,4000,SP04,197.000,0.000,0.000,C-06-3
000000000030000293,4000,SP04,4.000,0.000,0.000,D-08-5
000000000010001189,3000,SP03,54.000,0.000,0.000,B-17-1
000000000080000286,1000,SP01,5.000,1.000,0.000,D-01-6
000000000080000286,3000,SP03,7.000,0.000,0.000,C-18-6
000000000010001190,2000,SP02,0.000,0.000,0.000,C-22-6
000000000010001191,2000,SP02,0.000,0.000,0.000,C-19-3
000000000080000287,2000,SP02,19.000,0.000,0.000,D-02-3
000000000010001192,4000,SP04,7.000,0.000,0.000,A-07-6
000000000010001192,1000,SP01,12.000,0.000,0.000,A-15-1
000000000010001193,3000,SP03,1.000,0.000,0.000,C-15-2
000000000010001194,4000,SP04,0.000,0.000,0.000,D-23-3
000000000010001195,1000,SP01,223.000,0.000,0.000,D-05-6
000000000010001196,3000,SP03,16.000,0.000,0.000,B-17-2
000000000010001196,4000,SP04,38.000,0.000,0.000,C-02-3
000000000090000066,4000,SP04,9.000,0.000,0.000,D-11-5
000000000090000066,2000,SP02,18.000,0.000,0.000,E-03-6
000000000010001197,1000,SP01,37.000,0.000,0.000,B-02-4
000000000010001198,1000,SP01,38.000,0.000,0.000,E-16-5
000000000010001199,2000,SP02,3.000,0.000,0.000,E-12-2
000000000010001200,3000,SP03,84.000,0.000,0.000,E-01-3
000000000010001201,3000,SP03,1.000,0.000,0.000,A-16-4
000000000010001202,2000,SP02,7.000,0.000,0.000,C-05-1
000000000010001203,3000,SP03,6.000,0.000,0.000,A-22-5
000000000010001204,1000,SP01,115.000,0.000,0.000,D-08-1
000000000010001205,4000,SP04,0.000,0.000,0.000,D-17-2
000000000010001206,3000,SP03,0.000,0.000,0.000,C-16-5
000000000030000294,1000,SP01,0.000,0.000,0.000,A-09-5
000000000010001207,1000,SP01,2.000,0.000,0.000,A-19-1
000000000010001207,4000,SP04,2.000,0.000,0.000,C-04-4
000000000030000295,4000,SP04,6.000,0.000,0.000,D-11-3
000000000030000295,1000,SP01,0.000,0.000,0.000,B-08-6
000000000030000296,2000,SP02,0.000,0.000,0.000,B-22-4
000000000090000067,2000,SP02,20.000,0.000,0.000,E-11-5
000000000010001208,3000,SP03,0.000,0.000,0.000,E-16-6
000000000010001209,1000,SP01,0.000,0.000,0.000,D-01-5
000000000010001210,2000,SP02,14.000,0.000,0.000,D-23-4
000000000030000297,1000,SP01,0.000,0.000,0.000,B-06-2
000000000030000297,3000,SP03,2.000,0.000,0.000,E-20-3
000000000030000298,3000,SP03,0.000,0.000,0.000,A-22-4
000000000010001211,4000,SP04,9.000,0.000,0.000,C-14-5
000000000010001212,1000,SP01,153.000,0.000,0.000,C-20-6
000000000010001213,3000,SP03,118.000,0.000,0.000,D-18-4
000000000010001214,3000,SP03,0.000,0.000,0.000,A-23-6
000000000010001214,2000,SP02,0.000,0.000,0.000,C-14-1
000000000010001215,3000,SP03,63.000,0.000,0.000,D-20-2
000000000010001215,2000,SP02,29.000,0.000,0.000,D-10-3
000000000030000299,1000,SP01,1.000,0.000,0.000,D-20-4
000000000080000288,2000,SP02,4.000,0.000,0.000,C-04-6
000000000080000289,1000,SP01,29.000,0.000,0.000,C-21-4
000000000030000300,3000,SP03,3.000,0.000,0.000,D-22-4
000000000010001216,4000,SP04,21.000,0.000,0.000,E-12-6
000000000080000290,1000,SP01,3.000,0.000,0.000,E-11-2
000000000080000290,2000,SP02,12.000,0.000,0.000,E-13-5
000000000010001217,2000,SP02,0.000,0.000,0.000,A-21-3
000000000010001218,3000,SP03,9.000,0.000,0.000,A-11-3
000000000010001218,2000,SP02,5.000,0.000,0.000,C-05-5
000000000010001219,3000,SP03,8.000,0.000,0.000,C-18-3
000000000010001219,1000,SP01,4.000,0.000,0.000,E-03-6
000000000010001220,1000,SP01,2.000,0.000,0.000,E-18-2
000000000010001220,2000,SP02,7.000,0.000,0.000,C-08-3
000000000010001221,1000,SP01,0.000,0.000,0.000,A-22-3
000000000030000301,1000,SP01,3.000,0.000,0.000,B-21-5
000000000010001222,3000,SP03,6.000,0.000,0.000,C-07-6
000000000030000302,3000,SP03,3.000,0.000,0.000,B-12-4
000000000010001223,1000,SP01,0.000,0.000,0.000,A-16-4
000000000010001223,3000,SP03,2.000,0.000,0.000,B-13-4
000000000010001224,2000,SP02,6.000,0.000,0.000,E-18-6
000000000010001225,2000,SP02,181.000,0.000,0.000,A-09-5
000000000080000291,4000,SP04,3.000,0.000,0.000,C-19-1
000000000010001226,4000,SP04,18.000,0.000,0.000,B-23-2
000000000010001226,3000,SP03,68.000,0.000,0.000,A-23-1
000000000080000292,1000,SP01,12.000,0.000,0.000,C-12-1
000000000080000292,3000,SP03,9.000,0.000,0.000,A-23-4
000000000010001227,3000,SP03,135.000,0.000,0.000,E-18-6
000000000010001228,4000,SP04,0.000,0.000,0.000,A-20-4
000000000010001228,2000,SP02,0.000,0.000,0.000,D-06-4
000000000010001229,2000,SP02,8.000,0.000,0.000,A-23-3
000000000090000068,3000,SP03,13.000,0.000,0.000,A-11-1
000000000090000068,1000,SP01,29.000,0.000,0.000,B-24-1
000000000010001230,3000,SP03,4.000,0.000,0.000,D-16-6
000000000010001230,4000,SP04,3.000,0.000,0.000,A-13-6
000000000030000303,3000,SP03,3.000,0.000,0.000,D-11-3
000000000010001231,1000,SP01,1.000,0.000,0.000,A-08-3
000000000010001232,3000,SP03,59.000,0.000,0.000,C-21-5
000000000010001233,3000,SP03,0.000,0.000,0.000,E-11-6
000000000010001234,1000,SP01,9.000,0.000,0.000,D-11-6
000000000010001235,4000,SP04,7.000,0.000,0.000,B-21-5
000000000010001236,1000,SP01,0.000,0.000,0.000,E-06-6
000000000010001237,3000,SP03,4.000,0.000,0.000,B-13-6
000000000010001237,1000,SP01,0.000,0.000,0.000,D-24-3
000000000030000304,4000,SP04,1.000,0.000,0.000,B-07-3
000000000090000069,4000,SP04,33.000,0.000,0.000,D-20-3
000000000080000293,3000,SP03,3.000,0.000,0.000,D-19-4
000000000010001238,2000,SP02,0.000,0.000,0.000,C-02-4
000000000010001239,2000,SP02,6.000,0.000,0.000,B-12-1
000000000010001240,1000,SP01,26.000,0.000,0.000,D-05-1
000000000080000294,1000,SP01,20.000,0.000,0.000,D-01-3
000000000080000294,3000,SP03,6.000,0.000,0.000,B-10-6
000000000080000295,1000,SP01,4.000,0.000,0.000,D-17-4
000000000030000305,2000,SP02,0.000,0.000,0.000,D-11-5
000000000010001241,3000,SP03,112.000,0.000,0.000,B-05-4
000000000010001241,1000,SP01,37.000,0.000,0.000,B-22-3
000000000010001242,2000,SP02,0.000,0.000,0.000,E-03-1
000000000010001242,4000,SP04,0.000,0.000,0.000,B-16-3
000000000030000306,2000,SP02,0.000,0.000,0.000,C-18-4
000000000010001243,3000,SP03,38.000,0.000,0.000,C-19-6
000000000010001243,2000,SP02,8.000,0.000,0.000,B-11-6
000000000030000307,2000,SP02,1.000,0.000,0.000,B-05-6
000000000010001244,2000,SP02,17.000,0.000,0.000,E-04-4
000000000030000308,3000,SP03,1.000,0.000,0.000,E-13-5
000000000030000308,2000,SP02,0.000,0.000,0.000,D-22-6
000000000030000309,2000,SP02,4.000,0.000,0.000,B-10-6
000000000030000309,4000,SP04,4.000,0.000,0.000,A-19-1
000000000010001245,1000,SP01,0.000,0.000,0.000,A-06-6
000000000010001245,3000,SP03,0.000,0.000,0.000,E-04-1
000000000010001246,4000,SP04,14.000,0.000,0.000,D-18-5
000000000010001247,2000,SP02,4.000,0.000,0.000,B-07-2
000000000010001248,1000,SP01,6.000,0.000,0.000,A-21-5
000000000010001249,3000,SP03,29.000,0.000,0.000,C-03-2
000000000090000070,1000,SP01,19.000,0.000,0.000,B-05-5
000000000010001250,1000,SP01,7.000,0.000,0.000,A-14-2
000000000010001250,2000,SP02,7.000,0.000,0.000,D-11-6
000000000010001251,4000,SP04,0.000,0.000,0.000,C-05-6
000000000010001251,1000,SP01,0.000,0.000,0.000,D-17-1
000000000090000071,4000,SP04,20.000,0.000,0.000,C-15-5
000000000090000071,2000,SP02,15.000,0.000,0.000,A-24-2
000000000010001252,1000,SP01,37.000,0.000,0.000,B-01-4
000000000010001252,4000,SP04,47.000,0.000,0.000,E-01-3
000000000010001253,3000,SP03,50.000,0.000,0.000,B-18-4
000000000010001253,2000,SP02,35.000,0.000,0.000,B-24-5
000000000080000296,1000,SP01,6.000,0.000,0.000,A-23-6
000000000010001254,1000,SP01,36.000,0.000,0.000,E-02-1
000000000030000310,4000,SP04,4.000,0.000,0.000,E-23-5
000000000030000311,1000,SP01,1.000,0.000,0.000,C-09-2
000000000030000311,2000,SP02,6.000,0.000,0.000,D-22-6
000000000010001255,2000,SP02,8.000,0.000,0.000,A-20-5
000000000010001256,4000,SP04,4.000,0.000,0.000,D-14-4
000000000010001257,4000,SP04,4.000,0.000,0.000,C-15-4
000000000010001258,2000,SP02,18.000,0.000,0.000,D-23-4
000000000010001259,4000,SP04,2.000,0.000,0.000,B-13-6
000000000030000312,1000,SP01,2.000,0.000,0.000,D-13-1
000000000010001260,3000,SP03,4.000,0.000,0.000,A-19-5
000000000010001260,4000,SP04,15.000,0.000,0.000,D-20-2
000000000090000072,4000,SP04,31.000,0.000,0.000,A-12-6
000000000010001261,2000,SP02,2.000,0.000,0.000,E-23-2
000000000010001262,2000,SP02,20.000,0.000,0.000,D-04-6
000000000010001263,2000,SP02,0.000,0.000,0.000,E-05-2
000000000010001264,3000,SP03,5.000,0.000,0.000,B-06-1
000000000030000313,4000,SP04,1.000,0.000,0.000,B-22-2
000000000030000313,3000,SP03,3.000,0.000,0.000,B-08-3
000000000030000314,4000,SP04,0.000,0.000,0.000,D-13-2
000000000030000315,2000,SP02,0.000,0.000,0.000,B-11-3
000000000030000315,4000,SP04,0.000,0.000,0.000,D-11-4
000000000010001265,3000,SP03,15.000,0.000,0.000,E-18-6
000000000010001266,4000,SP04,0.000,0.000,0.000,B-12-2
000000000030000316,1000,SP01,0.000,0.000,0.000,E-20-1
000000000010001267,1000,SP01,0.000,0.000,0.000,D-20-1
000000000010001267,3000,SP03,0.000,0.000,0.000,C-12-6
000000000010001268,1000,SP01,1.000,0.000,0.000,D-03-4
000000000030000317,3000,SP03,0.000,0.000,0.000,C-04-1
000000000080000297,2000,SP02,12.000,1.000,0.000,C-07-6
000000000080000297,4000,SP04,19.000,0.000,0.000,C-21-5
000000000010001269,2000,SP02,5.000,0.000,0.000,E-21-2
000000000010001270,2000,SP02,2.000,0.000,0.000,A-19-5
000000000010001270,1000,SP01,0.000,0.000,0.000,B-09-4
000000000010001271,1000,SP01,2.000,0.000,0.000,D-09-5
000000000010001272,1000,SP01,1.000,0.000,0.000,A-19-1
000000000010001273,2000,SP02,12.000,0.000,0.000,A-22-3
000000000010001274,3000,SP03,10.000,0.000,0.000,E-09-2
000000000010001275,2000,SP02,0.000,0.000,0.000,D-14-5
000000000010001276,4000,SP04,0.000,0.000,0.000,E-05-4
000000000010001276,2000,SP02,0.000,0.000,0.000,E-10-2
000000000010001277,3000,SP03,0.000,0.000,0.000,C-13-5
000000000010001277,1000,SP01,0.000,0.000,0.000,E-12-5
000000000010001278,1000,SP01,0.000,0.000,0.000,E-08-3
000000000030000318,1000,SP01,3.000,0.000,0.000,B-18-2
000000000010001279,2000,SP02,1.000,0.000,0.000,A-22-4
000000000030000319,4000,SP04,4.000,0.000,0.000,C-16-6
000000000080000298,2000,SP02,5.000,0.000,0.000,B-03-3
000000000080000298,3000,SP03,7.000,0.000,0.000,C-19-5
000000000010001280,1000,SP01,0.000,0.000,0.000,A-10-1
000000000010001281,1000,SP01,1.000,0.000,0.000,E-16-2
000000000010001282,4000,SP04,3.000,0.000,0.000,B-11-4
000000000010001282,3000,SP03,5.000,0.000,0.000,B-07-2
000000000010001283,4000,SP04,0.000,0.000,0.000,A-09-4
000000000030000320,4000,SP04,0.000,0.000,0.000,E-15-4
000000000010001284,1000,SP01,0.000,0.000,0.000,C-10-1
000000000010001285,1000,SP01,6.000,0.000,0.000,B-09-2
000000000010001286,2000,SP02,6.000,0.000,0.000,C-14-3
000000000010001286,1000,SP01,3.000,0.000,0.000,E-21-3
000000000010001287,2000,SP02,2.000,0.000,0.000,B-24-2
000000000010001287,4000,SP04,2.000,0.000,0.000,A-15-1
000000000010001288,1000,SP01,3.000,0.000,0.000,C-14-4
000000000030000321,4000,SP04,6.000,0.000,0.000,E-16-6
000000000010001289,3000,SP03,3.000,0.000,0.000,C-22-5
000000000030000322,2000,SP02,1.000,0.000,0.000,A-19-2
000000000010001290,4000,SP04,0.000,0.000,0.000,B-09-5
000000000090000073,3000,SP03,17.000,0.000,0.000,D-04-2
000000000090000073,1000,SP01,40.000,0.000,0.000,D-16-1
000000000010001291,4000,SP04,9.000,0.000,0.000,B-11-3
000000000010001292,3000,SP03,26.000,0.000,0.000,B-23-2
000000000010001292,2000,SP02,135.000,0.000,0.000,E-05-6
000000000010001293,3000,SP03,38.000,0.000,0.000,D-08-6
000000000010001293,1000,SP01,3.000,0.000,0.000,A-18-1
000000000080000299,3000,SP03,6.000,0.000,0.000,A-19-6
000000000080000299,1000,SP01,10.000,0.000,0.000,E-05-1
000000000010001294,4000,SP04,0.000,0.000,0.000,C-17-6
000000000010001295,1000,SP01,0.000,0.000,0.000,B-22-2
000000000010001295,3000,SP03,0.000,0.000,0.000,E-20-2
000000000010001296,1000,SP01,0.000,0.000,0.000,B-02-3
000000000010001297,4000,SP04,2.000,0.000,0.000,E-17-3
000000000010001298,1000,SP01,0.000,0.000,0.000,D-24-5
000000000030000323,4000,SP04,0.000,0.000,0.000,D-17-4
000000000030000324,2000,SP02,6.000,0.000,0.000,C-05-4
000000000080000300,2000,SP02,0.000,0.000,0.000,A-10-6
000000000010001299,2000,SP02,0.000,0.000,0.000,E-08-5
