id,user_id,action,entity_type,entity_id,old_value,new_value,timestamp,ip_address,device_metadata
1,20,RR_CREATED,RR,1,,"{""rr_number"": ""RR-1001""}",2026-03-31T05:09:36.211764+00:00,,synthetic-seed
2,3,DOA_APPROVED,RR,1,,,2026-04-01T05:09:36.211764+00:00,,synthetic-seed
3,5,PR_CREATED,PR,1,,"{""pr_number"": ""PR-2001""}",2026-04-04T05:09:36.211764+00:00,,synthetic-seed
4,3,NFA_APPROVED,PR,1,,,2026-04-10T05:09:36.211764+00:00,,synthetic-seed
5,5,PO_CREATED,PO,1,,"{""po_number"": ""PO-3001""}",2026-04-11T05:09:36.211764+00:00,,synthetic-seed
6,1,RR_CREATED,RR,2,,"{""rr_number"": ""RR-1002""}",2026-07-14T00:09:36.211764+00:00,,synthetic-seed
7,3,DOA_APPROVED,RR,2,,,2026-07-16T00:09:36.211764+00:00,,synthetic-seed
8,5,PR_CREATED,PR,2,,"{""pr_number"": ""PR-2002""}",2026-07-18T00:09:36.211764+00:00,,synthetic-seed
9,3,NFA_APPROVED,PR,2,,,2026-07-22T00:09:36.211764+00:00,,synthetic-seed
10,5,PO_CREATED,PO,2,,"{""po_number"": ""PO-3002""}",2026-07-23T00:09:36.211764+00:00,,synthetic-seed
11,24,RR_CREATED,RR,3,,"{""rr_number"": ""RR-1003""}",2026-06-15T23:09:36.211764+00:00,,synthetic-seed
12,3,DOA_APPROVED,RR,3,,,2026-06-19T23:09:36.211764+00:00,,synthetic-seed
13,5,PR_CREATED,PR,3,,"{""pr_number"": ""PR-2003""}",2026-06-21T23:09:36.211764+00:00,,synthetic-seed
14,3,NFA_APPROVED,PR,3,,,2026-06-24T23:09:36.211764+00:00,,synthetic-seed
15,15,RR_CREATED,RR,4,,"{""rr_number"": ""RR-1004""}",2026-01-31T02:09:36.211764+00:00,,synthetic-seed
16,3,DOA_APPROVED,RR,4,,,2026-02-01T02:09:36.211764+00:00,,synthetic-seed
17,5,PR_CREATED,PR,4,,"{""pr_number"": ""PR-2004""}",2026-02-04T02:09:36.211764+00:00,,synthetic-seed
18,5,RFQ_CLOSED,PR,4,,,2026-03-08T02:09:36.211764+00:00,,synthetic-seed
19,5,PO_CREATED,PO,3,,"{""po_number"": ""PO-3003""}",2026-03-09T02:09:36.211764+00:00,,synthetic-seed
20,1,RR_CREATED,RR,5,,"{""rr_number"": ""RR-1005""}",2026-07-26T11:09:36.211764+00:00,,synthetic-seed
21,1,RR_CANCELLED,RR,5,,,2026-07-27T11:09:36.211764+00:00,,synthetic-seed
22,19,RR_CREATED,RR,6,,"{""rr_number"": ""RR-1006""}",2026-07-20T14:09:36.211764+00:00,,synthetic-seed
23,2,DOA_APPROVED,RR,6,,,2026-07-22T14:09:36.211764+00:00,,synthetic-seed
24,5,PR_CREATED,PR,5,,"{""pr_number"": ""PR-2005""}",2026-07-25T14:09:36.211764+00:00,,synthetic-seed
25,15,NFA_APPROVED,PR,5,,,2026-07-28T14:09:36.211764+00:00,,synthetic-seed
26,5,PO_CREATED,PO,4,,"{""po_number"": ""PO-3004""}",2026-07-29T14:09:36.211764+00:00,,synthetic-seed
27,16,RR_CREATED,RR,7,,"{""rr_number"": ""RR-1007""}",2026-04-04T22:09:36.211764+00:00,,synthetic-seed
28,2,DOA_APPROVED,RR,7,,,2026-04-07T22:09:36.211764+00:00,,synthetic-seed
29,5,PR_CREATED,PR,6,,"{""pr_number"": ""PR-2006""}",2026-04-08T22:09:36.211764+00:00,,synthetic-seed
30,3,NFA_APPROVED,PR,6,,,2026-04-12T22:09:36.211764+00:00,,synthetic-seed
31,5,PO_CREATED,PO,5,,"{""po_number"": ""PO-3005""}",2026-04-13T22:09:36.211764+00:00,,synthetic-seed
32,17,RR_CREATED,RR,8,,"{""rr_number"": ""RR-1008""}",2025-12-14T18:09:36.211764+00:00,,synthetic-seed
33,2,DOA_APPROVED,RR,8,,,2025-12-17T18:09:36.211764+00:00,,synthetic-seed
34,5,PR_CREATED,PR,7,,"{""pr_number"": ""PR-2007""}",2025-12-20T18:09:36.211764+00:00,,synthetic-seed
35,5,RFQ_CLOSED,PR,7,,,2025-12-29T18:09:36.211764+00:00,,synthetic-seed
36,5,PO_CREATED,PO,6,,"{""po_number"": ""PO-3006""}",2025-12-30T18:09:36.211764+00:00,,synthetic-seed
37,21,RR_CREATED,RR,9,,"{""rr_number"": ""RR-1009""}",2025-12-22T04:09:36.211764+00:00,,synthetic-seed
38,15,DOA_APPROVED,RR,9,,,2025-12-24T04:09:36.211764+00:00,,synthetic-seed
39,13,PR_CREATED,PR,8,,"{""pr_number"": ""PR-2008""}",2025-12-26T04:09:36.211764+00:00,,synthetic-seed
40,13,RFQ_CLOSED,PR,8,,,2026-01-06T04:09:36.211764+00:00,,synthetic-seed
41,13,PO_CREATED,PO,7,,"{""po_number"": ""PO-3007""}",2026-01-24T04:09:36.211764+00:00,,synthetic-seed
42,18,RR_CREATED,RR,10,,"{""rr_number"": ""RR-1010""}",2026-06-17T15:09:36.211764+00:00,,synthetic-seed
43,2,DOA_APPROVED,RR,10,,,2026-06-21T15:09:36.211764+00:00,,synthetic-seed
44,12,PR_CREATED,PR,9,,"{""pr_number"": ""PR-2009""}",2026-06-23T15:09:36.211764+00:00,,synthetic-seed
45,12,PO_CREATED,PO,8,,"{""po_number"": ""PO-3008""}",2026-06-24T15:09:36.211764+00:00,,synthetic-seed
46,23,RR_CREATED,RR,11,,"{""rr_number"": ""RR-1011""}",2026-06-18T12:09:36.211764+00:00,,synthetic-seed
47,3,DOA_APPROVED,RR,11,,,2026-06-20T12:09:36.211764+00:00,,synthetic-seed
48,13,PR_CREATED,PR,10,,"{""pr_number"": ""PR-2010""}",2026-06-21T12:09:36.211764+00:00,,synthetic-seed
49,15,NFA_APPROVED,PR,10,,,2026-06-27T12:09:36.211764+00:00,,synthetic-seed
50,13,PO_CREATED,PO,9,,"{""po_number"": ""PO-3009""}",2026-06-28T12:09:36.211764+00:00,,synthetic-seed
51,15,RR_CREATED,RR,12,,"{""rr_number"": ""RR-1012""}",2026-03-22T06:09:36.211764+00:00,,synthetic-seed
52,2,APPROVAL_ESCALATED,RR,12,,,2026-03-24T06:09:36.211764+00:00,,synthetic-seed
53,24,RR_CREATED,RR,13,,"{""rr_number"": ""RR-1013""}",2026-04-24T09:09:36.211764+00:00,,synthetic-seed
54,15,DOA_APPROVED,RR,13,,,2026-04-28T09:09:36.211764+00:00,,synthetic-seed
55,24,PR_CREATED,PR,11,,"{""pr_number"": ""PR-2011""}",2026-04-29T09:09:36.211764+00:00,,synthetic-seed
56,24,RFQ_CLOSED,PR,11,,,2026-05-08T09:09:36.211764+00:00,,synthetic-seed
57,24,PO_CREATED,PO,10,,"{""po_number"": ""PO-3010""}",2026-05-09T09:09:36.211764+00:00,,synthetic-seed
58,5,RR_CREATED,RR,14,,"{""rr_number"": ""RR-1014""}",2026-07-22T22:09:36.211764+00:00,,synthetic-seed
59,3,DOA_APPROVED,RR,14,,,2026-07-25T22:09:36.211764+00:00,,synthetic-seed
60,5,PR_CREATED,PR,12,,"{""pr_number"": ""PR-2012""}",2026-07-28T22:09:36.211764+00:00,,synthetic-seed
61,5,RFQ_CLOSED,PR,12,,,2026-08-07T22:09:36.211764+00:00,,synthetic-seed
62,5,PO_CREATED,PO,11,,"{""po_number"": ""PO-3011""}",2026-08-16T22:09:36.211764+00:00,,synthetic-seed
63,22,RR_CREATED,RR,15,,"{""rr_number"": ""RR-1015""}",2026-07-21T09:09:36.211764+00:00,,synthetic-seed
64,3,DOA_APPROVED,RR,15,,,2026-08-15T09:09:36.211764+00:00,,synthetic-seed
65,5,PR_CREATED,PR,13,,"{""pr_number"": ""PR-2013""}",2026-08-16T09:09:36.211764+00:00,,synthetic-seed
66,5,RFQ_CLOSED,PR,13,,,2026-08-25T09:09:36.211764+00:00,,synthetic-seed
67,3,NFA_APPROVED,PR,13,,,2026-08-28T09:09:36.211764+00:00,,synthetic-seed
68,5,PO_CREATED,PO,12,,"{""po_number"": ""PO-3012""}",2026-08-29T09:09:36.211764+00:00,,synthetic-seed
69,3,RR_CREATED,RR,16,,"{""rr_number"": ""RR-1016""}",2026-05-11T07:09:36.211764+00:00,,synthetic-seed
70,2,DOA_APPROVED,RR,16,,,2026-05-14T07:09:36.211764+00:00,,synthetic-seed
71,24,PR_CREATED,PR,14,,"{""pr_number"": ""PR-2014""}",2026-05-15T07:09:36.211764+00:00,,synthetic-seed
72,24,RFQ_CLOSED,PR,14,,,2026-05-21T07:09:36.211764+00:00,,synthetic-seed
73,3,NFA_APPROVED,PR,14,,,2026-05-28T07:09:36.211764+00:00,,synthetic-seed
74,24,PO_CREATED,PO,13,,"{""po_number"": ""PO-3013""}",2026-05-29T07:09:36.211764+00:00,,synthetic-seed
75,1,RR_CREATED,RR,17,,"{""rr_number"": ""RR-1017""}",2026-05-07T03:09:36.211764+00:00,,synthetic-seed
76,17,RR_CREATED,RR,18,,"{""rr_number"": ""RR-1018""}",2026-02-28T21:09:36.211764+00:00,,synthetic-seed
77,2,DOA_APPROVED,RR,18,,,2026-03-03T21:09:36.211764+00:00,,synthetic-seed
78,24,PR_CREATED,PR,15,,"{""pr_number"": ""PR-2015""}",2026-03-17T21:09:36.211764+00:00,,synthetic-seed
79,24,PO_CREATED,PO,14,,"{""po_number"": ""PO-3014""}",2026-03-18T21:09:36.211764+00:00,,synthetic-seed
80,8,RR_CREATED,RR,19,,"{""rr_number"": ""RR-1019""}",2026-01-06T09:09:36.211764+00:00,,synthetic-seed
81,15,DOA_APPROVED,RR,19,,,2026-01-09T09:09:36.211764+00:00,,synthetic-seed
82,13,PR_CREATED,PR,16,,"{""pr_number"": ""PR-2016""}",2026-01-10T09:09:36.211764+00:00,,synthetic-seed
83,13,RFQ_CLOSED,PR,16,,,2026-01-17T09:09:36.211764+00:00,,synthetic-seed
84,3,NFA_APPROVED,PR,16,,,2026-01-23T09:09:36.211764+00:00,,synthetic-seed
85,13,PO_CREATED,PO,15,,"{""po_number"": ""PO-3015""}",2026-01-24T09:09:36.211764+00:00,,synthetic-seed
86,4,RR_CREATED,RR,20,,"{""rr_number"": ""RR-1020""}",2026-06-02T14:09:36.211764+00:00,,synthetic-seed
87,3,DOA_APPROVED,RR,20,,,2026-06-15T14:09:36.211764+00:00,,synthetic-seed
88,12,PR_CREATED,PR,17,,"{""pr_number"": ""PR-2017""}",2026-06-16T14:09:36.211764+00:00,,synthetic-seed
89,12,RFQ_CLOSED,PR,17,,,2026-06-25T14:09:36.211764+00:00,,synthetic-seed
90,15,NFA_APPROVED,PR,17,,,2026-06-30T14:09:36.211764+00:00,,synthetic-seed
91,12,PO_CREATED,PO,16,,"{""po_number"": ""PO-3016""}",2026-07-01T14:09:36.211764+00:00,,synthetic-seed
92,2,RR_CREATED,RR,21,,"{""rr_number"": ""RR-1021""}",2026-03-14T21:09:36.211764+00:00,,synthetic-seed
93,2,DOA_APPROVED,RR,21,,,2026-03-16T21:09:36.211764+00:00,,synthetic-seed
94,13,PR_CREATED,PR,18,,"{""pr_number"": ""PR-2018""}",2026-03-31T21:09:36.211764+00:00,,synthetic-seed
95,2,RR_CREATED,RR,22,,"{""rr_number"": ""RR-1022""}",2026-08-17T11:09:36.211764+00:00,,synthetic-seed
96,15,DOA_APPROVED,RR,22,,,2026-08-18T11:09:36.211764+00:00,,synthetic-seed
97,24,PR_CREATED,PR,19,,"{""pr_number"": ""PR-2019""}",2026-08-19T11:09:36.211764+00:00,,synthetic-seed
98,24,RFQ_CLOSED,PR,19,,,2026-08-29T11:09:36.211764+00:00,,synthetic-seed
99,1,RR_CREATED,RR,23,,"{""rr_number"": ""RR-1023""}",2026-08-20T02:09:36.211764+00:00,,synthetic-seed
100,15,DOA_APPROVED,RR,23,,,2026-08-24T02:09:36.211764+00:00,,synthetic-seed
101,12,PR_CREATED,PR,20,,"{""pr_number"": ""PR-2020""}",2026-08-26T02:09:36.211764+00:00,,synthetic-seed
102,12,RFQ_CLOSED,PR,20,,,2026-09-04T02:09:36.211764+00:00,,synthetic-seed
103,11,RR_CREATED,RR,24,,"{""rr_number"": ""RR-1024""}",2026-07-04T03:09:36.211764+00:00,,synthetic-seed
104,15,DOA_APPROVED,RR,24,,,2026-07-07T03:09:36.211764+00:00,,synthetic-seed
105,24,PR_CREATED,PR,21,,"{""pr_number"": ""PR-2021""}",2026-07-09T03:09:36.211764+00:00,,synthetic-seed
106,24,PO_CREATED,PO,17,,"{""po_number"": ""PO-3017""}",2026-07-10T03:09:36.211764+00:00,,synthetic-seed
107,23,RR_CREATED,RR,25,,"{""rr_number"": ""RR-1025""}",2026-06-02T12:09:36.211764+00:00,,synthetic-seed
108,2,DOA_APPROVED,RR,25,,,2026-06-04T12:09:36.211764+00:00,,synthetic-seed
109,5,PR_CREATED,PR,22,,"{""pr_number"": ""PR-2022""}",2026-06-05T12:09:36.211764+00:00,,synthetic-seed
110,7,RR_CREATED,RR,26,,"{""rr_number"": ""RR-1026""}",2026-02-09T02:09:36.211764+00:00,,synthetic-seed
111,3,DOA_APPROVED,RR,26,,,2026-02-11T02:09:36.211764+00:00,,synthetic-seed
112,13,PR_CREATED,PR,23,,"{""pr_number"": ""PR-2023""}",2026-02-13T02:09:36.211764+00:00,,synthetic-seed
113,13,RFQ_CLOSED,PR,23,,,2026-02-19T02:09:36.211764+00:00,,synthetic-seed
114,13,PO_CREATED,PO,18,,"{""po_number"": ""PO-3018""}",2026-02-20T02:09:36.211764+00:00,,synthetic-seed
115,5,RR_CREATED,RR,27,,"{""rr_number"": ""RR-1027""}",2026-05-18T22:09:36.211764+00:00,,synthetic-seed
116,15,DOA_APPROVED,RR,27,,,2026-05-22T22:09:36.211764+00:00,,synthetic-seed
117,13,PR_CREATED,PR,24,,"{""pr_number"": ""PR-2024""}",2026-05-23T22:09:36.211764+00:00,,synthetic-seed
118,13,RFQ_CLOSED,PR,24,,,2026-06-01T22:09:36.211764+00:00,,synthetic-seed
119,15,NFA_APPROVED,PR,24,,,2026-06-10T22:09:36.211764+00:00,,synthetic-seed
120,13,PO_CREATED,PO,19,,"{""po_number"": ""PO-3019""}",2026-06-11T22:09:36.211764+00:00,,synthetic-seed
121,6,RR_CREATED,RR,28,,"{""rr_number"": ""RR-1028""}",2026-04-01T04:09:36.211764+00:00,,synthetic-seed
122,3,DOA_APPROVED,RR,28,,,2026-04-04T04:09:36.211764+00:00,,synthetic-seed
123,13,PR_CREATED,PR,25,,"{""pr_number"": ""PR-2025""}",2026-04-07T04:09:36.211764+00:00,,synthetic-seed
124,13,RFQ_CLOSED,PR,25,,,2026-04-18T04:09:36.211764+00:00,,synthetic-seed
125,13,PO_CREATED,PO,20,,"{""po_number"": ""PO-3020""}",2026-04-19T04:09:36.211764+00:00,,synthetic-seed
126,18,RR_CREATED,RR,29,,"{""rr_number"": ""RR-1029""}",2026-06-18T15:09:36.211764+00:00,,synthetic-seed
127,3,DOA_APPROVED,RR,29,,,2026-06-20T15:09:36.211764+00:00,,synthetic-seed
128,13,PR_CREATED,PR,26,,"{""pr_number"": ""PR-2026""}",2026-06-21T15:09:36.211764+00:00,,synthetic-seed
129,13,RFQ_CLOSED,PR,26,,,2026-07-01T15:09:36.211764+00:00,,synthetic-seed
130,15,NFA_APPROVED,PR,26,,,2026-07-07T15:09:36.211764+00:00,,synthetic-seed
131,13,PO_CREATED,PO,21,,"{""po_number"": ""PO-3021""}",2026-07-08T15:09:36.211764+00:00,,synthetic-seed
132,21,RR_CREATED,RR,30,,"{""rr_number"": ""RR-1030""}",2025-11-27T19:09:36.211764+00:00,,synthetic-seed
133,2,DOA_APPROVED,RR,30,,,2025-11-29T19:09:36.211764+00:00,,synthetic-seed
134,24,PR_CREATED,PR,27,,"{""pr_number"": ""PR-2027""}",2025-12-01T19:09:36.211764+00:00,,synthetic-seed
135,24,PO_CREATED,PO,22,,"{""po_number"": ""PO-3022""}",2025-12-02T19:09:36.211764+00:00,,synthetic-seed
136,24,RR_CREATED,RR,31,,"{""rr_number"": ""RR-1031""}",2025-12-16T19:09:36.211764+00:00,,synthetic-seed
137,3,DOA_APPROVED,RR,31,,,2025-12-18T19:09:36.211764+00:00,,synthetic-seed
138,24,PR_CREATED,PR,28,,"{""pr_number"": ""PR-2028""}",2025-12-20T19:09:36.211764+00:00,,synthetic-seed
139,24,RFQ_CLOSED,PR,28,,,2025-12-30T19:09:36.211764+00:00,,synthetic-seed
140,15,NFA_APPROVED,PR,28,,,2026-01-30T10:09:36.211764+00:00,,synthetic-seed
141,24,PO_CREATED,PO,23,,"{""po_number"": ""PO-3023""}",2026-01-31T10:09:36.211764+00:00,,synthetic-seed
142,7,RR_CREATED,RR,32,,"{""rr_number"": ""RR-1032""}",2026-07-12T10:09:36.211764+00:00,,synthetic-seed
143,15,DOA_APPROVED,RR,32,,,2026-07-15T10:09:36.211764+00:00,,synthetic-seed
144,5,PR_CREATED,PR,29,,"{""pr_number"": ""PR-2029""}",2026-07-18T10:09:36.211764+00:00,,synthetic-seed
145,3,NFA_APPROVED,PR,29,,,2026-07-24T10:09:36.211764+00:00,,synthetic-seed
146,5,PO_CREATED,PO,24,,"{""po_number"": ""PO-3024""}",2026-07-25T10:09:36.211764+00:00,,synthetic-seed
147,9,RR_CREATED,RR,33,,"{""rr_number"": ""RR-1033""}",2026-06-22T13:09:36.211764+00:00,,synthetic-seed
148,21,RR_CREATED,RR,34,,"{""rr_number"": ""RR-1034""}",2026-06-12T20:09:36.211764+00:00,,synthetic-seed
149,15,DOA_APPROVED,RR,34,,,2026-06-13T20:09:36.211764+00:00,,synthetic-seed
150,12,PR_CREATED,PR,30,,"{""pr_number"": ""PR-2030""}",2026-06-15T20:09:36.211764+00:00,,synthetic-seed
151,6,RR_CREATED,RR,35,,"{""rr_number"": ""RR-1035""}",2026-03-02T01:09:36.211764+00:00,,synthetic-seed
152,3,DOA_APPROVED,RR,35,,,2026-03-06T01:09:36.211764+00:00,,synthetic-seed
153,5,PR_CREATED,PR,31,,"{""pr_number"": ""PR-2031""}",2026-03-08T01:09:36.211764+00:00,,synthetic-seed
154,5,RFQ_CLOSED,PR,31,,,2026-03-15T01:09:36.211764+00:00,,synthetic-seed
155,15,NFA_APPROVED,PR,31,,,2026-03-26T01:09:36.211764+00:00,,synthetic-seed
156,5,PO_CREATED,PO,25,,"{""po_number"": ""PO-3025""}",2026-03-27T01:09:36.211764+00:00,,synthetic-seed
157,6,RR_CREATED,RR,36,,"{""rr_number"": ""RR-1036""}",2026-03-12T05:09:36.211764+00:00,,synthetic-seed
158,15,DOA_APPROVED,RR,36,,,2026-03-14T05:09:36.211764+00:00,,synthetic-seed
159,12,PR_CREATED,PR,32,,"{""pr_number"": ""PR-2032""}",2026-03-15T05:09:36.211764+00:00,,synthetic-seed
160,3,NFA_APPROVED,PR,32,,,2026-03-20T05:09:36.211764+00:00,,synthetic-seed
161,12,PO_CREATED,PO,26,,"{""po_number"": ""PO-3026""}",2026-03-21T05:09:36.211764+00:00,,synthetic-seed
162,13,RR_CREATED,RR,37,,"{""rr_number"": ""RR-1037""}",2026-08-24T05:09:36.211764+00:00,,synthetic-seed
163,19,RR_CREATED,RR,38,,"{""rr_number"": ""RR-1038""}",2026-01-27T18:09:36.211764+00:00,,synthetic-seed
164,15,DOA_APPROVED,RR,38,,,2026-01-29T18:09:36.211764+00:00,,synthetic-seed
165,5,PR_CREATED,PR,33,,"{""pr_number"": ""PR-2033""}",2026-02-22T18:09:36.211764+00:00,,synthetic-seed
166,5,RFQ_CLOSED,PR,33,,,2026-03-05T18:09:36.211764+00:00,,synthetic-seed
167,15,NFA_APPROVED,PR,33,,,2026-03-14T18:09:36.211764+00:00,,synthetic-seed
168,5,PO_CREATED,PO,27,,"{""po_number"": ""PO-3027""}",2026-03-15T18:09:36.211764+00:00,,synthetic-seed
169,1,RR_CREATED,RR,39,,"{""rr_number"": ""RR-1039""}",2026-02-23T08:09:36.211764+00:00,,synthetic-seed
170,2,DOA_APPROVED,RR,39,,,2026-02-26T08:09:36.211764+00:00,,synthetic-seed
171,13,PR_CREATED,PR,34,,"{""pr_number"": ""PR-2034""}",2026-02-28T08:09:36.211764+00:00,,synthetic-seed
172,15,NFA_APPROVED,PR,34,,,2026-03-06T08:09:36.211764+00:00,,synthetic-seed
173,13,PO_CREATED,PO,28,,"{""po_number"": ""PO-3028""}",2026-03-07T08:09:36.211764+00:00,,synthetic-seed
174,6,RR_CREATED,RR,40,,"{""rr_number"": ""RR-1040""}",2026-07-26T11:09:36.211764+00:00,,synthetic-seed
175,3,DOA_APPROVED,RR,40,,,2026-07-27T11:09:36.211764+00:00,,synthetic-seed
176,12,PR_CREATED,PR,35,,"{""pr_number"": ""PR-2035""}",2026-07-30T11:09:36.211764+00:00,,synthetic-seed
177,12,RFQ_CLOSED,PR,35,,,2026-08-10T11:09:36.211764+00:00,,synthetic-seed
178,12,PO_CREATED,PO,29,,"{""po_number"": ""PO-3029""}",2026-08-16T11:09:36.211764+00:00,,synthetic-seed
179,24,RR_CREATED,RR,41,,"{""rr_number"": ""RR-1041""}",2026-04-25T16:09:36.211764+00:00,,synthetic-seed
180,15,DOA_APPROVED,RR,41,,,2026-04-29T16:09:36.211764+00:00,,synthetic-seed
181,24,PR_CREATED,PR,36,,"{""pr_number"": ""PR-2036""}",2026-05-18T16:09:36.211764+00:00,,synthetic-seed
182,3,NFA_APPROVED,PR,36,,,2026-05-21T16:09:36.211764+00:00,,synthetic-seed
183,24,PO_CREATED,PO,30,,"{""po_number"": ""PO-3030""}",2026-05-22T16:09:36.211764+00:00,,synthetic-seed
184,15,RR_CREATED,RR,42,,"{""rr_number"": ""RR-1042""}",2026-02-17T21:09:36.211764+00:00,,synthetic-seed
185,2,APPROVAL_ESCALATED,RR,42,,,2026-02-19T21:09:36.211764+00:00,,synthetic-seed
186,19,RR_CREATED,RR,43,,"{""rr_number"": ""RR-1043""}",2026-05-29T08:09:36.211764+00:00,,synthetic-seed
187,15,DOA_APPROVED,RR,43,,,2026-05-31T08:09:36.211764+00:00,,synthetic-seed
188,13,PR_CREATED,PR,37,,"{""pr_number"": ""PR-2037""}",2026-06-03T08:09:36.211764+00:00,,synthetic-seed
189,15,NFA_APPROVED,PR,37,,,2026-06-06T08:09:36.211764+00:00,,synthetic-seed
190,13,PO_CREATED,PO,31,,"{""po_number"": ""PO-3031""}",2026-06-07T08:09:36.211764+00:00,,synthetic-seed
191,7,RR_CREATED,RR,44,,"{""rr_number"": ""RR-1044""}",2026-01-06T02:09:36.211764+00:00,,synthetic-seed
192,15,DOA_APPROVED,RR,44,,,2026-01-08T02:09:36.211764+00:00,,synthetic-seed
193,5,PR_CREATED,PR,38,,"{""pr_number"": ""PR-2038""}",2026-01-09T02:09:36.211764+00:00,,synthetic-seed
194,5,RFQ_CLOSED,PR,38,,,2026-01-19T02:09:36.211764+00:00,,synthetic-seed
195,15,NFA_APPROVED,PR,38,,,2026-01-27T02:09:36.211764+00:00,,synthetic-seed
196,5,PO_CREATED,PO,32,,"{""po_number"": ""PO-3032""}",2026-01-28T02:09:36.211764+00:00,,synthetic-seed
197,1,RR_CREATED,RR,45,,"{""rr_number"": ""RR-1045""}",2026-02-02T14:09:36.211764+00:00,,synthetic-seed
198,2,DOA_APPROVED,RR,45,,,2026-02-06T14:09:36.211764+00:00,,synthetic-seed
199,13,PR_CREATED,PR,39,,"{""pr_number"": ""PR-2039""}",2026-02-08T14:09:36.211764+00:00,,synthetic-seed
200,13,PO_CREATED,PO,33,,"{""po_number"": ""PO-3033""}",2026-02-09T14:09:36.211764+00:00,,synthetic-seed
201,9,RR_CREATED,RR,46,,"{""rr_number"": ""RR-1046""}",2026-06-22T05:09:36.211764+00:00,,synthetic-seed
202,22,RR_CREATED,RR,47,,"{""rr_number"": ""RR-1047""}",2026-04-03T07:09:36.211764+00:00,,synthetic-seed
203,2,DOA_APPROVED,RR,47,,,2026-04-06T07:09:36.211764+00:00,,synthetic-seed
204,5,PR_CREATED,PR,40,,"{""pr_number"": ""PR-2040""}",2026-04-08T07:09:36.211764+00:00,,synthetic-seed
205,5,PO_CREATED,PO,34,,"{""po_number"": ""PO-3034""}",2026-04-09T07:09:36.211764+00:00,,synthetic-seed
206,6,RR_CREATED,RR,48,,"{""rr_number"": ""RR-1048""}",2026-05-08T10:09:36.211764+00:00,,synthetic-seed
207,7,RR_CREATED,RR,49,,"{""rr_number"": ""RR-1049""}",2026-04-06T13:09:36.211764+00:00,,synthetic-seed
208,18,RR_CREATED,RR,50,,"{""rr_number"": ""RR-1050""}",2026-01-27T21:09:36.211764+00:00,,synthetic-seed
209,2,DOA_APPROVED,RR,50,,,2026-01-31T21:09:36.211764+00:00,,synthetic-seed
210,24,PR_CREATED,PR,41,,"{""pr_number"": ""PR-2041""}",2026-02-02T21:09:36.211764+00:00,,synthetic-seed
211,24,RFQ_CLOSED,PR,41,,,2026-02-13T21:09:36.211764+00:00,,synthetic-seed
212,24,PO_CREATED,PO,35,,"{""po_number"": ""PO-3035""}",2026-03-08T00:09:36.211764+00:00,,synthetic-seed
213,7,RR_CREATED,RR,51,,"{""rr_number"": ""RR-1051""}",2026-08-13T23:09:36.211764+00:00,,synthetic-seed
214,15,DOA_APPROVED,RR,51,,,2026-08-16T23:09:36.211764+00:00,,synthetic-seed
215,12,PR_CREATED,PR,42,,"{""pr_number"": ""PR-2042""}",2026-08-18T23:09:36.211764+00:00,,synthetic-seed
216,12,RFQ_CLOSED,PR,42,,,2026-08-25T23:09:36.211764+00:00,,synthetic-seed
217,12,PO_CREATED,PO,36,,"{""po_number"": ""PO-3036""}",2026-09-02T17:09:36.211764+00:00,,synthetic-seed
218,22,RR_CREATED,RR,52,,"{""rr_number"": ""RR-1052""}",2026-07-24T02:09:36.211764+00:00,,synthetic-seed
219,2,DOA_APPROVED,RR,52,,,2026-07-27T02:09:36.211764+00:00,,synthetic-seed
220,5,PR_CREATED,PR,43,,"{""pr_number"": ""PR-2043""}",2026-07-28T02:09:36.211764+00:00,,synthetic-seed
221,5,RFQ_CLOSED,PR,43,,,2026-08-07T02:09:36.211764+00:00,,synthetic-seed
222,6,RR_CREATED,RR,53,,"{""rr_number"": ""RR-1053""}",2026-03-21T19:09:36.211764+00:00,,synthetic-seed
223,15,DOA_APPROVED,RR,53,,,2026-04-14T19:09:36.211764+00:00,,synthetic-seed
224,13,PR_CREATED,PR,44,,"{""pr_number"": ""PR-2044""}",2026-04-15T19:09:36.211764+00:00,,synthetic-seed
225,13,RFQ_CLOSED,PR,44,,,2026-04-23T19:09:36.211764+00:00,,synthetic-seed
226,15,NFA_APPROVED,PR,44,,,2026-04-27T19:09:36.211764+00:00,,synthetic-seed
227,13,PO_CREATED,PO,37,,"{""po_number"": ""PO-3037""}",2026-04-28T19:09:36.211764+00:00,,synthetic-seed
228,19,RR_CREATED,RR,54,,"{""rr_number"": ""RR-1054""}",2026-08-07T16:09:36.211764+00:00,,synthetic-seed
229,3,DOA_APPROVED,RR,54,,,2026-08-11T16:09:36.211764+00:00,,synthetic-seed
230,24,PR_CREATED,PR,45,,"{""pr_number"": ""PR-2045""}",2026-08-13T16:09:36.211764+00:00,,synthetic-seed
231,24,RFQ_CLOSED,PR,45,,,2026-08-24T16:09:36.211764+00:00,,synthetic-seed
232,17,RR_CREATED,RR,55,,"{""rr_number"": ""RR-1055""}",2026-02-21T16:09:36.211764+00:00,,synthetic-seed
233,15,DOA_APPROVED,RR,55,,,2026-02-23T16:09:36.211764+00:00,,synthetic-seed
234,12,PR_CREATED,PR,46,,"{""pr_number"": ""PR-2046""}",2026-02-25T16:09:36.211764+00:00,,synthetic-seed
235,3,NFA_APPROVED,PR,46,,,2026-03-03T16:09:36.211764+00:00,,synthetic-seed
236,12,PO_CREATED,PO,38,,"{""po_number"": ""PO-3038""}",2026-03-04T16:09:36.211764+00:00,,synthetic-seed
237,3,RR_CREATED,RR,56,,"{""rr_number"": ""RR-1056""}",2026-04-06T03:09:36.211764+00:00,,synthetic-seed
238,3,DOA_APPROVED,RR,56,,,2026-04-08T03:09:36.211764+00:00,,synthetic-seed
239,13,PR_CREATED,PR,47,,"{""pr_number"": ""PR-2047""}",2026-04-10T03:09:36.211764+00:00,,synthetic-seed
240,11,RR_CREATED,RR,57,,"{""rr_number"": ""RR-1057""}",2025-12-03T20:09:36.211764+00:00,,synthetic-seed
241,15,DOA_APPROVED,RR,57,,,2025-12-05T20:09:36.211764+00:00,,synthetic-seed
242,5,PR_CREATED,PR,48,,"{""pr_number"": ""PR-2048""}",2025-12-07T20:09:36.211764+00:00,,synthetic-seed
243,5,RFQ_CLOSED,PR,48,,,2025-12-15T20:09:36.211764+00:00,,synthetic-seed
244,15,NFA_APPROVED,PR,48,,,2025-12-27T00:09:36.211764+00:00,,synthetic-seed
245,5,PO_CREATED,PO,39,,"{""po_number"": ""PO-3039""}",2025-12-28T00:09:36.211764+00:00,,synthetic-seed
246,11,RR_CREATED,RR,58,,"{""rr_number"": ""RR-1058""}",2026-02-19T17:09:36.211764+00:00,,synthetic-seed
247,2,DOA_APPROVED,RR,58,,,2026-02-21T17:09:36.211764+00:00,,synthetic-seed
248,12,PR_CREATED,PR,49,,"{""pr_number"": ""PR-2049""}",2026-02-24T17:09:36.211764+00:00,,synthetic-seed
249,12,RFQ_CLOSED,PR,49,,,2026-03-04T17:09:36.211764+00:00,,synthetic-seed
250,2,RR_CREATED,RR,59,,"{""rr_number"": ""RR-1059""}",2026-05-26T19:09:36.211764+00:00,,synthetic-seed
251,3,DOA_APPROVED,RR,59,,,2026-05-27T19:09:36.211764+00:00,,synthetic-seed
252,12,PR_CREATED,PR,50,,"{""pr_number"": ""PR-2050""}",2026-05-28T19:09:36.211764+00:00,,synthetic-seed
253,14,RR_CREATED,RR,60,,"{""rr_number"": ""RR-1060""}",2026-07-23T16:09:36.211764+00:00,,synthetic-seed
254,15,DOA_APPROVED,RR,60,,,2026-07-26T16:09:36.211764+00:00,,synthetic-seed
255,5,PR_CREATED,PR,51,,"{""pr_number"": ""PR-2051""}",2026-07-28T16:09:36.211764+00:00,,synthetic-seed
256,24,RR_CREATED,RR,61,,"{""rr_number"": ""RR-1061""}",2026-07-09T07:09:36.211764+00:00,,synthetic-seed
257,15,DOA_APPROVED,RR,61,,,2026-07-11T07:09:36.211764+00:00,,synthetic-seed
258,24,PR_CREATED,PR,52,,"{""pr_number"": ""PR-2052""}",2026-07-28T07:09:36.211764+00:00,,synthetic-seed
259,24,RFQ_CLOSED,PR,52,,,2026-08-07T07:09:36.211764+00:00,,synthetic-seed
260,10,RR_CREATED,RR,62,,"{""rr_number"": ""RR-1062""}",2026-07-06T23:09:36.211764+00:00,,synthetic-seed
261,3,DOA_APPROVED,RR,62,,,2026-07-07T23:09:36.211764+00:00,,synthetic-seed
262,5,PR_CREATED,PR,53,,"{""pr_number"": ""PR-2053""}",2026-07-10T23:09:36.211764+00:00,,synthetic-seed
263,15,NFA_APPROVED,PR,53,,,2026-07-14T23:09:36.211764+00:00,,synthetic-seed
264,5,PO_CREATED,PO,40,,"{""po_number"": ""PO-3040""}",2026-07-15T23:09:36.211764+00:00,,synthetic-seed
265,14,RR_CREATED,RR,63,,"{""rr_number"": ""RR-1063""}",2026-04-30T04:09:36.211764+00:00,,synthetic-seed
266,3,RR_CREATED,RR,64,,"{""rr_number"": ""RR-1064""}",2026-03-30T13:09:36.211764+00:00,,synthetic-seed
267,2,DOA_APPROVED,RR,64,,,2026-04-03T13:09:36.211764+00:00,,synthetic-seed
268,24,PR_CREATED,PR,54,,"{""pr_number"": ""PR-2054""}",2026-04-06T13:09:36.211764+00:00,,synthetic-seed
269,24,RFQ_CLOSED,PR,54,,,2026-04-15T13:09:36.211764+00:00,,synthetic-seed
270,3,NFA_APPROVED,PR,54,,,2026-04-24T22:09:36.211764+00:00,,synthetic-seed
271,24,PO_CREATED,PO,41,,"{""po_number"": ""PO-3041""}",2026-04-25T22:09:36.211764+00:00,,synthetic-seed
272,23,RR_CREATED,RR,65,,"{""rr_number"": ""RR-1065""}",2026-04-03T17:09:36.211764+00:00,,synthetic-seed
273,15,DOA_APPROVED,RR,65,,,2026-04-05T17:09:36.211764+00:00,,synthetic-seed
274,12,PR_CREATED,PR,55,,"{""pr_number"": ""PR-2055""}",2026-04-07T17:09:36.211764+00:00,,synthetic-seed
275,17,RR_CREATED,RR,66,,"{""rr_number"": ""RR-1066""}",2026-02-16T16:09:36.211764+00:00,,synthetic-seed
276,2,DOA_APPROVED,RR,66,,,2026-02-18T16:09:36.211764+00:00,,synthetic-seed
277,12,PR_CREATED,PR,56,,"{""pr_number"": ""PR-2056""}",2026-02-20T16:09:36.211764+00:00,,synthetic-seed
278,12,RFQ_CLOSED,PR,56,,,2026-03-02T16:09:36.211764+00:00,,synthetic-seed
279,3,NFA_APPROVED,PR,56,,,2026-03-07T16:09:36.211764+00:00,,synthetic-seed
280,15,RR_CREATED,RR,67,,"{""rr_number"": ""RR-1067""}",2026-05-17T22:09:36.211764+00:00,,synthetic-seed
281,2,DOA_APPROVED,RR,67,,,2026-05-21T22:09:36.211764+00:00,,synthetic-seed
282,13,PR_CREATED,PR,57,,"{""pr_number"": ""PR-2057""}",2026-05-24T22:09:36.211764+00:00,,synthetic-seed
283,13,RFQ_CLOSED,PR,57,,,2026-06-02T22:09:36.211764+00:00,,synthetic-seed
284,15,NFA_APPROVED,PR,57,,,2026-06-10T22:09:36.211764+00:00,,synthetic-seed
285,13,PO_CREATED,PO,42,,"{""po_number"": ""PO-3042""}",2026-06-11T22:09:36.211764+00:00,,synthetic-seed
286,5,RR_CREATED,RR,68,,"{""rr_number"": ""RR-1068""}",2026-05-08T07:09:36.211764+00:00,,synthetic-seed
287,7,RR_CREATED,RR,69,,"{""rr_number"": ""RR-1069""}",2026-03-30T04:09:36.211764+00:00,,synthetic-seed
288,2,DOA_APPROVED,RR,69,,,2026-04-03T04:09:36.211764+00:00,,synthetic-seed
289,24,PR_CREATED,PR,58,,"{""pr_number"": ""PR-2058""}",2026-04-04T04:09:36.211764+00:00,,synthetic-seed
290,24,RFQ_CLOSED,PR,58,,,2026-04-11T04:09:36.211764+00:00,,synthetic-seed
291,15,NFA_APPROVED,PR,58,,,2026-04-16T04:09:36.211764+00:00,,synthetic-seed
292,24,PO_CREATED,PO,43,,"{""po_number"": ""PO-3043""}",2026-04-17T04:09:36.211764+00:00,,synthetic-seed
293,11,RR_CREATED,RR,70,,"{""rr_number"": ""RR-1070""}",2026-01-22T14:09:36.211764+00:00,,synthetic-seed
294,15,DOA_APPROVED,RR,70,,,2026-01-26T14:09:36.211764+00:00,,synthetic-seed
295,12,PR_CREATED,PR,59,,"{""pr_number"": ""PR-2059""}",2026-01-27T14:09:36.211764+00:00,,synthetic-seed
296,12,RFQ_CLOSED,PR,59,,,2026-02-02T14:09:36.211764+00:00,,synthetic-seed
297,3,NFA_APPROVED,PR,59,,,2026-02-12T14:09:36.211764+00:00,,synthetic-seed
298,12,PO_CREATED,PO,44,,"{""po_number"": ""PO-3044""}",2026-02-13T14:09:36.211764+00:00,,synthetic-seed
299,6,RR_CREATED,RR,71,,"{""rr_number"": ""RR-1071""}",2026-01-04T12:09:36.211764+00:00,,synthetic-seed
300,15,DOA_APPROVED,RR,71,,,2026-01-06T12:09:36.211764+00:00,,synthetic-seed
301,5,PR_CREATED,PR,60,,"{""pr_number"": ""PR-2060""}",2026-01-08T12:09:36.211764+00:00,,synthetic-seed
302,15,NFA_APPROVED,PR,60,,,2026-01-11T12:09:36.211764+00:00,,synthetic-seed
303,5,PO_CREATED,PO,45,,"{""po_number"": ""PO-3045""}",2026-01-12T12:09:36.211764+00:00,,synthetic-seed
304,20,RR_CREATED,RR,72,,"{""rr_number"": ""RR-1072""}",2026-01-10T02:09:36.211764+00:00,,synthetic-seed
305,3,DOA_APPROVED,RR,72,,,2026-02-07T02:09:36.211764+00:00,,synthetic-seed
306,12,PR_CREATED,PR,61,,"{""pr_number"": ""PR-2061""}",2026-02-09T02:09:36.211764+00:00,,synthetic-seed
307,12,RFQ_CLOSED,PR,61,,,2026-02-19T02:09:36.211764+00:00,,synthetic-seed
308,3,NFA_APPROVED,PR,61,,,2026-02-23T02:09:36.211764+00:00,,synthetic-seed
309,12,PO_CREATED,PO,46,,"{""po_number"": ""PO-3046""}",2026-02-24T02:09:36.211764+00:00,,synthetic-seed
310,14,RR_CREATED,RR,73,,"{""rr_number"": ""RR-1073""}",2025-12-26T06:09:36.211764+00:00,,synthetic-seed
311,3,DOA_APPROVED,RR,73,,,2026-01-17T06:09:36.211764+00:00,,synthetic-seed
312,24,PR_CREATED,PR,62,,"{""pr_number"": ""PR-2062""}",2026-01-20T06:09:36.211764+00:00,,synthetic-seed
313,3,NFA_APPROVED,PR,62,,,2026-01-23T06:09:36.211764+00:00,,synthetic-seed
314,24,PO_CREATED,PO,47,,"{""po_number"": ""PO-3047""}",2026-01-24T06:09:36.211764+00:00,,synthetic-seed
315,10,RR_CREATED,RR,74,,"{""rr_number"": ""RR-1074""}",2026-07-08T08:09:36.211764+00:00,,synthetic-seed
316,3,DOA_APPROVED,RR,74,,,2026-07-11T08:09:36.211764+00:00,,synthetic-seed
317,24,PR_CREATED,PR,63,,"{""pr_number"": ""PR-2063""}",2026-07-13T08:09:36.211764+00:00,,synthetic-seed
318,24,PO_CREATED,PO,48,,"{""po_number"": ""PO-3048""}",2026-07-14T08:09:36.211764+00:00,,synthetic-seed
319,3,RR_CREATED,RR,75,,"{""rr_number"": ""RR-1075""}",2025-12-17T14:09:36.211764+00:00,,synthetic-seed
320,15,DOA_APPROVED,RR,75,,,2025-12-20T14:09:36.211764+00:00,,synthetic-seed
321,5,PR_CREATED,PR,64,,"{""pr_number"": ""PR-2064""}",2025-12-22T14:09:36.211764+00:00,,synthetic-seed
322,3,NFA_REJECTED,PR,64,,,2025-12-28T14:09:36.211764+00:00,,synthetic-seed
323,4,RR_CREATED,RR,76,,"{""rr_number"": ""RR-1076""}",2026-01-08T20:09:36.211764+00:00,,synthetic-seed
324,2,DOA_APPROVED,RR,76,,,2026-01-09T20:09:36.211764+00:00,,synthetic-seed
325,13,PR_CREATED,PR,65,,"{""pr_number"": ""PR-2065""}",2026-01-11T20:09:36.211764+00:00,,synthetic-seed
326,13,RFQ_CLOSED,PR,65,,,2026-01-21T20:09:36.211764+00:00,,synthetic-seed
327,15,NFA_APPROVED,PR,65,,,2026-02-26T12:09:36.211764+00:00,,synthetic-seed
328,13,PO_CREATED,PO,49,,"{""po_number"": ""PO-3049""}",2026-02-27T12:09:36.211764+00:00,,synthetic-seed
329,6,RR_CREATED,RR,77,,"{""rr_number"": ""RR-1077""}",2026-04-19T03:09:36.211764+00:00,,synthetic-seed
330,7,RR_CREATED,RR,78,,"{""rr_number"": ""RR-1078""}",2026-07-05T01:09:36.211764+00:00,,synthetic-seed
331,2,DOA_APPROVED,RR,78,,,2026-07-07T01:09:36.211764+00:00,,synthetic-seed
332,13,PR_CREATED,PR,66,,"{""pr_number"": ""PR-2066""}",2026-07-10T01:09:36.211764+00:00,,synthetic-seed
333,13,RFQ_CLOSED,PR,66,,,2026-07-20T01:09:36.211764+00:00,,synthetic-seed
334,13,PO_CREATED,PO,50,,"{""po_number"": ""PO-3050""}",2026-07-21T01:09:36.211764+00:00,,synthetic-seed
335,24,RR_CREATED,RR,79,,"{""rr_number"": ""RR-1079""}",2025-12-24T22:09:36.211764+00:00,,synthetic-seed
336,2,DOA_APPROVED,RR,79,,,2025-12-27T22:09:36.211764+00:00,,synthetic-seed
337,5,PR_CREATED,PR,67,,"{""pr_number"": ""PR-2067""}",2025-12-28T22:09:36.211764+00:00,,synthetic-seed
338,5,RFQ_CLOSED,PR,67,,,2026-01-06T22:09:36.211764+00:00,,synthetic-seed
339,3,NFA_APPROVED,PR,67,,,2026-01-23T22:09:36.211764+00:00,,synthetic-seed
340,5,PO_CREATED,PO,51,,"{""po_number"": ""PO-3051""}",2026-01-24T22:09:36.211764+00:00,,synthetic-seed
341,13,RR_CREATED,RR,80,,"{""rr_number"": ""RR-1080""}",2026-05-16T21:09:36.211764+00:00,,synthetic-seed
342,2,DOA_APPROVED,RR,80,,,2026-05-18T21:09:36.211764+00:00,,synthetic-seed
343,12,PR_CREATED,PR,68,,"{""pr_number"": ""PR-2068""}",2026-05-19T21:09:36.211764+00:00,,synthetic-seed
344,12,RFQ_CLOSED,PR,68,,,2026-05-29T21:09:36.211764+00:00,,synthetic-seed
345,15,NFA_APPROVED,PR,68,,,2026-06-08T20:09:36.211764+00:00,,synthetic-seed
346,12,PO_CREATED,PO,52,,"{""po_number"": ""PO-3052""}",2026-06-09T20:09:36.211764+00:00,,synthetic-seed
347,4,RR_CREATED,RR,81,,"{""rr_number"": ""RR-1081""}",2026-05-11T04:09:36.211764+00:00,,synthetic-seed
348,2,DOA_APPROVED,RR,81,,,2026-05-15T04:09:36.211764+00:00,,synthetic-seed
349,24,PR_CREATED,PR,69,,"{""pr_number"": ""PR-2069""}",2026-05-18T04:09:36.211764+00:00,,synthetic-seed
350,24,RFQ_CLOSED,PR,69,,,2026-06-14T04:09:36.211764+00:00,,synthetic-seed
351,24,PO_CREATED,PO,53,,"{""po_number"": ""PO-3053""}",2026-06-22T04:09:36.211764+00:00,,synthetic-seed
352,19,RR_CREATED,RR,82,,"{""rr_number"": ""RR-1082""}",2026-01-27T08:09:36.211764+00:00,,synthetic-seed
353,2,DOA_APPROVED,RR,82,,,2026-01-28T08:09:36.211764+00:00,,synthetic-seed
354,12,PR_CREATED,PR,70,,"{""pr_number"": ""PR-2070""}",2026-01-31T08:09:36.211764+00:00,,synthetic-seed
355,12,PO_CREATED,PO,54,,"{""po_number"": ""PO-3054""}",2026-02-01T08:09:36.211764+00:00,,synthetic-seed
356,23,RR_CREATED,RR,83,,"{""rr_number"": ""RR-1083""}",2026-08-01T22:09:36.211764+00:00,,synthetic-seed
357,2,DOA_APPROVED,RR,83,,,2026-08-02T22:09:36.211764+00:00,,synthetic-seed
358,5,PR_CREATED,PR,71,,"{""pr_number"": ""PR-2071""}",2026-08-04T22:09:36.211764+00:00,,synthetic-seed
359,5,RFQ_CLOSED,PR,71,,,2026-08-12T22:09:36.211764+00:00,,synthetic-seed
360,7,RR_CREATED,RR,84,,"{""rr_number"": ""RR-1084""}",2026-04-15T01:09:36.211764+00:00,,synthetic-seed
361,2,DOA_APPROVED,RR,84,,,2026-04-18T01:09:36.211764+00:00,,synthetic-seed
362,13,PR_CREATED,PR,72,,"{""pr_number"": ""PR-2072""}",2026-04-21T01:09:36.211764+00:00,,synthetic-seed
363,13,PO_CREATED,PO,55,,"{""po_number"": ""PO-3055""}",2026-04-22T01:09:36.211764+00:00,,synthetic-seed
364,9,RR_CREATED,RR,85,,"{""rr_number"": ""RR-1085""}",2026-07-08T16:09:36.211764+00:00,,synthetic-seed
365,3,DOA_APPROVED,RR,85,,,2026-07-10T16:09:36.211764+00:00,,synthetic-seed
366,12,PR_CREATED,PR,73,,"{""pr_number"": ""PR-2073""}",2026-07-13T16:09:36.211764+00:00,,synthetic-seed
367,13,RR_CREATED,RR,86,,"{""rr_number"": ""RR-1086""}",2026-04-25T05:09:36.211764+00:00,,synthetic-seed
368,2,DOA_APPROVED,RR,86,,,2026-04-26T05:09:36.211764+00:00,,synthetic-seed
369,24,PR_CREATED,PR,74,,"{""pr_number"": ""PR-2074""}",2026-04-27T05:09:36.211764+00:00,,synthetic-seed
370,24,RFQ_CLOSED,PR,74,,,2026-05-03T05:09:36.211764+00:00,,synthetic-seed
371,3,NFA_APPROVED,PR,74,,,2026-05-06T05:09:36.211764+00:00,,synthetic-seed
372,24,PO_CREATED,PO,56,,"{""po_number"": ""PO-3056""}",2026-05-07T05:09:36.211764+00:00,,synthetic-seed
373,6,RR_CREATED,RR,87,,"{""rr_number"": ""RR-1087""}",2026-08-18T07:09:36.211764+00:00,,synthetic-seed
374,2,DOA_APPROVED,RR,87,,,2026-08-21T07:09:36.211764+00:00,,synthetic-seed
375,24,PR_CREATED,PR,75,,"{""pr_number"": ""PR-2075""}",2026-08-22T07:09:36.211764+00:00,,synthetic-seed
376,24,PO_CREATED,PO,57,,"{""po_number"": ""PO-3057""}",2026-08-23T07:09:36.211764+00:00,,synthetic-seed
377,9,RR_CREATED,RR,88,,"{""rr_number"": ""RR-1088""}",2026-06-06T11:09:36.211764+00:00,,synthetic-seed
378,6,RR_CREATED,RR,89,,"{""rr_number"": ""RR-1089""}",2026-03-26T13:09:36.211764+00:00,,synthetic-seed
379,2,DOA_APPROVED,RR,89,,,2026-03-27T13:09:36.211764+00:00,,synthetic-seed
380,13,PR_CREATED,PR,76,,"{""pr_number"": ""PR-2076""}",2026-03-28T13:09:36.211764+00:00,,synthetic-seed
381,13,PO_CREATED,PO,58,,"{""po_number"": ""PO-3058""}",2026-03-29T13:09:36.211764+00:00,,synthetic-seed
382,21,RR_CREATED,RR,90,,"{""rr_number"": ""RR-1090""}",2025-12-06T15:09:36.211764+00:00,,synthetic-seed
383,2,DOA_APPROVED,RR,90,,,2025-12-08T15:09:36.211764+00:00,,synthetic-seed
384,24,PR_CREATED,PR,77,,"{""pr_number"": ""PR-2077""}",2025-12-09T15:09:36.211764+00:00,,synthetic-seed
385,24,RFQ_CLOSED,PR,77,,,2025-12-20T15:09:36.211764+00:00,,synthetic-seed
386,11,RR_CREATED,RR,91,,"{""rr_number"": ""RR-1091""}",2026-06-13T11:09:36.211764+00:00,,synthetic-seed
387,2,DOA_APPROVED,RR,91,,,2026-06-17T11:09:36.211764+00:00,,synthetic-seed
388,5,PR_CREATED,PR,78,,"{""pr_number"": ""PR-2078""}",2026-06-20T11:09:36.211764+00:00,,synthetic-seed
389,5,RFQ_CLOSED,PR,78,,,2026-06-29T11:09:36.211764+00:00,,synthetic-seed
390,3,NFA_APPROVED,PR,78,,,2026-07-28T08:09:36.211764+00:00,,synthetic-seed
391,5,PO_CREATED,PO,59,,"{""po_number"": ""PO-3059""}",2026-07-29T08:09:36.211764+00:00,,synthetic-seed
392,20,RR_CREATED,RR,92,,"{""rr_number"": ""RR-1092""}",2026-06-14T21:09:36.211764+00:00,,synthetic-seed
393,2,DOA_APPROVED,RR,92,,,2026-06-18T21:09:36.211764+00:00,,synthetic-seed
394,24,PR_CREATED,PR,79,,"{""pr_number"": ""PR-2079""}",2026-06-20T21:09:36.211764+00:00,,synthetic-seed
395,24,RFQ_CLOSED,PR,79,,,2026-06-27T21:09:36.211764+00:00,,synthetic-seed
396,24,PO_CREATED,PO,60,,"{""po_number"": ""PO-3060""}",2026-06-28T21:09:36.211764+00:00,,synthetic-seed
397,5,RR_CREATED,RR,93,,"{""rr_number"": ""RR-1093""}",2026-05-29T02:09:36.211764+00:00,,synthetic-seed
398,2,DOA_APPROVED,RR,93,,,2026-05-30T02:09:36.211764+00:00,,synthetic-seed
399,12,PR_CREATED,PR,80,,"{""pr_number"": ""PR-2080""}",2026-05-31T02:09:36.211764+00:00,,synthetic-seed
400,12,PO_CREATED,PO,61,,"{""po_number"": ""PO-3061""}",2026-06-01T02:09:36.211764+00:00,,synthetic-seed
401,22,RR_CREATED,RR,94,,"{""rr_number"": ""RR-1094""}",2026-02-20T08:09:36.211764+00:00,,synthetic-seed
402,15,DOA_APPROVED,RR,94,,,2026-02-21T08:09:36.211764+00:00,,synthetic-seed
403,13,PR_CREATED,PR,81,,"{""pr_number"": ""PR-2081""}",2026-02-22T08:09:36.211764+00:00,,synthetic-seed
404,13,RFQ_CLOSED,PR,81,,,2026-03-03T08:09:36.211764+00:00,,synthetic-seed
405,13,PO_CREATED,PO,62,,"{""po_number"": ""PO-3062""}",2026-03-09T02:09:36.211764+00:00,,synthetic-seed
406,6,RR_CREATED,RR,95,,"{""rr_number"": ""RR-1095""}",2026-06-28T04:09:36.211764+00:00,,synthetic-seed
407,2,DOA_APPROVED,RR,95,,,2026-07-24T04:09:36.211764+00:00,,synthetic-seed
408,12,PR_CREATED,PR,82,,"{""pr_number"": ""PR-2082""}",2026-07-27T04:09:36.211764+00:00,,synthetic-seed
409,15,NFA_APPROVED,PR,82,,,2026-07-30T04:09:36.211764+00:00,,synthetic-seed
410,12,PO_CREATED,PO,63,,"{""po_number"": ""PO-3063""}",2026-07-31T04:09:36.211764+00:00,,synthetic-seed
411,6,RR_CREATED,RR,96,,"{""rr_number"": ""RR-1096""}",2026-07-02T04:09:36.211764+00:00,,synthetic-seed
412,2,DOA_APPROVED,RR,96,,,2026-07-04T04:09:36.211764+00:00,,synthetic-seed
413,24,PR_CREATED,PR,83,,"{""pr_number"": ""PR-2083""}",2026-07-07T04:09:36.211764+00:00,,synthetic-seed
414,24,PO_CREATED,PO,64,,"{""po_number"": ""PO-3064""}",2026-07-08T04:09:36.211764+00:00,,synthetic-seed
415,10,RR_CREATED,RR,97,,"{""rr_number"": ""RR-1097""}",2026-07-29T02:09:36.211764+00:00,,synthetic-seed
416,16,RR_CREATED,RR,98,,"{""rr_number"": ""RR-1098""}",2026-07-31T19:09:36.211764+00:00,,synthetic-seed
417,2,DOA_APPROVED,RR,98,,,2026-08-03T19:09:36.211764+00:00,,synthetic-seed
418,13,PR_CREATED,PR,84,,"{""pr_number"": ""PR-2084""}",2026-08-06T19:09:36.211764+00:00,,synthetic-seed
419,3,NFA_APPROVED,PR,84,,,2026-08-11T19:09:36.211764+00:00,,synthetic-seed
420,13,PO_CREATED,PO,65,,"{""po_number"": ""PO-3065""}",2026-08-12T19:09:36.211764+00:00,,synthetic-seed
421,22,RR_CREATED,RR,99,,"{""rr_number"": ""RR-1099""}",2026-07-09T03:09:36.211764+00:00,,synthetic-seed
422,2,DOA_APPROVED,RR,99,,,2026-07-13T03:09:36.211764+00:00,,synthetic-seed
423,5,PR_CREATED,PR,85,,"{""pr_number"": ""PR-2085""}",2026-08-01T03:09:36.211764+00:00,,synthetic-seed
424,5,RFQ_CLOSED,PR,85,,,2026-08-11T03:09:36.211764+00:00,,synthetic-seed
425,5,PO_CREATED,PO,66,,"{""po_number"": ""PO-3066""}",2026-08-16T03:09:36.211764+00:00,,synthetic-seed
426,7,RR_CREATED,RR,100,,"{""rr_number"": ""RR-1100""}",2026-05-25T01:09:36.211764+00:00,,synthetic-seed
427,3,DOA_APPROVED,RR,100,,,2026-05-29T01:09:36.211764+00:00,,synthetic-seed
428,5,PR_CREATED,PR,86,,"{""pr_number"": ""PR-2086""}",2026-05-31T01:09:36.211764+00:00,,synthetic-seed
429,5,PO_CREATED,PO,67,,"{""po_number"": ""PO-3067""}",2026-06-01T01:09:36.211764+00:00,,synthetic-seed
430,19,RR_CREATED,RR,101,,"{""rr_number"": ""RR-1101""}",2026-04-15T09:09:36.211764+00:00,,synthetic-seed
431,15,DOA_APPROVED,RR,101,,,2026-04-19T09:09:36.211764+00:00,,synthetic-seed
432,13,PR_CREATED,PR,87,,"{""pr_number"": ""PR-2087""}",2026-04-21T09:09:36.211764+00:00,,synthetic-seed
433,13,RFQ_CLOSED,PR,87,,,2026-05-30T09:09:36.211764+00:00,,synthetic-seed
434,3,NFA_APPROVED,PR,87,,,2026-06-02T09:09:36.211764+00:00,,synthetic-seed
435,13,PO_CREATED,PO,68,,"{""po_number"": ""PO-3068""}",2026-06-03T09:09:36.211764+00:00,,synthetic-seed
436,19,RR_CREATED,RR,102,,"{""rr_number"": ""RR-1102""}",2025-12-11T03:09:36.211764+00:00,,synthetic-seed
437,3,DOA_APPROVED,RR,102,,,2025-12-14T03:09:36.211764+00:00,,synthetic-seed
438,13,PR_CREATED,PR,88,,"{""pr_number"": ""PR-2088""}",2025-12-16T03:09:36.211764+00:00,,synthetic-seed
439,13,RFQ_CLOSED,PR,88,,,2025-12-27T03:09:36.211764+00:00,,synthetic-seed
440,15,NFA_APPROVED,PR,88,,,2026-01-04T16:09:36.211764+00:00,,synthetic-seed
441,13,PO_CREATED,PO,69,,"{""po_number"": ""PO-3069""}",2026-01-05T16:09:36.211764+00:00,,synthetic-seed
442,7,RR_CREATED,RR,103,,"{""rr_number"": ""RR-1103""}",2026-05-08T04:09:36.211764+00:00,,synthetic-seed
443,13,RR_CREATED,RR,104,,"{""rr_number"": ""RR-1104""}",2026-08-04T18:09:36.211764+00:00,,synthetic-seed
444,15,DOA_APPROVED,RR,104,,,2026-08-07T18:09:36.211764+00:00,,synthetic-seed
445,12,PR_CREATED,PR,89,,"{""pr_number"": ""PR-2089""}",2026-08-08T18:09:36.211764+00:00,,synthetic-seed
446,12,RFQ_CLOSED,PR,89,,,2026-08-19T18:09:36.211764+00:00,,synthetic-seed
447,17,RR_CREATED,RR,105,,"{""rr_number"": ""RR-1105""}",2026-06-17T04:09:36.211764+00:00,,synthetic-seed
448,2,DOA_APPROVED,RR,105,,,2026-06-19T04:09:36.211764+00:00,,synthetic-seed
449,13,PR_CREATED,PR,90,,"{""pr_number"": ""PR-2090""}",2026-06-22T04:09:36.211764+00:00,,synthetic-seed
450,13,RFQ_CLOSED,PR,90,,,2026-07-03T04:09:36.211764+00:00,,synthetic-seed
451,13,PO_CREATED,PO,70,,"{""po_number"": ""PO-3070""}",2026-07-04T04:09:36.211764+00:00,,synthetic-seed
452,13,RR_CREATED,RR,106,,"{""rr_number"": ""RR-1106""}",2026-05-26T15:09:36.211764+00:00,,synthetic-seed
453,15,DOA_APPROVED,RR,106,,,2026-05-29T15:09:36.211764+00:00,,synthetic-seed
454,24,PR_CREATED,PR,91,,"{""pr_number"": ""PR-2091""}",2026-05-30T15:09:36.211764+00:00,,synthetic-seed
455,3,NFA_APPROVED,PR,91,,,2026-06-02T15:09:36.211764+00:00,,synthetic-seed
456,24,PO_CREATED,PO,71,,"{""po_number"": ""PO-3071""}",2026-06-03T15:09:36.211764+00:00,,synthetic-seed
457,3,RR_CREATED,RR,107,,"{""rr_number"": ""RR-1107""}",2026-08-18T13:09:36.211764+00:00,,synthetic-seed
458,3,DOA_APPROVED,RR,107,,,2026-08-20T13:09:36.211764+00:00,,synthetic-seed
459,12,PR_CREATED,PR,92,,"{""pr_number"": ""PR-2092""}",2026-08-22T13:09:36.211764+00:00,,synthetic-seed
460,12,RFQ_CLOSED,PR,92,,,2026-09-20T13:09:36.211764+00:00,,synthetic-seed
461,15,NFA_APPROVED,PR,92,,,2026-09-24T13:09:36.211764+00:00,,synthetic-seed
462,12,PO_CREATED,PO,72,,"{""po_number"": ""PO-3072""}",2026-09-25T13:09:36.211764+00:00,,synthetic-seed
463,9,RR_CREATED,RR,108,,"{""rr_number"": ""RR-1108""}",2026-06-16T08:09:36.211764+00:00,,synthetic-seed
464,2,DOA_APPROVED,RR,108,,,2026-06-20T08:09:36.211764+00:00,,synthetic-seed
465,13,PR_CREATED,PR,93,,"{""pr_number"": ""PR-2093""}",2026-06-23T08:09:36.211764+00:00,,synthetic-seed
466,13,RFQ_CLOSED,PR,93,,,2026-07-04T08:09:36.211764+00:00,,synthetic-seed
467,15,NFA_APPROVED,PR,93,,,2026-08-06T21:09:36.211764+00:00,,synthetic-seed
468,21,RR_CREATED,RR,109,,"{""rr_number"": ""RR-1109""}",2026-03-12T11:09:36.211764+00:00,,synthetic-seed
469,2,DOA_APPROVED,RR,109,,,2026-03-16T11:09:36.211764+00:00,,synthetic-seed
470,24,PR_CREATED,PR,94,,"{""pr_number"": ""PR-2094""}",2026-03-17T11:09:36.211764+00:00,,synthetic-seed
471,24,RFQ_CLOSED,PR,94,,,2026-03-25T11:09:36.211764+00:00,,synthetic-seed
472,3,NFA_REJECTED,PR,94,,,2026-03-30T11:09:36.211764+00:00,,synthetic-seed
473,3,RR_CREATED,RR,110,,"{""rr_number"": ""RR-1110""}",2026-08-13T12:09:36.211764+00:00,,synthetic-seed
474,2,DOA_APPROVED,RR,110,,,2026-08-17T12:09:36.211764+00:00,,synthetic-seed
475,12,PR_CREATED,PR,95,,"{""pr_number"": ""PR-2095""}",2026-08-19T12:09:36.211764+00:00,,synthetic-seed
476,15,NFA_APPROVED,PR,95,,,2026-08-24T12:09:36.211764+00:00,,synthetic-seed
477,12,PO_CREATED,PO,73,,"{""po_number"": ""PO-3073""}",2026-08-25T12:09:36.211764+00:00,,synthetic-seed
478,6,RR_CREATED,RR,111,,"{""rr_number"": ""RR-1111""}",2026-01-16T09:09:36.211764+00:00,,synthetic-seed
479,3,DOA_APPROVED,RR,111,,,2026-01-17T09:09:36.211764+00:00,,synthetic-seed
480,12,PR_CREATED,PR,96,,"{""pr_number"": ""PR-2096""}",2026-01-20T09:09:36.211764+00:00,,synthetic-seed
481,12,PO_CREATED,PO,74,,"{""po_number"": ""PO-3074""}",2026-01-21T09:09:36.211764+00:00,,synthetic-seed
482,16,RR_CREATED,RR,112,,"{""rr_number"": ""RR-1112""}",2026-05-19T13:09:36.211764+00:00,,synthetic-seed
483,3,DOA_APPROVED,RR,112,,,2026-05-20T13:09:36.211764+00:00,,synthetic-seed
484,5,PR_CREATED,PR,97,,"{""pr_number"": ""PR-2097""}",2026-05-23T13:09:36.211764+00:00,,synthetic-seed
485,5,RFQ_CLOSED,PR,97,,,2026-06-02T13:09:36.211764+00:00,,synthetic-seed
486,3,NFA_APPROVED,PR,97,,,2026-06-05T13:09:36.211764+00:00,,synthetic-seed
487,5,PO_CREATED,PO,75,,"{""po_number"": ""PO-3075""}",2026-06-06T13:09:36.211764+00:00,,synthetic-seed
488,16,RR_CREATED,RR,113,,"{""rr_number"": ""RR-1113""}",2025-12-21T05:09:36.211764+00:00,,synthetic-seed
489,15,DOA_APPROVED,RR,113,,,2025-12-23T05:09:36.211764+00:00,,synthetic-seed
490,24,PR_CREATED,PR,98,,"{""pr_number"": ""PR-2098""}",2025-12-25T05:09:36.211764+00:00,,synthetic-seed
491,24,RFQ_CLOSED,PR,98,,,2026-01-28T05:09:36.211764+00:00,,synthetic-seed
492,3,NFA_APPROVED,PR,98,,,2026-01-31T05:09:36.211764+00:00,,synthetic-seed
493,24,PO_CREATED,PO,76,,"{""po_number"": ""PO-3076""}",2026-02-01T05:09:36.211764+00:00,,synthetic-seed
494,13,RR_CREATED,RR,114,,"{""rr_number"": ""RR-1114""}",2026-07-22T23:09:36.211764+00:00,,synthetic-seed
495,12,RR_CREATED,RR,115,,"{""rr_number"": ""RR-1115""}",2026-07-06T14:09:36.211764+00:00,,synthetic-seed
496,15,DOA_APPROVED,RR,115,,,2026-07-09T14:09:36.211764+00:00,,synthetic-seed
497,5,PR_CREATED,PR,99,,"{""pr_number"": ""PR-2099""}",2026-07-11T14:09:36.211764+00:00,,synthetic-seed
498,5,RFQ_CLOSED,PR,99,,,2026-08-11T14:09:36.211764+00:00,,synthetic-seed
499,15,NFA_APPROVED,PR,99,,,2026-08-14T14:09:36.211764+00:00,,synthetic-seed
500,5,PO_CREATED,PO,77,,"{""po_number"": ""PO-3077""}",2026-08-15T14:09:36.211764+00:00,,synthetic-seed
501,7,RR_CREATED,RR,116,,"{""rr_number"": ""RR-1116""}",2026-04-25T17:09:36.211764+00:00,,synthetic-seed
502,15,DOA_APPROVED,RR,116,,,2026-05-29T17:09:36.211764+00:00,,synthetic-seed
503,24,PR_CREATED,PR,100,,"{""pr_number"": ""PR-2100""}",2026-05-31T17:09:36.211764+00:00,,synthetic-seed
504,24,RFQ_CLOSED,PR,100,,,2026-06-08T17:09:36.211764+00:00,,synthetic-seed
505,24,PO_CREATED,PO,78,,"{""po_number"": ""PO-3078""}",2026-06-09T17:09:36.211764+00:00,,synthetic-seed
506,11,RR_CREATED,RR,117,,"{""rr_number"": ""RR-1117""}",2026-04-25T04:09:36.211764+00:00,,synthetic-seed
507,2,DOA_APPROVED,RR,117,,,2026-04-27T04:09:36.211764+00:00,,synthetic-seed
508,13,PR_CREATED,PR,101,,"{""pr_number"": ""PR-2101""}",2026-04-30T04:09:36.211764+00:00,,synthetic-seed
509,15,NFA_APPROVED,PR,101,,,2026-05-06T04:09:36.211764+00:00,,synthetic-seed
510,13,PO_CREATED,PO,79,,"{""po_number"": ""PO-3079""}",2026-05-07T04:09:36.211764+00:00,,synthetic-seed
511,15,RR_CREATED,RR,118,,"{""rr_number"": ""RR-1118""}",2026-04-02T13:09:36.211764+00:00,,synthetic-seed
512,2,DOA_APPROVED,RR,118,,,2026-04-05T13:09:36.211764+00:00,,synthetic-seed
513,5,PR_CREATED,PR,102,,"{""pr_number"": ""PR-2102""}",2026-04-06T13:09:36.211764+00:00,,synthetic-seed
514,5,RFQ_CLOSED,PR,102,,,2026-04-28T13:09:36.211764+00:00,,synthetic-seed
515,3,NFA_APPROVED,PR,102,,,2026-05-12T01:09:36.211764+00:00,,synthetic-seed
516,5,PO_CREATED,PO,80,,"{""po_number"": ""PO-3080""}",2026-05-13T01:09:36.211764+00:00,,synthetic-seed
517,9,RR_CREATED,RR,119,,"{""rr_number"": ""RR-1119""}",2026-05-29T12:09:36.211764+00:00,,synthetic-seed
518,3,DOA_APPROVED,RR,119,,,2026-06-02T12:09:36.211764+00:00,,synthetic-seed
519,12,PR_CREATED,PR,103,,"{""pr_number"": ""PR-2103""}",2026-06-04T12:09:36.211764+00:00,,synthetic-seed
520,5,RR_CREATED,RR,120,,"{""rr_number"": ""RR-1120""}",2025-12-26T12:09:36.211764+00:00,,synthetic-seed
521,15,DOA_APPROVED,RR,120,,,2025-12-30T12:09:36.211764+00:00,,synthetic-seed
522,12,PR_CREATED,PR,104,,"{""pr_number"": ""PR-2104""}",2026-01-02T12:09:36.211764+00:00,,synthetic-seed
523,12,RFQ_CLOSED,PR,104,,,2026-01-10T12:09:36.211764+00:00,,synthetic-seed
524,3,NFA_APPROVED,PR,104,,,2026-02-15T03:09:36.211764+00:00,,synthetic-seed
525,12,PO_CREATED,PO,81,,"{""po_number"": ""PO-3081""}",2026-02-16T03:09:36.211764+00:00,,synthetic-seed
526,10,RR_CREATED,RR,121,,"{""rr_number"": ""RR-1121""}",2026-06-26T02:09:36.211764+00:00,,synthetic-seed
527,2,DOA_APPROVED,RR,121,,,2026-06-29T02:09:36.211764+00:00,,synthetic-seed
528,24,PR_CREATED,PR,105,,"{""pr_number"": ""PR-2105""}",2026-07-21T02:09:36.211764+00:00,,synthetic-seed
529,15,NFA_APPROVED,PR,105,,,2026-07-26T02:09:36.211764+00:00,,synthetic-seed
530,24,PO_CREATED,PO,82,,"{""po_number"": ""PO-3082""}",2026-07-27T02:09:36.211764+00:00,,synthetic-seed
531,24,RR_CREATED,RR,122,,"{""rr_number"": ""RR-1122""}",2026-03-23T13:09:36.211764+00:00,,synthetic-seed
532,2,DOA_APPROVED,RR,122,,,2026-03-24T13:09:36.211764+00:00,,synthetic-seed
533,12,PR_CREATED,PR,106,,"{""pr_number"": ""PR-2106""}",2026-03-25T13:09:36.211764+00:00,,synthetic-seed
534,12,RFQ_CLOSED,PR,106,,,2026-03-31T13:09:36.211764+00:00,,synthetic-seed
535,3,NFA_APPROVED,PR,106,,,2026-04-12T14:09:36.211764+00:00,,synthetic-seed
536,12,PO_CREATED,PO,83,,"{""po_number"": ""PO-3083""}",2026-04-13T14:09:36.211764+00:00,,synthetic-seed
537,9,RR_CREATED,RR,123,,"{""rr_number"": ""RR-1123""}",2026-06-06T14:09:36.211764+00:00,,synthetic-seed
538,15,DOA_APPROVED,RR,123,,,2026-06-26T14:09:36.211764+00:00,,synthetic-seed
539,12,PR_CREATED,PR,107,,"{""pr_number"": ""PR-2107""}",2026-06-28T14:09:36.211764+00:00,,synthetic-seed
540,3,NFA_APPROVED,PR,107,,,2026-07-03T14:09:36.211764+00:00,,synthetic-seed
541,12,PO_CREATED,PO,84,,"{""po_number"": ""PO-3084""}",2026-07-04T14:09:36.211764+00:00,,synthetic-seed
542,21,RR_CREATED,RR,124,,"{""rr_number"": ""RR-1124""}",2025-12-16T12:09:36.211764+00:00,,synthetic-seed
543,2,DOA_APPROVED,RR,124,,,2026-01-17T12:09:36.211764+00:00,,synthetic-seed
544,24,PR_CREATED,PR,108,,"{""pr_number"": ""PR-2108""}",2026-01-18T12:09:36.211764+00:00,,synthetic-seed
545,24,RFQ_CLOSED,PR,108,,,2026-01-29T12:09:36.211764+00:00,,synthetic-seed
546,24,PO_CREATED,PO,85,,"{""po_number"": ""PO-3085""}",2026-01-30T12:09:36.211764+00:00,,synthetic-seed
547,1,RR_CREATED,RR,125,,"{""rr_number"": ""RR-1125""}",2026-08-13T06:09:36.211764+00:00,,synthetic-seed
548,2,DOA_APPROVED,RR,125,,,2026-08-15T06:09:36.211764+00:00,,synthetic-seed
549,13,PR_CREATED,PR,109,,"{""pr_number"": ""PR-2109""}",2026-08-17T06:09:36.211764+00:00,,synthetic-seed
550,3,NFA_APPROVED,PR,109,,,2026-08-22T06:09:36.211764+00:00,,synthetic-seed
551,13,PO_CREATED,PO,86,,"{""po_number"": ""PO-3086""}",2026-08-23T06:09:36.211764+00:00,,synthetic-seed
552,15,RR_CREATED,RR,126,,"{""rr_number"": ""RR-1126""}",2025-12-21T16:09:36.211764+00:00,,synthetic-seed
553,2,DOA_APPROVED,RR,126,,,2025-12-25T16:09:36.211764+00:00,,synthetic-seed
554,5,PR_CREATED,PR,110,,"{""pr_number"": ""PR-2110""}",2025-12-28T16:09:36.211764+00:00,,synthetic-seed
555,3,NFA_APPROVED,PR,110,,,2026-01-02T16:09:36.211764+00:00,,synthetic-seed
556,5,PO_CREATED,PO,87,,"{""po_number"": ""PO-3087""}",2026-01-03T16:09:36.211764+00:00,,synthetic-seed
557,2,RR_CREATED,RR,127,,"{""rr_number"": ""RR-1127""}",2026-02-21T22:09:36.211764+00:00,,synthetic-seed
558,2,DOA_APPROVED,RR,127,,,2026-02-25T22:09:36.211764+00:00,,synthetic-seed
559,24,PR_CREATED,PR,111,,"{""pr_number"": ""PR-2111""}",2026-02-27T22:09:36.211764+00:00,,synthetic-seed
560,15,NFA_APPROVED,PR,111,,,2026-03-03T22:09:36.211764+00:00,,synthetic-seed
561,24,PO_CREATED,PO,88,,"{""po_number"": ""PO-3088""}",2026-03-04T22:09:36.211764+00:00,,synthetic-seed
562,10,RR_CREATED,RR,128,,"{""rr_number"": ""RR-1128""}",2026-01-19T16:09:36.211764+00:00,,synthetic-seed
563,2,DOA_APPROVED,RR,128,,,2026-01-21T16:09:36.211764+00:00,,synthetic-seed
564,24,PR_CREATED,PR,112,,"{""pr_number"": ""PR-2112""}",2026-01-23T16:09:36.211764+00:00,,synthetic-seed
565,24,RFQ_CLOSED,PR,112,,,2026-02-23T16:09:36.211764+00:00,,synthetic-seed
566,3,NFA_APPROVED,PR,112,,,2026-02-27T16:09:36.211764+00:00,,synthetic-seed
567,24,PO_CREATED,PO,89,,"{""po_number"": ""PO-3089""}",2026-02-28T16:09:36.211764+00:00,,synthetic-seed
568,18,RR_CREATED,RR,129,,"{""rr_number"": ""RR-1129""}",2026-01-24T14:09:36.211764+00:00,,synthetic-seed
569,2,DOA_APPROVED,RR,129,,,2026-01-26T14:09:36.211764+00:00,,synthetic-seed
570,5,PR_CREATED,PR,113,,"{""pr_number"": ""PR-2113""}",2026-01-29T14:09:36.211764+00:00,,synthetic-seed
571,5,RFQ_CLOSED,PR,113,,,2026-03-13T14:09:36.211764+00:00,,synthetic-seed
572,5,PO_CREATED,PO,90,,"{""po_number"": ""PO-3090""}",2026-03-18T20:09:36.211764+00:00,,synthetic-seed
573,21,RR_CREATED,RR,130,,"{""rr_number"": ""RR-1130""}",2026-05-07T16:09:36.211764+00:00,,synthetic-seed
574,15,APPROVAL_ESCALATED,RR,130,,,2026-05-09T16:09:36.211764+00:00,,synthetic-seed
575,11,RR_CREATED,RR,131,,"{""rr_number"": ""RR-1131""}",2026-07-25T23:09:36.211764+00:00,,synthetic-seed
576,2,DOA_APPROVED,RR,131,,,2026-07-29T23:09:36.211764+00:00,,synthetic-seed
577,12,PR_CREATED,PR,114,,"{""pr_number"": ""PR-2114""}",2026-07-31T23:09:36.211764+00:00,,synthetic-seed
578,12,RFQ_CLOSED,PR,114,,,2026-08-08T23:09:36.211764+00:00,,synthetic-seed
579,21,RR_CREATED,RR,132,,"{""rr_number"": ""RR-1132""}",2026-01-06T11:09:36.211764+00:00,,synthetic-seed
580,3,DOA_APPROVED,RR,132,,,2026-01-08T11:09:36.211764+00:00,,synthetic-seed
581,12,PR_CREATED,PR,115,,"{""pr_number"": ""PR-2115""}",2026-01-11T11:09:36.211764+00:00,,synthetic-seed
582,12,PO_CREATED,PO,91,,"{""po_number"": ""PO-3091""}",2026-01-12T11:09:36.211764+00:00,,synthetic-seed
583,11,RR_CREATED,RR,133,,"{""rr_number"": ""RR-1133""}",2026-02-13T21:09:36.211764+00:00,,synthetic-seed
584,2,DOA_APPROVED,RR,133,,,2026-02-15T21:09:36.211764+00:00,,synthetic-seed
585,13,PR_CREATED,PR,116,,"{""pr_number"": ""PR-2116""}",2026-02-17T21:09:36.211764+00:00,,synthetic-seed
586,13,RFQ_CLOSED,PR,116,,,2026-02-27T21:09:36.211764+00:00,,synthetic-seed
587,15,NFA_APPROVED,PR,116,,,2026-03-02T21:09:36.211764+00:00,,synthetic-seed
588,13,PO_CREATED,PO,92,,"{""po_number"": ""PO-3092""}",2026-03-03T21:09:36.211764+00:00,,synthetic-seed
589,21,RR_CREATED,RR,134,,"{""rr_number"": ""RR-1134""}",2026-04-17T00:09:36.211764+00:00,,synthetic-seed
590,2,APPROVAL_ESCALATED,RR,134,,,2026-04-19T00:09:36.211764+00:00,,synthetic-seed
591,19,RR_CREATED,RR,135,,"{""rr_number"": ""RR-1135""}",2026-05-30T10:09:36.211764+00:00,,synthetic-seed
592,2,DOA_APPROVED,RR,135,,,2026-06-01T10:09:36.211764+00:00,,synthetic-seed
593,12,PR_CREATED,PR,117,,"{""pr_number"": ""PR-2117""}",2026-06-02T10:09:36.211764+00:00,,synthetic-seed
594,15,NFA_APPROVED,PR,117,,,2026-06-06T10:09:36.211764+00:00,,synthetic-seed
595,12,PO_CREATED,PO,93,,"{""po_number"": ""PO-3093""}",2026-06-07T10:09:36.211764+00:00,,synthetic-seed
596,6,RR_CREATED,RR,136,,"{""rr_number"": ""RR-1136""}",2026-07-15T11:09:36.211764+00:00,,synthetic-seed
597,2,DOA_APPROVED,RR,136,,,2026-07-19T11:09:36.211764+00:00,,synthetic-seed
598,24,PR_CREATED,PR,118,,"{""pr_number"": ""PR-2118""}",2026-07-22T11:09:36.211764+00:00,,synthetic-seed
599,24,PO_CREATED,PO,94,,"{""po_number"": ""PO-3094""}",2026-07-23T11:09:36.211764+00:00,,synthetic-seed
600,24,RR_CREATED,RR,137,,"{""rr_number"": ""RR-1137""}",2026-08-09T15:09:36.211764+00:00,,synthetic-seed
601,2,DOA_APPROVED,RR,137,,,2026-08-11T15:09:36.211764+00:00,,synthetic-seed
602,13,PR_CREATED,PR,119,,"{""pr_number"": ""PR-2119""}",2026-08-13T15:09:36.211764+00:00,,synthetic-seed
603,3,NFA_APPROVED,PR,119,,,2026-08-17T15:09:36.211764+00:00,,synthetic-seed
604,13,PO_CREATED,PO,95,,"{""po_number"": ""PO-3095""}",2026-08-18T15:09:36.211764+00:00,,synthetic-seed
605,7,RR_CREATED,RR,138,,"{""rr_number"": ""RR-1138""}",2026-06-10T18:09:36.211764+00:00,,synthetic-seed
606,2,DOA_APPROVED,RR,138,,,2026-06-14T18:09:36.211764+00:00,,synthetic-seed
607,12,PR_CREATED,PR,120,,"{""pr_number"": ""PR-2120""}",2026-06-16T18:09:36.211764+00:00,,synthetic-seed
608,20,RR_CREATED,RR,139,,"{""rr_number"": ""RR-1139""}",2026-07-17T10:09:36.211764+00:00,,synthetic-seed
609,2,DOA_APPROVED,RR,139,,,2026-07-21T10:09:36.211764+00:00,,synthetic-seed
610,12,PR_CREATED,PR,121,,"{""pr_number"": ""PR-2121""}",2026-07-22T10:09:36.211764+00:00,,synthetic-seed
611,3,NFA_APPROVED,PR,121,,,2026-07-26T10:09:36.211764+00:00,,synthetic-seed
612,12,PO_CREATED,PO,96,,"{""po_number"": ""PO-3096""}",2026-07-27T10:09:36.211764+00:00,,synthetic-seed
613,14,RR_CREATED,RR,140,,"{""rr_number"": ""RR-1140""}",2026-07-23T20:09:36.211764+00:00,,synthetic-seed
614,2,DOA_APPROVED,RR,140,,,2026-07-27T20:09:36.211764+00:00,,synthetic-seed
615,24,PR_CREATED,PR,122,,"{""pr_number"": ""PR-2122""}",2026-07-28T20:09:36.211764+00:00,,synthetic-seed
616,24,RFQ_CLOSED,PR,122,,,2026-08-03T20:09:36.211764+00:00,,synthetic-seed
617,3,NFA_APPROVED,PR,122,,,2026-08-07T20:09:36.211764+00:00,,synthetic-seed
618,24,PO_CREATED,PO,97,,"{""po_number"": ""PO-3097""}",2026-08-08T20:09:36.211764+00:00,,synthetic-seed
619,13,RR_CREATED,RR,141,,"{""rr_number"": ""RR-1141""}",2025-11-29T14:09:36.211764+00:00,,synthetic-seed
620,15,DOA_APPROVED,RR,141,,,2025-12-01T14:09:36.211764+00:00,,synthetic-seed
621,24,PR_CREATED,PR,123,,"{""pr_number"": ""PR-2123""}",2025-12-02T14:09:36.211764+00:00,,synthetic-seed
622,24,RFQ_CLOSED,PR,123,,,2025-12-09T14:09:36.211764+00:00,,synthetic-seed
623,24,PO_CREATED,PO,98,,"{""po_number"": ""PO-3098""}",2025-12-10T14:09:36.211764+00:00,,synthetic-seed
624,16,RR_CREATED,RR,142,,"{""rr_number"": ""RR-1142""}",2026-02-27T11:09:36.211764+00:00,,synthetic-seed
625,2,DOA_APPROVED,RR,142,,,2026-03-03T11:09:36.211764+00:00,,synthetic-seed
626,13,PR_CREATED,PR,124,,"{""pr_number"": ""PR-2124""}",2026-03-25T11:09:36.211764+00:00,,synthetic-seed
627,13,RFQ_CLOSED,PR,124,,,2026-04-03T11:09:36.211764+00:00,,synthetic-seed
628,13,PO_CREATED,PO,99,,"{""po_number"": ""PO-3099""}",2026-04-09T10:09:36.211764+00:00,,synthetic-seed
629,24,RR_CREATED,RR,143,,"{""rr_number"": ""RR-1143""}",2026-01-14T09:09:36.211764+00:00,,synthetic-seed
630,2,DOA_APPROVED,RR,143,,,2026-01-15T09:09:36.211764+00:00,,synthetic-seed
631,24,PR_CREATED,PR,125,,"{""pr_number"": ""PR-2125""}",2026-01-18T09:09:36.211764+00:00,,synthetic-seed
632,24,RFQ_CLOSED,PR,125,,,2026-01-24T09:09:36.211764+00:00,,synthetic-seed
633,3,NFA_APPROVED,PR,125,,,2026-02-22T09:09:36.211764+00:00,,synthetic-seed
634,24,PO_CREATED,PO,100,,"{""po_number"": ""PO-3100""}",2026-02-23T09:09:36.211764+00:00,,synthetic-seed
635,1,RR_CREATED,RR,144,,"{""rr_number"": ""RR-1144""}",2026-06-22T00:09:36.211764+00:00,,synthetic-seed
636,2,DOA_APPROVED,RR,144,,,2026-06-25T00:09:36.211764+00:00,,synthetic-seed
637,13,PR_CREATED,PR,126,,"{""pr_number"": ""PR-2126""}",2026-06-27T00:09:36.211764+00:00,,synthetic-seed
638,3,NFA_APPROVED,PR,126,,,2026-07-03T00:09:36.211764+00:00,,synthetic-seed
639,13,PO_CREATED,PO,101,,"{""po_number"": ""PO-3101""}",2026-07-04T00:09:36.211764+00:00,,synthetic-seed
640,2,RR_CREATED,RR,145,,"{""rr_number"": ""RR-1145""}",2026-05-31T03:09:36.211764+00:00,,synthetic-seed
641,17,RR_CREATED,RR,146,,"{""rr_number"": ""RR-1146""}",2026-04-24T05:09:36.211764+00:00,,synthetic-seed
642,2,DOA_APPROVED,RR,146,,,2026-04-27T05:09:36.211764+00:00,,synthetic-seed
643,24,PR_CREATED,PR,127,,"{""pr_number"": ""PR-2127""}",2026-04-30T05:09:36.211764+00:00,,synthetic-seed
644,24,RFQ_CLOSED,PR,127,,,2026-06-08T05:09:36.211764+00:00,,synthetic-seed
645,3,NFA_APPROVED,PR,127,,,2026-06-11T05:09:36.211764+00:00,,synthetic-seed
646,24,PO_CREATED,PO,102,,"{""po_number"": ""PO-3102""}",2026-06-12T05:09:36.211764+00:00,,synthetic-seed
647,16,RR_CREATED,RR,147,,"{""rr_number"": ""RR-1147""}",2025-12-02T14:09:36.211764+00:00,,synthetic-seed
648,15,DOA_APPROVED,RR,147,,,2025-12-06T14:09:36.211764+00:00,,synthetic-seed
649,13,PR_CREATED,PR,128,,"{""pr_number"": ""PR-2128""}",2025-12-09T14:09:36.211764+00:00,,synthetic-seed
650,13,RFQ_CLOSED,PR,128,,,2025-12-16T14:09:36.211764+00:00,,synthetic-seed
651,13,PO_CREATED,PO,103,,"{""po_number"": ""PO-3103""}",2025-12-21T14:09:36.211764+00:00,,synthetic-seed
652,4,RR_CREATED,RR,148,,"{""rr_number"": ""RR-1148""}",2026-07-22T21:09:36.211764+00:00,,synthetic-seed
653,2,DOA_APPROVED,RR,148,,,2026-07-23T21:09:36.211764+00:00,,synthetic-seed
654,24,PR_CREATED,PR,129,,"{""pr_number"": ""PR-2129""}",2026-07-25T21:09:36.211764+00:00,,synthetic-seed
655,24,RFQ_CLOSED,PR,129,,,2026-08-02T21:09:36.211764+00:00,,synthetic-seed
656,15,NFA_APPROVED,PR,129,,,2026-08-05T21:09:36.211764+00:00,,synthetic-seed
657,24,PO_CREATED,PO,104,,"{""po_number"": ""PO-3104""}",2026-08-06T21:09:36.211764+00:00,,synthetic-seed
658,2,RR_CREATED,RR,149,,"{""rr_number"": ""RR-1149""}",2026-03-28T19:09:36.211764+00:00,,synthetic-seed
659,2,RR_CANCELLED,RR,149,,,2026-03-29T19:09:36.211764+00:00,,synthetic-seed
660,20,RR_CREATED,RR,150,,"{""rr_number"": ""RR-1150""}",2026-05-10T03:09:36.211764+00:00,,synthetic-seed
661,2,DOA_APPROVED,RR,150,,,2026-05-11T03:09:36.211764+00:00,,synthetic-seed
662,5,PR_CREATED,PR,130,,"{""pr_number"": ""PR-2130""}",2026-05-12T03:09:36.211764+00:00,,synthetic-seed
663,15,NFA_APPROVED,PR,130,,,2026-05-15T03:09:36.211764+00:00,,synthetic-seed
664,5,PO_CREATED,PO,105,,"{""po_number"": ""PO-3105""}",2026-05-16T03:09:36.211764+00:00,,synthetic-seed
665,21,RR_CREATED,RR,151,,"{""rr_number"": ""RR-1151""}",2026-07-14T20:09:36.211764+00:00,,synthetic-seed
666,21,RR_CANCELLED,RR,151,,,2026-07-15T20:09:36.211764+00:00,,synthetic-seed
667,13,RR_CREATED,RR,152,,"{""rr_number"": ""RR-1152""}",2026-06-14T13:09:36.211764+00:00,,synthetic-seed
668,2,DOA_APPROVED,RR,152,,,2026-06-15T13:09:36.211764+00:00,,synthetic-seed
669,12,PR_CREATED,PR,131,,"{""pr_number"": ""PR-2131""}",2026-06-17T13:09:36.211764+00:00,,synthetic-seed
670,12,RFQ_CLOSED,PR,131,,,2026-06-23T13:09:36.211764+00:00,,synthetic-seed
671,12,PO_CREATED,PO,106,,"{""po_number"": ""PO-3106""}",2026-06-24T13:09:36.211764+00:00,,synthetic-seed
672,6,RR_CREATED,RR,153,,"{""rr_number"": ""RR-1153""}",2026-02-13T13:09:36.211764+00:00,,synthetic-seed
673,2,DOA_APPROVED,RR,153,,,2026-02-15T13:09:36.211764+00:00,,synthetic-seed
674,12,PR_CREATED,PR,132,,"{""pr_number"": ""PR-2132""}",2026-02-17T13:09:36.211764+00:00,,synthetic-seed
675,15,NFA_APPROVED,PR,132,,,2026-02-21T13:09:36.211764+00:00,,synthetic-seed
676,12,PO_CREATED,PO,107,,"{""po_number"": ""PO-3107""}",2026-02-22T13:09:36.211764+00:00,,synthetic-seed
677,20,RR_CREATED,RR,154,,"{""rr_number"": ""RR-1154""}",2025-12-29T04:09:36.211764+00:00,,synthetic-seed
678,2,DOA_APPROVED,RR,154,,,2025-12-31T04:09:36.211764+00:00,,synthetic-seed
679,12,PR_CREATED,PR,133,,"{""pr_number"": ""PR-2133""}",2026-01-02T04:09:36.211764+00:00,,synthetic-seed
680,12,RFQ_CLOSED,PR,133,,,2026-02-14T04:09:36.211764+00:00,,synthetic-seed
681,12,PO_CREATED,PO,108,,"{""po_number"": ""PO-3108""}",2026-02-15T04:09:36.211764+00:00,,synthetic-seed
682,24,RR_CREATED,RR,155,,"{""rr_number"": ""RR-1155""}",2026-01-12T14:09:36.211764+00:00,,synthetic-seed
683,2,DOA_APPROVED,RR,155,,,2026-02-01T14:09:36.211764+00:00,,synthetic-seed
684,12,PR_CREATED,PR,134,,"{""pr_number"": ""PR-2134""}",2026-02-03T14:09:36.211764+00:00,,synthetic-seed
685,12,RFQ_CLOSED,PR,134,,,2026-02-12T14:09:36.211764+00:00,,synthetic-seed
686,15,NFA_APPROVED,PR,134,,,2026-02-15T14:09:36.211764+00:00,,synthetic-seed
687,12,PO_CREATED,PO,109,,"{""po_number"": ""PO-3109""}",2026-02-16T14:09:36.211764+00:00,,synthetic-seed
688,20,RR_CREATED,RR,156,,"{""rr_number"": ""RR-1156""}",2026-06-08T04:09:36.211764+00:00,,synthetic-seed
689,2,DOA_REJECTED,RR,156,,,2026-06-10T04:09:36.211764+00:00,,synthetic-seed
690,4,RR_CREATED,RR,157,,"{""rr_number"": ""RR-1157""}",2026-05-05T01:09:36.211764+00:00,,synthetic-seed
691,2,DOA_APPROVED,RR,157,,,2026-05-07T01:09:36.211764+00:00,,synthetic-seed
692,24,PR_CREATED,PR,135,,"{""pr_number"": ""PR-2135""}",2026-05-08T01:09:36.211764+00:00,,synthetic-seed
693,24,RFQ_CLOSED,PR,135,,,2026-05-14T01:09:36.211764+00:00,,synthetic-seed
694,24,PO_CREATED,PO,110,,"{""po_number"": ""PO-3110""}",2026-05-15T01:09:36.211764+00:00,,synthetic-seed
695,17,RR_CREATED,RR,158,,"{""rr_number"": ""RR-1158""}",2025-12-12T20:09:36.211764+00:00,,synthetic-seed
696,2,DOA_APPROVED,RR,158,,,2025-12-14T20:09:36.211764+00:00,,synthetic-seed
697,5,PR_CREATED,PR,136,,"{""pr_number"": ""PR-2136""}",2025-12-15T20:09:36.211764+00:00,,synthetic-seed
698,5,RFQ_CLOSED,PR,136,,,2026-01-08T20:09:36.211764+00:00,,synthetic-seed
699,15,NFA_APPROVED,PR,136,,,2026-01-22T09:09:36.211764+00:00,,synthetic-seed
700,5,PO_CREATED,PO,111,,"{""po_number"": ""PO-3111""}",2026-01-23T09:09:36.211764+00:00,,synthetic-seed
701,11,RR_CREATED,RR,159,,"{""rr_number"": ""RR-1159""}",2025-12-28T15:09:36.211764+00:00,,synthetic-seed
702,2,DOA_APPROVED,RR,159,,,2026-01-01T15:09:36.211764+00:00,,synthetic-seed
703,24,PR_CREATED,PR,137,,"{""pr_number"": ""PR-2137""}",2026-01-03T15:09:36.211764+00:00,,synthetic-seed
704,24,RFQ_CLOSED,PR,137,,,2026-01-14T15:09:36.211764+00:00,,synthetic-seed
705,15,NFA_APPROVED,PR,137,,,2026-01-20T15:09:36.211764+00:00,,synthetic-seed
706,24,PO_CREATED,PO,112,,"{""po_number"": ""PO-3112""}",2026-01-21T15:09:36.211764+00:00,,synthetic-seed
707,12,RR_CREATED,RR,160,,"{""rr_number"": ""RR-1160""}",2026-07-04T20:09:36.211764+00:00,,synthetic-seed
708,15,DOA_APPROVED,RR,160,,,2026-07-05T20:09:36.211764+00:00,,synthetic-seed
709,5,PR_CREATED,PR,138,,"{""pr_number"": ""PR-2138""}",2026-07-07T20:09:36.211764+00:00,,synthetic-seed
710,15,NFA_APPROVED,PR,138,,,2026-07-10T20:09:36.211764+00:00,,synthetic-seed
711,5,PO_CREATED,PO,113,,"{""po_number"": ""PO-3113""}",2026-07-11T20:09:36.211764+00:00,,synthetic-seed
712,3,RR_CREATED,RR,161,,"{""rr_number"": ""RR-1161""}",2025-12-03T12:09:36.211764+00:00,,synthetic-seed
713,2,DOA_APPROVED,RR,161,,,2025-12-06T12:09:36.211764+00:00,,synthetic-seed
714,24,PR_CREATED,PR,139,,"{""pr_number"": ""PR-2139""}",2025-12-08T12:09:36.211764+00:00,,synthetic-seed
715,24,RFQ_CLOSED,PR,139,,,2025-12-16T12:09:36.211764+00:00,,synthetic-seed
716,15,NFA_APPROVED,PR,139,,,2025-12-28T06:09:36.211764+00:00,,synthetic-seed
717,24,PO_CREATED,PO,114,,"{""po_number"": ""PO-3114""}",2025-12-29T06:09:36.211764+00:00,,synthetic-seed
718,8,RR_CREATED,RR,162,,"{""rr_number"": ""RR-1162""}",2025-11-29T07:09:36.211764+00:00,,synthetic-seed
719,2,DOA_APPROVED,RR,162,,,2025-11-30T07:09:36.211764+00:00,,synthetic-seed
720,12,PR_CREATED,PR,140,,"{""pr_number"": ""PR-2140""}",2025-12-03T07:09:36.211764+00:00,,synthetic-seed
721,15,NFA_APPROVED,PR,140,,,2025-12-09T07:09:36.211764+00:00,,synthetic-seed
722,12,PO_CREATED,PO,115,,"{""po_number"": ""PO-3115""}",2025-12-10T07:09:36.211764+00:00,,synthetic-seed
723,6,RR_CREATED,RR,163,,"{""rr_number"": ""RR-1163""}",2025-12-31T07:09:36.211764+00:00,,synthetic-seed
724,15,DOA_APPROVED,RR,163,,,2026-01-01T07:09:36.211764+00:00,,synthetic-seed
725,5,PR_CREATED,PR,141,,"{""pr_number"": ""PR-2141""}",2026-01-04T07:09:36.211764+00:00,,synthetic-seed
726,5,PO_CREATED,PO,116,,"{""po_number"": ""PO-3116""}",2026-01-05T07:09:36.211764+00:00,,synthetic-seed
727,18,RR_CREATED,RR,164,,"{""rr_number"": ""RR-1164""}",2026-07-23T02:09:36.211764+00:00,,synthetic-seed
728,15,DOA_APPROVED,RR,164,,,2026-07-27T02:09:36.211764+00:00,,synthetic-seed
729,12,PR_CREATED,PR,142,,"{""pr_number"": ""PR-2142""}",2026-07-29T02:09:36.211764+00:00,,synthetic-seed
730,4,RR_CREATED,RR,165,,"{""rr_number"": ""RR-1165""}",2026-07-23T12:09:36.211764+00:00,,synthetic-seed
731,2,DOA_APPROVED,RR,165,,,2026-07-24T12:09:36.211764+00:00,,synthetic-seed
732,24,PR_CREATED,PR,143,,"{""pr_number"": ""PR-2143""}",2026-07-26T12:09:36.211764+00:00,,synthetic-seed
733,24,RFQ_CLOSED,PR,143,,,2026-08-05T12:09:36.211764+00:00,,synthetic-seed
734,24,PO_CREATED,PO,117,,"{""po_number"": ""PO-3117""}",2026-08-06T12:09:36.211764+00:00,,synthetic-seed
735,1,RR_CREATED,RR,166,,"{""rr_number"": ""RR-1166""}",2026-04-26T11:09:36.211764+00:00,,synthetic-seed
736,3,DOA_APPROVED,RR,166,,,2026-04-30T11:09:36.211764+00:00,,synthetic-seed
737,13,PR_CREATED,PR,144,,"{""pr_number"": ""PR-2144""}",2026-05-03T11:09:36.211764+00:00,,synthetic-seed
738,13,RFQ_CLOSED,PR,144,,,2026-05-12T11:09:36.211764+00:00,,synthetic-seed
739,15,NFA_APPROVED,PR,144,,,2026-05-22T04:09:36.211764+00:00,,synthetic-seed
740,13,PO_CREATED,PO,118,,"{""po_number"": ""PO-3118""}",2026-05-23T04:09:36.211764+00:00,,synthetic-seed
741,12,RR_CREATED,RR,167,,"{""rr_number"": ""RR-1167""}",2026-01-13T20:09:36.211764+00:00,,synthetic-seed
742,2,DOA_APPROVED,RR,167,,,2026-01-15T20:09:36.211764+00:00,,synthetic-seed
743,24,PR_CREATED,PR,145,,"{""pr_number"": ""PR-2145""}",2026-02-07T20:09:36.211764+00:00,,synthetic-seed
744,24,RFQ_CLOSED,PR,145,,,2026-02-17T20:09:36.211764+00:00,,synthetic-seed
745,24,PO_CREATED,PO,119,,"{""po_number"": ""PO-3119""}",2026-02-25T20:09:36.211764+00:00,,synthetic-seed
746,20,RR_CREATED,RR,168,,"{""rr_number"": ""RR-1168""}",2026-01-12T03:09:36.211764+00:00,,synthetic-seed
747,3,DOA_APPROVED,RR,168,,,2026-01-15T03:09:36.211764+00:00,,synthetic-seed
748,13,PR_CREATED,PR,146,,"{""pr_number"": ""PR-2146""}",2026-01-18T03:09:36.211764+00:00,,synthetic-seed
749,13,RFQ_CLOSED,PR,146,,,2026-01-29T03:09:36.211764+00:00,,synthetic-seed
750,13,PO_CREATED,PO,120,,"{""po_number"": ""PO-3120""}",2026-01-30T03:09:36.211764+00:00,,synthetic-seed
751,14,RR_CREATED,RR,169,,"{""rr_number"": ""RR-1169""}",2026-07-23T14:09:36.211764+00:00,,synthetic-seed
752,2,DOA_APPROVED,RR,169,,,2026-07-26T14:09:36.211764+00:00,,synthetic-seed
753,5,PR_CREATED,PR,147,,"{""pr_number"": ""PR-2147""}",2026-07-29T14:09:36.211764+00:00,,synthetic-seed
754,15,NFA_APPROVED,PR,147,,,2026-08-04T14:09:36.211764+00:00,,synthetic-seed
755,5,PO_CREATED,PO,121,,"{""po_number"": ""PO-3121""}",2026-08-05T14:09:36.211764+00:00,,synthetic-seed
756,4,RR_CREATED,RR,170,,"{""rr_number"": ""RR-1170""}",2026-07-02T11:09:36.211764+00:00,,synthetic-seed
757,3,DOA_APPROVED,RR,170,,,2026-07-04T11:09:36.211764+00:00,,synthetic-seed
758,5,PR_CREATED,PR,148,,"{""pr_number"": ""PR-2148""}",2026-07-21T11:09:36.211764+00:00,,synthetic-seed
759,5,RFQ_CLOSED,PR,148,,,2026-07-31T11:09:36.211764+00:00,,synthetic-seed
760,5,PO_CREATED,PO,122,,"{""po_number"": ""PO-3122""}",2026-08-01T11:09:36.211764+00:00,,synthetic-seed
761,5,RR_CREATED,RR,171,,"{""rr_number"": ""RR-1171""}",2025-12-26T03:09:36.211764+00:00,,synthetic-seed
762,2,DOA_APPROVED,RR,171,,,2025-12-27T03:09:36.211764+00:00,,synthetic-seed
763,5,PR_CREATED,PR,149,,"{""pr_number"": ""PR-2149""}",2025-12-30T03:09:36.211764+00:00,,synthetic-seed
764,5,RFQ_CLOSED,PR,149,,,2026-01-21T03:09:36.211764+00:00,,synthetic-seed
765,5,PO_CREATED,PO,123,,"{""po_number"": ""PO-3123""}",2026-01-22T03:09:36.211764+00:00,,synthetic-seed
766,21,RR_CREATED,RR,172,,"{""rr_number"": ""RR-1172""}",2026-07-28T17:09:36.211764+00:00,,synthetic-seed
767,2,DOA_APPROVED,RR,172,,,2026-07-30T17:09:36.211764+00:00,,synthetic-seed
768,5,PR_CREATED,PR,150,,"{""pr_number"": ""PR-2150""}",2026-07-31T17:09:36.211764+00:00,,synthetic-seed
769,5,PO_CREATED,PO,124,,"{""po_number"": ""PO-3124""}",2026-08-01T17:09:36.211764+00:00,,synthetic-seed
770,2,RR_CREATED,RR,173,,"{""rr_number"": ""RR-1173""}",2026-05-27T14:09:36.211764+00:00,,synthetic-seed
771,12,RR_CREATED,RR,174,,"{""rr_number"": ""RR-1174""}",2026-02-22T21:09:36.211764+00:00,,synthetic-seed
772,2,DOA_APPROVED,RR,174,,,2026-02-23T21:09:36.211764+00:00,,synthetic-seed
773,12,PR_CREATED,PR,151,,"{""pr_number"": ""PR-2151""}",2026-02-24T21:09:36.211764+00:00,,synthetic-seed
774,12,RFQ_CLOSED,PR,151,,,2026-03-07T21:09:36.211764+00:00,,synthetic-seed
775,3,NFA_APPROVED,PR,151,,,2026-03-11T21:09:36.211764+00:00,,synthetic-seed
776,12,PO_CREATED,PO,125,,"{""po_number"": ""PO-3125""}",2026-03-12T21:09:36.211764+00:00,,synthetic-seed
777,1,RR_CREATED,RR,175,,"{""rr_number"": ""RR-1175""}",2025-12-25T22:09:36.211764+00:00,,synthetic-seed
778,3,DOA_REJECTED,RR,175,,,2025-12-27T22:09:36.211764+00:00,,synthetic-seed
779,10,RR_CREATED,RR,176,,"{""rr_number"": ""RR-1176""}",2025-12-26T03:09:36.211764+00:00,,synthetic-seed
780,3,DOA_APPROVED,RR,176,,,2026-01-22T03:09:36.211764+00:00,,synthetic-seed
781,12,PR_CREATED,PR,152,,"{""pr_number"": ""PR-2152""}",2026-01-23T03:09:36.211764+00:00,,synthetic-seed
782,12,RFQ_CLOSED,PR,152,,,2026-01-29T03:09:36.211764+00:00,,synthetic-seed
783,3,NFA_APPROVED,PR,152,,,2026-02-04T03:09:36.211764+00:00,,synthetic-seed
784,12,PO_CREATED,PO,126,,"{""po_number"": ""PO-3126""}",2026-02-05T03:09:36.211764+00:00,,synthetic-seed
785,18,RR_CREATED,RR,177,,"{""rr_number"": ""RR-1177""}",2026-04-04T10:09:36.211764+00:00,,synthetic-seed
786,3,DOA_APPROVED,RR,177,,,2026-04-07T10:09:36.211764+00:00,,synthetic-seed
787,12,PR_CREATED,PR,153,,"{""pr_number"": ""PR-2153""}",2026-04-24T10:09:36.211764+00:00,,synthetic-seed
788,12,RFQ_CLOSED,PR,153,,,2026-05-01T10:09:36.211764+00:00,,synthetic-seed
789,15,NFA_APPROVED,PR,153,,,2026-05-13T10:09:36.211764+00:00,,synthetic-seed
790,12,PO_CREATED,PO,127,,"{""po_number"": ""PO-3127""}",2026-05-14T10:09:36.211764+00:00,,synthetic-seed
791,23,RR_CREATED,RR,178,,"{""rr_number"": ""RR-1178""}",2026-07-13T11:09:36.211764+00:00,,synthetic-seed
792,2,DOA_APPROVED,RR,178,,,2026-07-17T11:09:36.211764+00:00,,synthetic-seed
793,13,PR_CREATED,PR,154,,"{""pr_number"": ""PR-2154""}",2026-07-19T11:09:36.211764+00:00,,synthetic-seed
794,1,RR_CREATED,RR,179,,"{""rr_number"": ""RR-1179""}",2025-12-01T00:09:36.211764+00:00,,synthetic-seed
795,3,DOA_REJECTED,RR,179,,,2025-12-05T00:09:36.211764+00:00,,synthetic-seed
796,14,RR_CREATED,RR,180,,"{""rr_number"": ""RR-1180""}",2026-08-09T04:09:36.211764+00:00,,synthetic-seed
797,2,DOA_APPROVED,RR,180,,,2026-08-10T04:09:36.211764+00:00,,synthetic-seed
798,13,PR_CREATED,PR,155,,"{""pr_number"": ""PR-2155""}",2026-08-13T04:09:36.211764+00:00,,synthetic-seed
799,13,RFQ_CLOSED,PR,155,,,2026-08-21T04:09:36.211764+00:00,,synthetic-seed
800,13,RR_CREATED,RR,181,,"{""rr_number"": ""RR-1181""}",2026-08-16T18:09:36.211764+00:00,,synthetic-seed
801,3,APPROVAL_ESCALATED,RR,181,,,2026-08-18T18:09:36.211764+00:00,,synthetic-seed
802,12,RR_CREATED,RR,182,,"{""rr_number"": ""RR-1182""}",2026-05-02T13:09:36.211764+00:00,,synthetic-seed
803,2,DOA_APPROVED,RR,182,,,2026-05-03T13:09:36.211764+00:00,,synthetic-seed
804,24,PR_CREATED,PR,156,,"{""pr_number"": ""PR-2156""}",2026-05-05T13:09:36.211764+00:00,,synthetic-seed
805,24,RFQ_CLOSED,PR,156,,,2026-05-11T13:09:36.211764+00:00,,synthetic-seed
806,24,PO_CREATED,PO,128,,"{""po_number"": ""PO-3128""}",2026-05-12T13:09:36.211764+00:00,,synthetic-seed
807,6,RR_CREATED,RR,183,,"{""rr_number"": ""RR-1183""}",2025-12-30T13:09:36.211764+00:00,,synthetic-seed
808,3,DOA_APPROVED,RR,183,,,2026-01-03T13:09:36.211764+00:00,,synthetic-seed
809,12,PR_CREATED,PR,157,,"{""pr_number"": ""PR-2157""}",2026-01-05T13:09:36.211764+00:00,,synthetic-seed
810,12,RFQ_CLOSED,PR,157,,,2026-01-13T13:09:36.211764+00:00,,synthetic-seed
811,12,PO_CREATED,PO,129,,"{""po_number"": ""PO-3129""}",2026-01-19T00:09:36.211764+00:00,,synthetic-seed
812,22,RR_CREATED,RR,184,,"{""rr_number"": ""RR-1184""}",2026-05-05T14:09:36.211764+00:00,,synthetic-seed
813,3,DOA_APPROVED,RR,184,,,2026-05-09T14:09:36.211764+00:00,,synthetic-seed
814,13,PR_CREATED,PR,158,,"{""pr_number"": ""PR-2158""}",2026-05-12T14:09:36.211764+00:00,,synthetic-seed
815,13,RFQ_CLOSED,PR,158,,,2026-05-22T14:09:36.211764+00:00,,synthetic-seed
816,13,PO_CREATED,PO,130,,"{""po_number"": ""PO-3130""}",2026-05-23T14:09:36.211764+00:00,,synthetic-seed
817,14,RR_CREATED,RR,185,,"{""rr_number"": ""RR-1185""}",2026-01-16T23:09:36.211764+00:00,,synthetic-seed
818,15,DOA_APPROVED,RR,185,,,2026-01-20T23:09:36.211764+00:00,,synthetic-seed
819,24,PR_CREATED,PR,159,,"{""pr_number"": ""PR-2159""}",2026-02-11T23:09:36.211764+00:00,,synthetic-seed
820,24,RFQ_CLOSED,PR,159,,,2026-02-21T23:09:36.211764+00:00,,synthetic-seed
821,15,NFA_APPROVED,PR,159,,,2026-02-27T23:09:36.211764+00:00,,synthetic-seed
822,24,PO_CREATED,PO,131,,"{""po_number"": ""PO-3131""}",2026-02-28T23:09:36.211764+00:00,,synthetic-seed
823,19,RR_CREATED,RR,186,,"{""rr_number"": ""RR-1186""}",2026-06-16T09:09:36.211764+00:00,,synthetic-seed
824,2,DOA_APPROVED,RR,186,,,2026-06-20T09:09:36.211764+00:00,,synthetic-seed
825,24,PR_CREATED,PR,160,,"{""pr_number"": ""PR-2160""}",2026-06-21T09:09:36.211764+00:00,,synthetic-seed
826,24,RFQ_CLOSED,PR,160,,,2026-06-27T09:09:36.211764+00:00,,synthetic-seed
827,15,NFA_APPROVED,PR,160,,,2026-06-30T09:09:36.211764+00:00,,synthetic-seed
828,11,RR_CREATED,RR,187,,"{""rr_number"": ""RR-1187""}",2026-07-15T09:09:36.211764+00:00,,synthetic-seed
829,2,DOA_APPROVED,RR,187,,,2026-07-19T09:09:36.211764+00:00,,synthetic-seed
830,5,PR_CREATED,PR,161,,"{""pr_number"": ""PR-2161""}",2026-07-21T09:09:36.211764+00:00,,synthetic-seed
831,5,RFQ_CLOSED,PR,161,,,2026-07-28T09:09:36.211764+00:00,,synthetic-seed
832,3,NFA_APPROVED,PR,161,,,2026-08-03T09:09:36.211764+00:00,,synthetic-seed
833,5,PO_CREATED,PO,132,,"{""po_number"": ""PO-3132""}",2026-08-04T09:09:36.211764+00:00,,synthetic-seed
834,6,RR_CREATED,RR,188,,"{""rr_number"": ""RR-1188""}",2026-04-28T03:09:36.211764+00:00,,synthetic-seed
835,2,DOA_APPROVED,RR,188,,,2026-05-01T03:09:36.211764+00:00,,synthetic-seed
836,5,PR_CREATED,PR,162,,"{""pr_number"": ""PR-2162""}",2026-05-02T03:09:36.211764+00:00,,synthetic-seed
837,5,RFQ_CLOSED,PR,162,,,2026-05-10T03:09:36.211764+00:00,,synthetic-seed
838,5,PO_CREATED,PO,133,,"{""po_number"": ""PO-3133""}",2026-05-11T03:09:36.211764+00:00,,synthetic-seed
839,4,RR_CREATED,RR,189,,"{""rr_number"": ""RR-1189""}",2025-12-09T18:09:36.211764+00:00,,synthetic-seed
840,2,DOA_APPROVED,RR,189,,,2025-12-11T18:09:36.211764+00:00,,synthetic-seed
841,5,PR_CREATED,PR,163,,"{""pr_number"": ""PR-2163""}",2025-12-13T18:09:36.211764+00:00,,synthetic-seed
842,5,RFQ_CLOSED,PR,163,,,2025-12-19T18:09:36.211764+00:00,,synthetic-seed
843,5,PO_CREATED,PO,134,,"{""po_number"": ""PO-3134""}",2025-12-24T18:09:36.211764+00:00,,synthetic-seed
844,21,RR_CREATED,RR,190,,"{""rr_number"": ""RR-1190""}",2026-02-25T09:09:36.211764+00:00,,synthetic-seed
845,15,DOA_APPROVED,RR,190,,,2026-03-01T09:09:36.211764+00:00,,synthetic-seed
846,13,PR_CREATED,PR,164,,"{""pr_number"": ""PR-2164""}",2026-03-02T09:09:36.211764+00:00,,synthetic-seed
847,13,RFQ_CLOSED,PR,164,,,2026-03-10T09:09:36.211764+00:00,,synthetic-seed
848,3,NFA_APPROVED,PR,164,,,2026-03-16T09:09:36.211764+00:00,,synthetic-seed
849,9,RR_CREATED,RR,191,,"{""rr_number"": ""RR-1191""}",2026-05-18T14:09:36.211764+00:00,,synthetic-seed
850,2,DOA_APPROVED,RR,191,,,2026-05-20T14:09:36.211764+00:00,,synthetic-seed
851,13,PR_CREATED,PR,165,,"{""pr_number"": ""PR-2165""}",2026-05-22T14:09:36.211764+00:00,,synthetic-seed
852,13,RFQ_CLOSED,PR,165,,,2026-05-29T14:09:36.211764+00:00,,synthetic-seed
853,15,NFA_APPROVED,PR,165,,,2026-06-23T14:09:36.211764+00:00,,synthetic-seed
854,13,PO_CREATED,PO,135,,"{""po_number"": ""PO-3135""}",2026-06-24T14:09:36.211764+00:00,,synthetic-seed
855,10,RR_CREATED,RR,192,,"{""rr_number"": ""RR-1192""}",2025-11-28T21:09:36.211764+00:00,,synthetic-seed
856,3,DOA_APPROVED,RR,192,,,2025-11-30T21:09:36.211764+00:00,,synthetic-seed
857,24,PR_CREATED,PR,166,,"{""pr_number"": ""PR-2166""}",2025-12-02T21:09:36.211764+00:00,,synthetic-seed
858,24,RFQ_CLOSED,PR,166,,,2026-01-11T21:09:36.211764+00:00,,synthetic-seed
859,24,PO_CREATED,PO,136,,"{""po_number"": ""PO-3136""}",2026-01-20T08:09:36.211764+00:00,,synthetic-seed
860,7,RR_CREATED,RR,193,,"{""rr_number"": ""RR-1193""}",2026-06-09T04:09:36.211764+00:00,,synthetic-seed
861,3,DOA_APPROVED,RR,193,,,2026-06-26T04:09:36.211764+00:00,,synthetic-seed
862,5,PR_CREATED,PR,167,,"{""pr_number"": ""PR-2167""}",2026-06-29T04:09:36.211764+00:00,,synthetic-seed
863,5,RFQ_CLOSED,PR,167,,,2026-07-08T04:09:36.211764+00:00,,synthetic-seed
864,5,PO_CREATED,PO,137,,"{""po_number"": ""PO-3137""}",2026-07-09T04:09:36.211764+00:00,,synthetic-seed
865,9,RR_CREATED,RR,194,,"{""rr_number"": ""RR-1194""}",2026-05-31T04:09:36.211764+00:00,,synthetic-seed
866,15,DOA_APPROVED,RR,194,,,2026-06-03T04:09:36.211764+00:00,,synthetic-seed
867,13,PR_CREATED,PR,168,,"{""pr_number"": ""PR-2168""}",2026-06-06T04:09:36.211764+00:00,,synthetic-seed
868,13,RFQ_CLOSED,PR,168,,,2026-06-16T04:09:36.211764+00:00,,synthetic-seed
869,3,NFA_APPROVED,PR,168,,,2026-06-29T02:09:36.211764+00:00,,synthetic-seed
870,13,PO_CREATED,PO,138,,"{""po_number"": ""PO-3138""}",2026-06-30T02:09:36.211764+00:00,,synthetic-seed
871,17,RR_CREATED,RR,195,,"{""rr_number"": ""RR-1195""}",2026-02-20T12:09:36.211764+00:00,,synthetic-seed
872,2,DOA_APPROVED,RR,195,,,2026-02-21T12:09:36.211764+00:00,,synthetic-seed
873,24,PR_CREATED,PR,169,,"{""pr_number"": ""PR-2169""}",2026-02-22T12:09:36.211764+00:00,,synthetic-seed
874,24,RFQ_CLOSED,PR,169,,,2026-03-02T12:09:36.211764+00:00,,synthetic-seed
875,15,NFA_REJECTED,PR,169,,,2026-03-07T12:09:36.211764+00:00,,synthetic-seed
876,21,RR_CREATED,RR,196,,"{""rr_number"": ""RR-1196""}",2026-08-24T01:09:36.211764+00:00,,synthetic-seed
877,5,RR_CREATED,RR,197,,"{""rr_number"": ""RR-1197""}",2026-02-23T06:09:36.211764+00:00,,synthetic-seed
878,15,DOA_APPROVED,RR,197,,,2026-02-26T06:09:36.211764+00:00,,synthetic-seed
879,5,PR_CREATED,PR,170,,"{""pr_number"": ""PR-2170""}",2026-02-28T06:09:36.211764+00:00,,synthetic-seed
880,5,RFQ_CLOSED,PR,170,,,2026-03-08T06:09:36.211764+00:00,,synthetic-seed
881,5,PO_CREATED,PO,139,,"{""po_number"": ""PO-3139""}",2026-03-13T06:09:36.211764+00:00,,synthetic-seed
882,16,RR_CREATED,RR,198,,"{""rr_number"": ""RR-1198""}",2026-02-17T11:09:36.211764+00:00,,synthetic-seed
883,2,DOA_APPROVED,RR,198,,,2026-03-10T11:09:36.211764+00:00,,synthetic-seed
884,13,PR_CREATED,PR,171,,"{""pr_number"": ""PR-2171""}",2026-03-12T11:09:36.211764+00:00,,synthetic-seed
885,13,RFQ_CLOSED,PR,171,,,2026-03-18T11:09:36.211764+00:00,,synthetic-seed
886,3,NFA_APPROVED,PR,171,,,2026-03-29T05:09:36.211764+00:00,,synthetic-seed
887,13,PO_CREATED,PO,140,,"{""po_number"": ""PO-3140""}",2026-03-30T05:09:36.211764+00:00,,synthetic-seed
888,12,RR_CREATED,RR,199,,"{""rr_number"": ""RR-1199""}",2026-08-19T00:09:36.211764+00:00,,synthetic-seed
889,2,DOA_APPROVED,RR,199,,,2026-08-20T00:09:36.211764+00:00,,synthetic-seed
890,13,PR_CREATED,PR,172,,"{""pr_number"": ""PR-2172""}",2026-08-22T00:09:36.211764+00:00,,synthetic-seed
891,13,RFQ_CLOSED,PR,172,,,2026-08-31T00:09:36.211764+00:00,,synthetic-seed
892,13,PO_CREATED,PO,141,,"{""po_number"": ""PO-3141""}",2026-09-01T00:09:36.211764+00:00,,synthetic-seed
893,11,RR_CREATED,RR,200,,"{""rr_number"": ""RR-1200""}",2026-07-07T01:09:36.211764+00:00,,synthetic-seed
894,15,DOA_APPROVED,RR,200,,,2026-07-08T01:09:36.211764+00:00,,synthetic-seed
895,5,PR_CREATED,PR,173,,"{""pr_number"": ""PR-2173""}",2026-07-11T01:09:36.211764+00:00,,synthetic-seed
896,3,NFA_APPROVED,PR,173,,,2026-07-16T01:09:36.211764+00:00,,synthetic-seed
897,5,PO_CREATED,PO,142,,"{""po_number"": ""PO-3142""}",2026-07-17T01:09:36.211764+00:00,,synthetic-seed
898,12,RR_CREATED,RR,201,,"{""rr_number"": ""RR-1201""}",2026-07-22T10:09:36.211764+00:00,,synthetic-seed
899,3,DOA_APPROVED,RR,201,,,2026-07-26T10:09:36.211764+00:00,,synthetic-seed
900,12,PR_CREATED,PR,174,,"{""pr_number"": ""PR-2174""}",2026-07-27T10:09:36.211764+00:00,,synthetic-seed
901,12,RFQ_CLOSED,PR,174,,,2026-08-04T10:09:36.211764+00:00,,synthetic-seed
902,12,PO_CREATED,PO,143,,"{""po_number"": ""PO-3143""}",2026-08-09T22:09:36.211764+00:00,,synthetic-seed
903,20,RR_CREATED,RR,202,,"{""rr_number"": ""RR-1202""}",2026-07-21T08:09:36.211764+00:00,,synthetic-seed
904,3,DOA_APPROVED,RR,202,,,2026-07-24T08:09:36.211764+00:00,,synthetic-seed
905,24,PR_CREATED,PR,175,,"{""pr_number"": ""PR-2175""}",2026-07-26T08:09:36.211764+00:00,,synthetic-seed
906,10,RR_CREATED,RR,203,,"{""rr_number"": ""RR-1203""}",2026-04-20T20:09:36.211764+00:00,,synthetic-seed
907,3,DOA_APPROVED,RR,203,,,2026-04-22T20:09:36.211764+00:00,,synthetic-seed
908,12,PR_CREATED,PR,176,,"{""pr_number"": ""PR-2176""}",2026-04-23T20:09:36.211764+00:00,,synthetic-seed
909,21,RR_CREATED,RR,204,,"{""rr_number"": ""RR-1204""}",2026-04-28T05:09:36.211764+00:00,,synthetic-seed
910,2,DOA_APPROVED,RR,204,,,2026-04-29T05:09:36.211764+00:00,,synthetic-seed
911,5,PR_CREATED,PR,177,,"{""pr_number"": ""PR-2177""}",2026-05-02T05:09:36.211764+00:00,,synthetic-seed
912,5,RFQ_CLOSED,PR,177,,,2026-05-13T05:09:36.211764+00:00,,synthetic-seed
913,5,PO_CREATED,PO,144,,"{""po_number"": ""PO-3144""}",2026-05-21T07:09:36.211764+00:00,,synthetic-seed
914,18,RR_CREATED,RR,205,,"{""rr_number"": ""RR-1205""}",2026-02-21T05:09:36.211764+00:00,,synthetic-seed
915,2,DOA_APPROVED,RR,205,,,2026-03-17T05:09:36.211764+00:00,,synthetic-seed
916,5,PR_CREATED,PR,178,,"{""pr_number"": ""PR-2178""}",2026-03-19T05:09:36.211764+00:00,,synthetic-seed
917,5,RFQ_CLOSED,PR,178,,,2026-03-25T05:09:36.211764+00:00,,synthetic-seed
918,15,NFA_APPROVED,PR,178,,,2026-03-29T05:09:36.211764+00:00,,synthetic-seed
919,5,PO_CREATED,PO,145,,"{""po_number"": ""PO-3145""}",2026-03-30T05:09:36.211764+00:00,,synthetic-seed
920,10,RR_CREATED,RR,206,,"{""rr_number"": ""RR-1206""}",2026-04-13T04:09:36.211764+00:00,,synthetic-seed
921,3,DOA_APPROVED,RR,206,,,2026-04-17T04:09:36.211764+00:00,,synthetic-seed
922,13,PR_CREATED,PR,179,,"{""pr_number"": ""PR-2179""}",2026-04-18T04:09:36.211764+00:00,,synthetic-seed
923,13,RFQ_CLOSED,PR,179,,,2026-04-25T04:09:36.211764+00:00,,synthetic-seed
924,3,NFA_APPROVED,PR,179,,,2026-06-08T12:09:36.211764+00:00,,synthetic-seed
925,13,PO_CREATED,PO,146,,"{""po_number"": ""PO-3146""}",2026-06-09T12:09:36.211764+00:00,,synthetic-seed
926,20,RR_CREATED,RR,207,,"{""rr_number"": ""RR-1207""}",2026-01-27T03:09:36.211764+00:00,,synthetic-seed
927,2,DOA_APPROVED,RR,207,,,2026-01-29T03:09:36.211764+00:00,,synthetic-seed
928,13,PR_CREATED,PR,180,,"{""pr_number"": ""PR-2180""}",2026-01-31T03:09:36.211764+00:00,,synthetic-seed
929,13,RFQ_CLOSED,PR,180,,,2026-02-09T03:09:36.211764+00:00,,synthetic-seed
930,13,PO_CREATED,PO,147,,"{""po_number"": ""PO-3147""}",2026-02-10T03:09:36.211764+00:00,,synthetic-seed
931,14,RR_CREATED,RR,208,,"{""rr_number"": ""RR-1208""}",2026-04-17T00:09:36.211764+00:00,,synthetic-seed
932,2,DOA_APPROVED,RR,208,,,2026-04-18T00:09:36.211764+00:00,,synthetic-seed
933,12,PR_CREATED,PR,181,,"{""pr_number"": ""PR-2181""}",2026-04-20T00:09:36.211764+00:00,,synthetic-seed
934,22,RR_CREATED,RR,209,,"{""rr_number"": ""RR-1209""}",2025-12-16T14:09:36.211764+00:00,,synthetic-seed
935,3,DOA_APPROVED,RR,209,,,2025-12-18T14:09:36.211764+00:00,,synthetic-seed
936,5,PR_CREATED,PR,182,,"{""pr_number"": ""PR-2182""}",2025-12-20T14:09:36.211764+00:00,,synthetic-seed
937,5,PO_CREATED,PO,148,,"{""po_number"": ""PO-3148""}",2025-12-21T14:09:36.211764+00:00,,synthetic-seed
938,23,RR_CREATED,RR,210,,"{""rr_number"": ""RR-1210""}",2026-03-17T00:09:36.211764+00:00,,synthetic-seed
939,2,DOA_APPROVED,RR,210,,,2026-03-21T00:09:36.211764+00:00,,synthetic-seed
940,12,PR_CREATED,PR,183,,"{""pr_number"": ""PR-2183""}",2026-04-03T00:09:36.211764+00:00,,synthetic-seed
941,12,RFQ_CLOSED,PR,183,,,2026-04-11T00:09:36.211764+00:00,,synthetic-seed
942,3,NFA_APPROVED,PR,183,,,2026-04-16T00:09:36.211764+00:00,,synthetic-seed
943,12,PO_CREATED,PO,149,,"{""po_number"": ""PO-3149""}",2026-04-17T00:09:36.211764+00:00,,synthetic-seed
944,4,RR_CREATED,RR,211,,"{""rr_number"": ""RR-1211""}",2026-01-24T16:09:36.211764+00:00,,synthetic-seed
945,2,DOA_APPROVED,RR,211,,,2026-02-08T16:09:36.211764+00:00,,synthetic-seed
946,24,PR_CREATED,PR,184,,"{""pr_number"": ""PR-2184""}",2026-02-10T16:09:36.211764+00:00,,synthetic-seed
947,24,PO_CREATED,PO,150,,"{""po_number"": ""PO-3150""}",2026-02-11T16:09:36.211764+00:00,,synthetic-seed
948,19,RR_CREATED,RR,212,,"{""rr_number"": ""RR-1212""}",2026-03-30T17:09:36.211764+00:00,,synthetic-seed
949,13,RR_CREATED,RR,213,,"{""rr_number"": ""RR-1213""}",2026-04-17T02:09:36.211764+00:00,,synthetic-seed
950,2,DOA_APPROVED,RR,213,,,2026-04-21T02:09:36.211764+00:00,,synthetic-seed
951,12,PR_CREATED,PR,185,,"{""pr_number"": ""PR-2185""}",2026-04-23T02:09:36.211764+00:00,,synthetic-seed
952,12,RFQ_CLOSED,PR,185,,,2026-04-30T02:09:36.211764+00:00,,synthetic-seed
953,12,PO_CREATED,PO,151,,"{""po_number"": ""PO-3151""}",2026-05-01T02:09:36.211764+00:00,,synthetic-seed
954,22,RR_CREATED,RR,214,,"{""rr_number"": ""RR-1214""}",2026-03-16T22:09:36.211764+00:00,,synthetic-seed
955,2,DOA_APPROVED,RR,214,,,2026-03-17T22:09:36.211764+00:00,,synthetic-seed
956,24,PR_CREATED,PR,186,,"{""pr_number"": ""PR-2186""}",2026-04-08T22:09:36.211764+00:00,,synthetic-seed
957,24,PO_CREATED,PO,152,,"{""po_number"": ""PO-3152""}",2026-04-09T22:09:36.211764+00:00,,synthetic-seed
958,24,RR_CREATED,RR,215,,"{""rr_number"": ""RR-1215""}",2026-07-03T18:09:36.211764+00:00,,synthetic-seed
959,15,DOA_APPROVED,RR,215,,,2026-07-05T18:09:36.211764+00:00,,synthetic-seed
960,5,PR_CREATED,PR,187,,"{""pr_number"": ""PR-2187""}",2026-07-06T18:09:36.211764+00:00,,synthetic-seed
961,5,RFQ_CLOSED,PR,187,,,2026-07-12T18:09:36.211764+00:00,,synthetic-seed
962,5,PO_CREATED,PO,153,,"{""po_number"": ""PO-3153""}",2026-07-20T06:09:36.211764+00:00,,synthetic-seed
963,8,RR_CREATED,RR,216,,"{""rr_number"": ""RR-1216""}",2026-03-12T20:09:36.211764+00:00,,synthetic-seed
964,2,DOA_APPROVED,RR,216,,,2026-03-15T20:09:36.211764+00:00,,synthetic-seed
965,5,PR_CREATED,PR,188,,"{""pr_number"": ""PR-2188""}",2026-03-16T20:09:36.211764+00:00,,synthetic-seed
966,5,RFQ_CLOSED,PR,188,,,2026-03-27T20:09:36.211764+00:00,,synthetic-seed
967,15,NFA_APPROVED,PR,188,,,2026-04-30T03:09:36.211764+00:00,,synthetic-seed
968,5,PO_CREATED,PO,154,,"{""po_number"": ""PO-3154""}",2026-05-01T03:09:36.211764+00:00,,synthetic-seed
969,24,RR_CREATED,RR,217,,"{""rr_number"": ""RR-1217""}",2026-07-31T12:09:36.211764+00:00,,synthetic-seed
970,3,DOA_APPROVED,RR,217,,,2026-08-12T12:09:36.211764+00:00,,synthetic-seed
971,13,PR_CREATED,PR,189,,"{""pr_number"": ""PR-2189""}",2026-08-14T12:09:36.211764+00:00,,synthetic-seed
972,13,RFQ_CLOSED,PR,189,,,2026-08-22T12:09:36.211764+00:00,,synthetic-seed
973,13,PO_CREATED,PO,155,,"{""po_number"": ""PO-3155""}",2026-08-23T12:09:36.211764+00:00,,synthetic-seed
974,23,RR_CREATED,RR,218,,"{""rr_number"": ""RR-1218""}",2026-08-18T03:09:36.211764+00:00,,synthetic-seed
975,15,DOA_APPROVED,RR,218,,,2026-08-21T03:09:36.211764+00:00,,synthetic-seed
976,13,PR_CREATED,PR,190,,"{""pr_number"": ""PR-2190""}",2026-08-24T03:09:36.211764+00:00,,synthetic-seed
977,13,RFQ_CLOSED,PR,190,,,2026-10-01T03:09:36.211764+00:00,,synthetic-seed
978,3,NFA_APPROVED,PR,190,,,2026-10-13T05:09:36.211764+00:00,,synthetic-seed
979,13,PO_CREATED,PO,156,,"{""po_number"": ""PO-3156""}",2026-10-14T05:09:36.211764+00:00,,synthetic-seed
980,22,RR_CREATED,RR,219,,"{""rr_number"": ""RR-1219""}",2026-01-31T02:09:36.211764+00:00,,synthetic-seed
981,15,DOA_APPROVED,RR,219,,,2026-02-03T02:09:36.211764+00:00,,synthetic-seed
982,13,PR_CREATED,PR,191,,"{""pr_number"": ""PR-2191""}",2026-02-05T02:09:36.211764+00:00,,synthetic-seed
983,13,RFQ_CLOSED,PR,191,,,2026-03-11T02:09:36.211764+00:00,,synthetic-seed
984,3,NFA_APPROVED,PR,191,,,2026-03-14T02:09:36.211764+00:00,,synthetic-seed
985,13,PO_CREATED,PO,157,,"{""po_number"": ""PO-3157""}",2026-03-15T02:09:36.211764+00:00,,synthetic-seed
986,8,RR_CREATED,RR,220,,"{""rr_number"": ""RR-1220""}",2026-05-27T01:09:36.211764+00:00,,synthetic-seed
987,2,DOA_APPROVED,RR,220,,,2026-05-28T01:09:36.211764+00:00,,synthetic-seed
988,24,PR_CREATED,PR,192,,"{""pr_number"": ""PR-2192""}",2026-05-30T01:09:36.211764+00:00,,synthetic-seed
989,24,RFQ_CLOSED,PR,192,,,2026-06-07T01:09:36.211764+00:00,,synthetic-seed
990,15,NFA_APPROVED,PR,192,,,2026-06-18T13:09:36.211764+00:00,,synthetic-seed
991,24,PO_CREATED,PO,158,,"{""po_number"": ""PO-3158""}",2026-06-19T13:09:36.211764+00:00,,synthetic-seed
992,6,RR_CREATED,RR,221,,"{""rr_number"": ""RR-1221""}",2026-04-17T11:09:36.211764+00:00,,synthetic-seed
993,2,DOA_APPROVED,RR,221,,,2026-04-19T11:09:36.211764+00:00,,synthetic-seed
994,5,PR_CREATED,PR,193,,"{""pr_number"": ""PR-2193""}",2026-04-20T11:09:36.211764+00:00,,synthetic-seed
995,5,RFQ_CLOSED,PR,193,,,2026-04-28T11:09:36.211764+00:00,,synthetic-seed
996,5,PO_CREATED,PO,159,,"{""po_number"": ""PO-3159""}",2026-05-05T08:09:36.211764+00:00,,synthetic-seed
997,17,RR_CREATED,RR,222,,"{""rr_number"": ""RR-1222""}",2026-03-07T23:09:36.211764+00:00,,synthetic-seed
998,2,DOA_APPROVED,RR,222,,,2026-03-11T23:09:36.211764+00:00,,synthetic-seed
999,24,PR_CREATED,PR,194,,"{""pr_number"": ""PR-2194""}",2026-03-14T23:09:36.211764+00:00,,synthetic-seed
1000,24,PO_CREATED,PO,160,,"{""po_number"": ""PO-3160""}",2026-03-15T23:09:36.211764+00:00,,synthetic-seed
1001,20,RR_CREATED,RR,223,,"{""rr_number"": ""RR-1223""}",2026-01-17T12:09:36.211764+00:00,,synthetic-seed
1002,2,DOA_APPROVED,RR,223,,,2026-01-21T12:09:36.211764+00:00,,synthetic-seed
1003,13,PR_CREATED,PR,195,,"{""pr_number"": ""PR-2195""}",2026-01-24T12:09:36.211764+00:00,,synthetic-seed
1004,13,RFQ_CLOSED,PR,195,,,2026-01-31T12:09:36.211764+00:00,,synthetic-seed
1005,3,NFA_APPROVED,PR,195,,,2026-02-23T12:09:36.211764+00:00,,synthetic-seed
1006,13,PO_CREATED,PO,161,,"{""po_number"": ""PO-3161""}",2026-02-24T12:09:36.211764+00:00,,synthetic-seed
1007,21,RR_CREATED,RR,224,,"{""rr_number"": ""RR-1224""}",2026-07-11T19:09:36.211764+00:00,,synthetic-seed
1008,15,DOA_APPROVED,RR,224,,,2026-07-14T19:09:36.211764+00:00,,synthetic-seed
1009,12,PR_CREATED,PR,196,,"{""pr_number"": ""PR-2196""}",2026-07-15T19:09:36.211764+00:00,,synthetic-seed
1010,12,RFQ_CLOSED,PR,196,,,2026-07-24T19:09:36.211764+00:00,,synthetic-seed
1011,3,NFA_APPROVED,PR,196,,,2026-08-08T15:09:36.211764+00:00,,synthetic-seed
1012,12,PO_CREATED,PO,162,,"{""po_number"": ""PO-3162""}",2026-08-09T15:09:36.211764+00:00,,synthetic-seed
1013,4,RR_CREATED,RR,225,,"{""rr_number"": ""RR-1225""}",2026-08-12T02:09:36.211764+00:00,,synthetic-seed
1014,2,DOA_APPROVED,RR,225,,,2026-08-15T02:09:36.211764+00:00,,synthetic-seed
1015,13,PR_CREATED,PR,197,,"{""pr_number"": ""PR-2197""}",2026-08-18T02:09:36.211764+00:00,,synthetic-seed
1016,13,RFQ_CLOSED,PR,197,,,2026-08-28T02:09:36.211764+00:00,,synthetic-seed
1017,13,PO_CREATED,PO,163,,"{""po_number"": ""PO-3163""}",2026-09-02T16:09:36.211764+00:00,,synthetic-seed
1018,12,RR_CREATED,RR,226,,"{""rr_number"": ""RR-1226""}",2026-05-31T04:09:36.211764+00:00,,synthetic-seed
1019,2,DOA_APPROVED,RR,226,,,2026-06-01T04:09:36.211764+00:00,,synthetic-seed
1020,12,PR_CREATED,PR,198,,"{""pr_number"": ""PR-2198""}",2026-06-03T04:09:36.211764+00:00,,synthetic-seed
1021,12,RFQ_CLOSED,PR,198,,,2026-06-09T04:09:36.211764+00:00,,synthetic-seed
1022,12,PO_CREATED,PO,164,,"{""po_number"": ""PO-3164""}",2026-06-15T18:09:36.211764+00:00,,synthetic-seed
1023,21,RR_CREATED,RR,227,,"{""rr_number"": ""RR-1227""}",2026-07-12T09:09:36.211764+00:00,,synthetic-seed
1024,15,DOA_APPROVED,RR,227,,,2026-07-15T09:09:36.211764+00:00,,synthetic-seed
1025,13,PR_CREATED,PR,199,,"{""pr_number"": ""PR-2199""}",2026-07-17T09:09:36.211764+00:00,,synthetic-seed
1026,13,PO_CREATED,PO,165,,"{""po_number"": ""PO-3165""}",2026-07-18T09:09:36.211764+00:00,,synthetic-seed
1027,10,RR_CREATED,RR,228,,"{""rr_number"": ""RR-1228""}",2026-01-20T18:09:36.211764+00:00,,synthetic-seed
1028,3,DOA_APPROVED,RR,228,,,2026-01-21T18:09:36.211764+00:00,,synthetic-seed
1029,12,PR_CREATED,PR,200,,"{""pr_number"": ""PR-2200""}",2026-01-23T18:09:36.211764+00:00,,synthetic-seed
1030,15,NFA_APPROVED,PR,200,,,2026-01-29T18:09:36.211764+00:00,,synthetic-seed
1031,12,PO_CREATED,PO,166,,"{""po_number"": ""PO-3166""}",2026-01-30T18:09:36.211764+00:00,,synthetic-seed
1032,17,RR_CREATED,RR,229,,"{""rr_number"": ""RR-1229""}",2026-03-14T12:09:36.211764+00:00,,synthetic-seed
1033,2,APPROVAL_ESCALATED,RR,229,,,2026-03-16T12:09:36.211764+00:00,,synthetic-seed
1034,21,RR_CREATED,RR,230,,"{""rr_number"": ""RR-1230""}",2026-06-20T02:09:36.211764+00:00,,synthetic-seed
1035,3,DOA_APPROVED,RR,230,,,2026-06-23T02:09:36.211764+00:00,,synthetic-seed
1036,13,PR_CREATED,PR,201,,"{""pr_number"": ""PR-2201""}",2026-06-24T02:09:36.211764+00:00,,synthetic-seed
1037,3,NFA_APPROVED,PR,201,,,2026-06-30T02:09:36.211764+00:00,,synthetic-seed
1038,13,PO_CREATED,PO,167,,"{""po_number"": ""PO-3167""}",2026-07-01T02:09:36.211764+00:00,,synthetic-seed
1039,7,RR_CREATED,RR,231,,"{""rr_number"": ""RR-1231""}",2026-03-01T06:09:36.211764+00:00,,synthetic-seed
1040,3,DOA_APPROVED,RR,231,,,2026-03-02T06:09:36.211764+00:00,,synthetic-seed
1041,5,PR_CREATED,PR,202,,"{""pr_number"": ""PR-2202""}",2026-03-04T06:09:36.211764+00:00,,synthetic-seed
1042,5,RFQ_CLOSED,PR,202,,,2026-03-30T06:09:36.211764+00:00,,synthetic-seed
1043,5,PO_CREATED,PO,168,,"{""po_number"": ""PO-3168""}",2026-03-31T06:09:36.211764+00:00,,synthetic-seed
1044,12,RR_CREATED,RR,232,,"{""rr_number"": ""RR-1232""}",2026-04-08T15:09:36.211764+00:00,,synthetic-seed
1045,15,DOA_APPROVED,RR,232,,,2026-04-11T15:09:36.211764+00:00,,synthetic-seed
1046,5,PR_CREATED,PR,203,,"{""pr_number"": ""PR-2203""}",2026-04-13T15:09:36.211764+00:00,,synthetic-seed
1047,3,NFA_APPROVED,PR,203,,,2026-04-19T15:09:36.211764+00:00,,synthetic-seed
1048,5,PO_CREATED,PO,169,,"{""po_number"": ""PO-3169""}",2026-04-20T15:09:36.211764+00:00,,synthetic-seed
1049,22,RR_CREATED,RR,233,,"{""rr_number"": ""RR-1233""}",2026-06-03T04:09:36.211764+00:00,,synthetic-seed
1050,15,DOA_APPROVED,RR,233,,,2026-06-07T04:09:36.211764+00:00,,synthetic-seed
1051,24,PR_CREATED,PR,204,,"{""pr_number"": ""PR-2204""}",2026-06-10T04:09:36.211764+00:00,,synthetic-seed
1052,15,NFA_APPROVED,PR,204,,,2026-06-15T04:09:36.211764+00:00,,synthetic-seed
1053,24,PO_CREATED,PO,170,,"{""po_number"": ""PO-3170""}",2026-06-16T04:09:36.211764+00:00,,synthetic-seed
1054,17,RR_CREATED,RR,234,,"{""rr_number"": ""RR-1234""}",2026-02-18T15:09:36.211764+00:00,,synthetic-seed
1055,2,DOA_APPROVED,RR,234,,,2026-02-20T15:09:36.211764+00:00,,synthetic-seed
1056,13,PR_CREATED,PR,205,,"{""pr_number"": ""PR-2205""}",2026-02-21T15:09:36.211764+00:00,,synthetic-seed
1057,13,RFQ_CLOSED,PR,205,,,2026-03-18T15:09:36.211764+00:00,,synthetic-seed
1058,13,PO_CREATED,PO,171,,"{""po_number"": ""PO-3171""}",2026-03-19T15:09:36.211764+00:00,,synthetic-seed
1059,3,RR_CREATED,RR,235,,"{""rr_number"": ""RR-1235""}",2026-04-12T03:09:36.211764+00:00,,synthetic-seed
1060,2,DOA_APPROVED,RR,235,,,2026-04-13T03:09:36.211764+00:00,,synthetic-seed
1061,5,PR_CREATED,PR,206,,"{""pr_number"": ""PR-2206""}",2026-04-15T03:09:36.211764+00:00,,synthetic-seed
1062,12,RR_CREATED,RR,236,,"{""rr_number"": ""RR-1236""}",2026-06-27T09:09:36.211764+00:00,,synthetic-seed
1063,2,DOA_APPROVED,RR,236,,,2026-06-30T09:09:36.211764+00:00,,synthetic-seed
1064,5,PR_CREATED,PR,207,,"{""pr_number"": ""PR-2207""}",2026-07-02T09:09:36.211764+00:00,,synthetic-seed
1065,5,RFQ_CLOSED,PR,207,,,2026-07-08T09:09:36.211764+00:00,,synthetic-seed
1066,15,NFA_APPROVED,PR,207,,,2026-07-12T09:09:36.211764+00:00,,synthetic-seed
1067,5,PO_CREATED,PO,172,,"{""po_number"": ""PO-3172""}",2026-07-13T09:09:36.211764+00:00,,synthetic-seed
1068,24,RR_CREATED,RR,237,,"{""rr_number"": ""RR-1237""}",2026-04-17T23:09:36.211764+00:00,,synthetic-seed
1069,6,RR_CREATED,RR,238,,"{""rr_number"": ""RR-1238""}",2026-04-30T06:09:36.211764+00:00,,synthetic-seed
1070,16,RR_CREATED,RR,239,,"{""rr_number"": ""RR-1239""}",2026-04-22T00:09:36.211764+00:00,,synthetic-seed
1071,3,DOA_REJECTED,RR,239,,,2026-04-25T00:09:36.211764+00:00,,synthetic-seed
1072,24,RR_CREATED,RR,240,,"{""rr_number"": ""RR-1240""}",2025-12-25T22:09:36.211764+00:00,,synthetic-seed
1073,15,DOA_APPROVED,RR,240,,,2025-12-26T22:09:36.211764+00:00,,synthetic-seed
1074,13,PR_CREATED,PR,208,,"{""pr_number"": ""PR-2208""}",2025-12-29T22:09:36.211764+00:00,,synthetic-seed
1075,3,NFA_APPROVED,PR,208,,,2026-01-01T22:09:36.211764+00:00,,synthetic-seed
1076,13,PO_CREATED,PO,173,,"{""po_number"": ""PO-3173""}",2026-01-02T22:09:36.211764+00:00,,synthetic-seed
1077,22,RR_CREATED,RR,241,,"{""rr_number"": ""RR-1241""}",2026-06-10T10:09:36.211764+00:00,,synthetic-seed
1078,2,DOA_APPROVED,RR,241,,,2026-06-14T10:09:36.211764+00:00,,synthetic-seed
1079,24,PR_CREATED,PR,209,,"{""pr_number"": ""PR-2209""}",2026-06-16T10:09:36.211764+00:00,,synthetic-seed
1080,24,RFQ_CLOSED,PR,209,,,2026-06-25T10:09:36.211764+00:00,,synthetic-seed
1081,3,NFA_APPROVED,PR,209,,,2026-06-28T10:09:36.211764+00:00,,synthetic-seed
1082,24,PO_CREATED,PO,174,,"{""po_number"": ""PO-3174""}",2026-06-29T10:09:36.211764+00:00,,synthetic-seed
1083,1,RR_CREATED,RR,242,,"{""rr_number"": ""RR-1242""}",2026-07-09T23:09:36.211764+00:00,,synthetic-seed
1084,2,DOA_APPROVED,RR,242,,,2026-07-23T23:09:36.211764+00:00,,synthetic-seed
1085,13,PR_CREATED,PR,210,,"{""pr_number"": ""PR-2210""}",2026-07-26T23:09:36.211764+00:00,,synthetic-seed
1086,13,RFQ_CLOSED,PR,210,,,2026-08-06T23:09:36.211764+00:00,,synthetic-seed
1087,13,PO_CREATED,PO,175,,"{""po_number"": ""PO-3175""}",2026-08-07T23:09:36.211764+00:00,,synthetic-seed
1088,6,RR_CREATED,RR,243,,"{""rr_number"": ""RR-1243""}",2026-07-13T00:09:36.211764+00:00,,synthetic-seed
1089,15,DOA_APPROVED,RR,243,,,2026-07-15T00:09:36.211764+00:00,,synthetic-seed
1090,24,PR_CREATED,PR,211,,"{""pr_number"": ""PR-2211""}",2026-07-17T00:09:36.211764+00:00,,synthetic-seed
1091,19,RR_CREATED,RR,244,,"{""rr_number"": ""RR-1244""}",2025-12-07T00:09:36.211764+00:00,,synthetic-seed
1092,15,DOA_APPROVED,RR,244,,,2025-12-10T00:09:36.211764+00:00,,synthetic-seed
1093,12,PR_CREATED,PR,212,,"{""pr_number"": ""PR-2212""}",2025-12-11T00:09:36.211764+00:00,,synthetic-seed
1094,3,NFA_APPROVED,PR,212,,,2025-12-14T00:09:36.211764+00:00,,synthetic-seed
1095,12,PO_CREATED,PO,176,,"{""po_number"": ""PO-3176""}",2025-12-15T00:09:36.211764+00:00,,synthetic-seed
1096,23,RR_CREATED,RR,245,,"{""rr_number"": ""RR-1245""}",2026-07-16T03:09:36.211764+00:00,,synthetic-seed
1097,15,DOA_REJECTED,RR,245,,,2026-07-18T03:09:36.211764+00:00,,synthetic-seed
1098,7,RR_CREATED,RR,246,,"{""rr_number"": ""RR-1246""}",2026-03-19T22:09:36.211764+00:00,,synthetic-seed
1099,2,DOA_APPROVED,RR,246,,,2026-03-23T22:09:36.211764+00:00,,synthetic-seed
1100,13,PR_CREATED,PR,213,,"{""pr_number"": ""PR-2213""}",2026-03-24T22:09:36.211764+00:00,,synthetic-seed
1101,13,RFQ_CLOSED,PR,213,,,2026-04-02T22:09:36.211764+00:00,,synthetic-seed
1102,15,NFA_APPROVED,PR,213,,,2026-04-18T22:09:36.211764+00:00,,synthetic-seed
1103,13,PO_CREATED,PO,177,,"{""po_number"": ""PO-3177""}",2026-04-19T22:09:36.211764+00:00,,synthetic-seed
1104,1,RR_CREATED,RR,247,,"{""rr_number"": ""RR-1247""}",2026-07-22T07:09:36.211764+00:00,,synthetic-seed
1105,2,DOA_APPROVED,RR,247,,,2026-07-23T07:09:36.211764+00:00,,synthetic-seed
1106,24,PR_CREATED,PR,214,,"{""pr_number"": ""PR-2214""}",2026-07-24T07:09:36.211764+00:00,,synthetic-seed
1107,3,NFA_APPROVED,PR,214,,,2026-07-27T07:09:36.211764+00:00,,synthetic-seed
1108,24,PO_CREATED,PO,178,,"{""po_number"": ""PO-3178""}",2026-07-28T07:09:36.211764+00:00,,synthetic-seed
1109,5,RR_CREATED,RR,248,,"{""rr_number"": ""RR-1248""}",2026-06-24T14:09:36.211764+00:00,,synthetic-seed
1110,2,DOA_APPROVED,RR,248,,,2026-07-26T14:09:36.211764+00:00,,synthetic-seed
1111,13,PR_CREATED,PR,215,,"{""pr_number"": ""PR-2215""}",2026-07-28T14:09:36.211764+00:00,,synthetic-seed
1112,13,RFQ_CLOSED,PR,215,,,2026-08-07T14:09:36.211764+00:00,,synthetic-seed
1113,13,PO_CREATED,PO,179,,"{""po_number"": ""PO-3179""}",2026-08-08T14:09:36.211764+00:00,,synthetic-seed
1114,4,RR_CREATED,RR,249,,"{""rr_number"": ""RR-1249""}",2026-02-17T20:09:36.211764+00:00,,synthetic-seed
1115,2,DOA_APPROVED,RR,249,,,2026-02-19T20:09:36.211764+00:00,,synthetic-seed
1116,12,PR_CREATED,PR,216,,"{""pr_number"": ""PR-2216""}",2026-03-15T20:09:36.211764+00:00,,synthetic-seed
1117,12,RFQ_CLOSED,PR,216,,,2026-03-23T20:09:36.211764+00:00,,synthetic-seed
1118,12,PO_CREATED,PO,180,,"{""po_number"": ""PO-3180""}",2026-03-24T20:09:36.211764+00:00,,synthetic-seed
1119,9,RR_CREATED,RR,250,,"{""rr_number"": ""RR-1250""}",2026-05-11T22:09:36.211764+00:00,,synthetic-seed
1120,21,RR_CREATED,RR,251,,"{""rr_number"": ""RR-1251""}",2026-02-12T11:09:36.211764+00:00,,synthetic-seed
1121,2,DOA_APPROVED,RR,251,,,2026-02-13T11:09:36.211764+00:00,,synthetic-seed
1122,13,PR_CREATED,PR,217,,"{""pr_number"": ""PR-2217""}",2026-02-15T11:09:36.211764+00:00,,synthetic-seed
1123,13,RFQ_CLOSED,PR,217,,,2026-02-21T11:09:36.211764+00:00,,synthetic-seed
1124,13,PO_CREATED,PO,181,,"{""po_number"": ""PO-3181""}",2026-02-22T11:09:36.211764+00:00,,synthetic-seed
1125,24,RR_CREATED,RR,252,,"{""rr_number"": ""RR-1252""}",2026-07-27T11:09:36.211764+00:00,,synthetic-seed
1126,3,DOA_APPROVED,RR,252,,,2026-07-30T11:09:36.211764+00:00,,synthetic-seed
1127,13,PR_CREATED,PR,218,,"{""pr_number"": ""PR-2218""}",2026-08-01T11:09:36.211764+00:00,,synthetic-seed
1128,13,RFQ_CLOSED,PR,218,,,2026-08-10T11:09:36.211764+00:00,,synthetic-seed
1129,3,NFA_APPROVED,PR,218,,,2026-08-21T07:09:36.211764+00:00,,synthetic-seed
1130,15,RR_CREATED,RR,253,,"{""rr_number"": ""RR-1253""}",2026-07-20T19:09:36.211764+00:00,,synthetic-seed
1131,2,DOA_APPROVED,RR,253,,,2026-07-21T19:09:36.211764+00:00,,synthetic-seed
1132,12,PR_CREATED,PR,219,,"{""pr_number"": ""PR-2219""}",2026-07-23T19:09:36.211764+00:00,,synthetic-seed
1133,12,RFQ_CLOSED,PR,219,,,2026-08-02T19:09:36.211764+00:00,,synthetic-seed
1134,20,RR_CREATED,RR,254,,"{""rr_number"": ""RR-1254""}",2026-01-10T03:09:36.211764+00:00,,synthetic-seed
1135,15,DOA_APPROVED,RR,254,,,2026-01-11T03:09:36.211764+00:00,,synthetic-seed
1136,12,PR_CREATED,PR,220,,"{""pr_number"": ""PR-2220""}",2026-01-14T03:09:36.211764+00:00,,synthetic-seed
1137,12,RFQ_CLOSED,PR,220,,,2026-01-20T03:09:36.211764+00:00,,synthetic-seed
1138,12,PO_CREATED,PO,182,,"{""po_number"": ""PO-3182""}",2026-01-29T03:09:36.211764+00:00,,synthetic-seed
1139,13,RR_CREATED,RR,255,,"{""rr_number"": ""RR-1255""}",2026-05-16T04:09:36.211764+00:00,,synthetic-seed
1140,2,APPROVAL_ESCALATED,RR,255,,,2026-05-18T04:09:36.211764+00:00,,synthetic-seed
1141,11,RR_CREATED,RR,256,,"{""rr_number"": ""RR-1256""}",2026-02-22T09:09:36.211764+00:00,,synthetic-seed
1142,3,DOA_APPROVED,RR,256,,,2026-02-24T09:09:36.211764+00:00,,synthetic-seed
1143,13,PR_CREATED,PR,221,,"{""pr_number"": ""PR-2221""}",2026-02-26T09:09:36.211764+00:00,,synthetic-seed
1144,13,RFQ_CLOSED,PR,221,,,2026-03-05T09:09:36.211764+00:00,,synthetic-seed
1145,13,PO_CREATED,PO,183,,"{""po_number"": ""PO-3183""}",2026-03-11T05:09:36.211764+00:00,,synthetic-seed
1146,19,RR_CREATED,RR,257,,"{""rr_number"": ""RR-1257""}",2026-07-07T03:09:36.211764+00:00,,synthetic-seed
1147,2,DOA_APPROVED,RR,257,,,2026-07-09T03:09:36.211764+00:00,,synthetic-seed
1148,13,PR_CREATED,PR,222,,"{""pr_number"": ""PR-2222""}",2026-07-29T03:09:36.211764+00:00,,synthetic-seed
1149,13,RFQ_CLOSED,PR,222,,,2026-08-06T03:09:36.211764+00:00,,synthetic-seed
1150,3,NFA_APPROVED,PR,222,,,2026-08-12T03:09:36.211764+00:00,,synthetic-seed
1151,13,PO_CREATED,PO,184,,"{""po_number"": ""PO-3184""}",2026-08-13T03:09:36.211764+00:00,,synthetic-seed
1152,5,RR_CREATED,RR,258,,"{""rr_number"": ""RR-1258""}",2026-06-29T17:09:36.211764+00:00,,synthetic-seed
1153,15,DOA_APPROVED,RR,258,,,2026-07-02T17:09:36.211764+00:00,,synthetic-seed
1154,24,PR_CREATED,PR,223,,"{""pr_number"": ""PR-2223""}",2026-07-03T17:09:36.211764+00:00,,synthetic-seed
1155,24,PO_CREATED,PO,185,,"{""po_number"": ""PO-3185""}",2026-07-04T17:09:36.211764+00:00,,synthetic-seed
1156,8,RR_CREATED,RR,259,,"{""rr_number"": ""RR-1259""}",2026-01-27T23:09:36.211764+00:00,,synthetic-seed
1157,2,DOA_APPROVED,RR,259,,,2026-01-29T23:09:36.211764+00:00,,synthetic-seed
1158,5,PR_CREATED,PR,224,,"{""pr_number"": ""PR-2224""}",2026-01-30T23:09:36.211764+00:00,,synthetic-seed
1159,5,RFQ_CLOSED,PR,224,,,2026-02-06T23:09:36.211764+00:00,,synthetic-seed
1160,3,NFA_APPROVED,PR,224,,,2026-03-03T20:09:36.211764+00:00,,synthetic-seed
1161,5,PO_CREATED,PO,186,,"{""po_number"": ""PO-3186""}",2026-03-04T20:09:36.211764+00:00,,synthetic-seed
1162,19,RR_CREATED,RR,260,,"{""rr_number"": ""RR-1260""}",2026-05-30T22:09:36.211764+00:00,,synthetic-seed
1163,3,DOA_APPROVED,RR,260,,,2026-06-02T22:09:36.211764+00:00,,synthetic-seed
1164,13,PR_CREATED,PR,225,,"{""pr_number"": ""PR-2225""}",2026-06-05T22:09:36.211764+00:00,,synthetic-seed
1165,20,RR_CREATED,RR,261,,"{""rr_number"": ""RR-1261""}",2026-05-27T02:09:36.211764+00:00,,synthetic-seed
1166,4,RR_CREATED,RR,262,,"{""rr_number"": ""RR-1262""}",2026-06-24T04:09:36.211764+00:00,,synthetic-seed
1167,3,DOA_APPROVED,RR,262,,,2026-06-26T04:09:36.211764+00:00,,synthetic-seed
1168,13,PR_CREATED,PR,226,,"{""pr_number"": ""PR-2226""}",2026-06-29T04:09:36.211764+00:00,,synthetic-seed
1169,3,NFA_APPROVED,PR,226,,,2026-07-02T04:09:36.211764+00:00,,synthetic-seed
1170,13,PO_CREATED,PO,187,,"{""po_number"": ""PO-3187""}",2026-07-03T04:09:36.211764+00:00,,synthetic-seed
1171,11,RR_CREATED,RR,263,,"{""rr_number"": ""RR-1263""}",2026-04-18T00:09:36.211764+00:00,,synthetic-seed
1172,2,DOA_APPROVED,RR,263,,,2026-04-21T00:09:36.211764+00:00,,synthetic-seed
1173,24,PR_CREATED,PR,227,,"{""pr_number"": ""PR-2227""}",2026-04-24T00:09:36.211764+00:00,,synthetic-seed
1174,24,RFQ_CLOSED,PR,227,,,2026-05-01T00:09:36.211764+00:00,,synthetic-seed
1175,24,PO_CREATED,PO,188,,"{""po_number"": ""PO-3188""}",2026-06-12T06:09:36.211764+00:00,,synthetic-seed
1176,21,RR_CREATED,RR,264,,"{""rr_number"": ""RR-1264""}",2025-12-09T22:09:36.211764+00:00,,synthetic-seed
1177,15,APPROVAL_ESCALATED,RR,264,,,2025-12-11T22:09:36.211764+00:00,,synthetic-seed
1178,16,RR_CREATED,RR,265,,"{""rr_number"": ""RR-1265""}",2026-05-06T00:09:36.211764+00:00,,synthetic-seed
1179,15,DOA_APPROVED,RR,265,,,2026-05-09T00:09:36.211764+00:00,,synthetic-seed
1180,5,PR_CREATED,PR,228,,"{""pr_number"": ""PR-2228""}",2026-05-12T00:09:36.211764+00:00,,synthetic-seed
1181,15,NFA_APPROVED,PR,228,,,2026-05-16T00:09:36.211764+00:00,,synthetic-seed
1182,5,PO_CREATED,PO,189,,"{""po_number"": ""PO-3189""}",2026-05-17T00:09:36.211764+00:00,,synthetic-seed
1183,1,RR_CREATED,RR,266,,"{""rr_number"": ""RR-1266""}",2026-01-11T23:09:36.211764+00:00,,synthetic-seed
1184,2,DOA_APPROVED,RR,266,,,2026-01-13T23:09:36.211764+00:00,,synthetic-seed
1185,13,PR_CREATED,PR,229,,"{""pr_number"": ""PR-2229""}",2026-02-01T23:09:36.211764+00:00,,synthetic-seed
1186,15,NFA_APPROVED,PR,229,,,2026-02-07T23:09:36.211764+00:00,,synthetic-seed
1187,5,RR_CREATED,RR,267,,"{""rr_number"": ""RR-1267""}",2026-06-07T21:09:36.211764+00:00,,synthetic-seed
1188,3,DOA_APPROVED,RR,267,,,2026-06-10T21:09:36.211764+00:00,,synthetic-seed
1189,24,PR_CREATED,PR,230,,"{""pr_number"": ""PR-2230""}",2026-06-13T21:09:36.211764+00:00,,synthetic-seed
1190,24,RFQ_CLOSED,PR,230,,,2026-06-22T21:09:36.211764+00:00,,synthetic-seed
1191,15,NFA_REJECTED,PR,230,,,2026-06-27T21:09:36.211764+00:00,,synthetic-seed
1192,22,RR_CREATED,RR,268,,"{""rr_number"": ""RR-1268""}",2026-06-26T22:09:36.211764+00:00,,synthetic-seed
1193,15,DOA_APPROVED,RR,268,,,2026-06-28T22:09:36.211764+00:00,,synthetic-seed
1194,13,PR_CREATED,PR,231,,"{""pr_number"": ""PR-2231""}",2026-06-29T22:09:36.211764+00:00,,synthetic-seed
1195,21,RR_CREATED,RR,269,,"{""rr_number"": ""RR-1269""}",2026-05-08T05:09:36.211764+00:00,,synthetic-seed
1196,7,RR_CREATED,RR,270,,"{""rr_number"": ""RR-1270""}",2026-04-13T01:09:36.211764+00:00,,synthetic-seed
1197,3,DOA_APPROVED,RR,270,,,2026-04-14T01:09:36.211764+00:00,,synthetic-seed
1198,12,PR_CREATED,PR,232,,"{""pr_number"": ""PR-2232""}",2026-04-15T01:09:36.211764+00:00,,synthetic-seed
1199,12,RFQ_CLOSED,PR,232,,,2026-04-26T01:09:36.211764+00:00,,synthetic-seed
1200,12,PO_CREATED,PO,190,,"{""po_number"": ""PO-3190""}",2026-05-03T17:09:36.211764+00:00,,synthetic-seed
1201,16,RR_CREATED,RR,271,,"{""rr_number"": ""RR-1271""}",2025-12-17T06:09:36.211764+00:00,,synthetic-seed
1202,3,DOA_APPROVED,RR,271,,,2025-12-18T06:09:36.211764+00:00,,synthetic-seed
1203,12,PR_CREATED,PR,233,,"{""pr_number"": ""PR-2233""}",2025-12-19T06:09:36.211764+00:00,,synthetic-seed
1204,15,NFA_APPROVED,PR,233,,,2025-12-24T06:09:36.211764+00:00,,synthetic-seed
1205,12,PO_CREATED,PO,191,,"{""po_number"": ""PO-3191""}",2025-12-25T06:09:36.211764+00:00,,synthetic-seed
1206,2,RR_CREATED,RR,272,,"{""rr_number"": ""RR-1272""}",2026-04-01T05:09:36.211764+00:00,,synthetic-seed
1207,2,DOA_APPROVED,RR,272,,,2026-04-02T05:09:36.211764+00:00,,synthetic-seed
1208,13,PR_CREATED,PR,234,,"{""pr_number"": ""PR-2234""}",2026-04-03T05:09:36.211764+00:00,,synthetic-seed
1209,13,RFQ_CLOSED,PR,234,,,2026-04-09T05:09:36.211764+00:00,,synthetic-seed
1210,13,PO_CREATED,PO,192,,"{""po_number"": ""PO-3192""}",2026-04-17T05:09:36.211764+00:00,,synthetic-seed
1211,7,RR_CREATED,RR,273,,"{""rr_number"": ""RR-1273""}",2026-05-03T11:09:36.211764+00:00,,synthetic-seed
1212,2,DOA_APPROVED,RR,273,,,2026-05-04T11:09:36.211764+00:00,,synthetic-seed
1213,12,PR_CREATED,PR,235,,"{""pr_number"": ""PR-2235""}",2026-05-07T11:09:36.211764+00:00,,synthetic-seed
1214,3,NFA_APPROVED,PR,235,,,2026-05-11T11:09:36.211764+00:00,,synthetic-seed
1215,12,PO_CREATED,PO,193,,"{""po_number"": ""PO-3193""}",2026-05-12T11:09:36.211764+00:00,,synthetic-seed
1216,14,RR_CREATED,RR,274,,"{""rr_number"": ""RR-1274""}",2026-04-20T02:09:36.211764+00:00,,synthetic-seed
1217,2,DOA_APPROVED,RR,274,,,2026-04-23T02:09:36.211764+00:00,,synthetic-seed
1218,13,PR_CREATED,PR,236,,"{""pr_number"": ""PR-2236""}",2026-04-26T02:09:36.211764+00:00,,synthetic-seed
1219,13,RFQ_CLOSED,PR,236,,,2026-05-03T02:09:36.211764+00:00,,synthetic-seed
1220,15,NFA_APPROVED,PR,236,,,2026-05-08T02:09:36.211764+00:00,,synthetic-seed
1221,13,PO_CREATED,PO,194,,"{""po_number"": ""PO-3194""}",2026-05-09T02:09:36.211764+00:00,,synthetic-seed
1222,20,RR_CREATED,RR,275,,"{""rr_number"": ""RR-1275""}",2026-07-03T22:09:36.211764+00:00,,synthetic-seed
1223,3,DOA_APPROVED,RR,275,,,2026-07-05T22:09:36.211764+00:00,,synthetic-seed
1224,5,PR_CREATED,PR,237,,"{""pr_number"": ""PR-2237""}",2026-07-07T22:09:36.211764+00:00,,synthetic-seed
1225,5,RFQ_CLOSED,PR,237,,,2026-07-15T22:09:36.211764+00:00,,synthetic-seed
1226,5,PO_CREATED,PO,195,,"{""po_number"": ""PO-3195""}",2026-07-16T22:09:36.211764+00:00,,synthetic-seed
1227,15,RR_CREATED,RR,276,,"{""rr_number"": ""RR-1276""}",2026-02-13T08:09:36.211764+00:00,,synthetic-seed
1228,3,DOA_APPROVED,RR,276,,,2026-02-16T08:09:36.211764+00:00,,synthetic-seed
1229,5,PR_CREATED,PR,238,,"{""pr_number"": ""PR-2238""}",2026-02-17T08:09:36.211764+00:00,,synthetic-seed
1230,5,RFQ_CLOSED,PR,238,,,2026-02-26T08:09:36.211764+00:00,,synthetic-seed
1231,5,PO_CREATED,PO,196,,"{""po_number"": ""PO-3196""}",2026-02-27T08:09:36.211764+00:00,,synthetic-seed
1232,7,RR_CREATED,RR,277,,"{""rr_number"": ""RR-1277""}",2026-07-15T08:09:36.211764+00:00,,synthetic-seed
1233,2,DOA_APPROVED,RR,277,,,2026-07-18T08:09:36.211764+00:00,,synthetic-seed
1234,13,PR_CREATED,PR,239,,"{""pr_number"": ""PR-2239""}",2026-07-20T08:09:36.211764+00:00,,synthetic-seed
1235,13,RFQ_CLOSED,PR,239,,,2026-07-27T08:09:36.211764+00:00,,synthetic-seed
1236,3,NFA_APPROVED,PR,239,,,2026-08-09T08:09:36.211764+00:00,,synthetic-seed
1237,13,PO_CREATED,PO,197,,"{""po_number"": ""PO-3197""}",2026-08-10T08:09:36.211764+00:00,,synthetic-seed
1238,17,RR_CREATED,RR,278,,"{""rr_number"": ""RR-1278""}",2026-01-17T03:09:36.211764+00:00,,synthetic-seed
1239,2,DOA_APPROVED,RR,278,,,2026-01-19T03:09:36.211764+00:00,,synthetic-seed
1240,5,PR_CREATED,PR,240,,"{""pr_number"": ""PR-2240""}",2026-01-20T03:09:36.211764+00:00,,synthetic-seed
1241,5,RFQ_CLOSED,PR,240,,,2026-01-26T03:09:36.211764+00:00,,synthetic-seed
1242,5,PO_CREATED,PO,198,,"{""po_number"": ""PO-3198""}",2026-01-27T03:09:36.211764+00:00,,synthetic-seed
1243,1,RR_CREATED,RR,279,,"{""rr_number"": ""RR-1279""}",2026-05-06T04:09:36.211764+00:00,,synthetic-seed
1244,2,DOA_APPROVED,RR,279,,,2026-05-07T04:09:36.211764+00:00,,synthetic-seed
1245,24,PR_CREATED,PR,241,,"{""pr_number"": ""PR-2241""}",2026-05-10T04:09:36.211764+00:00,,synthetic-seed
1246,24,PO_CREATED,PO,199,,"{""po_number"": ""PO-3199""}",2026-05-11T04:09:36.211764+00:00,,synthetic-seed
1247,13,RR_CREATED,RR,280,,"{""rr_number"": ""RR-1280""}",2026-06-30T10:09:36.211764+00:00,,synthetic-seed
1248,2,DOA_APPROVED,RR,280,,,2026-07-01T10:09:36.211764+00:00,,synthetic-seed
1249,12,PR_CREATED,PR,242,,"{""pr_number"": ""PR-2242""}",2026-07-19T10:09:36.211764+00:00,,synthetic-seed
1250,12,RFQ_CLOSED,PR,242,,,2026-07-30T10:09:36.211764+00:00,,synthetic-seed
1251,12,PO_CREATED,PO,200,,"{""po_number"": ""PO-3200""}",2026-07-31T10:09:36.211764+00:00,,synthetic-seed
1252,5,RR_CREATED,RR,281,,"{""rr_number"": ""RR-1281""}",2025-12-14T09:09:36.211764+00:00,,synthetic-seed
1253,2,DOA_APPROVED,RR,281,,,2026-01-01T09:09:36.211764+00:00,,synthetic-seed
1254,24,PR_CREATED,PR,243,,"{""pr_number"": ""PR-2243""}",2026-01-03T09:09:36.211764+00:00,,synthetic-seed
1255,24,RFQ_CLOSED,PR,243,,,2026-01-11T09:09:36.211764+00:00,,synthetic-seed
1256,3,NFA_APPROVED,PR,243,,,2026-01-22T04:09:36.211764+00:00,,synthetic-seed
1257,24,PO_CREATED,PO,201,,"{""po_number"": ""PO-3201""}",2026-01-23T04:09:36.211764+00:00,,synthetic-seed
1258,9,RR_CREATED,RR,282,,"{""rr_number"": ""RR-1282""}",2026-03-23T10:09:36.211764+00:00,,synthetic-seed
1259,2,DOA_APPROVED,RR,282,,,2026-03-25T10:09:36.211764+00:00,,synthetic-seed
1260,5,PR_CREATED,PR,244,,"{""pr_number"": ""PR-2244""}",2026-03-26T10:09:36.211764+00:00,,synthetic-seed
1261,15,NFA_APPROVED,PR,244,,,2026-04-01T10:09:36.211764+00:00,,synthetic-seed
1262,5,PO_CREATED,PO,202,,"{""po_number"": ""PO-3202""}",2026-04-02T10:09:36.211764+00:00,,synthetic-seed
1263,4,RR_CREATED,RR,283,,"{""rr_number"": ""RR-1283""}",2026-02-27T03:09:36.211764+00:00,,synthetic-seed
1264,15,DOA_REJECTED,RR,283,,,2026-03-02T03:09:36.211764+00:00,,synthetic-seed
1265,21,RR_CREATED,RR,284,,"{""rr_number"": ""RR-1284""}",2026-02-24T19:09:36.211764+00:00,,synthetic-seed
1266,15,DOA_APPROVED,RR,284,,,2026-02-26T19:09:36.211764+00:00,,synthetic-seed
1267,5,PR_CREATED,PR,245,,"{""pr_number"": ""PR-2245""}",2026-02-27T19:09:36.211764+00:00,,synthetic-seed
1268,15,NFA_APPROVED,PR,245,,,2026-03-04T19:09:36.211764+00:00,,synthetic-seed
1269,5,PO_CREATED,PO,203,,"{""po_number"": ""PO-3203""}",2026-03-05T19:09:36.211764+00:00,,synthetic-seed
1270,13,RR_CREATED,RR,285,,"{""rr_number"": ""RR-1285""}",2026-06-20T06:09:36.211764+00:00,,synthetic-seed
1271,19,RR_CREATED,RR,286,,"{""rr_number"": ""RR-1286""}",2025-12-16T06:09:36.211764+00:00,,synthetic-seed
1272,3,DOA_APPROVED,RR,286,,,2026-01-15T06:09:36.211764+00:00,,synthetic-seed
1273,24,PR_CREATED,PR,246,,"{""pr_number"": ""PR-2246""}",2026-01-18T06:09:36.211764+00:00,,synthetic-seed
1274,24,RFQ_CLOSED,PR,246,,,2026-01-27T06:09:36.211764+00:00,,synthetic-seed
1275,3,NFA_APPROVED,PR,246,,,2026-01-31T06:09:36.211764+00:00,,synthetic-seed
1276,24,PO_CREATED,PO,204,,"{""po_number"": ""PO-3204""}",2026-02-01T06:09:36.211764+00:00,,synthetic-seed
1277,6,RR_CREATED,RR,287,,"{""rr_number"": ""RR-1287""}",2026-04-29T04:09:36.211764+00:00,,synthetic-seed
1278,4,RR_CREATED,RR,288,,"{""rr_number"": ""RR-1288""}",2026-04-03T01:09:36.211764+00:00,,synthetic-seed
1279,2,DOA_APPROVED,RR,288,,,2026-04-04T01:09:36.211764+00:00,,synthetic-seed
1280,5,PR_CREATED,PR,247,,"{""pr_number"": ""PR-2247""}",2026-04-06T01:09:36.211764+00:00,,synthetic-seed
1281,5,RFQ_CLOSED,PR,247,,,2026-05-17T01:09:36.211764+00:00,,synthetic-seed
1282,15,NFA_APPROVED,PR,247,,,2026-05-20T01:09:36.211764+00:00,,synthetic-seed
1283,5,PO_CREATED,PO,205,,"{""po_number"": ""PO-3205""}",2026-05-21T01:09:36.211764+00:00,,synthetic-seed
1284,21,RR_CREATED,RR,289,,"{""rr_number"": ""RR-1289""}",2026-06-18T23:09:36.211764+00:00,,synthetic-seed
1285,21,RR_CREATED,RR,290,,"{""rr_number"": ""RR-1290""}",2026-08-17T06:09:36.211764+00:00,,synthetic-seed
1286,2,DOA_APPROVED,RR,290,,,2026-08-20T06:09:36.211764+00:00,,synthetic-seed
1287,24,PR_CREATED,PR,248,,"{""pr_number"": ""PR-2248""}",2026-08-23T06:09:36.211764+00:00,,synthetic-seed
1288,15,NFA_APPROVED,PR,248,,,2026-08-26T06:09:36.211764+00:00,,synthetic-seed
1289,24,PO_CREATED,PO,206,,"{""po_number"": ""PO-3206""}",2026-08-27T06:09:36.211764+00:00,,synthetic-seed
1290,22,RR_CREATED,RR,291,,"{""rr_number"": ""RR-1291""}",2026-07-01T05:09:36.211764+00:00,,synthetic-seed
1291,15,DOA_APPROVED,RR,291,,,2026-07-04T05:09:36.211764+00:00,,synthetic-seed
1292,13,PR_CREATED,PR,249,,"{""pr_number"": ""PR-2249""}",2026-07-06T05:09:36.211764+00:00,,synthetic-seed
1293,13,RFQ_CLOSED,PR,249,,,2026-07-13T05:09:36.211764+00:00,,synthetic-seed
1294,13,PO_CREATED,PO,207,,"{""po_number"": ""PO-3207""}",2026-07-14T05:09:36.211764+00:00,,synthetic-seed
1295,12,RR_CREATED,RR,292,,"{""rr_number"": ""RR-1292""}",2026-04-21T22:09:36.211764+00:00,,synthetic-seed
1296,21,RR_CREATED,RR,293,,"{""rr_number"": ""RR-1293""}",2026-05-24T11:09:36.211764+00:00,,synthetic-seed
1297,3,DOA_APPROVED,RR,293,,,2026-05-26T11:09:36.211764+00:00,,synthetic-seed
1298,12,PR_CREATED,PR,250,,"{""pr_number"": ""PR-2250""}",2026-05-27T11:09:36.211764+00:00,,synthetic-seed
1299,12,RFQ_CLOSED,PR,250,,,2026-06-03T11:09:36.211764+00:00,,synthetic-seed
1300,3,NFA_REJECTED,PR,250,,,2026-06-10T11:09:36.211764+00:00,,synthetic-seed
1301,20,RR_CREATED,RR,294,,"{""rr_number"": ""RR-1294""}",2026-06-10T18:09:36.211764+00:00,,synthetic-seed
1302,2,DOA_APPROVED,RR,294,,,2026-06-14T18:09:36.211764+00:00,,synthetic-seed
1303,12,PR_CREATED,PR,251,,"{""pr_number"": ""PR-2251""}",2026-06-15T18:09:36.211764+00:00,,synthetic-seed
1304,12,PO_CREATED,PO,208,,"{""po_number"": ""PO-3208""}",2026-06-16T18:09:36.211764+00:00,,synthetic-seed
1305,16,RR_CREATED,RR,295,,"{""rr_number"": ""RR-1295""}",2026-05-12T02:09:36.211764+00:00,,synthetic-seed
1306,15,DOA_APPROVED,RR,295,,,2026-06-01T02:09:36.211764+00:00,,synthetic-seed
1307,5,PR_CREATED,PR,252,,"{""pr_number"": ""PR-2252""}",2026-06-03T02:09:36.211764+00:00,,synthetic-seed
1308,5,RFQ_CLOSED,PR,252,,,2026-06-09T02:09:36.211764+00:00,,synthetic-seed
1309,11,RR_CREATED,RR,296,,"{""rr_number"": ""RR-1296""}",2026-04-25T00:09:36.211764+00:00,,synthetic-seed
1310,3,DOA_APPROVED,RR,296,,,2026-05-30T00:09:36.211764+00:00,,synthetic-seed
1311,24,PR_CREATED,PR,253,,"{""pr_number"": ""PR-2253""}",2026-06-01T00:09:36.211764+00:00,,synthetic-seed
1312,24,PO_CREATED,PO,209,,"{""po_number"": ""PO-3209""}",2026-06-02T00:09:36.211764+00:00,,synthetic-seed
1313,3,RR_CREATED,RR,297,,"{""rr_number"": ""RR-1297""}",2025-12-21T01:09:36.211764+00:00,,synthetic-seed
1314,2,DOA_APPROVED,RR,297,,,2025-12-22T01:09:36.211764+00:00,,synthetic-seed
1315,13,PR_CREATED,PR,254,,"{""pr_number"": ""PR-2254""}",2025-12-24T01:09:36.211764+00:00,,synthetic-seed
1316,13,RFQ_CLOSED,PR,254,,,2026-01-30T01:09:36.211764+00:00,,synthetic-seed
1317,3,NFA_APPROVED,PR,254,,,2026-02-07T16:09:36.211764+00:00,,synthetic-seed
1318,13,PO_CREATED,PO,210,,"{""po_number"": ""PO-3210""}",2026-02-08T16:09:36.211764+00:00,,synthetic-seed
1319,10,RR_CREATED,RR,298,,"{""rr_number"": ""RR-1298""}",2026-04-05T10:09:36.211764+00:00,,synthetic-seed
1320,15,DOA_APPROVED,RR,298,,,2026-04-08T10:09:36.211764+00:00,,synthetic-seed
1321,5,PR_CREATED,PR,255,,"{""pr_number"": ""PR-2255""}",2026-04-11T10:09:36.211764+00:00,,synthetic-seed
1322,5,RFQ_CLOSED,PR,255,,,2026-04-20T10:09:36.211764+00:00,,synthetic-seed
1323,5,PO_CREATED,PO,211,,"{""po_number"": ""PO-3211""}",2026-04-26T10:09:36.211764+00:00,,synthetic-seed
1324,4,RR_CREATED,RR,299,,"{""rr_number"": ""RR-1299""}",2026-07-31T14:09:36.211764+00:00,,synthetic-seed
1325,3,DOA_REJECTED,RR,299,,,2026-08-03T14:09:36.211764+00:00,,synthetic-seed
1326,5,RR_CREATED,RR,300,,"{""rr_number"": ""RR-1300""}",2026-06-17T06:09:36.211764+00:00,,synthetic-seed
1327,15,DOA_APPROVED,RR,300,,,2026-06-21T06:09:36.211764+00:00,,synthetic-seed
1328,5,PR_CREATED,PR,256,,"{""pr_number"": ""PR-2256""}",2026-06-22T06:09:36.211764+00:00,,synthetic-seed
1329,5,RFQ_CLOSED,PR,256,,,2026-07-02T06:09:36.211764+00:00,,synthetic-seed
1330,15,NFA_APPROVED,PR,256,,,2026-07-07T06:09:36.211764+00:00,,synthetic-seed
1331,5,PO_CREATED,PO,212,,"{""po_number"": ""PO-3212""}",2026-07-08T06:09:36.211764+00:00,,synthetic-seed
1332,10,RR_CREATED,RR,301,,"{""rr_number"": ""RR-1301""}",2026-07-03T04:09:36.211764+00:00,,synthetic-seed
1333,2,DOA_APPROVED,RR,301,,,2026-07-04T04:09:36.211764+00:00,,synthetic-seed
1334,13,PR_CREATED,PR,257,,"{""pr_number"": ""PR-2257""}",2026-07-06T04:09:36.211764+00:00,,synthetic-seed
1335,13,RFQ_CLOSED,PR,257,,,2026-07-14T04:09:36.211764+00:00,,synthetic-seed
1336,13,PO_CREATED,PO,213,,"{""po_number"": ""PO-3213""}",2026-07-19T09:09:36.211764+00:00,,synthetic-seed
1337,22,RR_CREATED,RR,302,,"{""rr_number"": ""RR-1302""}",2026-04-09T15:09:36.211764+00:00,,synthetic-seed
1338,3,DOA_APPROVED,RR,302,,,2026-04-10T15:09:36.211764+00:00,,synthetic-seed
1339,13,PR_CREATED,PR,258,,"{""pr_number"": ""PR-2258""}",2026-04-13T15:09:36.211764+00:00,,synthetic-seed
1340,13,RFQ_CLOSED,PR,258,,,2026-04-20T15:09:36.211764+00:00,,synthetic-seed
1341,13,PO_CREATED,PO,214,,"{""po_number"": ""PO-3214""}",2026-04-21T15:09:36.211764+00:00,,synthetic-seed
1342,10,RR_CREATED,RR,303,,"{""rr_number"": ""RR-1303""}",2026-05-13T11:09:36.211764+00:00,,synthetic-seed
1343,19,RR_CREATED,RR,304,,"{""rr_number"": ""RR-1304""}",2026-02-07T19:09:36.211764+00:00,,synthetic-seed
1344,3,DOA_APPROVED,RR,304,,,2026-02-08T19:09:36.211764+00:00,,synthetic-seed
1345,5,PR_CREATED,PR,259,,"{""pr_number"": ""PR-2259""}",2026-02-09T19:09:36.211764+00:00,,synthetic-seed
1346,5,RFQ_CLOSED,PR,259,,,2026-02-19T19:09:36.211764+00:00,,synthetic-seed
1347,15,NFA_APPROVED,PR,259,,,2026-02-25T19:09:36.211764+00:00,,synthetic-seed
1348,5,PO_CREATED,PO,215,,"{""po_number"": ""PO-3215""}",2026-02-26T19:09:36.211764+00:00,,synthetic-seed
1349,7,RR_CREATED,RR,305,,"{""rr_number"": ""RR-1305""}",2026-03-22T18:09:36.211764+00:00,,synthetic-seed
1350,2,DOA_APPROVED,RR,305,,,2026-03-25T18:09:36.211764+00:00,,synthetic-seed
1351,5,PR_CREATED,PR,260,,"{""pr_number"": ""PR-2260""}",2026-04-12T18:09:36.211764+00:00,,synthetic-seed
1352,5,PO_CREATED,PO,216,,"{""po_number"": ""PO-3216""}",2026-04-13T18:09:36.211764+00:00,,synthetic-seed
1353,13,RR_CREATED,RR,306,,"{""rr_number"": ""RR-1306""}",2026-04-26T14:09:36.211764+00:00,,synthetic-seed
1354,2,DOA_APPROVED,RR,306,,,2026-04-29T14:09:36.211764+00:00,,synthetic-seed
1355,12,PR_CREATED,PR,261,,"{""pr_number"": ""PR-2261""}",2026-04-30T14:09:36.211764+00:00,,synthetic-seed
1356,3,NFA_APPROVED,PR,261,,,2026-05-03T14:09:36.211764+00:00,,synthetic-seed
1357,12,PO_CREATED,PO,217,,"{""po_number"": ""PO-3217""}",2026-05-04T14:09:36.211764+00:00,,synthetic-seed
1358,23,RR_CREATED,RR,307,,"{""rr_number"": ""RR-1307""}",2026-03-02T23:09:36.211764+00:00,,synthetic-seed
1359,2,DOA_APPROVED,RR,307,,,2026-03-04T23:09:36.211764+00:00,,synthetic-seed
1360,5,PR_CREATED,PR,262,,"{""pr_number"": ""PR-2262""}",2026-03-05T23:09:36.211764+00:00,,synthetic-seed
1361,5,RFQ_CLOSED,PR,262,,,2026-04-03T23:09:36.211764+00:00,,synthetic-seed
1362,5,PO_CREATED,PO,218,,"{""po_number"": ""PO-3218""}",2026-04-04T23:09:36.211764+00:00,,synthetic-seed
1363,12,RR_CREATED,RR,308,,"{""rr_number"": ""RR-1308""}",2026-06-10T13:09:36.211764+00:00,,synthetic-seed
1364,16,RR_CREATED,RR,309,,"{""rr_number"": ""RR-1309""}",2026-05-02T03:09:36.211764+00:00,,synthetic-seed
1365,2,DOA_APPROVED,RR,309,,,2026-05-03T03:09:36.211764+00:00,,synthetic-seed
1366,24,PR_CREATED,PR,263,,"{""pr_number"": ""PR-2263""}",2026-05-05T03:09:36.211764+00:00,,synthetic-seed
1367,24,RFQ_CLOSED,PR,263,,,2026-05-11T03:09:36.211764+00:00,,synthetic-seed
1368,24,PO_CREATED,PO,219,,"{""po_number"": ""PO-3219""}",2026-05-20T13:09:36.211764+00:00,,synthetic-seed
1369,24,RR_CREATED,RR,310,,"{""rr_number"": ""RR-1310""}",2026-02-02T01:09:36.211764+00:00,,synthetic-seed
1370,2,DOA_APPROVED,RR,310,,,2026-02-05T01:09:36.211764+00:00,,synthetic-seed
1371,12,PR_CREATED,PR,264,,"{""pr_number"": ""PR-2264""}",2026-02-06T01:09:36.211764+00:00,,synthetic-seed
1372,12,RFQ_CLOSED,PR,264,,,2026-02-12T01:09:36.211764+00:00,,synthetic-seed
1373,3,NFA_APPROVED,PR,264,,,2026-02-17T01:09:36.211764+00:00,,synthetic-seed
1374,12,PO_CREATED,PO,220,,"{""po_number"": ""PO-3220""}",2026-02-18T01:09:36.211764+00:00,,synthetic-seed
1375,18,RR_CREATED,RR,311,,"{""rr_number"": ""RR-1311""}",2026-07-02T07:09:36.211764+00:00,,synthetic-seed
1376,2,DOA_APPROVED,RR,311,,,2026-07-05T07:09:36.211764+00:00,,synthetic-seed
1377,13,PR_CREATED,PR,265,,"{""pr_number"": ""PR-2265""}",2026-07-06T07:09:36.211764+00:00,,synthetic-seed
1378,13,RFQ_CLOSED,PR,265,,,2026-07-17T07:09:36.211764+00:00,,synthetic-seed
1379,15,NFA_APPROVED,PR,265,,,2026-07-28T07:09:36.211764+00:00,,synthetic-seed
1380,13,PO_CREATED,PO,221,,"{""po_number"": ""PO-3221""}",2026-07-29T07:09:36.211764+00:00,,synthetic-seed
1381,23,RR_CREATED,RR,312,,"{""rr_number"": ""RR-1312""}",2026-01-26T11:09:36.211764+00:00,,synthetic-seed
1382,3,DOA_APPROVED,RR,312,,,2026-01-30T11:09:36.211764+00:00,,synthetic-seed
1383,24,PR_CREATED,PR,266,,"{""pr_number"": ""PR-2266""}",2026-01-31T11:09:36.211764+00:00,,synthetic-seed
1384,24,RFQ_CLOSED,PR,266,,,2026-02-06T11:09:36.211764+00:00,,synthetic-seed
1385,15,NFA_APPROVED,PR,266,,,2026-03-04T11:09:36.211764+00:00,,synthetic-seed
1386,24,PO_CREATED,PO,222,,"{""po_number"": ""PO-3222""}",2026-03-05T11:09:36.211764+00:00,,synthetic-seed
1387,18,RR_CREATED,RR,313,,"{""rr_number"": ""RR-1313""}",2026-08-04T07:09:36.211764+00:00,,synthetic-seed
1388,2,APPROVAL_ESCALATED,RR,313,,,2026-08-06T07:09:36.211764+00:00,,synthetic-seed
1389,4,RR_CREATED,RR,314,,"{""rr_number"": ""RR-1314""}",2026-05-05T03:09:36.211764+00:00,,synthetic-seed
1390,15,DOA_APPROVED,RR,314,,,2026-05-06T03:09:36.211764+00:00,,synthetic-seed
1391,24,PR_CREATED,PR,267,,"{""pr_number"": ""PR-2267""}",2026-05-07T03:09:36.211764+00:00,,synthetic-seed
1392,15,NFA_APPROVED,PR,267,,,2026-05-11T03:09:36.211764+00:00,,synthetic-seed
1393,24,PO_CREATED,PO,223,,"{""po_number"": ""PO-3223""}",2026-05-12T03:09:36.211764+00:00,,synthetic-seed
1394,6,RR_CREATED,RR,315,,"{""rr_number"": ""RR-1315""}",2026-04-12T12:09:36.211764+00:00,,synthetic-seed
1395,3,DOA_APPROVED,RR,315,,,2026-04-16T12:09:36.211764+00:00,,synthetic-seed
1396,12,PR_CREATED,PR,268,,"{""pr_number"": ""PR-2268""}",2026-04-19T12:09:36.211764+00:00,,synthetic-seed
1397,12,RFQ_CLOSED,PR,268,,,2026-04-26T12:09:36.211764+00:00,,synthetic-seed
1398,3,NFA_APPROVED,PR,268,,,2026-04-30T12:09:36.211764+00:00,,synthetic-seed
1399,12,PO_CREATED,PO,224,,"{""po_number"": ""PO-3224""}",2026-05-01T12:09:36.211764+00:00,,synthetic-seed
1400,18,RR_CREATED,RR,316,,"{""rr_number"": ""RR-1316""}",2025-12-24T17:09:36.211764+00:00,,synthetic-seed
1401,2,DOA_APPROVED,RR,316,,,2025-12-27T17:09:36.211764+00:00,,synthetic-seed
1402,13,PR_CREATED,PR,269,,"{""pr_number"": ""PR-2269""}",2025-12-30T17:09:36.211764+00:00,,synthetic-seed
1403,3,NFA_APPROVED,PR,269,,,2026-01-02T17:09:36.211764+00:00,,synthetic-seed
1404,13,PO_CREATED,PO,225,,"{""po_number"": ""PO-3225""}",2026-01-03T17:09:36.211764+00:00,,synthetic-seed
1405,21,RR_CREATED,RR,317,,"{""rr_number"": ""RR-1317""}",2026-05-08T01:09:36.211764+00:00,,synthetic-seed
1406,3,DOA_APPROVED,RR,317,,,2026-05-12T01:09:36.211764+00:00,,synthetic-seed
1407,24,PR_CREATED,PR,270,,"{""pr_number"": ""PR-2270""}",2026-05-15T01:09:36.211764+00:00,,synthetic-seed
1408,22,RR_CREATED,RR,318,,"{""rr_number"": ""RR-1318""}",2026-07-28T07:09:36.211764+00:00,,synthetic-seed
1409,3,DOA_APPROVED,RR,318,,,2026-07-31T07:09:36.211764+00:00,,synthetic-seed
1410,5,PR_CREATED,PR,271,,"{""pr_number"": ""PR-2271""}",2026-08-01T07:09:36.211764+00:00,,synthetic-seed
1411,5,RFQ_CLOSED,PR,271,,,2026-09-11T07:09:36.211764+00:00,,synthetic-seed
1412,3,NFA_APPROVED,PR,271,,,2026-09-21T01:09:36.211764+00:00,,synthetic-seed
1413,5,PO_CREATED,PO,226,,"{""po_number"": ""PO-3226""}",2026-09-22T01:09:36.211764+00:00,,synthetic-seed
1414,2,RR_CREATED,RR,319,,"{""rr_number"": ""RR-1319""}",2026-01-09T05:09:36.211764+00:00,,synthetic-seed
1415,2,DOA_APPROVED,RR,319,,,2026-01-13T05:09:36.211764+00:00,,synthetic-seed
1416,12,PR_CREATED,PR,272,,"{""pr_number"": ""PR-2272""}",2026-01-15T05:09:36.211764+00:00,,synthetic-seed
1417,3,NFA_APPROVED,PR,272,,,2026-01-21T05:09:36.211764+00:00,,synthetic-seed
1418,12,PO_CREATED,PO,227,,"{""po_number"": ""PO-3227""}",2026-01-22T05:09:36.211764+00:00,,synthetic-seed
1419,5,RR_CREATED,RR,320,,"{""rr_number"": ""RR-1320""}",2026-03-06T02:09:36.211764+00:00,,synthetic-seed
1420,3,DOA_REJECTED,RR,320,,,2026-03-08T02:09:36.211764+00:00,,synthetic-seed
1421,15,RR_CREATED,RR,321,,"{""rr_number"": ""RR-1321""}",2026-01-15T15:09:36.211764+00:00,,synthetic-seed
1422,15,DOA_APPROVED,RR,321,,,2026-01-18T15:09:36.211764+00:00,,synthetic-seed
1423,12,PR_CREATED,PR,273,,"{""pr_number"": ""PR-2273""}",2026-01-19T15:09:36.211764+00:00,,synthetic-seed
1424,12,RFQ_CLOSED,PR,273,,,2026-01-27T15:09:36.211764+00:00,,synthetic-seed
1425,3,NFA_APPROVED,PR,273,,,2026-01-30T15:09:36.211764+00:00,,synthetic-seed
1426,12,PO_CREATED,PO,228,,"{""po_number"": ""PO-3228""}",2026-01-31T15:09:36.211764+00:00,,synthetic-seed
1427,17,RR_CREATED,RR,322,,"{""rr_number"": ""RR-1322""}",2025-12-24T23:09:36.211764+00:00,,synthetic-seed
1428,3,DOA_APPROVED,RR,322,,,2025-12-27T23:09:36.211764+00:00,,synthetic-seed
1429,12,PR_CREATED,PR,274,,"{""pr_number"": ""PR-2274""}",2025-12-28T23:09:36.211764+00:00,,synthetic-seed
1430,3,NFA_APPROVED,PR,274,,,2026-01-01T23:09:36.211764+00:00,,synthetic-seed
1431,12,PO_CREATED,PO,229,,"{""po_number"": ""PO-3229""}",2026-01-02T23:09:36.211764+00:00,,synthetic-seed
1432,3,RR_CREATED,RR,323,,"{""rr_number"": ""RR-1323""}",2026-08-08T08:09:36.211764+00:00,,synthetic-seed
1433,15,DOA_APPROVED,RR,323,,,2026-08-11T08:09:36.211764+00:00,,synthetic-seed
1434,24,PR_CREATED,PR,275,,"{""pr_number"": ""PR-2275""}",2026-08-14T08:09:36.211764+00:00,,synthetic-seed
1435,24,RFQ_CLOSED,PR,275,,,2026-08-21T08:09:36.211764+00:00,,synthetic-seed
1436,15,NFA_APPROVED,PR,275,,,2026-08-25T08:09:36.211764+00:00,,synthetic-seed
1437,24,PO_CREATED,PO,230,,"{""po_number"": ""PO-3230""}",2026-08-26T08:09:36.211764+00:00,,synthetic-seed
1438,18,RR_CREATED,RR,324,,"{""rr_number"": ""RR-1324""}",2026-03-19T15:09:36.211764+00:00,,synthetic-seed
1439,2,DOA_APPROVED,RR,324,,,2026-03-21T15:09:36.211764+00:00,,synthetic-seed
1440,13,PR_CREATED,PR,276,,"{""pr_number"": ""PR-2276""}",2026-03-22T15:09:36.211764+00:00,,synthetic-seed
1441,13,RFQ_CLOSED,PR,276,,,2026-04-01T15:09:36.211764+00:00,,synthetic-seed
1442,13,PO_CREATED,PO,231,,"{""po_number"": ""PO-3231""}",2026-04-10T07:09:36.211764+00:00,,synthetic-seed
1443,10,RR_CREATED,RR,325,,"{""rr_number"": ""RR-1325""}",2026-02-05T19:09:36.211764+00:00,,synthetic-seed
1444,2,DOA_APPROVED,RR,325,,,2026-02-07T19:09:36.211764+00:00,,synthetic-seed
1445,5,PR_CREATED,PR,277,,"{""pr_number"": ""PR-2277""}",2026-02-08T19:09:36.211764+00:00,,synthetic-seed
1446,5,PO_CREATED,PO,232,,"{""po_number"": ""PO-3232""}",2026-02-09T19:09:36.211764+00:00,,synthetic-seed
1447,11,RR_CREATED,RR,326,,"{""rr_number"": ""RR-1326""}",2026-01-28T10:09:36.211764+00:00,,synthetic-seed
1448,15,DOA_APPROVED,RR,326,,,2026-02-01T10:09:36.211764+00:00,,synthetic-seed
1449,12,PR_CREATED,PR,278,,"{""pr_number"": ""PR-2278""}",2026-02-02T10:09:36.211764+00:00,,synthetic-seed
1450,12,RFQ_CLOSED,PR,278,,,2026-02-12T10:09:36.211764+00:00,,synthetic-seed
1451,15,NFA_APPROVED,PR,278,,,2026-03-04T10:09:36.211764+00:00,,synthetic-seed
1452,12,PO_CREATED,PO,233,,"{""po_number"": ""PO-3233""}",2026-03-05T10:09:36.211764+00:00,,synthetic-seed
1453,10,RR_CREATED,RR,327,,"{""rr_number"": ""RR-1327""}",2026-02-01T07:09:36.211764+00:00,,synthetic-seed
1454,2,DOA_APPROVED,RR,327,,,2026-02-05T07:09:36.211764+00:00,,synthetic-seed
1455,5,PR_CREATED,PR,279,,"{""pr_number"": ""PR-2279""}",2026-02-06T07:09:36.211764+00:00,,synthetic-seed
1456,5,RFQ_CLOSED,PR,279,,,2026-02-14T07:09:36.211764+00:00,,synthetic-seed
1457,5,PO_CREATED,PO,234,,"{""po_number"": ""PO-3234""}",2026-02-15T07:09:36.211764+00:00,,synthetic-seed
1458,8,RR_CREATED,RR,328,,"{""rr_number"": ""RR-1328""}",2026-04-25T01:09:36.211764+00:00,,synthetic-seed
1459,3,DOA_APPROVED,RR,328,,,2026-04-27T01:09:36.211764+00:00,,synthetic-seed
1460,13,PR_CREATED,PR,280,,"{""pr_number"": ""PR-2280""}",2026-04-29T01:09:36.211764+00:00,,synthetic-seed
1461,13,RFQ_CLOSED,PR,280,,,2026-05-06T01:09:36.211764+00:00,,synthetic-seed
1462,15,NFA_APPROVED,PR,280,,,2026-05-15T03:09:36.211764+00:00,,synthetic-seed
1463,13,PO_CREATED,PO,235,,"{""po_number"": ""PO-3235""}",2026-05-16T03:09:36.211764+00:00,,synthetic-seed
1464,24,RR_CREATED,RR,329,,"{""rr_number"": ""RR-1329""}",2026-03-01T20:09:36.211764+00:00,,synthetic-seed
1465,15,DOA_APPROVED,RR,329,,,2026-03-03T20:09:36.211764+00:00,,synthetic-seed
1466,5,PR_CREATED,PR,281,,"{""pr_number"": ""PR-2281""}",2026-03-05T20:09:36.211764+00:00,,synthetic-seed
1467,5,RFQ_CLOSED,PR,281,,,2026-03-15T20:09:36.211764+00:00,,synthetic-seed
1468,3,NFA_APPROVED,PR,281,,,2026-04-11T20:09:36.211764+00:00,,synthetic-seed
1469,5,PO_CREATED,PO,236,,"{""po_number"": ""PO-3236""}",2026-04-12T20:09:36.211764+00:00,,synthetic-seed
1470,15,RR_CREATED,RR,330,,"{""rr_number"": ""RR-1330""}",2025-12-19T17:09:36.211764+00:00,,synthetic-seed
1471,3,DOA_APPROVED,RR,330,,,2025-12-21T17:09:36.211764+00:00,,synthetic-seed
1472,13,PR_CREATED,PR,282,,"{""pr_number"": ""PR-2282""}",2025-12-22T17:09:36.211764+00:00,,synthetic-seed
1473,13,RFQ_CLOSED,PR,282,,,2025-12-31T17:09:36.211764+00:00,,synthetic-seed
1474,15,NFA_APPROVED,PR,282,,,2026-01-06T17:09:36.211764+00:00,,synthetic-seed
1475,13,PO_CREATED,PO,237,,"{""po_number"": ""PO-3237""}",2026-01-07T17:09:36.211764+00:00,,synthetic-seed
1476,14,RR_CREATED,RR,331,,"{""rr_number"": ""RR-1331""}",2026-05-08T02:09:36.211764+00:00,,synthetic-seed
1477,15,DOA_REJECTED,RR,331,,,2026-05-11T02:09:36.211764+00:00,,synthetic-seed
1478,6,RR_CREATED,RR,332,,"{""rr_number"": ""RR-1332""}",2026-04-19T08:09:36.211764+00:00,,synthetic-seed
1479,2,DOA_APPROVED,RR,332,,,2026-05-20T08:09:36.211764+00:00,,synthetic-seed
1480,13,PR_CREATED,PR,283,,"{""pr_number"": ""PR-2283""}",2026-05-23T08:09:36.211764+00:00,,synthetic-seed
1481,13,RFQ_CLOSED,PR,283,,,2026-06-02T08:09:36.211764+00:00,,synthetic-seed
1482,3,NFA_APPROVED,PR,283,,,2026-06-07T08:09:36.211764+00:00,,synthetic-seed
1483,13,PO_CREATED,PO,238,,"{""po_number"": ""PO-3238""}",2026-06-08T08:09:36.211764+00:00,,synthetic-seed
1484,20,RR_CREATED,RR,333,,"{""rr_number"": ""RR-1333""}",2026-05-02T19:09:36.211764+00:00,,synthetic-seed
1485,3,DOA_REJECTED,RR,333,,,2026-05-04T19:09:36.211764+00:00,,synthetic-seed
1486,12,RR_CREATED,RR,334,,"{""rr_number"": ""RR-1334""}",2026-05-25T01:09:36.211764+00:00,,synthetic-seed
1487,3,DOA_APPROVED,RR,334,,,2026-05-26T01:09:36.211764+00:00,,synthetic-seed
1488,24,PR_CREATED,PR,284,,"{""pr_number"": ""PR-2284""}",2026-05-27T01:09:36.211764+00:00,,synthetic-seed
1489,24,PO_CREATED,PO,239,,"{""po_number"": ""PO-3239""}",2026-05-28T01:09:36.211764+00:00,,synthetic-seed
1490,19,RR_CREATED,RR,335,,"{""rr_number"": ""RR-1335""}",2025-12-06T20:09:36.211764+00:00,,synthetic-seed
1491,3,DOA_APPROVED,RR,335,,,2025-12-08T20:09:36.211764+00:00,,synthetic-seed
1492,12,PR_CREATED,PR,285,,"{""pr_number"": ""PR-2285""}",2025-12-10T20:09:36.211764+00:00,,synthetic-seed
1493,12,RFQ_CLOSED,PR,285,,,2025-12-21T20:09:36.211764+00:00,,synthetic-seed
1494,12,PO_CREATED,PO,240,,"{""po_number"": ""PO-3240""}",2025-12-22T20:09:36.211764+00:00,,synthetic-seed
1495,21,RR_CREATED,RR,336,,"{""rr_number"": ""RR-1336""}",2026-07-23T17:09:36.211764+00:00,,synthetic-seed
1496,2,DOA_APPROVED,RR,336,,,2026-07-25T17:09:36.211764+00:00,,synthetic-seed
1497,24,PR_CREATED,PR,286,,"{""pr_number"": ""PR-2286""}",2026-07-28T17:09:36.211764+00:00,,synthetic-seed
1498,24,RFQ_CLOSED,PR,286,,,2026-08-08T17:09:36.211764+00:00,,synthetic-seed
1499,6,RR_CREATED,RR,337,,"{""rr_number"": ""RR-1337""}",2026-01-06T02:09:36.211764+00:00,,synthetic-seed
1500,2,DOA_APPROVED,RR,337,,,2026-01-09T02:09:36.211764+00:00,,synthetic-seed
1501,24,PR_CREATED,PR,287,,"{""pr_number"": ""PR-2287""}",2026-01-11T02:09:36.211764+00:00,,synthetic-seed
1502,24,RFQ_CLOSED,PR,287,,,2026-02-25T02:09:36.211764+00:00,,synthetic-seed
1503,3,NFA_APPROVED,PR,287,,,2026-03-03T02:09:36.211764+00:00,,synthetic-seed
1504,24,PO_CREATED,PO,241,,"{""po_number"": ""PO-3241""}",2026-03-04T02:09:36.211764+00:00,,synthetic-seed
1505,9,RR_CREATED,RR,338,,"{""rr_number"": ""RR-1338""}",2026-08-11T21:09:36.211764+00:00,,synthetic-seed
1506,15,DOA_APPROVED,RR,338,,,2026-08-12T21:09:36.211764+00:00,,synthetic-seed
1507,5,PR_CREATED,PR,288,,"{""pr_number"": ""PR-2288""}",2026-08-13T21:09:36.211764+00:00,,synthetic-seed
1508,5,PO_CREATED,PO,242,,"{""po_number"": ""PO-3242""}",2026-08-14T21:09:36.211764+00:00,,synthetic-seed
1509,24,RR_CREATED,RR,339,,"{""rr_number"": ""RR-1339""}",2026-07-03T03:09:36.211764+00:00,,synthetic-seed
1510,20,RR_CREATED,RR,340,,"{""rr_number"": ""RR-1340""}",2026-07-31T18:09:36.211764+00:00,,synthetic-seed
1511,3,DOA_APPROVED,RR,340,,,2026-08-01T18:09:36.211764+00:00,,synthetic-seed
1512,24,PR_CREATED,PR,289,,"{""pr_number"": ""PR-2289""}",2026-08-04T18:09:36.211764+00:00,,synthetic-seed
1513,24,PO_CREATED,PO,243,,"{""po_number"": ""PO-3243""}",2026-08-05T18:09:36.211764+00:00,,synthetic-seed
1514,6,RR_CREATED,RR,341,,"{""rr_number"": ""RR-1341""}",2026-01-28T15:09:36.211764+00:00,,synthetic-seed
1515,2,DOA_APPROVED,RR,341,,,2026-03-02T15:09:36.211764+00:00,,synthetic-seed
1516,13,PR_CREATED,PR,290,,"{""pr_number"": ""PR-2290""}",2026-03-05T15:09:36.211764+00:00,,synthetic-seed
1517,15,NFA_APPROVED,PR,290,,,2026-03-10T15:09:36.211764+00:00,,synthetic-seed
1518,13,PO_CREATED,PO,244,,"{""po_number"": ""PO-3244""}",2026-03-11T15:09:36.211764+00:00,,synthetic-seed
1519,9,RR_CREATED,RR,342,,"{""rr_number"": ""RR-1342""}",2026-08-13T04:09:36.211764+00:00,,synthetic-seed
1520,2,DOA_APPROVED,RR,342,,,2026-08-15T04:09:36.211764+00:00,,synthetic-seed
1521,13,PR_CREATED,PR,291,,"{""pr_number"": ""PR-2291""}",2026-08-16T04:09:36.211764+00:00,,synthetic-seed
1522,13,PO_CREATED,PO,245,,"{""po_number"": ""PO-3245""}",2026-08-17T04:09:36.211764+00:00,,synthetic-seed
1523,20,RR_CREATED,RR,343,,"{""rr_number"": ""RR-1343""}",2026-02-27T22:09:36.211764+00:00,,synthetic-seed
1524,2,DOA_APPROVED,RR,343,,,2026-03-01T22:09:36.211764+00:00,,synthetic-seed
1525,5,PR_CREATED,PR,292,,"{""pr_number"": ""PR-2292""}",2026-03-04T22:09:36.211764+00:00,,synthetic-seed
1526,5,RFQ_CLOSED,PR,292,,,2026-03-14T22:09:36.211764+00:00,,synthetic-seed
1527,5,PO_CREATED,PO,246,,"{""po_number"": ""PO-3246""}",2026-03-15T22:09:36.211764+00:00,,synthetic-seed
1528,6,RR_CREATED,RR,344,,"{""rr_number"": ""RR-1344""}",2026-04-03T13:09:36.211764+00:00,,synthetic-seed
1529,1,RR_CREATED,RR,345,,"{""rr_number"": ""RR-1345""}",2026-07-25T09:09:36.211764+00:00,,synthetic-seed
1530,2,DOA_APPROVED,RR,345,,,2026-07-28T09:09:36.211764+00:00,,synthetic-seed
1531,24,PR_CREATED,PR,293,,"{""pr_number"": ""PR-2293""}",2026-07-29T09:09:36.211764+00:00,,synthetic-seed
1532,24,RFQ_CLOSED,PR,293,,,2026-08-09T09:09:36.211764+00:00,,synthetic-seed
1533,9,RR_CREATED,RR,346,,"{""rr_number"": ""RR-1346""}",2026-05-12T01:09:36.211764+00:00,,synthetic-seed
1534,15,DOA_APPROVED,RR,346,,,2026-05-13T01:09:36.211764+00:00,,synthetic-seed
1535,13,PR_CREATED,PR,294,,"{""pr_number"": ""PR-2294""}",2026-05-14T01:09:36.211764+00:00,,synthetic-seed
1536,13,RFQ_CLOSED,PR,294,,,2026-05-22T01:09:36.211764+00:00,,synthetic-seed
1537,15,NFA_APPROVED,PR,294,,,2026-06-23T11:09:36.211764+00:00,,synthetic-seed
1538,13,PO_CREATED,PO,247,,"{""po_number"": ""PO-3247""}",2026-06-24T11:09:36.211764+00:00,,synthetic-seed
1539,15,RR_CREATED,RR,347,,"{""rr_number"": ""RR-1347""}",2026-01-21T20:09:36.211764+00:00,,synthetic-seed
1540,2,DOA_APPROVED,RR,347,,,2026-02-19T20:09:36.211764+00:00,,synthetic-seed
1541,13,PR_CREATED,PR,295,,"{""pr_number"": ""PR-2295""}",2026-02-22T20:09:36.211764+00:00,,synthetic-seed
1542,13,RFQ_CLOSED,PR,295,,,2026-02-28T20:09:36.211764+00:00,,synthetic-seed
1543,15,NFA_APPROVED,PR,295,,,2026-03-12T10:09:36.211764+00:00,,synthetic-seed
1544,14,RR_CREATED,RR,348,,"{""rr_number"": ""RR-1348""}",2026-05-07T05:09:36.211764+00:00,,synthetic-seed
1545,2,DOA_APPROVED,RR,348,,,2026-05-11T05:09:36.211764+00:00,,synthetic-seed
1546,12,PR_CREATED,PR,296,,"{""pr_number"": ""PR-2296""}",2026-05-14T05:09:36.211764+00:00,,synthetic-seed
1547,12,PO_CREATED,PO,248,,"{""po_number"": ""PO-3248""}",2026-05-15T05:09:36.211764+00:00,,synthetic-seed
1548,7,RR_CREATED,RR,349,,"{""rr_number"": ""RR-1349""}",2026-04-20T19:09:36.211764+00:00,,synthetic-seed
1549,3,DOA_APPROVED,RR,349,,,2026-04-23T19:09:36.211764+00:00,,synthetic-seed
1550,13,PR_CREATED,PR,297,,"{""pr_number"": ""PR-2297""}",2026-04-24T19:09:36.211764+00:00,,synthetic-seed
1551,18,RR_CREATED,RR,350,,"{""rr_number"": ""RR-1350""}",2026-06-02T01:09:36.211764+00:00,,synthetic-seed
1552,15,DOA_APPROVED,RR,350,,,2026-06-06T01:09:36.211764+00:00,,synthetic-seed
1553,12,PR_CREATED,PR,298,,"{""pr_number"": ""PR-2298""}",2026-06-08T01:09:36.211764+00:00,,synthetic-seed
1554,12,RFQ_CLOSED,PR,298,,,2026-07-11T01:09:36.211764+00:00,,synthetic-seed
1555,12,PO_CREATED,PO,249,,"{""po_number"": ""PO-3249""}",2026-07-12T01:09:36.211764+00:00,,synthetic-seed
1556,24,RR_CREATED,RR,351,,"{""rr_number"": ""RR-1351""}",2026-07-01T17:09:36.211764+00:00,,synthetic-seed
1557,3,DOA_APPROVED,RR,351,,,2026-07-04T17:09:36.211764+00:00,,synthetic-seed
1558,13,PR_CREATED,PR,299,,"{""pr_number"": ""PR-2299""}",2026-07-07T17:09:36.211764+00:00,,synthetic-seed
1559,13,RFQ_CLOSED,PR,299,,,2026-08-12T17:09:36.211764+00:00,,synthetic-seed
1560,3,NFA_APPROVED,PR,299,,,2026-08-20T13:09:36.211764+00:00,,synthetic-seed
1561,13,PO_CREATED,PO,250,,"{""po_number"": ""PO-3250""}",2026-08-21T13:09:36.211764+00:00,,synthetic-seed
1562,11,RR_CREATED,RR,352,,"{""rr_number"": ""RR-1352""}",2026-02-04T10:09:36.211764+00:00,,synthetic-seed
1563,15,DOA_APPROVED,RR,352,,,2026-02-07T10:09:36.211764+00:00,,synthetic-seed
1564,13,PR_CREATED,PR,300,,"{""pr_number"": ""PR-2300""}",2026-02-08T10:09:36.211764+00:00,,synthetic-seed
1565,13,RFQ_CLOSED,PR,300,,,2026-02-16T10:09:36.211764+00:00,,synthetic-seed
1566,15,NFA_APPROVED,PR,300,,,2026-02-22T10:09:36.211764+00:00,,synthetic-seed
1567,13,PO_CREATED,PO,251,,"{""po_number"": ""PO-3251""}",2026-02-23T10:09:36.211764+00:00,,synthetic-seed
1568,6,RR_CREATED,RR,353,,"{""rr_number"": ""RR-1353""}",2026-03-16T15:09:36.211764+00:00,,synthetic-seed
1569,2,APPROVAL_ESCALATED,RR,353,,,2026-03-18T15:09:36.211764+00:00,,synthetic-seed
1570,15,RR_CREATED,RR,354,,"{""rr_number"": ""RR-1354""}",2026-08-03T21:09:36.211764+00:00,,synthetic-seed
1571,15,DOA_APPROVED,RR,354,,,2026-08-07T21:09:36.211764+00:00,,synthetic-seed
1572,24,PR_CREATED,PR,301,,"{""pr_number"": ""PR-2301""}",2026-08-09T21:09:36.211764+00:00,,synthetic-seed
1573,24,RFQ_CLOSED,PR,301,,,2026-08-17T21:09:36.211764+00:00,,synthetic-seed
1574,15,NFA_APPROVED,PR,301,,,2026-08-21T21:09:36.211764+00:00,,synthetic-seed
1575,24,PO_CREATED,PO,252,,"{""po_number"": ""PO-3252""}",2026-08-22T21:09:36.211764+00:00,,synthetic-seed
1576,13,RR_CREATED,RR,355,,"{""rr_number"": ""RR-1355""}",2025-12-03T18:09:36.211764+00:00,,synthetic-seed
1577,13,RR_CANCELLED,RR,355,,,2025-12-04T18:09:36.211764+00:00,,synthetic-seed
1578,3,RR_CREATED,RR,356,,"{""rr_number"": ""RR-1356""}",2026-05-24T02:09:36.211764+00:00,,synthetic-seed
1579,2,DOA_APPROVED,RR,356,,,2026-05-27T02:09:36.211764+00:00,,synthetic-seed
1580,12,PR_CREATED,PR,302,,"{""pr_number"": ""PR-2302""}",2026-05-29T02:09:36.211764+00:00,,synthetic-seed
1581,12,RFQ_CLOSED,PR,302,,,2026-06-05T02:09:36.211764+00:00,,synthetic-seed
1582,15,NFA_APPROVED,PR,302,,,2026-06-14T02:09:36.211764+00:00,,synthetic-seed
1583,24,RR_CREATED,RR,357,,"{""rr_number"": ""RR-1357""}",2026-06-21T20:09:36.211764+00:00,,synthetic-seed
1584,15,DOA_APPROVED,RR,357,,,2026-06-25T20:09:36.211764+00:00,,synthetic-seed
1585,24,PR_CREATED,PR,303,,"{""pr_number"": ""PR-2303""}",2026-06-26T20:09:36.211764+00:00,,synthetic-seed
1586,24,RFQ_CLOSED,PR,303,,,2026-07-02T20:09:36.211764+00:00,,synthetic-seed
1587,24,PO_CREATED,PO,253,,"{""po_number"": ""PO-3253""}",2026-07-03T20:09:36.211764+00:00,,synthetic-seed
1588,19,RR_CREATED,RR,358,,"{""rr_number"": ""RR-1358""}",2026-03-24T06:09:36.211764+00:00,,synthetic-seed
1589,2,DOA_APPROVED,RR,358,,,2026-03-26T06:09:36.211764+00:00,,synthetic-seed
1590,5,PR_CREATED,PR,304,,"{""pr_number"": ""PR-2304""}",2026-03-27T06:09:36.211764+00:00,,synthetic-seed
1591,5,RFQ_CLOSED,PR,304,,,2026-04-07T06:09:36.211764+00:00,,synthetic-seed
1592,3,NFA_APPROVED,PR,304,,,2026-04-28T19:09:36.211764+00:00,,synthetic-seed
1593,5,PO_CREATED,PO,254,,"{""po_number"": ""PO-3254""}",2026-04-29T19:09:36.211764+00:00,,synthetic-seed
1594,2,RR_CREATED,RR,359,,"{""rr_number"": ""RR-1359""}",2026-01-11T08:09:36.211764+00:00,,synthetic-seed
1595,3,DOA_APPROVED,RR,359,,,2026-02-14T08:09:36.211764+00:00,,synthetic-seed
1596,13,PR_CREATED,PR,305,,"{""pr_number"": ""PR-2305""}",2026-02-16T08:09:36.211764+00:00,,synthetic-seed
1597,13,RFQ_CLOSED,PR,305,,,2026-02-27T08:09:36.211764+00:00,,synthetic-seed
1598,15,NFA_APPROVED,PR,305,,,2026-03-03T08:09:36.211764+00:00,,synthetic-seed
1599,13,PO_CREATED,PO,255,,"{""po_number"": ""PO-3255""}",2026-03-04T08:09:36.211764+00:00,,synthetic-seed
1600,16,RR_CREATED,RR,360,,"{""rr_number"": ""RR-1360""}",2026-02-25T10:09:36.211764+00:00,,synthetic-seed
1601,2,DOA_APPROVED,RR,360,,,2026-03-01T10:09:36.211764+00:00,,synthetic-seed
1602,12,PR_CREATED,PR,306,,"{""pr_number"": ""PR-2306""}",2026-03-02T10:09:36.211764+00:00,,synthetic-seed
1603,15,NFA_APPROVED,PR,306,,,2026-03-05T10:09:36.211764+00:00,,synthetic-seed
1604,12,PO_CREATED,PO,256,,"{""po_number"": ""PO-3256""}",2026-03-06T10:09:36.211764+00:00,,synthetic-seed
1605,10,RR_CREATED,RR,361,,"{""rr_number"": ""RR-1361""}",2026-06-02T12:09:36.211764+00:00,,synthetic-seed
1606,2,DOA_APPROVED,RR,361,,,2026-06-03T12:09:36.211764+00:00,,synthetic-seed
1607,5,PR_CREATED,PR,307,,"{""pr_number"": ""PR-2307""}",2026-06-06T12:09:36.211764+00:00,,synthetic-seed
1608,5,RFQ_CLOSED,PR,307,,,2026-07-17T12:09:36.211764+00:00,,synthetic-seed
1609,3,NFA_APPROVED,PR,307,,,2026-07-27T03:09:36.211764+00:00,,synthetic-seed
1610,5,PO_CREATED,PO,257,,"{""po_number"": ""PO-3257""}",2026-07-28T03:09:36.211764+00:00,,synthetic-seed
1611,7,RR_CREATED,RR,362,,"{""rr_number"": ""RR-1362""}",2026-02-02T04:09:36.211764+00:00,,synthetic-seed
1612,2,DOA_APPROVED,RR,362,,,2026-03-02T04:09:36.211764+00:00,,synthetic-seed
1613,13,PR_CREATED,PR,308,,"{""pr_number"": ""PR-2308""}",2026-03-03T04:09:36.211764+00:00,,synthetic-seed
1614,13,RFQ_CLOSED,PR,308,,,2026-03-13T04:09:36.211764+00:00,,synthetic-seed
1615,15,NFA_APPROVED,PR,308,,,2026-03-16T04:09:36.211764+00:00,,synthetic-seed
1616,13,PO_CREATED,PO,258,,"{""po_number"": ""PO-3258""}",2026-03-17T04:09:36.211764+00:00,,synthetic-seed
1617,8,RR_CREATED,RR,363,,"{""rr_number"": ""RR-1363""}",2026-02-25T22:09:36.211764+00:00,,synthetic-seed
1618,15,DOA_APPROVED,RR,363,,,2026-02-26T22:09:36.211764+00:00,,synthetic-seed
1619,24,PR_CREATED,PR,309,,"{""pr_number"": ""PR-2309""}",2026-02-28T22:09:36.211764+00:00,,synthetic-seed
1620,24,RFQ_CLOSED,PR,309,,,2026-04-07T22:09:36.211764+00:00,,synthetic-seed
1621,15,NFA_APPROVED,PR,309,,,2026-04-15T05:09:36.211764+00:00,,synthetic-seed
1622,24,PO_CREATED,PO,259,,"{""po_number"": ""PO-3259""}",2026-04-16T05:09:36.211764+00:00,,synthetic-seed
1623,12,RR_CREATED,RR,364,,"{""rr_number"": ""RR-1364""}",2026-06-18T05:09:36.211764+00:00,,synthetic-seed
1624,2,DOA_APPROVED,RR,364,,,2026-06-21T05:09:36.211764+00:00,,synthetic-seed
1625,24,PR_CREATED,PR,310,,"{""pr_number"": ""PR-2310""}",2026-06-22T05:09:36.211764+00:00,,synthetic-seed
1626,3,NFA_APPROVED,PR,310,,,2026-06-27T05:09:36.211764+00:00,,synthetic-seed
1627,24,PO_CREATED,PO,260,,"{""po_number"": ""PO-3260""}",2026-06-28T05:09:36.211764+00:00,,synthetic-seed
1628,14,RR_CREATED,RR,365,,"{""rr_number"": ""RR-1365""}",2026-07-15T07:09:36.211764+00:00,,synthetic-seed
1629,3,DOA_APPROVED,RR,365,,,2026-07-17T07:09:36.211764+00:00,,synthetic-seed
1630,24,PR_CREATED,PR,311,,"{""pr_number"": ""PR-2311""}",2026-07-19T07:09:36.211764+00:00,,synthetic-seed
1631,24,RFQ_CLOSED,PR,311,,,2026-08-21T07:09:36.211764+00:00,,synthetic-seed
1632,15,NFA_APPROVED,PR,311,,,2026-08-25T07:09:36.211764+00:00,,synthetic-seed
1633,24,PO_CREATED,PO,261,,"{""po_number"": ""PO-3261""}",2026-08-26T07:09:36.211764+00:00,,synthetic-seed
1634,10,RR_CREATED,RR,366,,"{""rr_number"": ""RR-1366""}",2026-05-03T21:09:36.211764+00:00,,synthetic-seed
1635,2,DOA_APPROVED,RR,366,,,2026-05-04T21:09:36.211764+00:00,,synthetic-seed
1636,13,PR_CREATED,PR,312,,"{""pr_number"": ""PR-2312""}",2026-05-06T21:09:36.211764+00:00,,synthetic-seed
1637,13,RFQ_CLOSED,PR,312,,,2026-05-16T21:09:36.211764+00:00,,synthetic-seed
1638,13,PO_CREATED,PO,262,,"{""po_number"": ""PO-3262""}",2026-05-17T21:09:36.211764+00:00,,synthetic-seed
1639,2,RR_CREATED,RR,367,,"{""rr_number"": ""RR-1367""}",2026-05-16T14:09:36.211764+00:00,,synthetic-seed
1640,2,DOA_APPROVED,RR,367,,,2026-05-18T14:09:36.211764+00:00,,synthetic-seed
1641,12,PR_CREATED,PR,313,,"{""pr_number"": ""PR-2313""}",2026-05-21T14:09:36.211764+00:00,,synthetic-seed
1642,12,RFQ_CLOSED,PR,313,,,2026-05-30T14:09:36.211764+00:00,,synthetic-seed
1643,15,NFA_APPROVED,PR,313,,,2026-06-27T14:09:36.211764+00:00,,synthetic-seed
1644,12,PO_CREATED,PO,263,,"{""po_number"": ""PO-3263""}",2026-06-28T14:09:36.211764+00:00,,synthetic-seed
1645,19,RR_CREATED,RR,368,,"{""rr_number"": ""RR-1368""}",2026-02-10T16:09:36.211764+00:00,,synthetic-seed
1646,2,DOA_APPROVED,RR,368,,,2026-02-12T16:09:36.211764+00:00,,synthetic-seed
1647,13,PR_CREATED,PR,314,,"{""pr_number"": ""PR-2314""}",2026-02-14T16:09:36.211764+00:00,,synthetic-seed
1648,13,RFQ_CLOSED,PR,314,,,2026-02-21T16:09:36.211764+00:00,,synthetic-seed
1649,15,NFA_APPROVED,PR,314,,,2026-02-27T16:09:36.211764+00:00,,synthetic-seed
1650,13,PO_CREATED,PO,264,,"{""po_number"": ""PO-3264""}",2026-02-28T16:09:36.211764+00:00,,synthetic-seed
1651,6,RR_CREATED,RR,369,,"{""rr_number"": ""RR-1369""}",2026-05-15T08:09:36.211764+00:00,,synthetic-seed
1652,7,RR_CREATED,RR,370,,"{""rr_number"": ""RR-1370""}",2026-02-22T19:09:36.211764+00:00,,synthetic-seed
1653,2,DOA_APPROVED,RR,370,,,2026-02-24T19:09:36.211764+00:00,,synthetic-seed
1654,13,PR_CREATED,PR,315,,"{""pr_number"": ""PR-2315""}",2026-02-27T19:09:36.211764+00:00,,synthetic-seed
1655,13,RFQ_CLOSED,PR,315,,,2026-03-08T19:09:36.211764+00:00,,synthetic-seed
1656,3,NFA_APPROVED,PR,315,,,2026-03-11T19:09:36.211764+00:00,,synthetic-seed
1657,13,PO_CREATED,PO,265,,"{""po_number"": ""PO-3265""}",2026-03-12T19:09:36.211764+00:00,,synthetic-seed
1658,14,RR_CREATED,RR,371,,"{""rr_number"": ""RR-1371""}",2025-12-16T01:09:36.211764+00:00,,synthetic-seed
1659,3,DOA_APPROVED,RR,371,,,2025-12-20T01:09:36.211764+00:00,,synthetic-seed
1660,24,PR_CREATED,PR,316,,"{""pr_number"": ""PR-2316""}",2025-12-21T01:09:36.211764+00:00,,synthetic-seed
1661,24,RFQ_CLOSED,PR,316,,,2026-01-01T01:09:36.211764+00:00,,synthetic-seed
1662,24,PO_CREATED,PO,266,,"{""po_number"": ""PO-3266""}",2026-01-02T01:09:36.211764+00:00,,synthetic-seed
1663,7,RR_CREATED,RR,372,,"{""rr_number"": ""RR-1372""}",2025-12-07T17:09:36.211764+00:00,,synthetic-seed
1664,15,DOA_APPROVED,RR,372,,,2025-12-09T17:09:36.211764+00:00,,synthetic-seed
1665,12,PR_CREATED,PR,317,,"{""pr_number"": ""PR-2317""}",2025-12-11T17:09:36.211764+00:00,,synthetic-seed
1666,12,RFQ_CLOSED,PR,317,,,2025-12-19T17:09:36.211764+00:00,,synthetic-seed
1667,12,PO_CREATED,PO,267,,"{""po_number"": ""PO-3267""}",2025-12-24T17:09:36.211764+00:00,,synthetic-seed
1668,10,RR_CREATED,RR,373,,"{""rr_number"": ""RR-1373""}",2026-05-31T14:09:36.211764+00:00,,synthetic-seed
1669,2,DOA_APPROVED,RR,373,,,2026-06-04T14:09:36.211764+00:00,,synthetic-seed
1670,13,PR_CREATED,PR,318,,"{""pr_number"": ""PR-2318""}",2026-06-07T14:09:36.211764+00:00,,synthetic-seed
1671,13,RFQ_CLOSED,PR,318,,,2026-06-13T14:09:36.211764+00:00,,synthetic-seed
1672,3,NFA_APPROVED,PR,318,,,2026-06-25T03:09:36.211764+00:00,,synthetic-seed
1673,13,PO_CREATED,PO,268,,"{""po_number"": ""PO-3268""}",2026-06-26T03:09:36.211764+00:00,,synthetic-seed
1674,5,RR_CREATED,RR,374,,"{""rr_number"": ""RR-1374""}",2026-08-22T02:09:36.211764+00:00,,synthetic-seed
1675,2,DOA_APPROVED,RR,374,,,2026-08-23T02:09:36.211764+00:00,,synthetic-seed
1676,5,PR_CREATED,PR,319,,"{""pr_number"": ""PR-2319""}",2026-08-24T02:09:36.211764+00:00,,synthetic-seed
1677,5,RFQ_CLOSED,PR,319,,,2026-08-30T02:09:36.211764+00:00,,synthetic-seed
1678,5,PO_CREATED,PO,269,,"{""po_number"": ""PO-3269""}",2026-08-31T02:09:36.211764+00:00,,synthetic-seed
1679,15,RR_CREATED,RR,375,,"{""rr_number"": ""RR-1375""}",2026-04-14T07:09:36.211764+00:00,,synthetic-seed
1680,3,DOA_APPROVED,RR,375,,,2026-04-16T07:09:36.211764+00:00,,synthetic-seed
1681,5,PR_CREATED,PR,320,,"{""pr_number"": ""PR-2320""}",2026-04-19T07:09:36.211764+00:00,,synthetic-seed
1682,5,RFQ_CLOSED,PR,320,,,2026-04-29T07:09:36.211764+00:00,,synthetic-seed
1683,15,NFA_APPROVED,PR,320,,,2026-05-03T07:09:36.211764+00:00,,synthetic-seed
1684,5,PO_CREATED,PO,270,,"{""po_number"": ""PO-3270""}",2026-05-04T07:09:36.211764+00:00,,synthetic-seed
1685,19,RR_CREATED,RR,376,,"{""rr_number"": ""RR-1376""}",2026-03-22T21:09:36.211764+00:00,,synthetic-seed
1686,2,DOA_APPROVED,RR,376,,,2026-03-24T21:09:36.211764+00:00,,synthetic-seed
1687,12,PR_CREATED,PR,321,,"{""pr_number"": ""PR-2321""}",2026-03-26T21:09:36.211764+00:00,,synthetic-seed
1688,12,RFQ_CLOSED,PR,321,,,2026-04-26T21:09:36.211764+00:00,,synthetic-seed
1689,12,PO_CREATED,PO,271,,"{""po_number"": ""PO-3271""}",2026-04-27T21:09:36.211764+00:00,,synthetic-seed
1690,3,RR_CREATED,RR,377,,"{""rr_number"": ""RR-1377""}",2026-07-07T18:09:36.211764+00:00,,synthetic-seed
1691,14,RR_CREATED,RR,378,,"{""rr_number"": ""RR-1378""}",2026-05-12T03:09:36.211764+00:00,,synthetic-seed
1692,3,DOA_APPROVED,RR,378,,,2026-05-16T03:09:36.211764+00:00,,synthetic-seed
1693,12,PR_CREATED,PR,322,,"{""pr_number"": ""PR-2322""}",2026-05-19T03:09:36.211764+00:00,,synthetic-seed
1694,15,NFA_APPROVED,PR,322,,,2026-05-22T03:09:36.211764+00:00,,synthetic-seed
1695,12,PO_CREATED,PO,272,,"{""po_number"": ""PO-3272""}",2026-05-23T03:09:36.211764+00:00,,synthetic-seed
1696,13,RR_CREATED,RR,379,,"{""rr_number"": ""RR-1379""}",2026-05-26T13:09:36.211764+00:00,,synthetic-seed
1697,2,DOA_APPROVED,RR,379,,,2026-05-28T13:09:36.211764+00:00,,synthetic-seed
1698,5,PR_CREATED,PR,323,,"{""pr_number"": ""PR-2323""}",2026-05-31T13:09:36.211764+00:00,,synthetic-seed
1699,5,RFQ_CLOSED,PR,323,,,2026-06-09T13:09:36.211764+00:00,,synthetic-seed
1700,15,NFA_APPROVED,PR,323,,,2026-06-21T08:09:36.211764+00:00,,synthetic-seed
1701,19,RR_CREATED,RR,380,,"{""rr_number"": ""RR-1380""}",2025-12-12T01:09:36.211764+00:00,,synthetic-seed
1702,15,DOA_APPROVED,RR,380,,,2025-12-15T01:09:36.211764+00:00,,synthetic-seed
1703,5,PR_CREATED,PR,324,,"{""pr_number"": ""PR-2324""}",2025-12-16T01:09:36.211764+00:00,,synthetic-seed
1704,5,RFQ_CLOSED,PR,324,,,2025-12-23T01:09:36.211764+00:00,,synthetic-seed
1705,3,NFA_APPROVED,PR,324,,,2026-01-19T01:09:36.211764+00:00,,synthetic-seed
1706,5,PO_CREATED,PO,273,,"{""po_number"": ""PO-3273""}",2026-01-20T01:09:36.211764+00:00,,synthetic-seed
1707,18,RR_CREATED,RR,381,,"{""rr_number"": ""RR-1381""}",2026-06-01T16:09:36.211764+00:00,,synthetic-seed
1708,2,DOA_APPROVED,RR,381,,,2026-06-05T16:09:36.211764+00:00,,synthetic-seed
1709,5,PR_CREATED,PR,325,,"{""pr_number"": ""PR-2325""}",2026-06-23T16:09:36.211764+00:00,,synthetic-seed
1710,5,PO_CREATED,PO,274,,"{""po_number"": ""PO-3274""}",2026-06-24T16:09:36.211764+00:00,,synthetic-seed
1711,12,RR_CREATED,RR,382,,"{""rr_number"": ""RR-1382""}",2025-12-17T17:09:36.211764+00:00,,synthetic-seed
1712,2,DOA_APPROVED,RR,382,,,2025-12-21T17:09:36.211764+00:00,,synthetic-seed
1713,5,PR_CREATED,PR,326,,"{""pr_number"": ""PR-2326""}",2025-12-22T17:09:36.211764+00:00,,synthetic-seed
1714,5,RFQ_CLOSED,PR,326,,,2026-01-01T17:09:36.211764+00:00,,synthetic-seed
1715,5,PO_CREATED,PO,275,,"{""po_number"": ""PO-3275""}",2026-01-02T17:09:36.211764+00:00,,synthetic-seed
1716,9,RR_CREATED,RR,383,,"{""rr_number"": ""RR-1383""}",2026-07-13T21:09:36.211764+00:00,,synthetic-seed
1717,3,DOA_APPROVED,RR,383,,,2026-07-14T21:09:36.211764+00:00,,synthetic-seed
1718,5,PR_CREATED,PR,327,,"{""pr_number"": ""PR-2327""}",2026-07-17T21:09:36.211764+00:00,,synthetic-seed
1719,5,RFQ_CLOSED,PR,327,,,2026-07-27T21:09:36.211764+00:00,,synthetic-seed
1720,3,NFA_APPROVED,PR,327,,,2026-08-01T21:09:36.211764+00:00,,synthetic-seed
1721,5,PO_CREATED,PO,276,,"{""po_number"": ""PO-3276""}",2026-08-02T21:09:36.211764+00:00,,synthetic-seed
1722,18,RR_CREATED,RR,384,,"{""rr_number"": ""RR-1384""}",2026-01-16T22:09:36.211764+00:00,,synthetic-seed
1723,3,DOA_APPROVED,RR,384,,,2026-02-19T22:09:36.211764+00:00,,synthetic-seed
1724,12,PR_CREATED,PR,328,,"{""pr_number"": ""PR-2328""}",2026-02-20T22:09:36.211764+00:00,,synthetic-seed
1725,12,RFQ_CLOSED,PR,328,,,2026-02-28T22:09:36.211764+00:00,,synthetic-seed
1726,15,NFA_APPROVED,PR,328,,,2026-03-05T22:09:36.211764+00:00,,synthetic-seed
1727,12,PO_CREATED,PO,277,,"{""po_number"": ""PO-3277""}",2026-03-06T22:09:36.211764+00:00,,synthetic-seed
1728,12,RR_CREATED,RR,385,,"{""rr_number"": ""RR-1385""}",2026-04-12T23:09:36.211764+00:00,,synthetic-seed
1729,15,DOA_APPROVED,RR,385,,,2026-04-14T23:09:36.211764+00:00,,synthetic-seed
1730,5,PR_CREATED,PR,329,,"{""pr_number"": ""PR-2329""}",2026-04-15T23:09:36.211764+00:00,,synthetic-seed
1731,5,RFQ_CLOSED,PR,329,,,2026-04-22T23:09:36.211764+00:00,,synthetic-seed
1732,15,NFA_APPROVED,PR,329,,,2026-05-01T13:09:36.211764+00:00,,synthetic-seed
1733,5,PO_CREATED,PO,278,,"{""po_number"": ""PO-3278""}",2026-05-02T13:09:36.211764+00:00,,synthetic-seed
1734,14,RR_CREATED,RR,386,,"{""rr_number"": ""RR-1386""}",2026-04-10T17:09:36.211764+00:00,,synthetic-seed
1735,15,DOA_APPROVED,RR,386,,,2026-04-13T17:09:36.211764+00:00,,synthetic-seed
1736,12,PR_CREATED,PR,330,,"{""pr_number"": ""PR-2330""}",2026-04-16T17:09:36.211764+00:00,,synthetic-seed
1737,12,RFQ_CLOSED,PR,330,,,2026-04-27T17:09:36.211764+00:00,,synthetic-seed
1738,15,NFA_APPROVED,PR,330,,,2026-05-31T17:09:36.211764+00:00,,synthetic-seed
1739,12,PO_CREATED,PO,279,,"{""po_number"": ""PO-3279""}",2026-06-01T17:09:36.211764+00:00,,synthetic-seed
1740,23,RR_CREATED,RR,387,,"{""rr_number"": ""RR-1387""}",2026-05-09T04:09:36.211764+00:00,,synthetic-seed
1741,15,DOA_APPROVED,RR,387,,,2026-05-11T04:09:36.211764+00:00,,synthetic-seed
1742,12,PR_CREATED,PR,331,,"{""pr_number"": ""PR-2331""}",2026-05-12T04:09:36.211764+00:00,,synthetic-seed
1743,3,NFA_APPROVED,PR,331,,,2026-05-15T04:09:36.211764+00:00,,synthetic-seed
1744,12,PO_CREATED,PO,280,,"{""po_number"": ""PO-3280""}",2026-05-16T04:09:36.211764+00:00,,synthetic-seed
1745,9,RR_CREATED,RR,388,,"{""rr_number"": ""RR-1388""}",2026-04-24T05:09:36.211764+00:00,,synthetic-seed
1746,2,DOA_APPROVED,RR,388,,,2026-04-27T05:09:36.211764+00:00,,synthetic-seed
1747,5,PR_CREATED,PR,332,,"{""pr_number"": ""PR-2332""}",2026-04-29T05:09:36.211764+00:00,,synthetic-seed
1748,2,RR_CREATED,RR,389,,"{""rr_number"": ""RR-1389""}",2026-08-01T08:09:36.211764+00:00,,synthetic-seed
1749,2,DOA_APPROVED,RR,389,,,2026-08-05T08:09:36.211764+00:00,,synthetic-seed
1750,13,PR_CREATED,PR,333,,"{""pr_number"": ""PR-2333""}",2026-08-06T08:09:36.211764+00:00,,synthetic-seed
1751,9,RR_CREATED,RR,390,,"{""rr_number"": ""RR-1390""}",2026-02-19T18:09:36.211764+00:00,,synthetic-seed
1752,2,DOA_APPROVED,RR,390,,,2026-03-10T18:09:36.211764+00:00,,synthetic-seed
1753,24,PR_CREATED,PR,334,,"{""pr_number"": ""PR-2334""}",2026-03-11T18:09:36.211764+00:00,,synthetic-seed
1754,24,RFQ_CLOSED,PR,334,,,2026-03-19T18:09:36.211764+00:00,,synthetic-seed
1755,24,PO_CREATED,PO,281,,"{""po_number"": ""PO-3281""}",2026-03-25T16:09:36.211764+00:00,,synthetic-seed
1756,19,RR_CREATED,RR,391,,"{""rr_number"": ""RR-1391""}",2026-04-11T13:09:36.211764+00:00,,synthetic-seed
1757,16,RR_CREATED,RR,392,,"{""rr_number"": ""RR-1392""}",2026-02-04T15:09:36.211764+00:00,,synthetic-seed
1758,3,DOA_APPROVED,RR,392,,,2026-02-05T15:09:36.211764+00:00,,synthetic-seed
1759,5,PR_CREATED,PR,335,,"{""pr_number"": ""PR-2335""}",2026-02-06T15:09:36.211764+00:00,,synthetic-seed
1760,5,RFQ_CLOSED,PR,335,,,2026-02-14T15:09:36.211764+00:00,,synthetic-seed
1761,15,NFA_APPROVED,PR,335,,,2026-02-19T15:09:36.211764+00:00,,synthetic-seed
1762,5,PO_CREATED,PO,282,,"{""po_number"": ""PO-3282""}",2026-02-20T15:09:36.211764+00:00,,synthetic-seed
1763,10,RR_CREATED,RR,393,,"{""rr_number"": ""RR-1393""}",2026-06-07T18:09:36.211764+00:00,,synthetic-seed
1764,24,RR_CREATED,RR,394,,"{""rr_number"": ""RR-1394""}",2026-01-02T05:09:36.211764+00:00,,synthetic-seed
1765,2,DOA_APPROVED,RR,394,,,2026-01-03T05:09:36.211764+00:00,,synthetic-seed
1766,13,PR_CREATED,PR,336,,"{""pr_number"": ""PR-2336""}",2026-01-06T05:09:36.211764+00:00,,synthetic-seed
1767,13,RFQ_CLOSED,PR,336,,,2026-01-14T05:09:36.211764+00:00,,synthetic-seed
1768,3,NFA_REJECTED,PR,336,,,2026-01-24T03:09:36.211764+00:00,,synthetic-seed
1769,11,RR_CREATED,RR,395,,"{""rr_number"": ""RR-1395""}",2026-07-30T08:09:36.211764+00:00,,synthetic-seed
1770,2,DOA_APPROVED,RR,395,,,2026-08-01T08:09:36.211764+00:00,,synthetic-seed
1771,12,PR_CREATED,PR,337,,"{""pr_number"": ""PR-2337""}",2026-08-04T08:09:36.211764+00:00,,synthetic-seed
1772,12,RFQ_CLOSED,PR,337,,,2026-08-13T08:09:36.211764+00:00,,synthetic-seed
1773,15,NFA_APPROVED,PR,337,,,2026-08-16T08:09:36.211764+00:00,,synthetic-seed
1774,12,PO_CREATED,PO,283,,"{""po_number"": ""PO-3283""}",2026-08-17T08:09:36.211764+00:00,,synthetic-seed
1775,24,RR_CREATED,RR,396,,"{""rr_number"": ""RR-1396""}",2026-01-12T11:09:36.211764+00:00,,synthetic-seed
1776,15,APPROVAL_ESCALATED,RR,396,,,2026-01-14T11:09:36.211764+00:00,,synthetic-seed
1777,11,RR_CREATED,RR,397,,"{""rr_number"": ""RR-1397""}",2026-03-03T12:09:36.211764+00:00,,synthetic-seed
1778,3,DOA_APPROVED,RR,397,,,2026-03-06T12:09:36.211764+00:00,,synthetic-seed
1779,13,PR_CREATED,PR,338,,"{""pr_number"": ""PR-2338""}",2026-03-08T12:09:36.211764+00:00,,synthetic-seed
1780,20,RR_CREATED,RR,398,,"{""rr_number"": ""RR-1398""}",2026-03-18T16:09:36.211764+00:00,,synthetic-seed
1781,15,DOA_APPROVED,RR,398,,,2026-04-08T16:09:36.211764+00:00,,synthetic-seed
1782,5,PR_CREATED,PR,339,,"{""pr_number"": ""PR-2339""}",2026-04-10T16:09:36.211764+00:00,,synthetic-seed
1783,5,RFQ_CLOSED,PR,339,,,2026-04-21T16:09:36.211764+00:00,,synthetic-seed
1784,5,PO_CREATED,PO,284,,"{""po_number"": ""PO-3284""}",2026-04-22T16:09:36.211764+00:00,,synthetic-seed
1785,2,RR_CREATED,RR,399,,"{""rr_number"": ""RR-1399""}",2026-04-14T15:09:36.211764+00:00,,synthetic-seed
1786,15,DOA_APPROVED,RR,399,,,2026-04-18T15:09:36.211764+00:00,,synthetic-seed
1787,12,PR_CREATED,PR,340,,"{""pr_number"": ""PR-2340""}",2026-04-20T15:09:36.211764+00:00,,synthetic-seed
1788,12,RFQ_CLOSED,PR,340,,,2026-04-29T15:09:36.211764+00:00,,synthetic-seed
1789,12,PO_CREATED,PO,285,,"{""po_number"": ""PO-3285""}",2026-04-30T15:09:36.211764+00:00,,synthetic-seed
1790,8,RR_CREATED,RR,400,,"{""rr_number"": ""RR-1400""}",2026-03-04T02:09:36.211764+00:00,,synthetic-seed
1791,3,DOA_APPROVED,RR,400,,,2026-03-08T02:09:36.211764+00:00,,synthetic-seed
1792,5,PR_CREATED,PR,341,,"{""pr_number"": ""PR-2341""}",2026-03-11T02:09:36.211764+00:00,,synthetic-seed
1793,5,RFQ_CLOSED,PR,341,,,2026-03-22T02:09:36.211764+00:00,,synthetic-seed
1794,3,NFA_APPROVED,PR,341,,,2026-04-20T02:09:36.211764+00:00,,synthetic-seed
1795,5,PO_CREATED,PO,286,,"{""po_number"": ""PO-3286""}",2026-04-21T02:09:36.211764+00:00,,synthetic-seed
1796,16,RR_CREATED,RR,401,,"{""rr_number"": ""RR-1401""}",2026-04-16T14:09:36.211764+00:00,,synthetic-seed
1797,2,DOA_APPROVED,RR,401,,,2026-04-18T14:09:36.211764+00:00,,synthetic-seed
1798,13,PR_CREATED,PR,342,,"{""pr_number"": ""PR-2342""}",2026-04-21T14:09:36.211764+00:00,,synthetic-seed
1799,19,RR_CREATED,RR,402,,"{""rr_number"": ""RR-1402""}",2026-04-19T19:09:36.211764+00:00,,synthetic-seed
1800,21,RR_CREATED,RR,403,,"{""rr_number"": ""RR-1403""}",2026-01-06T01:09:36.211764+00:00,,synthetic-seed
1801,2,DOA_APPROVED,RR,403,,,2026-01-09T01:09:36.211764+00:00,,synthetic-seed
1802,12,PR_CREATED,PR,343,,"{""pr_number"": ""PR-2343""}",2026-01-10T01:09:36.211764+00:00,,synthetic-seed
1803,12,PO_CREATED,PO,287,,"{""po_number"": ""PO-3287""}",2026-01-11T01:09:36.211764+00:00,,synthetic-seed
1804,7,RR_CREATED,RR,404,,"{""rr_number"": ""RR-1404""}",2026-04-01T22:09:36.211764+00:00,,synthetic-seed
1805,2,DOA_APPROVED,RR,404,,,2026-04-04T22:09:36.211764+00:00,,synthetic-seed
1806,13,PR_CREATED,PR,344,,"{""pr_number"": ""PR-2344""}",2026-04-07T22:09:36.211764+00:00,,synthetic-seed
1807,18,RR_CREATED,RR,405,,"{""rr_number"": ""RR-1405""}",2026-01-30T14:09:36.211764+00:00,,synthetic-seed
1808,2,DOA_APPROVED,RR,405,,,2026-02-01T14:09:36.211764+00:00,,synthetic-seed
1809,24,PR_CREATED,PR,345,,"{""pr_number"": ""PR-2345""}",2026-02-03T14:09:36.211764+00:00,,synthetic-seed
1810,24,RFQ_CLOSED,PR,345,,,2026-02-09T14:09:36.211764+00:00,,synthetic-seed
1811,15,NFA_APPROVED,PR,345,,,2026-03-07T00:09:36.211764+00:00,,synthetic-seed
1812,24,PO_CREATED,PO,288,,"{""po_number"": ""PO-3288""}",2026-03-08T00:09:36.211764+00:00,,synthetic-seed
1813,15,RR_CREATED,RR,406,,"{""rr_number"": ""RR-1406""}",2026-03-13T21:09:36.211764+00:00,,synthetic-seed
1814,15,DOA_APPROVED,RR,406,,,2026-03-17T21:09:36.211764+00:00,,synthetic-seed
1815,12,PR_CREATED,PR,346,,"{""pr_number"": ""PR-2346""}",2026-03-18T21:09:36.211764+00:00,,synthetic-seed
1816,12,RFQ_CLOSED,PR,346,,,2026-04-25T21:09:36.211764+00:00,,synthetic-seed
1817,12,PO_CREATED,PO,289,,"{""po_number"": ""PO-3289""}",2026-04-30T21:09:36.211764+00:00,,synthetic-seed
1818,16,RR_CREATED,RR,407,,"{""rr_number"": ""RR-1407""}",2026-08-03T20:09:36.211764+00:00,,synthetic-seed
1819,15,DOA_APPROVED,RR,407,,,2026-08-06T20:09:36.211764+00:00,,synthetic-seed
1820,24,PR_CREATED,PR,347,,"{""pr_number"": ""PR-2347""}",2026-08-08T20:09:36.211764+00:00,,synthetic-seed
1821,24,RFQ_CLOSED,PR,347,,,2026-08-19T20:09:36.211764+00:00,,synthetic-seed
1822,15,NFA_APPROVED,PR,347,,,2026-08-22T20:09:36.211764+00:00,,synthetic-seed
1823,24,PO_CREATED,PO,290,,"{""po_number"": ""PO-3290""}",2026-08-23T20:09:36.211764+00:00,,synthetic-seed
1824,24,RR_CREATED,RR,408,,"{""rr_number"": ""RR-1408""}",2026-04-08T13:09:36.211764+00:00,,synthetic-seed
1825,8,RR_CREATED,RR,409,,"{""rr_number"": ""RR-1409""}",2026-01-14T14:09:36.211764+00:00,,synthetic-seed
1826,2,DOA_APPROVED,RR,409,,,2026-01-18T14:09:36.211764+00:00,,synthetic-seed
1827,5,PR_CREATED,PR,348,,"{""pr_number"": ""PR-2348""}",2026-01-21T14:09:36.211764+00:00,,synthetic-seed
1828,5,RFQ_CLOSED,PR,348,,,2026-02-15T14:09:36.211764+00:00,,synthetic-seed
1829,21,RR_CREATED,RR,410,,"{""rr_number"": ""RR-1410""}",2026-05-22T09:09:36.211764+00:00,,synthetic-seed
1830,15,DOA_APPROVED,RR,410,,,2026-05-26T09:09:36.211764+00:00,,synthetic-seed
1831,13,PR_CREATED,PR,349,,"{""pr_number"": ""PR-2349""}",2026-05-28T09:09:36.211764+00:00,,synthetic-seed
1832,13,RFQ_CLOSED,PR,349,,,2026-06-05T09:09:36.211764+00:00,,synthetic-seed
1833,20,RR_CREATED,RR,411,,"{""rr_number"": ""RR-1411""}",2026-03-10T07:09:36.211764+00:00,,synthetic-seed
1834,2,DOA_APPROVED,RR,411,,,2026-03-11T07:09:36.211764+00:00,,synthetic-seed
1835,5,PR_CREATED,PR,350,,"{""pr_number"": ""PR-2350""}",2026-03-14T07:09:36.211764+00:00,,synthetic-seed
1836,5,RFQ_CLOSED,PR,350,,,2026-03-23T07:09:36.211764+00:00,,synthetic-seed
1837,5,PO_CREATED,PO,291,,"{""po_number"": ""PO-3291""}",2026-03-24T07:09:36.211764+00:00,,synthetic-seed
1838,11,RR_CREATED,RR,412,,"{""rr_number"": ""RR-1412""}",2026-05-19T21:09:36.211764+00:00,,synthetic-seed
1839,15,APPROVAL_ESCALATED,RR,412,,,2026-05-21T21:09:36.211764+00:00,,synthetic-seed
1840,20,RR_CREATED,RR,413,,"{""rr_number"": ""RR-1413""}",2025-12-09T08:09:36.211764+00:00,,synthetic-seed
1841,15,DOA_APPROVED,RR,413,,,2025-12-10T08:09:36.211764+00:00,,synthetic-seed
1842,5,PR_CREATED,PR,351,,"{""pr_number"": ""PR-2351""}",2025-12-11T08:09:36.211764+00:00,,synthetic-seed
1843,5,PO_CREATED,PO,292,,"{""po_number"": ""PO-3292""}",2025-12-12T08:09:36.211764+00:00,,synthetic-seed
1844,6,RR_CREATED,RR,414,,"{""rr_number"": ""RR-1414""}",2026-01-21T10:09:36.211764+00:00,,synthetic-seed
1845,2,DOA_APPROVED,RR,414,,,2026-01-24T10:09:36.211764+00:00,,synthetic-seed
1846,5,PR_CREATED,PR,352,,"{""pr_number"": ""PR-2352""}",2026-01-26T10:09:36.211764+00:00,,synthetic-seed
1847,5,RFQ_CLOSED,PR,352,,,2026-02-03T10:09:36.211764+00:00,,synthetic-seed
1848,5,PO_CREATED,PO,293,,"{""po_number"": ""PO-3293""}",2026-02-10T10:09:36.211764+00:00,,synthetic-seed
1849,5,RR_CREATED,RR,415,,"{""rr_number"": ""RR-1415""}",2026-05-26T13:09:36.211764+00:00,,synthetic-seed
1850,15,DOA_APPROVED,RR,415,,,2026-05-28T13:09:36.211764+00:00,,synthetic-seed
1851,12,PR_CREATED,PR,353,,"{""pr_number"": ""PR-2353""}",2026-05-31T13:09:36.211764+00:00,,synthetic-seed
1852,15,NFA_APPROVED,PR,353,,,2026-06-06T13:09:36.211764+00:00,,synthetic-seed
1853,12,PO_CREATED,PO,294,,"{""po_number"": ""PO-3294""}",2026-06-07T13:09:36.211764+00:00,,synthetic-seed
1854,1,RR_CREATED,RR,416,,"{""rr_number"": ""RR-1416""}",2026-03-31T05:09:36.211764+00:00,,synthetic-seed
1855,2,DOA_APPROVED,RR,416,,,2026-04-04T05:09:36.211764+00:00,,synthetic-seed
1856,12,PR_CREATED,PR,354,,"{""pr_number"": ""PR-2354""}",2026-04-06T05:09:36.211764+00:00,,synthetic-seed
1857,12,RFQ_CLOSED,PR,354,,,2026-04-15T05:09:36.211764+00:00,,synthetic-seed
1858,15,NFA_APPROVED,PR,354,,,2026-05-10T20:09:36.211764+00:00,,synthetic-seed
1859,12,PO_CREATED,PO,295,,"{""po_number"": ""PO-3295""}",2026-05-11T20:09:36.211764+00:00,,synthetic-seed
1860,20,RR_CREATED,RR,417,,"{""rr_number"": ""RR-1417""}",2026-01-08T05:09:36.211764+00:00,,synthetic-seed
1861,3,DOA_REJECTED,RR,417,,,2026-01-09T05:09:36.211764+00:00,,synthetic-seed
1862,22,RR_CREATED,RR,418,,"{""rr_number"": ""RR-1418""}",2026-03-02T00:09:36.211764+00:00,,synthetic-seed
1863,2,DOA_APPROVED,RR,418,,,2026-03-03T00:09:36.211764+00:00,,synthetic-seed
1864,24,PR_CREATED,PR,355,,"{""pr_number"": ""PR-2355""}",2026-03-04T00:09:36.211764+00:00,,synthetic-seed
1865,24,PO_CREATED,PO,296,,"{""po_number"": ""PO-3296""}",2026-03-05T00:09:36.211764+00:00,,synthetic-seed
1866,17,RR_CREATED,RR,419,,"{""rr_number"": ""RR-1419""}",2026-07-23T15:09:36.211764+00:00,,synthetic-seed
1867,15,DOA_APPROVED,RR,419,,,2026-07-24T15:09:36.211764+00:00,,synthetic-seed
1868,5,PR_CREATED,PR,356,,"{""pr_number"": ""PR-2356""}",2026-07-27T15:09:36.211764+00:00,,synthetic-seed
1869,5,RFQ_CLOSED,PR,356,,,2026-08-05T15:09:36.211764+00:00,,synthetic-seed
1870,15,NFA_APPROVED,PR,356,,,2026-08-16T10:09:36.211764+00:00,,synthetic-seed
1871,5,PO_CREATED,PO,297,,"{""po_number"": ""PO-3297""}",2026-08-17T10:09:36.211764+00:00,,synthetic-seed
1872,20,RR_CREATED,RR,420,,"{""rr_number"": ""RR-1420""}",2026-06-23T20:09:36.211764+00:00,,synthetic-seed
1873,2,DOA_APPROVED,RR,420,,,2026-07-18T20:09:36.211764+00:00,,synthetic-seed
1874,5,PR_CREATED,PR,357,,"{""pr_number"": ""PR-2357""}",2026-07-20T20:09:36.211764+00:00,,synthetic-seed
1875,5,RFQ_CLOSED,PR,357,,,2026-07-30T20:09:36.211764+00:00,,synthetic-seed
1876,3,NFA_APPROVED,PR,357,,,2026-08-05T20:09:36.211764+00:00,,synthetic-seed
1877,5,PO_CREATED,PO,298,,"{""po_number"": ""PO-3298""}",2026-08-06T20:09:36.211764+00:00,,synthetic-seed
1878,14,RR_CREATED,RR,421,,"{""rr_number"": ""RR-1421""}",2026-02-03T12:09:36.211764+00:00,,synthetic-seed
1879,2,DOA_APPROVED,RR,421,,,2026-02-07T12:09:36.211764+00:00,,synthetic-seed
1880,13,PR_CREATED,PR,358,,"{""pr_number"": ""PR-2358""}",2026-02-10T12:09:36.211764+00:00,,synthetic-seed
1881,13,RFQ_CLOSED,PR,358,,,2026-02-19T12:09:36.211764+00:00,,synthetic-seed
1882,15,NFA_APPROVED,PR,358,,,2026-02-22T12:09:36.211764+00:00,,synthetic-seed
1883,13,PO_CREATED,PO,299,,"{""po_number"": ""PO-3299""}",2026-02-23T12:09:36.211764+00:00,,synthetic-seed
1884,22,RR_CREATED,RR,422,,"{""rr_number"": ""RR-1422""}",2026-07-02T15:09:36.211764+00:00,,synthetic-seed
1885,15,DOA_APPROVED,RR,422,,,2026-07-05T15:09:36.211764+00:00,,synthetic-seed
1886,12,PR_CREATED,PR,359,,"{""pr_number"": ""PR-2359""}",2026-07-08T15:09:36.211764+00:00,,synthetic-seed
1887,12,RFQ_CLOSED,PR,359,,,2026-07-14T15:09:36.211764+00:00,,synthetic-seed
1888,3,NFA_APPROVED,PR,359,,,2026-07-18T15:09:36.211764+00:00,,synthetic-seed
1889,21,RR_CREATED,RR,423,,"{""rr_number"": ""RR-1423""}",2025-12-10T18:09:36.211764+00:00,,synthetic-seed
1890,2,DOA_APPROVED,RR,423,,,2025-12-11T18:09:36.211764+00:00,,synthetic-seed
1891,12,PR_CREATED,PR,360,,"{""pr_number"": ""PR-2360""}",2025-12-31T18:09:36.211764+00:00,,synthetic-seed
1892,12,RFQ_CLOSED,PR,360,,,2026-01-08T18:09:36.211764+00:00,,synthetic-seed
1893,12,PO_CREATED,PO,300,,"{""po_number"": ""PO-3300""}",2026-01-15T18:09:36.211764+00:00,,synthetic-seed
1894,13,RR_CREATED,RR,424,,"{""rr_number"": ""RR-1424""}",2026-04-29T21:09:36.211764+00:00,,synthetic-seed
1895,22,RR_CREATED,RR,425,,"{""rr_number"": ""RR-1425""}",2026-07-29T15:09:36.211764+00:00,,synthetic-seed
1896,2,DOA_APPROVED,RR,425,,,2026-07-31T15:09:36.211764+00:00,,synthetic-seed
1897,12,PR_CREATED,PR,361,,"{""pr_number"": ""PR-2361""}",2026-08-01T15:09:36.211764+00:00,,synthetic-seed
1898,15,NFA_APPROVED,PR,361,,,2026-08-04T15:09:36.211764+00:00,,synthetic-seed
1899,12,PO_CREATED,PO,301,,"{""po_number"": ""PO-3301""}",2026-08-05T15:09:36.211764+00:00,,synthetic-seed
1900,14,RR_CREATED,RR,426,,"{""rr_number"": ""RR-1426""}",2026-02-26T21:09:36.211764+00:00,,synthetic-seed
1901,15,DOA_APPROVED,RR,426,,,2026-02-28T21:09:36.211764+00:00,,synthetic-seed
1902,13,PR_CREATED,PR,362,,"{""pr_number"": ""PR-2362""}",2026-03-02T21:09:36.211764+00:00,,synthetic-seed
1903,13,RFQ_CLOSED,PR,362,,,2026-03-13T21:09:36.211764+00:00,,synthetic-seed
1904,15,NFA_REJECTED,PR,362,,,2026-03-16T21:09:36.211764+00:00,,synthetic-seed
1905,16,RR_CREATED,RR,427,,"{""rr_number"": ""RR-1427""}",2025-12-26T00:09:36.211764+00:00,,synthetic-seed
1906,3,DOA_APPROVED,RR,427,,,2026-01-17T00:09:36.211764+00:00,,synthetic-seed
1907,24,PR_CREATED,PR,363,,"{""pr_number"": ""PR-2363""}",2026-01-19T00:09:36.211764+00:00,,synthetic-seed
1908,24,RFQ_CLOSED,PR,363,,,2026-01-29T00:09:36.211764+00:00,,synthetic-seed
1909,24,PO_CREATED,PO,302,,"{""po_number"": ""PO-3302""}",2026-01-30T00:09:36.211764+00:00,,synthetic-seed
1910,9,RR_CREATED,RR,428,,"{""rr_number"": ""RR-1428""}",2026-03-09T04:09:36.211764+00:00,,synthetic-seed
1911,15,DOA_APPROVED,RR,428,,,2026-03-11T04:09:36.211764+00:00,,synthetic-seed
1912,24,PR_CREATED,PR,364,,"{""pr_number"": ""PR-2364""}",2026-03-12T04:09:36.211764+00:00,,synthetic-seed
1913,24,RFQ_CLOSED,PR,364,,,2026-03-21T04:09:36.211764+00:00,,synthetic-seed
1914,24,PO_CREATED,PO,303,,"{""po_number"": ""PO-3303""}",2026-03-30T04:09:36.211764+00:00,,synthetic-seed
1915,4,RR_CREATED,RR,429,,"{""rr_number"": ""RR-1429""}",2026-06-15T23:09:36.211764+00:00,,synthetic-seed
1916,15,DOA_APPROVED,RR,429,,,2026-06-19T23:09:36.211764+00:00,,synthetic-seed
1917,5,PR_CREATED,PR,365,,"{""pr_number"": ""PR-2365""}",2026-06-21T23:09:36.211764+00:00,,synthetic-seed
1918,5,RFQ_CLOSED,PR,365,,,2026-08-01T23:09:36.211764+00:00,,synthetic-seed
1919,5,PO_CREATED,PO,304,,"{""po_number"": ""PO-3304""}",2026-08-11T10:09:36.211764+00:00,,synthetic-seed
1920,20,RR_CREATED,RR,430,,"{""rr_number"": ""RR-1430""}",2026-07-30T05:09:36.211764+00:00,,synthetic-seed
1921,15,DOA_APPROVED,RR,430,,,2026-08-03T05:09:36.211764+00:00,,synthetic-seed
1922,5,PR_CREATED,PR,366,,"{""pr_number"": ""PR-2366""}",2026-08-05T05:09:36.211764+00:00,,synthetic-seed
1923,5,RFQ_CLOSED,PR,366,,,2026-08-13T05:09:36.211764+00:00,,synthetic-seed
1924,5,PO_CREATED,PO,305,,"{""po_number"": ""PO-3305""}",2026-08-14T05:09:36.211764+00:00,,synthetic-seed
1925,16,RR_CREATED,RR,431,,"{""rr_number"": ""RR-1431""}",2026-02-10T01:09:36.211764+00:00,,synthetic-seed
1926,15,DOA_APPROVED,RR,431,,,2026-02-13T01:09:36.211764+00:00,,synthetic-seed
1927,13,PR_CREATED,PR,367,,"{""pr_number"": ""PR-2367""}",2026-02-14T01:09:36.211764+00:00,,synthetic-seed
1928,13,RFQ_CLOSED,PR,367,,,2026-02-22T01:09:36.211764+00:00,,synthetic-seed
1929,13,PO_CREATED,PO,306,,"{""po_number"": ""PO-3306""}",2026-02-28T01:09:36.211764+00:00,,synthetic-seed
1930,12,RR_CREATED,RR,432,,"{""rr_number"": ""RR-1432""}",2026-08-07T12:09:36.211764+00:00,,synthetic-seed
1931,8,RR_CREATED,RR,433,,"{""rr_number"": ""RR-1433""}",2026-02-04T03:09:36.211764+00:00,,synthetic-seed
1932,2,DOA_APPROVED,RR,433,,,2026-02-06T03:09:36.211764+00:00,,synthetic-seed
1933,24,PR_CREATED,PR,368,,"{""pr_number"": ""PR-2368""}",2026-02-07T03:09:36.211764+00:00,,synthetic-seed
1934,24,RFQ_CLOSED,PR,368,,,2026-02-16T03:09:36.211764+00:00,,synthetic-seed
1935,15,NFA_APPROVED,PR,368,,,2026-03-16T03:09:36.211764+00:00,,synthetic-seed
1936,24,PO_CREATED,PO,307,,"{""po_number"": ""PO-3307""}",2026-03-17T03:09:36.211764+00:00,,synthetic-seed
1937,3,RR_CREATED,RR,434,,"{""rr_number"": ""RR-1434""}",2025-12-31T10:09:36.211764+00:00,,synthetic-seed
1938,2,DOA_APPROVED,RR,434,,,2026-01-03T10:09:36.211764+00:00,,synthetic-seed
1939,13,PR_CREATED,PR,369,,"{""pr_number"": ""PR-2369""}",2026-01-04T10:09:36.211764+00:00,,synthetic-seed
1940,13,RFQ_CLOSED,PR,369,,,2026-02-07T10:09:36.211764+00:00,,synthetic-seed
1941,15,NFA_APPROVED,PR,369,,,2026-02-12T10:09:36.211764+00:00,,synthetic-seed
1942,13,PO_CREATED,PO,308,,"{""po_number"": ""PO-3308""}",2026-02-13T10:09:36.211764+00:00,,synthetic-seed
1943,23,RR_CREATED,RR,435,,"{""rr_number"": ""RR-1435""}",2026-05-03T05:09:36.211764+00:00,,synthetic-seed
1944,2,DOA_APPROVED,RR,435,,,2026-05-04T05:09:36.211764+00:00,,synthetic-seed
1945,5,PR_CREATED,PR,370,,"{""pr_number"": ""PR-2370""}",2026-05-05T05:09:36.211764+00:00,,synthetic-seed
1946,5,RFQ_CLOSED,PR,370,,,2026-05-11T05:09:36.211764+00:00,,synthetic-seed
1947,3,NFA_APPROVED,PR,370,,,2026-06-02T18:09:36.211764+00:00,,synthetic-seed
1948,5,PO_CREATED,PO,309,,"{""po_number"": ""PO-3309""}",2026-06-03T18:09:36.211764+00:00,,synthetic-seed
1949,9,RR_CREATED,RR,436,,"{""rr_number"": ""RR-1436""}",2025-11-30T12:09:36.211764+00:00,,synthetic-seed
1950,2,DOA_APPROVED,RR,436,,,2025-12-01T12:09:36.211764+00:00,,synthetic-seed
1951,24,PR_CREATED,PR,371,,"{""pr_number"": ""PR-2371""}",2025-12-04T12:09:36.211764+00:00,,synthetic-seed
1952,3,NFA_APPROVED,PR,371,,,2025-12-09T12:09:36.211764+00:00,,synthetic-seed
1953,24,PO_CREATED,PO,310,,"{""po_number"": ""PO-3310""}",2025-12-10T12:09:36.211764+00:00,,synthetic-seed
1954,19,RR_CREATED,RR,437,,"{""rr_number"": ""RR-1437""}",2026-05-11T05:09:36.211764+00:00,,synthetic-seed
1955,2,APPROVAL_ESCALATED,RR,437,,,2026-05-13T05:09:36.211764+00:00,,synthetic-seed
1956,12,RR_CREATED,RR,438,,"{""rr_number"": ""RR-1438""}",2026-08-11T21:09:36.211764+00:00,,synthetic-seed
1957,15,DOA_APPROVED,RR,438,,,2026-08-15T21:09:36.211764+00:00,,synthetic-seed
1958,13,PR_CREATED,PR,372,,"{""pr_number"": ""PR-2372""}",2026-08-16T21:09:36.211764+00:00,,synthetic-seed
1959,13,PO_CREATED,PO,311,,"{""po_number"": ""PO-3311""}",2026-08-17T21:09:36.211764+00:00,,synthetic-seed
1960,16,RR_CREATED,RR,439,,"{""rr_number"": ""RR-1439""}",2026-06-26T09:09:36.211764+00:00,,synthetic-seed
1961,2,DOA_APPROVED,RR,439,,,2026-06-30T09:09:36.211764+00:00,,synthetic-seed
1962,13,PR_CREATED,PR,373,,"{""pr_number"": ""PR-2373""}",2026-07-02T09:09:36.211764+00:00,,synthetic-seed
1963,13,RFQ_CLOSED,PR,373,,,2026-08-13T09:09:36.211764+00:00,,synthetic-seed
1964,13,PO_CREATED,PO,312,,"{""po_number"": ""PO-3312""}",2026-08-20T09:09:36.211764+00:00,,synthetic-seed
1965,2,RR_CREATED,RR,440,,"{""rr_number"": ""RR-1440""}",2026-02-27T02:09:36.211764+00:00,,synthetic-seed
1966,2,DOA_APPROVED,RR,440,,,2026-03-01T02:09:36.211764+00:00,,synthetic-seed
1967,5,PR_CREATED,PR,374,,"{""pr_number"": ""PR-2374""}",2026-03-02T02:09:36.211764+00:00,,synthetic-seed
1968,5,RFQ_CLOSED,PR,374,,,2026-03-09T02:09:36.211764+00:00,,synthetic-seed
1969,5,PO_CREATED,PO,313,,"{""po_number"": ""PO-3313""}",2026-03-10T02:09:36.211764+00:00,,synthetic-seed
1970,18,RR_CREATED,RR,441,,"{""rr_number"": ""RR-1441""}",2026-06-25T16:09:36.211764+00:00,,synthetic-seed
1971,2,DOA_APPROVED,RR,441,,,2026-06-28T16:09:36.211764+00:00,,synthetic-seed
1972,12,PR_CREATED,PR,375,,"{""pr_number"": ""PR-2375""}",2026-06-29T16:09:36.211764+00:00,,synthetic-seed
1973,12,RFQ_CLOSED,PR,375,,,2026-07-09T16:09:36.211764+00:00,,synthetic-seed
1974,15,NFA_APPROVED,PR,375,,,2026-07-15T16:09:36.211764+00:00,,synthetic-seed
1975,12,PO_CREATED,PO,314,,"{""po_number"": ""PO-3314""}",2026-07-16T16:09:36.211764+00:00,,synthetic-seed
1976,14,RR_CREATED,RR,442,,"{""rr_number"": ""RR-1442""}",2026-07-29T18:09:36.211764+00:00,,synthetic-seed
1977,2,DOA_APPROVED,RR,442,,,2026-08-01T18:09:36.211764+00:00,,synthetic-seed
1978,5,PR_CREATED,PR,376,,"{""pr_number"": ""PR-2376""}",2026-08-03T18:09:36.211764+00:00,,synthetic-seed
1979,5,RFQ_CLOSED,PR,376,,,2026-08-09T18:09:36.211764+00:00,,synthetic-seed
1980,3,NFA_APPROVED,PR,376,,,2026-08-15T18:09:36.211764+00:00,,synthetic-seed
1981,5,PO_CREATED,PO,315,,"{""po_number"": ""PO-3315""}",2026-08-16T18:09:36.211764+00:00,,synthetic-seed
1982,17,RR_CREATED,RR,443,,"{""rr_number"": ""RR-1443""}",2025-12-09T21:09:36.211764+00:00,,synthetic-seed
1983,3,DOA_APPROVED,RR,443,,,2025-12-11T21:09:36.211764+00:00,,synthetic-seed
1984,13,PR_CREATED,PR,377,,"{""pr_number"": ""PR-2377""}",2025-12-13T21:09:36.211764+00:00,,synthetic-seed
1985,13,RFQ_CLOSED,PR,377,,,2025-12-21T21:09:36.211764+00:00,,synthetic-seed
1986,13,PO_CREATED,PO,316,,"{""po_number"": ""PO-3316""}",2025-12-22T21:09:36.211764+00:00,,synthetic-seed
1987,2,RR_CREATED,RR,444,,"{""rr_number"": ""RR-1444""}",2026-03-20T23:09:36.211764+00:00,,synthetic-seed
1988,15,DOA_APPROVED,RR,444,,,2026-03-21T23:09:36.211764+00:00,,synthetic-seed
1989,24,PR_CREATED,PR,378,,"{""pr_number"": ""PR-2378""}",2026-03-24T23:09:36.211764+00:00,,synthetic-seed
1990,24,RFQ_CLOSED,PR,378,,,2026-03-31T23:09:36.211764+00:00,,synthetic-seed
1991,24,PO_CREATED,PO,317,,"{""po_number"": ""PO-3317""}",2026-05-08T23:09:36.211764+00:00,,synthetic-seed
1992,10,RR_CREATED,RR,445,,"{""rr_number"": ""RR-1445""}",2026-06-24T02:09:36.211764+00:00,,synthetic-seed
1993,3,DOA_APPROVED,RR,445,,,2026-07-16T02:09:36.211764+00:00,,synthetic-seed
1994,5,PR_CREATED,PR,379,,"{""pr_number"": ""PR-2379""}",2026-07-19T02:09:36.211764+00:00,,synthetic-seed
1995,5,RFQ_CLOSED,PR,379,,,2026-07-26T02:09:36.211764+00:00,,synthetic-seed
1996,5,PO_CREATED,PO,318,,"{""po_number"": ""PO-3318""}",2026-07-27T02:09:36.211764+00:00,,synthetic-seed
1997,18,RR_CREATED,RR,446,,"{""rr_number"": ""RR-1446""}",2026-06-07T13:09:36.211764+00:00,,synthetic-seed
1998,2,DOA_APPROVED,RR,446,,,2026-06-20T13:09:36.211764+00:00,,synthetic-seed
1999,12,PR_CREATED,PR,380,,"{""pr_number"": ""PR-2380""}",2026-06-23T13:09:36.211764+00:00,,synthetic-seed
2000,15,NFA_APPROVED,PR,380,,,2026-06-29T13:09:36.211764+00:00,,synthetic-seed
2001,12,PO_CREATED,PO,319,,"{""po_number"": ""PO-3319""}",2026-06-30T13:09:36.211764+00:00,,synthetic-seed
2002,21,RR_CREATED,RR,447,,"{""rr_number"": ""RR-1447""}",2026-04-29T13:09:36.211764+00:00,,synthetic-seed
2003,3,DOA_APPROVED,RR,447,,,2026-05-03T13:09:36.211764+00:00,,synthetic-seed
2004,12,PR_CREATED,PR,381,,"{""pr_number"": ""PR-2381""}",2026-05-05T13:09:36.211764+00:00,,synthetic-seed
2005,12,RFQ_CLOSED,PR,381,,,2026-06-02T13:09:36.211764+00:00,,synthetic-seed
2006,3,NFA_APPROVED,PR,381,,,2026-06-05T13:09:36.211764+00:00,,synthetic-seed
2007,12,PO_CREATED,PO,320,,"{""po_number"": ""PO-3320""}",2026-06-06T13:09:36.211764+00:00,,synthetic-seed
2008,14,RR_CREATED,RR,448,,"{""rr_number"": ""RR-1448""}",2026-02-05T11:09:36.211764+00:00,,synthetic-seed
2009,3,APPROVAL_ESCALATED,RR,448,,,2026-02-07T11:09:36.211764+00:00,,synthetic-seed
2010,20,RR_CREATED,RR,449,,"{""rr_number"": ""RR-1449""}",2026-04-14T12:09:36.211764+00:00,,synthetic-seed
2011,2,DOA_APPROVED,RR,449,,,2026-04-17T12:09:36.211764+00:00,,synthetic-seed
2012,12,PR_CREATED,PR,382,,"{""pr_number"": ""PR-2382""}",2026-04-19T12:09:36.211764+00:00,,synthetic-seed
2013,12,PO_CREATED,PO,321,,"{""po_number"": ""PO-3321""}",2026-04-20T12:09:36.211764+00:00,,synthetic-seed
2014,15,RR_CREATED,RR,450,,"{""rr_number"": ""RR-1450""}",2026-08-21T04:09:36.211764+00:00,,synthetic-seed
2015,24,RR_CREATED,RR,451,,"{""rr_number"": ""RR-1451""}",2026-02-13T05:09:36.211764+00:00,,synthetic-seed
2016,2,DOA_APPROVED,RR,451,,,2026-02-16T05:09:36.211764+00:00,,synthetic-seed
2017,24,PR_CREATED,PR,383,,"{""pr_number"": ""PR-2383""}",2026-02-18T05:09:36.211764+00:00,,synthetic-seed
2018,24,RFQ_CLOSED,PR,383,,,2026-03-01T05:09:36.211764+00:00,,synthetic-seed
2019,15,NFA_APPROVED,PR,383,,,2026-03-15T05:09:36.211764+00:00,,synthetic-seed
2020,24,PO_CREATED,PO,322,,"{""po_number"": ""PO-3322""}",2026-03-16T05:09:36.211764+00:00,,synthetic-seed
2021,8,RR_CREATED,RR,452,,"{""rr_number"": ""RR-1452""}",2026-07-24T18:09:36.211764+00:00,,synthetic-seed
2022,2,DOA_APPROVED,RR,452,,,2026-07-28T18:09:36.211764+00:00,,synthetic-seed
2023,5,PR_CREATED,PR,384,,"{""pr_number"": ""PR-2384""}",2026-07-29T18:09:36.211764+00:00,,synthetic-seed
2024,5,RFQ_CLOSED,PR,384,,,2026-08-08T18:09:36.211764+00:00,,synthetic-seed
2025,5,PO_CREATED,PO,323,,"{""po_number"": ""PO-3323""}",2026-08-16T18:09:36.211764+00:00,,synthetic-seed
2026,3,RR_CREATED,RR,453,,"{""rr_number"": ""RR-1453""}",2026-07-29T13:09:36.211764+00:00,,synthetic-seed
2027,15,DOA_APPROVED,RR,453,,,2026-08-02T13:09:36.211764+00:00,,synthetic-seed
2028,12,PR_CREATED,PR,385,,"{""pr_number"": ""PR-2385""}",2026-08-04T13:09:36.211764+00:00,,synthetic-seed
2029,12,RFQ_CLOSED,PR,385,,,2026-08-11T13:09:36.211764+00:00,,synthetic-seed
2030,12,PO_CREATED,PO,324,,"{""po_number"": ""PO-3324""}",2026-08-12T13:09:36.211764+00:00,,synthetic-seed
2031,7,RR_CREATED,RR,454,,"{""rr_number"": ""RR-1454""}",2026-08-24T01:09:36.211764+00:00,,synthetic-seed
2032,15,DOA_REJECTED,RR,454,,,2026-08-25T01:09:36.211764+00:00,,synthetic-seed
2033,19,RR_CREATED,RR,455,,"{""rr_number"": ""RR-1455""}",2026-05-05T04:09:36.211764+00:00,,synthetic-seed
2034,2,DOA_APPROVED,RR,455,,,2026-05-08T04:09:36.211764+00:00,,synthetic-seed
2035,5,PR_CREATED,PR,386,,"{""pr_number"": ""PR-2386""}",2026-05-09T04:09:36.211764+00:00,,synthetic-seed
2036,5,RFQ_CLOSED,PR,386,,,2026-05-17T04:09:36.211764+00:00,,synthetic-seed
2037,3,NFA_APPROVED,PR,386,,,2026-06-16T04:09:36.211764+00:00,,synthetic-seed
2038,5,PO_CREATED,PO,325,,"{""po_number"": ""PO-3325""}",2026-06-17T04:09:36.211764+00:00,,synthetic-seed
2039,23,RR_CREATED,RR,456,,"{""rr_number"": ""RR-1456""}",2026-07-21T06:09:36.211764+00:00,,synthetic-seed
2040,15,DOA_APPROVED,RR,456,,,2026-07-25T06:09:36.211764+00:00,,synthetic-seed
2041,5,PR_CREATED,PR,387,,"{""pr_number"": ""PR-2387""}",2026-07-27T06:09:36.211764+00:00,,synthetic-seed
2042,5,RR_CREATED,RR,457,,"{""rr_number"": ""RR-1457""}",2026-04-16T19:09:36.211764+00:00,,synthetic-seed
2043,21,RR_CREATED,RR,458,,"{""rr_number"": ""RR-1458""}",2026-04-22T12:09:36.211764+00:00,,synthetic-seed
2044,2,DOA_APPROVED,RR,458,,,2026-04-26T12:09:36.211764+00:00,,synthetic-seed
2045,5,PR_CREATED,PR,388,,"{""pr_number"": ""PR-2388""}",2026-04-27T12:09:36.211764+00:00,,synthetic-seed
2046,5,PO_CREATED,PO,326,,"{""po_number"": ""PO-3326""}",2026-04-28T12:09:36.211764+00:00,,synthetic-seed
2047,20,RR_CREATED,RR,459,,"{""rr_number"": ""RR-1459""}",2026-04-29T12:09:36.211764+00:00,,synthetic-seed
2048,2,DOA_APPROVED,RR,459,,,2026-05-02T12:09:36.211764+00:00,,synthetic-seed
2049,12,PR_CREATED,PR,389,,"{""pr_number"": ""PR-2389""}",2026-05-03T12:09:36.211764+00:00,,synthetic-seed
2050,12,RFQ_CLOSED,PR,389,,,2026-05-12T12:09:36.211764+00:00,,synthetic-seed
2051,3,NFA_APPROVED,PR,389,,,2026-06-13T02:09:36.211764+00:00,,synthetic-seed
2052,12,PO_CREATED,PO,327,,"{""po_number"": ""PO-3327""}",2026-06-14T02:09:36.211764+00:00,,synthetic-seed
2053,19,RR_CREATED,RR,460,,"{""rr_number"": ""RR-1460""}",2026-04-02T07:09:36.211764+00:00,,synthetic-seed
2054,3,DOA_APPROVED,RR,460,,,2026-04-06T07:09:36.211764+00:00,,synthetic-seed
2055,24,PR_CREATED,PR,390,,"{""pr_number"": ""PR-2390""}",2026-04-17T07:09:36.211764+00:00,,synthetic-seed
2056,15,NFA_APPROVED,PR,390,,,2026-04-21T07:09:36.211764+00:00,,synthetic-seed
2057,24,PO_CREATED,PO,328,,"{""po_number"": ""PO-3328""}",2026-04-22T07:09:36.211764+00:00,,synthetic-seed
2058,4,RR_CREATED,RR,461,,"{""rr_number"": ""RR-1461""}",2026-01-30T01:09:36.211764+00:00,,synthetic-seed
2059,15,DOA_APPROVED,RR,461,,,2026-01-31T01:09:36.211764+00:00,,synthetic-seed
2060,12,PR_CREATED,PR,391,,"{""pr_number"": ""PR-2391""}",2026-02-01T01:09:36.211764+00:00,,synthetic-seed
2061,12,RFQ_CLOSED,PR,391,,,2026-02-07T01:09:36.211764+00:00,,synthetic-seed
2062,3,NFA_APPROVED,PR,391,,,2026-02-19T01:09:36.211764+00:00,,synthetic-seed
2063,12,PO_CREATED,PO,329,,"{""po_number"": ""PO-3329""}",2026-02-20T01:09:36.211764+00:00,,synthetic-seed
2064,18,RR_CREATED,RR,462,,"{""rr_number"": ""RR-1462""}",2026-06-25T18:09:36.211764+00:00,,synthetic-seed
2065,3,DOA_APPROVED,RR,462,,,2026-06-26T18:09:36.211764+00:00,,synthetic-seed
2066,5,PR_CREATED,PR,392,,"{""pr_number"": ""PR-2392""}",2026-06-29T18:09:36.211764+00:00,,synthetic-seed
2067,5,PO_CREATED,PO,330,,"{""po_number"": ""PO-3330""}",2026-06-30T18:09:36.211764+00:00,,synthetic-seed
2068,17,RR_CREATED,RR,463,,"{""rr_number"": ""RR-1463""}",2026-07-26T21:09:36.211764+00:00,,synthetic-seed
2069,3,DOA_APPROVED,RR,463,,,2026-07-27T21:09:36.211764+00:00,,synthetic-seed
2070,24,PR_CREATED,PR,393,,"{""pr_number"": ""PR-2393""}",2026-07-28T21:09:36.211764+00:00,,synthetic-seed
2071,24,RFQ_CLOSED,PR,393,,,2026-08-05T21:09:36.211764+00:00,,synthetic-seed
2072,15,NFA_APPROVED,PR,393,,,2026-08-16T15:09:36.211764+00:00,,synthetic-seed
2073,24,PO_CREATED,PO,331,,"{""po_number"": ""PO-3331""}",2026-08-17T15:09:36.211764+00:00,,synthetic-seed
2074,15,RR_CREATED,RR,464,,"{""rr_number"": ""RR-1464""}",2026-05-01T02:09:36.211764+00:00,,synthetic-seed
2075,2,DOA_APPROVED,RR,464,,,2026-05-05T02:09:36.211764+00:00,,synthetic-seed
2076,24,PR_CREATED,PR,394,,"{""pr_number"": ""PR-2394""}",2026-05-06T02:09:36.211764+00:00,,synthetic-seed
2077,24,RFQ_CLOSED,PR,394,,,2026-05-12T02:09:36.211764+00:00,,synthetic-seed
2078,3,NFA_APPROVED,PR,394,,,2026-06-12T02:09:36.211764+00:00,,synthetic-seed
2079,24,PO_CREATED,PO,332,,"{""po_number"": ""PO-3332""}",2026-06-13T02:09:36.211764+00:00,,synthetic-seed
2080,5,RR_CREATED,RR,465,,"{""rr_number"": ""RR-1465""}",2026-03-21T06:09:36.211764+00:00,,synthetic-seed
2081,2,DOA_APPROVED,RR,465,,,2026-03-23T06:09:36.211764+00:00,,synthetic-seed
2082,24,PR_CREATED,PR,395,,"{""pr_number"": ""PR-2395""}",2026-03-24T06:09:36.211764+00:00,,synthetic-seed
2083,24,RFQ_CLOSED,PR,395,,,2026-03-30T06:09:36.211764+00:00,,synthetic-seed
2084,15,NFA_APPROVED,PR,395,,,2026-04-08T21:09:36.211764+00:00,,synthetic-seed
2085,24,PO_CREATED,PO,333,,"{""po_number"": ""PO-3333""}",2026-04-09T21:09:36.211764+00:00,,synthetic-seed
2086,13,RR_CREATED,RR,466,,"{""rr_number"": ""RR-1466""}",2026-06-22T19:09:36.211764+00:00,,synthetic-seed
2087,2,DOA_APPROVED,RR,466,,,2026-06-23T19:09:36.211764+00:00,,synthetic-seed
2088,24,PR_CREATED,PR,396,,"{""pr_number"": ""PR-2396""}",2026-06-26T19:09:36.211764+00:00,,synthetic-seed
2089,15,NFA_APPROVED,PR,396,,,2026-06-30T19:09:36.211764+00:00,,synthetic-seed
2090,24,PO_CREATED,PO,334,,"{""po_number"": ""PO-3334""}",2026-07-01T19:09:36.211764+00:00,,synthetic-seed
2091,18,RR_CREATED,RR,467,,"{""rr_number"": ""RR-1467""}",2026-02-14T09:09:36.211764+00:00,,synthetic-seed
2092,2,DOA_APPROVED,RR,467,,,2026-02-16T09:09:36.211764+00:00,,synthetic-seed
2093,12,PR_CREATED,PR,397,,"{""pr_number"": ""PR-2397""}",2026-02-17T09:09:36.211764+00:00,,synthetic-seed
2094,15,NFA_APPROVED,PR,397,,,2026-02-20T09:09:36.211764+00:00,,synthetic-seed
2095,12,PO_CREATED,PO,335,,"{""po_number"": ""PO-3335""}",2026-02-21T09:09:36.211764+00:00,,synthetic-seed
2096,14,RR_CREATED,RR,468,,"{""rr_number"": ""RR-1468""}",2026-07-15T15:09:36.211764+00:00,,synthetic-seed
2097,2,DOA_APPROVED,RR,468,,,2026-07-19T15:09:36.211764+00:00,,synthetic-seed
2098,5,PR_CREATED,PR,398,,"{""pr_number"": ""PR-2398""}",2026-07-20T15:09:36.211764+00:00,,synthetic-seed
2099,5,RFQ_CLOSED,PR,398,,,2026-07-29T15:09:36.211764+00:00,,synthetic-seed
2100,20,RR_CREATED,RR,469,,"{""rr_number"": ""RR-1469""}",2026-07-30T09:09:36.211764+00:00,,synthetic-seed
2101,2,DOA_APPROVED,RR,469,,,2026-08-01T09:09:36.211764+00:00,,synthetic-seed
2102,13,PR_CREATED,PR,399,,"{""pr_number"": ""PR-2399""}",2026-08-04T09:09:36.211764+00:00,,synthetic-seed
2103,13,RFQ_CLOSED,PR,399,,,2026-08-11T09:09:36.211764+00:00,,synthetic-seed
2104,13,PO_CREATED,PO,336,,"{""po_number"": ""PO-3336""}",2026-08-17T01:09:36.211764+00:00,,synthetic-seed
2105,11,RR_CREATED,RR,470,,"{""rr_number"": ""RR-1470""}",2026-07-01T08:09:36.211764+00:00,,synthetic-seed
2106,15,APPROVAL_ESCALATED,RR,470,,,2026-07-03T08:09:36.211764+00:00,,synthetic-seed
2107,8,RR_CREATED,RR,471,,"{""rr_number"": ""RR-1471""}",2026-07-07T22:09:36.211764+00:00,,synthetic-seed
2108,2,DOA_APPROVED,RR,471,,,2026-07-08T22:09:36.211764+00:00,,synthetic-seed
2109,12,PR_CREATED,PR,400,,"{""pr_number"": ""PR-2400""}",2026-07-21T22:09:36.211764+00:00,,synthetic-seed
2110,12,RFQ_CLOSED,PR,400,,,2026-07-30T22:09:36.211764+00:00,,synthetic-seed
2111,12,PO_CREATED,PO,337,,"{""po_number"": ""PO-3337""}",2026-07-31T22:09:36.211764+00:00,,synthetic-seed
2112,7,RR_CREATED,RR,472,,"{""rr_number"": ""RR-1472""}",2026-03-02T07:09:36.211764+00:00,,synthetic-seed
2113,15,DOA_APPROVED,RR,472,,,2026-03-04T07:09:36.211764+00:00,,synthetic-seed
2114,12,PR_CREATED,PR,401,,"{""pr_number"": ""PR-2401""}",2026-03-07T07:09:36.211764+00:00,,synthetic-seed
2115,12,RFQ_CLOSED,PR,401,,,2026-03-17T07:09:36.211764+00:00,,synthetic-seed
2116,15,NFA_APPROVED,PR,401,,,2026-04-03T07:09:36.211764+00:00,,synthetic-seed
2117,12,PO_CREATED,PO,338,,"{""po_number"": ""PO-3338""}",2026-04-04T07:09:36.211764+00:00,,synthetic-seed
2118,9,RR_CREATED,RR,473,,"{""rr_number"": ""RR-1473""}",2026-01-13T23:09:36.211764+00:00,,synthetic-seed
2119,15,DOA_APPROVED,RR,473,,,2026-02-04T23:09:36.211764+00:00,,synthetic-seed
2120,5,PR_CREATED,PR,402,,"{""pr_number"": ""PR-2402""}",2026-02-07T23:09:36.211764+00:00,,synthetic-seed
2121,5,RFQ_CLOSED,PR,402,,,2026-02-16T23:09:36.211764+00:00,,synthetic-seed
2122,3,NFA_APPROVED,PR,402,,,2026-02-20T23:09:36.211764+00:00,,synthetic-seed
2123,5,PO_CREATED,PO,339,,"{""po_number"": ""PO-3339""}",2026-02-21T23:09:36.211764+00:00,,synthetic-seed
2124,5,RR_CREATED,RR,474,,"{""rr_number"": ""RR-1474""}",2026-03-30T17:09:36.211764+00:00,,synthetic-seed
2125,2,DOA_APPROVED,RR,474,,,2026-04-03T17:09:36.211764+00:00,,synthetic-seed
2126,12,PR_CREATED,PR,403,,"{""pr_number"": ""PR-2403""}",2026-04-04T17:09:36.211764+00:00,,synthetic-seed
2127,12,RFQ_CLOSED,PR,403,,,2026-04-10T17:09:36.211764+00:00,,synthetic-seed
2128,3,NFA_APPROVED,PR,403,,,2026-04-13T17:09:36.211764+00:00,,synthetic-seed
2129,12,PO_CREATED,PO,340,,"{""po_number"": ""PO-3340""}",2026-04-14T17:09:36.211764+00:00,,synthetic-seed
2130,17,RR_CREATED,RR,475,,"{""rr_number"": ""RR-1475""}",2026-05-13T11:09:36.211764+00:00,,synthetic-seed
2131,13,RR_CREATED,RR,476,,"{""rr_number"": ""RR-1476""}",2026-05-28T10:09:36.211764+00:00,,synthetic-seed
2132,3,DOA_APPROVED,RR,476,,,2026-06-01T10:09:36.211764+00:00,,synthetic-seed
2133,5,PR_CREATED,PR,404,,"{""pr_number"": ""PR-2404""}",2026-06-02T10:09:36.211764+00:00,,synthetic-seed
2134,5,RFQ_CLOSED,PR,404,,,2026-06-25T10:09:36.211764+00:00,,synthetic-seed
2135,3,NFA_APPROVED,PR,404,,,2026-06-30T10:09:36.211764+00:00,,synthetic-seed
2136,5,PO_CREATED,PO,341,,"{""po_number"": ""PO-3341""}",2026-07-01T10:09:36.211764+00:00,,synthetic-seed
2137,2,RR_CREATED,RR,477,,"{""rr_number"": ""RR-1477""}",2026-03-13T20:09:36.211764+00:00,,synthetic-seed
2138,2,DOA_APPROVED,RR,477,,,2026-03-14T20:09:36.211764+00:00,,synthetic-seed
2139,12,PR_CREATED,PR,405,,"{""pr_number"": ""PR-2405""}",2026-03-17T20:09:36.211764+00:00,,synthetic-seed
2140,12,RFQ_CLOSED,PR,405,,,2026-03-27T20:09:36.211764+00:00,,synthetic-seed
2141,3,NFA_APPROVED,PR,405,,,2026-04-04T20:09:36.211764+00:00,,synthetic-seed
2142,12,PO_CREATED,PO,342,,"{""po_number"": ""PO-3342""}",2026-04-05T20:09:36.211764+00:00,,synthetic-seed
2143,3,RR_CREATED,RR,478,,"{""rr_number"": ""RR-1478""}",2026-01-11T02:09:36.211764+00:00,,synthetic-seed
2144,2,DOA_APPROVED,RR,478,,,2026-02-04T02:09:36.211764+00:00,,synthetic-seed
2145,13,PR_CREATED,PR,406,,"{""pr_number"": ""PR-2406""}",2026-02-06T02:09:36.211764+00:00,,synthetic-seed
2146,13,RFQ_CLOSED,PR,406,,,2026-02-15T02:09:36.211764+00:00,,synthetic-seed
2147,3,NFA_APPROVED,PR,406,,,2026-02-27T02:09:36.211764+00:00,,synthetic-seed
2148,9,RR_CREATED,RR,479,,"{""rr_number"": ""RR-1479""}",2026-06-30T19:09:36.211764+00:00,,synthetic-seed
2149,15,APPROVAL_ESCALATED,RR,479,,,2026-07-02T19:09:36.211764+00:00,,synthetic-seed
2150,3,RR_CREATED,RR,480,,"{""rr_number"": ""RR-1480""}",2026-01-03T13:09:36.211764+00:00,,synthetic-seed
2151,15,DOA_APPROVED,RR,480,,,2026-01-15T13:09:36.211764+00:00,,synthetic-seed
2152,24,PR_CREATED,PR,407,,"{""pr_number"": ""PR-2407""}",2026-01-17T13:09:36.211764+00:00,,synthetic-seed
2153,15,NFA_APPROVED,PR,407,,,2026-01-20T13:09:36.211764+00:00,,synthetic-seed
2154,24,PO_CREATED,PO,343,,"{""po_number"": ""PO-3343""}",2026-01-21T13:09:36.211764+00:00,,synthetic-seed
2155,7,RR_CREATED,RR,481,,"{""rr_number"": ""RR-1481""}",2026-07-21T04:09:36.211764+00:00,,synthetic-seed
2156,2,DOA_APPROVED,RR,481,,,2026-07-23T04:09:36.211764+00:00,,synthetic-seed
2157,5,PR_CREATED,PR,408,,"{""pr_number"": ""PR-2408""}",2026-07-25T04:09:36.211764+00:00,,synthetic-seed
2158,5,RFQ_CLOSED,PR,408,,,2026-08-29T04:09:36.211764+00:00,,synthetic-seed
2159,15,NFA_APPROVED,PR,408,,,2026-09-04T04:09:36.211764+00:00,,synthetic-seed
2160,5,PO_CREATED,PO,344,,"{""po_number"": ""PO-3344""}",2026-09-05T04:09:36.211764+00:00,,synthetic-seed
2161,20,RR_CREATED,RR,482,,"{""rr_number"": ""RR-1482""}",2026-07-11T20:09:36.211764+00:00,,synthetic-seed
2162,3,DOA_APPROVED,RR,482,,,2026-07-14T20:09:36.211764+00:00,,synthetic-seed
2163,13,PR_CREATED,PR,409,,"{""pr_number"": ""PR-2409""}",2026-07-15T20:09:36.211764+00:00,,synthetic-seed
2164,13,PO_CREATED,PO,345,,"{""po_number"": ""PO-3345""}",2026-07-16T20:09:36.211764+00:00,,synthetic-seed
2165,24,RR_CREATED,RR,483,,"{""rr_number"": ""RR-1483""}",2026-06-17T10:09:36.211764+00:00,,synthetic-seed
2166,3,DOA_APPROVED,RR,483,,,2026-06-20T10:09:36.211764+00:00,,synthetic-seed
2167,24,PR_CREATED,PR,410,,"{""pr_number"": ""PR-2410""}",2026-07-15T10:09:36.211764+00:00,,synthetic-seed
2168,24,RFQ_CLOSED,PR,410,,,2026-07-24T10:09:36.211764+00:00,,synthetic-seed
2169,15,NFA_APPROVED,PR,410,,,2026-08-02T23:09:36.211764+00:00,,synthetic-seed
2170,24,PO_CREATED,PO,346,,"{""po_number"": ""PO-3346""}",2026-08-03T23:09:36.211764+00:00,,synthetic-seed
2171,4,RR_CREATED,RR,484,,"{""rr_number"": ""RR-1484""}",2026-07-31T05:09:36.211764+00:00,,synthetic-seed
2172,3,DOA_APPROVED,RR,484,,,2026-08-02T05:09:36.211764+00:00,,synthetic-seed
2173,13,PR_CREATED,PR,411,,"{""pr_number"": ""PR-2411""}",2026-08-05T05:09:36.211764+00:00,,synthetic-seed
2174,13,RFQ_CLOSED,PR,411,,,2026-08-16T05:09:36.211764+00:00,,synthetic-seed
2175,23,RR_CREATED,RR,485,,"{""rr_number"": ""RR-1485""}",2026-06-03T04:09:36.211764+00:00,,synthetic-seed
2176,8,RR_CREATED,RR,486,,"{""rr_number"": ""RR-1486""}",2026-02-09T16:09:36.211764+00:00,,synthetic-seed
2177,15,DOA_APPROVED,RR,486,,,2026-02-12T16:09:36.211764+00:00,,synthetic-seed
2178,5,PR_CREATED,PR,412,,"{""pr_number"": ""PR-2412""}",2026-02-15T16:09:36.211764+00:00,,synthetic-seed
2179,3,NFA_APPROVED,PR,412,,,2026-02-21T16:09:36.211764+00:00,,synthetic-seed
2180,5,PO_CREATED,PO,347,,"{""po_number"": ""PO-3347""}",2026-02-22T16:09:36.211764+00:00,,synthetic-seed
2181,8,RR_CREATED,RR,487,,"{""rr_number"": ""RR-1487""}",2026-04-04T17:09:36.211764+00:00,,synthetic-seed
2182,16,RR_CREATED,RR,488,,"{""rr_number"": ""RR-1488""}",2026-01-13T11:09:36.211764+00:00,,synthetic-seed
2183,3,DOA_APPROVED,RR,488,,,2026-01-16T11:09:36.211764+00:00,,synthetic-seed
2184,5,PR_CREATED,PR,413,,"{""pr_number"": ""PR-2413""}",2026-01-17T11:09:36.211764+00:00,,synthetic-seed
2185,5,RFQ_CLOSED,PR,413,,,2026-01-23T11:09:36.211764+00:00,,synthetic-seed
2186,3,NFA_APPROVED,PR,413,,,2026-01-26T11:09:36.211764+00:00,,synthetic-seed
2187,5,PO_CREATED,PO,348,,"{""po_number"": ""PO-3348""}",2026-01-27T11:09:36.211764+00:00,,synthetic-seed
2188,23,RR_CREATED,RR,489,,"{""rr_number"": ""RR-1489""}",2026-05-03T00:09:36.211764+00:00,,synthetic-seed
2189,2,DOA_APPROVED,RR,489,,,2026-06-04T00:09:36.211764+00:00,,synthetic-seed
2190,12,PR_CREATED,PR,414,,"{""pr_number"": ""PR-2414""}",2026-06-07T00:09:36.211764+00:00,,synthetic-seed
2191,12,RFQ_CLOSED,PR,414,,,2026-06-15T00:09:36.211764+00:00,,synthetic-seed
2192,3,NFA_APPROVED,PR,414,,,2026-06-25T02:09:36.211764+00:00,,synthetic-seed
2193,12,PO_CREATED,PO,349,,"{""po_number"": ""PO-3349""}",2026-06-26T02:09:36.211764+00:00,,synthetic-seed
2194,10,RR_CREATED,RR,490,,"{""rr_number"": ""RR-1490""}",2026-07-07T10:09:36.211764+00:00,,synthetic-seed
2195,2,DOA_APPROVED,RR,490,,,2026-07-09T10:09:36.211764+00:00,,synthetic-seed
2196,13,PR_CREATED,PR,415,,"{""pr_number"": ""PR-2415""}",2026-07-11T10:09:36.211764+00:00,,synthetic-seed
2197,13,RFQ_CLOSED,PR,415,,,2026-07-21T10:09:36.211764+00:00,,synthetic-seed
2198,3,NFA_APPROVED,PR,415,,,2026-07-26T10:09:36.211764+00:00,,synthetic-seed
2199,13,PO_CREATED,PO,350,,"{""po_number"": ""PO-3350""}",2026-07-27T10:09:36.211764+00:00,,synthetic-seed
2200,13,RR_CREATED,RR,491,,"{""rr_number"": ""RR-1491""}",2026-08-04T11:09:36.211764+00:00,,synthetic-seed
2201,2,DOA_APPROVED,RR,491,,,2026-08-05T11:09:36.211764+00:00,,synthetic-seed
2202,12,PR_CREATED,PR,416,,"{""pr_number"": ""PR-2416""}",2026-08-07T11:09:36.211764+00:00,,synthetic-seed
2203,12,RFQ_CLOSED,PR,416,,,2026-08-14T11:09:36.211764+00:00,,synthetic-seed
2204,15,NFA_APPROVED,PR,416,,,2026-08-25T13:09:36.211764+00:00,,synthetic-seed
2205,12,PO_CREATED,PO,351,,"{""po_number"": ""PO-3351""}",2026-08-26T13:09:36.211764+00:00,,synthetic-seed
2206,23,RR_CREATED,RR,492,,"{""rr_number"": ""RR-1492""}",2026-02-08T06:09:36.211764+00:00,,synthetic-seed
2207,2,DOA_APPROVED,RR,492,,,2026-02-10T06:09:36.211764+00:00,,synthetic-seed
2208,5,PR_CREATED,PR,417,,"{""pr_number"": ""PR-2417""}",2026-02-12T06:09:36.211764+00:00,,synthetic-seed
2209,5,RFQ_CLOSED,PR,417,,,2026-02-19T06:09:36.211764+00:00,,synthetic-seed
2210,5,PO_CREATED,PO,352,,"{""po_number"": ""PO-3352""}",2026-02-20T06:09:36.211764+00:00,,synthetic-seed
2211,23,RR_CREATED,RR,493,,"{""rr_number"": ""RR-1493""}",2026-04-02T09:09:36.211764+00:00,,synthetic-seed
2212,9,RR_CREATED,RR,494,,"{""rr_number"": ""RR-1494""}",2025-12-31T02:09:36.211764+00:00,,synthetic-seed
2213,2,DOA_APPROVED,RR,494,,,2026-01-01T02:09:36.211764+00:00,,synthetic-seed
2214,13,PR_CREATED,PR,418,,"{""pr_number"": ""PR-2418""}",2026-01-04T02:09:36.211764+00:00,,synthetic-seed
2215,15,NFA_APPROVED,PR,418,,,2026-01-10T02:09:36.211764+00:00,,synthetic-seed
2216,13,PO_CREATED,PO,353,,"{""po_number"": ""PO-3353""}",2026-01-11T02:09:36.211764+00:00,,synthetic-seed
2217,20,RR_CREATED,RR,495,,"{""rr_number"": ""RR-1495""}",2026-07-10T16:09:36.211764+00:00,,synthetic-seed
2218,2,DOA_APPROVED,RR,495,,,2026-07-13T16:09:36.211764+00:00,,synthetic-seed
2219,24,PR_CREATED,PR,419,,"{""pr_number"": ""PR-2419""}",2026-07-14T16:09:36.211764+00:00,,synthetic-seed
2220,24,RFQ_CLOSED,PR,419,,,2026-07-25T16:09:36.211764+00:00,,synthetic-seed
2221,15,NFA_APPROVED,PR,419,,,2026-07-29T16:09:36.211764+00:00,,synthetic-seed
2222,24,RR_CREATED,RR,496,,"{""rr_number"": ""RR-1496""}",2026-08-01T00:09:36.211764+00:00,,synthetic-seed
2223,3,DOA_APPROVED,RR,496,,,2026-08-02T00:09:36.211764+00:00,,synthetic-seed
2224,5,PR_CREATED,PR,420,,"{""pr_number"": ""PR-2420""}",2026-08-04T00:09:36.211764+00:00,,synthetic-seed
2225,5,RFQ_CLOSED,PR,420,,,2026-08-12T00:09:36.211764+00:00,,synthetic-seed
2226,14,RR_CREATED,RR,497,,"{""rr_number"": ""RR-1497""}",2026-01-10T11:09:36.211764+00:00,,synthetic-seed
2227,2,DOA_APPROVED,RR,497,,,2026-01-11T11:09:36.211764+00:00,,synthetic-seed
2228,12,PR_CREATED,PR,421,,"{""pr_number"": ""PR-2421""}",2026-01-12T11:09:36.211764+00:00,,synthetic-seed
2229,3,NFA_APPROVED,PR,421,,,2026-01-17T11:09:36.211764+00:00,,synthetic-seed
2230,12,PO_CREATED,PO,354,,"{""po_number"": ""PO-3354""}",2026-01-18T11:09:36.211764+00:00,,synthetic-seed
2231,6,RR_CREATED,RR,498,,"{""rr_number"": ""RR-1498""}",2026-07-11T14:09:36.211764+00:00,,synthetic-seed
2232,2,DOA_APPROVED,RR,498,,,2026-07-13T14:09:36.211764+00:00,,synthetic-seed
2233,12,PR_CREATED,PR,422,,"{""pr_number"": ""PR-2422""}",2026-07-15T14:09:36.211764+00:00,,synthetic-seed
2234,12,RFQ_CLOSED,PR,422,,,2026-07-26T14:09:36.211764+00:00,,synthetic-seed
2235,3,NFA_APPROVED,PR,422,,,2026-08-07T14:09:36.211764+00:00,,synthetic-seed
2236,12,PO_CREATED,PO,355,,"{""po_number"": ""PO-3355""}",2026-08-08T14:09:36.211764+00:00,,synthetic-seed
2237,18,RR_CREATED,RR,499,,"{""rr_number"": ""RR-1499""}",2026-08-08T08:09:36.211764+00:00,,synthetic-seed
2238,15,DOA_APPROVED,RR,499,,,2026-08-09T08:09:36.211764+00:00,,synthetic-seed
2239,5,PR_CREATED,PR,423,,"{""pr_number"": ""PR-2423""}",2026-08-10T08:09:36.211764+00:00,,synthetic-seed
2240,15,NFA_APPROVED,PR,423,,,2026-08-15T08:09:36.211764+00:00,,synthetic-seed
2241,5,PO_CREATED,PO,356,,"{""po_number"": ""PO-3356""}",2026-08-16T08:09:36.211764+00:00,,synthetic-seed
2242,5,RR_CREATED,RR,500,,"{""rr_number"": ""RR-1500""}",2026-04-09T21:09:36.211764+00:00,,synthetic-seed
2243,2,DOA_APPROVED,RR,500,,,2026-04-12T21:09:36.211764+00:00,,synthetic-seed
2244,13,PR_CREATED,PR,424,,"{""pr_number"": ""PR-2424""}",2026-04-15T21:09:36.211764+00:00,,synthetic-seed
2245,13,RFQ_CLOSED,PR,424,,,2026-04-24T21:09:36.211764+00:00,,synthetic-seed
2246,15,NFA_APPROVED,PR,424,,,2026-05-14T05:09:36.211764+00:00,,synthetic-seed
2247,13,PO_CREATED,PO,357,,"{""po_number"": ""PO-3357""}",2026-05-15T05:09:36.211764+00:00,,synthetic-seed
2248,1,RR_CREATED,RR,501,,"{""rr_number"": ""RR-1501""}",2026-02-13T13:09:36.211764+00:00,,synthetic-seed
2249,2,DOA_APPROVED,RR,501,,,2026-03-16T13:09:36.211764+00:00,,synthetic-seed
2250,13,PR_CREATED,PR,425,,"{""pr_number"": ""PR-2425""}",2026-03-18T13:09:36.211764+00:00,,synthetic-seed
2251,13,RFQ_CLOSED,PR,425,,,2026-03-28T13:09:36.211764+00:00,,synthetic-seed
2252,3,NFA_APPROVED,PR,425,,,2026-04-09T03:09:36.211764+00:00,,synthetic-seed
2253,13,PO_CREATED,PO,358,,"{""po_number"": ""PO-3358""}",2026-04-10T03:09:36.211764+00:00,,synthetic-seed
2254,6,RR_CREATED,RR,502,,"{""rr_number"": ""RR-1502""}",2026-02-28T00:09:36.211764+00:00,,synthetic-seed
2255,2,DOA_APPROVED,RR,502,,,2026-03-01T00:09:36.211764+00:00,,synthetic-seed
2256,5,PR_CREATED,PR,426,,"{""pr_number"": ""PR-2426""}",2026-03-02T00:09:36.211764+00:00,,synthetic-seed
2257,5,RFQ_CLOSED,PR,426,,,2026-03-09T00:09:36.211764+00:00,,synthetic-seed
2258,15,NFA_APPROVED,PR,426,,,2026-03-14T00:09:36.211764+00:00,,synthetic-seed
2259,5,PO_CREATED,PO,359,,"{""po_number"": ""PO-3359""}",2026-03-15T00:09:36.211764+00:00,,synthetic-seed
2260,1,RR_CREATED,RR,503,,"{""rr_number"": ""RR-1503""}",2026-01-06T14:09:36.211764+00:00,,synthetic-seed
2261,15,DOA_APPROVED,RR,503,,,2026-01-10T14:09:36.211764+00:00,,synthetic-seed
2262,5,PR_CREATED,PR,427,,"{""pr_number"": ""PR-2427""}",2026-01-11T14:09:36.211764+00:00,,synthetic-seed
2263,5,RFQ_CLOSED,PR,427,,,2026-01-21T14:09:36.211764+00:00,,synthetic-seed
2264,3,NFA_APPROVED,PR,427,,,2026-02-26T10:09:36.211764+00:00,,synthetic-seed
2265,5,PO_CREATED,PO,360,,"{""po_number"": ""PO-3360""}",2026-02-27T10:09:36.211764+00:00,,synthetic-seed
2266,4,RR_CREATED,RR,504,,"{""rr_number"": ""RR-1504""}",2026-03-09T10:09:36.211764+00:00,,synthetic-seed
2267,15,DOA_APPROVED,RR,504,,,2026-03-11T10:09:36.211764+00:00,,synthetic-seed
2268,13,PR_CREATED,PR,428,,"{""pr_number"": ""PR-2428""}",2026-03-14T10:09:36.211764+00:00,,synthetic-seed
2269,13,RFQ_CLOSED,PR,428,,,2026-03-24T10:09:36.211764+00:00,,synthetic-seed
2270,13,PO_CREATED,PO,361,,"{""po_number"": ""PO-3361""}",2026-03-25T10:09:36.211764+00:00,,synthetic-seed
2271,15,RR_CREATED,RR,505,,"{""rr_number"": ""RR-1505""}",2026-03-15T11:09:36.211764+00:00,,synthetic-seed
2272,3,DOA_APPROVED,RR,505,,,2026-03-17T11:09:36.211764+00:00,,synthetic-seed
2273,12,PR_CREATED,PR,429,,"{""pr_number"": ""PR-2429""}",2026-03-18T11:09:36.211764+00:00,,synthetic-seed
2274,12,RFQ_CLOSED,PR,429,,,2026-03-28T11:09:36.211764+00:00,,synthetic-seed
2275,3,NFA_APPROVED,PR,429,,,2026-04-09T10:09:36.211764+00:00,,synthetic-seed
2276,12,PO_CREATED,PO,362,,"{""po_number"": ""PO-3362""}",2026-04-10T10:09:36.211764+00:00,,synthetic-seed
2277,2,RR_CREATED,RR,506,,"{""rr_number"": ""RR-1506""}",2026-08-14T01:09:36.211764+00:00,,synthetic-seed
2278,3,DOA_APPROVED,RR,506,,,2026-08-18T01:09:36.211764+00:00,,synthetic-seed
2279,24,PR_CREATED,PR,430,,"{""pr_number"": ""PR-2430""}",2026-08-20T01:09:36.211764+00:00,,synthetic-seed
2280,15,NFA_APPROVED,PR,430,,,2026-08-26T01:09:36.211764+00:00,,synthetic-seed
2281,24,PO_CREATED,PO,363,,"{""po_number"": ""PO-3363""}",2026-08-27T01:09:36.211764+00:00,,synthetic-seed
2282,4,RR_CREATED,RR,507,,"{""rr_number"": ""RR-1507""}",2026-01-17T20:09:36.211764+00:00,,synthetic-seed
2283,2,DOA_APPROVED,RR,507,,,2026-01-18T20:09:36.211764+00:00,,synthetic-seed
2284,24,PR_CREATED,PR,431,,"{""pr_number"": ""PR-2431""}",2026-01-20T20:09:36.211764+00:00,,synthetic-seed
2285,24,PO_CREATED,PO,364,,"{""po_number"": ""PO-3364""}",2026-01-21T20:09:36.211764+00:00,,synthetic-seed
2286,19,RR_CREATED,RR,508,,"{""rr_number"": ""RR-1508""}",2026-05-27T10:09:36.211764+00:00,,synthetic-seed
2287,9,RR_CREATED,RR,509,,"{""rr_number"": ""RR-1509""}",2026-06-27T17:09:36.211764+00:00,,synthetic-seed
2288,2,DOA_APPROVED,RR,509,,,2026-07-01T17:09:36.211764+00:00,,synthetic-seed
2289,12,PR_CREATED,PR,432,,"{""pr_number"": ""PR-2432""}",2026-07-03T17:09:36.211764+00:00,,synthetic-seed
2290,12,RFQ_CLOSED,PR,432,,,2026-07-12T17:09:36.211764+00:00,,synthetic-seed
2291,3,NFA_APPROVED,PR,432,,,2026-07-16T17:09:36.211764+00:00,,synthetic-seed
2292,12,PO_CREATED,PO,365,,"{""po_number"": ""PO-3365""}",2026-07-17T17:09:36.211764+00:00,,synthetic-seed
2293,10,RR_CREATED,RR,510,,"{""rr_number"": ""RR-1510""}",2026-05-31T18:09:36.211764+00:00,,synthetic-seed
2294,2,DOA_APPROVED,RR,510,,,2026-06-01T18:09:36.211764+00:00,,synthetic-seed
2295,13,PR_CREATED,PR,433,,"{""pr_number"": ""PR-2433""}",2026-06-02T18:09:36.211764+00:00,,synthetic-seed
2296,15,NFA_APPROVED,PR,433,,,2026-06-06T18:09:36.211764+00:00,,synthetic-seed
2297,13,PO_CREATED,PO,366,,"{""po_number"": ""PO-3366""}",2026-06-07T18:09:36.211764+00:00,,synthetic-seed
2298,2,RR_CREATED,RR,511,,"{""rr_number"": ""RR-1511""}",2026-01-20T01:09:36.211764+00:00,,synthetic-seed
2299,3,DOA_APPROVED,RR,511,,,2026-01-22T01:09:36.211764+00:00,,synthetic-seed
2300,24,PR_CREATED,PR,434,,"{""pr_number"": ""PR-2434""}",2026-01-23T01:09:36.211764+00:00,,synthetic-seed
2301,3,NFA_APPROVED,PR,434,,,2026-01-28T01:09:36.211764+00:00,,synthetic-seed
2302,24,PO_CREATED,PO,367,,"{""po_number"": ""PO-3367""}",2026-01-29T01:09:36.211764+00:00,,synthetic-seed
2303,8,RR_CREATED,RR,512,,"{""rr_number"": ""RR-1512""}",2026-04-30T07:09:36.211764+00:00,,synthetic-seed
2304,15,DOA_APPROVED,RR,512,,,2026-05-12T07:09:36.211764+00:00,,synthetic-seed
2305,5,PR_CREATED,PR,435,,"{""pr_number"": ""PR-2435""}",2026-05-14T07:09:36.211764+00:00,,synthetic-seed
2306,3,NFA_APPROVED,PR,435,,,2026-05-17T07:09:36.211764+00:00,,synthetic-seed
2307,5,PO_CREATED,PO,368,,"{""po_number"": ""PO-3368""}",2026-05-18T07:09:36.211764+00:00,,synthetic-seed
2308,5,RR_CREATED,RR,513,,"{""rr_number"": ""RR-1513""}",2026-04-23T14:09:36.211764+00:00,,synthetic-seed
2309,15,DOA_APPROVED,RR,513,,,2026-04-24T14:09:36.211764+00:00,,synthetic-seed
2310,5,PR_CREATED,PR,436,,"{""pr_number"": ""PR-2436""}",2026-04-27T14:09:36.211764+00:00,,synthetic-seed
2311,6,RR_CREATED,RR,514,,"{""rr_number"": ""RR-1514""}",2025-12-18T05:09:36.211764+00:00,,synthetic-seed
2312,2,DOA_APPROVED,RR,514,,,2025-12-21T05:09:36.211764+00:00,,synthetic-seed
2313,13,PR_CREATED,PR,437,,"{""pr_number"": ""PR-2437""}",2025-12-23T05:09:36.211764+00:00,,synthetic-seed
2314,15,NFA_APPROVED,PR,437,,,2025-12-27T05:09:36.211764+00:00,,synthetic-seed
2315,13,PO_CREATED,PO,369,,"{""po_number"": ""PO-3369""}",2025-12-28T05:09:36.211764+00:00,,synthetic-seed
2316,11,RR_CREATED,RR,515,,"{""rr_number"": ""RR-1515""}",2026-07-04T10:09:36.211764+00:00,,synthetic-seed
2317,15,DOA_APPROVED,RR,515,,,2026-07-07T10:09:36.211764+00:00,,synthetic-seed
2318,5,PR_CREATED,PR,438,,"{""pr_number"": ""PR-2438""}",2026-07-10T10:09:36.211764+00:00,,synthetic-seed
2319,5,RFQ_CLOSED,PR,438,,,2026-07-17T10:09:36.211764+00:00,,synthetic-seed
2320,15,NFA_APPROVED,PR,438,,,2026-07-29T10:09:36.211764+00:00,,synthetic-seed
2321,5,PO_CREATED,PO,370,,"{""po_number"": ""PO-3370""}",2026-07-30T10:09:36.211764+00:00,,synthetic-seed
2322,20,RR_CREATED,RR,516,,"{""rr_number"": ""RR-1516""}",2026-08-15T19:09:36.211764+00:00,,synthetic-seed
2323,2,DOA_APPROVED,RR,516,,,2026-08-16T19:09:36.211764+00:00,,synthetic-seed
2324,5,PR_CREATED,PR,439,,"{""pr_number"": ""PR-2439""}",2026-08-19T19:09:36.211764+00:00,,synthetic-seed
2325,5,RFQ_CLOSED,PR,439,,,2026-08-30T19:09:36.211764+00:00,,synthetic-seed
2326,5,PO_CREATED,PO,371,,"{""po_number"": ""PO-3371""}",2026-08-31T19:09:36.211764+00:00,,synthetic-seed
2327,16,RR_CREATED,RR,517,,"{""rr_number"": ""RR-1517""}",2025-12-07T20:09:36.211764+00:00,,synthetic-seed
2328,3,DOA_APPROVED,RR,517,,,2025-12-09T20:09:36.211764+00:00,,synthetic-seed
2329,13,PR_CREATED,PR,440,,"{""pr_number"": ""PR-2440""}",2025-12-12T20:09:36.211764+00:00,,synthetic-seed
2330,13,PO_CREATED,PO,372,,"{""po_number"": ""PO-3372""}",2025-12-13T20:09:36.211764+00:00,,synthetic-seed
2331,20,RR_CREATED,RR,518,,"{""rr_number"": ""RR-1518""}",2026-02-16T01:09:36.211764+00:00,,synthetic-seed
2332,2,DOA_APPROVED,RR,518,,,2026-02-18T01:09:36.211764+00:00,,synthetic-seed
2333,5,PR_CREATED,PR,441,,"{""pr_number"": ""PR-2441""}",2026-03-05T01:09:36.211764+00:00,,synthetic-seed
2334,5,RFQ_CLOSED,PR,441,,,2026-03-16T01:09:36.211764+00:00,,synthetic-seed
2335,15,NFA_APPROVED,PR,441,,,2026-03-27T01:09:36.211764+00:00,,synthetic-seed
2336,5,PO_CREATED,PO,373,,"{""po_number"": ""PO-3373""}",2026-03-28T01:09:36.211764+00:00,,synthetic-seed
2337,23,RR_CREATED,RR,519,,"{""rr_number"": ""RR-1519""}",2026-05-25T18:09:36.211764+00:00,,synthetic-seed
2338,2,DOA_APPROVED,RR,519,,,2026-05-26T18:09:36.211764+00:00,,synthetic-seed
2339,13,PR_CREATED,PR,442,,"{""pr_number"": ""PR-2442""}",2026-06-13T18:09:36.211764+00:00,,synthetic-seed
2340,13,RFQ_CLOSED,PR,442,,,2026-06-21T18:09:36.211764+00:00,,synthetic-seed
2341,3,NFA_APPROVED,PR,442,,,2026-06-25T18:09:36.211764+00:00,,synthetic-seed
2342,13,PO_CREATED,PO,374,,"{""po_number"": ""PO-3374""}",2026-06-26T18:09:36.211764+00:00,,synthetic-seed
2343,8,RR_CREATED,RR,520,,"{""rr_number"": ""RR-1520""}",2026-02-05T22:09:36.211764+00:00,,synthetic-seed
2344,2,DOA_REJECTED,RR,520,,,2026-02-07T22:09:36.211764+00:00,,synthetic-seed
2345,11,RR_CREATED,RR,521,,"{""rr_number"": ""RR-1521""}",2026-07-18T06:09:36.211764+00:00,,synthetic-seed
2346,2,DOA_APPROVED,RR,521,,,2026-07-19T06:09:36.211764+00:00,,synthetic-seed
2347,5,PR_CREATED,PR,443,,"{""pr_number"": ""PR-2443""}",2026-07-20T06:09:36.211764+00:00,,synthetic-seed
2348,5,RFQ_CLOSED,PR,443,,,2026-07-31T06:09:36.211764+00:00,,synthetic-seed
2349,3,NFA_APPROVED,PR,443,,,2026-08-19T06:09:36.211764+00:00,,synthetic-seed
2350,5,PO_CREATED,PO,375,,"{""po_number"": ""PO-3375""}",2026-08-20T06:09:36.211764+00:00,,synthetic-seed
2351,22,RR_CREATED,RR,522,,"{""rr_number"": ""RR-1522""}",2026-01-28T14:09:36.211764+00:00,,synthetic-seed
2352,2,DOA_APPROVED,RR,522,,,2026-01-31T14:09:36.211764+00:00,,synthetic-seed
2353,13,PR_CREATED,PR,444,,"{""pr_number"": ""PR-2444""}",2026-02-03T14:09:36.211764+00:00,,synthetic-seed
2354,15,NFA_APPROVED,PR,444,,,2026-02-07T14:09:36.211764+00:00,,synthetic-seed
2355,13,PO_CREATED,PO,376,,"{""po_number"": ""PO-3376""}",2026-02-08T14:09:36.211764+00:00,,synthetic-seed
2356,4,RR_CREATED,RR,523,,"{""rr_number"": ""RR-1523""}",2026-07-13T20:09:36.211764+00:00,,synthetic-seed
2357,2,DOA_APPROVED,RR,523,,,2026-07-14T20:09:36.211764+00:00,,synthetic-seed
2358,24,PR_CREATED,PR,445,,"{""pr_number"": ""PR-2445""}",2026-07-15T20:09:36.211764+00:00,,synthetic-seed
2359,24,RFQ_CLOSED,PR,445,,,2026-07-26T20:09:36.211764+00:00,,synthetic-seed
2360,24,PO_CREATED,PO,377,,"{""po_number"": ""PO-3377""}",2026-08-13T11:09:36.211764+00:00,,synthetic-seed
2361,5,RR_CREATED,RR,524,,"{""rr_number"": ""RR-1524""}",2026-06-23T00:09:36.211764+00:00,,synthetic-seed
2362,9,RR_CREATED,RR,525,,"{""rr_number"": ""RR-1525""}",2026-03-15T12:09:36.211764+00:00,,synthetic-seed
2363,3,DOA_APPROVED,RR,525,,,2026-03-17T12:09:36.211764+00:00,,synthetic-seed
2364,13,PR_CREATED,PR,446,,"{""pr_number"": ""PR-2446""}",2026-03-18T12:09:36.211764+00:00,,synthetic-seed
2365,13,RFQ_CLOSED,PR,446,,,2026-03-28T12:09:36.211764+00:00,,synthetic-seed
2366,13,PO_CREATED,PO,378,,"{""po_number"": ""PO-3378""}",2026-04-04T04:09:36.211764+00:00,,synthetic-seed
2367,4,RR_CREATED,RR,526,,"{""rr_number"": ""RR-1526""}",2026-08-02T06:09:36.211764+00:00,,synthetic-seed
2368,2,DOA_APPROVED,RR,526,,,2026-08-04T06:09:36.211764+00:00,,synthetic-seed
2369,12,PR_CREATED,PR,447,,"{""pr_number"": ""PR-2447""}",2026-08-06T06:09:36.211764+00:00,,synthetic-seed
2370,12,RFQ_CLOSED,PR,447,,,2026-08-15T06:09:36.211764+00:00,,synthetic-seed
2371,12,PO_CREATED,PO,379,,"{""po_number"": ""PO-3379""}",2026-08-16T06:09:36.211764+00:00,,synthetic-seed
2372,16,RR_CREATED,RR,527,,"{""rr_number"": ""RR-1527""}",2026-06-27T10:09:36.211764+00:00,,synthetic-seed
2373,15,DOA_APPROVED,RR,527,,,2026-06-29T10:09:36.211764+00:00,,synthetic-seed
2374,24,PR_CREATED,PR,448,,"{""pr_number"": ""PR-2448""}",2026-07-01T10:09:36.211764+00:00,,synthetic-seed
2375,24,RFQ_CLOSED,PR,448,,,2026-07-10T10:09:36.211764+00:00,,synthetic-seed
2376,15,NFA_APPROVED,PR,448,,,2026-08-10T08:09:36.211764+00:00,,synthetic-seed
2377,24,PO_CREATED,PO,380,,"{""po_number"": ""PO-3380""}",2026-08-11T08:09:36.211764+00:00,,synthetic-seed
2378,13,RR_CREATED,RR,528,,"{""rr_number"": ""RR-1528""}",2026-02-15T19:09:36.211764+00:00,,synthetic-seed
2379,15,DOA_APPROVED,RR,528,,,2026-03-19T19:09:36.211764+00:00,,synthetic-seed
2380,13,PR_CREATED,PR,449,,"{""pr_number"": ""PR-2449""}",2026-03-20T19:09:36.211764+00:00,,synthetic-seed
2381,13,RFQ_CLOSED,PR,449,,,2026-03-27T19:09:36.211764+00:00,,synthetic-seed
2382,3,NFA_APPROVED,PR,449,,,2026-03-31T19:09:36.211764+00:00,,synthetic-seed
2383,13,PO_CREATED,PO,381,,"{""po_number"": ""PO-3381""}",2026-04-01T19:09:36.211764+00:00,,synthetic-seed
2384,7,RR_CREATED,RR,529,,"{""rr_number"": ""RR-1529""}",2026-07-15T15:09:36.211764+00:00,,synthetic-seed
2385,3,DOA_APPROVED,RR,529,,,2026-07-19T15:09:36.211764+00:00,,synthetic-seed
2386,24,PR_CREATED,PR,450,,"{""pr_number"": ""PR-2450""}",2026-07-21T15:09:36.211764+00:00,,synthetic-seed
2387,3,NFA_APPROVED,PR,450,,,2026-07-25T15:09:36.211764+00:00,,synthetic-seed
2388,24,PO_CREATED,PO,382,,"{""po_number"": ""PO-3382""}",2026-07-26T15:09:36.211764+00:00,,synthetic-seed
2389,13,RR_CREATED,RR,530,,"{""rr_number"": ""RR-1530""}",2026-06-10T08:09:36.211764+00:00,,synthetic-seed
2390,2,DOA_APPROVED,RR,530,,,2026-06-14T08:09:36.211764+00:00,,synthetic-seed
2391,13,PR_CREATED,PR,451,,"{""pr_number"": ""PR-2451""}",2026-06-16T08:09:36.211764+00:00,,synthetic-seed
2392,2,RR_CREATED,RR,531,,"{""rr_number"": ""RR-1531""}",2026-01-04T20:09:36.211764+00:00,,synthetic-seed
2393,15,DOA_APPROVED,RR,531,,,2026-01-07T20:09:36.211764+00:00,,synthetic-seed
2394,24,PR_CREATED,PR,452,,"{""pr_number"": ""PR-2452""}",2026-01-09T20:09:36.211764+00:00,,synthetic-seed
2395,15,NFA_APPROVED,PR,452,,,2026-01-12T20:09:36.211764+00:00,,synthetic-seed
2396,24,PO_CREATED,PO,383,,"{""po_number"": ""PO-3383""}",2026-01-13T20:09:36.211764+00:00,,synthetic-seed
2397,23,RR_CREATED,RR,532,,"{""rr_number"": ""RR-1532""}",2026-07-14T05:09:36.211764+00:00,,synthetic-seed
2398,2,DOA_APPROVED,RR,532,,,2026-07-18T05:09:36.211764+00:00,,synthetic-seed
2399,12,PR_CREATED,PR,453,,"{""pr_number"": ""PR-2453""}",2026-07-19T05:09:36.211764+00:00,,synthetic-seed
2400,12,PO_CREATED,PO,384,,"{""po_number"": ""PO-3384""}",2026-07-20T05:09:36.211764+00:00,,synthetic-seed
2401,19,RR_CREATED,RR,533,,"{""rr_number"": ""RR-1533""}",2026-07-05T08:09:36.211764+00:00,,synthetic-seed
2402,2,DOA_APPROVED,RR,533,,,2026-07-09T08:09:36.211764+00:00,,synthetic-seed
2403,24,PR_CREATED,PR,454,,"{""pr_number"": ""PR-2454""}",2026-07-11T08:09:36.211764+00:00,,synthetic-seed
2404,24,RFQ_CLOSED,PR,454,,,2026-07-19T08:09:36.211764+00:00,,synthetic-seed
2405,15,NFA_REJECTED,PR,454,,,2026-07-25T08:09:36.211764+00:00,,synthetic-seed
2406,14,RR_CREATED,RR,534,,"{""rr_number"": ""RR-1534""}",2026-07-24T05:09:36.211764+00:00,,synthetic-seed
2407,3,DOA_APPROVED,RR,534,,,2026-07-26T05:09:36.211764+00:00,,synthetic-seed
2408,13,PR_CREATED,PR,455,,"{""pr_number"": ""PR-2455""}",2026-07-28T05:09:36.211764+00:00,,synthetic-seed
2409,13,RFQ_CLOSED,PR,455,,,2026-08-03T05:09:36.211764+00:00,,synthetic-seed
2410,13,PO_CREATED,PO,385,,"{""po_number"": ""PO-3385""}",2026-08-04T05:09:36.211764+00:00,,synthetic-seed
2411,6,RR_CREATED,RR,535,,"{""rr_number"": ""RR-1535""}",2026-01-10T08:09:36.211764+00:00,,synthetic-seed
2412,2,DOA_APPROVED,RR,535,,,2026-01-12T08:09:36.211764+00:00,,synthetic-seed
2413,5,PR_CREATED,PR,456,,"{""pr_number"": ""PR-2456""}",2026-01-13T08:09:36.211764+00:00,,synthetic-seed
2414,5,RFQ_CLOSED,PR,456,,,2026-02-18T08:09:36.211764+00:00,,synthetic-seed
2415,5,PO_CREATED,PO,386,,"{""po_number"": ""PO-3386""}",2026-02-26T16:09:36.211764+00:00,,synthetic-seed
2416,6,RR_CREATED,RR,536,,"{""rr_number"": ""RR-1536""}",2026-01-21T20:09:36.211764+00:00,,synthetic-seed
2417,15,DOA_APPROVED,RR,536,,,2026-01-24T20:09:36.211764+00:00,,synthetic-seed
2418,13,PR_CREATED,PR,457,,"{""pr_number"": ""PR-2457""}",2026-01-26T20:09:36.211764+00:00,,synthetic-seed
2419,13,RFQ_CLOSED,PR,457,,,2026-02-06T20:09:36.211764+00:00,,synthetic-seed
2420,3,NFA_APPROVED,PR,457,,,2026-02-18T09:09:36.211764+00:00,,synthetic-seed
2421,13,PO_CREATED,PO,387,,"{""po_number"": ""PO-3387""}",2026-02-19T09:09:36.211764+00:00,,synthetic-seed
2422,19,RR_CREATED,RR,537,,"{""rr_number"": ""RR-1537""}",2026-06-12T15:09:36.211764+00:00,,synthetic-seed
2423,2,DOA_APPROVED,RR,537,,,2026-07-14T15:09:36.211764+00:00,,synthetic-seed
2424,5,PR_CREATED,PR,458,,"{""pr_number"": ""PR-2458""}",2026-07-16T15:09:36.211764+00:00,,synthetic-seed
2425,5,RFQ_CLOSED,PR,458,,,2026-07-26T15:09:36.211764+00:00,,synthetic-seed
2426,3,NFA_APPROVED,PR,458,,,2026-07-31T15:09:36.211764+00:00,,synthetic-seed
2427,5,PO_CREATED,PO,388,,"{""po_number"": ""PO-3388""}",2026-08-01T15:09:36.211764+00:00,,synthetic-seed
2428,23,RR_CREATED,RR,538,,"{""rr_number"": ""RR-1538""}",2026-08-03T00:09:36.211764+00:00,,synthetic-seed
2429,2,DOA_APPROVED,RR,538,,,2026-08-06T00:09:36.211764+00:00,,synthetic-seed
2430,12,PR_CREATED,PR,459,,"{""pr_number"": ""PR-2459""}",2026-08-09T00:09:36.211764+00:00,,synthetic-seed
2431,12,RFQ_CLOSED,PR,459,,,2026-08-16T00:09:36.211764+00:00,,synthetic-seed
2432,15,RR_CREATED,RR,539,,"{""rr_number"": ""RR-1539""}",2026-07-29T12:09:36.211764+00:00,,synthetic-seed
2433,15,DOA_APPROVED,RR,539,,,2026-08-01T12:09:36.211764+00:00,,synthetic-seed
2434,24,PR_CREATED,PR,460,,"{""pr_number"": ""PR-2460""}",2026-08-04T12:09:36.211764+00:00,,synthetic-seed
2435,23,RR_CREATED,RR,540,,"{""rr_number"": ""RR-1540""}",2026-01-20T15:09:36.211764+00:00,,synthetic-seed
2436,15,DOA_APPROVED,RR,540,,,2026-01-23T15:09:36.211764+00:00,,synthetic-seed
2437,5,PR_CREATED,PR,461,,"{""pr_number"": ""PR-2461""}",2026-01-24T15:09:36.211764+00:00,,synthetic-seed
2438,5,RFQ_CLOSED,PR,461,,,2026-01-30T15:09:36.211764+00:00,,synthetic-seed
2439,5,PO_CREATED,PO,389,,"{""po_number"": ""PO-3389""}",2026-02-06T15:09:36.211764+00:00,,synthetic-seed
2440,6,RR_CREATED,RR,541,,"{""rr_number"": ""RR-1541""}",2026-06-27T18:09:36.211764+00:00,,synthetic-seed
2441,2,DOA_APPROVED,RR,541,,,2026-06-29T18:09:36.211764+00:00,,synthetic-seed
2442,12,PR_CREATED,PR,462,,"{""pr_number"": ""PR-2462""}",2026-07-02T18:09:36.211764+00:00,,synthetic-seed
2443,12,RFQ_CLOSED,PR,462,,,2026-07-08T18:09:36.211764+00:00,,synthetic-seed
2444,15,NFA_APPROVED,PR,462,,,2026-07-18T20:09:36.211764+00:00,,synthetic-seed
2445,12,PO_CREATED,PO,390,,"{""po_number"": ""PO-3390""}",2026-07-19T20:09:36.211764+00:00,,synthetic-seed
2446,21,RR_CREATED,RR,542,,"{""rr_number"": ""RR-1542""}",2026-02-06T12:09:36.211764+00:00,,synthetic-seed
2447,2,DOA_APPROVED,RR,542,,,2026-02-07T12:09:36.211764+00:00,,synthetic-seed
2448,13,PR_CREATED,PR,463,,"{""pr_number"": ""PR-2463""}",2026-02-10T12:09:36.211764+00:00,,synthetic-seed
2449,13,RFQ_CLOSED,PR,463,,,2026-03-25T12:09:36.211764+00:00,,synthetic-seed
2450,15,NFA_APPROVED,PR,463,,,2026-04-08T06:09:36.211764+00:00,,synthetic-seed
2451,13,PO_CREATED,PO,391,,"{""po_number"": ""PO-3391""}",2026-04-09T06:09:36.211764+00:00,,synthetic-seed
2452,9,RR_CREATED,RR,543,,"{""rr_number"": ""RR-1543""}",2026-04-26T02:09:36.211764+00:00,,synthetic-seed
2453,15,DOA_APPROVED,RR,543,,,2026-04-27T02:09:36.211764+00:00,,synthetic-seed
2454,24,PR_CREATED,PR,464,,"{""pr_number"": ""PR-2464""}",2026-04-29T02:09:36.211764+00:00,,synthetic-seed
2455,24,RFQ_CLOSED,PR,464,,,2026-05-10T02:09:36.211764+00:00,,synthetic-seed
2456,3,NFA_APPROVED,PR,464,,,2026-06-01T02:09:36.211764+00:00,,synthetic-seed
2457,24,PO_CREATED,PO,392,,"{""po_number"": ""PO-3392""}",2026-06-02T02:09:36.211764+00:00,,synthetic-seed
2458,6,RR_CREATED,RR,544,,"{""rr_number"": ""RR-1544""}",2026-07-13T00:09:36.211764+00:00,,synthetic-seed
2459,3,DOA_APPROVED,RR,544,,,2026-07-15T00:09:36.211764+00:00,,synthetic-seed
2460,5,PR_CREATED,PR,465,,"{""pr_number"": ""PR-2465""}",2026-07-18T00:09:36.211764+00:00,,synthetic-seed
2461,5,RFQ_CLOSED,PR,465,,,2026-07-24T00:09:36.211764+00:00,,synthetic-seed
2462,5,PO_CREATED,PO,393,,"{""po_number"": ""PO-3393""}",2026-08-02T00:09:36.211764+00:00,,synthetic-seed
2463,6,RR_CREATED,RR,545,,"{""rr_number"": ""RR-1545""}",2026-03-25T19:09:36.211764+00:00,,synthetic-seed
2464,3,DOA_APPROVED,RR,545,,,2026-03-27T19:09:36.211764+00:00,,synthetic-seed
2465,13,PR_CREATED,PR,466,,"{""pr_number"": ""PR-2466""}",2026-03-28T19:09:36.211764+00:00,,synthetic-seed
2466,13,RFQ_CLOSED,PR,466,,,2026-04-06T19:09:36.211764+00:00,,synthetic-seed
2467,13,PO_CREATED,PO,394,,"{""po_number"": ""PO-3394""}",2026-04-16T14:09:36.211764+00:00,,synthetic-seed
2468,20,RR_CREATED,RR,546,,"{""rr_number"": ""RR-1546""}",2026-08-01T18:09:36.211764+00:00,,synthetic-seed
2469,2,DOA_APPROVED,RR,546,,,2026-08-03T18:09:36.211764+00:00,,synthetic-seed
2470,24,PR_CREATED,PR,467,,"{""pr_number"": ""PR-2467""}",2026-08-06T18:09:36.211764+00:00,,synthetic-seed
2471,24,PO_CREATED,PO,395,,"{""po_number"": ""PO-3395""}",2026-08-07T18:09:36.211764+00:00,,synthetic-seed
2472,16,RR_CREATED,RR,547,,"{""rr_number"": ""RR-1547""}",2025-12-01T06:09:36.211764+00:00,,synthetic-seed
2473,2,DOA_APPROVED,RR,547,,,2025-12-02T06:09:36.211764+00:00,,synthetic-seed
2474,12,PR_CREATED,PR,468,,"{""pr_number"": ""PR-2468""}",2025-12-05T06:09:36.211764+00:00,,synthetic-seed
2475,15,NFA_APPROVED,PR,468,,,2025-12-09T06:09:36.211764+00:00,,synthetic-seed
2476,12,PO_CREATED,PO,396,,"{""po_number"": ""PO-3396""}",2025-12-10T06:09:36.211764+00:00,,synthetic-seed
2477,13,RR_CREATED,RR,548,,"{""rr_number"": ""RR-1548""}",2026-03-15T12:09:36.211764+00:00,,synthetic-seed
2478,2,DOA_APPROVED,RR,548,,,2026-03-19T12:09:36.211764+00:00,,synthetic-seed
2479,5,PR_CREATED,PR,469,,"{""pr_number"": ""PR-2469""}",2026-03-22T12:09:36.211764+00:00,,synthetic-seed
2480,5,RFQ_CLOSED,PR,469,,,2026-03-28T12:09:36.211764+00:00,,synthetic-seed
2481,5,PO_CREATED,PO,397,,"{""po_number"": ""PO-3397""}",2026-03-29T12:09:36.211764+00:00,,synthetic-seed
2482,18,RR_CREATED,RR,549,,"{""rr_number"": ""RR-1549""}",2026-06-29T11:09:36.211764+00:00,,synthetic-seed
2483,3,DOA_APPROVED,RR,549,,,2026-07-01T11:09:36.211764+00:00,,synthetic-seed
2484,24,PR_CREATED,PR,470,,"{""pr_number"": ""PR-2470""}",2026-07-02T11:09:36.211764+00:00,,synthetic-seed
2485,24,RFQ_CLOSED,PR,470,,,2026-07-10T11:09:36.211764+00:00,,synthetic-seed
2486,3,NFA_APPROVED,PR,470,,,2026-07-27T11:09:36.211764+00:00,,synthetic-seed
2487,24,PO_CREATED,PO,398,,"{""po_number"": ""PO-3398""}",2026-07-28T11:09:36.211764+00:00,,synthetic-seed
2488,2,RR_CREATED,RR,550,,"{""rr_number"": ""RR-1550""}",2025-12-19T08:09:36.211764+00:00,,synthetic-seed
2489,2,DOA_APPROVED,RR,550,,,2025-12-21T08:09:36.211764+00:00,,synthetic-seed
2490,13,PR_CREATED,PR,471,,"{""pr_number"": ""PR-2471""}",2025-12-23T08:09:36.211764+00:00,,synthetic-seed
2491,3,NFA_APPROVED,PR,471,,,2025-12-29T08:09:36.211764+00:00,,synthetic-seed
2492,13,PO_CREATED,PO,399,,"{""po_number"": ""PO-3399""}",2025-12-30T08:09:36.211764+00:00,,synthetic-seed
2493,8,RR_CREATED,RR,551,,"{""rr_number"": ""RR-1551""}",2026-05-07T06:09:36.211764+00:00,,synthetic-seed
2494,19,RR_CREATED,RR,552,,"{""rr_number"": ""RR-1552""}",2026-02-11T12:09:36.211764+00:00,,synthetic-seed
2495,2,DOA_APPROVED,RR,552,,,2026-02-12T12:09:36.211764+00:00,,synthetic-seed
2496,12,PR_CREATED,PR,472,,"{""pr_number"": ""PR-2472""}",2026-02-14T12:09:36.211764+00:00,,synthetic-seed
2497,15,NFA_APPROVED,PR,472,,,2026-02-19T12:09:36.211764+00:00,,synthetic-seed
2498,12,PO_CREATED,PO,400,,"{""po_number"": ""PO-3400""}",2026-02-20T12:09:36.211764+00:00,,synthetic-seed
2499,11,RR_CREATED,RR,553,,"{""rr_number"": ""RR-1553""}",2025-12-07T14:09:36.211764+00:00,,synthetic-seed
2500,2,DOA_APPROVED,RR,553,,,2025-12-10T14:09:36.211764+00:00,,synthetic-seed
2501,13,PR_CREATED,PR,473,,"{""pr_number"": ""PR-2473""}",2025-12-13T14:09:36.211764+00:00,,synthetic-seed
2502,13,RFQ_CLOSED,PR,473,,,2025-12-23T14:09:36.211764+00:00,,synthetic-seed
2503,13,PO_CREATED,PO,401,,"{""po_number"": ""PO-3401""}",2025-12-30T07:09:36.211764+00:00,,synthetic-seed
2504,14,RR_CREATED,RR,554,,"{""rr_number"": ""RR-1554""}",2026-03-17T00:09:36.211764+00:00,,synthetic-seed
2505,15,DOA_APPROVED,RR,554,,,2026-04-08T00:09:36.211764+00:00,,synthetic-seed
2506,24,PR_CREATED,PR,474,,"{""pr_number"": ""PR-2474""}",2026-04-09T00:09:36.211764+00:00,,synthetic-seed
2507,24,RFQ_CLOSED,PR,474,,,2026-04-17T00:09:36.211764+00:00,,synthetic-seed
2508,15,NFA_APPROVED,PR,474,,,2026-04-29T00:09:36.211764+00:00,,synthetic-seed
2509,24,PO_CREATED,PO,402,,"{""po_number"": ""PO-3402""}",2026-04-30T00:09:36.211764+00:00,,synthetic-seed
2510,21,RR_CREATED,RR,555,,"{""rr_number"": ""RR-1555""}",2026-04-29T12:09:36.211764+00:00,,synthetic-seed
2511,15,DOA_APPROVED,RR,555,,,2026-05-03T12:09:36.211764+00:00,,synthetic-seed
2512,24,PR_CREATED,PR,475,,"{""pr_number"": ""PR-2475""}",2026-05-05T12:09:36.211764+00:00,,synthetic-seed
2513,24,RFQ_CLOSED,PR,475,,,2026-05-14T12:09:36.211764+00:00,,synthetic-seed
2514,3,NFA_APPROVED,PR,475,,,2026-05-25T12:09:36.211764+00:00,,synthetic-seed
2515,24,PO_CREATED,PO,403,,"{""po_number"": ""PO-3403""}",2026-05-26T12:09:36.211764+00:00,,synthetic-seed
2516,14,RR_CREATED,RR,556,,"{""rr_number"": ""RR-1556""}",2026-07-10T04:09:36.211764+00:00,,synthetic-seed
2517,2,DOA_APPROVED,RR,556,,,2026-07-13T04:09:36.211764+00:00,,synthetic-seed
2518,5,PR_CREATED,PR,476,,"{""pr_number"": ""PR-2476""}",2026-07-15T04:09:36.211764+00:00,,synthetic-seed
2519,5,RFQ_CLOSED,PR,476,,,2026-07-23T04:09:36.211764+00:00,,synthetic-seed
2520,3,NFA_APPROVED,PR,476,,,2026-08-09T04:09:36.211764+00:00,,synthetic-seed
2521,5,PO_CREATED,PO,404,,"{""po_number"": ""PO-3404""}",2026-08-10T04:09:36.211764+00:00,,synthetic-seed
2522,11,RR_CREATED,RR,557,,"{""rr_number"": ""RR-1557""}",2026-08-18T20:09:36.211764+00:00,,synthetic-seed
2523,15,DOA_APPROVED,RR,557,,,2026-08-20T20:09:36.211764+00:00,,synthetic-seed
2524,24,PR_CREATED,PR,477,,"{""pr_number"": ""PR-2477""}",2026-08-22T20:09:36.211764+00:00,,synthetic-seed
2525,24,RFQ_CLOSED,PR,477,,,2026-09-01T20:09:36.211764+00:00,,synthetic-seed
2526,24,PO_CREATED,PO,405,,"{""po_number"": ""PO-3405""}",2026-09-06T20:09:36.211764+00:00,,synthetic-seed
2527,18,RR_CREATED,RR,558,,"{""rr_number"": ""RR-1558""}",2026-06-10T22:09:36.211764+00:00,,synthetic-seed
2528,14,RR_CREATED,RR,559,,"{""rr_number"": ""RR-1559""}",2026-08-11T21:09:36.211764+00:00,,synthetic-seed
2529,2,DOA_APPROVED,RR,559,,,2026-08-14T21:09:36.211764+00:00,,synthetic-seed
2530,24,PR_CREATED,PR,478,,"{""pr_number"": ""PR-2478""}",2026-08-16T21:09:36.211764+00:00,,synthetic-seed
2531,24,PO_CREATED,PO,406,,"{""po_number"": ""PO-3406""}",2026-08-17T21:09:36.211764+00:00,,synthetic-seed
2532,3,RR_CREATED,RR,560,,"{""rr_number"": ""RR-1560""}",2026-02-07T00:09:36.211764+00:00,,synthetic-seed
2533,3,DOA_APPROVED,RR,560,,,2026-02-08T00:09:36.211764+00:00,,synthetic-seed
2534,24,PR_CREATED,PR,479,,"{""pr_number"": ""PR-2479""}",2026-02-23T00:09:36.211764+00:00,,synthetic-seed
2535,24,RFQ_CLOSED,PR,479,,,2026-03-03T00:09:36.211764+00:00,,synthetic-seed
2536,24,PO_CREATED,PO,407,,"{""po_number"": ""PO-3407""}",2026-03-04T00:09:36.211764+00:00,,synthetic-seed
2537,9,RR_CREATED,RR,561,,"{""rr_number"": ""RR-1561""}",2026-04-26T05:09:36.211764+00:00,,synthetic-seed
2538,15,DOA_APPROVED,RR,561,,,2026-04-30T05:09:36.211764+00:00,,synthetic-seed
2539,13,PR_CREATED,PR,480,,"{""pr_number"": ""PR-2480""}",2026-05-02T05:09:36.211764+00:00,,synthetic-seed
2540,13,RFQ_CLOSED,PR,480,,,2026-05-11T05:09:36.211764+00:00,,synthetic-seed
2541,3,NFA_APPROVED,PR,480,,,2026-06-17T03:09:36.211764+00:00,,synthetic-seed
2542,13,PO_CREATED,PO,408,,"{""po_number"": ""PO-3408""}",2026-06-18T03:09:36.211764+00:00,,synthetic-seed
2543,8,RR_CREATED,RR,562,,"{""rr_number"": ""RR-1562""}",2026-04-21T15:09:36.211764+00:00,,synthetic-seed
2544,2,DOA_APPROVED,RR,562,,,2026-04-23T15:09:36.211764+00:00,,synthetic-seed
2545,12,PR_CREATED,PR,481,,"{""pr_number"": ""PR-2481""}",2026-04-24T15:09:36.211764+00:00,,synthetic-seed
2546,12,RFQ_CLOSED,PR,481,,,2026-05-04T15:09:36.211764+00:00,,synthetic-seed
2547,3,NFA_APPROVED,PR,481,,,2026-06-07T15:09:36.211764+00:00,,synthetic-seed
2548,12,PO_CREATED,PO,409,,"{""po_number"": ""PO-3409""}",2026-06-08T15:09:36.211764+00:00,,synthetic-seed
2549,9,RR_CREATED,RR,563,,"{""rr_number"": ""RR-1563""}",2026-01-02T16:09:36.211764+00:00,,synthetic-seed
2550,2,DOA_APPROVED,RR,563,,,2026-01-26T16:09:36.211764+00:00,,synthetic-seed
2551,5,PR_CREATED,PR,482,,"{""pr_number"": ""PR-2482""}",2026-01-28T16:09:36.211764+00:00,,synthetic-seed
2552,5,RFQ_CLOSED,PR,482,,,2026-02-04T16:09:36.211764+00:00,,synthetic-seed
2553,5,PO_CREATED,PO,410,,"{""po_number"": ""PO-3410""}",2026-02-05T16:09:36.211764+00:00,,synthetic-seed
2554,5,RR_CREATED,RR,564,,"{""rr_number"": ""RR-1564""}",2025-12-07T22:09:36.211764+00:00,,synthetic-seed
2555,15,DOA_APPROVED,RR,564,,,2025-12-23T22:09:36.211764+00:00,,synthetic-seed
2556,24,PR_CREATED,PR,483,,"{""pr_number"": ""PR-2483""}",2025-12-24T22:09:36.211764+00:00,,synthetic-seed
2557,24,RFQ_CLOSED,PR,483,,,2026-01-01T22:09:36.211764+00:00,,synthetic-seed
2558,3,NFA_APPROVED,PR,483,,,2026-01-09T22:09:36.211764+00:00,,synthetic-seed
2559,24,PO_CREATED,PO,411,,"{""po_number"": ""PO-3411""}",2026-01-10T22:09:36.211764+00:00,,synthetic-seed
2560,1,RR_CREATED,RR,565,,"{""rr_number"": ""RR-1565""}",2026-08-03T02:09:36.211764+00:00,,synthetic-seed
2561,2,DOA_APPROVED,RR,565,,,2026-08-04T02:09:36.211764+00:00,,synthetic-seed
2562,24,PR_CREATED,PR,484,,"{""pr_number"": ""PR-2484""}",2026-08-06T02:09:36.211764+00:00,,synthetic-seed
2563,20,RR_CREATED,RR,566,,"{""rr_number"": ""RR-1566""}",2026-07-05T22:09:36.211764+00:00,,synthetic-seed
2564,2,DOA_APPROVED,RR,566,,,2026-08-05T22:09:36.211764+00:00,,synthetic-seed
2565,5,PR_CREATED,PR,485,,"{""pr_number"": ""PR-2485""}",2026-08-07T22:09:36.211764+00:00,,synthetic-seed
2566,5,PO_CREATED,PO,412,,"{""po_number"": ""PO-3412""}",2026-08-08T22:09:36.211764+00:00,,synthetic-seed
2567,7,RR_CREATED,RR,567,,"{""rr_number"": ""RR-1567""}",2026-04-19T04:09:36.211764+00:00,,synthetic-seed
2568,10,RR_CREATED,RR,568,,"{""rr_number"": ""RR-1568""}",2025-11-27T21:09:36.211764+00:00,,synthetic-seed
2569,3,DOA_APPROVED,RR,568,,,2025-11-30T21:09:36.211764+00:00,,synthetic-seed
2570,13,PR_CREATED,PR,486,,"{""pr_number"": ""PR-2486""}",2025-12-02T21:09:36.211764+00:00,,synthetic-seed
2571,13,RFQ_CLOSED,PR,486,,,2026-01-08T21:09:36.211764+00:00,,synthetic-seed
2572,15,NFA_APPROVED,PR,486,,,2026-01-12T21:09:36.211764+00:00,,synthetic-seed
2573,13,PO_CREATED,PO,413,,"{""po_number"": ""PO-3413""}",2026-01-13T21:09:36.211764+00:00,,synthetic-seed
2574,14,RR_CREATED,RR,569,,"{""rr_number"": ""RR-1569""}",2026-05-17T22:09:36.211764+00:00,,synthetic-seed
2575,2,DOA_APPROVED,RR,569,,,2026-05-29T22:09:36.211764+00:00,,synthetic-seed
2576,5,PR_CREATED,PR,487,,"{""pr_number"": ""PR-2487""}",2026-05-30T22:09:36.211764+00:00,,synthetic-seed
2577,5,PO_CREATED,PO,414,,"{""po_number"": ""PO-3414""}",2026-05-31T22:09:36.211764+00:00,,synthetic-seed
2578,16,RR_CREATED,RR,570,,"{""rr_number"": ""RR-1570""}",2026-07-19T04:09:36.211764+00:00,,synthetic-seed
2579,15,DOA_APPROVED,RR,570,,,2026-07-23T04:09:36.211764+00:00,,synthetic-seed
2580,24,PR_CREATED,PR,488,,"{""pr_number"": ""PR-2488""}",2026-07-25T04:09:36.211764+00:00,,synthetic-seed
2581,24,RFQ_CLOSED,PR,488,,,2026-08-02T04:09:36.211764+00:00,,synthetic-seed
2582,15,NFA_APPROVED,PR,488,,,2026-08-07T04:09:36.211764+00:00,,synthetic-seed
2583,24,PO_CREATED,PO,415,,"{""po_number"": ""PO-3415""}",2026-08-08T04:09:36.211764+00:00,,synthetic-seed
2584,20,RR_CREATED,RR,571,,"{""rr_number"": ""RR-1571""}",2026-03-11T15:09:36.211764+00:00,,synthetic-seed
2585,2,DOA_APPROVED,RR,571,,,2026-03-15T15:09:36.211764+00:00,,synthetic-seed
2586,5,PR_CREATED,PR,489,,"{""pr_number"": ""PR-2489""}",2026-03-17T15:09:36.211764+00:00,,synthetic-seed
2587,5,RFQ_CLOSED,PR,489,,,2026-03-23T15:09:36.211764+00:00,,synthetic-seed
2588,3,NFA_APPROVED,PR,489,,,2026-03-29T15:09:36.211764+00:00,,synthetic-seed
2589,5,PO_CREATED,PO,416,,"{""po_number"": ""PO-3416""}",2026-03-30T15:09:36.211764+00:00,,synthetic-seed
2590,20,RR_CREATED,RR,572,,"{""rr_number"": ""RR-1572""}",2026-06-02T03:09:36.211764+00:00,,synthetic-seed
2591,18,RR_CREATED,RR,573,,"{""rr_number"": ""RR-1573""}",2026-07-12T02:09:36.211764+00:00,,synthetic-seed
2592,15,DOA_APPROVED,RR,573,,,2026-07-13T02:09:36.211764+00:00,,synthetic-seed
2593,24,PR_CREATED,PR,490,,"{""pr_number"": ""PR-2490""}",2026-07-16T02:09:36.211764+00:00,,synthetic-seed
2594,22,RR_CREATED,RR,574,,"{""rr_number"": ""RR-1574""}",2026-01-07T21:09:36.211764+00:00,,synthetic-seed
2595,15,DOA_APPROVED,RR,574,,,2026-01-10T21:09:36.211764+00:00,,synthetic-seed
2596,12,PR_CREATED,PR,491,,"{""pr_number"": ""PR-2491""}",2026-01-12T21:09:36.211764+00:00,,synthetic-seed
2597,12,RFQ_CLOSED,PR,491,,,2026-02-18T21:09:36.211764+00:00,,synthetic-seed
2598,15,NFA_APPROVED,PR,491,,,2026-02-23T21:09:36.211764+00:00,,synthetic-seed
2599,12,PO_CREATED,PO,417,,"{""po_number"": ""PO-3417""}",2026-02-24T21:09:36.211764+00:00,,synthetic-seed
2600,12,RR_CREATED,RR,575,,"{""rr_number"": ""RR-1575""}",2026-02-01T14:09:36.211764+00:00,,synthetic-seed
2601,3,DOA_APPROVED,RR,575,,,2026-02-21T14:09:36.211764+00:00,,synthetic-seed
2602,12,PR_CREATED,PR,492,,"{""pr_number"": ""PR-2492""}",2026-02-22T14:09:36.211764+00:00,,synthetic-seed
2603,12,RFQ_CLOSED,PR,492,,,2026-02-28T14:09:36.211764+00:00,,synthetic-seed
2604,3,NFA_APPROVED,PR,492,,,2026-03-09T14:09:36.211764+00:00,,synthetic-seed
2605,12,PO_CREATED,PO,418,,"{""po_number"": ""PO-3418""}",2026-03-10T14:09:36.211764+00:00,,synthetic-seed
2606,8,RR_CREATED,RR,576,,"{""rr_number"": ""RR-1576""}",2026-03-14T17:09:36.211764+00:00,,synthetic-seed
2607,15,DOA_APPROVED,RR,576,,,2026-03-15T17:09:36.211764+00:00,,synthetic-seed
2608,13,PR_CREATED,PR,493,,"{""pr_number"": ""PR-2493""}",2026-03-16T17:09:36.211764+00:00,,synthetic-seed
2609,13,RFQ_CLOSED,PR,493,,,2026-03-27T17:09:36.211764+00:00,,synthetic-seed
2610,3,NFA_APPROVED,PR,493,,,2026-04-09T17:09:36.211764+00:00,,synthetic-seed
2611,13,PO_CREATED,PO,419,,"{""po_number"": ""PO-3419""}",2026-04-10T17:09:36.211764+00:00,,synthetic-seed
2612,15,RR_CREATED,RR,577,,"{""rr_number"": ""RR-1577""}",2026-01-02T02:09:36.211764+00:00,,synthetic-seed
2613,15,DOA_APPROVED,RR,577,,,2026-01-05T02:09:36.211764+00:00,,synthetic-seed
2614,5,PR_CREATED,PR,494,,"{""pr_number"": ""PR-2494""}",2026-01-08T02:09:36.211764+00:00,,synthetic-seed
2615,5,PO_CREATED,PO,420,,"{""po_number"": ""PO-3420""}",2026-01-09T02:09:36.211764+00:00,,synthetic-seed
2616,17,RR_CREATED,RR,578,,"{""rr_number"": ""RR-1578""}",2026-03-27T20:09:36.211764+00:00,,synthetic-seed
2617,2,DOA_APPROVED,RR,578,,,2026-03-31T20:09:36.211764+00:00,,synthetic-seed
2618,5,PR_CREATED,PR,495,,"{""pr_number"": ""PR-2495""}",2026-04-03T20:09:36.211764+00:00,,synthetic-seed
2619,5,RFQ_CLOSED,PR,495,,,2026-04-14T20:09:36.211764+00:00,,synthetic-seed
2620,3,NFA_APPROVED,PR,495,,,2026-04-24T19:09:36.211764+00:00,,synthetic-seed
2621,5,PO_CREATED,PO,421,,"{""po_number"": ""PO-3421""}",2026-04-25T19:09:36.211764+00:00,,synthetic-seed
2622,15,RR_CREATED,RR,579,,"{""rr_number"": ""RR-1579""}",2026-06-10T09:09:36.211764+00:00,,synthetic-seed
2623,15,DOA_APPROVED,RR,579,,,2026-06-14T09:09:36.211764+00:00,,synthetic-seed
2624,13,PR_CREATED,PR,496,,"{""pr_number"": ""PR-2496""}",2026-06-15T09:09:36.211764+00:00,,synthetic-seed
2625,13,RFQ_CLOSED,PR,496,,,2026-06-21T09:09:36.211764+00:00,,synthetic-seed
2626,3,NFA_APPROVED,PR,496,,,2026-07-04T09:09:36.211764+00:00,,synthetic-seed
2627,13,PO_CREATED,PO,422,,"{""po_number"": ""PO-3422""}",2026-07-05T09:09:36.211764+00:00,,synthetic-seed
2628,11,RR_CREATED,RR,580,,"{""rr_number"": ""RR-1580""}",2026-08-22T06:09:36.211764+00:00,,synthetic-seed
2629,15,DOA_APPROVED,RR,580,,,2026-08-23T06:09:36.211764+00:00,,synthetic-seed
2630,5,PR_CREATED,PR,497,,"{""pr_number"": ""PR-2497""}",2026-08-25T06:09:36.211764+00:00,,synthetic-seed
2631,5,RFQ_CLOSED,PR,497,,,2026-09-01T06:09:36.211764+00:00,,synthetic-seed
2632,15,NFA_APPROVED,PR,497,,,2026-09-13T22:09:36.211764+00:00,,synthetic-seed
2633,19,RR_CREATED,RR,581,,"{""rr_number"": ""RR-1581""}",2026-06-01T04:09:36.211764+00:00,,synthetic-seed
2634,15,DOA_APPROVED,RR,581,,,2026-06-03T04:09:36.211764+00:00,,synthetic-seed
2635,13,PR_CREATED,PR,498,,"{""pr_number"": ""PR-2498""}",2026-06-06T04:09:36.211764+00:00,,synthetic-seed
2636,13,RFQ_CLOSED,PR,498,,,2026-06-16T04:09:36.211764+00:00,,synthetic-seed
2637,3,NFA_APPROVED,PR,498,,,2026-07-17T04:09:36.211764+00:00,,synthetic-seed
2638,13,PO_CREATED,PO,423,,"{""po_number"": ""PO-3423""}",2026-07-18T04:09:36.211764+00:00,,synthetic-seed
2639,5,RR_CREATED,RR,582,,"{""rr_number"": ""RR-1582""}",2026-03-31T14:09:36.211764+00:00,,synthetic-seed
2640,3,DOA_APPROVED,RR,582,,,2026-04-29T14:09:36.211764+00:00,,synthetic-seed
2641,12,PR_CREATED,PR,499,,"{""pr_number"": ""PR-2499""}",2026-04-30T14:09:36.211764+00:00,,synthetic-seed
2642,12,RFQ_CLOSED,PR,499,,,2026-05-06T14:09:36.211764+00:00,,synthetic-seed
2643,3,NFA_APPROVED,PR,499,,,2026-05-10T14:09:36.211764+00:00,,synthetic-seed
2644,12,PO_CREATED,PO,424,,"{""po_number"": ""PO-3424""}",2026-05-11T14:09:36.211764+00:00,,synthetic-seed
2645,3,RR_CREATED,RR,583,,"{""rr_number"": ""RR-1583""}",2026-05-15T17:09:36.211764+00:00,,synthetic-seed
2646,15,DOA_APPROVED,RR,583,,,2026-05-16T17:09:36.211764+00:00,,synthetic-seed
2647,5,PR_CREATED,PR,500,,"{""pr_number"": ""PR-2500""}",2026-05-18T17:09:36.211764+00:00,,synthetic-seed
2648,5,RFQ_CLOSED,PR,500,,,2026-05-28T17:09:36.211764+00:00,,synthetic-seed
2649,5,PO_CREATED,PO,425,,"{""po_number"": ""PO-3425""}",2026-05-29T17:09:36.211764+00:00,,synthetic-seed
2650,19,RR_CREATED,RR,584,,"{""rr_number"": ""RR-1584""}",2026-04-01T10:09:36.211764+00:00,,synthetic-seed
2651,2,DOA_APPROVED,RR,584,,,2026-04-05T10:09:36.211764+00:00,,synthetic-seed
2652,12,PR_CREATED,PR,501,,"{""pr_number"": ""PR-2501""}",2026-04-06T10:09:36.211764+00:00,,synthetic-seed
2653,12,RFQ_CLOSED,PR,501,,,2026-04-14T10:09:36.211764+00:00,,synthetic-seed
2654,12,PO_CREATED,PO,426,,"{""po_number"": ""PO-3426""}",2026-04-23T04:09:36.211764+00:00,,synthetic-seed
2655,22,RR_CREATED,RR,585,,"{""rr_number"": ""RR-1585""}",2026-01-11T21:09:36.211764+00:00,,synthetic-seed
2656,2,DOA_APPROVED,RR,585,,,2026-01-15T21:09:36.211764+00:00,,synthetic-seed
2657,13,PR_CREATED,PR,502,,"{""pr_number"": ""PR-2502""}",2026-01-16T21:09:36.211764+00:00,,synthetic-seed
2658,13,RFQ_CLOSED,PR,502,,,2026-01-24T21:09:36.211764+00:00,,synthetic-seed
2659,3,NFA_APPROVED,PR,502,,,2026-01-29T21:09:36.211764+00:00,,synthetic-seed
2660,13,PO_CREATED,PO,427,,"{""po_number"": ""PO-3427""}",2026-01-30T21:09:36.211764+00:00,,synthetic-seed
2661,13,RR_CREATED,RR,586,,"{""rr_number"": ""RR-1586""}",2026-03-28T03:09:36.211764+00:00,,synthetic-seed
2662,15,DOA_APPROVED,RR,586,,,2026-03-29T03:09:36.211764+00:00,,synthetic-seed
2663,24,PR_CREATED,PR,503,,"{""pr_number"": ""PR-2503""}",2026-04-01T03:09:36.211764+00:00,,synthetic-seed
2664,24,RFQ_CLOSED,PR,503,,,2026-04-09T03:09:36.211764+00:00,,synthetic-seed
2665,3,NFA_APPROVED,PR,503,,,2026-04-13T03:09:36.211764+00:00,,synthetic-seed
2666,24,PO_CREATED,PO,428,,"{""po_number"": ""PO-3428""}",2026-04-14T03:09:36.211764+00:00,,synthetic-seed
2667,6,RR_CREATED,RR,587,,"{""rr_number"": ""RR-1587""}",2026-03-18T06:09:36.211764+00:00,,synthetic-seed
2668,15,DOA_APPROVED,RR,587,,,2026-03-20T06:09:36.211764+00:00,,synthetic-seed
2669,5,PR_CREATED,PR,504,,"{""pr_number"": ""PR-2504""}",2026-03-21T06:09:36.211764+00:00,,synthetic-seed
2670,5,RFQ_CLOSED,PR,504,,,2026-03-29T06:09:36.211764+00:00,,synthetic-seed
2671,5,PO_CREATED,PO,429,,"{""po_number"": ""PO-3429""}",2026-03-30T06:09:36.211764+00:00,,synthetic-seed
2672,11,RR_CREATED,RR,588,,"{""rr_number"": ""RR-1588""}",2026-01-12T03:09:36.211764+00:00,,synthetic-seed
2673,15,DOA_APPROVED,RR,588,,,2026-01-16T03:09:36.211764+00:00,,synthetic-seed
2674,13,PR_CREATED,PR,505,,"{""pr_number"": ""PR-2505""}",2026-01-18T03:09:36.211764+00:00,,synthetic-seed
2675,15,NFA_APPROVED,PR,505,,,2026-01-23T03:09:36.211764+00:00,,synthetic-seed
2676,13,PO_CREATED,PO,430,,"{""po_number"": ""PO-3430""}",2026-01-24T03:09:36.211764+00:00,,synthetic-seed
2677,23,RR_CREATED,RR,589,,"{""rr_number"": ""RR-1589""}",2026-03-27T23:09:36.211764+00:00,,synthetic-seed
2678,2,DOA_APPROVED,RR,589,,,2026-03-29T23:09:36.211764+00:00,,synthetic-seed
2679,24,PR_CREATED,PR,506,,"{""pr_number"": ""PR-2506""}",2026-04-01T23:09:36.211764+00:00,,synthetic-seed
2680,24,RFQ_CLOSED,PR,506,,,2026-04-12T23:09:36.211764+00:00,,synthetic-seed
2681,3,NFA_APPROVED,PR,506,,,2026-05-11T22:09:36.211764+00:00,,synthetic-seed
2682,24,PO_CREATED,PO,431,,"{""po_number"": ""PO-3431""}",2026-05-12T22:09:36.211764+00:00,,synthetic-seed
2683,14,RR_CREATED,RR,590,,"{""rr_number"": ""RR-1590""}",2026-04-17T23:09:36.211764+00:00,,synthetic-seed
2684,2,DOA_APPROVED,RR,590,,,2026-04-20T23:09:36.211764+00:00,,synthetic-seed
2685,5,PR_CREATED,PR,507,,"{""pr_number"": ""PR-2507""}",2026-05-03T23:09:36.211764+00:00,,synthetic-seed
2686,15,NFA_APPROVED,PR,507,,,2026-05-08T23:09:36.211764+00:00,,synthetic-seed
2687,5,PO_CREATED,PO,432,,"{""po_number"": ""PO-3432""}",2026-05-09T23:09:36.211764+00:00,,synthetic-seed
2688,15,RR_CREATED,RR,591,,"{""rr_number"": ""RR-1591""}",2026-05-08T16:09:36.211764+00:00,,synthetic-seed
2689,11,RR_CREATED,RR,592,,"{""rr_number"": ""RR-1592""}",2025-12-23T03:09:36.211764+00:00,,synthetic-seed
2690,3,DOA_APPROVED,RR,592,,,2025-12-26T03:09:36.211764+00:00,,synthetic-seed
2691,12,PR_CREATED,PR,508,,"{""pr_number"": ""PR-2508""}",2025-12-28T03:09:36.211764+00:00,,synthetic-seed
2692,12,RFQ_CLOSED,PR,508,,,2026-02-01T03:09:36.211764+00:00,,synthetic-seed
2693,12,PO_CREATED,PO,433,,"{""po_number"": ""PO-3433""}",2026-02-09T21:09:36.211764+00:00,,synthetic-seed
2694,19,RR_CREATED,RR,593,,"{""rr_number"": ""RR-1593""}",2026-07-31T10:09:36.211764+00:00,,synthetic-seed
2695,15,DOA_APPROVED,RR,593,,,2026-08-02T10:09:36.211764+00:00,,synthetic-seed
2696,5,PR_CREATED,PR,509,,"{""pr_number"": ""PR-2509""}",2026-08-05T10:09:36.211764+00:00,,synthetic-seed
2697,3,NFA_APPROVED,PR,509,,,2026-08-08T10:09:36.211764+00:00,,synthetic-seed
2698,5,PO_CREATED,PO,434,,"{""po_number"": ""PO-3434""}",2026-08-09T10:09:36.211764+00:00,,synthetic-seed
2699,20,RR_CREATED,RR,594,,"{""rr_number"": ""RR-1594""}",2026-04-16T18:09:36.211764+00:00,,synthetic-seed
2700,2,DOA_APPROVED,RR,594,,,2026-04-19T18:09:36.211764+00:00,,synthetic-seed
2701,12,PR_CREATED,PR,510,,"{""pr_number"": ""PR-2510""}",2026-05-03T18:09:36.211764+00:00,,synthetic-seed
2702,12,RFQ_CLOSED,PR,510,,,2026-05-09T18:09:36.211764+00:00,,synthetic-seed
2703,12,PO_CREATED,PO,435,,"{""po_number"": ""PO-3435""}",2026-05-14T18:09:36.211764+00:00,,synthetic-seed
2704,3,RR_CREATED,RR,595,,"{""rr_number"": ""RR-1595""}",2026-01-23T12:09:36.211764+00:00,,synthetic-seed
2705,2,DOA_APPROVED,RR,595,,,2026-01-24T12:09:36.211764+00:00,,synthetic-seed
2706,24,PR_CREATED,PR,511,,"{""pr_number"": ""PR-2511""}",2026-01-26T12:09:36.211764+00:00,,synthetic-seed
2707,24,RFQ_CLOSED,PR,511,,,2026-02-06T12:09:36.211764+00:00,,synthetic-seed
2708,15,NFA_APPROVED,PR,511,,,2026-02-20T23:09:36.211764+00:00,,synthetic-seed
2709,24,PO_CREATED,PO,436,,"{""po_number"": ""PO-3436""}",2026-02-21T23:09:36.211764+00:00,,synthetic-seed
2710,13,RR_CREATED,RR,596,,"{""rr_number"": ""RR-1596""}",2026-07-02T06:09:36.211764+00:00,,synthetic-seed
2711,1,RR_CREATED,RR,597,,"{""rr_number"": ""RR-1597""}",2026-01-29T21:09:36.211764+00:00,,synthetic-seed
2712,3,DOA_APPROVED,RR,597,,,2026-02-02T21:09:36.211764+00:00,,synthetic-seed
2713,5,PR_CREATED,PR,512,,"{""pr_number"": ""PR-2512""}",2026-02-04T21:09:36.211764+00:00,,synthetic-seed
2714,5,RFQ_CLOSED,PR,512,,,2026-02-10T21:09:36.211764+00:00,,synthetic-seed
2715,15,NFA_APPROVED,PR,512,,,2026-02-20T21:09:36.211764+00:00,,synthetic-seed
2716,5,PO_CREATED,PO,437,,"{""po_number"": ""PO-3437""}",2026-02-21T21:09:36.211764+00:00,,synthetic-seed
2717,9,RR_CREATED,RR,598,,"{""rr_number"": ""RR-1598""}",2026-06-27T15:09:36.211764+00:00,,synthetic-seed
2718,15,DOA_APPROVED,RR,598,,,2026-06-30T15:09:36.211764+00:00,,synthetic-seed
2719,12,PR_CREATED,PR,513,,"{""pr_number"": ""PR-2513""}",2026-07-03T15:09:36.211764+00:00,,synthetic-seed
2720,12,RFQ_CLOSED,PR,513,,,2026-07-10T15:09:36.211764+00:00,,synthetic-seed
2721,12,PO_CREATED,PO,438,,"{""po_number"": ""PO-3438""}",2026-07-31T15:09:36.211764+00:00,,synthetic-seed
2722,14,RR_CREATED,RR,599,,"{""rr_number"": ""RR-1599""}",2025-12-09T03:09:36.211764+00:00,,synthetic-seed
2723,2,DOA_APPROVED,RR,599,,,2025-12-13T03:09:36.211764+00:00,,synthetic-seed
2724,5,PR_CREATED,PR,514,,"{""pr_number"": ""PR-2514""}",2025-12-16T03:09:36.211764+00:00,,synthetic-seed
2725,3,NFA_APPROVED,PR,514,,,2025-12-22T03:09:36.211764+00:00,,synthetic-seed
2726,5,PO_CREATED,PO,439,,"{""po_number"": ""PO-3439""}",2025-12-23T03:09:36.211764+00:00,,synthetic-seed
2727,20,RR_CREATED,RR,600,,"{""rr_number"": ""RR-1600""}",2026-03-24T23:09:36.211764+00:00,,synthetic-seed
2728,2,DOA_APPROVED,RR,600,,,2026-03-25T23:09:36.211764+00:00,,synthetic-seed
2729,12,PR_CREATED,PR,515,,"{""pr_number"": ""PR-2515""}",2026-04-14T23:09:36.211764+00:00,,synthetic-seed
2730,12,RFQ_CLOSED,PR,515,,,2026-04-20T23:09:36.211764+00:00,,synthetic-seed
2731,12,PO_CREATED,PO,440,,"{""po_number"": ""PO-3440""}",2026-04-28T21:09:36.211764+00:00,,synthetic-seed
2732,10,RR_CREATED,RR,601,,"{""rr_number"": ""RR-1601""}",2026-05-01T15:09:36.211764+00:00,,synthetic-seed
2733,2,DOA_APPROVED,RR,601,,,2026-05-02T15:09:36.211764+00:00,,synthetic-seed
2734,5,PR_CREATED,PR,516,,"{""pr_number"": ""PR-2516""}",2026-05-05T15:09:36.211764+00:00,,synthetic-seed
2735,3,NFA_APPROVED,PR,516,,,2026-05-10T15:09:36.211764+00:00,,synthetic-seed
2736,24,RR_CREATED,RR,602,,"{""rr_number"": ""RR-1602""}",2026-01-03T06:09:36.211764+00:00,,synthetic-seed
2737,2,DOA_REJECTED,RR,602,,,2026-01-06T06:09:36.211764+00:00,,synthetic-seed
2738,12,RR_CREATED,RR,603,,"{""rr_number"": ""RR-1603""}",2026-02-14T01:09:36.211764+00:00,,synthetic-seed
2739,2,DOA_REJECTED,RR,603,,,2026-02-18T01:09:36.211764+00:00,,synthetic-seed
2740,12,RR_CREATED,RR,604,,"{""rr_number"": ""RR-1604""}",2026-01-17T16:09:36.211764+00:00,,synthetic-seed
2741,15,DOA_APPROVED,RR,604,,,2026-01-20T16:09:36.211764+00:00,,synthetic-seed
2742,5,PR_CREATED,PR,517,,"{""pr_number"": ""PR-2517""}",2026-01-23T16:09:36.211764+00:00,,synthetic-seed
2743,3,NFA_APPROVED,PR,517,,,2026-01-29T16:09:36.211764+00:00,,synthetic-seed
2744,5,PO_CREATED,PO,441,,"{""po_number"": ""PO-3441""}",2026-01-30T16:09:36.211764+00:00,,synthetic-seed
2745,17,RR_CREATED,RR,605,,"{""rr_number"": ""RR-1605""}",2026-05-22T22:09:36.211764+00:00,,synthetic-seed
2746,2,DOA_APPROVED,RR,605,,,2026-05-26T22:09:36.211764+00:00,,synthetic-seed
2747,12,PR_CREATED,PR,518,,"{""pr_number"": ""PR-2518""}",2026-05-28T22:09:36.211764+00:00,,synthetic-seed
2748,5,RR_CREATED,RR,606,,"{""rr_number"": ""RR-1606""}",2026-08-02T07:09:36.211764+00:00,,synthetic-seed
2749,7,RR_CREATED,RR,607,,"{""rr_number"": ""RR-1607""}",2026-07-01T16:09:36.211764+00:00,,synthetic-seed
2750,20,RR_CREATED,RR,608,,"{""rr_number"": ""RR-1608""}",2026-05-28T15:09:36.211764+00:00,,synthetic-seed
2751,15,DOA_APPROVED,RR,608,,,2026-05-31T15:09:36.211764+00:00,,synthetic-seed
2752,13,PR_CREATED,PR,519,,"{""pr_number"": ""PR-2519""}",2026-06-03T15:09:36.211764+00:00,,synthetic-seed
2753,13,RFQ_CLOSED,PR,519,,,2026-06-14T15:09:36.211764+00:00,,synthetic-seed
2754,13,PO_CREATED,PO,442,,"{""po_number"": ""PO-3442""}",2026-06-22T09:09:36.211764+00:00,,synthetic-seed
2755,12,RR_CREATED,RR,609,,"{""rr_number"": ""RR-1609""}",2025-12-16T11:09:36.211764+00:00,,synthetic-seed
2756,2,DOA_APPROVED,RR,609,,,2025-12-19T11:09:36.211764+00:00,,synthetic-seed
2757,12,PR_CREATED,PR,520,,"{""pr_number"": ""PR-2520""}",2025-12-20T11:09:36.211764+00:00,,synthetic-seed
2758,12,RFQ_CLOSED,PR,520,,,2025-12-27T11:09:36.211764+00:00,,synthetic-seed
2759,12,PO_CREATED,PO,443,,"{""po_number"": ""PO-3443""}",2025-12-28T11:09:36.211764+00:00,,synthetic-seed
2760,16,RR_CREATED,RR,610,,"{""rr_number"": ""RR-1610""}",2026-04-02T15:09:36.211764+00:00,,synthetic-seed
2761,1,RR_CREATED,RR,611,,"{""rr_number"": ""RR-1611""}",2026-03-29T06:09:36.211764+00:00,,synthetic-seed
2762,3,RR_CREATED,RR,612,,"{""rr_number"": ""RR-1612""}",2026-05-08T18:09:36.211764+00:00,,synthetic-seed
2763,2,DOA_APPROVED,RR,612,,,2026-05-09T18:09:36.211764+00:00,,synthetic-seed
2764,24,PR_CREATED,PR,521,,"{""pr_number"": ""PR-2521""}",2026-05-12T18:09:36.211764+00:00,,synthetic-seed
2765,18,RR_CREATED,RR,613,,"{""rr_number"": ""RR-1613""}",2026-01-09T02:09:36.211764+00:00,,synthetic-seed
2766,3,APPROVAL_ESCALATED,RR,613,,,2026-01-11T02:09:36.211764+00:00,,synthetic-seed
2767,23,RR_CREATED,RR,614,,"{""rr_number"": ""RR-1614""}",2026-04-26T00:09:36.211764+00:00,,synthetic-seed
2768,2,DOA_APPROVED,RR,614,,,2026-04-27T00:09:36.211764+00:00,,synthetic-seed
2769,24,PR_CREATED,PR,522,,"{""pr_number"": ""PR-2522""}",2026-04-28T00:09:36.211764+00:00,,synthetic-seed
2770,24,RFQ_CLOSED,PR,522,,,2026-05-06T00:09:36.211764+00:00,,synthetic-seed
2771,3,NFA_APPROVED,PR,522,,,2026-05-11T00:09:36.211764+00:00,,synthetic-seed
2772,24,PO_CREATED,PO,444,,"{""po_number"": ""PO-3444""}",2026-05-12T00:09:36.211764+00:00,,synthetic-seed
2773,24,RR_CREATED,RR,615,,"{""rr_number"": ""RR-1615""}",2026-01-31T03:09:36.211764+00:00,,synthetic-seed
2774,3,DOA_APPROVED,RR,615,,,2026-02-01T03:09:36.211764+00:00,,synthetic-seed
2775,5,PR_CREATED,PR,523,,"{""pr_number"": ""PR-2523""}",2026-02-02T03:09:36.211764+00:00,,synthetic-seed
2776,5,RFQ_CLOSED,PR,523,,,2026-02-11T03:09:36.211764+00:00,,synthetic-seed
2777,3,NFA_APPROVED,PR,523,,,2026-03-24T01:09:36.211764+00:00,,synthetic-seed
2778,5,PO_CREATED,PO,445,,"{""po_number"": ""PO-3445""}",2026-03-25T01:09:36.211764+00:00,,synthetic-seed
2779,11,RR_CREATED,RR,616,,"{""rr_number"": ""RR-1616""}",2026-02-13T07:09:36.211764+00:00,,synthetic-seed
2780,2,DOA_APPROVED,RR,616,,,2026-02-14T07:09:36.211764+00:00,,synthetic-seed
2781,13,PR_CREATED,PR,524,,"{""pr_number"": ""PR-2524""}",2026-02-17T07:09:36.211764+00:00,,synthetic-seed
2782,15,NFA_APPROVED,PR,524,,,2026-02-21T07:09:36.211764+00:00,,synthetic-seed
2783,13,PO_CREATED,PO,446,,"{""po_number"": ""PO-3446""}",2026-02-22T07:09:36.211764+00:00,,synthetic-seed
2784,16,RR_CREATED,RR,617,,"{""rr_number"": ""RR-1617""}",2026-02-27T04:09:36.211764+00:00,,synthetic-seed
2785,2,DOA_APPROVED,RR,617,,,2026-02-28T04:09:36.211764+00:00,,synthetic-seed
2786,5,PR_CREATED,PR,525,,"{""pr_number"": ""PR-2525""}",2026-03-03T04:09:36.211764+00:00,,synthetic-seed
2787,5,RFQ_CLOSED,PR,525,,,2026-04-14T04:09:36.211764+00:00,,synthetic-seed
2788,5,PO_CREATED,PO,447,,"{""po_number"": ""PO-3447""}",2026-04-15T04:09:36.211764+00:00,,synthetic-seed
2789,7,RR_CREATED,RR,618,,"{""rr_number"": ""RR-1618""}",2026-02-17T21:09:36.211764+00:00,,synthetic-seed
2790,2,DOA_APPROVED,RR,618,,,2026-02-20T21:09:36.211764+00:00,,synthetic-seed
2791,24,PR_CREATED,PR,526,,"{""pr_number"": ""PR-2526""}",2026-02-21T21:09:36.211764+00:00,,synthetic-seed
2792,24,RFQ_CLOSED,PR,526,,,2026-03-02T21:09:36.211764+00:00,,synthetic-seed
2793,24,PO_CREATED,PO,448,,"{""po_number"": ""PO-3448""}",2026-04-09T21:09:36.211764+00:00,,synthetic-seed
2794,17,RR_CREATED,RR,619,,"{""rr_number"": ""RR-1619""}",2026-04-06T16:09:36.211764+00:00,,synthetic-seed
2795,15,DOA_APPROVED,RR,619,,,2026-04-10T16:09:36.211764+00:00,,synthetic-seed
2796,24,PR_CREATED,PR,527,,"{""pr_number"": ""PR-2527""}",2026-04-11T16:09:36.211764+00:00,,synthetic-seed
2797,22,RR_CREATED,RR,620,,"{""rr_number"": ""RR-1620""}",2026-01-20T01:09:36.211764+00:00,,synthetic-seed
2798,2,DOA_APPROVED,RR,620,,,2026-01-23T01:09:36.211764+00:00,,synthetic-seed
2799,24,PR_CREATED,PR,528,,"{""pr_number"": ""PR-2528""}",2026-01-24T01:09:36.211764+00:00,,synthetic-seed
2800,24,RFQ_CLOSED,PR,528,,,2026-02-03T01:09:36.211764+00:00,,synthetic-seed
2801,3,NFA_APPROVED,PR,528,,,2026-02-08T01:09:36.211764+00:00,,synthetic-seed
2802,24,PO_CREATED,PO,449,,"{""po_number"": ""PO-3449""}",2026-02-09T01:09:36.211764+00:00,,synthetic-seed
2803,16,RR_CREATED,RR,621,,"{""rr_number"": ""RR-1621""}",2026-07-03T16:09:36.211764+00:00,,synthetic-seed
2804,20,RR_CREATED,RR,622,,"{""rr_number"": ""RR-1622""}",2026-01-11T11:09:36.211764+00:00,,synthetic-seed
2805,15,DOA_APPROVED,RR,622,,,2026-01-26T11:09:36.211764+00:00,,synthetic-seed
2806,13,PR_CREATED,PR,529,,"{""pr_number"": ""PR-2529""}",2026-01-28T11:09:36.211764+00:00,,synthetic-seed
2807,3,NFA_APPROVED,PR,529,,,2026-02-03T11:09:36.211764+00:00,,synthetic-seed
2808,4,RR_CREATED,RR,623,,"{""rr_number"": ""RR-1623""}",2026-05-18T08:09:36.211764+00:00,,synthetic-seed
2809,15,DOA_APPROVED,RR,623,,,2026-06-13T08:09:36.211764+00:00,,synthetic-seed
2810,5,PR_CREATED,PR,530,,"{""pr_number"": ""PR-2530""}",2026-06-15T08:09:36.211764+00:00,,synthetic-seed
2811,3,NFA_APPROVED,PR,530,,,2026-06-19T08:09:36.211764+00:00,,synthetic-seed
2812,5,PO_CREATED,PO,450,,"{""po_number"": ""PO-3450""}",2026-06-20T08:09:36.211764+00:00,,synthetic-seed
2813,23,RR_CREATED,RR,624,,"{""rr_number"": ""RR-1624""}",2025-12-21T10:09:36.211764+00:00,,synthetic-seed
2814,2,DOA_APPROVED,RR,624,,,2025-12-23T10:09:36.211764+00:00,,synthetic-seed
2815,24,PR_CREATED,PR,531,,"{""pr_number"": ""PR-2531""}",2026-01-09T10:09:36.211764+00:00,,synthetic-seed
2816,24,RFQ_CLOSED,PR,531,,,2026-01-16T10:09:36.211764+00:00,,synthetic-seed
2817,24,PO_CREATED,PO,451,,"{""po_number"": ""PO-3451""}",2026-01-21T22:09:36.211764+00:00,,synthetic-seed
2818,14,RR_CREATED,RR,625,,"{""rr_number"": ""RR-1625""}",2026-04-18T00:09:36.211764+00:00,,synthetic-seed
2819,3,DOA_APPROVED,RR,625,,,2026-04-20T00:09:36.211764+00:00,,synthetic-seed
2820,24,PR_CREATED,PR,532,,"{""pr_number"": ""PR-2532""}",2026-04-22T00:09:36.211764+00:00,,synthetic-seed
2821,24,RFQ_CLOSED,PR,532,,,2026-05-02T00:09:36.211764+00:00,,synthetic-seed
2822,15,NFA_APPROVED,PR,532,,,2026-05-11T01:09:36.211764+00:00,,synthetic-seed
2823,24,PO_CREATED,PO,452,,"{""po_number"": ""PO-3452""}",2026-05-12T01:09:36.211764+00:00,,synthetic-seed
2824,13,RR_CREATED,RR,626,,"{""rr_number"": ""RR-1626""}",2026-04-01T21:09:36.211764+00:00,,synthetic-seed
2825,2,DOA_APPROVED,RR,626,,,2026-04-04T21:09:36.211764+00:00,,synthetic-seed
2826,5,PR_CREATED,PR,533,,"{""pr_number"": ""PR-2533""}",2026-04-07T21:09:36.211764+00:00,,synthetic-seed
2827,5,RFQ_CLOSED,PR,533,,,2026-04-16T21:09:36.211764+00:00,,synthetic-seed
2828,15,NFA_APPROVED,PR,533,,,2026-04-30T21:09:36.211764+00:00,,synthetic-seed
2829,5,PO_CREATED,PO,453,,"{""po_number"": ""PO-3453""}",2026-05-01T21:09:36.211764+00:00,,synthetic-seed
2830,8,RR_CREATED,RR,627,,"{""rr_number"": ""RR-1627""}",2026-05-10T17:09:36.211764+00:00,,synthetic-seed
2831,3,DOA_APPROVED,RR,627,,,2026-05-13T17:09:36.211764+00:00,,synthetic-seed
2832,13,PR_CREATED,PR,534,,"{""pr_number"": ""PR-2534""}",2026-05-16T17:09:36.211764+00:00,,synthetic-seed
2833,13,RFQ_CLOSED,PR,534,,,2026-05-22T17:09:36.211764+00:00,,synthetic-seed
2834,13,PO_CREATED,PO,454,,"{""po_number"": ""PO-3454""}",2026-05-30T23:09:36.211764+00:00,,synthetic-seed
2835,11,RR_CREATED,RR,628,,"{""rr_number"": ""RR-1628""}",2026-04-20T08:09:36.211764+00:00,,synthetic-seed
2836,2,DOA_APPROVED,RR,628,,,2026-04-22T08:09:36.211764+00:00,,synthetic-seed
2837,5,PR_CREATED,PR,535,,"{""pr_number"": ""PR-2535""}",2026-04-23T08:09:36.211764+00:00,,synthetic-seed
2838,5,RFQ_CLOSED,PR,535,,,2026-05-02T08:09:36.211764+00:00,,synthetic-seed
2839,5,PO_CREATED,PO,455,,"{""po_number"": ""PO-3455""}",2026-05-03T08:09:36.211764+00:00,,synthetic-seed
2840,7,RR_CREATED,RR,629,,"{""rr_number"": ""RR-1629""}",2026-04-27T04:09:36.211764+00:00,,synthetic-seed
2841,3,DOA_APPROVED,RR,629,,,2026-04-29T04:09:36.211764+00:00,,synthetic-seed
2842,12,PR_CREATED,PR,536,,"{""pr_number"": ""PR-2536""}",2026-04-30T04:09:36.211764+00:00,,synthetic-seed
2843,3,NFA_APPROVED,PR,536,,,2026-05-05T04:09:36.211764+00:00,,synthetic-seed
2844,12,PO_CREATED,PO,456,,"{""po_number"": ""PO-3456""}",2026-05-06T04:09:36.211764+00:00,,synthetic-seed
2845,13,RR_CREATED,RR,630,,"{""rr_number"": ""RR-1630""}",2026-04-05T15:09:36.211764+00:00,,synthetic-seed
2846,3,DOA_APPROVED,RR,630,,,2026-04-06T15:09:36.211764+00:00,,synthetic-seed
2847,12,PR_CREATED,PR,537,,"{""pr_number"": ""PR-2537""}",2026-04-08T15:09:36.211764+00:00,,synthetic-seed
2848,8,RR_CREATED,RR,631,,"{""rr_number"": ""RR-1631""}",2026-02-26T00:09:36.211764+00:00,,synthetic-seed
2849,3,DOA_APPROVED,RR,631,,,2026-03-02T00:09:36.211764+00:00,,synthetic-seed
2850,5,PR_CREATED,PR,538,,"{""pr_number"": ""PR-2538""}",2026-03-03T00:09:36.211764+00:00,,synthetic-seed
2851,11,RR_CREATED,RR,632,,"{""rr_number"": ""RR-1632""}",2026-02-19T23:09:36.211764+00:00,,synthetic-seed
2852,3,DOA_APPROVED,RR,632,,,2026-02-23T23:09:36.211764+00:00,,synthetic-seed
2853,12,PR_CREATED,PR,539,,"{""pr_number"": ""PR-2539""}",2026-02-24T23:09:36.211764+00:00,,synthetic-seed
2854,12,RFQ_CLOSED,PR,539,,,2026-03-30T23:09:36.211764+00:00,,synthetic-seed
2855,12,PO_CREATED,PO,457,,"{""po_number"": ""PO-3457""}",2026-03-31T23:09:36.211764+00:00,,synthetic-seed
2856,7,RR_CREATED,RR,633,,"{""rr_number"": ""RR-1633""}",2026-08-08T22:09:36.211764+00:00,,synthetic-seed
2857,15,APPROVAL_ESCALATED,RR,633,,,2026-08-10T22:09:36.211764+00:00,,synthetic-seed
2858,23,RR_CREATED,RR,634,,"{""rr_number"": ""RR-1634""}",2026-06-28T05:09:36.211764+00:00,,synthetic-seed
2859,15,DOA_APPROVED,RR,634,,,2026-07-01T05:09:36.211764+00:00,,synthetic-seed
2860,24,PR_CREATED,PR,540,,"{""pr_number"": ""PR-2540""}",2026-07-04T05:09:36.211764+00:00,,synthetic-seed
2861,24,RR_CREATED,RR,635,,"{""rr_number"": ""RR-1635""}",2026-05-31T14:09:36.211764+00:00,,synthetic-seed
2862,15,DOA_APPROVED,RR,635,,,2026-06-03T14:09:36.211764+00:00,,synthetic-seed
2863,5,PR_CREATED,PR,541,,"{""pr_number"": ""PR-2541""}",2026-06-06T14:09:36.211764+00:00,,synthetic-seed
2864,5,RFQ_CLOSED,PR,541,,,2026-06-16T14:09:36.211764+00:00,,synthetic-seed
2865,15,NFA_APPROVED,PR,541,,,2026-06-25T14:09:36.211764+00:00,,synthetic-seed
2866,5,PO_CREATED,PO,458,,"{""po_number"": ""PO-3458""}",2026-06-26T14:09:36.211764+00:00,,synthetic-seed
2867,22,RR_CREATED,RR,636,,"{""rr_number"": ""RR-1636""}",2026-07-12T13:09:36.211764+00:00,,synthetic-seed
2868,15,DOA_APPROVED,RR,636,,,2026-07-13T13:09:36.211764+00:00,,synthetic-seed
2869,5,PR_CREATED,PR,542,,"{""pr_number"": ""PR-2542""}",2026-07-14T13:09:36.211764+00:00,,synthetic-seed
2870,5,PO_CREATED,PO,459,,"{""po_number"": ""PO-3459""}",2026-07-15T13:09:36.211764+00:00,,synthetic-seed
2871,8,RR_CREATED,RR,637,,"{""rr_number"": ""RR-1637""}",2026-07-27T18:09:36.211764+00:00,,synthetic-seed
2872,24,RR_CREATED,RR,638,,"{""rr_number"": ""RR-1638""}",2026-05-08T18:09:36.211764+00:00,,synthetic-seed
2873,18,RR_CREATED,RR,639,,"{""rr_number"": ""RR-1639""}",2025-12-03T06:09:36.211764+00:00,,synthetic-seed
2874,3,DOA_APPROVED,RR,639,,,2025-12-05T06:09:36.211764+00:00,,synthetic-seed
2875,13,PR_CREATED,PR,543,,"{""pr_number"": ""PR-2543""}",2025-12-07T06:09:36.211764+00:00,,synthetic-seed
2876,13,RFQ_CLOSED,PR,543,,,2025-12-15T06:09:36.211764+00:00,,synthetic-seed
2877,15,NFA_APPROVED,PR,543,,,2026-01-09T09:09:36.211764+00:00,,synthetic-seed
2878,13,PO_CREATED,PO,460,,"{""po_number"": ""PO-3460""}",2026-01-10T09:09:36.211764+00:00,,synthetic-seed
2879,16,RR_CREATED,RR,640,,"{""rr_number"": ""RR-1640""}",2026-07-30T02:09:36.211764+00:00,,synthetic-seed
2880,15,DOA_APPROVED,RR,640,,,2026-07-31T02:09:36.211764+00:00,,synthetic-seed
2881,13,PR_CREATED,PR,544,,"{""pr_number"": ""PR-2544""}",2026-08-01T02:09:36.211764+00:00,,synthetic-seed
2882,13,RFQ_CLOSED,PR,544,,,2026-08-11T02:09:36.211764+00:00,,synthetic-seed
2883,22,RR_CREATED,RR,641,,"{""rr_number"": ""RR-1641""}",2026-07-10T07:09:36.211764+00:00,,synthetic-seed
2884,20,RR_CREATED,RR,642,,"{""rr_number"": ""RR-1642""}",2026-04-03T05:09:36.211764+00:00,,synthetic-seed
2885,15,DOA_APPROVED,RR,642,,,2026-04-06T05:09:36.211764+00:00,,synthetic-seed
2886,12,PR_CREATED,PR,545,,"{""pr_number"": ""PR-2545""}",2026-04-09T05:09:36.211764+00:00,,synthetic-seed
2887,2,RR_CREATED,RR,643,,"{""rr_number"": ""RR-1643""}",2026-01-13T16:09:36.211764+00:00,,synthetic-seed
2888,15,APPROVAL_ESCALATED,RR,643,,,2026-01-15T16:09:36.211764+00:00,,synthetic-seed
2889,18,RR_CREATED,RR,644,,"{""rr_number"": ""RR-1644""}",2026-01-31T23:09:36.211764+00:00,,synthetic-seed
2890,15,DOA_APPROVED,RR,644,,,2026-02-02T23:09:36.211764+00:00,,synthetic-seed
2891,13,PR_CREATED,PR,546,,"{""pr_number"": ""PR-2546""}",2026-02-03T23:09:36.211764+00:00,,synthetic-seed
2892,13,RFQ_CLOSED,PR,546,,,2026-03-09T23:09:36.211764+00:00,,synthetic-seed
2893,3,NFA_APPROVED,PR,546,,,2026-03-22T13:09:36.211764+00:00,,synthetic-seed
2894,13,PO_CREATED,PO,461,,"{""po_number"": ""PO-3461""}",2026-03-23T13:09:36.211764+00:00,,synthetic-seed
2895,5,RR_CREATED,RR,645,,"{""rr_number"": ""RR-1645""}",2026-01-24T18:09:36.211764+00:00,,synthetic-seed
2896,3,DOA_APPROVED,RR,645,,,2026-01-27T18:09:36.211764+00:00,,synthetic-seed
2897,12,PR_CREATED,PR,547,,"{""pr_number"": ""PR-2547""}",2026-01-29T18:09:36.211764+00:00,,synthetic-seed
2898,12,RFQ_CLOSED,PR,547,,,2026-02-06T18:09:36.211764+00:00,,synthetic-seed
2899,15,NFA_APPROVED,PR,547,,,2026-02-12T18:09:36.211764+00:00,,synthetic-seed
2900,12,PO_CREATED,PO,462,,"{""po_number"": ""PO-3462""}",2026-02-13T18:09:36.211764+00:00,,synthetic-seed
2901,9,RR_CREATED,RR,646,,"{""rr_number"": ""RR-1646""}",2026-06-20T10:09:36.211764+00:00,,synthetic-seed
2902,15,RR_CREATED,RR,647,,"{""rr_number"": ""RR-1647""}",2026-05-08T20:09:36.211764+00:00,,synthetic-seed
2903,2,DOA_APPROVED,RR,647,,,2026-05-11T20:09:36.211764+00:00,,synthetic-seed
2904,13,PR_CREATED,PR,548,,"{""pr_number"": ""PR-2548""}",2026-05-14T20:09:36.211764+00:00,,synthetic-seed
2905,13,PO_CREATED,PO,463,,"{""po_number"": ""PO-3463""}",2026-05-15T20:09:36.211764+00:00,,synthetic-seed
2906,22,RR_CREATED,RR,648,,"{""rr_number"": ""RR-1648""}",2026-05-06T12:09:36.211764+00:00,,synthetic-seed
2907,2,DOA_APPROVED,RR,648,,,2026-05-07T12:09:36.211764+00:00,,synthetic-seed
2908,5,PR_CREATED,PR,549,,"{""pr_number"": ""PR-2549""}",2026-05-08T12:09:36.211764+00:00,,synthetic-seed
2909,5,RFQ_CLOSED,PR,549,,,2026-06-20T12:09:36.211764+00:00,,synthetic-seed
2910,15,NFA_APPROVED,PR,549,,,2026-06-25T12:09:36.211764+00:00,,synthetic-seed
2911,5,PO_CREATED,PO,464,,"{""po_number"": ""PO-3464""}",2026-06-26T12:09:36.211764+00:00,,synthetic-seed
2912,4,RR_CREATED,RR,649,,"{""rr_number"": ""RR-1649""}",2026-04-09T23:09:36.211764+00:00,,synthetic-seed
2913,2,DOA_APPROVED,RR,649,,,2026-04-11T23:09:36.211764+00:00,,synthetic-seed
2914,13,PR_CREATED,PR,550,,"{""pr_number"": ""PR-2550""}",2026-04-12T23:09:36.211764+00:00,,synthetic-seed
2915,13,PO_CREATED,PO,465,,"{""po_number"": ""PO-3465""}",2026-04-13T23:09:36.211764+00:00,,synthetic-seed
2916,4,RR_CREATED,RR,650,,"{""rr_number"": ""RR-1650""}",2026-04-19T18:09:36.211764+00:00,,synthetic-seed
2917,15,DOA_APPROVED,RR,650,,,2026-04-21T18:09:36.211764+00:00,,synthetic-seed
2918,13,PR_CREATED,PR,551,,"{""pr_number"": ""PR-2551""}",2026-04-23T18:09:36.211764+00:00,,synthetic-seed
2919,13,RFQ_CLOSED,PR,551,,,2026-05-03T18:09:36.211764+00:00,,synthetic-seed
2920,15,NFA_APPROVED,PR,551,,,2026-05-19T18:09:36.211764+00:00,,synthetic-seed
2921,13,PO_CREATED,PO,466,,"{""po_number"": ""PO-3466""}",2026-05-20T18:09:36.211764+00:00,,synthetic-seed
2922,1,APPROVAL_APPROVED,APPROVAL,489,,"{""status"": ""APPROVED""}",2026-08-25T09:18:56.762884+00:00,,
2923,1,APPROVAL_APPROVED,APPROVAL,607,,"{""status"": ""APPROVED""}",2026-08-25T09:19:01.535574+00:00,,
2924,1,APPROVAL_APPROVED,APPROVAL,606,,"{""status"": ""APPROVED""}",2026-08-25T09:19:02.603403+00:00,,
2925,1,APPROVAL_APPROVED,APPROVAL,453,,"{""status"": ""APPROVED""}",2026-08-25T09:19:10.529690+00:00,,
