id,recipient_id,type,title,message,status,related_entity_type,related_entity_id,created_at,read_at
1,20,APPROVAL_RESULT,RR-1001 approved,Your requisition was approved at DOA.,READ,RR,1,2026-04-01T05:46:36.003322+00:00,2026-04-02T04:46:36.003322+00:00
2,20,PO_CREATED,PO-3001 created,A purchase order has been created for your requisition.,READ,PO,1,2026-04-11T05:46:36.003322+00:00,2026-04-11T14:46:36.003322+00:00
3,1,APPROVAL_RESULT,RR-1002 approved,Your requisition was approved at DOA.,READ,RR,2,2026-07-18T00:46:36.003322+00:00,2026-07-18T02:46:36.003322+00:00
4,1,PO_CREATED,PO-3002 created,A purchase order has been created for your requisition.,READ,PO,2,2026-07-22T00:46:36.003322+00:00,2026-07-23T03:46:36.003322+00:00
5,5,APPROVAL_RESULT,RR-1003 approved,Your requisition was approved at DOA.,UNREAD,RR,3,2026-03-18T07:46:36.003322+00:00,
6,5,PO_CREATED,PO-3003 created,A purchase order has been created for your requisition.,READ,PO,3,2026-03-23T07:46:36.003322+00:00,2026-03-23T21:46:36.003322+00:00
7,3,APPROVAL_REQUEST,DOA approval needed: RR-1004,A requisition is waiting on your DOA approval.,UNREAD,RR,4,2026-07-29T10:46:36.003322+00:00,
8,10,APPROVAL_RESULT,RR-1005 approved,Your requisition was approved at DOA.,READ,RR,5,2026-05-16T15:46:36.003322+00:00,2026-05-17T16:46:36.003322+00:00
9,10,PO_CREATED,PO-3004 created,A purchase order has been created for your requisition.,UNREAD,PO,4,2026-05-23T15:46:36.003322+00:00,
10,16,APPROVAL_RESULT,RR-1006 approved,Your requisition was approved at DOA.,READ,RR,6,2026-04-08T22:46:36.003322+00:00,2026-04-09T09:46:36.003322+00:00
11,16,PO_CREATED,PO-3005 created,A purchase order has been created for your requisition.,UNREAD,PO,5,2026-04-20T22:46:36.003322+00:00,
12,16,APPROVAL_RESULT,RR-1007 rejected,Your requisition was rejected at DOA approval.,UNREAD,RR,7,2025-12-27T13:46:36.003322+00:00,
13,4,APPROVAL_RESULT,RR-1008 approved,Your requisition was approved at DOA.,UNREAD,RR,8,2026-02-26T06:46:36.003322+00:00,
14,4,PO_CREATED,PO-3006 created,A purchase order has been created for your requisition.,UNREAD,PO,6,2026-03-16T06:46:36.003322+00:00,
15,19,APPROVAL_RESULT,RR-1009 rejected,Your requisition was rejected at DOA approval.,READ,RR,9,2026-06-19T04:46:36.003322+00:00,2026-06-20T06:46:36.003322+00:00
16,11,APPROVAL_RESULT,RR-1010 approved,Your requisition was approved at DOA.,UNREAD,RR,10,2026-03-29T04:46:36.003322+00:00,
17,11,PO_CREATED,PO-3007 created,A purchase order has been created for your requisition.,READ,PO,7,2026-04-02T04:46:36.003322+00:00,2026-04-02T09:46:36.003322+00:00
18,14,APPROVAL_RESULT,RR-1011 approved,Your requisition was approved at DOA.,UNREAD,RR,11,2026-01-17T22:46:36.003322+00:00,
19,14,PO_CREATED,PO-3008 created,A purchase order has been created for your requisition.,READ,PO,8,2026-01-29T22:46:36.003322+00:00,2026-01-30T23:46:36.003322+00:00
20,3,APPROVAL_RESULT,RR-1012 approved,Your requisition was approved at DOA.,READ,RR,12,2026-05-10T16:46:36.003322+00:00,2026-05-11T11:46:36.003322+00:00
21,3,PO_CREATED,PO-3009 created,A purchase order has been created for your requisition.,READ,PO,9,2026-06-15T16:46:36.003322+00:00,2026-06-16T21:46:36.003322+00:00
22,16,APPROVAL_RESULT,RR-1015 approved,Your requisition was approved at DOA.,UNREAD,RR,15,2026-04-14T15:46:36.003322+00:00,
23,16,PO_CREATED,PO-3010 created,A purchase order has been created for your requisition.,UNREAD,PO,10,2026-05-06T15:46:36.003322+00:00,
24,15,APPROVAL_RESULT,RR-1016 approved,Your requisition was approved at DOA.,READ,RR,16,2026-03-25T12:46:36.003322+00:00,2026-03-26T11:46:36.003322+00:00
25,15,PO_CREATED,PO-3011 created,A purchase order has been created for your requisition.,READ,PO,11,2026-04-08T12:46:36.003322+00:00,2026-04-09T02:46:36.003322+00:00
26,3,APPROVAL_RESULT,RR-1017 approved,Your requisition was approved at DOA.,UNREAD,RR,17,2026-05-12T07:46:36.003322+00:00,
27,3,PO_CREATED,PO-3012 created,A purchase order has been created for your requisition.,UNREAD,PO,12,2026-05-29T07:46:36.003322+00:00,
28,11,APPROVAL_RESULT,RR-1018 approved,Your requisition was approved at DOA.,READ,RR,18,2026-07-26T06:46:36.003322+00:00,2026-07-27T06:46:36.003322+00:00
29,11,PO_CREATED,PO-3013 created,A purchase order has been created for your requisition.,UNREAD,PO,13,2026-07-29T06:46:36.003322+00:00,
30,1,APPROVAL_RESULT,RR-1019 approved,Your requisition was approved at DOA.,READ,RR,19,2026-07-17T03:46:36.003322+00:00,2026-07-17T17:46:36.003322+00:00
31,1,PO_CREATED,PO-3014 created,A purchase order has been created for your requisition.,READ,PO,14,2026-08-10T03:46:36.003322+00:00,2026-08-11T05:46:36.003322+00:00
32,4,APPROVAL_RESULT,RR-1020 approved,Your requisition was approved at DOA.,READ,RR,20,2026-03-18T12:46:36.003322+00:00,2026-03-19T11:46:36.003322+00:00
33,19,APPROVAL_RESULT,RR-1021 approved,Your requisition was approved at DOA.,UNREAD,RR,21,2026-06-04T08:46:36.003322+00:00,
34,15,APPROVAL_REQUEST,DOA approval needed: RR-1022,A requisition is waiting on your DOA approval.,UNREAD,RR,22,2026-07-15T08:46:36.003322+00:00,
35,11,APPROVAL_RESULT,RR-1023 approved,Your requisition was approved at DOA.,UNREAD,RR,23,2026-05-13T14:46:36.003322+00:00,
36,11,PO_CREATED,PO-3015 created,A purchase order has been created for your requisition.,READ,PO,15,2026-06-01T14:46:36.003322+00:00,2026-06-02T16:46:36.003322+00:00
37,4,APPROVAL_RESULT,RR-1024 approved,Your requisition was approved at DOA.,READ,RR,24,2026-02-28T14:46:36.003322+00:00,2026-03-01T04:46:36.003322+00:00
38,4,PO_CREATED,PO-3016 created,A purchase order has been created for your requisition.,UNREAD,PO,16,2026-03-08T14:46:36.003322+00:00,
39,3,APPROVAL_RESULT,RR-1025 approved,Your requisition was approved at DOA.,UNREAD,RR,25,2026-05-30T03:46:36.003322+00:00,
40,3,PO_CREATED,PO-3017 created,A purchase order has been created for your requisition.,READ,PO,17,2026-06-17T03:46:36.003322+00:00,2026-06-17T19:46:36.003322+00:00
41,14,APPROVAL_RESULT,RR-1026 approved,Your requisition was approved at DOA.,UNREAD,RR,26,2026-01-22T23:46:36.003322+00:00,
42,14,PO_CREATED,PO-3018 created,A purchase order has been created for your requisition.,UNREAD,PO,18,2026-01-29T23:46:36.003322+00:00,
43,10,APPROVAL_RESULT,RR-1027 approved,Your requisition was approved at DOA.,READ,RR,27,2026-07-20T17:46:36.003322+00:00,2026-07-21T07:46:36.003322+00:00
44,3,APPROVAL_REQUEST,NFA approval needed: PR-2021,An NFA is waiting on your approval.,UNREAD,PR,21,2026-08-10T17:46:36.003322+00:00,
45,13,APPROVAL_RESULT,RR-1028 approved,Your requisition was approved at DOA.,UNREAD,RR,28,2026-01-31T04:46:36.003322+00:00,
46,13,PO_CREATED,PO-3019 created,A purchase order has been created for your requisition.,READ,PO,19,2026-03-04T04:46:36.003322+00:00,2026-03-04T21:46:36.003322+00:00
47,22,APPROVAL_RESULT,RR-1029 approved,Your requisition was approved at DOA.,READ,RR,29,2026-01-01T04:46:36.003322+00:00,2026-01-01T18:46:36.003322+00:00
48,22,PO_CREATED,PO-3020 created,A purchase order has been created for your requisition.,UNREAD,PO,20,2026-01-19T04:46:36.003322+00:00,
49,10,APPROVAL_RESULT,RR-1030 approved,Your requisition was approved at DOA.,READ,RR,30,2026-06-03T03:46:36.003322+00:00,2026-06-03T07:46:36.003322+00:00
50,10,PO_CREATED,PO-3021 created,A purchase order has been created for your requisition.,UNREAD,PO,21,2026-06-26T02:46:36.003322+00:00,
51,5,APPROVAL_RESULT,RR-1031 approved,Your requisition was approved at DOA.,READ,RR,31,2025-12-18T17:46:36.003322+00:00,2025-12-19T16:46:36.003322+00:00
52,5,PO_CREATED,PO-3022 created,A purchase order has been created for your requisition.,UNREAD,PO,22,2026-01-06T17:46:36.003322+00:00,
53,11,APPROVAL_RESULT,RR-1032 approved,Your requisition was approved at DOA.,READ,RR,32,2025-11-30T06:46:36.003322+00:00,2025-11-30T13:46:36.003322+00:00
54,11,PO_CREATED,PO-3023 created,A purchase order has been created for your requisition.,UNREAD,PO,23,2025-12-09T06:46:36.003322+00:00,
55,5,APPROVAL_RESULT,RR-1033 approved,Your requisition was approved at DOA.,READ,RR,33,2026-04-24T02:46:36.003322+00:00,2026-04-25T00:46:36.003322+00:00
56,5,PO_CREATED,PO-3024 created,A purchase order has been created for your requisition.,READ,PO,24,2026-05-14T19:46:36.003322+00:00,2026-05-15T22:46:36.003322+00:00
57,5,APPROVAL_RESULT,RR-1034 approved,Your requisition was approved at DOA.,UNREAD,RR,34,2026-04-28T00:46:36.003322+00:00,
58,5,PO_CREATED,PO-3025 created,A purchase order has been created for your requisition.,READ,PO,25,2026-06-03T20:46:36.003322+00:00,2026-06-03T22:46:36.003322+00:00
59,10,APPROVAL_RESULT,RR-1036 approved,Your requisition was approved at DOA.,READ,RR,36,2026-05-30T20:46:36.003322+00:00,2026-05-31T09:46:36.003322+00:00
60,10,PO_CREATED,PO-3026 created,A purchase order has been created for your requisition.,UNREAD,PO,26,2026-06-14T20:46:36.003322+00:00,
61,4,APPROVAL_RESULT,RR-1038 approved,Your requisition was approved at DOA.,READ,RR,38,2026-05-21T13:46:36.003322+00:00,2026-05-22T17:46:36.003322+00:00
62,4,PO_CREATED,PO-3027 created,A purchase order has been created for your requisition.,UNREAD,PO,27,2026-06-08T10:46:36.003322+00:00,
63,23,APPROVAL_RESULT,RR-1039 approved,Your requisition was approved at DOA.,UNREAD,RR,39,2026-05-04T02:46:36.003322+00:00,
64,23,PO_CREATED,PO-3028 created,A purchase order has been created for your requisition.,UNREAD,PO,28,2026-05-14T02:46:36.003322+00:00,
65,3,APPROVAL_RESULT,RR-1040 approved,Your requisition was approved at DOA.,READ,RR,40,2026-04-28T16:46:36.003322+00:00,2026-04-29T20:46:36.003322+00:00
66,3,PO_CREATED,PO-3029 created,A purchase order has been created for your requisition.,UNREAD,PO,29,2026-05-04T16:46:36.003322+00:00,
67,23,APPROVAL_RESULT,RR-1041 approved,Your requisition was approved at DOA.,READ,RR,41,2026-01-17T16:46:36.003322+00:00,2026-01-18T20:46:36.003322+00:00
68,23,PO_CREATED,PO-3030 created,A purchase order has been created for your requisition.,UNREAD,PO,30,2026-02-02T16:46:36.003322+00:00,
69,17,APPROVAL_RESULT,RR-1042 approved,Your requisition was approved at DOA.,UNREAD,RR,42,2026-02-19T06:46:36.003322+00:00,
70,17,PO_CREATED,PO-3031 created,A purchase order has been created for your requisition.,UNREAD,PO,31,2026-03-19T06:46:36.003322+00:00,
71,18,APPROVAL_RESULT,RR-1043 approved,Your requisition was approved at DOA.,READ,RR,43,2026-01-19T15:46:36.003322+00:00,2026-01-20T21:46:36.003322+00:00
72,18,PO_CREATED,PO-3032 created,A purchase order has been created for your requisition.,UNREAD,PO,32,2026-02-27T15:46:36.003322+00:00,
73,7,APPROVAL_RESULT,RR-1044 approved,Your requisition was approved at DOA.,READ,RR,44,2026-08-05T18:46:36.003322+00:00,2026-08-06T10:46:36.003322+00:00
74,7,PO_CREATED,PO-3033 created,A purchase order has been created for your requisition.,UNREAD,PO,33,2026-09-12T18:46:36.003322+00:00,
75,13,APPROVAL_RESULT,RR-1045 approved,Your requisition was approved at DOA.,READ,RR,45,2026-01-26T14:46:36.003322+00:00,2026-01-27T06:46:36.003322+00:00
76,13,PO_CREATED,PO-3034 created,A purchase order has been created for your requisition.,UNREAD,PO,34,2026-01-29T14:46:36.003322+00:00,
77,21,APPROVAL_RESULT,RR-1046 approved,Your requisition was approved at DOA.,UNREAD,RR,46,2026-06-07T08:46:36.003322+00:00,
78,21,PO_CREATED,PO-3035 created,A purchase order has been created for your requisition.,READ,PO,35,2026-07-16T08:46:36.003322+00:00,2026-07-17T07:46:36.003322+00:00
79,3,APPROVAL_RESULT,RR-1047 approved,Your requisition was approved at DOA.,READ,RR,47,2026-04-07T23:46:36.003322+00:00,2026-04-09T03:46:36.003322+00:00
80,3,PO_CREATED,PO-3036 created,A purchase order has been created for your requisition.,UNREAD,PO,36,2026-04-29T17:46:36.003322+00:00,
81,23,APPROVAL_RESULT,RR-1048 approved,Your requisition was approved at DOA.,UNREAD,RR,48,2025-12-27T23:46:36.003322+00:00,
82,9,APPROVAL_RESULT,RR-1049 approved,Your requisition was approved at DOA.,READ,RR,49,2026-02-19T21:46:36.003322+00:00,2026-02-20T10:46:36.003322+00:00
83,9,PO_CREATED,PO-3037 created,A purchase order has been created for your requisition.,UNREAD,PO,37,2026-03-10T09:46:36.003322+00:00,
84,20,APPROVAL_RESULT,RR-1050 approved,Your requisition was approved at DOA.,READ,RR,50,2026-06-02T13:46:36.003322+00:00,2026-06-03T12:46:36.003322+00:00
85,24,APPROVAL_RESULT,RR-1051 approved,Your requisition was approved at DOA.,READ,RR,51,2026-05-23T17:46:36.003322+00:00,2026-05-23T21:46:36.003322+00:00
86,24,PO_CREATED,PO-3038 created,A purchase order has been created for your requisition.,UNREAD,PO,38,2026-06-09T17:46:36.003322+00:00,
87,14,APPROVAL_RESULT,RR-1052 approved,Your requisition was approved at DOA.,READ,RR,52,2026-06-17T06:46:36.003322+00:00,2026-06-17T17:46:36.003322+00:00
88,14,PO_CREATED,PO-3039 created,A purchase order has been created for your requisition.,UNREAD,PO,39,2026-07-23T06:46:36.003322+00:00,
89,5,APPROVAL_RESULT,RR-1053 approved,Your requisition was approved at DOA.,READ,RR,53,2025-12-31T14:46:36.003322+00:00,2026-01-01T07:46:36.003322+00:00
90,5,PO_CREATED,PO-3040 created,A purchase order has been created for your requisition.,READ,PO,40,2026-02-20T01:46:36.003322+00:00,2026-02-20T13:46:36.003322+00:00
91,15,APPROVAL_RESULT,RR-1054 approved,Your requisition was approved at DOA.,READ,RR,54,2025-12-05T10:46:36.003322+00:00,2025-12-06T05:46:36.003322+00:00
92,15,PO_CREATED,PO-3041 created,A purchase order has been created for your requisition.,UNREAD,PO,41,2025-12-08T10:46:36.003322+00:00,
93,20,APPROVAL_RESULT,RR-1055 approved,Your requisition was approved at DOA.,UNREAD,RR,55,2025-12-19T07:46:36.003322+00:00,
94,20,PO_CREATED,PO-3042 created,A purchase order has been created for your requisition.,READ,PO,42,2025-12-27T07:46:36.003322+00:00,2025-12-27T20:46:36.003322+00:00
95,17,APPROVAL_RESULT,RR-1056 approved,Your requisition was approved at DOA.,READ,RR,56,2026-06-02T23:46:36.003322+00:00,2026-06-03T17:46:36.003322+00:00
96,17,PO_CREATED,PO-3043 created,A purchase order has been created for your requisition.,READ,PO,43,2026-07-03T23:46:36.003322+00:00,2026-07-05T02:46:36.003322+00:00
97,5,APPROVAL_RESULT,RR-1057 approved,Your requisition was approved at DOA.,READ,RR,57,2025-12-21T11:46:36.003322+00:00,2025-12-22T07:46:36.003322+00:00
98,5,PO_CREATED,PO-3044 created,A purchase order has been created for your requisition.,READ,PO,44,2026-01-09T11:46:36.003322+00:00,2026-01-09T13:46:36.003322+00:00
99,19,APPROVAL_RESULT,RR-1058 approved,Your requisition was approved at DOA.,READ,RR,58,2026-04-19T23:46:36.003322+00:00,2026-04-20T00:46:36.003322+00:00
100,14,APPROVAL_RESULT,RR-1059 approved,Your requisition was approved at DOA.,READ,RR,59,2025-12-12T05:46:36.003322+00:00,2025-12-12T11:46:36.003322+00:00
101,14,PO_CREATED,PO-3045 created,A purchase order has been created for your requisition.,READ,PO,45,2025-12-22T05:46:36.003322+00:00,2025-12-23T09:46:36.003322+00:00
102,20,APPROVAL_RESULT,RR-1060 approved,Your requisition was approved at DOA.,UNREAD,RR,60,2026-08-28T05:46:36.003322+00:00,
103,7,APPROVAL_RESULT,RR-1061 approved,Your requisition was approved at DOA.,UNREAD,RR,61,2026-07-20T05:46:36.003322+00:00,
104,7,PO_CREATED,PO-3046 created,A purchase order has been created for your requisition.,READ,PO,46,2026-08-11T14:46:36.003322+00:00,2026-08-11T17:46:36.003322+00:00
105,22,APPROVAL_RESULT,RR-1062 approved,Your requisition was approved at DOA.,UNREAD,RR,62,2026-04-07T17:46:36.003322+00:00,
106,22,PO_CREATED,PO-3047 created,A purchase order has been created for your requisition.,UNREAD,PO,47,2026-05-23T17:46:36.003322+00:00,
107,15,APPROVAL_RESULT,RR-1063 approved,Your requisition was approved at DOA.,READ,RR,63,2026-04-22T15:46:36.003322+00:00,2026-04-22T19:46:36.003322+00:00
108,15,PO_CREATED,PO-3048 created,A purchase order has been created for your requisition.,UNREAD,PO,48,2026-05-13T02:46:36.003322+00:00,
109,8,APPROVAL_RESULT,RR-1064 approved,Your requisition was approved at DOA.,UNREAD,RR,64,2026-04-20T15:46:36.003322+00:00,
110,8,PO_CREATED,PO-3049 created,A purchase order has been created for your requisition.,UNREAD,PO,49,2026-05-14T15:46:36.003322+00:00,
111,3,APPROVAL_RESULT,RR-1065 approved,Your requisition was approved at DOA.,UNREAD,RR,65,2026-03-17T21:46:36.003322+00:00,
112,3,PO_CREATED,PO-3050 created,A purchase order has been created for your requisition.,READ,PO,50,2026-04-20T21:46:36.003322+00:00,2026-04-21T17:46:36.003322+00:00
113,22,APPROVAL_RESULT,RR-1066 approved,Your requisition was approved at DOA.,READ,RR,66,2026-03-23T15:46:36.003322+00:00,2026-03-24T17:46:36.003322+00:00
114,22,PO_CREATED,PO-3051 created,A purchase order has been created for your requisition.,READ,PO,51,2026-03-27T15:46:36.003322+00:00,2026-03-28T12:46:36.003322+00:00
115,2,APPROVAL_RESULT,RR-1067 approved,Your requisition was approved at DOA.,READ,RR,67,2026-01-20T06:46:36.003322+00:00,2026-01-20T08:46:36.003322+00:00
116,12,APPROVAL_RESULT,NFA rejected for PR-2058,The NFA for this PR was rejected.,UNREAD,PR,58,2026-02-02T06:46:36.003322+00:00,
117,22,APPROVAL_RESULT,RR-1068 approved,Your requisition was approved at DOA.,READ,RR,68,2026-06-16T00:46:36.003322+00:00,2026-06-16T10:46:36.003322+00:00
118,22,PO_CREATED,PO-3052 created,A purchase order has been created for your requisition.,UNREAD,PO,52,2026-06-29T00:46:36.003322+00:00,
119,17,APPROVAL_RESULT,RR-1069 approved,Your requisition was approved at DOA.,READ,RR,69,2026-01-19T11:46:36.003322+00:00,2026-01-19T12:46:36.003322+00:00
120,17,PO_CREATED,PO-3053 created,A purchase order has been created for your requisition.,READ,PO,53,2026-02-22T11:46:36.003322+00:00,2026-02-23T15:46:36.003322+00:00
121,12,APPROVAL_RESULT,RR-1070 approved,Your requisition was approved at DOA.,READ,RR,70,2026-06-06T01:46:36.003322+00:00,2026-06-06T04:46:36.003322+00:00
122,12,PO_CREATED,PO-3054 created,A purchase order has been created for your requisition.,READ,PO,54,2026-06-14T01:46:36.003322+00:00,2026-06-14T21:46:36.003322+00:00
123,24,APPROVAL_RESULT,RR-1071 approved,Your requisition was approved at DOA.,UNREAD,RR,71,2026-04-20T19:46:36.003322+00:00,
124,24,PO_CREATED,PO-3055 created,A purchase order has been created for your requisition.,READ,PO,55,2026-04-25T19:46:36.003322+00:00,2026-04-26T02:46:36.003322+00:00
125,20,APPROVAL_RESULT,RR-1072 approved,Your requisition was approved at DOA.,READ,RR,72,2026-08-10T00:46:36.003322+00:00,2026-08-10T10:46:36.003322+00:00
126,1,APPROVAL_RESULT,RR-1073 approved,Your requisition was approved at DOA.,READ,RR,73,2026-05-10T02:46:36.003322+00:00,2026-05-10T12:46:36.003322+00:00
127,1,PO_CREATED,PO-3056 created,A purchase order has been created for your requisition.,READ,PO,56,2026-06-15T02:46:36.003322+00:00,2026-06-15T18:46:36.003322+00:00
128,6,APPROVAL_RESULT,RR-1074 approved,Your requisition was approved at DOA.,UNREAD,RR,74,2026-06-03T07:46:36.003322+00:00,
129,23,APPROVAL_RESULT,RR-1075 approved,Your requisition was approved at DOA.,READ,RR,75,2026-07-15T01:46:36.003322+00:00,2026-07-15T08:46:36.003322+00:00
130,23,PO_CREATED,PO-3057 created,A purchase order has been created for your requisition.,READ,PO,57,2026-07-27T01:46:36.003322+00:00,2026-07-28T02:46:36.003322+00:00
131,1,APPROVAL_RESULT,RR-1076 approved,Your requisition was approved at DOA.,READ,RR,76,2026-05-13T20:46:36.003322+00:00,2026-05-14T11:46:36.003322+00:00
132,1,PO_CREATED,PO-3058 created,A purchase order has been created for your requisition.,UNREAD,PO,58,2026-06-18T02:46:36.003322+00:00,
133,10,APPROVAL_RESULT,RR-1077 approved,Your requisition was approved at DOA.,READ,RR,77,2026-04-04T17:46:36.003322+00:00,2026-04-05T13:46:36.003322+00:00
134,10,PO_CREATED,PO-3059 created,A purchase order has been created for your requisition.,UNREAD,PO,59,2026-04-27T03:46:36.003322+00:00,
135,20,APPROVAL_RESULT,RR-1078 approved,Your requisition was approved at DOA.,READ,RR,78,2026-04-30T04:46:36.003322+00:00,2026-05-01T02:46:36.003322+00:00
136,20,PO_CREATED,PO-3060 created,A purchase order has been created for your requisition.,UNREAD,PO,60,2026-06-15T18:46:36.003322+00:00,
137,18,APPROVAL_RESULT,RR-1079 approved,Your requisition was approved at DOA.,READ,RR,79,2025-12-17T01:46:36.003322+00:00,2025-12-17T03:46:36.003322+00:00
138,18,PO_CREATED,PO-3061 created,A purchase order has been created for your requisition.,READ,PO,61,2025-12-30T01:46:36.003322+00:00,2025-12-30T19:46:36.003322+00:00
139,5,APPROVAL_RESULT,RR-1080 approved,Your requisition was approved at DOA.,UNREAD,RR,80,2025-12-31T21:46:36.003322+00:00,
140,5,PO_CREATED,PO-3062 created,A purchase order has been created for your requisition.,UNREAD,PO,62,2026-01-13T21:46:36.003322+00:00,
141,7,APPROVAL_RESULT,RR-1081 approved,Your requisition was approved at DOA.,READ,RR,81,2026-01-21T13:46:36.003322+00:00,2026-01-22T17:46:36.003322+00:00
142,17,APPROVAL_RESULT,RR-1082 approved,Your requisition was approved at DOA.,UNREAD,RR,82,2026-02-18T00:46:36.003322+00:00,
143,23,APPROVAL_RESULT,RR-1083 approved,Your requisition was approved at DOA.,UNREAD,RR,83,2026-04-22T06:46:36.003322+00:00,
144,11,APPROVAL_RESULT,RR-1084 approved,Your requisition was approved at DOA.,READ,RR,84,2026-06-14T11:46:36.003322+00:00,2026-06-15T06:46:36.003322+00:00
145,11,PO_CREATED,PO-3063 created,A purchase order has been created for your requisition.,UNREAD,PO,63,2026-07-27T18:46:36.003322+00:00,
146,20,APPROVAL_RESULT,RR-1085 approved,Your requisition was approved at DOA.,READ,RR,85,2026-06-15T21:46:36.003322+00:00,2026-06-16T18:46:36.003322+00:00
147,20,PO_CREATED,PO-3064 created,A purchase order has been created for your requisition.,READ,PO,64,2026-06-18T21:46:36.003322+00:00,2026-06-19T13:46:36.003322+00:00
148,5,APPROVAL_RESULT,RR-1086 approved,Your requisition was approved at DOA.,READ,RR,86,2026-06-01T02:46:36.003322+00:00,2026-06-01T06:46:36.003322+00:00
149,24,APPROVAL_RESULT,RR-1087 approved,Your requisition was approved at DOA.,READ,RR,87,2026-01-05T22:46:36.003322+00:00,2026-01-06T13:46:36.003322+00:00
150,24,PO_CREATED,PO-3065 created,A purchase order has been created for your requisition.,UNREAD,PO,65,2026-01-24T22:46:36.003322+00:00,
151,6,APPROVAL_RESULT,RR-1088 approved,Your requisition was approved at DOA.,READ,RR,88,2026-02-02T22:46:36.003322+00:00,2026-02-04T04:46:36.003322+00:00
152,6,PO_CREATED,PO-3066 created,A purchase order has been created for your requisition.,READ,PO,66,2026-03-06T22:46:36.003322+00:00,2026-03-08T03:46:36.003322+00:00
153,13,APPROVAL_RESULT,RR-1089 approved,Your requisition was approved at DOA.,UNREAD,RR,89,2026-06-16T03:46:36.003322+00:00,
154,13,PO_CREATED,PO-3067 created,A purchase order has been created for your requisition.,UNREAD,PO,67,2026-06-19T03:46:36.003322+00:00,
155,12,APPROVAL_RESULT,RR-1091 approved,Your requisition was approved at DOA.,UNREAD,RR,91,2026-01-24T20:46:36.003322+00:00,
156,12,PO_CREATED,PO-3068 created,A purchase order has been created for your requisition.,READ,PO,68,2026-01-29T20:46:36.003322+00:00,2026-01-30T20:46:36.003322+00:00
157,12,APPROVAL_RESULT,RR-1092 approved,Your requisition was approved at DOA.,READ,RR,92,2026-01-16T00:46:36.003322+00:00,2026-01-17T03:46:36.003322+00:00
158,12,PO_CREATED,PO-3069 created,A purchase order has been created for your requisition.,UNREAD,PO,69,2026-01-25T00:46:36.003322+00:00,
159,6,APPROVAL_RESULT,RR-1093 approved,Your requisition was approved at DOA.,READ,RR,93,2026-04-25T00:46:36.003322+00:00,2026-04-25T09:46:36.003322+00:00
160,6,PO_CREATED,PO-3070 created,A purchase order has been created for your requisition.,READ,PO,70,2026-05-16T05:46:36.003322+00:00,2026-05-16T21:46:36.003322+00:00
161,12,APPROVAL_RESULT,RR-1094 approved,Your requisition was approved at DOA.,READ,RR,94,2026-08-26T04:46:36.003322+00:00,2026-08-26T16:46:36.003322+00:00
162,12,PO_CREATED,PO-3071 created,A purchase order has been created for your requisition.,UNREAD,PO,71,2026-09-13T04:46:36.003322+00:00,
163,6,APPROVAL_RESULT,RR-1095 approved,Your requisition was approved at DOA.,UNREAD,RR,95,2026-08-26T03:46:36.003322+00:00,
164,6,PO_CREATED,PO-3072 created,A purchase order has been created for your requisition.,READ,PO,72,2026-09-02T03:46:36.003322+00:00,2026-09-02T13:46:36.003322+00:00
165,24,APPROVAL_RESULT,RR-1096 approved,Your requisition was approved at DOA.,READ,RR,96,2026-06-04T19:46:36.003322+00:00,2026-06-05T02:46:36.003322+00:00
166,24,PO_CREATED,PO-3073 created,A purchase order has been created for your requisition.,UNREAD,PO,73,2026-06-25T19:46:36.003322+00:00,
167,14,APPROVAL_RESULT,RR-1097 approved,Your requisition was approved at DOA.,READ,RR,97,2026-03-31T15:46:36.003322+00:00,2026-03-31T17:46:36.003322+00:00
168,14,PO_CREATED,PO-3074 created,A purchase order has been created for your requisition.,UNREAD,PO,74,2026-04-17T15:46:36.003322+00:00,
169,6,APPROVAL_RESULT,RR-1098 approved,Your requisition was approved at DOA.,UNREAD,RR,98,2026-04-14T18:46:36.003322+00:00,
170,6,PO_CREATED,PO-3075 created,A purchase order has been created for your requisition.,UNREAD,PO,75,2026-05-04T18:46:36.003322+00:00,
171,19,APPROVAL_RESULT,RR-1099 approved,Your requisition was approved at DOA.,READ,RR,99,2026-05-09T17:46:36.003322+00:00,2026-05-10T14:46:36.003322+00:00
172,19,PO_CREATED,PO-3076 created,A purchase order has been created for your requisition.,UNREAD,PO,76,2026-06-22T17:46:36.003322+00:00,
173,12,APPROVAL_RESULT,RR-1100 approved,Your requisition was approved at DOA.,READ,RR,100,2026-07-15T16:46:36.003322+00:00,2026-07-16T08:46:36.003322+00:00
174,23,APPROVAL_RESULT,RR-1101 approved,Your requisition was approved at DOA.,READ,RR,101,2025-12-14T09:46:36.003322+00:00,2025-12-15T05:46:36.003322+00:00
175,23,PO_CREATED,PO-3077 created,A purchase order has been created for your requisition.,READ,PO,77,2025-12-22T09:46:36.003322+00:00,2025-12-23T15:46:36.003322+00:00
176,4,APPROVAL_RESULT,RR-1102 approved,Your requisition was approved at DOA.,READ,RR,102,2026-04-04T05:46:36.003322+00:00,2026-04-04T09:46:36.003322+00:00
177,4,PO_CREATED,PO-3078 created,A purchase order has been created for your requisition.,READ,PO,78,2026-04-15T05:46:36.003322+00:00,2026-04-15T11:46:36.003322+00:00
178,9,APPROVAL_RESULT,RR-1104 approved,Your requisition was approved at DOA.,READ,RR,104,2026-06-20T22:46:36.003322+00:00,2026-06-21T14:46:36.003322+00:00
179,9,PO_CREATED,PO-3079 created,A purchase order has been created for your requisition.,UNREAD,PO,79,2026-06-23T22:46:36.003322+00:00,
180,11,APPROVAL_RESULT,RR-1105 approved,Your requisition was approved at DOA.,UNREAD,RR,105,2026-08-06T01:46:36.003322+00:00,
181,11,PO_CREATED,PO-3080 created,A purchase order has been created for your requisition.,READ,PO,80,2026-08-16T01:46:36.003322+00:00,2026-08-16T13:46:36.003322+00:00
182,3,APPROVAL_RESULT,RR-1106 approved,Your requisition was approved at DOA.,UNREAD,RR,106,2026-05-06T03:46:36.003322+00:00,
183,3,PO_CREATED,PO-3081 created,A purchase order has been created for your requisition.,UNREAD,PO,81,2026-06-07T03:46:36.003322+00:00,
184,9,APPROVAL_RESULT,RR-1107 approved,Your requisition was approved at DOA.,UNREAD,RR,107,2026-06-02T12:46:36.003322+00:00,
185,22,APPROVAL_RESULT,RR-1108 approved,Your requisition was approved at DOA.,READ,RR,108,2026-01-20T02:46:36.003322+00:00,2026-01-21T06:46:36.003322+00:00
186,22,PO_CREATED,PO-3082 created,A purchase order has been created for your requisition.,READ,PO,82,2026-02-10T02:46:36.003322+00:00,2026-02-11T04:46:36.003322+00:00
187,15,APPROVAL_REQUEST,DOA approval needed: RR-1109,A requisition is waiting on your DOA approval.,UNREAD,RR,109,2026-06-16T23:46:36.003322+00:00,
188,21,APPROVAL_RESULT,RR-1110 approved,Your requisition was approved at DOA.,READ,RR,110,2026-01-30T16:46:36.003322+00:00,2026-01-31T19:46:36.003322+00:00
189,21,PO_CREATED,PO-3083 created,A purchase order has been created for your requisition.,UNREAD,PO,83,2026-02-15T16:46:36.003322+00:00,
190,11,APPROVAL_RESULT,RR-1111 approved,Your requisition was approved at DOA.,UNREAD,RR,111,2025-12-17T19:46:36.003322+00:00,
191,11,PO_CREATED,PO-3084 created,A purchase order has been created for your requisition.,READ,PO,84,2026-01-08T00:46:36.003322+00:00,2026-01-09T00:46:36.003322+00:00
192,16,APPROVAL_RESULT,RR-1112 approved,Your requisition was approved at DOA.,READ,RR,112,2026-05-21T18:46:36.003322+00:00,2026-05-22T21:46:36.003322+00:00
193,17,APPROVAL_RESULT,RR-1113 approved,Your requisition was approved at DOA.,UNREAD,RR,113,2026-07-31T23:46:36.003322+00:00,
194,17,PO_CREATED,PO-3085 created,A purchase order has been created for your requisition.,READ,PO,85,2026-08-03T23:46:36.003322+00:00,2026-08-04T10:46:36.003322+00:00
195,14,APPROVAL_RESULT,RR-1114 approved,Your requisition was approved at DOA.,READ,RR,114,2026-04-30T09:46:36.003322+00:00,2026-05-01T06:46:36.003322+00:00
196,14,PO_CREATED,PO-3086 created,A purchase order has been created for your requisition.,UNREAD,PO,86,2026-06-04T09:46:36.003322+00:00,
197,19,APPROVAL_RESULT,RR-1115 approved,Your requisition was approved at DOA.,READ,RR,115,2026-07-28T16:46:36.003322+00:00,2026-07-29T17:46:36.003322+00:00
198,19,PO_CREATED,PO-3087 created,A purchase order has been created for your requisition.,UNREAD,PO,87,2026-08-23T16:46:36.003322+00:00,
199,23,APPROVAL_RESULT,RR-1116 approved,Your requisition was approved at DOA.,READ,RR,116,2025-12-11T05:46:36.003322+00:00,2025-12-12T01:46:36.003322+00:00
200,23,PO_CREATED,PO-3088 created,A purchase order has been created for your requisition.,READ,PO,88,2026-01-26T13:46:36.003322+00:00,2026-01-26T15:46:36.003322+00:00
201,7,APPROVAL_RESULT,RR-1117 approved,Your requisition was approved at DOA.,READ,RR,117,2026-08-12T19:46:36.003322+00:00,2026-08-12T21:46:36.003322+00:00
202,7,PO_CREATED,PO-3089 created,A purchase order has been created for your requisition.,READ,PO,89,2026-08-15T19:46:36.003322+00:00,2026-08-16T23:46:36.003322+00:00
203,8,APPROVAL_RESULT,RR-1118 approved,Your requisition was approved at DOA.,READ,RR,118,2025-12-18T15:46:36.003322+00:00,2025-12-19T21:46:36.003322+00:00
204,8,PO_CREATED,PO-3090 created,A purchase order has been created for your requisition.,READ,PO,90,2026-01-11T11:46:36.003322+00:00,2026-01-12T14:46:36.003322+00:00
205,11,APPROVAL_RESULT,RR-1119 approved,Your requisition was approved at DOA.,READ,RR,119,2026-02-15T21:46:36.003322+00:00,2026-02-16T02:46:36.003322+00:00
206,11,PO_CREATED,PO-3091 created,A purchase order has been created for your requisition.,UNREAD,PO,91,2026-03-01T21:46:36.003322+00:00,
207,8,APPROVAL_RESULT,RR-1120 approved,Your requisition was approved at DOA.,UNREAD,RR,120,2026-03-26T17:46:36.003322+00:00,
208,8,PO_CREATED,PO-3092 created,A purchase order has been created for your requisition.,UNREAD,PO,92,2026-04-03T17:46:36.003322+00:00,
209,23,APPROVAL_RESULT,RR-1121 approved,Your requisition was approved at DOA.,READ,RR,121,2026-03-01T13:46:36.003322+00:00,2026-03-02T08:46:36.003322+00:00
210,23,PO_CREATED,PO-3093 created,A purchase order has been created for your requisition.,UNREAD,PO,93,2026-04-11T13:46:36.003322+00:00,
211,5,APPROVAL_RESULT,RR-1122 approved,Your requisition was approved at DOA.,UNREAD,RR,122,2026-08-24T09:46:36.003322+00:00,
212,3,APPROVAL_REQUEST,NFA approval needed: PR-2110,An NFA is waiting on your approval.,UNREAD,PR,110,2026-09-03T09:46:36.003322+00:00,
213,16,APPROVAL_RESULT,RR-1123 approved,Your requisition was approved at DOA.,UNREAD,RR,123,2026-04-15T11:46:36.003322+00:00,
214,16,PO_CREATED,PO-3094 created,A purchase order has been created for your requisition.,UNREAD,PO,94,2026-04-30T11:46:36.003322+00:00,
215,21,APPROVAL_RESULT,RR-1124 approved,Your requisition was approved at DOA.,READ,RR,124,2026-03-31T03:46:36.003322+00:00,2026-04-01T06:46:36.003322+00:00
216,21,PO_CREATED,PO-3095 created,A purchase order has been created for your requisition.,READ,PO,95,2026-04-19T03:46:36.003322+00:00,2026-04-19T06:46:36.003322+00:00
217,2,APPROVAL_REQUEST,DOA approval needed: RR-1125,A requisition is waiting on your DOA approval.,UNREAD,RR,125,2026-08-20T03:46:36.003322+00:00,
218,21,APPROVAL_RESULT,RR-1126 approved,Your requisition was approved at DOA.,READ,RR,126,2026-08-17T01:46:36.003322+00:00,2026-08-17T13:46:36.003322+00:00
219,21,PO_CREATED,PO-3096 created,A purchase order has been created for your requisition.,READ,PO,96,2026-08-25T01:46:36.003322+00:00,2026-08-25T11:46:36.003322+00:00
220,20,APPROVAL_RESULT,RR-1127 approved,Your requisition was approved at DOA.,READ,RR,127,2026-08-01T21:46:36.003322+00:00,2026-08-02T10:46:36.003322+00:00
221,20,PO_CREATED,PO-3097 created,A purchase order has been created for your requisition.,UNREAD,PO,97,2026-08-18T20:46:36.003322+00:00,
222,15,APPROVAL_REQUEST,DOA approval needed: RR-1128,A requisition is waiting on your DOA approval.,UNREAD,RR,128,2026-06-12T21:46:36.003322+00:00,
223,19,APPROVAL_RESULT,RR-1129 approved,Your requisition was approved at DOA.,UNREAD,RR,129,2026-01-19T18:46:36.003322+00:00,
224,9,APPROVAL_RESULT,RR-1130 approved,Your requisition was approved at DOA.,READ,RR,130,2026-05-15T07:46:36.003322+00:00,2026-05-15T21:46:36.003322+00:00
225,9,PO_CREATED,PO-3098 created,A purchase order has been created for your requisition.,READ,PO,98,2026-06-01T13:46:36.003322+00:00,2026-06-02T16:46:36.003322+00:00
226,10,APPROVAL_RESULT,RR-1131 approved,Your requisition was approved at DOA.,UNREAD,RR,131,2026-03-17T23:46:36.003322+00:00,
227,10,PO_CREATED,PO-3099 created,A purchase order has been created for your requisition.,UNREAD,PO,99,2026-03-26T23:46:36.003322+00:00,
228,8,APPROVAL_RESULT,RR-1132 approved,Your requisition was approved at DOA.,UNREAD,RR,132,2025-12-11T00:46:36.003322+00:00,
229,8,PO_CREATED,PO-3100 created,A purchase order has been created for your requisition.,UNREAD,PO,100,2025-12-16T00:46:36.003322+00:00,
230,13,APPROVAL_RESULT,RR-1133 approved,Your requisition was approved at DOA.,READ,RR,133,2026-03-19T12:46:36.003322+00:00,2026-03-19T16:46:36.003322+00:00
231,13,PO_CREATED,PO-3101 created,A purchase order has been created for your requisition.,READ,PO,101,2026-05-06T12:46:36.003322+00:00,2026-05-06T17:46:36.003322+00:00
232,20,APPROVAL_RESULT,RR-1134 approved,Your requisition was approved at DOA.,UNREAD,RR,134,2026-05-11T03:46:36.003322+00:00,
233,20,PO_CREATED,PO-3102 created,A purchase order has been created for your requisition.,READ,PO,102,2026-05-16T03:46:36.003322+00:00,2026-05-16T19:46:36.003322+00:00
234,21,APPROVAL_RESULT,RR-1135 approved,Your requisition was approved at DOA.,READ,RR,135,2026-07-16T20:46:36.003322+00:00,2026-07-17T17:46:36.003322+00:00
235,21,PO_CREATED,PO-3103 created,A purchase order has been created for your requisition.,READ,PO,103,2026-07-18T20:46:36.003322+00:00,2026-07-19T23:46:36.003322+00:00
236,3,APPROVAL_REQUEST,DOA approval needed: RR-1136,A requisition is waiting on your DOA approval.,UNREAD,RR,136,2026-06-25T08:46:36.003322+00:00,
237,4,APPROVAL_RESULT,RR-1137 approved,Your requisition was approved at DOA.,READ,RR,137,2026-02-23T22:46:36.003322+00:00,2026-02-25T02:46:36.003322+00:00
238,4,PO_CREATED,PO-3104 created,A purchase order has been created for your requisition.,READ,PO,104,2026-03-17T11:46:36.003322+00:00,2026-03-17T22:46:36.003322+00:00
239,20,APPROVAL_RESULT,RR-1138 approved,Your requisition was approved at DOA.,READ,RR,138,2026-06-22T18:46:36.003322+00:00,2026-06-22T23:46:36.003322+00:00
240,20,PO_CREATED,PO-3105 created,A purchase order has been created for your requisition.,READ,PO,105,2026-06-25T18:46:36.003322+00:00,2026-06-25T20:46:36.003322+00:00
241,24,APPROVAL_RESULT,RR-1139 approved,Your requisition was approved at DOA.,READ,RR,139,2026-01-23T15:46:36.003322+00:00,2026-01-24T08:46:36.003322+00:00
242,24,PO_CREATED,PO-3106 created,A purchase order has been created for your requisition.,READ,PO,106,2026-02-16T17:46:36.003322+00:00,2026-02-17T16:46:36.003322+00:00
243,22,APPROVAL_RESULT,RR-1140 approved,Your requisition was approved at DOA.,READ,RR,140,2026-05-02T20:46:36.003322+00:00,2026-05-03T08:46:36.003322+00:00
244,22,PO_CREATED,PO-3107 created,A purchase order has been created for your requisition.,UNREAD,PO,107,2026-05-23T14:46:36.003322+00:00,
245,20,APPROVAL_RESULT,RR-1141 approved,Your requisition was approved at DOA.,READ,RR,141,2026-03-23T16:46:36.003322+00:00,2026-03-24T17:46:36.003322+00:00
246,20,PO_CREATED,PO-3108 created,A purchase order has been created for your requisition.,UNREAD,PO,108,2026-04-09T16:46:36.003322+00:00,
247,2,APPROVAL_RESULT,RR-1142 approved,Your requisition was approved at DOA.,READ,RR,142,2026-08-18T12:46:36.003322+00:00,2026-08-19T17:46:36.003322+00:00
248,2,PO_CREATED,PO-3109 created,A purchase order has been created for your requisition.,UNREAD,PO,109,2026-09-02T06:46:36.003322+00:00,
249,3,APPROVAL_RESULT,RR-1143 approved,Your requisition was approved at DOA.,UNREAD,RR,143,2025-12-04T12:46:36.003322+00:00,
250,3,PO_CREATED,PO-3110 created,A purchase order has been created for your requisition.,READ,PO,110,2025-12-27T06:46:36.003322+00:00,2025-12-27T14:46:36.003322+00:00
251,8,APPROVAL_RESULT,RR-1144 approved,Your requisition was approved at DOA.,READ,RR,144,2025-12-02T07:46:36.003322+00:00,2025-12-03T13:46:36.003322+00:00
252,8,PO_CREATED,PO-3111 created,A purchase order has been created for your requisition.,UNREAD,PO,111,2025-12-10T07:46:36.003322+00:00,
253,19,APPROVAL_RESULT,RR-1145 approved,Your requisition was approved at DOA.,UNREAD,RR,145,2026-08-05T00:46:36.003322+00:00,
254,21,APPROVAL_RESULT,RR-1146 approved,Your requisition was approved at DOA.,UNREAD,RR,146,2026-07-29T03:46:36.003322+00:00,
255,21,PO_CREATED,PO-3112 created,A purchase order has been created for your requisition.,READ,PO,112,2026-08-07T03:46:36.003322+00:00,2026-08-07T11:46:36.003322+00:00
256,22,APPROVAL_RESULT,RR-1147 approved,Your requisition was approved at DOA.,UNREAD,RR,147,2026-01-02T21:46:36.003322+00:00,
257,22,PO_CREATED,PO-3113 created,A purchase order has been created for your requisition.,READ,PO,113,2026-01-15T02:46:36.003322+00:00,2026-01-15T20:46:36.003322+00:00
258,5,APPROVAL_RESULT,RR-1148 approved,Your requisition was approved at DOA.,READ,RR,148,2026-02-01T05:46:36.003322+00:00,2026-02-01T21:46:36.003322+00:00
259,5,PO_CREATED,PO-3114 created,A purchase order has been created for your requisition.,UNREAD,PO,114,2026-03-08T05:46:36.003322+00:00,
260,17,APPROVAL_RESULT,RR-1149 approved,Your requisition was approved at DOA.,UNREAD,RR,149,2026-08-25T11:46:36.003322+00:00,
261,15,APPROVAL_REQUEST,NFA approval needed: PR-2134,An NFA is waiting on your approval.,UNREAD,PR,134,2026-09-07T11:46:36.003322+00:00,
262,17,APPROVAL_RESULT,RR-1150 approved,Your requisition was approved at DOA.,UNREAD,RR,150,2026-04-13T11:46:36.003322+00:00,
263,17,PO_CREATED,PO-3115 created,A purchase order has been created for your requisition.,UNREAD,PO,115,2026-05-02T11:46:36.003322+00:00,
264,2,APPROVAL_RESULT,RR-1151 approved,Your requisition was approved at DOA.,READ,RR,151,2026-02-16T19:46:36.003322+00:00,2026-02-17T00:46:36.003322+00:00
265,2,PO_CREATED,PO-3116 created,A purchase order has been created for your requisition.,READ,PO,116,2026-02-19T19:46:36.003322+00:00,2026-02-20T09:46:36.003322+00:00
266,20,APPROVAL_RESULT,RR-1152 approved,Your requisition was approved at DOA.,READ,RR,152,2026-07-22T08:46:36.003322+00:00,2026-07-23T01:46:36.003322+00:00
267,20,PO_CREATED,PO-3117 created,A purchase order has been created for your requisition.,READ,PO,117,2026-08-07T08:46:36.003322+00:00,2026-08-07T22:46:36.003322+00:00
268,8,APPROVAL_RESULT,RR-1153 approved,Your requisition was approved at DOA.,UNREAD,RR,153,2026-08-14T23:46:36.003322+00:00,
269,8,PO_CREATED,PO-3118 created,A purchase order has been created for your requisition.,UNREAD,PO,118,2026-08-18T23:46:36.003322+00:00,
270,3,APPROVAL_RESULT,RR-1154 approved,Your requisition was approved at DOA.,READ,RR,154,2026-01-19T17:46:36.003322+00:00,2026-01-20T17:46:36.003322+00:00
271,3,PO_CREATED,PO-3119 created,A purchase order has been created for your requisition.,UNREAD,PO,119,2026-01-25T17:46:36.003322+00:00,
272,11,APPROVAL_RESULT,RR-1155 approved,Your requisition was approved at DOA.,UNREAD,RR,155,2026-03-28T02:46:36.003322+00:00,
273,14,APPROVAL_RESULT,RR-1157 approved,Your requisition was approved at DOA.,READ,RR,157,2026-05-24T20:46:36.003322+00:00,2026-05-24T23:46:36.003322+00:00
274,14,PO_CREATED,PO-3120 created,A purchase order has been created for your requisition.,READ,PO,120,2026-06-14T20:46:36.003322+00:00,2026-06-15T14:46:36.003322+00:00
275,2,APPROVAL_REQUEST,DOA approval needed: RR-1158,A requisition is waiting on your DOA approval.,UNREAD,RR,158,2026-04-04T23:46:36.003322+00:00,
276,21,APPROVAL_RESULT,RR-1159 approved,Your requisition was approved at DOA.,READ,RR,159,2026-06-13T06:46:36.003322+00:00,2026-06-13T13:46:36.003322+00:00
277,21,PO_CREATED,PO-3121 created,A purchase order has been created for your requisition.,READ,PO,121,2026-07-11T06:46:36.003322+00:00,2026-07-11T20:46:36.003322+00:00
278,23,APPROVAL_RESULT,RR-1160 approved,Your requisition was approved at DOA.,READ,RR,160,2026-07-16T11:46:36.003322+00:00,2026-07-17T04:46:36.003322+00:00
279,22,APPROVAL_RESULT,RR-1161 approved,Your requisition was approved at DOA.,UNREAD,RR,161,2026-03-09T21:46:36.003322+00:00,
280,22,PO_CREATED,PO-3122 created,A purchase order has been created for your requisition.,UNREAD,PO,122,2026-03-28T06:46:36.003322+00:00,
281,23,APPROVAL_RESULT,RR-1162 approved,Your requisition was approved at DOA.,READ,RR,162,2026-02-15T15:46:36.003322+00:00,2026-02-16T03:46:36.003322+00:00
282,23,PO_CREATED,PO-3123 created,A purchase order has been created for your requisition.,READ,PO,123,2026-02-28T15:46:36.003322+00:00,2026-03-01T20:46:36.003322+00:00
283,4,APPROVAL_RESULT,RR-1163 approved,Your requisition was approved at DOA.,UNREAD,RR,163,2025-12-29T14:46:36.003322+00:00,
284,4,PO_CREATED,PO-3124 created,A purchase order has been created for your requisition.,READ,PO,124,2026-01-01T14:46:36.003322+00:00,2026-01-01T19:46:36.003322+00:00
285,12,APPROVAL_RESULT,RR-1164 approved,Your requisition was approved at DOA.,READ,RR,164,2026-07-02T06:46:36.003322+00:00,2026-07-02T08:46:36.003322+00:00
286,12,PO_CREATED,PO-3125 created,A purchase order has been created for your requisition.,READ,PO,125,2026-07-26T06:46:36.003322+00:00,2026-07-26T23:46:36.003322+00:00
287,15,APPROVAL_RESULT,RR-1165 approved,Your requisition was approved at DOA.,READ,RR,165,2026-07-17T06:46:36.003322+00:00,2026-07-17T15:46:36.003322+00:00
288,15,PO_CREATED,PO-3126 created,A purchase order has been created for your requisition.,UNREAD,PO,126,2026-07-19T06:46:36.003322+00:00,
289,19,APPROVAL_RESULT,RR-1166 approved,Your requisition was approved at DOA.,READ,RR,166,2026-01-19T23:46:36.003322+00:00,2026-01-21T00:46:36.003322+00:00
290,19,PO_CREATED,PO-3127 created,A purchase order has been created for your requisition.,UNREAD,PO,127,2026-03-03T12:46:36.003322+00:00,
291,20,APPROVAL_RESULT,RR-1167 approved,Your requisition was approved at DOA.,READ,RR,167,2025-12-14T09:46:36.003322+00:00,2025-12-14T13:46:36.003322+00:00
292,15,APPROVAL_REQUEST,DOA approval needed: RR-1169,A requisition is waiting on your DOA approval.,UNREAD,RR,169,2026-07-30T19:46:36.003322+00:00,
293,15,APPROVAL_RESULT,RR-1170 approved,Your requisition was approved at DOA.,READ,RR,170,2026-07-29T19:46:36.003322+00:00,2026-07-30T04:46:36.003322+00:00
294,18,APPROVAL_RESULT,RR-1171 approved,Your requisition was approved at DOA.,UNREAD,RR,171,2025-12-12T18:46:36.003322+00:00,
295,18,PO_CREATED,PO-3128 created,A purchase order has been created for your requisition.,READ,PO,128,2025-12-22T18:46:36.003322+00:00,2025-12-23T04:46:36.003322+00:00
296,6,APPROVAL_RESULT,RR-1172 approved,Your requisition was approved at DOA.,READ,RR,172,2026-06-23T07:46:36.003322+00:00,2026-06-23T12:46:36.003322+00:00
297,6,PO_CREATED,PO-3129 created,A purchase order has been created for your requisition.,READ,PO,129,2026-06-30T07:46:36.003322+00:00,2026-06-30T15:46:36.003322+00:00
298,3,APPROVAL_RESULT,RR-1173 approved,Your requisition was approved at DOA.,UNREAD,RR,173,2026-03-28T10:46:36.003322+00:00,
299,3,PO_CREATED,PO-3130 created,A purchase order has been created for your requisition.,UNREAD,PO,130,2026-04-17T10:46:36.003322+00:00,
300,23,APPROVAL_RESULT,RR-1174 approved,Your requisition was approved at DOA.,READ,RR,174,2026-06-13T14:46:36.003322+00:00,2026-06-13T17:46:36.003322+00:00
301,23,PO_CREATED,PO-3131 created,A purchase order has been created for your requisition.,READ,PO,131,2026-06-22T14:46:36.003322+00:00,2026-06-23T04:46:36.003322+00:00
302,2,APPROVAL_REQUEST,DOA approval needed: RR-1175,A requisition is waiting on your DOA approval.,UNREAD,RR,175,2026-04-04T08:46:36.003322+00:00,
303,13,APPROVAL_RESULT,RR-1176 approved,Your requisition was approved at DOA.,READ,RR,176,2026-01-10T20:46:36.003322+00:00,2026-01-11T16:46:36.003322+00:00
304,13,PO_CREATED,PO-3132 created,A purchase order has been created for your requisition.,UNREAD,PO,132,2026-01-30T20:46:36.003322+00:00,
305,9,APPROVAL_RESULT,RR-1177 approved,Your requisition was approved at DOA.,UNREAD,RR,177,2026-05-31T12:46:36.003322+00:00,
306,9,PO_CREATED,PO-3133 created,A purchase order has been created for your requisition.,UNREAD,PO,133,2026-06-11T12:46:36.003322+00:00,
307,12,APPROVAL_RESULT,RR-1178 approved,Your requisition was approved at DOA.,READ,RR,178,2026-01-08T02:46:36.003322+00:00,2026-01-09T07:46:36.003322+00:00
308,12,PO_CREATED,PO-3134 created,A purchase order has been created for your requisition.,READ,PO,134,2026-01-16T02:46:36.003322+00:00,2026-01-17T08:46:36.003322+00:00
309,2,APPROVAL_REQUEST,DOA approval needed: RR-1179,A requisition is waiting on your DOA approval.,UNREAD,RR,179,2026-06-12T20:46:36.003322+00:00,
310,14,APPROVAL_RESULT,RR-1180 approved,Your requisition was approved at DOA.,READ,RR,180,2026-05-03T11:46:36.003322+00:00,2026-05-03T20:46:36.003322+00:00
311,14,PO_CREATED,PO-3135 created,A purchase order has been created for your requisition.,READ,PO,135,2026-05-18T11:46:36.003322+00:00,2026-05-19T09:46:36.003322+00:00
312,18,APPROVAL_RESULT,RR-1181 approved,Your requisition was approved at DOA.,UNREAD,RR,181,2026-01-13T03:46:36.003322+00:00,
313,1,APPROVAL_RESULT,RR-1182 approved,Your requisition was approved at DOA.,UNREAD,RR,182,2026-08-25T09:46:36.003322+00:00,
314,1,PO_CREATED,PO-3136 created,A purchase order has been created for your requisition.,READ,PO,136,2026-10-03T09:46:36.003322+00:00,2026-10-04T14:46:36.003322+00:00
315,10,APPROVAL_RESULT,RR-1183 approved,Your requisition was approved at DOA.,READ,RR,183,2026-03-12T06:46:36.003322+00:00,2026-03-12T07:46:36.003322+00:00
316,10,PO_CREATED,PO-3137 created,A purchase order has been created for your requisition.,READ,PO,137,2026-04-05T06:46:36.003322+00:00,2026-04-05T10:46:36.003322+00:00
317,8,APPROVAL_RESULT,RR-1184 approved,Your requisition was approved at DOA.,UNREAD,RR,184,2026-05-29T12:46:36.003322+00:00,
318,15,APPROVAL_REQUEST,DOA approval needed: RR-1185,A requisition is waiting on your DOA approval.,UNREAD,RR,185,2026-06-24T01:46:36.003322+00:00,
319,12,APPROVAL_RESULT,RR-1186 approved,Your requisition was approved at DOA.,READ,RR,186,2026-02-01T06:46:36.003322+00:00,2026-02-01T20:46:36.003322+00:00
320,12,PO_CREATED,PO-3138 created,A purchase order has been created for your requisition.,READ,PO,138,2026-03-06T06:46:36.003322+00:00,2026-03-07T06:46:36.003322+00:00
321,12,APPROVAL_RESULT,RR-1187 approved,Your requisition was approved at DOA.,UNREAD,RR,187,2026-03-19T23:46:36.003322+00:00,
322,12,PO_CREATED,PO-3139 created,A purchase order has been created for your requisition.,READ,PO,139,2026-04-13T23:46:36.003322+00:00,2026-04-14T11:46:36.003322+00:00
323,2,APPROVAL_REQUEST,DOA approval needed: RR-1189,A requisition is waiting on your DOA approval.,UNREAD,RR,189,2026-07-25T19:46:36.003322+00:00,
324,9,APPROVAL_RESULT,RR-1190 approved,Your requisition was approved at DOA.,READ,RR,190,2026-07-07T00:46:36.003322+00:00,2026-07-08T01:46:36.003322+00:00
325,9,PO_CREATED,PO-3140 created,A purchase order has been created for your requisition.,UNREAD,PO,140,2026-07-23T00:46:36.003322+00:00,
326,17,APPROVAL_RESULT,RR-1191 approved,Your requisition was approved at DOA.,READ,RR,191,2026-05-13T13:46:36.003322+00:00,2026-05-13T14:46:36.003322+00:00
327,17,PO_CREATED,PO-3141 created,A purchase order has been created for your requisition.,READ,PO,141,2026-06-07T13:46:36.003322+00:00,2026-06-08T13:46:36.003322+00:00
328,15,APPROVAL_RESULT,RR-1192 approved,Your requisition was approved at DOA.,READ,RR,192,2025-12-15T03:46:36.003322+00:00,2025-12-15T16:46:36.003322+00:00
329,15,PO_CREATED,PO-3142 created,A purchase order has been created for your requisition.,READ,PO,142,2026-01-17T03:46:36.003322+00:00,2026-01-17T06:46:36.003322+00:00
330,20,APPROVAL_RESULT,RR-1193 approved,Your requisition was approved at DOA.,READ,RR,193,2026-01-03T22:46:36.003322+00:00,2026-01-04T01:46:36.003322+00:00
331,20,PO_CREATED,PO-3143 created,A purchase order has been created for your requisition.,READ,PO,143,2026-01-05T22:46:36.003322+00:00,2026-01-07T02:46:36.003322+00:00
332,14,APPROVAL_RESULT,RR-1194 approved,Your requisition was approved at DOA.,READ,RR,194,2026-01-14T01:46:36.003322+00:00,2026-01-14T21:46:36.003322+00:00
333,24,APPROVAL_RESULT,NFA rejected for PR-2170,The NFA for this PR was rejected.,READ,PR,170,2026-01-29T01:46:36.003322+00:00,2026-01-29T03:46:36.003322+00:00
334,22,APPROVAL_RESULT,RR-1196 approved,Your requisition was approved at DOA.,READ,RR,196,2026-06-26T02:46:36.003322+00:00,2026-06-27T06:46:36.003322+00:00
335,22,PO_CREATED,PO-3144 created,A purchase order has been created for your requisition.,READ,PO,144,2026-07-04T02:46:36.003322+00:00,2026-07-04T17:46:36.003322+00:00
336,13,APPROVAL_RESULT,RR-1198 approved,Your requisition was approved at DOA.,UNREAD,RR,198,2026-07-01T20:46:36.003322+00:00,
337,13,PO_CREATED,PO-3145 created,A purchase order has been created for your requisition.,UNREAD,PO,145,2026-07-04T20:46:36.003322+00:00,
338,6,APPROVAL_RESULT,RR-1199 approved,Your requisition was approved at DOA.,UNREAD,RR,199,2026-07-16T02:46:36.003322+00:00,
339,6,PO_CREATED,PO-3146 created,A purchase order has been created for your requisition.,UNREAD,PO,146,2026-07-20T02:46:36.003322+00:00,
340,3,APPROVAL_RESULT,RR-1200 approved,Your requisition was approved at DOA.,READ,RR,200,2026-04-05T09:46:36.003322+00:00,2026-04-05T16:46:36.003322+00:00
341,3,PO_CREATED,PO-3147 created,A purchase order has been created for your requisition.,READ,PO,147,2026-04-11T09:46:36.003322+00:00,2026-04-11T12:46:36.003322+00:00
342,24,APPROVAL_RESULT,RR-1201 approved,Your requisition was approved at DOA.,READ,RR,201,2026-08-01T04:46:36.003322+00:00,2026-08-01T23:46:36.003322+00:00
343,24,PO_CREATED,PO-3148 created,A purchase order has been created for your requisition.,UNREAD,PO,148,2026-08-22T04:46:36.003322+00:00,
344,4,APPROVAL_RESULT,RR-1202 approved,Your requisition was approved at DOA.,READ,RR,202,2026-03-01T14:46:36.003322+00:00,2026-03-02T07:46:36.003322+00:00
345,4,PO_CREATED,PO-3149 created,A purchase order has been created for your requisition.,UNREAD,PO,149,2026-03-28T14:46:36.003322+00:00,
346,13,APPROVAL_RESULT,RR-1203 approved,Your requisition was approved at DOA.,READ,RR,203,2026-01-08T18:46:36.003322+00:00,2026-01-08T23:46:36.003322+00:00
347,13,PO_CREATED,PO-3150 created,A purchase order has been created for your requisition.,UNREAD,PO,150,2026-01-30T18:46:36.003322+00:00,
348,3,APPROVAL_RESULT,RR-1204 approved,Your requisition was approved at DOA.,READ,RR,204,2026-03-13T05:46:36.003322+00:00,2026-03-13T10:46:36.003322+00:00
349,3,PO_CREATED,PO-3151 created,A purchase order has been created for your requisition.,READ,PO,151,2026-04-04T18:46:36.003322+00:00,2026-04-04T22:46:36.003322+00:00
350,2,APPROVAL_REQUEST,DOA approval needed: RR-1205,A requisition is waiting on your DOA approval.,UNREAD,RR,205,2026-08-01T09:46:36.003322+00:00,
351,9,APPROVAL_RESULT,RR-1206 approved,Your requisition was approved at DOA.,UNREAD,RR,206,2026-04-09T02:46:36.003322+00:00,
352,9,PO_CREATED,PO-3152 created,A purchase order has been created for your requisition.,READ,PO,152,2026-05-21T02:46:36.003322+00:00,2026-05-21T08:46:36.003322+00:00
353,17,APPROVAL_RESULT,RR-1207 approved,Your requisition was approved at DOA.,READ,RR,207,2026-01-14T07:46:36.003322+00:00,2026-01-14T23:46:36.003322+00:00
354,17,PO_CREATED,PO-3153 created,A purchase order has been created for your requisition.,READ,PO,153,2026-02-03T07:46:36.003322+00:00,2026-02-04T11:46:36.003322+00:00
355,2,APPROVAL_REQUEST,DOA approval needed: RR-1208,A requisition is waiting on your DOA approval.,UNREAD,RR,208,2026-07-24T10:46:36.003322+00:00,
356,21,APPROVAL_RESULT,RR-1209 approved,Your requisition was approved at DOA.,UNREAD,RR,209,2025-12-13T16:46:36.003322+00:00,
357,21,PO_CREATED,PO-3154 created,A purchase order has been created for your requisition.,UNREAD,PO,154,2026-01-30T16:46:36.003322+00:00,
358,5,APPROVAL_RESULT,RR-1210 approved,Your requisition was approved at DOA.,UNREAD,RR,210,2026-04-26T02:46:36.003322+00:00,
359,5,PO_CREATED,PO-3155 created,A purchase order has been created for your requisition.,UNREAD,PO,155,2026-05-07T02:46:36.003322+00:00,
360,18,APPROVAL_RESULT,RR-1211 approved,Your requisition was approved at DOA.,READ,RR,211,2025-12-27T07:46:36.003322+00:00,2025-12-28T00:46:36.003322+00:00
361,18,PO_CREATED,PO-3156 created,A purchase order has been created for your requisition.,UNREAD,PO,156,2026-01-20T07:46:36.003322+00:00,
362,19,APPROVAL_RESULT,RR-1212 approved,Your requisition was approved at DOA.,READ,RR,212,2026-02-15T14:46:36.003322+00:00,2026-02-15T19:46:36.003322+00:00
363,19,PO_CREATED,PO-3157 created,A purchase order has been created for your requisition.,UNREAD,PO,157,2026-03-04T08:46:36.003322+00:00,
364,16,APPROVAL_RESULT,RR-1213 approved,Your requisition was approved at DOA.,READ,RR,213,2026-03-30T13:46:36.003322+00:00,2026-03-31T02:46:36.003322+00:00
365,16,PO_CREATED,PO-3158 created,A purchase order has been created for your requisition.,READ,PO,158,2026-04-12T13:46:36.003322+00:00,2026-04-13T15:46:36.003322+00:00
366,11,APPROVAL_RESULT,RR-1214 approved,Your requisition was approved at DOA.,READ,RR,214,2026-07-10T01:46:36.003322+00:00,2026-07-10T09:46:36.003322+00:00
367,11,PO_CREATED,PO-3159 created,A purchase order has been created for your requisition.,READ,PO,159,2026-07-13T01:46:36.003322+00:00,2026-07-13T04:46:36.003322+00:00
368,2,APPROVAL_REQUEST,DOA approval needed: RR-1215,A requisition is waiting on your DOA approval.,UNREAD,RR,215,2026-05-03T20:46:36.003322+00:00,
369,14,APPROVAL_RESULT,RR-1216 approved,Your requisition was approved at DOA.,READ,RR,216,2026-04-09T09:46:36.003322+00:00,2026-04-10T11:46:36.003322+00:00
370,14,PO_CREATED,PO-3160 created,A purchase order has been created for your requisition.,READ,PO,160,2026-04-12T09:46:36.003322+00:00,2026-04-12T19:46:36.003322+00:00
371,12,APPROVAL_RESULT,RR-1217 approved,Your requisition was approved at DOA.,READ,RR,217,2026-08-13T07:46:36.003322+00:00,2026-08-13T18:46:36.003322+00:00
372,12,PO_CREATED,PO-3161 created,A purchase order has been created for your requisition.,UNREAD,PO,161,2026-08-25T07:46:36.003322+00:00,
373,6,APPROVAL_RESULT,RR-1218 approved,Your requisition was approved at DOA.,READ,RR,218,2026-02-13T20:46:36.003322+00:00,2026-02-14T14:46:36.003322+00:00
374,6,PO_CREATED,PO-3162 created,A purchase order has been created for your requisition.,READ,PO,162,2026-03-04T20:46:36.003322+00:00,2026-03-05T16:46:36.003322+00:00
375,2,APPROVAL_REQUEST,DOA approval needed: RR-1219,A requisition is waiting on your DOA approval.,UNREAD,RR,219,2026-07-14T07:46:36.003322+00:00,
376,11,APPROVAL_RESULT,RR-1220 approved,Your requisition was approved at DOA.,UNREAD,RR,220,2026-04-27T22:46:36.003322+00:00,
377,11,PO_CREATED,PO-3163 created,A purchase order has been created for your requisition.,UNREAD,PO,163,2026-05-19T22:46:36.003322+00:00,
378,14,APPROVAL_RESULT,RR-1221 approved,Your requisition was approved at DOA.,READ,RR,221,2025-12-25T22:46:36.003322+00:00,2025-12-27T03:46:36.003322+00:00
379,14,PO_CREATED,PO-3164 created,A purchase order has been created for your requisition.,UNREAD,PO,164,2026-01-06T22:46:36.003322+00:00,
380,2,APPROVAL_RESULT,RR-1222 approved,Your requisition was approved at DOA.,READ,RR,222,2026-03-19T05:46:36.003322+00:00,2026-03-19T15:46:36.003322+00:00
381,2,PO_CREATED,PO-3165 created,A purchase order has been created for your requisition.,READ,PO,165,2026-03-23T05:46:36.003322+00:00,2026-03-23T21:46:36.003322+00:00
382,19,APPROVAL_RESULT,RR-1223 approved,Your requisition was approved at DOA.,READ,RR,223,2026-03-21T21:46:36.003322+00:00,2026-03-22T15:46:36.003322+00:00
383,19,PO_CREATED,PO-3166 created,A purchase order has been created for your requisition.,READ,PO,166,2026-04-07T11:46:36.003322+00:00,2026-04-07T14:46:36.003322+00:00
384,10,APPROVAL_RESULT,RR-1224 approved,Your requisition was approved at DOA.,UNREAD,RR,224,2026-03-31T02:46:36.003322+00:00,
385,10,PO_CREATED,PO-3167 created,A purchase order has been created for your requisition.,UNREAD,PO,167,2026-04-22T23:46:36.003322+00:00,
386,3,APPROVAL_RESULT,RR-1225 approved,Your requisition was approved at DOA.,READ,RR,225,2025-12-05T08:46:36.003322+00:00,2025-12-05T22:46:36.003322+00:00
387,3,PO_CREATED,PO-3168 created,A purchase order has been created for your requisition.,READ,PO,168,2025-12-15T08:46:36.003322+00:00,2025-12-16T05:46:36.003322+00:00
388,3,APPROVAL_RESULT,RR-1226 approved,Your requisition was approved at DOA.,UNREAD,RR,226,2026-08-14T07:46:36.003322+00:00,
389,3,PO_CREATED,PO-3169 created,A purchase order has been created for your requisition.,READ,PO,169,2026-08-16T07:46:36.003322+00:00,2026-08-16T11:46:36.003322+00:00
390,3,APPROVAL_RESULT,RR-1227 approved,Your requisition was approved at DOA.,READ,RR,227,2026-03-21T19:46:36.003322+00:00,2026-03-22T22:46:36.003322+00:00
391,3,PO_CREATED,PO-3170 created,A purchase order has been created for your requisition.,READ,PO,170,2026-04-03T19:46:36.003322+00:00,2026-04-04T05:46:36.003322+00:00
392,2,APPROVAL_REQUEST,DOA approval needed: RR-1228,A requisition is waiting on your DOA approval.,UNREAD,RR,228,2026-05-09T14:46:36.003322+00:00,
393,19,APPROVAL_RESULT,RR-1229 approved,Your requisition was approved at DOA.,READ,RR,229,2026-08-23T17:46:36.003322+00:00,2026-08-24T20:46:36.003322+00:00
394,19,PO_CREATED,PO-3171 created,A purchase order has been created for your requisition.,UNREAD,PO,171,2026-09-01T17:46:36.003322+00:00,
395,23,APPROVAL_RESULT,RR-1231 approved,Your requisition was approved at DOA.,UNREAD,RR,231,2026-07-19T12:46:36.003322+00:00,
396,23,PO_CREATED,PO-3172 created,A purchase order has been created for your requisition.,UNREAD,PO,172,2026-09-10T12:46:36.003322+00:00,
397,20,APPROVAL_RESULT,RR-1232 approved,Your requisition was approved at DOA.,UNREAD,RR,232,2026-07-17T04:46:36.003322+00:00,
398,20,PO_CREATED,PO-3173 created,A purchase order has been created for your requisition.,UNREAD,PO,173,2026-07-20T04:46:36.003322+00:00,
399,18,APPROVAL_RESULT,RR-1233 approved,Your requisition was approved at DOA.,READ,RR,233,2026-02-15T10:46:36.003322+00:00,2026-02-15T16:46:36.003322+00:00
400,12,APPROVAL_RESULT,RR-1234 approved,Your requisition was approved at DOA.,UNREAD,RR,234,2026-01-01T18:46:36.003322+00:00,
401,12,PO_CREATED,PO-3174 created,A purchase order has been created for your requisition.,UNREAD,PO,174,2026-01-17T18:46:36.003322+00:00,
402,2,APPROVAL_REQUEST,DOA approval needed: RR-1235,A requisition is waiting on your DOA approval.,UNREAD,RR,235,2026-04-20T08:46:36.003322+00:00,
403,15,APPROVAL_RESULT,RR-1236 approved,Your requisition was approved at DOA.,READ,RR,236,2026-07-02T03:46:36.003322+00:00,2026-07-03T08:46:36.003322+00:00
404,15,PO_CREATED,PO-3175 created,A purchase order has been created for your requisition.,UNREAD,PO,175,2026-07-10T03:46:36.003322+00:00,
405,21,APPROVAL_RESULT,RR-1237 approved,Your requisition was approved at DOA.,UNREAD,RR,237,2026-06-25T20:46:36.003322+00:00,
406,21,PO_CREATED,PO-3176 created,A purchase order has been created for your requisition.,READ,PO,176,2026-07-05T20:46:36.003322+00:00,2026-07-06T00:46:36.003322+00:00
407,2,APPROVAL_REQUEST,DOA approval needed: RR-1238,A requisition is waiting on your DOA approval.,UNREAD,RR,238,2026-04-14T03:46:36.003322+00:00,
408,1,APPROVAL_RESULT,RR-1240 approved,Your requisition was approved at DOA.,READ,RR,240,2026-01-08T23:46:36.003322+00:00,2026-01-09T08:46:36.003322+00:00
409,1,PO_CREATED,PO-3177 created,A purchase order has been created for your requisition.,UNREAD,PO,177,2026-01-16T23:46:36.003322+00:00,
410,10,APPROVAL_RESULT,RR-1241 approved,Your requisition was approved at DOA.,UNREAD,RR,241,2026-08-20T14:46:36.003322+00:00,
411,20,APPROVAL_RESULT,RR-1242 approved,Your requisition was approved at DOA.,READ,RR,242,2026-06-08T10:46:36.003322+00:00,2026-06-09T11:46:36.003322+00:00
412,20,PO_CREATED,PO-3178 created,A purchase order has been created for your requisition.,READ,PO,178,2026-07-14T10:46:36.003322+00:00,2026-07-15T04:46:36.003322+00:00
413,16,APPROVAL_RESULT,RR-1243 approved,Your requisition was approved at DOA.,UNREAD,RR,243,2026-07-23T21:46:36.003322+00:00,
414,16,PO_CREATED,PO-3179 created,A purchase order has been created for your requisition.,UNREAD,PO,179,2026-08-18T12:46:36.003322+00:00,
415,4,APPROVAL_RESULT,RR-1244 approved,Your requisition was approved at DOA.,READ,RR,244,2026-01-22T14:46:36.003322+00:00,2026-01-23T19:46:36.003322+00:00
416,4,PO_CREATED,PO-3180 created,A purchase order has been created for your requisition.,UNREAD,PO,180,2026-01-24T14:46:36.003322+00:00,
417,2,APPROVAL_REQUEST,DOA approval needed: RR-1245,A requisition is waiting on your DOA approval.,UNREAD,RR,245,2026-08-14T02:46:36.003322+00:00,
418,3,APPROVAL_REQUEST,DOA approval needed: RR-1246,A requisition is waiting on your DOA approval.,UNREAD,RR,246,2026-07-11T04:46:36.003322+00:00,
419,2,APPROVAL_RESULT,RR-1247 approved,Your requisition was approved at DOA.,READ,RR,247,2026-01-16T12:46:36.003322+00:00,2026-01-16T23:46:36.003322+00:00
420,2,PO_CREATED,PO-3181 created,A purchase order has been created for your requisition.,READ,PO,181,2026-01-20T12:46:36.003322+00:00,2026-01-20T21:46:36.003322+00:00
421,11,APPROVAL_RESULT,RR-1248 approved,Your requisition was approved at DOA.,READ,RR,248,2026-01-10T14:46:36.003322+00:00,2026-01-10T18:46:36.003322+00:00
422,11,PO_CREATED,PO-3182 created,A purchase order has been created for your requisition.,UNREAD,PO,182,2026-02-07T14:46:36.003322+00:00,
423,11,APPROVAL_RESULT,RR-1250 approved,Your requisition was approved at DOA.,READ,RR,250,2026-04-08T19:46:36.003322+00:00,2026-04-09T15:46:36.003322+00:00
424,11,PO_CREATED,PO-3183 created,A purchase order has been created for your requisition.,READ,PO,183,2026-04-10T19:46:36.003322+00:00,2026-04-11T18:46:36.003322+00:00
425,19,APPROVAL_RESULT,RR-1252 approved,Your requisition was approved at DOA.,READ,RR,252,2025-12-16T23:46:36.003322+00:00,2025-12-17T09:46:36.003322+00:00
426,19,PO_CREATED,PO-3184 created,A purchase order has been created for your requisition.,UNREAD,PO,184,2025-12-26T23:46:36.003322+00:00,
427,10,APPROVAL_RESULT,RR-1253 approved,Your requisition was approved at DOA.,READ,RR,253,2026-03-25T16:46:36.003322+00:00,2026-03-26T03:46:36.003322+00:00
428,10,PO_CREATED,PO-3185 created,A purchase order has been created for your requisition.,UNREAD,PO,185,2026-03-27T16:46:36.003322+00:00,
429,2,APPROVAL_RESULT,RR-1254 approved,Your requisition was approved at DOA.,READ,RR,254,2025-12-24T18:46:36.003322+00:00,2025-12-25T19:46:36.003322+00:00
430,2,PO_CREATED,PO-3186 created,A purchase order has been created for your requisition.,UNREAD,PO,186,2026-01-30T18:46:36.003322+00:00,
431,7,APPROVAL_RESULT,RR-1255 approved,Your requisition was approved at DOA.,READ,RR,255,2026-03-04T04:46:36.003322+00:00,2026-03-05T05:46:36.003322+00:00
432,7,PO_CREATED,PO-3187 created,A purchase order has been created for your requisition.,UNREAD,PO,187,2026-03-26T17:46:36.003322+00:00,
433,14,APPROVAL_RESULT,RR-1256 approved,Your requisition was approved at DOA.,UNREAD,RR,256,2026-04-02T13:46:36.003322+00:00,
434,14,PO_CREATED,PO-3188 created,A purchase order has been created for your requisition.,UNREAD,PO,188,2026-04-19T13:46:36.003322+00:00,
435,3,APPROVAL_RESULT,RR-1257 approved,Your requisition was approved at DOA.,READ,RR,257,2026-07-12T02:46:36.003322+00:00,2026-07-12T21:46:36.003322+00:00
436,3,PO_CREATED,PO-3189 created,A purchase order has been created for your requisition.,READ,PO,189,2026-08-09T02:46:36.003322+00:00,2026-08-09T23:46:36.003322+00:00
437,21,APPROVAL_RESULT,RR-1258 approved,Your requisition was approved at DOA.,READ,RR,258,2026-07-30T22:46:36.003322+00:00,2026-08-01T03:46:36.003322+00:00
438,21,PO_CREATED,PO-3190 created,A purchase order has been created for your requisition.,READ,PO,190,2026-08-15T22:46:36.003322+00:00,2026-08-16T02:46:36.003322+00:00
439,12,APPROVAL_RESULT,RR-1259 approved,Your requisition was approved at DOA.,UNREAD,RR,259,2026-03-16T08:46:36.003322+00:00,
440,12,PO_CREATED,PO-3191 created,A purchase order has been created for your requisition.,READ,PO,191,2026-05-10T02:46:36.003322+00:00,2026-05-10T20:46:36.003322+00:00
441,9,APPROVAL_RESULT,RR-1260 approved,Your requisition was approved at DOA.,UNREAD,RR,260,2026-07-09T22:46:36.003322+00:00,
442,9,PO_CREATED,PO-3192 created,A purchase order has been created for your requisition.,READ,PO,192,2026-08-27T13:46:36.003322+00:00,2026-08-27T23:46:36.003322+00:00
443,21,APPROVAL_RESULT,RR-1261 approved,Your requisition was approved at DOA.,UNREAD,RR,261,2026-07-18T23:46:36.003322+00:00,
444,21,PO_CREATED,PO-3193 created,A purchase order has been created for your requisition.,UNREAD,PO,193,2026-08-02T23:46:36.003322+00:00,
445,12,APPROVAL_RESULT,RR-1262 approved,Your requisition was approved at DOA.,READ,RR,262,2026-01-27T09:46:36.003322+00:00,2026-01-27T12:46:36.003322+00:00
446,12,PO_CREATED,PO-3194 created,A purchase order has been created for your requisition.,READ,PO,194,2026-02-02T09:46:36.003322+00:00,2026-02-03T08:46:36.003322+00:00
447,8,APPROVAL_RESULT,RR-1263 approved,Your requisition was approved at DOA.,READ,RR,263,2026-02-23T02:46:36.003322+00:00,2026-02-23T06:46:36.003322+00:00
448,8,PO_CREATED,PO-3195 created,A purchase order has been created for your requisition.,READ,PO,195,2026-02-27T02:46:36.003322+00:00,2026-02-28T04:46:36.003322+00:00
449,2,APPROVAL_RESULT,RR-1264 approved,Your requisition was approved at DOA.,READ,RR,264,2026-01-29T15:46:36.003322+00:00,2026-01-29T19:46:36.003322+00:00
450,2,PO_CREATED,PO-3196 created,A purchase order has been created for your requisition.,UNREAD,PO,196,2026-02-05T15:46:36.003322+00:00,
451,8,APPROVAL_RESULT,RR-1265 approved,Your requisition was approved at DOA.,READ,RR,265,2026-04-24T09:46:36.003322+00:00,2026-04-25T02:46:36.003322+00:00
452,8,PO_CREATED,PO-3197 created,A purchase order has been created for your requisition.,UNREAD,PO,197,2026-06-12T23:46:36.003322+00:00,
453,17,APPROVAL_RESULT,RR-1266 approved,Your requisition was approved at DOA.,UNREAD,RR,266,2026-01-26T02:46:36.003322+00:00,
454,17,PO_CREATED,PO-3198 created,A purchase order has been created for your requisition.,UNREAD,PO,198,2026-03-05T02:46:36.003322+00:00,
455,1,APPROVAL_RESULT,RR-1267 approved,Your requisition was approved at DOA.,READ,RR,267,2025-12-17T06:46:36.003322+00:00,2025-12-18T10:46:36.003322+00:00
456,1,PO_CREATED,PO-3199 created,A purchase order has been created for your requisition.,READ,PO,199,2025-12-24T06:46:36.003322+00:00,2025-12-24T15:46:36.003322+00:00
457,3,APPROVAL_RESULT,RR-1269 approved,Your requisition was approved at DOA.,UNREAD,RR,269,2026-02-10T19:46:36.003322+00:00,
458,3,PO_CREATED,PO-3200 created,A purchase order has been created for your requisition.,UNREAD,PO,200,2026-02-16T19:46:36.003322+00:00,
459,5,APPROVAL_RESULT,RR-1270 approved,Your requisition was approved at DOA.,UNREAD,RR,270,2026-04-24T23:46:36.003322+00:00,
460,5,PO_CREATED,PO-3201 created,A purchase order has been created for your requisition.,READ,PO,201,2026-06-05T01:46:36.003322+00:00,2026-06-06T01:46:36.003322+00:00
461,12,APPROVAL_RESULT,RR-1271 approved,Your requisition was approved at DOA.,READ,RR,271,2026-05-23T04:46:36.003322+00:00,2026-05-24T07:46:36.003322+00:00
462,12,PO_CREATED,PO-3202 created,A purchase order has been created for your requisition.,READ,PO,202,2026-05-25T04:46:36.003322+00:00,2026-05-25T11:46:36.003322+00:00
463,9,APPROVAL_RESULT,RR-1272 approved,Your requisition was approved at DOA.,READ,RR,272,2026-04-21T02:46:36.003322+00:00,2026-04-21T16:46:36.003322+00:00
464,9,PO_CREATED,PO-3203 created,A purchase order has been created for your requisition.,UNREAD,PO,203,2026-05-04T02:46:36.003322+00:00,
465,20,APPROVAL_RESULT,RR-1273 approved,Your requisition was approved at DOA.,READ,RR,273,2026-04-04T02:46:36.003322+00:00,2026-04-04T19:46:36.003322+00:00
466,20,PO_CREATED,PO-3204 created,A purchase order has been created for your requisition.,UNREAD,PO,204,2026-05-01T02:46:36.003322+00:00,
467,14,APPROVAL_RESULT,RR-1274 approved,Your requisition was approved at DOA.,UNREAD,RR,274,2026-07-30T11:46:36.003322+00:00,
468,14,PO_CREATED,PO-3205 created,A purchase order has been created for your requisition.,READ,PO,205,2026-08-09T11:46:36.003322+00:00,2026-08-09T17:46:36.003322+00:00
469,8,APPROVAL_RESULT,RR-1275 approved,Your requisition was approved at DOA.,UNREAD,RR,275,2026-01-04T22:46:36.003322+00:00,
470,14,APPROVAL_RESULT,RR-1276 approved,Your requisition was approved at DOA.,UNREAD,RR,276,2026-02-05T04:46:36.003322+00:00,
471,14,PO_CREATED,PO-3206 created,A purchase order has been created for your requisition.,READ,PO,206,2026-02-12T04:46:36.003322+00:00,2026-02-12T15:46:36.003322+00:00
472,23,APPROVAL_RESULT,RR-1277 approved,Your requisition was approved at DOA.,UNREAD,RR,277,2026-07-31T04:46:36.003322+00:00,
473,23,PO_CREATED,PO-3207 created,A purchase order has been created for your requisition.,READ,PO,207,2026-08-10T04:46:36.003322+00:00,2026-08-10T20:46:36.003322+00:00
474,23,APPROVAL_RESULT,RR-1278 approved,Your requisition was approved at DOA.,READ,RR,278,2026-04-19T21:46:36.003322+00:00,2026-04-21T00:46:36.003322+00:00
475,23,PO_CREATED,PO-3208 created,A purchase order has been created for your requisition.,UNREAD,PO,208,2026-04-24T21:46:36.003322+00:00,
476,9,APPROVAL_RESULT,RR-1279 approved,Your requisition was approved at DOA.,READ,RR,279,2026-06-04T01:46:36.003322+00:00,2026-06-04T21:46:36.003322+00:00
477,9,PO_CREATED,PO-3209 created,A purchase order has been created for your requisition.,READ,PO,209,2026-06-24T20:46:36.003322+00:00,2026-06-25T07:46:36.003322+00:00
478,16,APPROVAL_RESULT,RR-1280 approved,Your requisition was approved at DOA.,READ,RR,280,2026-06-22T15:46:36.003322+00:00,2026-06-23T09:46:36.003322+00:00
479,16,PO_CREATED,PO-3210 created,A purchase order has been created for your requisition.,UNREAD,PO,210,2026-06-24T15:46:36.003322+00:00,
480,17,APPROVAL_RESULT,RR-1281 approved,Your requisition was approved at DOA.,UNREAD,RR,281,2026-05-16T04:46:36.003322+00:00,
481,17,PO_CREATED,PO-3211 created,A purchase order has been created for your requisition.,UNREAD,PO,211,2026-05-31T09:46:36.003322+00:00,
482,2,APPROVAL_RESULT,RR-1282 approved,Your requisition was approved at DOA.,READ,RR,282,2026-03-16T00:46:36.003322+00:00,2026-03-16T08:46:36.003322+00:00
483,2,PO_CREATED,PO-3212 created,A purchase order has been created for your requisition.,READ,PO,212,2026-03-27T00:46:36.003322+00:00,2026-03-28T04:46:36.003322+00:00
484,2,APPROVAL_REQUEST,DOA approval needed: RR-1283,A requisition is waiting on your DOA approval.,UNREAD,RR,283,2026-05-13T11:46:36.003322+00:00,
485,12,APPROVAL_RESULT,RR-1284 approved,Your requisition was approved at DOA.,READ,RR,284,2026-02-09T19:46:36.003322+00:00,2026-02-10T19:46:36.003322+00:00
486,12,PO_CREATED,PO-3213 created,A purchase order has been created for your requisition.,UNREAD,PO,213,2026-02-13T19:46:36.003322+00:00,
487,14,APPROVAL_RESULT,RR-1286 approved,Your requisition was approved at DOA.,UNREAD,RR,286,2025-11-30T00:46:36.003322+00:00,
488,14,PO_CREATED,PO-3214 created,A purchase order has been created for your requisition.,UNREAD,PO,214,2026-01-10T11:46:36.003322+00:00,
489,10,APPROVAL_RESULT,RR-1288 approved,Your requisition was approved at DOA.,UNREAD,RR,288,2026-08-21T14:46:36.003322+00:00,
490,19,APPROVAL_RESULT,RR-1289 approved,Your requisition was approved at DOA.,READ,RR,289,2026-05-16T05:46:36.003322+00:00,2026-05-16T08:46:36.003322+00:00
491,19,PO_CREATED,PO-3215 created,A purchase order has been created for your requisition.,UNREAD,PO,215,2026-05-25T05:46:36.003322+00:00,
492,2,APPROVAL_RESULT,RR-1290 approved,Your requisition was approved at DOA.,READ,RR,290,2026-05-08T13:46:36.003322+00:00,2026-05-09T05:46:36.003322+00:00
493,21,APPROVAL_RESULT,RR-1291 approved,Your requisition was approved at DOA.,UNREAD,RR,291,2026-05-17T12:46:36.003322+00:00,
494,21,PO_CREATED,PO-3216 created,A purchase order has been created for your requisition.,UNREAD,PO,216,2026-06-01T12:46:36.003322+00:00,
495,17,APPROVAL_RESULT,RR-1292 approved,Your requisition was approved at DOA.,UNREAD,RR,292,2026-04-29T11:46:36.003322+00:00,
496,17,PO_CREATED,PO-3217 created,A purchase order has been created for your requisition.,UNREAD,PO,217,2026-05-09T11:46:36.003322+00:00,
497,2,APPROVAL_REQUEST,DOA approval needed: RR-1293,A requisition is waiting on your DOA approval.,UNREAD,RR,293,2026-05-15T12:46:36.003322+00:00,
498,18,APPROVAL_RESULT,RR-1294 approved,Your requisition was approved at DOA.,UNREAD,RR,294,2026-07-09T13:46:36.003322+00:00,
499,18,PO_CREATED,PO-3218 created,A purchase order has been created for your requisition.,READ,PO,218,2026-07-25T13:46:36.003322+00:00,2026-07-26T10:46:36.003322+00:00
500,15,APPROVAL_RESULT,RR-1295 approved,Your requisition was approved at DOA.,READ,RR,295,2026-08-06T12:46:36.003322+00:00,2026-08-06T16:46:36.003322+00:00
501,15,PO_CREATED,PO-3219 created,A purchase order has been created for your requisition.,READ,PO,219,2026-08-14T12:46:36.003322+00:00,2026-08-15T01:46:36.003322+00:00
502,12,APPROVAL_RESULT,RR-1296 approved,Your requisition was approved at DOA.,READ,RR,296,2026-06-29T11:46:36.003322+00:00,2026-06-29T20:46:36.003322+00:00
503,6,APPROVAL_RESULT,RR-1297 approved,Your requisition was approved at DOA.,READ,RR,297,2026-08-11T16:46:36.003322+00:00,2026-08-12T16:46:36.003322+00:00
504,21,APPROVAL_RESULT,RR-1298 approved,Your requisition was approved at DOA.,UNREAD,RR,298,2026-02-26T04:46:36.003322+00:00,
505,7,APPROVAL_RESULT,RR-1299 approved,Your requisition was approved at DOA.,READ,RR,299,2026-01-08T17:46:36.003322+00:00,2026-01-09T06:46:36.003322+00:00
506,7,PO_CREATED,PO-3220 created,A purchase order has been created for your requisition.,UNREAD,PO,220,2026-01-13T17:46:36.003322+00:00,
507,22,APPROVAL_RESULT,RR-1300 approved,Your requisition was approved at DOA.,READ,RR,300,2026-07-12T22:46:36.003322+00:00,2026-07-13T23:46:36.003322+00:00
508,22,PO_CREATED,PO-3221 created,A purchase order has been created for your requisition.,UNREAD,PO,221,2026-07-29T22:46:36.003322+00:00,
509,6,APPROVAL_RESULT,RR-1301 approved,Your requisition was approved at DOA.,UNREAD,RR,301,2026-01-25T23:46:36.003322+00:00,
510,6,PO_CREATED,PO-3222 created,A purchase order has been created for your requisition.,READ,PO,222,2026-03-04T23:46:36.003322+00:00,2026-03-05T09:46:36.003322+00:00
511,21,APPROVAL_RESULT,RR-1302 approved,Your requisition was approved at DOA.,READ,RR,302,2026-06-15T06:46:36.003322+00:00,2026-06-15T22:46:36.003322+00:00
512,21,PO_CREATED,PO-3223 created,A purchase order has been created for your requisition.,UNREAD,PO,223,2026-06-30T06:46:36.003322+00:00,
513,4,APPROVAL_RESULT,RR-1303 approved,Your requisition was approved at DOA.,READ,RR,303,2025-12-07T11:46:36.003322+00:00,2025-12-08T02:46:36.003322+00:00
514,4,PO_CREATED,PO-3224 created,A purchase order has been created for your requisition.,READ,PO,224,2025-12-23T11:46:36.003322+00:00,2025-12-24T12:46:36.003322+00:00
515,4,APPROVAL_RESULT,RR-1304 approved,Your requisition was approved at DOA.,READ,RR,304,2026-07-29T23:46:36.003322+00:00,2026-07-30T17:46:36.003322+00:00
516,4,PO_CREATED,PO-3225 created,A purchase order has been created for your requisition.,UNREAD,PO,225,2026-08-08T23:46:36.003322+00:00,
517,8,APPROVAL_RESULT,RR-1305 approved,Your requisition was approved at DOA.,READ,RR,305,2026-03-20T17:46:36.003322+00:00,2026-03-21T06:46:36.003322+00:00
518,8,PO_CREATED,PO-3226 created,A purchase order has been created for your requisition.,UNREAD,PO,226,2026-03-27T17:46:36.003322+00:00,
519,15,APPROVAL_RESULT,RR-1306 approved,Your requisition was approved at DOA.,READ,RR,306,2026-01-31T13:46:36.003322+00:00,2026-02-01T02:46:36.003322+00:00
520,15,PO_CREATED,PO-3227 created,A purchase order has been created for your requisition.,UNREAD,PO,227,2026-02-25T21:46:36.003322+00:00,
521,7,APPROVAL_RESULT,RR-1307 approved,Your requisition was approved at DOA.,READ,RR,307,2026-01-10T13:46:36.003322+00:00,2026-01-11T02:46:36.003322+00:00
522,7,PO_CREATED,PO-3228 created,A purchase order has been created for your requisition.,READ,PO,228,2026-01-14T13:46:36.003322+00:00,2026-01-14T19:46:36.003322+00:00
523,12,APPROVAL_RESULT,RR-1308 approved,Your requisition was approved at DOA.,UNREAD,RR,308,2026-05-13T15:46:36.003322+00:00,
524,2,APPROVAL_RESULT,RR-1309 approved,Your requisition was approved at DOA.,UNREAD,RR,309,2026-05-08T08:46:36.003322+00:00,
525,7,APPROVAL_RESULT,RR-1310 approved,Your requisition was approved at DOA.,READ,RR,310,2026-05-06T00:46:36.003322+00:00,2026-05-06T19:46:36.003322+00:00
526,7,PO_CREATED,PO-3229 created,A purchase order has been created for your requisition.,READ,PO,229,2026-05-21T00:46:36.003322+00:00,2026-05-21T20:46:36.003322+00:00
527,7,APPROVAL_RESULT,RR-1311 approved,Your requisition was approved at DOA.,READ,RR,311,2025-12-29T14:46:36.003322+00:00,2025-12-30T15:46:36.003322+00:00
528,7,PO_CREATED,PO-3230 created,A purchase order has been created for your requisition.,READ,PO,230,2026-01-18T03:46:36.003322+00:00,2026-01-18T23:46:36.003322+00:00
529,22,APPROVAL_RESULT,RR-1312 approved,Your requisition was approved at DOA.,READ,RR,312,2026-02-24T13:46:36.003322+00:00,2026-02-24T20:46:36.003322+00:00
530,22,PO_CREATED,PO-3231 created,A purchase order has been created for your requisition.,UNREAD,PO,231,2026-03-02T13:46:36.003322+00:00,
531,12,APPROVAL_RESULT,RR-1313 approved,Your requisition was approved at DOA.,READ,RR,313,2026-06-21T13:46:36.003322+00:00,2026-06-21T14:46:36.003322+00:00
532,12,PO_CREATED,PO-3232 created,A purchase order has been created for your requisition.,READ,PO,232,2026-06-23T13:46:36.003322+00:00,2026-06-24T14:46:36.003322+00:00
533,21,APPROVAL_RESULT,RR-1314 approved,Your requisition was approved at DOA.,UNREAD,RR,314,2026-07-24T17:46:36.003322+00:00,
534,21,PO_CREATED,PO-3233 created,A purchase order has been created for your requisition.,READ,PO,233,2026-08-24T17:46:36.003322+00:00,2026-08-25T20:46:36.003322+00:00
535,21,APPROVAL_RESULT,RR-1315 approved,Your requisition was approved at DOA.,READ,RR,315,2026-04-16T19:46:36.003322+00:00,2026-04-17T12:46:36.003322+00:00
536,21,PO_CREATED,PO-3234 created,A purchase order has been created for your requisition.,READ,PO,234,2026-04-18T19:46:36.003322+00:00,2026-04-19T17:46:36.003322+00:00
537,24,APPROVAL_RESULT,RR-1317 approved,Your requisition was approved at DOA.,READ,RR,317,2026-08-13T07:46:36.003322+00:00,2026-08-14T08:46:36.003322+00:00
538,13,APPROVAL_RESULT,RR-1318 approved,Your requisition was approved at DOA.,UNREAD,RR,318,2026-08-23T12:46:36.003322+00:00,
539,13,PO_CREATED,PO-3235 created,A purchase order has been created for your requisition.,UNREAD,PO,235,2026-09-05T12:46:36.003322+00:00,
540,15,APPROVAL_RESULT,RR-1319 approved,Your requisition was approved at DOA.,READ,RR,319,2026-07-29T16:46:36.003322+00:00,2026-07-29T21:46:36.003322+00:00
541,15,PO_CREATED,PO-3236 created,A purchase order has been created for your requisition.,READ,PO,236,2026-08-05T16:46:36.003322+00:00,2026-08-06T17:46:36.003322+00:00
542,9,APPROVAL_RESULT,RR-1320 approved,Your requisition was approved at DOA.,UNREAD,RR,320,2026-05-13T03:46:36.003322+00:00,
543,9,PO_CREATED,PO-3237 created,A purchase order has been created for your requisition.,READ,PO,237,2026-05-22T03:46:36.003322+00:00,2026-05-23T07:46:36.003322+00:00
544,15,APPROVAL_RESULT,RR-1321 approved,Your requisition was approved at DOA.,UNREAD,RR,321,2025-12-30T15:46:36.003322+00:00,
545,15,PO_CREATED,PO-3238 created,A purchase order has been created for your requisition.,READ,PO,238,2026-01-14T15:46:36.003322+00:00,2026-01-15T14:46:36.003322+00:00
546,19,APPROVAL_RESULT,RR-1322 approved,Your requisition was approved at DOA.,READ,RR,322,2026-04-17T16:46:36.003322+00:00,2026-04-18T18:46:36.003322+00:00
547,19,PO_CREATED,PO-3239 created,A purchase order has been created for your requisition.,READ,PO,239,2026-04-20T16:46:36.003322+00:00,2026-04-21T20:46:36.003322+00:00
548,10,APPROVAL_RESULT,RR-1323 approved,Your requisition was approved at DOA.,UNREAD,RR,323,2026-02-08T08:46:36.003322+00:00,
549,10,PO_CREATED,PO-3240 created,A purchase order has been created for your requisition.,READ,PO,240,2026-02-25T08:46:36.003322+00:00,2026-02-26T13:46:36.003322+00:00
550,5,APPROVAL_RESULT,RR-1324 approved,Your requisition was approved at DOA.,UNREAD,RR,324,2026-04-24T12:46:36.003322+00:00,
551,13,APPROVAL_RESULT,NFA rejected for PR-2277,The NFA for this PR was rejected.,UNREAD,PR,277,2026-05-01T12:46:36.003322+00:00,
552,14,APPROVAL_RESULT,RR-1325 approved,Your requisition was approved at DOA.,UNREAD,RR,325,2026-02-17T10:46:36.003322+00:00,
553,14,PO_CREATED,PO-3241 created,A purchase order has been created for your requisition.,UNREAD,PO,241,2026-04-10T20:46:36.003322+00:00,
554,9,APPROVAL_RESULT,RR-1326 approved,Your requisition was approved at DOA.,READ,RR,326,2026-06-30T18:46:36.003322+00:00,2026-07-01T15:46:36.003322+00:00
555,9,PO_CREATED,PO-3242 created,A purchase order has been created for your requisition.,UNREAD,PO,242,2026-08-10T16:46:36.003322+00:00,
556,9,APPROVAL_RESULT,RR-1327 approved,Your requisition was approved at DOA.,READ,RR,327,2026-03-20T19:46:36.003322+00:00,2026-03-21T18:46:36.003322+00:00
557,9,PO_CREATED,PO-3243 created,A purchase order has been created for your requisition.,UNREAD,PO,243,2026-04-12T21:46:36.003322+00:00,
558,11,APPROVAL_RESULT,RR-1328 approved,Your requisition was approved at DOA.,READ,RR,328,2026-03-01T02:46:36.003322+00:00,2026-03-02T06:46:36.003322+00:00
559,11,PO_CREATED,PO-3244 created,A purchase order has been created for your requisition.,READ,PO,244,2026-04-06T02:46:36.003322+00:00,2026-04-06T22:46:36.003322+00:00
560,9,APPROVAL_RESULT,RR-1329 approved,Your requisition was approved at DOA.,READ,RR,329,2026-04-11T09:46:36.003322+00:00,2026-04-11T23:46:36.003322+00:00
561,9,PO_CREATED,PO-3245 created,A purchase order has been created for your requisition.,UNREAD,PO,245,2026-05-07T18:46:36.003322+00:00,
562,21,APPROVAL_RESULT,RR-1330 approved,Your requisition was approved at DOA.,READ,RR,330,2026-08-11T22:46:36.003322+00:00,2026-08-13T04:46:36.003322+00:00
563,21,PO_CREATED,PO-3246 created,A purchase order has been created for your requisition.,READ,PO,246,2026-08-22T22:46:36.003322+00:00,2026-08-24T03:46:36.003322+00:00
564,3,APPROVAL_RESULT,RR-1331 approved,Your requisition was approved at DOA.,UNREAD,RR,331,2026-04-28T23:46:36.003322+00:00,
565,3,PO_CREATED,PO-3247 created,A purchase order has been created for your requisition.,READ,PO,247,2026-06-24T15:46:36.003322+00:00,2026-06-25T02:46:36.003322+00:00
566,12,APPROVAL_RESULT,RR-1332 approved,Your requisition was approved at DOA.,READ,RR,332,2026-02-14T10:46:36.003322+00:00,2026-02-14T19:46:36.003322+00:00
567,12,PO_CREATED,PO-3248 created,A purchase order has been created for your requisition.,UNREAD,PO,248,2026-02-22T10:46:36.003322+00:00,
568,19,APPROVAL_RESULT,RR-1333 approved,Your requisition was approved at DOA.,READ,RR,333,2026-03-26T06:46:36.003322+00:00,2026-03-26T12:46:36.003322+00:00
569,19,PO_CREATED,PO-3249 created,A purchase order has been created for your requisition.,READ,PO,249,2026-04-25T06:46:36.003322+00:00,2026-04-25T16:46:36.003322+00:00
570,14,APPROVAL_RESULT,RR-1334 approved,Your requisition was approved at DOA.,READ,RR,334,2026-06-27T23:46:36.003322+00:00,2026-06-28T16:46:36.003322+00:00
571,14,PO_CREATED,PO-3250 created,A purchase order has been created for your requisition.,UNREAD,PO,250,2026-07-14T23:46:36.003322+00:00,
572,4,APPROVAL_RESULT,RR-1335 approved,Your requisition was approved at DOA.,READ,RR,335,2026-01-13T21:46:36.003322+00:00,2026-01-14T01:46:36.003322+00:00
573,4,PO_CREATED,PO-3251 created,A purchase order has been created for your requisition.,UNREAD,PO,251,2026-01-16T21:46:36.003322+00:00,
574,16,APPROVAL_RESULT,RR-1336 approved,Your requisition was approved at DOA.,READ,RR,336,2026-05-04T11:46:36.003322+00:00,2026-05-05T12:46:36.003322+00:00
575,9,APPROVAL_RESULT,RR-1337 approved,Your requisition was approved at DOA.,READ,RR,337,2026-06-11T09:46:36.003322+00:00,2026-06-11T15:46:36.003322+00:00
576,9,PO_CREATED,PO-3252 created,A purchase order has been created for your requisition.,UNREAD,PO,252,2026-07-09T09:46:36.003322+00:00,
577,6,APPROVAL_RESULT,RR-1338 approved,Your requisition was approved at DOA.,READ,RR,338,2026-06-06T09:46:36.003322+00:00,2026-06-06T23:46:36.003322+00:00
578,6,PO_CREATED,PO-3253 created,A purchase order has been created for your requisition.,UNREAD,PO,253,2026-06-08T09:46:36.003322+00:00,
579,17,APPROVAL_RESULT,RR-1339 approved,Your requisition was approved at DOA.,UNREAD,RR,339,2026-05-10T01:46:36.003322+00:00,
580,17,PO_CREATED,PO-3254 created,A purchase order has been created for your requisition.,UNREAD,PO,254,2026-05-17T01:46:36.003322+00:00,
581,13,APPROVAL_RESULT,RR-1340 approved,Your requisition was approved at DOA.,READ,RR,340,2026-01-02T12:46:36.003322+00:00,2026-01-02T20:46:36.003322+00:00
582,13,PO_CREATED,PO-3255 created,A purchase order has been created for your requisition.,UNREAD,PO,255,2026-01-19T12:46:36.003322+00:00,
583,19,APPROVAL_RESULT,RR-1341 approved,Your requisition was approved at DOA.,READ,RR,341,2026-06-02T11:46:36.003322+00:00,2026-06-03T12:46:36.003322+00:00
584,19,PO_CREATED,PO-3256 created,A purchase order has been created for your requisition.,READ,PO,256,2026-06-22T21:46:36.003322+00:00,2026-06-23T03:46:36.003322+00:00
585,15,APPROVAL_REQUEST,DOA approval needed: RR-1342,A requisition is waiting on your DOA approval.,UNREAD,RR,342,2026-04-14T13:46:36.003322+00:00,
586,4,APPROVAL_RESULT,RR-1343 approved,Your requisition was approved at DOA.,READ,RR,343,2026-04-28T20:46:36.003322+00:00,2026-04-29T22:46:36.003322+00:00
587,4,PO_CREATED,PO-3257 created,A purchase order has been created for your requisition.,UNREAD,PO,257,2026-05-04T20:46:36.003322+00:00,
588,21,APPROVAL_RESULT,RR-1344 approved,Your requisition was approved at DOA.,UNREAD,RR,344,2026-01-07T03:46:36.003322+00:00,
589,21,PO_CREATED,PO-3258 created,A purchase order has been created for your requisition.,UNREAD,PO,258,2026-01-30T03:46:36.003322+00:00,
590,15,APPROVAL_RESULT,RR-1345 approved,Your requisition was approved at DOA.,READ,RR,345,2026-03-10T05:46:36.003322+00:00,2026-03-11T09:46:36.003322+00:00
591,15,PO_CREATED,PO-3259 created,A purchase order has been created for your requisition.,UNREAD,PO,259,2026-04-26T05:46:36.003322+00:00,
592,14,APPROVAL_RESULT,RR-1346 approved,Your requisition was approved at DOA.,READ,RR,346,2026-01-18T08:46:36.003322+00:00,2026-01-18T18:46:36.003322+00:00
593,14,PO_CREATED,PO-3260 created,A purchase order has been created for your requisition.,READ,PO,260,2026-02-08T19:46:36.003322+00:00,2026-02-09T19:46:36.003322+00:00
594,7,APPROVAL_RESULT,RR-1347 approved,Your requisition was approved at DOA.,READ,RR,347,2026-01-09T10:46:36.003322+00:00,2026-01-10T07:46:36.003322+00:00
595,7,PO_CREATED,PO-3261 created,A purchase order has been created for your requisition.,READ,PO,261,2026-01-28T10:46:36.003322+00:00,2026-01-29T05:46:36.003322+00:00
596,19,APPROVAL_RESULT,RR-1348 approved,Your requisition was approved at DOA.,READ,RR,348,2026-03-27T11:46:36.003322+00:00,2026-03-27T12:46:36.003322+00:00
597,19,PO_CREATED,PO-3262 created,A purchase order has been created for your requisition.,READ,PO,262,2026-03-30T11:46:36.003322+00:00,2026-03-31T06:46:36.003322+00:00
598,17,APPROVAL_RESULT,RR-1349 approved,Your requisition was approved at DOA.,READ,RR,349,2025-12-22T23:46:36.003322+00:00,2025-12-23T16:46:36.003322+00:00
599,17,PO_CREATED,PO-3263 created,A purchase order has been created for your requisition.,UNREAD,PO,263,2026-01-20T23:46:36.003322+00:00,
600,3,APPROVAL_REQUEST,DOA approval needed: RR-1350,A requisition is waiting on your DOA approval.,UNREAD,RR,350,2026-07-20T23:46:36.003322+00:00,
601,10,APPROVAL_RESULT,RR-1351 approved,Your requisition was approved at DOA.,UNREAD,RR,351,2026-02-18T07:46:36.003322+00:00,
602,10,PO_CREATED,PO-3264 created,A purchase order has been created for your requisition.,UNREAD,PO,264,2026-03-16T15:46:36.003322+00:00,
603,20,APPROVAL_RESULT,RR-1352 approved,Your requisition was approved at DOA.,UNREAD,RR,352,2026-03-24T09:46:36.003322+00:00,
604,20,PO_CREATED,PO-3265 created,A purchase order has been created for your requisition.,UNREAD,PO,265,2026-03-31T09:46:36.003322+00:00,
605,20,APPROVAL_RESULT,RR-1353 approved,Your requisition was approved at DOA.,UNREAD,RR,353,2026-07-26T21:46:36.003322+00:00,
606,19,APPROVAL_RESULT,RR-1354 approved,Your requisition was approved at DOA.,READ,RR,354,2025-12-16T01:46:36.003322+00:00,2025-12-16T13:46:36.003322+00:00
607,19,PO_CREATED,PO-3266 created,A purchase order has been created for your requisition.,READ,PO,266,2026-01-15T01:46:36.003322+00:00,2026-01-15T02:46:36.003322+00:00
608,19,APPROVAL_RESULT,RR-1355 approved,Your requisition was approved at DOA.,READ,RR,355,2026-07-17T22:46:36.003322+00:00,2026-07-17T23:46:36.003322+00:00
609,19,PO_CREATED,PO-3267 created,A purchase order has been created for your requisition.,READ,PO,267,2026-08-05T19:46:36.003322+00:00,2026-08-06T06:46:36.003322+00:00
610,18,APPROVAL_RESULT,RR-1356 approved,Your requisition was approved at DOA.,READ,RR,356,2026-04-09T17:46:36.003322+00:00,2026-04-09T20:46:36.003322+00:00
611,7,APPROVAL_RESULT,RR-1357 approved,Your requisition was approved at DOA.,READ,RR,357,2026-06-04T14:46:36.003322+00:00,2026-06-04T20:46:36.003322+00:00
612,7,PO_CREATED,PO-3268 created,A purchase order has been created for your requisition.,UNREAD,PO,268,2026-06-29T21:46:36.003322+00:00,
613,10,APPROVAL_RESULT,RR-1358 approved,Your requisition was approved at DOA.,READ,RR,358,2026-04-26T03:46:36.003322+00:00,2026-04-27T00:46:36.003322+00:00
614,10,PO_CREATED,PO-3269 created,A purchase order has been created for your requisition.,UNREAD,PO,269,2026-05-31T03:46:36.003322+00:00,
615,2,APPROVAL_RESULT,RR-1359 approved,Your requisition was approved at DOA.,READ,RR,359,2026-01-22T12:46:36.003322+00:00,2026-01-23T05:46:36.003322+00:00
616,2,PO_CREATED,PO-3270 created,A purchase order has been created for your requisition.,UNREAD,PO,270,2026-03-12T13:46:36.003322+00:00,
617,3,APPROVAL_RESULT,RR-1360 approved,Your requisition was approved at DOA.,UNREAD,RR,360,2026-07-06T16:46:36.003322+00:00,
618,3,PO_CREATED,PO-3271 created,A purchase order has been created for your requisition.,UNREAD,PO,271,2026-07-14T16:46:36.003322+00:00,
619,24,APPROVAL_RESULT,RR-1361 approved,Your requisition was approved at DOA.,READ,RR,361,2026-02-20T14:46:36.003322+00:00,2026-02-21T05:46:36.003322+00:00
620,24,PO_CREATED,PO-3272 created,A purchase order has been created for your requisition.,READ,PO,272,2026-03-19T14:46:36.003322+00:00,2026-03-20T07:46:36.003322+00:00
621,9,APPROVAL_RESULT,RR-1362 approved,Your requisition was approved at DOA.,READ,RR,362,2026-02-06T01:46:36.003322+00:00,2026-02-07T01:46:36.003322+00:00
622,9,PO_CREATED,PO-3273 created,A purchase order has been created for your requisition.,READ,PO,273,2026-02-24T01:46:36.003322+00:00,2026-02-24T04:46:36.003322+00:00
623,15,APPROVAL_RESULT,RR-1363 approved,Your requisition was approved at DOA.,READ,RR,363,2026-07-26T20:46:36.003322+00:00,2026-07-27T01:46:36.003322+00:00
624,15,PO_CREATED,PO-3274 created,A purchase order has been created for your requisition.,UNREAD,PO,274,2026-08-03T20:46:36.003322+00:00,
625,22,APPROVAL_RESULT,RR-1364 approved,Your requisition was approved at DOA.,READ,RR,364,2026-02-15T15:46:36.003322+00:00,2026-02-16T12:46:36.003322+00:00
626,21,APPROVAL_RESULT,RR-1365 approved,Your requisition was approved at DOA.,UNREAD,RR,365,2026-04-08T15:46:36.003322+00:00,
627,21,PO_CREATED,PO-3275 created,A purchase order has been created for your requisition.,UNREAD,PO,275,2026-04-13T15:46:36.003322+00:00,
628,5,APPROVAL_RESULT,RR-1366 approved,Your requisition was approved at DOA.,READ,RR,366,2026-03-14T09:46:36.003322+00:00,2026-03-15T04:46:36.003322+00:00
629,5,PO_CREATED,PO-3276 created,A purchase order has been created for your requisition.,READ,PO,276,2026-04-07T09:46:36.003322+00:00,2026-04-08T09:46:36.003322+00:00
630,1,APPROVAL_RESULT,RR-1367 approved,Your requisition was approved at DOA.,READ,RR,367,2026-08-17T04:46:36.003322+00:00,2026-08-17T13:46:36.003322+00:00
631,1,PO_CREATED,PO-3277 created,A purchase order has been created for your requisition.,READ,PO,277,2026-08-20T04:46:36.003322+00:00,2026-08-20T07:46:36.003322+00:00
632,13,APPROVAL_RESULT,RR-1368 approved,Your requisition was approved at DOA.,READ,RR,368,2026-02-26T18:46:36.003322+00:00,2026-02-27T17:46:36.003322+00:00
633,13,PO_CREATED,PO-3278 created,A purchase order has been created for your requisition.,UNREAD,PO,278,2026-03-13T18:46:36.003322+00:00,
634,7,APPROVAL_RESULT,RR-1369 approved,Your requisition was approved at DOA.,READ,RR,369,2026-04-06T06:46:36.003322+00:00,2026-04-06T20:46:36.003322+00:00
635,7,PO_CREATED,PO-3279 created,A purchase order has been created for your requisition.,UNREAD,PO,279,2026-05-21T06:46:36.003322+00:00,
636,19,APPROVAL_RESULT,RR-1370 approved,Your requisition was approved at DOA.,READ,RR,370,2026-04-07T20:46:36.003322+00:00,2026-04-08T21:46:36.003322+00:00
637,19,PO_CREATED,PO-3280 created,A purchase order has been created for your requisition.,READ,PO,280,2026-04-11T20:46:36.003322+00:00,2026-04-12T09:46:36.003322+00:00
638,18,APPROVAL_RESULT,RR-1371 approved,Your requisition was approved at DOA.,UNREAD,RR,371,2025-12-29T05:46:36.003322+00:00,
639,18,PO_CREATED,PO-3281 created,A purchase order has been created for your requisition.,READ,PO,281,2026-01-05T05:46:36.003322+00:00,2026-01-05T23:46:36.003322+00:00
640,21,APPROVAL_RESULT,RR-1372 approved,Your requisition was approved at DOA.,UNREAD,RR,372,2026-03-05T19:46:36.003322+00:00,
641,21,PO_CREATED,PO-3282 created,A purchase order has been created for your requisition.,READ,PO,282,2026-03-13T19:46:36.003322+00:00,2026-03-14T05:46:36.003322+00:00
642,15,APPROVAL_REQUEST,DOA approval needed: RR-1373,A requisition is waiting on your DOA approval.,UNREAD,RR,373,2026-04-28T01:46:36.003322+00:00,
643,11,APPROVAL_RESULT,RR-1374 approved,Your requisition was approved at DOA.,READ,RR,374,2026-05-14T22:46:36.003322+00:00,2026-05-15T09:46:36.003322+00:00
644,11,PO_CREATED,PO-3283 created,A purchase order has been created for your requisition.,READ,PO,283,2026-05-24T22:46:36.003322+00:00,2026-05-26T02:46:36.003322+00:00
645,15,APPROVAL_REQUEST,DOA approval needed: RR-1375,A requisition is waiting on your DOA approval.,UNREAD,RR,375,2026-05-13T14:46:36.003322+00:00,
646,14,APPROVAL_RESULT,RR-1376 approved,Your requisition was approved at DOA.,UNREAD,RR,376,2026-02-27T00:46:36.003322+00:00,
647,14,PO_CREATED,PO-3284 created,A purchase order has been created for your requisition.,UNREAD,PO,284,2026-03-21T18:46:36.003322+00:00,
648,8,APPROVAL_RESULT,RR-1378 approved,Your requisition was approved at DOA.,READ,RR,378,2026-03-14T00:46:36.003322+00:00,2026-03-14T17:46:36.003322+00:00
649,5,APPROVAL_RESULT,NFA rejected for PR-2326,The NFA for this PR was rejected.,UNREAD,PR,326,2026-04-05T09:46:36.003322+00:00,
650,16,APPROVAL_RESULT,RR-1379 approved,Your requisition was approved at DOA.,READ,RR,379,2026-05-02T07:46:36.003322+00:00,2026-05-03T07:46:36.003322+00:00
651,21,APPROVAL_RESULT,RR-1380 approved,Your requisition was approved at DOA.,READ,RR,380,2026-03-08T14:46:36.003322+00:00,2026-03-09T10:46:36.003322+00:00
652,21,PO_CREATED,PO-3285 created,A purchase order has been created for your requisition.,READ,PO,285,2026-03-17T14:46:36.003322+00:00,2026-03-18T09:46:36.003322+00:00
653,12,APPROVAL_RESULT,RR-1381 approved,Your requisition was approved at DOA.,READ,RR,381,2026-04-20T19:46:36.003322+00:00,2026-04-21T00:46:36.003322+00:00
654,12,PO_CREATED,PO-3286 created,A purchase order has been created for your requisition.,UNREAD,PO,286,2026-05-13T20:46:36.003322+00:00,
655,2,APPROVAL_REQUEST,DOA approval needed: RR-1382,A requisition is waiting on your DOA approval.,UNREAD,RR,382,2026-04-14T22:46:36.003322+00:00,
656,3,APPROVAL_REQUEST,DOA approval needed: RR-1383,A requisition is waiting on your DOA approval.,UNREAD,RR,383,2026-07-18T23:46:36.003322+00:00,
657,2,APPROVAL_RESULT,RR-1384 approved,Your requisition was approved at DOA.,READ,RR,384,2025-12-20T12:46:36.003322+00:00,2025-12-21T07:46:36.003322+00:00
658,2,PO_CREATED,PO-3287 created,A purchase order has been created for your requisition.,READ,PO,287,2026-02-05T12:46:36.003322+00:00,2026-02-06T08:46:36.003322+00:00
659,11,APPROVAL_RESULT,RR-1385 approved,Your requisition was approved at DOA.,READ,RR,385,2026-02-01T10:46:36.003322+00:00,2026-02-01T16:46:36.003322+00:00
660,11,PO_CREATED,PO-3288 created,A purchase order has been created for your requisition.,UNREAD,PO,288,2026-02-08T10:46:36.003322+00:00,
661,19,APPROVAL_RESULT,RR-1386 approved,Your requisition was approved at DOA.,UNREAD,RR,386,2026-01-25T10:46:36.003322+00:00,
662,19,PO_CREATED,PO-3289 created,A purchase order has been created for your requisition.,READ,PO,289,2026-02-11T10:46:36.003322+00:00,2026-02-11T20:46:36.003322+00:00
663,5,APPROVAL_RESULT,RR-1387 approved,Your requisition was approved at DOA.,READ,RR,387,2026-05-28T13:46:36.003322+00:00,2026-05-29T08:46:36.003322+00:00
664,5,PO_CREATED,PO-3290 created,A purchase order has been created for your requisition.,UNREAD,PO,290,2026-06-24T06:46:36.003322+00:00,
665,3,APPROVAL_REQUEST,DOA approval needed: RR-1388,A requisition is waiting on your DOA approval.,UNREAD,RR,388,2026-07-27T18:46:36.003322+00:00,
666,15,APPROVAL_RESULT,RR-1390 approved,Your requisition was approved at DOA.,READ,RR,390,2026-06-20T20:46:36.003322+00:00,2026-06-21T21:46:36.003322+00:00
667,15,PO_CREATED,PO-3291 created,A purchase order has been created for your requisition.,UNREAD,PO,291,2026-07-22T20:46:36.003322+00:00,
668,11,APPROVAL_RESULT,RR-1391 approved,Your requisition was approved at DOA.,READ,RR,391,2026-03-06T07:46:36.003322+00:00,2026-03-06T12:46:36.003322+00:00
669,11,PO_CREATED,PO-3292 created,A purchase order has been created for your requisition.,UNREAD,PO,292,2026-03-30T02:46:36.003322+00:00,
670,4,APPROVAL_RESULT,RR-1392 approved,Your requisition was approved at DOA.,READ,RR,392,2026-01-22T15:46:36.003322+00:00,2026-01-23T13:46:36.003322+00:00
671,4,PO_CREATED,PO-3293 created,A purchase order has been created for your requisition.,READ,PO,293,2026-02-10T15:46:36.003322+00:00,2026-02-10T21:46:36.003322+00:00
672,14,APPROVAL_RESULT,RR-1393 approved,Your requisition was approved at DOA.,READ,RR,393,2026-02-06T12:46:36.003322+00:00,2026-02-07T12:46:36.003322+00:00
673,14,PO_CREATED,PO-3294 created,A purchase order has been created for your requisition.,UNREAD,PO,294,2026-02-20T12:46:36.003322+00:00,
674,22,APPROVAL_RESULT,RR-1394 approved,Your requisition was approved at DOA.,UNREAD,RR,394,2026-07-04T15:46:36.003322+00:00,
675,8,APPROVAL_RESULT,RR-1395 approved,Your requisition was approved at DOA.,READ,RR,395,2026-06-11T13:46:36.003322+00:00,2026-06-12T10:46:36.003322+00:00
676,16,APPROVAL_RESULT,RR-1396 approved,Your requisition was approved at DOA.,READ,RR,396,2026-02-22T01:46:36.003322+00:00,2026-02-23T01:46:36.003322+00:00
677,16,PO_CREATED,PO-3295 created,A purchase order has been created for your requisition.,UNREAD,PO,295,2026-02-26T01:46:36.003322+00:00,
678,2,APPROVAL_REQUEST,DOA approval needed: RR-1397,A requisition is waiting on your DOA approval.,UNREAD,RR,397,2026-07-07T18:46:36.003322+00:00,
679,18,APPROVAL_RESULT,RR-1398 approved,Your requisition was approved at DOA.,UNREAD,RR,398,2026-04-17T08:46:36.003322+00:00,
680,18,PO_CREATED,PO-3296 created,A purchase order has been created for your requisition.,READ,PO,296,2026-04-20T08:46:36.003322+00:00,2026-04-21T11:46:36.003322+00:00
681,3,APPROVAL_RESULT,RR-1399 approved,Your requisition was approved at DOA.,UNREAD,RR,399,2026-06-26T06:46:36.003322+00:00,
682,3,PO_CREATED,PO-3297 created,A purchase order has been created for your requisition.,UNREAD,PO,297,2026-07-08T06:46:36.003322+00:00,
683,4,APPROVAL_RESULT,RR-1400 approved,Your requisition was approved at DOA.,READ,RR,400,2026-05-31T08:46:36.003322+00:00,2026-05-31T09:46:36.003322+00:00
684,4,PO_CREATED,PO-3298 created,A purchase order has been created for your requisition.,READ,PO,298,2026-06-13T08:46:36.003322+00:00,2026-06-13T17:46:36.003322+00:00
685,22,APPROVAL_RESULT,RR-1401 approved,Your requisition was approved at DOA.,UNREAD,RR,401,2026-04-11T04:46:36.003322+00:00,
686,22,PO_CREATED,PO-3299 created,A purchase order has been created for your requisition.,UNREAD,PO,299,2026-05-10T04:46:36.003322+00:00,
687,4,APPROVAL_RESULT,RR-1402 approved,Your requisition was approved at DOA.,READ,RR,402,2026-07-15T07:46:36.003322+00:00,2026-07-16T10:46:36.003322+00:00
688,4,PO_CREATED,PO-3300 created,A purchase order has been created for your requisition.,READ,PO,300,2026-08-05T07:46:36.003322+00:00,2026-08-05T14:46:36.003322+00:00
689,16,APPROVAL_RESULT,RR-1403 approved,Your requisition was approved at DOA.,READ,RR,403,2026-05-11T20:46:36.003322+00:00,2026-05-12T01:46:36.003322+00:00
690,16,PO_CREATED,PO-3301 created,A purchase order has been created for your requisition.,UNREAD,PO,301,2026-05-20T20:46:36.003322+00:00,
691,5,APPROVAL_RESULT,RR-1404 approved,Your requisition was approved at DOA.,UNREAD,RR,404,2026-08-13T14:46:36.003322+00:00,
692,5,PO_CREATED,PO-3302 created,A purchase order has been created for your requisition.,READ,PO,302,2026-09-13T14:46:36.003322+00:00,2026-09-14T13:46:36.003322+00:00
693,11,APPROVAL_RESULT,RR-1405 approved,Your requisition was approved at DOA.,UNREAD,RR,405,2026-02-28T23:46:36.003322+00:00,
694,11,PO_CREATED,PO-3303 created,A purchase order has been created for your requisition.,UNREAD,PO,303,2026-03-11T23:46:36.003322+00:00,
695,10,APPROVAL_RESULT,RR-1406 approved,Your requisition was approved at DOA.,READ,RR,406,2026-03-26T01:46:36.003322+00:00,2026-03-26T13:46:36.003322+00:00
696,10,PO_CREATED,PO-3304 created,A purchase order has been created for your requisition.,READ,PO,304,2026-04-24T01:46:36.003322+00:00,2026-04-24T09:46:36.003322+00:00
697,2,APPROVAL_REQUEST,DOA approval needed: RR-1407,A requisition is waiting on your DOA approval.,UNREAD,RR,407,2026-07-12T19:46:36.003322+00:00,
698,9,APPROVAL_RESULT,RR-1408 approved,Your requisition was approved at DOA.,READ,RR,408,2026-08-01T22:46:36.003322+00:00,2026-08-02T00:46:36.003322+00:00
699,9,PO_CREATED,PO-3305 created,A purchase order has been created for your requisition.,READ,PO,305,2026-08-21T19:46:36.003322+00:00,2026-08-22T20:46:36.003322+00:00
700,17,APPROVAL_RESULT,RR-1409 approved,Your requisition was approved at DOA.,UNREAD,RR,409,2026-07-25T22:46:36.003322+00:00,
701,17,PO_CREATED,PO-3306 created,A purchase order has been created for your requisition.,READ,PO,306,2026-08-13T22:46:36.003322+00:00,2026-08-14T22:46:36.003322+00:00
702,17,APPROVAL_RESULT,RR-1410 approved,Your requisition was approved at DOA.,READ,RR,410,2026-02-24T05:46:36.003322+00:00,2026-02-25T09:46:36.003322+00:00
703,17,PO_CREATED,PO-3307 created,A purchase order has been created for your requisition.,UNREAD,PO,307,2026-04-06T14:46:36.003322+00:00,
704,11,APPROVAL_RESULT,RR-1411 approved,Your requisition was approved at DOA.,READ,RR,411,2026-04-10T02:46:36.003322+00:00,2026-04-10T08:46:36.003322+00:00
705,11,PO_CREATED,PO-3308 created,A purchase order has been created for your requisition.,READ,PO,308,2026-05-14T02:46:36.003322+00:00,2026-05-14T15:46:36.003322+00:00
706,13,APPROVAL_RESULT,RR-1413 approved,Your requisition was approved at DOA.,UNREAD,RR,413,2026-06-26T02:46:36.003322+00:00,
707,13,PO_CREATED,PO-3309 created,A purchase order has been created for your requisition.,READ,PO,309,2026-07-09T02:46:36.003322+00:00,2026-07-09T10:46:36.003322+00:00
708,9,APPROVAL_RESULT,RR-1414 approved,Your requisition was approved at DOA.,READ,RR,414,2026-08-13T08:46:36.003322+00:00,2026-08-14T04:46:36.003322+00:00
709,9,PO_CREATED,PO-3310 created,A purchase order has been created for your requisition.,READ,PO,310,2026-08-16T08:46:36.003322+00:00,2026-08-17T00:46:36.003322+00:00
710,14,APPROVAL_RESULT,RR-1415 approved,Your requisition was approved at DOA.,READ,RR,415,2026-08-11T14:46:36.003322+00:00,2026-08-12T04:46:36.003322+00:00
711,14,PO_CREATED,PO-3311 created,A purchase order has been created for your requisition.,UNREAD,PO,311,2026-08-20T14:46:36.003322+00:00,
712,12,APPROVAL_RESULT,RR-1417 approved,Your requisition was approved at DOA.,READ,RR,417,2026-02-25T16:46:36.003322+00:00,2026-02-26T17:46:36.003322+00:00
713,12,PO_CREATED,PO-3312 created,A purchase order has been created for your requisition.,READ,PO,312,2026-03-07T16:46:36.003322+00:00,2026-03-07T18:46:36.003322+00:00
714,4,APPROVAL_RESULT,RR-1418 approved,Your requisition was approved at DOA.,READ,RR,418,2026-03-22T19:46:36.003322+00:00,2026-03-23T08:46:36.003322+00:00
715,4,PO_CREATED,PO-3313 created,A purchase order has been created for your requisition.,UNREAD,PO,313,2026-04-07T18:46:36.003322+00:00,
716,16,APPROVAL_RESULT,RR-1419 approved,Your requisition was approved at DOA.,READ,RR,419,2026-03-25T22:46:36.003322+00:00,2026-03-26T20:46:36.003322+00:00
717,16,PO_CREATED,PO-3314 created,A purchase order has been created for your requisition.,UNREAD,PO,314,2026-04-12T22:46:36.003322+00:00,
718,19,APPROVAL_RESULT,RR-1420 approved,Your requisition was approved at DOA.,READ,RR,420,2026-05-07T04:46:36.003322+00:00,2026-05-08T05:46:36.003322+00:00
719,19,PO_CREATED,PO-3315 created,A purchase order has been created for your requisition.,READ,PO,315,2026-05-31T04:46:36.003322+00:00,2026-06-01T05:46:36.003322+00:00
720,4,APPROVAL_RESULT,RR-1421 approved,Your requisition was approved at DOA.,READ,RR,421,2026-04-28T14:46:36.003322+00:00,2026-04-29T10:46:36.003322+00:00
721,4,PO_CREATED,PO-3316 created,A purchase order has been created for your requisition.,READ,PO,316,2026-05-01T14:46:36.003322+00:00,2026-05-01T15:46:36.003322+00:00
722,6,APPROVAL_RESULT,RR-1422 approved,Your requisition was approved at DOA.,READ,RR,422,2025-12-20T20:46:36.003322+00:00,2025-12-22T00:46:36.003322+00:00
723,6,PO_CREATED,PO-3317 created,A purchase order has been created for your requisition.,READ,PO,317,2026-01-24T20:46:36.003322+00:00,2026-01-25T14:46:36.003322+00:00
724,4,APPROVAL_RESULT,RR-1423 approved,Your requisition was approved at DOA.,READ,RR,423,2026-08-07T01:46:36.003322+00:00,2026-08-08T04:46:36.003322+00:00
725,19,APPROVAL_RESULT,RR-1424 approved,Your requisition was approved at DOA.,UNREAD,RR,424,2026-05-23T07:46:36.003322+00:00,
726,19,PO_CREATED,PO-3318 created,A purchase order has been created for your requisition.,READ,PO,318,2026-06-20T07:46:36.003322+00:00,2026-06-21T05:46:36.003322+00:00
727,15,APPROVAL_RESULT,RR-1425 approved,Your requisition was approved at DOA.,READ,RR,425,2026-07-30T12:46:36.003322+00:00,2026-07-31T05:46:36.003322+00:00
728,15,PO_CREATED,PO-3319 created,A purchase order has been created for your requisition.,READ,PO,319,2026-08-15T12:46:36.003322+00:00,2026-08-15T20:46:36.003322+00:00
729,24,APPROVAL_RESULT,RR-1426 approved,Your requisition was approved at DOA.,READ,RR,426,2026-04-01T02:46:36.003322+00:00,2026-04-01T18:46:36.003322+00:00
730,24,PO_CREATED,PO-3320 created,A purchase order has been created for your requisition.,READ,PO,320,2026-05-12T22:46:36.003322+00:00,2026-05-13T08:46:36.003322+00:00
731,16,APPROVAL_RESULT,RR-1427 approved,Your requisition was approved at DOA.,UNREAD,RR,427,2026-04-04T07:46:36.003322+00:00,
732,16,PO_CREATED,PO-3321 created,A purchase order has been created for your requisition.,READ,PO,321,2026-04-18T07:46:36.003322+00:00,2026-04-18T15:46:36.003322+00:00
733,12,APPROVAL_RESULT,RR-1428 approved,Your requisition was approved at DOA.,UNREAD,RR,428,2026-07-23T00:46:36.003322+00:00,
734,12,PO_CREATED,PO-3322 created,A purchase order has been created for your requisition.,READ,PO,322,2026-07-29T00:46:36.003322+00:00,2026-07-29T04:46:36.003322+00:00
735,18,APPROVAL_RESULT,RR-1429 approved,Your requisition was approved at DOA.,READ,RR,429,2026-04-07T02:46:36.003322+00:00,2026-04-07T23:46:36.003322+00:00
736,15,APPROVAL_RESULT,RR-1430 approved,Your requisition was approved at DOA.,READ,RR,430,2026-05-18T21:46:36.003322+00:00,2026-05-19T02:46:36.003322+00:00
737,15,PO_CREATED,PO-3323 created,A purchase order has been created for your requisition.,UNREAD,PO,323,2026-05-20T21:46:36.003322+00:00,
738,22,APPROVAL_RESULT,RR-1431 approved,Your requisition was approved at DOA.,READ,RR,431,2026-01-14T03:46:36.003322+00:00,2026-01-14T20:46:36.003322+00:00
739,22,PO_CREATED,PO-3324 created,A purchase order has been created for your requisition.,READ,PO,324,2026-01-31T03:46:36.003322+00:00,2026-02-01T07:46:36.003322+00:00
740,10,APPROVAL_RESULT,RR-1432 approved,Your requisition was approved at DOA.,READ,RR,432,2026-08-25T11:46:36.003322+00:00,2026-08-26T13:46:36.003322+00:00
741,10,PO_CREATED,PO-3325 created,A purchase order has been created for your requisition.,READ,PO,325,2026-08-27T11:46:36.003322+00:00,2026-08-28T07:46:36.003322+00:00
742,18,APPROVAL_RESULT,RR-1434 approved,Your requisition was approved at DOA.,UNREAD,RR,434,2026-04-04T19:46:36.003322+00:00,
743,18,PO_CREATED,PO-3326 created,A purchase order has been created for your requisition.,UNREAD,PO,326,2026-04-22T18:46:36.003322+00:00,
744,11,APPROVAL_RESULT,RR-1435 approved,Your requisition was approved at DOA.,READ,RR,435,2026-06-23T08:46:36.003322+00:00,2026-06-24T12:46:36.003322+00:00
745,11,PO_CREATED,PO-3327 created,A purchase order has been created for your requisition.,UNREAD,PO,327,2026-07-05T08:46:36.003322+00:00,
746,18,APPROVAL_RESULT,RR-1436 approved,Your requisition was approved at DOA.,READ,RR,436,2026-04-05T15:46:36.003322+00:00,2026-04-06T11:46:36.003322+00:00
747,11,APPROVAL_RESULT,RR-1437 approved,Your requisition was approved at DOA.,UNREAD,RR,437,2026-08-04T10:46:36.003322+00:00,
748,11,PO_CREATED,PO-3328 created,A purchase order has been created for your requisition.,READ,PO,328,2026-08-13T10:46:36.003322+00:00,2026-08-14T04:46:36.003322+00:00
749,19,APPROVAL_RESULT,RR-1438 approved,Your requisition was approved at DOA.,READ,RR,438,2026-05-01T11:46:36.003322+00:00,2026-05-02T00:46:36.003322+00:00
750,19,PO_CREATED,PO-3329 created,A purchase order has been created for your requisition.,UNREAD,PO,329,2026-05-14T11:46:36.003322+00:00,
751,2,APPROVAL_REQUEST,DOA approval needed: RR-1439,A requisition is waiting on your DOA approval.,UNREAD,RR,439,2026-04-20T17:46:36.003322+00:00,
752,11,APPROVAL_RESULT,RR-1440 approved,Your requisition was approved at DOA.,READ,RR,440,2026-06-02T05:46:36.003322+00:00,2026-06-02T17:46:36.003322+00:00
753,11,PO_CREATED,PO-3330 created,A purchase order has been created for your requisition.,UNREAD,PO,330,2026-06-12T05:46:36.003322+00:00,
754,7,APPROVAL_RESULT,RR-1441 approved,Your requisition was approved at DOA.,READ,RR,441,2026-03-23T21:46:36.003322+00:00,2026-03-24T07:46:36.003322+00:00
755,7,PO_CREATED,PO-3331 created,A purchase order has been created for your requisition.,READ,PO,331,2026-05-10T21:46:36.003322+00:00,2026-05-11T19:46:36.003322+00:00
756,24,APPROVAL_RESULT,RR-1442 approved,Your requisition was approved at DOA.,UNREAD,RR,442,2026-01-23T03:46:36.003322+00:00,
757,24,PO_CREATED,PO-3332 created,A purchase order has been created for your requisition.,UNREAD,PO,332,2026-02-09T19:46:36.003322+00:00,
758,2,APPROVAL_REQUEST,DOA approval needed: RR-1443,A requisition is waiting on your DOA approval.,UNREAD,RR,443,2026-07-27T21:46:36.003322+00:00,
759,6,APPROVAL_RESULT,RR-1444 approved,Your requisition was approved at DOA.,READ,RR,444,2026-08-02T21:46:36.003322+00:00,2026-08-03T06:46:36.003322+00:00
760,15,APPROVAL_REQUEST,NFA approval needed: PR-2381,An NFA is waiting on your approval.,UNREAD,PR,381,2026-08-19T21:46:36.003322+00:00,
761,12,APPROVAL_RESULT,RR-1445 approved,Your requisition was approved at DOA.,READ,RR,445,2026-07-04T00:46:36.003322+00:00,2026-07-05T05:46:36.003322+00:00
762,2,APPROVAL_REQUEST,DOA approval needed: RR-1446,A requisition is waiting on your DOA approval.,UNREAD,RR,446,2026-06-28T11:46:36.003322+00:00,
763,15,APPROVAL_REQUEST,DOA approval needed: RR-1447,A requisition is waiting on your DOA approval.,UNREAD,RR,447,2026-06-18T21:46:36.003322+00:00,
764,1,APPROVAL_RESULT,RR-1448 approved,Your requisition was approved at DOA.,READ,RR,448,2026-08-02T01:46:36.003322+00:00,2026-08-02T11:46:36.003322+00:00
765,1,PO_CREATED,PO-3333 created,A purchase order has been created for your requisition.,READ,PO,333,2026-08-25T18:46:36.003322+00:00,2026-08-26T23:46:36.003322+00:00
766,4,APPROVAL_RESULT,RR-1449 approved,Your requisition was approved at DOA.,READ,RR,449,2025-12-05T15:46:36.003322+00:00,2025-12-06T07:46:36.003322+00:00
767,24,APPROVAL_RESULT,RR-1450 approved,Your requisition was approved at DOA.,UNREAD,RR,450,2026-01-25T18:46:36.003322+00:00,
768,24,PO_CREATED,PO-3334 created,A purchase order has been created for your requisition.,UNREAD,PO,334,2026-03-15T06:46:36.003322+00:00,
769,20,APPROVAL_RESULT,RR-1451 rejected,Your requisition was rejected at DOA approval.,UNREAD,RR,451,2026-07-18T05:46:36.003322+00:00,
770,13,APPROVAL_RESULT,RR-1452 approved,Your requisition was approved at DOA.,READ,RR,452,2026-07-01T21:46:36.003322+00:00,2026-07-02T11:46:36.003322+00:00
771,13,PO_CREATED,PO-3335 created,A purchase order has been created for your requisition.,READ,PO,335,2026-07-24T23:46:36.003322+00:00,2026-07-26T02:46:36.003322+00:00
772,9,APPROVAL_RESULT,RR-1454 approved,Your requisition was approved at DOA.,READ,RR,454,2026-08-10T12:46:36.003322+00:00,2026-08-11T10:46:36.003322+00:00
773,9,PO_CREATED,PO-3336 created,A purchase order has been created for your requisition.,READ,PO,336,2026-08-19T12:46:36.003322+00:00,2026-08-20T06:46:36.003322+00:00
774,1,APPROVAL_RESULT,RR-1455 approved,Your requisition was approved at DOA.,UNREAD,RR,455,2026-07-24T12:46:36.003322+00:00,
775,1,PO_CREATED,PO-3337 created,A purchase order has been created for your requisition.,UNREAD,PO,337,2026-08-13T06:46:36.003322+00:00,
776,17,APPROVAL_RESULT,RR-1456 approved,Your requisition was approved at DOA.,READ,RR,456,2025-12-26T11:46:36.003322+00:00,2025-12-27T11:46:36.003322+00:00
777,17,PO_CREATED,PO-3338 created,A purchase order has been created for your requisition.,UNREAD,PO,338,2025-12-28T11:46:36.003322+00:00,
778,14,APPROVAL_RESULT,RR-1457 approved,Your requisition was approved at DOA.,READ,RR,457,2026-02-23T23:46:36.003322+00:00,2026-02-25T00:46:36.003322+00:00
779,14,PO_CREATED,PO-3339 created,A purchase order has been created for your requisition.,UNREAD,PO,339,2026-03-06T23:46:36.003322+00:00,
780,4,APPROVAL_RESULT,RR-1458 approved,Your requisition was approved at DOA.,READ,RR,458,2026-07-03T02:46:36.003322+00:00,2026-07-03T11:46:36.003322+00:00
781,4,PO_CREATED,PO-3340 created,A purchase order has been created for your requisition.,READ,PO,340,2026-08-23T02:46:36.003322+00:00,2026-08-23T15:46:36.003322+00:00
782,22,APPROVAL_RESULT,RR-1459 approved,Your requisition was approved at DOA.,READ,RR,459,2026-01-11T18:46:36.003322+00:00,2026-01-12T07:46:36.003322+00:00
783,22,PO_CREATED,PO-3341 created,A purchase order has been created for your requisition.,READ,PO,341,2026-02-27T13:46:36.003322+00:00,2026-02-28T00:46:36.003322+00:00
784,2,APPROVAL_RESULT,RR-1460 approved,Your requisition was approved at DOA.,READ,RR,460,2026-05-14T12:46:36.003322+00:00,2026-05-15T04:46:36.003322+00:00
785,2,PO_CREATED,PO-3342 created,A purchase order has been created for your requisition.,READ,PO,342,2026-05-20T12:46:36.003322+00:00,2026-05-20T19:46:36.003322+00:00
786,15,APPROVAL_RESULT,RR-1461 approved,Your requisition was approved at DOA.,READ,RR,461,2026-03-18T06:46:36.003322+00:00,2026-03-19T11:46:36.003322+00:00
787,15,PO_CREATED,PO-3343 created,A purchase order has been created for your requisition.,READ,PO,343,2026-03-20T06:46:36.003322+00:00,2026-03-20T12:46:36.003322+00:00
788,23,APPROVAL_RESULT,RR-1462 approved,Your requisition was approved at DOA.,READ,RR,462,2026-05-24T09:46:36.003322+00:00,2026-05-24T11:46:36.003322+00:00
789,24,APPROVAL_RESULT,RR-1463 approved,Your requisition was approved at DOA.,READ,RR,463,2025-12-07T17:46:36.003322+00:00,2025-12-08T21:46:36.003322+00:00
790,24,PO_CREATED,PO-3344 created,A purchase order has been created for your requisition.,UNREAD,PO,344,2026-01-01T18:46:36.003322+00:00,
791,13,APPROVAL_RESULT,RR-1464 approved,Your requisition was approved at DOA.,READ,RR,464,2026-08-22T19:46:36.003322+00:00,2026-08-23T11:46:36.003322+00:00
792,13,PO_CREATED,PO-3345 created,A purchase order has been created for your requisition.,UNREAD,PO,345,2026-08-28T19:46:36.003322+00:00,
793,7,APPROVAL_RESULT,RR-1465 approved,Your requisition was approved at DOA.,UNREAD,RR,465,2026-05-26T00:46:36.003322+00:00,
794,7,PO_CREATED,PO-3346 created,A purchase order has been created for your requisition.,UNREAD,PO,346,2026-06-09T00:46:36.003322+00:00,
795,13,APPROVAL_RESULT,RR-1466 approved,Your requisition was approved at DOA.,UNREAD,RR,466,2026-08-19T07:46:36.003322+00:00,
796,13,PO_CREATED,PO-3347 created,A purchase order has been created for your requisition.,UNREAD,PO,347,2026-08-23T07:46:36.003322+00:00,
797,1,APPROVAL_RESULT,RR-1467 approved,Your requisition was approved at DOA.,UNREAD,RR,467,2026-07-01T10:46:36.003322+00:00,
798,1,PO_CREATED,PO-3348 created,A purchase order has been created for your requisition.,READ,PO,348,2026-07-13T10:46:36.003322+00:00,2026-07-14T00:46:36.003322+00:00
799,15,APPROVAL_REQUEST,DOA approval needed: RR-1468,A requisition is waiting on your DOA approval.,UNREAD,RR,468,2026-05-07T11:46:36.003322+00:00,
800,4,APPROVAL_RESULT,RR-1469 approved,Your requisition was approved at DOA.,READ,RR,469,2026-03-11T10:46:36.003322+00:00,2026-03-12T10:46:36.003322+00:00
801,4,PO_CREATED,PO-3349 created,A purchase order has been created for your requisition.,UNREAD,PO,349,2026-04-01T10:46:36.003322+00:00,
802,1,APPROVAL_RESULT,RR-1470 approved,Your requisition was approved at DOA.,UNREAD,RR,470,2026-01-07T07:46:36.003322+00:00,
803,1,PO_CREATED,PO-3350 created,A purchase order has been created for your requisition.,UNREAD,PO,350,2026-02-02T07:46:36.003322+00:00,
804,2,APPROVAL_RESULT,RR-1471 approved,Your requisition was approved at DOA.,READ,RR,471,2026-08-17T01:46:36.003322+00:00,2026-08-17T05:46:36.003322+00:00
805,2,PO_CREATED,PO-3351 created,A purchase order has been created for your requisition.,READ,PO,351,2026-08-21T01:46:36.003322+00:00,2026-08-21T15:46:36.003322+00:00
806,14,APPROVAL_RESULT,RR-1472 approved,Your requisition was approved at DOA.,READ,RR,472,2026-03-20T18:46:36.003322+00:00,2026-03-21T17:46:36.003322+00:00
807,14,PO_CREATED,PO-3352 created,A purchase order has been created for your requisition.,READ,PO,352,2026-03-24T18:46:36.003322+00:00,2026-03-25T15:46:36.003322+00:00
808,23,APPROVAL_RESULT,RR-1473 approved,Your requisition was approved at DOA.,UNREAD,RR,473,2026-04-22T10:46:36.003322+00:00,
809,23,PO_CREATED,PO-3353 created,A purchase order has been created for your requisition.,UNREAD,PO,353,2026-04-25T10:46:36.003322+00:00,
810,2,APPROVAL_RESULT,RR-1474 approved,Your requisition was approved at DOA.,UNREAD,RR,474,2026-05-05T12:46:36.003322+00:00,
811,2,PO_CREATED,PO-3354 created,A purchase order has been created for your requisition.,UNREAD,PO,354,2026-06-03T12:46:36.003322+00:00,
812,13,APPROVAL_RESULT,RR-1475 approved,Your requisition was approved at DOA.,READ,RR,475,2026-02-05T14:46:36.003322+00:00,2026-02-06T16:46:36.003322+00:00
813,13,PO_CREATED,PO-3355 created,A purchase order has been created for your requisition.,UNREAD,PO,355,2026-02-13T14:46:36.003322+00:00,
814,8,APPROVAL_RESULT,RR-1476 approved,Your requisition was approved at DOA.,READ,RR,476,2026-08-16T03:46:36.003322+00:00,2026-08-17T02:46:36.003322+00:00
815,1,APPROVAL_RESULT,RR-1477 approved,Your requisition was approved at DOA.,READ,RR,477,2026-04-27T23:46:36.003322+00:00,2026-04-28T19:46:36.003322+00:00
816,1,PO_CREATED,PO-3356 created,A purchase order has been created for your requisition.,UNREAD,PO,356,2026-05-24T23:46:36.003322+00:00,
817,15,APPROVAL_REQUEST,DOA approval needed: RR-1478,A requisition is waiting on your DOA approval.,UNREAD,RR,478,2026-04-03T05:46:36.003322+00:00,
818,12,APPROVAL_RESULT,RR-1479 approved,Your requisition was approved at DOA.,UNREAD,RR,479,2026-01-21T12:46:36.003322+00:00,
819,12,PO_CREATED,PO-3357 created,A purchase order has been created for your requisition.,READ,PO,357,2026-01-26T12:46:36.003322+00:00,2026-01-27T01:46:36.003322+00:00
820,3,APPROVAL_REQUEST,DOA approval needed: RR-1480,A requisition is waiting on your DOA approval.,UNREAD,RR,480,2026-07-11T13:46:36.003322+00:00,
821,12,APPROVAL_RESULT,RR-1481 approved,Your requisition was approved at DOA.,READ,RR,481,2025-12-01T14:46:36.003322+00:00,2025-12-02T13:46:36.003322+00:00
822,3,APPROVAL_REQUEST,DOA approval needed: RR-1482,A requisition is waiting on your DOA approval.,UNREAD,RR,482,2026-06-26T02:46:36.003322+00:00,
823,14,APPROVAL_RESULT,RR-1483 approved,Your requisition was approved at DOA.,READ,RR,483,2026-08-24T01:46:36.003322+00:00,2026-08-25T05:46:36.003322+00:00
824,14,PO_CREATED,PO-3358 created,A purchase order has been created for your requisition.,UNREAD,PO,358,2026-09-14T19:46:36.003322+00:00,
825,12,APPROVAL_RESULT,RR-1484 approved,Your requisition was approved at DOA.,READ,RR,484,2026-05-19T04:46:36.003322+00:00,2026-05-20T06:46:36.003322+00:00
826,12,PO_CREATED,PO-3359 created,A purchase order has been created for your requisition.,READ,PO,359,2026-05-23T04:46:36.003322+00:00,2026-05-23T12:46:36.003322+00:00
827,9,APPROVAL_RESULT,RR-1485 approved,Your requisition was approved at DOA.,READ,RR,485,2026-03-26T01:46:36.003322+00:00,2026-03-26T08:46:36.003322+00:00
828,9,PO_CREATED,PO-3360 created,A purchase order has been created for your requisition.,UNREAD,PO,360,2026-04-11T01:46:36.003322+00:00,
829,2,APPROVAL_REQUEST,DOA approval needed: RR-1486,A requisition is waiting on your DOA approval.,UNREAD,RR,486,2026-06-05T07:46:36.003322+00:00,
830,12,APPROVAL_RESULT,RR-1487 approved,Your requisition was approved at DOA.,UNREAD,RR,487,2026-05-24T16:46:36.003322+00:00,
831,12,PO_CREATED,PO-3361 created,A purchase order has been created for your requisition.,UNREAD,PO,361,2026-06-06T16:46:36.003322+00:00,
832,11,APPROVAL_RESULT,RR-1488 approved,Your requisition was approved at DOA.,UNREAD,RR,488,2026-04-13T12:46:36.003322+00:00,
833,11,PO_CREATED,PO-3362 created,A purchase order has been created for your requisition.,UNREAD,PO,362,2026-05-08T12:46:36.003322+00:00,
834,14,APPROVAL_RESULT,RR-1489 approved,Your requisition was approved at DOA.,READ,RR,489,2026-01-18T06:46:36.003322+00:00,2026-01-19T04:46:36.003322+00:00
835,14,PO_CREATED,PO-3363 created,A purchase order has been created for your requisition.,READ,PO,363,2026-02-13T22:46:36.003322+00:00,2026-02-14T20:46:36.003322+00:00
836,15,APPROVAL_RESULT,RR-1490 approved,Your requisition was approved at DOA.,READ,RR,490,2026-08-10T04:46:36.003322+00:00,2026-08-10T18:46:36.003322+00:00
837,15,PO_CREATED,PO-3364 created,A purchase order has been created for your requisition.,READ,PO,364,2026-08-30T12:46:36.003322+00:00,2026-08-30T23:46:36.003322+00:00
838,15,APPROVAL_REQUEST,DOA approval needed: RR-1491,A requisition is waiting on your DOA approval.,UNREAD,RR,491,2026-04-26T01:46:36.003322+00:00,
839,15,APPROVAL_RESULT,RR-1492 approved,Your requisition was approved at DOA.,UNREAD,RR,492,2026-07-21T12:46:36.003322+00:00,
840,15,PO_CREATED,PO-3365 created,A purchase order has been created for your requisition.,UNREAD,PO,365,2026-08-22T12:46:36.003322+00:00,
841,15,APPROVAL_RESULT,RR-1493 approved,Your requisition was approved at DOA.,READ,RR,493,2026-07-13T14:46:36.003322+00:00,2026-07-14T15:46:36.003322+00:00
842,15,PO_CREATED,PO-3366 created,A purchase order has been created for your requisition.,READ,PO,366,2026-07-16T14:46:36.003322+00:00,2026-07-17T05:46:36.003322+00:00
843,5,APPROVAL_RESULT,RR-1494 approved,Your requisition was approved at DOA.,READ,RR,494,2026-02-28T14:46:36.003322+00:00,2026-03-01T09:46:36.003322+00:00
844,5,PO_CREATED,PO-3367 created,A purchase order has been created for your requisition.,READ,PO,367,2026-03-18T14:46:36.003322+00:00,2026-03-19T07:46:36.003322+00:00
845,13,APPROVAL_RESULT,RR-1495 approved,Your requisition was approved at DOA.,READ,RR,495,2026-04-23T04:46:36.003322+00:00,2026-04-24T05:46:36.003322+00:00
846,13,PO_CREATED,PO-3368 created,A purchase order has been created for your requisition.,READ,PO,368,2026-05-03T04:46:36.003322+00:00,2026-05-03T06:46:36.003322+00:00
847,18,APPROVAL_RESULT,RR-1496 approved,Your requisition was approved at DOA.,READ,RR,496,2026-03-06T03:46:36.003322+00:00,2026-03-07T06:46:36.003322+00:00
848,18,PO_CREATED,PO-3369 created,A purchase order has been created for your requisition.,READ,PO,369,2026-03-26T03:46:36.003322+00:00,2026-03-26T11:46:36.003322+00:00
849,2,APPROVAL_REQUEST,DOA approval needed: RR-1497,A requisition is waiting on your DOA approval.,UNREAD,RR,497,2026-07-16T05:46:36.003322+00:00,
850,5,APPROVAL_RESULT,RR-1498 approved,Your requisition was approved at DOA.,READ,RR,498,2026-07-08T08:46:36.003322+00:00,2026-07-08T17:46:36.003322+00:00
851,5,PO_CREATED,PO-3370 created,A purchase order has been created for your requisition.,READ,PO,370,2026-08-16T00:46:36.003322+00:00,2026-08-16T10:46:36.003322+00:00
852,3,APPROVAL_REQUEST,DOA approval needed: RR-1499,A requisition is waiting on your DOA approval.,UNREAD,RR,499,2026-06-27T22:46:36.003322+00:00,
853,2,APPROVAL_RESULT,RR-1500 approved,Your requisition was approved at DOA.,READ,RR,500,2025-12-22T22:46:36.003322+00:00,2025-12-22T23:46:36.003322+00:00
854,2,PO_CREATED,PO-3371 created,A purchase order has been created for your requisition.,READ,PO,371,2026-01-11T06:46:36.003322+00:00,2026-01-11T09:46:36.003322+00:00
855,6,APPROVAL_RESULT,RR-1501 approved,Your requisition was approved at DOA.,READ,RR,501,2026-01-24T20:46:36.003322+00:00,2026-01-25T16:46:36.003322+00:00
856,6,PO_CREATED,PO-3372 created,A purchase order has been created for your requisition.,READ,PO,372,2026-02-19T09:46:36.003322+00:00,2026-02-20T12:46:36.003322+00:00
857,19,APPROVAL_RESULT,RR-1502 approved,Your requisition was approved at DOA.,READ,RR,502,2026-06-26T15:46:36.003322+00:00,2026-06-27T08:46:36.003322+00:00
858,19,PO_CREATED,PO-3373 created,A purchase order has been created for your requisition.,READ,PO,373,2026-07-04T15:46:36.003322+00:00,2026-07-05T01:46:36.003322+00:00
859,19,APPROVAL_RESULT,RR-1503 approved,Your requisition was approved at DOA.,READ,RR,503,2026-02-09T13:46:36.003322+00:00,2026-02-09T21:46:36.003322+00:00
860,19,PO_CREATED,PO-3374 created,A purchase order has been created for your requisition.,UNREAD,PO,374,2026-02-19T13:46:36.003322+00:00,
861,5,APPROVAL_RESULT,RR-1504 approved,Your requisition was approved at DOA.,UNREAD,RR,504,2026-08-23T08:46:36.003322+00:00,
862,5,PO_CREATED,PO-3375 created,A purchase order has been created for your requisition.,UNREAD,PO,375,2026-09-10T07:46:36.003322+00:00,
863,15,APPROVAL_RESULT,RR-1505 rejected,Your requisition was rejected at DOA approval.,READ,RR,505,2026-01-28T03:46:36.003322+00:00,2026-01-28T10:46:36.003322+00:00
864,9,APPROVAL_RESULT,RR-1506 approved,Your requisition was approved at DOA.,UNREAD,RR,506,2026-01-19T09:46:36.003322+00:00,
865,12,APPROVAL_RESULT,RR-1507 approved,Your requisition was approved at DOA.,UNREAD,RR,507,2026-05-26T22:46:36.003322+00:00,
866,12,PO_CREATED,PO-3376 created,A purchase order has been created for your requisition.,READ,PO,376,2026-06-02T22:46:36.003322+00:00,2026-06-03T12:46:36.003322+00:00
867,17,APPROVAL_RESULT,RR-1508 approved,Your requisition was approved at DOA.,READ,RR,508,2026-06-22T01:46:36.003322+00:00,2026-06-22T15:46:36.003322+00:00
868,17,PO_CREATED,PO-3377 created,A purchase order has been created for your requisition.,UNREAD,PO,377,2026-07-10T01:46:36.003322+00:00,
869,17,APPROVAL_RESULT,RR-1509 approved,Your requisition was approved at DOA.,READ,RR,509,2026-06-06T20:46:36.003322+00:00,2026-06-07T15:46:36.003322+00:00
870,17,PO_CREATED,PO-3378 created,A purchase order has been created for your requisition.,READ,PO,378,2026-07-27T21:46:36.003322+00:00,2026-07-28T01:46:36.003322+00:00
871,16,APPROVAL_RESULT,RR-1510 approved,Your requisition was approved at DOA.,READ,RR,510,2026-07-14T22:46:36.003322+00:00,2026-07-15T14:46:36.003322+00:00
872,19,APPROVAL_RESULT,RR-1511 approved,Your requisition was approved at DOA.,READ,RR,511,2026-03-25T06:46:36.003322+00:00,2026-03-26T00:46:36.003322+00:00
873,19,PO_CREATED,PO-3379 created,A purchase order has been created for your requisition.,UNREAD,PO,379,2026-05-15T22:46:36.003322+00:00,
874,1,APPROVAL_RESULT,RR-1512 approved,Your requisition was approved at DOA.,READ,RR,512,2026-01-11T02:46:36.003322+00:00,2026-01-11T12:46:36.003322+00:00
875,1,PO_CREATED,PO-3380 created,A purchase order has been created for your requisition.,READ,PO,380,2026-01-30T02:46:36.003322+00:00,2026-01-30T19:46:36.003322+00:00
876,22,APPROVAL_RESULT,RR-1513 approved,Your requisition was approved at DOA.,READ,RR,513,2026-02-25T23:46:36.003322+00:00,2026-02-26T12:46:36.003322+00:00
877,22,PO_CREATED,PO-3381 created,A purchase order has been created for your requisition.,READ,PO,381,2026-03-11T23:46:36.003322+00:00,2026-03-12T21:46:36.003322+00:00
878,5,APPROVAL_RESULT,RR-1514 approved,Your requisition was approved at DOA.,UNREAD,RR,514,2026-04-02T00:46:36.003322+00:00,
879,5,PO_CREATED,PO-3382 created,A purchase order has been created for your requisition.,READ,PO,382,2026-04-23T00:46:36.003322+00:00,2026-04-23T23:46:36.003322+00:00
880,21,APPROVAL_RESULT,RR-1515 approved,Your requisition was approved at DOA.,READ,RR,515,2026-06-30T11:46:36.003322+00:00,2026-07-01T08:46:36.003322+00:00
881,21,PO_CREATED,PO-3383 created,A purchase order has been created for your requisition.,READ,PO,383,2026-07-11T11:46:36.003322+00:00,2026-07-12T15:46:36.003322+00:00
882,19,APPROVAL_RESULT,RR-1516 approved,Your requisition was approved at DOA.,READ,RR,516,2026-04-04T08:46:36.003322+00:00,2026-04-04T09:46:36.003322+00:00
883,17,APPROVAL_RESULT,RR-1517 approved,Your requisition was approved at DOA.,UNREAD,RR,517,2026-06-20T01:46:36.003322+00:00,
884,17,PO_CREATED,PO-3384 created,A purchase order has been created for your requisition.,READ,PO,384,2026-08-14T01:46:36.003322+00:00,2026-08-14T21:46:36.003322+00:00
885,13,APPROVAL_RESULT,RR-1518 approved,Your requisition was approved at DOA.,READ,RR,518,2026-06-24T16:46:36.003322+00:00,2026-06-25T12:46:36.003322+00:00
886,13,PO_CREATED,PO-3385 created,A purchase order has been created for your requisition.,READ,PO,385,2026-06-27T16:46:36.003322+00:00,2026-06-28T00:46:36.003322+00:00
887,7,APPROVAL_RESULT,RR-1519 approved,Your requisition was approved at DOA.,READ,RR,519,2026-02-23T23:46:36.003322+00:00,2026-02-24T06:46:36.003322+00:00
888,7,PO_CREATED,PO-3386 created,A purchase order has been created for your requisition.,UNREAD,PO,386,2026-03-14T23:46:36.003322+00:00,
889,6,APPROVAL_RESULT,RR-1520 approved,Your requisition was approved at DOA.,READ,RR,520,2026-03-28T12:46:36.003322+00:00,2026-03-29T13:46:36.003322+00:00
890,6,PO_CREATED,PO-3387 created,A purchase order has been created for your requisition.,READ,PO,387,2026-04-03T12:46:36.003322+00:00,2026-04-04T01:46:36.003322+00:00
891,16,APPROVAL_RESULT,RR-1521 approved,Your requisition was approved at DOA.,READ,RR,521,2026-04-03T07:46:36.003322+00:00,2026-04-04T06:46:36.003322+00:00
892,6,APPROVAL_RESULT,RR-1522 approved,Your requisition was approved at DOA.,READ,RR,522,2025-12-01T12:46:36.003322+00:00,2025-12-02T06:46:36.003322+00:00
893,24,APPROVAL_RESULT,NFA rejected for PR-2445,The NFA for this PR was rejected.,READ,PR,445,2025-12-10T12:46:36.003322+00:00,2025-12-10T17:46:36.003322+00:00
894,2,APPROVAL_REQUEST,DOA approval needed: RR-1523,A requisition is waiting on your DOA approval.,UNREAD,RR,523,2026-06-26T05:46:36.003322+00:00,
895,17,APPROVAL_RESULT,RR-1524 approved,Your requisition was approved at DOA.,UNREAD,RR,524,2025-12-20T23:46:36.003322+00:00,
896,17,PO_CREATED,PO-3388 created,A purchase order has been created for your requisition.,READ,PO,388,2026-02-10T16:46:36.003322+00:00,2026-02-11T18:46:36.003322+00:00
897,13,APPROVAL_RESULT,RR-1525 approved,Your requisition was approved at DOA.,UNREAD,RR,525,2026-04-14T11:46:36.003322+00:00,
898,13,PO_CREATED,PO-3389 created,A purchase order has been created for your requisition.,READ,PO,389,2026-05-28T11:46:36.003322+00:00,2026-05-29T00:46:36.003322+00:00
899,12,APPROVAL_RESULT,RR-1526 approved,Your requisition was approved at DOA.,READ,RR,526,2026-04-04T10:46:36.003322+00:00,2026-04-05T04:46:36.003322+00:00
900,12,PO_CREATED,PO-3390 created,A purchase order has been created for your requisition.,UNREAD,PO,390,2026-04-16T10:46:36.003322+00:00,
901,9,APPROVAL_RESULT,RR-1527 approved,Your requisition was approved at DOA.,READ,RR,527,2026-04-12T09:46:36.003322+00:00,2026-04-13T14:46:36.003322+00:00
902,9,PO_CREATED,PO-3391 created,A purchase order has been created for your requisition.,UNREAD,PO,391,2026-04-17T09:46:36.003322+00:00,
903,16,APPROVAL_RESULT,RR-1528 approved,Your requisition was approved at DOA.,READ,RR,528,2026-06-29T19:46:36.003322+00:00,2026-06-29T23:46:36.003322+00:00
904,2,APPROVAL_REQUEST,DOA approval needed: RR-1529,A requisition is waiting on your DOA approval.,UNREAD,RR,529,2026-05-04T08:46:36.003322+00:00,
905,2,APPROVAL_REQUEST,DOA approval needed: RR-1530,A requisition is waiting on your DOA approval.,UNREAD,RR,530,2026-07-10T16:46:36.003322+00:00,
906,3,APPROVAL_RESULT,RR-1531 approved,Your requisition was approved at DOA.,READ,RR,531,2026-02-05T10:46:36.003322+00:00,2026-02-05T19:46:36.003322+00:00
907,3,PO_CREATED,PO-3392 created,A purchase order has been created for your requisition.,READ,PO,392,2026-02-13T10:46:36.003322+00:00,2026-02-13T18:46:36.003322+00:00
908,19,APPROVAL_RESULT,RR-1532 approved,Your requisition was approved at DOA.,READ,RR,532,2026-08-21T17:46:36.003322+00:00,2026-08-22T06:46:36.003322+00:00
909,19,PO_CREATED,PO-3393 created,A purchase order has been created for your requisition.,UNREAD,PO,393,2026-09-04T17:46:36.003322+00:00,
910,7,APPROVAL_RESULT,RR-1533 approved,Your requisition was approved at DOA.,READ,RR,533,2025-12-02T10:46:36.003322+00:00,2025-12-03T00:46:36.003322+00:00
911,7,PO_CREATED,PO-3394 created,A purchase order has been created for your requisition.,READ,PO,394,2025-12-06T10:46:36.003322+00:00,2025-12-07T05:46:36.003322+00:00
912,12,APPROVAL_RESULT,RR-1534 approved,Your requisition was approved at DOA.,UNREAD,RR,534,2026-06-18T10:46:36.003322+00:00,
913,12,PO_CREATED,PO-3395 created,A purchase order has been created for your requisition.,READ,PO,395,2026-07-26T10:46:36.003322+00:00,2026-07-27T11:46:36.003322+00:00
914,1,APPROVAL_RESULT,RR-1535 approved,Your requisition was approved at DOA.,READ,RR,535,2025-11-30T16:46:36.003322+00:00,2025-12-01T06:46:36.003322+00:00
915,1,PO_CREATED,PO-3396 created,A purchase order has been created for your requisition.,READ,PO,396,2025-12-09T16:46:36.003322+00:00,2025-12-10T12:46:36.003322+00:00
916,15,APPROVAL_RESULT,RR-1536 approved,Your requisition was approved at DOA.,READ,RR,536,2025-12-11T11:46:36.003322+00:00,2025-12-12T01:46:36.003322+00:00
917,15,PO_CREATED,PO-3397 created,A purchase order has been created for your requisition.,READ,PO,397,2025-12-27T11:46:36.003322+00:00,2025-12-28T00:46:36.003322+00:00
918,2,APPROVAL_RESULT,RR-1537 approved,Your requisition was approved at DOA.,READ,RR,537,2026-01-27T23:46:36.003322+00:00,2026-01-28T03:46:36.003322+00:00
919,2,PO_CREATED,PO-3398 created,A purchase order has been created for your requisition.,READ,PO,398,2026-02-11T23:46:36.003322+00:00,2026-02-13T03:46:36.003322+00:00
920,8,APPROVAL_RESULT,RR-1538 approved,Your requisition was approved at DOA.,READ,RR,538,2026-02-28T21:46:36.003322+00:00,2026-03-01T12:46:36.003322+00:00
921,8,PO_CREATED,PO-3399 created,A purchase order has been created for your requisition.,UNREAD,PO,399,2026-03-27T21:46:36.003322+00:00,
922,18,APPROVAL_RESULT,RR-1539 approved,Your requisition was approved at DOA.,READ,RR,539,2025-12-17T19:46:36.003322+00:00,2025-12-18T19:46:36.003322+00:00
923,18,PO_CREATED,PO-3400 created,A purchase order has been created for your requisition.,READ,PO,400,2025-12-20T19:46:36.003322+00:00,2025-12-21T21:46:36.003322+00:00
924,3,APPROVAL_REQUEST,DOA approval needed: RR-1540,A requisition is waiting on your DOA approval.,UNREAD,RR,540,2026-05-31T04:46:36.003322+00:00,
925,8,APPROVAL_RESULT,RR-1541 approved,Your requisition was approved at DOA.,READ,RR,541,2026-03-18T17:46:36.003322+00:00,2026-03-19T08:46:36.003322+00:00
926,23,APPROVAL_RESULT,RR-1542 approved,Your requisition was approved at DOA.,UNREAD,RR,542,2026-07-31T07:46:36.003322+00:00,
927,23,PO_CREATED,PO-3401 created,A purchase order has been created for your requisition.,READ,PO,401,2026-08-05T07:46:36.003322+00:00,2026-08-06T11:46:36.003322+00:00
928,16,APPROVAL_RESULT,RR-1543 approved,Your requisition was approved at DOA.,UNREAD,RR,543,2025-12-09T03:46:36.003322+00:00,
929,16,PO_CREATED,PO-3402 created,A purchase order has been created for your requisition.,UNREAD,PO,402,2025-12-23T03:46:36.003322+00:00,
930,2,APPROVAL_RESULT,RR-1544 approved,Your requisition was approved at DOA.,READ,RR,544,2026-04-22T01:46:36.003322+00:00,2026-04-22T19:46:36.003322+00:00
931,2,APPROVAL_RESULT,RR-1545 approved,Your requisition was approved at DOA.,UNREAD,RR,545,2026-03-05T08:46:36.003322+00:00,
932,2,PO_CREATED,PO-3403 created,A purchase order has been created for your requisition.,UNREAD,PO,403,2026-03-26T08:46:36.003322+00:00,
933,11,APPROVAL_RESULT,RR-1546 approved,Your requisition was approved at DOA.,UNREAD,RR,546,2026-08-24T06:46:36.003322+00:00,
934,11,PO_CREATED,PO-3404 created,A purchase order has been created for your requisition.,UNREAD,PO,404,2026-08-27T06:46:36.003322+00:00,
935,13,APPROVAL_RESULT,RR-1547 approved,Your requisition was approved at DOA.,UNREAD,RR,547,2026-06-07T02:46:36.003322+00:00,
936,13,PO_CREATED,PO-3405 created,A purchase order has been created for your requisition.,UNREAD,PO,405,2026-06-25T02:46:36.003322+00:00,
937,2,APPROVAL_RESULT,RR-1548 approved,Your requisition was approved at DOA.,READ,RR,548,2025-12-18T23:46:36.003322+00:00,2025-12-20T03:46:36.003322+00:00
938,2,PO_CREATED,PO-3406 created,A purchase order has been created for your requisition.,READ,PO,406,2025-12-25T23:46:36.003322+00:00,2025-12-26T12:46:36.003322+00:00
939,3,APPROVAL_RESULT,RR-1549 approved,Your requisition was approved at DOA.,READ,RR,549,2026-05-18T17:46:36.003322+00:00,2026-05-19T06:46:36.003322+00:00
940,3,PO_CREATED,PO-3407 created,A purchase order has been created for your requisition.,READ,PO,407,2026-05-23T17:46:36.003322+00:00,2026-05-24T06:46:36.003322+00:00
941,6,APPROVAL_RESULT,RR-1550 approved,Your requisition was approved at DOA.,READ,RR,550,2026-07-18T15:46:36.003322+00:00,2026-07-19T11:46:36.003322+00:00
942,6,PO_CREATED,PO-3408 created,A purchase order has been created for your requisition.,READ,PO,408,2026-07-27T15:46:36.003322+00:00,2026-07-27T21:46:36.003322+00:00
943,24,APPROVAL_RESULT,RR-1551 approved,Your requisition was approved at DOA.,UNREAD,RR,551,2026-06-11T23:46:36.003322+00:00,
944,24,PO_CREATED,PO-3409 created,A purchase order has been created for your requisition.,UNREAD,PO,409,2026-07-02T23:46:36.003322+00:00,
945,17,APPROVAL_RESULT,RR-1552 approved,Your requisition was approved at DOA.,READ,RR,552,2026-01-25T16:46:36.003322+00:00,2026-01-25T20:46:36.003322+00:00
946,17,PO_CREATED,PO-3410 created,A purchase order has been created for your requisition.,READ,PO,410,2026-02-05T16:46:36.003322+00:00,2026-02-05T23:46:36.003322+00:00
947,4,APPROVAL_RESULT,RR-1554 approved,Your requisition was approved at DOA.,READ,RR,554,2026-03-28T23:46:36.003322+00:00,2026-03-29T14:46:36.003322+00:00
948,4,PO_CREATED,PO-3411 created,A purchase order has been created for your requisition.,READ,PO,411,2026-04-03T23:46:36.003322+00:00,2026-04-04T22:46:36.003322+00:00
949,9,APPROVAL_RESULT,RR-1555 approved,Your requisition was approved at DOA.,READ,RR,555,2025-12-16T09:46:36.003322+00:00,2025-12-17T03:46:36.003322+00:00
950,9,PO_CREATED,PO-3412 created,A purchase order has been created for your requisition.,UNREAD,PO,412,2026-01-24T09:46:36.003322+00:00,
951,4,APPROVAL_RESULT,RR-1556 approved,Your requisition was approved at DOA.,READ,RR,556,2026-02-26T07:46:36.003322+00:00,2026-02-26T21:46:36.003322+00:00
952,12,APPROVAL_RESULT,RR-1557 approved,Your requisition was approved at DOA.,READ,RR,557,2026-01-26T23:46:36.003322+00:00,2026-01-27T12:46:36.003322+00:00
953,12,PO_CREATED,PO-3413 created,A purchase order has been created for your requisition.,READ,PO,413,2026-02-17T09:46:36.003322+00:00,2026-02-18T11:46:36.003322+00:00
954,19,APPROVAL_RESULT,RR-1558 approved,Your requisition was approved at DOA.,UNREAD,RR,558,2026-02-09T06:46:36.003322+00:00,
955,19,PO_CREATED,PO-3414 created,A purchase order has been created for your requisition.,READ,PO,414,2026-02-22T06:46:36.003322+00:00,2026-02-23T08:46:36.003322+00:00
956,3,APPROVAL_RESULT,RR-1559 approved,Your requisition was approved at DOA.,READ,RR,559,2026-02-15T19:46:36.003322+00:00,2026-02-16T12:46:36.003322+00:00
957,3,PO_CREATED,PO-3415 created,A purchase order has been created for your requisition.,READ,PO,415,2026-03-08T06:46:36.003322+00:00,2026-03-08T14:46:36.003322+00:00
958,3,APPROVAL_RESULT,RR-1560 approved,Your requisition was approved at DOA.,READ,RR,560,2026-01-24T12:46:36.003322+00:00,2026-01-24T13:46:36.003322+00:00
959,3,PO_CREATED,PO-3416 created,A purchase order has been created for your requisition.,UNREAD,PO,416,2026-02-21T23:46:36.003322+00:00,
960,2,APPROVAL_REQUEST,DOA approval needed: RR-1561,A requisition is waiting on your DOA approval.,UNREAD,RR,561,2026-07-02T06:46:36.003322+00:00,
961,13,APPROVAL_RESULT,RR-1562 approved,Your requisition was approved at DOA.,UNREAD,RR,562,2026-02-10T17:46:36.003322+00:00,
962,21,APPROVAL_RESULT,RR-1563 approved,Your requisition was approved at DOA.,READ,RR,563,2026-08-19T01:46:36.003322+00:00,2026-08-19T05:46:36.003322+00:00
963,21,PO_CREATED,PO-3417 created,A purchase order has been created for your requisition.,READ,PO,417,2026-08-26T01:46:36.003322+00:00,2026-08-26T15:46:36.003322+00:00
964,3,APPROVAL_REQUEST,DOA approval needed: RR-1565,A requisition is waiting on your DOA approval.,UNREAD,RR,565,2026-07-10T16:46:36.003322+00:00,
965,19,APPROVAL_RESULT,RR-1566 approved,Your requisition was approved at DOA.,UNREAD,RR,566,2026-06-29T14:46:36.003322+00:00,
966,19,PO_CREATED,PO-3418 created,A purchase order has been created for your requisition.,READ,PO,418,2026-07-05T14:46:36.003322+00:00,2026-07-06T11:46:36.003322+00:00
967,18,APPROVAL_RESULT,RR-1567 approved,Your requisition was approved at DOA.,READ,RR,567,2025-12-14T20:46:36.003322+00:00,2025-12-15T19:46:36.003322+00:00
968,18,PO_CREATED,PO-3419 created,A purchase order has been created for your requisition.,READ,PO,419,2025-12-27T20:46:36.003322+00:00,2025-12-28T17:46:36.003322+00:00
969,2,APPROVAL_RESULT,RR-1568 approved,Your requisition was approved at DOA.,READ,RR,568,2025-12-10T10:46:36.003322+00:00,2025-12-11T13:46:36.003322+00:00
970,2,PO_CREATED,PO-3420 created,A purchase order has been created for your requisition.,UNREAD,PO,420,2026-01-18T10:46:36.003322+00:00,
971,12,APPROVAL_RESULT,RR-1569 approved,Your requisition was approved at DOA.,READ,RR,569,2026-05-13T16:46:36.003322+00:00,2026-05-14T04:46:36.003322+00:00
972,12,PO_CREATED,PO-3421 created,A purchase order has been created for your requisition.,UNREAD,PO,421,2026-05-20T16:46:36.003322+00:00,
973,20,APPROVAL_RESULT,RR-1570 approved,Your requisition was approved at DOA.,UNREAD,RR,570,2026-07-24T11:46:36.003322+00:00,
974,15,APPROVAL_REQUEST,NFA approval needed: PR-2485,An NFA is waiting on your approval.,UNREAD,PR,485,2026-08-08T15:46:36.003322+00:00,
975,23,APPROVAL_RESULT,RR-1571 approved,Your requisition was approved at DOA.,READ,RR,571,2026-01-28T12:46:36.003322+00:00,2026-01-29T18:46:36.003322+00:00
976,23,PO_CREATED,PO-3422 created,A purchase order has been created for your requisition.,UNREAD,PO,422,2026-03-05T12:46:36.003322+00:00,
977,11,APPROVAL_RESULT,RR-1572 approved,Your requisition was approved at DOA.,READ,RR,572,2026-05-24T23:46:36.003322+00:00,2026-05-25T06:46:36.003322+00:00
978,16,APPROVAL_RESULT,RR-1573 approved,Your requisition was approved at DOA.,READ,RR,573,2026-03-15T12:46:36.003322+00:00,2026-03-15T15:46:36.003322+00:00
979,16,PO_CREATED,PO-3423 created,A purchase order has been created for your requisition.,UNREAD,PO,423,2026-05-01T12:46:36.003322+00:00,
980,9,APPROVAL_RESULT,RR-1574 approved,Your requisition was approved at DOA.,UNREAD,RR,574,2026-02-02T15:46:36.003322+00:00,
981,9,PO_CREATED,PO-3424 created,A purchase order has been created for your requisition.,READ,PO,424,2026-03-19T15:46:36.003322+00:00,2026-03-19T17:46:36.003322+00:00
982,3,APPROVAL_RESULT,RR-1575 approved,Your requisition was approved at DOA.,READ,RR,575,2026-05-10T18:46:36.003322+00:00,2026-05-11T00:46:36.003322+00:00
983,13,APPROVAL_RESULT,RR-1577 approved,Your requisition was approved at DOA.,UNREAD,RR,577,2026-02-24T03:46:36.003322+00:00,
984,13,PO_CREATED,PO-3425 created,A purchase order has been created for your requisition.,UNREAD,PO,425,2026-03-08T03:46:36.003322+00:00,
985,2,APPROVAL_RESULT,RR-1578 approved,Your requisition was approved at DOA.,READ,RR,578,2026-05-09T15:46:36.003322+00:00,2026-05-09T23:46:36.003322+00:00
986,2,PO_CREATED,PO-3426 created,A purchase order has been created for your requisition.,READ,PO,426,2026-05-11T15:46:36.003322+00:00,2026-05-11T22:46:36.003322+00:00
987,21,APPROVAL_RESULT,RR-1579 approved,Your requisition was approved at DOA.,UNREAD,RR,579,2025-12-03T21:46:36.003322+00:00,
988,21,PO_CREATED,PO-3427 created,A purchase order has been created for your requisition.,READ,PO,427,2025-12-10T21:46:36.003322+00:00,2025-12-11T04:46:36.003322+00:00
989,1,APPROVAL_RESULT,RR-1580 approved,Your requisition was approved at DOA.,UNREAD,RR,580,2026-04-05T01:46:36.003322+00:00,
990,2,APPROVAL_RESULT,RR-1581 approved,Your requisition was approved at DOA.,UNREAD,RR,581,2026-05-09T08:46:36.003322+00:00,
991,2,PO_CREATED,PO-3428 created,A purchase order has been created for your requisition.,READ,PO,428,2026-05-13T08:46:36.003322+00:00,2026-05-14T02:46:36.003322+00:00
992,2,APPROVAL_REQUEST,DOA approval needed: RR-1582,A requisition is waiting on your DOA approval.,UNREAD,RR,582,2026-05-29T04:46:36.003322+00:00,
993,19,APPROVAL_RESULT,RR-1583 approved,Your requisition was approved at DOA.,READ,RR,583,2026-08-10T00:46:36.003322+00:00,2026-08-10T17:46:36.003322+00:00
994,19,PO_CREATED,PO-3429 created,A purchase order has been created for your requisition.,READ,PO,429,2026-08-24T00:46:36.003322+00:00,2026-08-24T11:46:36.003322+00:00
995,3,APPROVAL_RESULT,RR-1584 approved,Your requisition was approved at DOA.,READ,RR,584,2026-03-31T20:46:36.003322+00:00,2026-04-01T13:46:36.003322+00:00
996,3,PO_CREATED,PO-3430 created,A purchase order has been created for your requisition.,UNREAD,PO,430,2026-04-02T20:46:36.003322+00:00,
997,24,APPROVAL_RESULT,RR-1585 approved,Your requisition was approved at DOA.,READ,RR,585,2026-02-11T15:46:36.003322+00:00,2026-02-12T04:46:36.003322+00:00
998,24,PO_CREATED,PO-3431 created,A purchase order has been created for your requisition.,UNREAD,PO,431,2026-02-15T15:46:36.003322+00:00,
999,16,APPROVAL_RESULT,RR-1586 approved,Your requisition was approved at DOA.,UNREAD,RR,586,2025-12-10T08:46:36.003322+00:00,
1000,16,PO_CREATED,PO-3432 created,A purchase order has been created for your requisition.,UNREAD,PO,432,2026-01-17T08:46:36.003322+00:00,
1001,7,APPROVAL_RESULT,RR-1587 approved,Your requisition was approved at DOA.,READ,RR,587,2026-05-03T20:46:36.003322+00:00,2026-05-04T11:46:36.003322+00:00
1002,7,PO_CREATED,PO-3433 created,A purchase order has been created for your requisition.,READ,PO,433,2026-05-17T20:46:36.003322+00:00,2026-05-18T12:46:36.003322+00:00
1003,6,APPROVAL_RESULT,RR-1588 approved,Your requisition was approved at DOA.,UNREAD,RR,588,2026-05-29T15:46:36.003322+00:00,
1004,6,PO_CREATED,PO-3434 created,A purchase order has been created for your requisition.,UNREAD,PO,434,2026-06-06T15:46:36.003322+00:00,
1005,13,APPROVAL_RESULT,RR-1589 approved,Your requisition was approved at DOA.,READ,RR,589,2026-04-02T21:46:36.003322+00:00,2026-04-03T11:46:36.003322+00:00
1006,13,PO_CREATED,PO-3435 created,A purchase order has been created for your requisition.,READ,PO,435,2026-04-18T21:46:36.003322+00:00,2026-04-19T04:46:36.003322+00:00
1007,22,APPROVAL_RESULT,RR-1590 approved,Your requisition was approved at DOA.,READ,RR,590,2026-07-07T07:46:36.003322+00:00,2026-07-07T22:46:36.003322+00:00
1008,6,APPROVAL_RESULT,RR-1591 approved,Your requisition was approved at DOA.,READ,RR,591,2026-03-18T07:46:36.003322+00:00,2026-03-18T22:46:36.003322+00:00
1009,6,PO_CREATED,PO-3436 created,A purchase order has been created for your requisition.,READ,PO,436,2026-03-25T07:46:36.003322+00:00,2026-03-26T12:46:36.003322+00:00
1010,17,APPROVAL_RESULT,RR-1592 approved,Your requisition was approved at DOA.,READ,RR,592,2026-08-05T12:46:36.003322+00:00,2026-08-06T18:46:36.003322+00:00
1011,17,PO_CREATED,PO-3437 created,A purchase order has been created for your requisition.,UNREAD,PO,437,2026-08-23T22:46:36.003322+00:00,
1012,9,APPROVAL_RESULT,RR-1593 approved,Your requisition was approved at DOA.,UNREAD,RR,593,2026-04-11T09:46:36.003322+00:00,
1013,9,PO_CREATED,PO-3438 created,A purchase order has been created for your requisition.,READ,PO,438,2026-05-15T14:46:36.003322+00:00,2026-05-16T07:46:36.003322+00:00
1014,16,APPROVAL_RESULT,RR-1594 approved,Your requisition was approved at DOA.,UNREAD,RR,594,2026-08-11T21:46:36.003322+00:00,
1015,15,APPROVAL_REQUEST,NFA approval needed: PR-2507,An NFA is waiting on your approval.,UNREAD,PR,507,2026-08-24T21:46:36.003322+00:00,
1016,10,APPROVAL_RESULT,RR-1595 approved,Your requisition was approved at DOA.,READ,RR,595,2026-05-06T05:46:36.003322+00:00,2026-05-06T09:46:36.003322+00:00
1017,10,PO_CREATED,PO-3439 created,A purchase order has been created for your requisition.,UNREAD,PO,439,2026-05-19T05:46:36.003322+00:00,
1018,13,APPROVAL_RESULT,RR-1596 approved,Your requisition was approved at DOA.,READ,RR,596,2026-05-07T22:46:36.003322+00:00,2026-05-08T11:46:36.003322+00:00
1019,13,PO_CREATED,PO-3440 created,A purchase order has been created for your requisition.,READ,PO,440,2026-05-15T22:46:36.003322+00:00,2026-05-16T17:46:36.003322+00:00
1020,3,APPROVAL_RESULT,RR-1597 approved,Your requisition was approved at DOA.,UNREAD,RR,597,2026-03-27T22:46:36.003322+00:00,
1021,3,PO_CREATED,PO-3441 created,A purchase order has been created for your requisition.,UNREAD,PO,441,2026-03-31T22:46:36.003322+00:00,
1022,14,APPROVAL_RESULT,RR-1598 approved,Your requisition was approved at DOA.,READ,RR,598,2026-08-02T10:46:36.003322+00:00,2026-08-02T11:46:36.003322+00:00
1023,14,PO_CREATED,PO-3442 created,A purchase order has been created for your requisition.,READ,PO,442,2026-08-11T10:46:36.003322+00:00,2026-08-11T14:46:36.003322+00:00
1024,22,APPROVAL_RESULT,RR-1599 approved,Your requisition was approved at DOA.,READ,RR,599,2025-12-06T04:46:36.003322+00:00,2025-12-06T17:46:36.003322+00:00
1025,22,PO_CREATED,PO-3443 created,A purchase order has been created for your requisition.,UNREAD,PO,443,2025-12-29T23:46:36.003322+00:00,
1026,11,APPROVAL_RESULT,RR-1600 approved,Your requisition was approved at DOA.,UNREAD,RR,600,2026-08-12T16:46:36.003322+00:00,
1027,11,PO_CREATED,PO-3444 created,A purchase order has been created for your requisition.,READ,PO,444,2026-08-23T16:46:36.003322+00:00,2026-08-24T12:46:36.003322+00:00
1028,8,APPROVAL_RESULT,RR-1601 approved,Your requisition was approved at DOA.,READ,RR,601,2026-06-29T09:46:36.003322+00:00,2026-06-29T17:46:36.003322+00:00
1029,8,PO_CREATED,PO-3445 created,A purchase order has been created for your requisition.,UNREAD,PO,445,2026-07-19T09:46:36.003322+00:00,
1030,1,APPROVAL_RESULT,RR-1603 approved,Your requisition was approved at DOA.,READ,RR,603,2026-02-24T20:46:36.003322+00:00,2026-02-25T23:46:36.003322+00:00
1031,1,PO_CREATED,PO-3446 created,A purchase order has been created for your requisition.,UNREAD,PO,446,2026-03-05T20:46:36.003322+00:00,
1032,7,APPROVAL_RESULT,RR-1604 approved,Your requisition was approved at DOA.,READ,RR,604,2026-08-04T23:46:36.003322+00:00,2026-08-05T22:46:36.003322+00:00
1033,24,APPROVAL_RESULT,RR-1605 approved,Your requisition was approved at DOA.,UNREAD,RR,605,2026-04-20T11:46:36.003322+00:00,
1034,24,PO_CREATED,PO-3447 created,A purchase order has been created for your requisition.,READ,PO,447,2026-06-07T11:46:36.003322+00:00,2026-06-07T16:46:36.003322+00:00
1035,15,APPROVAL_RESULT,RR-1606 rejected,Your requisition was rejected at DOA approval.,READ,RR,606,2026-03-12T14:46:36.003322+00:00,2026-03-12T17:46:36.003322+00:00
1036,2,APPROVAL_RESULT,RR-1607 approved,Your requisition was approved at DOA.,READ,RR,607,2026-08-03T11:46:36.003322+00:00,2026-08-04T11:46:36.003322+00:00
1037,2,APPROVAL_RESULT,RR-1608 approved,Your requisition was approved at DOA.,READ,RR,608,2026-03-15T07:46:36.003322+00:00,2026-03-15T21:46:36.003322+00:00
1038,2,PO_CREATED,PO-3448 created,A purchase order has been created for your requisition.,READ,PO,448,2026-03-17T07:46:36.003322+00:00,2026-03-18T03:46:36.003322+00:00
1039,4,APPROVAL_RESULT,RR-1609 approved,Your requisition was approved at DOA.,READ,RR,609,2026-04-22T18:46:36.003322+00:00,2026-04-23T17:46:36.003322+00:00
1040,4,PO_CREATED,PO-3449 created,A purchase order has been created for your requisition.,READ,PO,449,2026-05-21T18:46:36.003322+00:00,2026-05-22T23:46:36.003322+00:00
1041,17,APPROVAL_RESULT,RR-1610 approved,Your requisition was approved at DOA.,UNREAD,RR,610,2026-07-18T22:46:36.003322+00:00,
1042,12,APPROVAL_RESULT,RR-1611 approved,Your requisition was approved at DOA.,READ,RR,611,2026-07-06T12:46:36.003322+00:00,2026-07-07T10:46:36.003322+00:00
1043,12,PO_CREATED,PO-3450 created,A purchase order has been created for your requisition.,UNREAD,PO,450,2026-07-24T12:46:36.003322+00:00,
1044,12,APPROVAL_RESULT,RR-1612 approved,Your requisition was approved at DOA.,READ,RR,612,2026-02-04T15:46:36.003322+00:00,2026-02-05T00:46:36.003322+00:00
1045,12,PO_CREATED,PO-3451 created,A purchase order has been created for your requisition.,UNREAD,PO,451,2026-03-24T15:46:36.003322+00:00,
1046,8,APPROVAL_RESULT,RR-1614 approved,Your requisition was approved at DOA.,READ,RR,614,2026-02-21T05:46:36.003322+00:00,2026-02-22T01:46:36.003322+00:00
1047,8,PO_CREATED,PO-3452 created,A purchase order has been created for your requisition.,UNREAD,PO,452,2026-03-05T05:46:36.003322+00:00,
1048,17,APPROVAL_RESULT,RR-1616 approved,Your requisition was approved at DOA.,READ,RR,616,2026-05-02T13:46:36.003322+00:00,2026-05-02T21:46:36.003322+00:00
1049,17,PO_CREATED,PO-3453 created,A purchase order has been created for your requisition.,UNREAD,PO,453,2026-05-17T13:46:36.003322+00:00,
1050,2,APPROVAL_REQUEST,DOA approval needed: RR-1617,A requisition is waiting on your DOA approval.,UNREAD,RR,617,2026-05-15T17:46:36.003322+00:00,
1051,23,APPROVAL_RESULT,RR-1618 approved,Your requisition was approved at DOA.,READ,RR,618,2026-06-30T16:46:36.003322+00:00,2026-07-01T11:46:36.003322+00:00
1052,23,PO_CREATED,PO-3454 created,A purchase order has been created for your requisition.,UNREAD,PO,454,2026-07-13T16:46:36.003322+00:00,
1053,13,APPROVAL_RESULT,RR-1619 approved,Your requisition was approved at DOA.,READ,RR,619,2026-06-09T14:46:36.003322+00:00,2026-06-10T17:46:36.003322+00:00
1054,4,APPROVAL_RESULT,RR-1620 approved,Your requisition was approved at DOA.,READ,RR,620,2026-02-24T14:46:36.003322+00:00,2026-02-25T00:46:36.003322+00:00
1055,4,APPROVAL_RESULT,RR-1621 approved,Your requisition was approved at DOA.,READ,RR,621,2026-02-19T19:46:36.003322+00:00,2026-02-20T03:46:36.003322+00:00
1056,4,PO_CREATED,PO-3455 created,A purchase order has been created for your requisition.,READ,PO,455,2026-03-05T19:46:36.003322+00:00,2026-03-07T01:46:36.003322+00:00
1057,18,APPROVAL_RESULT,RR-1622 approved,Your requisition was approved at DOA.,UNREAD,RR,622,2026-08-14T19:46:36.003322+00:00,
1058,16,APPROVAL_RESULT,RR-1623 approved,Your requisition was approved at DOA.,READ,RR,623,2026-04-24T23:46:36.003322+00:00,2026-04-25T18:46:36.003322+00:00
1059,16,PO_CREATED,PO-3456 created,A purchase order has been created for your requisition.,READ,PO,456,2026-05-16T23:46:36.003322+00:00,2026-05-17T08:46:36.003322+00:00
1060,15,APPROVAL_RESULT,RR-1624 approved,Your requisition was approved at DOA.,UNREAD,RR,624,2026-07-21T15:46:36.003322+00:00,
1061,15,PO_CREATED,PO-3457 created,A purchase order has been created for your requisition.,UNREAD,PO,457,2026-08-11T15:46:36.003322+00:00,
1062,7,APPROVAL_RESULT,RR-1626 approved,Your requisition was approved at DOA.,READ,RR,626,2026-05-03T13:46:36.003322+00:00,2026-05-03T22:46:36.003322+00:00
1063,7,PO_CREATED,PO-3458 created,A purchase order has been created for your requisition.,UNREAD,PO,458,2026-06-03T13:46:36.003322+00:00,
1064,13,APPROVAL_RESULT,RR-1627 approved,Your requisition was approved at DOA.,READ,RR,627,2026-05-04T21:46:36.003322+00:00,2026-05-05T13:46:36.003322+00:00
1065,13,PO_CREATED,PO-3459 created,A purchase order has been created for your requisition.,UNREAD,PO,459,2026-06-11T15:46:36.003322+00:00,
1066,4,APPROVAL_RESULT,RR-1628 approved,Your requisition was approved at DOA.,READ,RR,628,2025-12-17T14:46:36.003322+00:00,2025-12-18T05:46:36.003322+00:00
1067,4,PO_CREATED,PO-3460 created,A purchase order has been created for your requisition.,READ,PO,460,2026-01-01T04:46:36.003322+00:00,2026-01-02T07:46:36.003322+00:00
1068,8,APPROVAL_RESULT,RR-1629 approved,Your requisition was approved at DOA.,READ,RR,629,2026-04-19T17:46:36.003322+00:00,2026-04-20T07:46:36.003322+00:00
1069,8,PO_CREATED,PO-3461 created,A purchase order has been created for your requisition.,READ,PO,461,2026-04-23T17:46:36.003322+00:00,2026-04-24T12:46:36.003322+00:00
1070,8,APPROVAL_RESULT,RR-1630 approved,Your requisition was approved at DOA.,READ,RR,630,2026-04-22T21:46:36.003322+00:00,2026-04-24T03:46:36.003322+00:00
1071,8,PO_CREATED,PO-3462 created,A purchase order has been created for your requisition.,UNREAD,PO,462,2026-05-20T21:46:36.003322+00:00,
1072,3,APPROVAL_RESULT,RR-1631 approved,Your requisition was approved at DOA.,READ,RR,631,2026-08-15T04:46:36.003322+00:00,2026-08-16T02:46:36.003322+00:00
1073,3,PO_CREATED,PO-3463 created,A purchase order has been created for your requisition.,READ,PO,463,2026-09-25T04:46:36.003322+00:00,2026-09-25T06:46:36.003322+00:00
1074,5,APPROVAL_RESULT,RR-1632 approved,Your requisition was approved at DOA.,READ,RR,632,2026-02-06T14:46:36.003322+00:00,2026-02-07T02:46:36.003322+00:00
1075,5,PO_CREATED,PO-3464 created,A purchase order has been created for your requisition.,READ,PO,464,2026-02-24T14:46:36.003322+00:00,2026-02-25T06:46:36.003322+00:00
1076,24,APPROVAL_RESULT,RR-1633 approved,Your requisition was approved at DOA.,READ,RR,633,2026-07-13T14:46:36.003322+00:00,2026-07-14T15:46:36.003322+00:00
1077,24,PO_CREATED,PO-3465 created,A purchase order has been created for your requisition.,READ,PO,465,2026-07-25T14:46:36.003322+00:00,2026-07-26T19:46:36.003322+00:00
1078,18,APPROVAL_RESULT,RR-1634 approved,Your requisition was approved at DOA.,UNREAD,RR,634,2026-01-16T08:46:36.003322+00:00,
1079,18,PO_CREATED,PO-3466 created,A purchase order has been created for your requisition.,UNREAD,PO,466,2026-01-24T08:46:36.003322+00:00,
1080,3,APPROVAL_REQUEST,DOA approval needed: RR-1635,A requisition is waiting on your DOA approval.,UNREAD,RR,635,2026-06-15T14:46:36.003322+00:00,
1081,8,APPROVAL_RESULT,RR-1636 approved,Your requisition was approved at DOA.,READ,RR,636,2025-12-13T10:46:36.003322+00:00,2025-12-14T09:46:36.003322+00:00
1082,23,APPROVAL_RESULT,RR-1637 rejected,Your requisition was rejected at DOA approval.,UNREAD,RR,637,2026-04-06T08:46:36.003322+00:00,
1083,20,APPROVAL_RESULT,RR-1638 approved,Your requisition was approved at DOA.,READ,RR,638,2026-03-25T01:46:36.003322+00:00,2026-03-26T01:46:36.003322+00:00
1084,18,APPROVAL_RESULT,RR-1639 approved,Your requisition was approved at DOA.,READ,RR,639,2026-04-21T08:46:36.003322+00:00,2026-04-22T03:46:36.003322+00:00
1085,18,PO_CREATED,PO-3467 created,A purchase order has been created for your requisition.,READ,PO,467,2026-05-26T08:46:36.003322+00:00,2026-05-27T01:46:36.003322+00:00
1086,7,APPROVAL_RESULT,RR-1640 approved,Your requisition was approved at DOA.,UNREAD,RR,640,2026-06-23T16:46:36.003322+00:00,
1087,7,PO_CREATED,PO-3468 created,A purchase order has been created for your requisition.,READ,PO,468,2026-07-06T16:46:36.003322+00:00,2026-07-07T01:46:36.003322+00:00
1088,15,APPROVAL_REQUEST,DOA approval needed: RR-1641,A requisition is waiting on your DOA approval.,UNREAD,RR,641,2026-03-31T17:46:36.003322+00:00,
1089,13,APPROVAL_RESULT,RR-1642 approved,Your requisition was approved at DOA.,READ,RR,642,2026-05-10T04:46:36.003322+00:00,2026-05-10T16:46:36.003322+00:00
1090,22,APPROVAL_RESULT,RR-1643 approved,Your requisition was approved at DOA.,READ,RR,643,2026-08-04T12:46:36.003322+00:00,2026-08-04T13:46:36.003322+00:00
1091,22,PO_CREATED,PO-3469 created,A purchase order has been created for your requisition.,UNREAD,PO,469,2026-08-23T12:46:36.003322+00:00,
1092,20,APPROVAL_RESULT,RR-1644 approved,Your requisition was approved at DOA.,UNREAD,RR,644,2026-04-30T16:46:36.003322+00:00,
1093,20,PO_CREATED,PO-3470 created,A purchase order has been created for your requisition.,READ,PO,470,2026-05-02T16:46:36.003322+00:00,2026-05-03T01:46:36.003322+00:00
1094,11,APPROVAL_RESULT,RR-1645 approved,Your requisition was approved at DOA.,READ,RR,645,2025-11-29T04:46:36.003322+00:00,2025-11-29T13:46:36.003322+00:00
1095,11,PO_CREATED,PO-3471 created,A purchase order has been created for your requisition.,READ,PO,471,2025-12-13T04:46:36.003322+00:00,2025-12-13T05:46:36.003322+00:00
1096,23,APPROVAL_RESULT,RR-1647 approved,Your requisition was approved at DOA.,READ,RR,647,2026-07-19T10:46:36.003322+00:00,2026-07-19T19:46:36.003322+00:00
1097,15,APPROVAL_REQUEST,NFA approval needed: PR-2550,An NFA is waiting on your approval.,UNREAD,PR,550,2026-08-04T23:46:36.003322+00:00,
1098,15,APPROVAL_REQUEST,DOA approval needed: RR-1648,A requisition is waiting on your DOA approval.,UNREAD,RR,648,2026-08-09T09:46:36.003322+00:00,
1099,21,APPROVAL_RESULT,RR-1649 approved,Your requisition was approved at DOA.,READ,RR,649,2026-08-19T00:46:36.003322+00:00,2026-08-19T07:46:36.003322+00:00
1100,21,PO_CREATED,PO-3472 created,A purchase order has been created for your requisition.,UNREAD,PO,472,2026-09-02T00:46:36.003322+00:00,
1101,15,APPROVAL_REQUEST,DOA approval needed: RR-1650,A requisition is waiting on your DOA approval.,UNREAD,RR,650,2026-04-05T07:46:36.003322+00:00,
1102,17,APPROVAL_RESULT,RR-1641 approved,Your requisition was approved at DOA stage.,UNREAD,RR,641,2026-08-25T10:14:47.795289+00:00,
1103,9,UTILIZATION_RELEASED,UTL-2026-1010 released,Release recorded in Spares AI. Authorized inventory personnel must complete the applicable SAP stock action.,UNREAD,UTILIZATION,11,2026-08-27T08:01:55.869622+00:00,
1104,1,APPROVAL_RESULT,RR-1662 approved,Your requisition was approved at DOA stage.,UNREAD,RR,662,2026-08-27T08:56:15.186861+00:00,
1105,1,APPROVAL_RESULT,RR-1673 approved,Your requisition was approved at DOA stage.,UNREAD,RR,673,2026-08-27T08:56:29.999659+00:00,
1106,7,APPROVAL_RESULT,RR-1663 approved,Your requisition was approved at DOA stage.,UNREAD,RR,663,2026-08-27T09:01:28.012359+00:00,
1107,13,APPROVAL_RESULT,RR-1228 approved,Your requisition was approved at DOA stage.,UNREAD,RR,228,2026-08-27T09:01:34.458530+00:00,
1108,18,APPROVAL_RESULT,RR-1529 approved,Your requisition was approved at DOA stage.,UNREAD,RR,529,2026-08-27T09:01:35.504647+00:00,
1109,20,APPROVAL_RESULT,RR-1215 approved,Your requisition was approved at DOA stage.,UNREAD,RR,215,2026-08-27T09:01:43.295900+00:00,
