id,entity_type,entity_id,stage_code,stage_name,started_at,completed_at,status,owner_id,source_system
1,RR,1,RR_CREATED,RR Created,2026-03-31T05:09:36.211764+00:00,2026-03-31T05:09:36.211764+00:00,COMPLETED,20,synthetic
2,RR,1,DOA,DOA Approval,2026-03-31T05:09:36.211764+00:00,2026-04-01T05:09:36.211764+00:00,COMPLETED,3,synthetic
3,RR,1,MRP,MRP Processing,2026-04-01T05:09:36.211764+00:00,2026-04-04T05:09:36.211764+00:00,COMPLETED,,synthetic
4,PR,1,PR_CREATED,PR Created,2026-04-04T05:09:36.211764+00:00,2026-04-04T05:09:36.211764+00:00,COMPLETED,5,synthetic
5,PR,1,NFA,NFA Approval,2026-04-05T05:09:36.211764+00:00,2026-04-10T05:09:36.211764+00:00,COMPLETED,3,synthetic
6,PR,1,PO_CREATED,PO Created,2026-04-11T05:09:36.211764+00:00,2026-04-11T05:09:36.211764+00:00,COMPLETED,5,synthetic
7,RR,2,RR_CREATED,RR Created,2026-07-14T00:09:36.211764+00:00,2026-07-14T00:09:36.211764+00:00,COMPLETED,1,synthetic
8,RR,2,DOA,DOA Approval,2026-07-14T00:09:36.211764+00:00,2026-07-16T00:09:36.211764+00:00,COMPLETED,3,synthetic
9,RR,2,MRP,MRP Processing,2026-07-16T00:09:36.211764+00:00,2026-07-18T00:09:36.211764+00:00,COMPLETED,,synthetic
10,PR,2,PR_CREATED,PR Created,2026-07-18T00:09:36.211764+00:00,2026-07-18T00:09:36.211764+00:00,COMPLETED,5,synthetic
11,PR,2,NFA,NFA Approval,2026-07-19T00:09:36.211764+00:00,2026-07-22T00:09:36.211764+00:00,COMPLETED,3,synthetic
12,PR,2,PO_CREATED,PO Created,2026-07-23T00:09:36.211764+00:00,2026-07-23T00:09:36.211764+00:00,COMPLETED,5,synthetic
13,RR,3,RR_CREATED,RR Created,2026-06-15T23:09:36.211764+00:00,2026-06-15T23:09:36.211764+00:00,COMPLETED,24,synthetic
14,RR,3,DOA,DOA Approval,2026-06-15T23:09:36.211764+00:00,2026-06-19T23:09:36.211764+00:00,COMPLETED,3,synthetic
15,RR,3,MRP,MRP Processing,2026-06-19T23:09:36.211764+00:00,2026-06-21T23:09:36.211764+00:00,COMPLETED,,synthetic
16,PR,3,PR_CREATED,PR Created,2026-06-21T23:09:36.211764+00:00,2026-06-21T23:09:36.211764+00:00,COMPLETED,5,synthetic
17,PR,3,NFA,NFA Approval,2026-06-22T23:09:36.211764+00:00,2026-06-24T23:09:36.211764+00:00,COMPLETED,3,synthetic
18,RR,4,RR_CREATED,RR Created,2026-01-31T02:09:36.211764+00:00,2026-01-31T02:09:36.211764+00:00,COMPLETED,15,synthetic
19,RR,4,DOA,DOA Approval,2026-01-31T02:09:36.211764+00:00,2026-02-01T02:09:36.211764+00:00,COMPLETED,3,synthetic
20,RR,4,MRP,MRP Processing,2026-02-01T02:09:36.211764+00:00,2026-02-04T02:09:36.211764+00:00,COMPLETED,,synthetic
21,PR,4,PR_CREATED,PR Created,2026-02-04T02:09:36.211764+00:00,2026-02-04T02:09:36.211764+00:00,COMPLETED,5,synthetic
22,PR,4,RFQ,RFQ,2026-02-05T02:09:36.211764+00:00,2026-03-08T02:09:36.211764+00:00,COMPLETED,5,synthetic
23,PR,4,PO_CREATED,PO Created,2026-03-09T02:09:36.211764+00:00,2026-03-09T02:09:36.211764+00:00,COMPLETED,5,synthetic
24,RR,5,RR_CREATED,RR Created,2026-07-26T11:09:36.211764+00:00,2026-07-26T11:09:36.211764+00:00,COMPLETED,1,synthetic
25,RR,5,DOA,DOA Approval,2026-07-26T11:09:36.211764+00:00,,IN_PROGRESS,3,synthetic
26,RR,6,RR_CREATED,RR Created,2026-07-20T14:09:36.211764+00:00,2026-07-20T14:09:36.211764+00:00,COMPLETED,19,synthetic
27,RR,6,DOA,DOA Approval,2026-07-20T14:09:36.211764+00:00,2026-07-22T14:09:36.211764+00:00,COMPLETED,2,synthetic
28,RR,6,MRP,MRP Processing,2026-07-22T14:09:36.211764+00:00,2026-07-25T14:09:36.211764+00:00,COMPLETED,,synthetic
29,PR,5,PR_CREATED,PR Created,2026-07-25T14:09:36.211764+00:00,2026-07-25T14:09:36.211764+00:00,COMPLETED,5,synthetic
30,PR,5,NFA,NFA Approval,2026-07-26T14:09:36.211764+00:00,2026-07-28T14:09:36.211764+00:00,COMPLETED,15,synthetic
31,PR,5,PO_CREATED,PO Created,2026-07-29T14:09:36.211764+00:00,2026-07-29T14:09:36.211764+00:00,COMPLETED,5,synthetic
32,RR,7,RR_CREATED,RR Created,2026-04-04T22:09:36.211764+00:00,2026-04-04T22:09:36.211764+00:00,COMPLETED,16,synthetic
33,RR,7,DOA,DOA Approval,2026-04-04T22:09:36.211764+00:00,2026-04-07T22:09:36.211764+00:00,COMPLETED,2,synthetic
34,RR,7,MRP,MRP Processing,2026-04-07T22:09:36.211764+00:00,2026-04-08T22:09:36.211764+00:00,COMPLETED,,synthetic
35,PR,6,PR_CREATED,PR Created,2026-04-08T22:09:36.211764+00:00,2026-04-08T22:09:36.211764+00:00,COMPLETED,5,synthetic
36,PR,6,NFA,NFA Approval,2026-04-09T22:09:36.211764+00:00,2026-04-12T22:09:36.211764+00:00,COMPLETED,3,synthetic
37,PR,6,PO_CREATED,PO Created,2026-04-13T22:09:36.211764+00:00,2026-04-13T22:09:36.211764+00:00,COMPLETED,5,synthetic
38,RR,8,RR_CREATED,RR Created,2025-12-14T18:09:36.211764+00:00,2025-12-14T18:09:36.211764+00:00,COMPLETED,17,synthetic
39,RR,8,DOA,DOA Approval,2025-12-14T18:09:36.211764+00:00,2025-12-17T18:09:36.211764+00:00,COMPLETED,2,synthetic
40,RR,8,MRP,MRP Processing,2025-12-17T18:09:36.211764+00:00,2025-12-20T18:09:36.211764+00:00,COMPLETED,,synthetic
41,PR,7,PR_CREATED,PR Created,2025-12-20T18:09:36.211764+00:00,2025-12-20T18:09:36.211764+00:00,COMPLETED,5,synthetic
42,PR,7,RFQ,RFQ,2025-12-21T18:09:36.211764+00:00,2025-12-29T18:09:36.211764+00:00,COMPLETED,5,synthetic
43,PR,7,PO_CREATED,PO Created,2025-12-30T18:09:36.211764+00:00,2025-12-30T18:09:36.211764+00:00,COMPLETED,5,synthetic
44,RR,9,RR_CREATED,RR Created,2025-12-22T04:09:36.211764+00:00,2025-12-22T04:09:36.211764+00:00,COMPLETED,21,synthetic
45,RR,9,DOA,DOA Approval,2025-12-22T04:09:36.211764+00:00,2025-12-24T04:09:36.211764+00:00,COMPLETED,15,synthetic
46,RR,9,MRP,MRP Processing,2025-12-24T04:09:36.211764+00:00,2025-12-26T04:09:36.211764+00:00,COMPLETED,,synthetic
47,PR,8,PR_CREATED,PR Created,2025-12-26T04:09:36.211764+00:00,2025-12-26T04:09:36.211764+00:00,COMPLETED,13,synthetic
48,PR,8,RFQ,RFQ,2025-12-27T04:09:36.211764+00:00,2026-01-06T04:09:36.211764+00:00,COMPLETED,13,synthetic
49,PR,8,ARIBA,Ariba Event,2026-01-07T04:09:36.211764+00:00,2026-01-23T04:09:36.211764+00:00,COMPLETED,13,synthetic
50,PR,8,PO_CREATED,PO Created,2026-01-24T04:09:36.211764+00:00,2026-01-24T04:09:36.211764+00:00,COMPLETED,13,synthetic
51,RR,10,RR_CREATED,RR Created,2026-06-17T15:09:36.211764+00:00,2026-06-17T15:09:36.211764+00:00,COMPLETED,18,synthetic
52,RR,10,DOA,DOA Approval,2026-06-17T15:09:36.211764+00:00,2026-06-21T15:09:36.211764+00:00,COMPLETED,2,synthetic
53,RR,10,MRP,MRP Processing,2026-06-21T15:09:36.211764+00:00,2026-06-23T15:09:36.211764+00:00,COMPLETED,,synthetic
54,PR,9,PR_CREATED,PR Created,2026-06-23T15:09:36.211764+00:00,2026-06-23T15:09:36.211764+00:00,COMPLETED,12,synthetic
55,PR,9,PO_CREATED,PO Created,2026-06-24T15:09:36.211764+00:00,2026-06-24T15:09:36.211764+00:00,COMPLETED,12,synthetic
56,RR,11,RR_CREATED,RR Created,2026-06-18T12:09:36.211764+00:00,2026-06-18T12:09:36.211764+00:00,COMPLETED,23,synthetic
57,RR,11,DOA,DOA Approval,2026-06-18T12:09:36.211764+00:00,2026-06-20T12:09:36.211764+00:00,COMPLETED,3,synthetic
58,RR,11,MRP,MRP Processing,2026-06-20T12:09:36.211764+00:00,2026-06-21T12:09:36.211764+00:00,COMPLETED,,synthetic
59,PR,10,PR_CREATED,PR Created,2026-06-21T12:09:36.211764+00:00,2026-06-21T12:09:36.211764+00:00,COMPLETED,13,synthetic
60,PR,10,NFA,NFA Approval,2026-06-22T12:09:36.211764+00:00,2026-06-27T12:09:36.211764+00:00,COMPLETED,15,synthetic
61,PR,10,PO_CREATED,PO Created,2026-06-28T12:09:36.211764+00:00,2026-06-28T12:09:36.211764+00:00,COMPLETED,13,synthetic
62,RR,12,RR_CREATED,RR Created,2026-03-22T06:09:36.211764+00:00,2026-03-22T06:09:36.211764+00:00,COMPLETED,15,synthetic
63,RR,12,DOA,DOA Approval,2026-03-22T06:09:36.211764+00:00,,IN_PROGRESS,2,synthetic
64,RR,13,RR_CREATED,RR Created,2026-04-24T09:09:36.211764+00:00,2026-04-24T09:09:36.211764+00:00,COMPLETED,24,synthetic
65,RR,13,DOA,DOA Approval,2026-04-24T09:09:36.211764+00:00,2026-04-28T09:09:36.211764+00:00,COMPLETED,15,synthetic
66,RR,13,MRP,MRP Processing,2026-04-28T09:09:36.211764+00:00,2026-04-29T09:09:36.211764+00:00,COMPLETED,,synthetic
67,PR,11,PR_CREATED,PR Created,2026-04-29T09:09:36.211764+00:00,2026-04-29T09:09:36.211764+00:00,COMPLETED,24,synthetic
68,PR,11,RFQ,RFQ,2026-04-30T09:09:36.211764+00:00,2026-05-08T09:09:36.211764+00:00,COMPLETED,24,synthetic
69,PR,11,PO_CREATED,PO Created,2026-05-09T09:09:36.211764+00:00,2026-05-09T09:09:36.211764+00:00,COMPLETED,24,synthetic
70,RR,14,RR_CREATED,RR Created,2026-07-22T22:09:36.211764+00:00,2026-07-22T22:09:36.211764+00:00,COMPLETED,5,synthetic
71,RR,14,DOA,DOA Approval,2026-07-22T22:09:36.211764+00:00,2026-07-25T22:09:36.211764+00:00,COMPLETED,3,synthetic
72,RR,14,MRP,MRP Processing,2026-07-25T22:09:36.211764+00:00,2026-07-28T22:09:36.211764+00:00,COMPLETED,,synthetic
73,PR,12,PR_CREATED,PR Created,2026-07-28T22:09:36.211764+00:00,2026-07-28T22:09:36.211764+00:00,COMPLETED,5,synthetic
74,PR,12,RFQ,RFQ,2026-07-29T22:09:36.211764+00:00,2026-08-07T22:09:36.211764+00:00,COMPLETED,5,synthetic
75,PR,12,ARIBA,Ariba Event,2026-08-08T22:09:36.211764+00:00,2026-08-15T22:09:36.211764+00:00,COMPLETED,5,synthetic
76,PR,12,PO_CREATED,PO Created,2026-08-16T22:09:36.211764+00:00,2026-08-16T22:09:36.211764+00:00,COMPLETED,5,synthetic
77,RR,15,RR_CREATED,RR Created,2026-07-21T09:09:36.211764+00:00,2026-07-21T09:09:36.211764+00:00,COMPLETED,22,synthetic
78,RR,15,DOA,DOA Approval,2026-07-21T09:09:36.211764+00:00,2026-08-15T09:09:36.211764+00:00,COMPLETED,3,synthetic
79,RR,15,MRP,MRP Processing,2026-08-15T09:09:36.211764+00:00,2026-08-16T09:09:36.211764+00:00,COMPLETED,,synthetic
80,PR,13,PR_CREATED,PR Created,2026-08-16T09:09:36.211764+00:00,2026-08-16T09:09:36.211764+00:00,COMPLETED,5,synthetic
81,PR,13,RFQ,RFQ,2026-08-17T09:09:36.211764+00:00,2026-08-25T09:09:36.211764+00:00,COMPLETED,5,synthetic
82,PR,13,NFA,NFA Approval,2026-08-26T09:09:36.211764+00:00,2026-08-28T09:09:36.211764+00:00,COMPLETED,3,synthetic
83,PR,13,PO_CREATED,PO Created,2026-08-29T09:09:36.211764+00:00,2026-08-29T09:09:36.211764+00:00,COMPLETED,5,synthetic
84,RR,16,RR_CREATED,RR Created,2026-05-11T07:09:36.211764+00:00,2026-05-11T07:09:36.211764+00:00,COMPLETED,3,synthetic
85,RR,16,DOA,DOA Approval,2026-05-11T07:09:36.211764+00:00,2026-05-14T07:09:36.211764+00:00,COMPLETED,2,synthetic
86,RR,16,MRP,MRP Processing,2026-05-14T07:09:36.211764+00:00,2026-05-15T07:09:36.211764+00:00,COMPLETED,,synthetic
87,PR,14,PR_CREATED,PR Created,2026-05-15T07:09:36.211764+00:00,2026-05-15T07:09:36.211764+00:00,COMPLETED,24,synthetic
88,PR,14,RFQ,RFQ,2026-05-16T07:09:36.211764+00:00,2026-05-21T07:09:36.211764+00:00,COMPLETED,24,synthetic
89,PR,14,ARIBA,Ariba Event,2026-05-22T07:09:36.211764+00:00,2026-05-25T07:09:36.211764+00:00,COMPLETED,24,synthetic
90,PR,14,NFA,NFA Approval,2026-05-26T07:09:36.211764+00:00,2026-05-28T07:09:36.211764+00:00,COMPLETED,3,synthetic
91,PR,14,PO_CREATED,PO Created,2026-05-29T07:09:36.211764+00:00,2026-05-29T07:09:36.211764+00:00,COMPLETED,24,synthetic
92,RR,17,RR_CREATED,RR Created,2026-05-07T03:09:36.211764+00:00,2026-05-07T03:09:36.211764+00:00,COMPLETED,1,synthetic
93,RR,17,DOA,DOA Approval,2026-05-07T03:09:36.211764+00:00,,IN_PROGRESS,3,synthetic
94,RR,18,RR_CREATED,RR Created,2026-02-28T21:09:36.211764+00:00,2026-02-28T21:09:36.211764+00:00,COMPLETED,17,synthetic
95,RR,18,DOA,DOA Approval,2026-02-28T21:09:36.211764+00:00,2026-03-03T21:09:36.211764+00:00,COMPLETED,2,synthetic
96,RR,18,MRP,MRP Processing,2026-03-03T21:09:36.211764+00:00,2026-03-17T21:09:36.211764+00:00,COMPLETED,,synthetic
97,PR,15,PR_CREATED,PR Created,2026-03-17T21:09:36.211764+00:00,2026-03-17T21:09:36.211764+00:00,COMPLETED,24,synthetic
98,PR,15,PO_CREATED,PO Created,2026-03-18T21:09:36.211764+00:00,2026-03-18T21:09:36.211764+00:00,COMPLETED,24,synthetic
99,RR,19,RR_CREATED,RR Created,2026-01-06T09:09:36.211764+00:00,2026-01-06T09:09:36.211764+00:00,COMPLETED,8,synthetic
100,RR,19,DOA,DOA Approval,2026-01-06T09:09:36.211764+00:00,2026-01-09T09:09:36.211764+00:00,COMPLETED,15,synthetic
101,RR,19,MRP,MRP Processing,2026-01-09T09:09:36.211764+00:00,2026-01-10T09:09:36.211764+00:00,COMPLETED,,synthetic
102,PR,16,PR_CREATED,PR Created,2026-01-10T09:09:36.211764+00:00,2026-01-10T09:09:36.211764+00:00,COMPLETED,13,synthetic
103,PR,16,RFQ,RFQ,2026-01-11T09:09:36.211764+00:00,2026-01-17T09:09:36.211764+00:00,COMPLETED,13,synthetic
104,PR,16,NFA,NFA Approval,2026-01-18T09:09:36.211764+00:00,2026-01-23T09:09:36.211764+00:00,COMPLETED,3,synthetic
105,PR,16,PO_CREATED,PO Created,2026-01-24T09:09:36.211764+00:00,2026-01-24T09:09:36.211764+00:00,COMPLETED,13,synthetic
106,RR,20,RR_CREATED,RR Created,2026-06-02T14:09:36.211764+00:00,2026-06-02T14:09:36.211764+00:00,COMPLETED,4,synthetic
107,RR,20,DOA,DOA Approval,2026-06-02T14:09:36.211764+00:00,2026-06-15T14:09:36.211764+00:00,COMPLETED,3,synthetic
108,RR,20,MRP,MRP Processing,2026-06-15T14:09:36.211764+00:00,2026-06-16T14:09:36.211764+00:00,COMPLETED,,synthetic
109,PR,17,PR_CREATED,PR Created,2026-06-16T14:09:36.211764+00:00,2026-06-16T14:09:36.211764+00:00,COMPLETED,12,synthetic
110,PR,17,RFQ,RFQ,2026-06-17T14:09:36.211764+00:00,2026-06-25T14:09:36.211764+00:00,COMPLETED,12,synthetic
111,PR,17,NFA,NFA Approval,2026-06-26T14:09:36.211764+00:00,2026-06-30T14:09:36.211764+00:00,COMPLETED,15,synthetic
112,PR,17,PO_CREATED,PO Created,2026-07-01T14:09:36.211764+00:00,2026-07-01T14:09:36.211764+00:00,COMPLETED,12,synthetic
113,RR,21,RR_CREATED,RR Created,2026-03-14T21:09:36.211764+00:00,2026-03-14T21:09:36.211764+00:00,COMPLETED,2,synthetic
114,RR,21,DOA,DOA Approval,2026-03-14T21:09:36.211764+00:00,2026-03-16T21:09:36.211764+00:00,COMPLETED,2,synthetic
115,RR,21,MRP,MRP Processing,2026-03-16T21:09:36.211764+00:00,2026-03-31T21:09:36.211764+00:00,COMPLETED,,synthetic
116,PR,18,PR_CREATED,PR Created,2026-03-31T21:09:36.211764+00:00,2026-03-31T21:09:36.211764+00:00,COMPLETED,13,synthetic
117,RR,22,RR_CREATED,RR Created,2026-08-17T11:09:36.211764+00:00,2026-08-17T11:09:36.211764+00:00,COMPLETED,2,synthetic
118,RR,22,DOA,DOA Approval,2026-08-17T11:09:36.211764+00:00,2026-08-18T11:09:36.211764+00:00,COMPLETED,15,synthetic
119,RR,22,MRP,MRP Processing,2026-08-18T11:09:36.211764+00:00,2026-08-19T11:09:36.211764+00:00,COMPLETED,,synthetic
120,PR,19,PR_CREATED,PR Created,2026-08-19T11:09:36.211764+00:00,2026-08-19T11:09:36.211764+00:00,COMPLETED,24,synthetic
121,PR,19,RFQ,RFQ,2026-08-20T11:09:36.211764+00:00,2026-08-29T11:09:36.211764+00:00,COMPLETED,24,synthetic
122,PR,19,ARIBA,Ariba Event,2026-08-30T11:09:36.211764+00:00,,IN_PROGRESS,24,synthetic
123,RR,23,RR_CREATED,RR Created,2026-08-20T02:09:36.211764+00:00,2026-08-20T02:09:36.211764+00:00,COMPLETED,1,synthetic
124,RR,23,DOA,DOA Approval,2026-08-20T02:09:36.211764+00:00,2026-08-24T02:09:36.211764+00:00,COMPLETED,15,synthetic
125,RR,23,MRP,MRP Processing,2026-08-24T02:09:36.211764+00:00,2026-08-26T02:09:36.211764+00:00,COMPLETED,,synthetic
126,PR,20,PR_CREATED,PR Created,2026-08-26T02:09:36.211764+00:00,2026-08-26T02:09:36.211764+00:00,COMPLETED,12,synthetic
127,PR,20,RFQ,RFQ,2026-08-27T02:09:36.211764+00:00,2026-09-04T02:09:36.211764+00:00,COMPLETED,12,synthetic
128,PR,20,ARIBA,Ariba Event,2026-09-05T02:09:36.211764+00:00,,IN_PROGRESS,12,synthetic
129,RR,24,RR_CREATED,RR Created,2026-07-04T03:09:36.211764+00:00,2026-07-04T03:09:36.211764+00:00,COMPLETED,11,synthetic
130,RR,24,DOA,DOA Approval,2026-07-04T03:09:36.211764+00:00,2026-07-07T03:09:36.211764+00:00,COMPLETED,15,synthetic
131,RR,24,MRP,MRP Processing,2026-07-07T03:09:36.211764+00:00,2026-07-09T03:09:36.211764+00:00,COMPLETED,,synthetic
132,PR,21,PR_CREATED,PR Created,2026-07-09T03:09:36.211764+00:00,2026-07-09T03:09:36.211764+00:00,COMPLETED,24,synthetic
133,PR,21,PO_CREATED,PO Created,2026-07-10T03:09:36.211764+00:00,2026-07-10T03:09:36.211764+00:00,COMPLETED,24,synthetic
134,RR,25,RR_CREATED,RR Created,2026-06-02T12:09:36.211764+00:00,2026-06-02T12:09:36.211764+00:00,COMPLETED,23,synthetic
135,RR,25,DOA,DOA Approval,2026-06-02T12:09:36.211764+00:00,2026-06-04T12:09:36.211764+00:00,COMPLETED,2,synthetic
136,RR,25,MRP,MRP Processing,2026-06-04T12:09:36.211764+00:00,2026-06-05T12:09:36.211764+00:00,COMPLETED,,synthetic
137,PR,22,PR_CREATED,PR Created,2026-06-05T12:09:36.211764+00:00,2026-06-05T12:09:36.211764+00:00,COMPLETED,5,synthetic
138,RR,26,RR_CREATED,RR Created,2026-02-09T02:09:36.211764+00:00,2026-02-09T02:09:36.211764+00:00,COMPLETED,7,synthetic
139,RR,26,DOA,DOA Approval,2026-02-09T02:09:36.211764+00:00,2026-02-11T02:09:36.211764+00:00,COMPLETED,3,synthetic
140,RR,26,MRP,MRP Processing,2026-02-11T02:09:36.211764+00:00,2026-02-13T02:09:36.211764+00:00,COMPLETED,,synthetic
141,PR,23,PR_CREATED,PR Created,2026-02-13T02:09:36.211764+00:00,2026-02-13T02:09:36.211764+00:00,COMPLETED,13,synthetic
142,PR,23,RFQ,RFQ,2026-02-14T02:09:36.211764+00:00,2026-02-19T02:09:36.211764+00:00,COMPLETED,13,synthetic
143,PR,23,PO_CREATED,PO Created,2026-02-20T02:09:36.211764+00:00,2026-02-20T02:09:36.211764+00:00,COMPLETED,13,synthetic
144,RR,27,RR_CREATED,RR Created,2026-05-18T22:09:36.211764+00:00,2026-05-18T22:09:36.211764+00:00,COMPLETED,5,synthetic
145,RR,27,DOA,DOA Approval,2026-05-18T22:09:36.211764+00:00,2026-05-22T22:09:36.211764+00:00,COMPLETED,15,synthetic
146,RR,27,MRP,MRP Processing,2026-05-22T22:09:36.211764+00:00,2026-05-23T22:09:36.211764+00:00,COMPLETED,,synthetic
147,PR,24,PR_CREATED,PR Created,2026-05-23T22:09:36.211764+00:00,2026-05-23T22:09:36.211764+00:00,COMPLETED,13,synthetic
148,PR,24,RFQ,RFQ,2026-05-24T22:09:36.211764+00:00,2026-06-01T22:09:36.211764+00:00,COMPLETED,13,synthetic
149,PR,24,ARIBA,Ariba Event,2026-06-02T22:09:36.211764+00:00,2026-06-06T22:09:36.211764+00:00,COMPLETED,13,synthetic
150,PR,24,NFA,NFA Approval,2026-06-07T22:09:36.211764+00:00,2026-06-10T22:09:36.211764+00:00,COMPLETED,15,synthetic
151,PR,24,PO_CREATED,PO Created,2026-06-11T22:09:36.211764+00:00,2026-06-11T22:09:36.211764+00:00,COMPLETED,13,synthetic
152,RR,28,RR_CREATED,RR Created,2026-04-01T04:09:36.211764+00:00,2026-04-01T04:09:36.211764+00:00,COMPLETED,6,synthetic
153,RR,28,DOA,DOA Approval,2026-04-01T04:09:36.211764+00:00,2026-04-04T04:09:36.211764+00:00,COMPLETED,3,synthetic
154,RR,28,MRP,MRP Processing,2026-04-04T04:09:36.211764+00:00,2026-04-07T04:09:36.211764+00:00,COMPLETED,,synthetic
155,PR,25,PR_CREATED,PR Created,2026-04-07T04:09:36.211764+00:00,2026-04-07T04:09:36.211764+00:00,COMPLETED,13,synthetic
156,PR,25,RFQ,RFQ,2026-04-08T04:09:36.211764+00:00,2026-04-18T04:09:36.211764+00:00,COMPLETED,13,synthetic
157,PR,25,PO_CREATED,PO Created,2026-04-19T04:09:36.211764+00:00,2026-04-19T04:09:36.211764+00:00,COMPLETED,13,synthetic
158,RR,29,RR_CREATED,RR Created,2026-06-18T15:09:36.211764+00:00,2026-06-18T15:09:36.211764+00:00,COMPLETED,18,synthetic
159,RR,29,DOA,DOA Approval,2026-06-18T15:09:36.211764+00:00,2026-06-20T15:09:36.211764+00:00,COMPLETED,3,synthetic
160,RR,29,MRP,MRP Processing,2026-06-20T15:09:36.211764+00:00,2026-06-21T15:09:36.211764+00:00,COMPLETED,,synthetic
161,PR,26,PR_CREATED,PR Created,2026-06-21T15:09:36.211764+00:00,2026-06-21T15:09:36.211764+00:00,COMPLETED,13,synthetic
162,PR,26,RFQ,RFQ,2026-06-22T15:09:36.211764+00:00,2026-07-01T15:09:36.211764+00:00,COMPLETED,13,synthetic
163,PR,26,NFA,NFA Approval,2026-07-02T15:09:36.211764+00:00,2026-07-07T15:09:36.211764+00:00,COMPLETED,15,synthetic
164,PR,26,PO_CREATED,PO Created,2026-07-08T15:09:36.211764+00:00,2026-07-08T15:09:36.211764+00:00,COMPLETED,13,synthetic
165,RR,30,RR_CREATED,RR Created,2025-11-27T19:09:36.211764+00:00,2025-11-27T19:09:36.211764+00:00,COMPLETED,21,synthetic
166,RR,30,DOA,DOA Approval,2025-11-27T19:09:36.211764+00:00,2025-11-29T19:09:36.211764+00:00,COMPLETED,2,synthetic
167,RR,30,MRP,MRP Processing,2025-11-29T19:09:36.211764+00:00,2025-12-01T19:09:36.211764+00:00,COMPLETED,,synthetic
168,PR,27,PR_CREATED,PR Created,2025-12-01T19:09:36.211764+00:00,2025-12-01T19:09:36.211764+00:00,COMPLETED,24,synthetic
169,PR,27,PO_CREATED,PO Created,2025-12-02T19:09:36.211764+00:00,2025-12-02T19:09:36.211764+00:00,COMPLETED,24,synthetic
170,RR,31,RR_CREATED,RR Created,2025-12-16T19:09:36.211764+00:00,2025-12-16T19:09:36.211764+00:00,COMPLETED,24,synthetic
171,RR,31,DOA,DOA Approval,2025-12-16T19:09:36.211764+00:00,2025-12-18T19:09:36.211764+00:00,COMPLETED,3,synthetic
172,RR,31,MRP,MRP Processing,2025-12-18T19:09:36.211764+00:00,2025-12-20T19:09:36.211764+00:00,COMPLETED,,synthetic
173,PR,28,PR_CREATED,PR Created,2025-12-20T19:09:36.211764+00:00,2025-12-20T19:09:36.211764+00:00,COMPLETED,24,synthetic
174,PR,28,RFQ,RFQ,2025-12-21T19:09:36.211764+00:00,2025-12-30T19:09:36.211764+00:00,COMPLETED,24,synthetic
175,PR,28,ARIBA,Ariba Event,2025-12-31T19:09:36.211764+00:00,2026-01-26T19:09:36.211764+00:00,COMPLETED,24,synthetic
176,PR,28,AUCTION,Auction,2026-01-27T04:09:36.211764+00:00,2026-01-27T10:09:36.211764+00:00,COMPLETED,24,synthetic
177,PR,28,NFA,NFA Approval,2026-01-28T10:09:36.211764+00:00,2026-01-30T10:09:36.211764+00:00,COMPLETED,15,synthetic
178,PR,28,PO_CREATED,PO Created,2026-01-31T10:09:36.211764+00:00,2026-01-31T10:09:36.211764+00:00,COMPLETED,24,synthetic
179,RR,32,RR_CREATED,RR Created,2026-07-12T10:09:36.211764+00:00,2026-07-12T10:09:36.211764+00:00,COMPLETED,7,synthetic
180,RR,32,DOA,DOA Approval,2026-07-12T10:09:36.211764+00:00,2026-07-15T10:09:36.211764+00:00,COMPLETED,15,synthetic
181,RR,32,MRP,MRP Processing,2026-07-15T10:09:36.211764+00:00,2026-07-18T10:09:36.211764+00:00,COMPLETED,,synthetic
182,PR,29,PR_CREATED,PR Created,2026-07-18T10:09:36.211764+00:00,2026-07-18T10:09:36.211764+00:00,COMPLETED,5,synthetic
183,PR,29,NFA,NFA Approval,2026-07-19T10:09:36.211764+00:00,2026-07-24T10:09:36.211764+00:00,COMPLETED,3,synthetic
184,PR,29,PO_CREATED,PO Created,2026-07-25T10:09:36.211764+00:00,2026-07-25T10:09:36.211764+00:00,COMPLETED,5,synthetic
185,RR,33,RR_CREATED,RR Created,2026-06-22T13:09:36.211764+00:00,2026-06-22T13:09:36.211764+00:00,COMPLETED,9,synthetic
186,RR,33,DOA,DOA Approval,2026-06-22T13:09:36.211764+00:00,,IN_PROGRESS,2,synthetic
187,RR,34,RR_CREATED,RR Created,2026-06-12T20:09:36.211764+00:00,2026-06-12T20:09:36.211764+00:00,COMPLETED,21,synthetic
188,RR,34,DOA,DOA Approval,2026-06-12T20:09:36.211764+00:00,2026-06-13T20:09:36.211764+00:00,COMPLETED,15,synthetic
189,RR,34,MRP,MRP Processing,2026-06-13T20:09:36.211764+00:00,2026-06-15T20:09:36.211764+00:00,COMPLETED,,synthetic
190,PR,30,PR_CREATED,PR Created,2026-06-15T20:09:36.211764+00:00,2026-06-15T20:09:36.211764+00:00,COMPLETED,12,synthetic
191,PR,30,RFQ,RFQ,2026-06-16T20:09:36.211764+00:00,,IN_PROGRESS,12,synthetic
192,RR,35,RR_CREATED,RR Created,2026-03-02T01:09:36.211764+00:00,2026-03-02T01:09:36.211764+00:00,COMPLETED,6,synthetic
193,RR,35,DOA,DOA Approval,2026-03-02T01:09:36.211764+00:00,2026-03-06T01:09:36.211764+00:00,COMPLETED,3,synthetic
194,RR,35,MRP,MRP Processing,2026-03-06T01:09:36.211764+00:00,2026-03-08T01:09:36.211764+00:00,COMPLETED,,synthetic
195,PR,31,PR_CREATED,PR Created,2026-03-08T01:09:36.211764+00:00,2026-03-08T01:09:36.211764+00:00,COMPLETED,5,synthetic
196,PR,31,RFQ,RFQ,2026-03-09T01:09:36.211764+00:00,2026-03-15T01:09:36.211764+00:00,COMPLETED,5,synthetic
197,PR,31,ARIBA,Ariba Event,2026-03-16T01:09:36.211764+00:00,2026-03-22T01:09:36.211764+00:00,COMPLETED,5,synthetic
198,PR,31,NFA,NFA Approval,2026-03-23T01:09:36.211764+00:00,2026-03-26T01:09:36.211764+00:00,COMPLETED,15,synthetic
199,PR,31,PO_CREATED,PO Created,2026-03-27T01:09:36.211764+00:00,2026-03-27T01:09:36.211764+00:00,COMPLETED,5,synthetic
200,RR,36,RR_CREATED,RR Created,2026-03-12T05:09:36.211764+00:00,2026-03-12T05:09:36.211764+00:00,COMPLETED,6,synthetic
201,RR,36,DOA,DOA Approval,2026-03-12T05:09:36.211764+00:00,2026-03-14T05:09:36.211764+00:00,COMPLETED,15,synthetic
202,RR,36,MRP,MRP Processing,2026-03-14T05:09:36.211764+00:00,2026-03-15T05:09:36.211764+00:00,COMPLETED,,synthetic
203,PR,32,PR_CREATED,PR Created,2026-03-15T05:09:36.211764+00:00,2026-03-15T05:09:36.211764+00:00,COMPLETED,12,synthetic
204,PR,32,NFA,NFA Approval,2026-03-16T05:09:36.211764+00:00,2026-03-20T05:09:36.211764+00:00,COMPLETED,3,synthetic
205,PR,32,PO_CREATED,PO Created,2026-03-21T05:09:36.211764+00:00,2026-03-21T05:09:36.211764+00:00,COMPLETED,12,synthetic
206,RR,37,RR_CREATED,RR Created,2026-08-24T05:09:36.211764+00:00,2026-08-24T05:09:36.211764+00:00,COMPLETED,13,synthetic
207,RR,37,DOA,DOA Approval,2026-08-24T05:09:36.211764+00:00,,IN_PROGRESS,3,synthetic
208,RR,38,RR_CREATED,RR Created,2026-01-27T18:09:36.211764+00:00,2026-01-27T18:09:36.211764+00:00,COMPLETED,19,synthetic
209,RR,38,DOA,DOA Approval,2026-01-27T18:09:36.211764+00:00,2026-01-29T18:09:36.211764+00:00,COMPLETED,15,synthetic
210,RR,38,MRP,MRP Processing,2026-01-29T18:09:36.211764+00:00,2026-02-22T18:09:36.211764+00:00,COMPLETED,,synthetic
211,PR,33,PR_CREATED,PR Created,2026-02-22T18:09:36.211764+00:00,2026-02-22T18:09:36.211764+00:00,COMPLETED,5,synthetic
212,PR,33,RFQ,RFQ,2026-02-23T18:09:36.211764+00:00,2026-03-05T18:09:36.211764+00:00,COMPLETED,5,synthetic
213,PR,33,ARIBA,Ariba Event,2026-03-06T18:09:36.211764+00:00,2026-03-11T18:09:36.211764+00:00,COMPLETED,5,synthetic
214,PR,33,NFA,NFA Approval,2026-03-12T18:09:36.211764+00:00,2026-03-14T18:09:36.211764+00:00,COMPLETED,15,synthetic
215,PR,33,PO_CREATED,PO Created,2026-03-15T18:09:36.211764+00:00,2026-03-15T18:09:36.211764+00:00,COMPLETED,5,synthetic
216,RR,39,RR_CREATED,RR Created,2026-02-23T08:09:36.211764+00:00,2026-02-23T08:09:36.211764+00:00,COMPLETED,1,synthetic
217,RR,39,DOA,DOA Approval,2026-02-23T08:09:36.211764+00:00,2026-02-26T08:09:36.211764+00:00,COMPLETED,2,synthetic
218,RR,39,MRP,MRP Processing,2026-02-26T08:09:36.211764+00:00,2026-02-28T08:09:36.211764+00:00,COMPLETED,,synthetic
219,PR,34,PR_CREATED,PR Created,2026-02-28T08:09:36.211764+00:00,2026-02-28T08:09:36.211764+00:00,COMPLETED,13,synthetic
220,PR,34,NFA,NFA Approval,2026-03-01T08:09:36.211764+00:00,2026-03-06T08:09:36.211764+00:00,COMPLETED,15,synthetic
221,PR,34,PO_CREATED,PO Created,2026-03-07T08:09:36.211764+00:00,2026-03-07T08:09:36.211764+00:00,COMPLETED,13,synthetic
222,RR,40,RR_CREATED,RR Created,2026-07-26T11:09:36.211764+00:00,2026-07-26T11:09:36.211764+00:00,COMPLETED,6,synthetic
223,RR,40,DOA,DOA Approval,2026-07-26T11:09:36.211764+00:00,2026-07-27T11:09:36.211764+00:00,COMPLETED,3,synthetic
224,RR,40,MRP,MRP Processing,2026-07-27T11:09:36.211764+00:00,2026-07-30T11:09:36.211764+00:00,COMPLETED,,synthetic
225,PR,35,PR_CREATED,PR Created,2026-07-30T11:09:36.211764+00:00,2026-07-30T11:09:36.211764+00:00,COMPLETED,12,synthetic
226,PR,35,RFQ,RFQ,2026-07-31T11:09:36.211764+00:00,2026-08-10T11:09:36.211764+00:00,COMPLETED,12,synthetic
227,PR,35,ARIBA,Ariba Event,2026-08-11T11:09:36.211764+00:00,2026-08-15T11:09:36.211764+00:00,COMPLETED,12,synthetic
228,PR,35,PO_CREATED,PO Created,2026-08-16T11:09:36.211764+00:00,2026-08-16T11:09:36.211764+00:00,COMPLETED,12,synthetic
229,RR,41,RR_CREATED,RR Created,2026-04-25T16:09:36.211764+00:00,2026-04-25T16:09:36.211764+00:00,COMPLETED,24,synthetic
230,RR,41,DOA,DOA Approval,2026-04-25T16:09:36.211764+00:00,2026-04-29T16:09:36.211764+00:00,COMPLETED,15,synthetic
231,RR,41,MRP,MRP Processing,2026-04-29T16:09:36.211764+00:00,2026-05-18T16:09:36.211764+00:00,COMPLETED,,synthetic
232,PR,36,PR_CREATED,PR Created,2026-05-18T16:09:36.211764+00:00,2026-05-18T16:09:36.211764+00:00,COMPLETED,24,synthetic
233,PR,36,NFA,NFA Approval,2026-05-19T16:09:36.211764+00:00,2026-05-21T16:09:36.211764+00:00,COMPLETED,3,synthetic
234,PR,36,PO_CREATED,PO Created,2026-05-22T16:09:36.211764+00:00,2026-05-22T16:09:36.211764+00:00,COMPLETED,24,synthetic
235,RR,42,RR_CREATED,RR Created,2026-02-17T21:09:36.211764+00:00,2026-02-17T21:09:36.211764+00:00,COMPLETED,15,synthetic
236,RR,42,DOA,DOA Approval,2026-02-17T21:09:36.211764+00:00,,IN_PROGRESS,2,synthetic
237,RR,43,RR_CREATED,RR Created,2026-05-29T08:09:36.211764+00:00,2026-05-29T08:09:36.211764+00:00,COMPLETED,19,synthetic
238,RR,43,DOA,DOA Approval,2026-05-29T08:09:36.211764+00:00,2026-05-31T08:09:36.211764+00:00,COMPLETED,15,synthetic
239,RR,43,MRP,MRP Processing,2026-05-31T08:09:36.211764+00:00,2026-06-03T08:09:36.211764+00:00,COMPLETED,,synthetic
240,PR,37,PR_CREATED,PR Created,2026-06-03T08:09:36.211764+00:00,2026-06-03T08:09:36.211764+00:00,COMPLETED,13,synthetic
241,PR,37,NFA,NFA Approval,2026-06-04T08:09:36.211764+00:00,2026-06-06T08:09:36.211764+00:00,COMPLETED,15,synthetic
242,PR,37,PO_CREATED,PO Created,2026-06-07T08:09:36.211764+00:00,2026-06-07T08:09:36.211764+00:00,COMPLETED,13,synthetic
243,RR,44,RR_CREATED,RR Created,2026-01-06T02:09:36.211764+00:00,2026-01-06T02:09:36.211764+00:00,COMPLETED,7,synthetic
244,RR,44,DOA,DOA Approval,2026-01-06T02:09:36.211764+00:00,2026-01-08T02:09:36.211764+00:00,COMPLETED,15,synthetic
245,RR,44,MRP,MRP Processing,2026-01-08T02:09:36.211764+00:00,2026-01-09T02:09:36.211764+00:00,COMPLETED,,synthetic
246,PR,38,PR_CREATED,PR Created,2026-01-09T02:09:36.211764+00:00,2026-01-09T02:09:36.211764+00:00,COMPLETED,5,synthetic
247,PR,38,RFQ,RFQ,2026-01-10T02:09:36.211764+00:00,2026-01-19T02:09:36.211764+00:00,COMPLETED,5,synthetic
248,PR,38,ARIBA,Ariba Event,2026-01-20T02:09:36.211764+00:00,2026-01-24T02:09:36.211764+00:00,COMPLETED,5,synthetic
249,PR,38,NFA,NFA Approval,2026-01-25T02:09:36.211764+00:00,2026-01-27T02:09:36.211764+00:00,COMPLETED,15,synthetic
250,PR,38,PO_CREATED,PO Created,2026-01-28T02:09:36.211764+00:00,2026-01-28T02:09:36.211764+00:00,COMPLETED,5,synthetic
251,RR,45,RR_CREATED,RR Created,2026-02-02T14:09:36.211764+00:00,2026-02-02T14:09:36.211764+00:00,COMPLETED,1,synthetic
252,RR,45,DOA,DOA Approval,2026-02-02T14:09:36.211764+00:00,2026-02-06T14:09:36.211764+00:00,COMPLETED,2,synthetic
253,RR,45,MRP,MRP Processing,2026-02-06T14:09:36.211764+00:00,2026-02-08T14:09:36.211764+00:00,COMPLETED,,synthetic
254,PR,39,PR_CREATED,PR Created,2026-02-08T14:09:36.211764+00:00,2026-02-08T14:09:36.211764+00:00,COMPLETED,13,synthetic
255,PR,39,PO_CREATED,PO Created,2026-02-09T14:09:36.211764+00:00,2026-02-09T14:09:36.211764+00:00,COMPLETED,13,synthetic
256,RR,46,RR_CREATED,RR Created,2026-06-22T05:09:36.211764+00:00,2026-06-22T05:09:36.211764+00:00,COMPLETED,9,synthetic
257,RR,46,DOA,DOA Approval,2026-06-22T05:09:36.211764+00:00,,IN_PROGRESS,15,synthetic
258,RR,47,RR_CREATED,RR Created,2026-04-03T07:09:36.211764+00:00,2026-04-03T07:09:36.211764+00:00,COMPLETED,22,synthetic
259,RR,47,DOA,DOA Approval,2026-04-03T07:09:36.211764+00:00,2026-04-06T07:09:36.211764+00:00,COMPLETED,2,synthetic
260,RR,47,MRP,MRP Processing,2026-04-06T07:09:36.211764+00:00,2026-04-08T07:09:36.211764+00:00,COMPLETED,,synthetic
261,PR,40,PR_CREATED,PR Created,2026-04-08T07:09:36.211764+00:00,2026-04-08T07:09:36.211764+00:00,COMPLETED,5,synthetic
262,PR,40,PO_CREATED,PO Created,2026-04-09T07:09:36.211764+00:00,2026-04-09T07:09:36.211764+00:00,COMPLETED,5,synthetic
263,RR,48,RR_CREATED,RR Created,2026-05-08T10:09:36.211764+00:00,2026-05-08T10:09:36.211764+00:00,COMPLETED,6,synthetic
264,RR,48,DOA,DOA Approval,2026-05-08T10:09:36.211764+00:00,,IN_PROGRESS,3,synthetic
265,RR,49,RR_CREATED,RR Created,2026-04-06T13:09:36.211764+00:00,2026-04-06T13:09:36.211764+00:00,COMPLETED,7,synthetic
266,RR,49,DOA,DOA Approval,2026-04-06T13:09:36.211764+00:00,,IN_PROGRESS,15,synthetic
267,RR,50,RR_CREATED,RR Created,2026-01-27T21:09:36.211764+00:00,2026-01-27T21:09:36.211764+00:00,COMPLETED,18,synthetic
268,RR,50,DOA,DOA Approval,2026-01-27T21:09:36.211764+00:00,2026-01-31T21:09:36.211764+00:00,COMPLETED,2,synthetic
269,RR,50,MRP,MRP Processing,2026-01-31T21:09:36.211764+00:00,2026-02-02T21:09:36.211764+00:00,COMPLETED,,synthetic
270,PR,41,PR_CREATED,PR Created,2026-02-02T21:09:36.211764+00:00,2026-02-02T21:09:36.211764+00:00,COMPLETED,24,synthetic
271,PR,41,RFQ,RFQ,2026-02-03T21:09:36.211764+00:00,2026-02-13T21:09:36.211764+00:00,COMPLETED,24,synthetic
272,PR,41,ARIBA,Ariba Event,2026-02-14T21:09:36.211764+00:00,2026-03-05T21:09:36.211764+00:00,COMPLETED,24,synthetic
273,PR,41,AUCTION,Auction,2026-03-06T17:09:36.211764+00:00,2026-03-07T00:09:36.211764+00:00,COMPLETED,24,synthetic
274,PR,41,PO_CREATED,PO Created,2026-03-08T00:09:36.211764+00:00,2026-03-08T00:09:36.211764+00:00,COMPLETED,24,synthetic
275,RR,51,RR_CREATED,RR Created,2026-08-13T23:09:36.211764+00:00,2026-08-13T23:09:36.211764+00:00,COMPLETED,7,synthetic
276,RR,51,DOA,DOA Approval,2026-08-13T23:09:36.211764+00:00,2026-08-16T23:09:36.211764+00:00,COMPLETED,15,synthetic
277,RR,51,MRP,MRP Processing,2026-08-16T23:09:36.211764+00:00,2026-08-18T23:09:36.211764+00:00,COMPLETED,,synthetic
278,PR,42,PR_CREATED,PR Created,2026-08-18T23:09:36.211764+00:00,2026-08-18T23:09:36.211764+00:00,COMPLETED,12,synthetic
279,PR,42,RFQ,RFQ,2026-08-19T23:09:36.211764+00:00,2026-08-25T23:09:36.211764+00:00,COMPLETED,12,synthetic
280,PR,42,ARIBA,Ariba Event,2026-08-26T23:09:36.211764+00:00,2026-08-31T23:09:36.211764+00:00,COMPLETED,12,synthetic
281,PR,42,AUCTION,Auction,2026-09-01T13:09:36.211764+00:00,2026-09-01T17:09:36.211764+00:00,COMPLETED,12,synthetic
282,PR,42,PO_CREATED,PO Created,2026-09-02T17:09:36.211764+00:00,2026-09-02T17:09:36.211764+00:00,COMPLETED,12,synthetic
283,RR,52,RR_CREATED,RR Created,2026-07-24T02:09:36.211764+00:00,2026-07-24T02:09:36.211764+00:00,COMPLETED,22,synthetic
284,RR,52,DOA,DOA Approval,2026-07-24T02:09:36.211764+00:00,2026-07-27T02:09:36.211764+00:00,COMPLETED,2,synthetic
285,RR,52,MRP,MRP Processing,2026-07-27T02:09:36.211764+00:00,2026-07-28T02:09:36.211764+00:00,COMPLETED,,synthetic
286,PR,43,PR_CREATED,PR Created,2026-07-28T02:09:36.211764+00:00,2026-07-28T02:09:36.211764+00:00,COMPLETED,5,synthetic
287,PR,43,RFQ,RFQ,2026-07-29T02:09:36.211764+00:00,2026-08-07T02:09:36.211764+00:00,COMPLETED,5,synthetic
288,PR,43,NFA,NFA Approval,2026-08-08T02:09:36.211764+00:00,,IN_PROGRESS,3,synthetic
289,RR,53,RR_CREATED,RR Created,2026-03-21T19:09:36.211764+00:00,2026-03-21T19:09:36.211764+00:00,COMPLETED,6,synthetic
290,RR,53,DOA,DOA Approval,2026-03-21T19:09:36.211764+00:00,2026-04-14T19:09:36.211764+00:00,COMPLETED,15,synthetic
291,RR,53,MRP,MRP Processing,2026-04-14T19:09:36.211764+00:00,2026-04-15T19:09:36.211764+00:00,COMPLETED,,synthetic
292,PR,44,PR_CREATED,PR Created,2026-04-15T19:09:36.211764+00:00,2026-04-15T19:09:36.211764+00:00,COMPLETED,13,synthetic
293,PR,44,RFQ,RFQ,2026-04-16T19:09:36.211764+00:00,2026-04-23T19:09:36.211764+00:00,COMPLETED,13,synthetic
294,PR,44,NFA,NFA Approval,2026-04-24T19:09:36.211764+00:00,2026-04-27T19:09:36.211764+00:00,COMPLETED,15,synthetic
295,PR,44,PO_CREATED,PO Created,2026-04-28T19:09:36.211764+00:00,2026-04-28T19:09:36.211764+00:00,COMPLETED,13,synthetic
296,RR,54,RR_CREATED,RR Created,2026-08-07T16:09:36.211764+00:00,2026-08-07T16:09:36.211764+00:00,COMPLETED,19,synthetic
297,RR,54,DOA,DOA Approval,2026-08-07T16:09:36.211764+00:00,2026-08-11T16:09:36.211764+00:00,COMPLETED,3,synthetic
298,RR,54,MRP,MRP Processing,2026-08-11T16:09:36.211764+00:00,2026-08-13T16:09:36.211764+00:00,COMPLETED,,synthetic
299,PR,45,PR_CREATED,PR Created,2026-08-13T16:09:36.211764+00:00,2026-08-13T16:09:36.211764+00:00,COMPLETED,24,synthetic
300,PR,45,RFQ,RFQ,2026-08-14T16:09:36.211764+00:00,2026-08-24T16:09:36.211764+00:00,COMPLETED,24,synthetic
301,PR,45,ARIBA,Ariba Event,2026-08-25T16:09:36.211764+00:00,2026-08-31T16:09:36.211764+00:00,COMPLETED,24,synthetic
302,RR,55,RR_CREATED,RR Created,2026-02-21T16:09:36.211764+00:00,2026-02-21T16:09:36.211764+00:00,COMPLETED,17,synthetic
303,RR,55,DOA,DOA Approval,2026-02-21T16:09:36.211764+00:00,2026-02-23T16:09:36.211764+00:00,COMPLETED,15,synthetic
304,RR,55,MRP,MRP Processing,2026-02-23T16:09:36.211764+00:00,2026-02-25T16:09:36.211764+00:00,COMPLETED,,synthetic
305,PR,46,PR_CREATED,PR Created,2026-02-25T16:09:36.211764+00:00,2026-02-25T16:09:36.211764+00:00,COMPLETED,12,synthetic
306,PR,46,NFA,NFA Approval,2026-02-26T16:09:36.211764+00:00,2026-03-03T16:09:36.211764+00:00,COMPLETED,3,synthetic
307,PR,46,PO_CREATED,PO Created,2026-03-04T16:09:36.211764+00:00,2026-03-04T16:09:36.211764+00:00,COMPLETED,12,synthetic
308,RR,56,RR_CREATED,RR Created,2026-04-06T03:09:36.211764+00:00,2026-04-06T03:09:36.211764+00:00,COMPLETED,3,synthetic
309,RR,56,DOA,DOA Approval,2026-04-06T03:09:36.211764+00:00,2026-04-08T03:09:36.211764+00:00,COMPLETED,3,synthetic
310,RR,56,MRP,MRP Processing,2026-04-08T03:09:36.211764+00:00,2026-04-10T03:09:36.211764+00:00,COMPLETED,,synthetic
311,PR,47,PR_CREATED,PR Created,2026-04-10T03:09:36.211764+00:00,2026-04-10T03:09:36.211764+00:00,COMPLETED,13,synthetic
312,PR,47,RFQ,RFQ,2026-04-11T03:09:36.211764+00:00,,IN_PROGRESS,13,synthetic
313,RR,57,RR_CREATED,RR Created,2025-12-03T20:09:36.211764+00:00,2025-12-03T20:09:36.211764+00:00,COMPLETED,11,synthetic
314,RR,57,DOA,DOA Approval,2025-12-03T20:09:36.211764+00:00,2025-12-05T20:09:36.211764+00:00,COMPLETED,15,synthetic
315,RR,57,MRP,MRP Processing,2025-12-05T20:09:36.211764+00:00,2025-12-07T20:09:36.211764+00:00,COMPLETED,,synthetic
316,PR,48,PR_CREATED,PR Created,2025-12-07T20:09:36.211764+00:00,2025-12-07T20:09:36.211764+00:00,COMPLETED,5,synthetic
317,PR,48,RFQ,RFQ,2025-12-08T20:09:36.211764+00:00,2025-12-15T20:09:36.211764+00:00,COMPLETED,5,synthetic
318,PR,48,ARIBA,Ariba Event,2025-12-16T20:09:36.211764+00:00,2025-12-22T20:09:36.211764+00:00,COMPLETED,5,synthetic
319,PR,48,AUCTION,Auction,2025-12-22T22:09:36.211764+00:00,2025-12-23T00:09:36.211764+00:00,COMPLETED,5,synthetic
320,PR,48,NFA,NFA Approval,2025-12-24T00:09:36.211764+00:00,2025-12-27T00:09:36.211764+00:00,COMPLETED,15,synthetic
321,PR,48,PO_CREATED,PO Created,2025-12-28T00:09:36.211764+00:00,2025-12-28T00:09:36.211764+00:00,COMPLETED,5,synthetic
322,RR,58,RR_CREATED,RR Created,2026-02-19T17:09:36.211764+00:00,2026-02-19T17:09:36.211764+00:00,COMPLETED,11,synthetic
323,RR,58,DOA,DOA Approval,2026-02-19T17:09:36.211764+00:00,2026-02-21T17:09:36.211764+00:00,COMPLETED,2,synthetic
324,RR,58,MRP,MRP Processing,2026-02-21T17:09:36.211764+00:00,2026-02-24T17:09:36.211764+00:00,COMPLETED,,synthetic
325,PR,49,PR_CREATED,PR Created,2026-02-24T17:09:36.211764+00:00,2026-02-24T17:09:36.211764+00:00,COMPLETED,12,synthetic
326,PR,49,RFQ,RFQ,2026-02-25T17:09:36.211764+00:00,2026-03-04T17:09:36.211764+00:00,COMPLETED,12,synthetic
327,RR,59,RR_CREATED,RR Created,2026-05-26T19:09:36.211764+00:00,2026-05-26T19:09:36.211764+00:00,COMPLETED,2,synthetic
328,RR,59,DOA,DOA Approval,2026-05-26T19:09:36.211764+00:00,2026-05-27T19:09:36.211764+00:00,COMPLETED,3,synthetic
329,RR,59,MRP,MRP Processing,2026-05-27T19:09:36.211764+00:00,2026-05-28T19:09:36.211764+00:00,COMPLETED,,synthetic
330,PR,50,PR_CREATED,PR Created,2026-05-28T19:09:36.211764+00:00,2026-05-28T19:09:36.211764+00:00,COMPLETED,12,synthetic
331,PR,50,RFQ,RFQ,2026-05-29T19:09:36.211764+00:00,,IN_PROGRESS,12,synthetic
332,RR,60,RR_CREATED,RR Created,2026-07-23T16:09:36.211764+00:00,2026-07-23T16:09:36.211764+00:00,COMPLETED,14,synthetic
333,RR,60,DOA,DOA Approval,2026-07-23T16:09:36.211764+00:00,2026-07-26T16:09:36.211764+00:00,COMPLETED,15,synthetic
334,RR,60,MRP,MRP Processing,2026-07-26T16:09:36.211764+00:00,2026-07-28T16:09:36.211764+00:00,COMPLETED,,synthetic
335,PR,51,PR_CREATED,PR Created,2026-07-28T16:09:36.211764+00:00,2026-07-28T16:09:36.211764+00:00,COMPLETED,5,synthetic
336,RR,61,RR_CREATED,RR Created,2026-07-09T07:09:36.211764+00:00,2026-07-09T07:09:36.211764+00:00,COMPLETED,24,synthetic
337,RR,61,DOA,DOA Approval,2026-07-09T07:09:36.211764+00:00,2026-07-11T07:09:36.211764+00:00,COMPLETED,15,synthetic
338,RR,61,MRP,MRP Processing,2026-07-11T07:09:36.211764+00:00,2026-07-28T07:09:36.211764+00:00,COMPLETED,,synthetic
339,PR,52,PR_CREATED,PR Created,2026-07-28T07:09:36.211764+00:00,2026-07-28T07:09:36.211764+00:00,COMPLETED,24,synthetic
340,PR,52,RFQ,RFQ,2026-07-29T07:09:36.211764+00:00,2026-08-07T07:09:36.211764+00:00,COMPLETED,24,synthetic
341,PR,52,ARIBA,Ariba Event,2026-08-08T07:09:36.211764+00:00,2026-08-15T07:09:36.211764+00:00,COMPLETED,24,synthetic
342,RR,62,RR_CREATED,RR Created,2026-07-06T23:09:36.211764+00:00,2026-07-06T23:09:36.211764+00:00,COMPLETED,10,synthetic
343,RR,62,DOA,DOA Approval,2026-07-06T23:09:36.211764+00:00,2026-07-07T23:09:36.211764+00:00,COMPLETED,3,synthetic
344,RR,62,MRP,MRP Processing,2026-07-07T23:09:36.211764+00:00,2026-07-10T23:09:36.211764+00:00,COMPLETED,,synthetic
345,PR,53,PR_CREATED,PR Created,2026-07-10T23:09:36.211764+00:00,2026-07-10T23:09:36.211764+00:00,COMPLETED,5,synthetic
346,PR,53,NFA,NFA Approval,2026-07-11T23:09:36.211764+00:00,2026-07-14T23:09:36.211764+00:00,COMPLETED,15,synthetic
347,PR,53,PO_CREATED,PO Created,2026-07-15T23:09:36.211764+00:00,2026-07-15T23:09:36.211764+00:00,COMPLETED,5,synthetic
348,RR,63,RR_CREATED,RR Created,2026-04-30T04:09:36.211764+00:00,2026-04-30T04:09:36.211764+00:00,COMPLETED,14,synthetic
349,RR,63,DOA,DOA Approval,2026-04-30T04:09:36.211764+00:00,,IN_PROGRESS,2,synthetic
350,RR,64,RR_CREATED,RR Created,2026-03-30T13:09:36.211764+00:00,2026-03-30T13:09:36.211764+00:00,COMPLETED,3,synthetic
351,RR,64,DOA,DOA Approval,2026-03-30T13:09:36.211764+00:00,2026-04-03T13:09:36.211764+00:00,COMPLETED,2,synthetic
352,RR,64,MRP,MRP Processing,2026-04-03T13:09:36.211764+00:00,2026-04-06T13:09:36.211764+00:00,COMPLETED,,synthetic
353,PR,54,PR_CREATED,PR Created,2026-04-06T13:09:36.211764+00:00,2026-04-06T13:09:36.211764+00:00,COMPLETED,24,synthetic
354,PR,54,RFQ,RFQ,2026-04-07T13:09:36.211764+00:00,2026-04-15T13:09:36.211764+00:00,COMPLETED,24,synthetic
355,PR,54,ARIBA,Ariba Event,2026-04-16T13:09:36.211764+00:00,2026-04-20T13:09:36.211764+00:00,COMPLETED,24,synthetic
356,PR,54,AUCTION,Auction,2026-04-20T20:09:36.211764+00:00,2026-04-20T22:09:36.211764+00:00,COMPLETED,24,synthetic
357,PR,54,NFA,NFA Approval,2026-04-21T22:09:36.211764+00:00,2026-04-24T22:09:36.211764+00:00,COMPLETED,3,synthetic
358,PR,54,PO_CREATED,PO Created,2026-04-25T22:09:36.211764+00:00,2026-04-25T22:09:36.211764+00:00,COMPLETED,24,synthetic
359,RR,65,RR_CREATED,RR Created,2026-04-03T17:09:36.211764+00:00,2026-04-03T17:09:36.211764+00:00,COMPLETED,23,synthetic
360,RR,65,DOA,DOA Approval,2026-04-03T17:09:36.211764+00:00,2026-04-05T17:09:36.211764+00:00,COMPLETED,15,synthetic
361,RR,65,MRP,MRP Processing,2026-04-05T17:09:36.211764+00:00,2026-04-07T17:09:36.211764+00:00,COMPLETED,,synthetic
362,PR,55,PR_CREATED,PR Created,2026-04-07T17:09:36.211764+00:00,2026-04-07T17:09:36.211764+00:00,COMPLETED,12,synthetic
363,RR,66,RR_CREATED,RR Created,2026-02-16T16:09:36.211764+00:00,2026-02-16T16:09:36.211764+00:00,COMPLETED,17,synthetic
364,RR,66,DOA,DOA Approval,2026-02-16T16:09:36.211764+00:00,2026-02-18T16:09:36.211764+00:00,COMPLETED,2,synthetic
365,RR,66,MRP,MRP Processing,2026-02-18T16:09:36.211764+00:00,2026-02-20T16:09:36.211764+00:00,COMPLETED,,synthetic
366,PR,56,PR_CREATED,PR Created,2026-02-20T16:09:36.211764+00:00,2026-02-20T16:09:36.211764+00:00,COMPLETED,12,synthetic
367,PR,56,RFQ,RFQ,2026-02-21T16:09:36.211764+00:00,2026-03-02T16:09:36.211764+00:00,COMPLETED,12,synthetic
368,PR,56,NFA,NFA Approval,2026-03-03T16:09:36.211764+00:00,2026-03-07T16:09:36.211764+00:00,COMPLETED,3,synthetic
369,RR,67,RR_CREATED,RR Created,2026-05-17T22:09:36.211764+00:00,2026-05-17T22:09:36.211764+00:00,COMPLETED,15,synthetic
370,RR,67,DOA,DOA Approval,2026-05-17T22:09:36.211764+00:00,2026-05-21T22:09:36.211764+00:00,COMPLETED,2,synthetic
371,RR,67,MRP,MRP Processing,2026-05-21T22:09:36.211764+00:00,2026-05-24T22:09:36.211764+00:00,COMPLETED,,synthetic
372,PR,57,PR_CREATED,PR Created,2026-05-24T22:09:36.211764+00:00,2026-05-24T22:09:36.211764+00:00,COMPLETED,13,synthetic
373,PR,57,RFQ,RFQ,2026-05-25T22:09:36.211764+00:00,2026-06-02T22:09:36.211764+00:00,COMPLETED,13,synthetic
374,PR,57,ARIBA,Ariba Event,2026-06-03T22:09:36.211764+00:00,2026-06-07T22:09:36.211764+00:00,COMPLETED,13,synthetic
375,PR,57,NFA,NFA Approval,2026-06-08T22:09:36.211764+00:00,2026-06-10T22:09:36.211764+00:00,COMPLETED,15,synthetic
376,PR,57,PO_CREATED,PO Created,2026-06-11T22:09:36.211764+00:00,2026-06-11T22:09:36.211764+00:00,COMPLETED,13,synthetic
377,RR,68,RR_CREATED,RR Created,2026-05-08T07:09:36.211764+00:00,2026-05-08T07:09:36.211764+00:00,COMPLETED,5,synthetic
378,RR,68,DOA,DOA Approval,2026-05-08T07:09:36.211764+00:00,,IN_PROGRESS,3,synthetic
379,RR,69,RR_CREATED,RR Created,2026-03-30T04:09:36.211764+00:00,2026-03-30T04:09:36.211764+00:00,COMPLETED,7,synthetic
380,RR,69,DOA,DOA Approval,2026-03-30T04:09:36.211764+00:00,2026-04-03T04:09:36.211764+00:00,COMPLETED,2,synthetic
381,RR,69,MRP,MRP Processing,2026-04-03T04:09:36.211764+00:00,2026-04-04T04:09:36.211764+00:00,COMPLETED,,synthetic
382,PR,58,PR_CREATED,PR Created,2026-04-04T04:09:36.211764+00:00,2026-04-04T04:09:36.211764+00:00,COMPLETED,24,synthetic
383,PR,58,RFQ,RFQ,2026-04-05T04:09:36.211764+00:00,2026-04-11T04:09:36.211764+00:00,COMPLETED,24,synthetic
384,PR,58,NFA,NFA Approval,2026-04-12T04:09:36.211764+00:00,2026-04-16T04:09:36.211764+00:00,COMPLETED,15,synthetic
385,PR,58,PO_CREATED,PO Created,2026-04-17T04:09:36.211764+00:00,2026-04-17T04:09:36.211764+00:00,COMPLETED,24,synthetic
386,RR,70,RR_CREATED,RR Created,2026-01-22T14:09:36.211764+00:00,2026-01-22T14:09:36.211764+00:00,COMPLETED,11,synthetic
387,RR,70,DOA,DOA Approval,2026-01-22T14:09:36.211764+00:00,2026-01-26T14:09:36.211764+00:00,COMPLETED,15,synthetic
388,RR,70,MRP,MRP Processing,2026-01-26T14:09:36.211764+00:00,2026-01-27T14:09:36.211764+00:00,COMPLETED,,synthetic
389,PR,59,PR_CREATED,PR Created,2026-01-27T14:09:36.211764+00:00,2026-01-27T14:09:36.211764+00:00,COMPLETED,12,synthetic
390,PR,59,RFQ,RFQ,2026-01-28T14:09:36.211764+00:00,2026-02-02T14:09:36.211764+00:00,COMPLETED,12,synthetic
391,PR,59,ARIBA,Ariba Event,2026-02-03T14:09:36.211764+00:00,2026-02-06T14:09:36.211764+00:00,COMPLETED,12,synthetic
392,PR,59,NFA,NFA Approval,2026-02-07T14:09:36.211764+00:00,2026-02-12T14:09:36.211764+00:00,COMPLETED,3,synthetic
393,PR,59,PO_CREATED,PO Created,2026-02-13T14:09:36.211764+00:00,2026-02-13T14:09:36.211764+00:00,COMPLETED,12,synthetic
394,RR,71,RR_CREATED,RR Created,2026-01-04T12:09:36.211764+00:00,2026-01-04T12:09:36.211764+00:00,COMPLETED,6,synthetic
395,RR,71,DOA,DOA Approval,2026-01-04T12:09:36.211764+00:00,2026-01-06T12:09:36.211764+00:00,COMPLETED,15,synthetic
396,RR,71,MRP,MRP Processing,2026-01-06T12:09:36.211764+00:00,2026-01-08T12:09:36.211764+00:00,COMPLETED,,synthetic
397,PR,60,PR_CREATED,PR Created,2026-01-08T12:09:36.211764+00:00,2026-01-08T12:09:36.211764+00:00,COMPLETED,5,synthetic
398,PR,60,NFA,NFA Approval,2026-01-09T12:09:36.211764+00:00,2026-01-11T12:09:36.211764+00:00,COMPLETED,15,synthetic
399,PR,60,PO_CREATED,PO Created,2026-01-12T12:09:36.211764+00:00,2026-01-12T12:09:36.211764+00:00,COMPLETED,5,synthetic
400,RR,72,RR_CREATED,RR Created,2026-01-10T02:09:36.211764+00:00,2026-01-10T02:09:36.211764+00:00,COMPLETED,20,synthetic
401,RR,72,DOA,DOA Approval,2026-01-10T02:09:36.211764+00:00,2026-02-07T02:09:36.211764+00:00,COMPLETED,3,synthetic
402,RR,72,MRP,MRP Processing,2026-02-07T02:09:36.211764+00:00,2026-02-09T02:09:36.211764+00:00,COMPLETED,,synthetic
403,PR,61,PR_CREATED,PR Created,2026-02-09T02:09:36.211764+00:00,2026-02-09T02:09:36.211764+00:00,COMPLETED,12,synthetic
404,PR,61,RFQ,RFQ,2026-02-10T02:09:36.211764+00:00,2026-02-19T02:09:36.211764+00:00,COMPLETED,12,synthetic
405,PR,61,NFA,NFA Approval,2026-02-20T02:09:36.211764+00:00,2026-02-23T02:09:36.211764+00:00,COMPLETED,3,synthetic
406,PR,61,PO_CREATED,PO Created,2026-02-24T02:09:36.211764+00:00,2026-02-24T02:09:36.211764+00:00,COMPLETED,12,synthetic
407,RR,73,RR_CREATED,RR Created,2025-12-26T06:09:36.211764+00:00,2025-12-26T06:09:36.211764+00:00,COMPLETED,14,synthetic
408,RR,73,DOA,DOA Approval,2025-12-26T06:09:36.211764+00:00,2026-01-17T06:09:36.211764+00:00,COMPLETED,3,synthetic
409,RR,73,MRP,MRP Processing,2026-01-17T06:09:36.211764+00:00,2026-01-20T06:09:36.211764+00:00,COMPLETED,,synthetic
410,PR,62,PR_CREATED,PR Created,2026-01-20T06:09:36.211764+00:00,2026-01-20T06:09:36.211764+00:00,COMPLETED,24,synthetic
411,PR,62,NFA,NFA Approval,2026-01-21T06:09:36.211764+00:00,2026-01-23T06:09:36.211764+00:00,COMPLETED,3,synthetic
412,PR,62,PO_CREATED,PO Created,2026-01-24T06:09:36.211764+00:00,2026-01-24T06:09:36.211764+00:00,COMPLETED,24,synthetic
413,RR,74,RR_CREATED,RR Created,2026-07-08T08:09:36.211764+00:00,2026-07-08T08:09:36.211764+00:00,COMPLETED,10,synthetic
414,RR,74,DOA,DOA Approval,2026-07-08T08:09:36.211764+00:00,2026-07-11T08:09:36.211764+00:00,COMPLETED,3,synthetic
415,RR,74,MRP,MRP Processing,2026-07-11T08:09:36.211764+00:00,2026-07-13T08:09:36.211764+00:00,COMPLETED,,synthetic
416,PR,63,PR_CREATED,PR Created,2026-07-13T08:09:36.211764+00:00,2026-07-13T08:09:36.211764+00:00,COMPLETED,24,synthetic
417,PR,63,PO_CREATED,PO Created,2026-07-14T08:09:36.211764+00:00,2026-07-14T08:09:36.211764+00:00,COMPLETED,24,synthetic
418,RR,75,RR_CREATED,RR Created,2025-12-17T14:09:36.211764+00:00,2025-12-17T14:09:36.211764+00:00,COMPLETED,3,synthetic
419,RR,75,DOA,DOA Approval,2025-12-17T14:09:36.211764+00:00,2025-12-20T14:09:36.211764+00:00,COMPLETED,15,synthetic
420,RR,75,MRP,MRP Processing,2025-12-20T14:09:36.211764+00:00,2025-12-22T14:09:36.211764+00:00,COMPLETED,,synthetic
421,PR,64,PR_CREATED,PR Created,2025-12-22T14:09:36.211764+00:00,2025-12-22T14:09:36.211764+00:00,COMPLETED,5,synthetic
422,PR,64,NFA,NFA Approval,2025-12-23T14:09:36.211764+00:00,2025-12-28T14:09:36.211764+00:00,REJECTED,3,synthetic
423,RR,76,RR_CREATED,RR Created,2026-01-08T20:09:36.211764+00:00,2026-01-08T20:09:36.211764+00:00,COMPLETED,4,synthetic
424,RR,76,DOA,DOA Approval,2026-01-08T20:09:36.211764+00:00,2026-01-09T20:09:36.211764+00:00,COMPLETED,2,synthetic
425,RR,76,MRP,MRP Processing,2026-01-09T20:09:36.211764+00:00,2026-01-11T20:09:36.211764+00:00,COMPLETED,,synthetic
426,PR,65,PR_CREATED,PR Created,2026-01-11T20:09:36.211764+00:00,2026-01-11T20:09:36.211764+00:00,COMPLETED,13,synthetic
427,PR,65,RFQ,RFQ,2026-01-12T20:09:36.211764+00:00,2026-01-21T20:09:36.211764+00:00,COMPLETED,13,synthetic
428,PR,65,ARIBA,Ariba Event,2026-01-22T20:09:36.211764+00:00,2026-02-22T20:09:36.211764+00:00,COMPLETED,13,synthetic
429,PR,65,AUCTION,Auction,2026-02-23T04:09:36.211764+00:00,2026-02-23T12:09:36.211764+00:00,COMPLETED,13,synthetic
430,PR,65,NFA,NFA Approval,2026-02-24T12:09:36.211764+00:00,2026-02-26T12:09:36.211764+00:00,COMPLETED,15,synthetic
431,PR,65,PO_CREATED,PO Created,2026-02-27T12:09:36.211764+00:00,2026-02-27T12:09:36.211764+00:00,COMPLETED,13,synthetic
432,RR,77,RR_CREATED,RR Created,2026-04-19T03:09:36.211764+00:00,2026-04-19T03:09:36.211764+00:00,COMPLETED,6,synthetic
433,RR,77,DOA,DOA Approval,2026-04-19T03:09:36.211764+00:00,,IN_PROGRESS,2,synthetic
434,RR,78,RR_CREATED,RR Created,2026-07-05T01:09:36.211764+00:00,2026-07-05T01:09:36.211764+00:00,COMPLETED,7,synthetic
435,RR,78,DOA,DOA Approval,2026-07-05T01:09:36.211764+00:00,2026-07-07T01:09:36.211764+00:00,COMPLETED,2,synthetic
436,RR,78,MRP,MRP Processing,2026-07-07T01:09:36.211764+00:00,2026-07-10T01:09:36.211764+00:00,COMPLETED,,synthetic
437,PR,66,PR_CREATED,PR Created,2026-07-10T01:09:36.211764+00:00,2026-07-10T01:09:36.211764+00:00,COMPLETED,13,synthetic
438,PR,66,RFQ,RFQ,2026-07-11T01:09:36.211764+00:00,2026-07-20T01:09:36.211764+00:00,COMPLETED,13,synthetic
439,PR,66,PO_CREATED,PO Created,2026-07-21T01:09:36.211764+00:00,2026-07-21T01:09:36.211764+00:00,COMPLETED,13,synthetic
440,RR,79,RR_CREATED,RR Created,2025-12-24T22:09:36.211764+00:00,2025-12-24T22:09:36.211764+00:00,COMPLETED,24,synthetic
441,RR,79,DOA,DOA Approval,2025-12-24T22:09:36.211764+00:00,2025-12-27T22:09:36.211764+00:00,COMPLETED,2,synthetic
442,RR,79,MRP,MRP Processing,2025-12-27T22:09:36.211764+00:00,2025-12-28T22:09:36.211764+00:00,COMPLETED,,synthetic
443,PR,67,PR_CREATED,PR Created,2025-12-28T22:09:36.211764+00:00,2025-12-28T22:09:36.211764+00:00,COMPLETED,5,synthetic
444,PR,67,RFQ,RFQ,2025-12-29T22:09:36.211764+00:00,2026-01-06T22:09:36.211764+00:00,COMPLETED,5,synthetic
445,PR,67,NFA,NFA Approval,2026-01-07T22:09:36.211764+00:00,2026-01-23T22:09:36.211764+00:00,COMPLETED,3,synthetic
446,PR,67,PO_CREATED,PO Created,2026-01-24T22:09:36.211764+00:00,2026-01-24T22:09:36.211764+00:00,COMPLETED,5,synthetic
447,RR,80,RR_CREATED,RR Created,2026-05-16T21:09:36.211764+00:00,2026-05-16T21:09:36.211764+00:00,COMPLETED,13,synthetic
448,RR,80,DOA,DOA Approval,2026-05-16T21:09:36.211764+00:00,2026-05-18T21:09:36.211764+00:00,COMPLETED,2,synthetic
449,RR,80,MRP,MRP Processing,2026-05-18T21:09:36.211764+00:00,2026-05-19T21:09:36.211764+00:00,COMPLETED,,synthetic
450,PR,68,PR_CREATED,PR Created,2026-05-19T21:09:36.211764+00:00,2026-05-19T21:09:36.211764+00:00,COMPLETED,12,synthetic
451,PR,68,RFQ,RFQ,2026-05-20T21:09:36.211764+00:00,2026-05-29T21:09:36.211764+00:00,COMPLETED,12,synthetic
452,PR,68,ARIBA,Ariba Event,2026-05-30T21:09:36.211764+00:00,2026-06-03T21:09:36.211764+00:00,COMPLETED,12,synthetic
453,PR,68,AUCTION,Auction,2026-06-04T17:09:36.211764+00:00,2026-06-04T20:09:36.211764+00:00,COMPLETED,12,synthetic
454,PR,68,NFA,NFA Approval,2026-06-05T20:09:36.211764+00:00,2026-06-08T20:09:36.211764+00:00,COMPLETED,15,synthetic
455,PR,68,PO_CREATED,PO Created,2026-06-09T20:09:36.211764+00:00,2026-06-09T20:09:36.211764+00:00,COMPLETED,12,synthetic
456,RR,81,RR_CREATED,RR Created,2026-05-11T04:09:36.211764+00:00,2026-05-11T04:09:36.211764+00:00,COMPLETED,4,synthetic
457,RR,81,DOA,DOA Approval,2026-05-11T04:09:36.211764+00:00,2026-05-15T04:09:36.211764+00:00,COMPLETED,2,synthetic
458,RR,81,MRP,MRP Processing,2026-05-15T04:09:36.211764+00:00,2026-05-18T04:09:36.211764+00:00,COMPLETED,,synthetic
459,PR,69,PR_CREATED,PR Created,2026-05-18T04:09:36.211764+00:00,2026-05-18T04:09:36.211764+00:00,COMPLETED,24,synthetic
460,PR,69,RFQ,RFQ,2026-05-19T04:09:36.211764+00:00,2026-06-14T04:09:36.211764+00:00,COMPLETED,24,synthetic
461,PR,69,ARIBA,Ariba Event,2026-06-15T04:09:36.211764+00:00,2026-06-21T04:09:36.211764+00:00,COMPLETED,24,synthetic
462,PR,69,PO_CREATED,PO Created,2026-06-22T04:09:36.211764+00:00,2026-06-22T04:09:36.211764+00:00,COMPLETED,24,synthetic
463,RR,82,RR_CREATED,RR Created,2026-01-27T08:09:36.211764+00:00,2026-01-27T08:09:36.211764+00:00,COMPLETED,19,synthetic
464,RR,82,DOA,DOA Approval,2026-01-27T08:09:36.211764+00:00,2026-01-28T08:09:36.211764+00:00,COMPLETED,2,synthetic
465,RR,82,MRP,MRP Processing,2026-01-28T08:09:36.211764+00:00,2026-01-31T08:09:36.211764+00:00,COMPLETED,,synthetic
466,PR,70,PR_CREATED,PR Created,2026-01-31T08:09:36.211764+00:00,2026-01-31T08:09:36.211764+00:00,COMPLETED,12,synthetic
467,PR,70,PO_CREATED,PO Created,2026-02-01T08:09:36.211764+00:00,2026-02-01T08:09:36.211764+00:00,COMPLETED,12,synthetic
468,RR,83,RR_CREATED,RR Created,2026-08-01T22:09:36.211764+00:00,2026-08-01T22:09:36.211764+00:00,COMPLETED,23,synthetic
469,RR,83,DOA,DOA Approval,2026-08-01T22:09:36.211764+00:00,2026-08-02T22:09:36.211764+00:00,COMPLETED,2,synthetic
470,RR,83,MRP,MRP Processing,2026-08-02T22:09:36.211764+00:00,2026-08-04T22:09:36.211764+00:00,COMPLETED,,synthetic
471,PR,71,PR_CREATED,PR Created,2026-08-04T22:09:36.211764+00:00,2026-08-04T22:09:36.211764+00:00,COMPLETED,5,synthetic
472,PR,71,RFQ,RFQ,2026-08-05T22:09:36.211764+00:00,2026-08-12T22:09:36.211764+00:00,COMPLETED,5,synthetic
473,PR,71,ARIBA,Ariba Event,2026-08-13T22:09:36.211764+00:00,,IN_PROGRESS,5,synthetic
474,RR,84,RR_CREATED,RR Created,2026-04-15T01:09:36.211764+00:00,2026-04-15T01:09:36.211764+00:00,COMPLETED,7,synthetic
475,RR,84,DOA,DOA Approval,2026-04-15T01:09:36.211764+00:00,2026-04-18T01:09:36.211764+00:00,COMPLETED,2,synthetic
476,RR,84,MRP,MRP Processing,2026-04-18T01:09:36.211764+00:00,2026-04-21T01:09:36.211764+00:00,COMPLETED,,synthetic
477,PR,72,PR_CREATED,PR Created,2026-04-21T01:09:36.211764+00:00,2026-04-21T01:09:36.211764+00:00,COMPLETED,13,synthetic
478,PR,72,PO_CREATED,PO Created,2026-04-22T01:09:36.211764+00:00,2026-04-22T01:09:36.211764+00:00,COMPLETED,13,synthetic
479,RR,85,RR_CREATED,RR Created,2026-07-08T16:09:36.211764+00:00,2026-07-08T16:09:36.211764+00:00,COMPLETED,9,synthetic
480,RR,85,DOA,DOA Approval,2026-07-08T16:09:36.211764+00:00,2026-07-10T16:09:36.211764+00:00,COMPLETED,3,synthetic
481,RR,85,MRP,MRP Processing,2026-07-10T16:09:36.211764+00:00,2026-07-13T16:09:36.211764+00:00,COMPLETED,,synthetic
482,PR,73,PR_CREATED,PR Created,2026-07-13T16:09:36.211764+00:00,2026-07-13T16:09:36.211764+00:00,COMPLETED,12,synthetic
483,PR,73,RFQ,RFQ,2026-07-14T16:09:36.211764+00:00,,IN_PROGRESS,12,synthetic
484,RR,86,RR_CREATED,RR Created,2026-04-25T05:09:36.211764+00:00,2026-04-25T05:09:36.211764+00:00,COMPLETED,13,synthetic
485,RR,86,DOA,DOA Approval,2026-04-25T05:09:36.211764+00:00,2026-04-26T05:09:36.211764+00:00,COMPLETED,2,synthetic
486,RR,86,MRP,MRP Processing,2026-04-26T05:09:36.211764+00:00,2026-04-27T05:09:36.211764+00:00,COMPLETED,,synthetic
487,PR,74,PR_CREATED,PR Created,2026-04-27T05:09:36.211764+00:00,2026-04-27T05:09:36.211764+00:00,COMPLETED,24,synthetic
488,PR,74,RFQ,RFQ,2026-04-28T05:09:36.211764+00:00,2026-05-03T05:09:36.211764+00:00,COMPLETED,24,synthetic
489,PR,74,NFA,NFA Approval,2026-05-04T05:09:36.211764+00:00,2026-05-06T05:09:36.211764+00:00,COMPLETED,3,synthetic
490,PR,74,PO_CREATED,PO Created,2026-05-07T05:09:36.211764+00:00,2026-05-07T05:09:36.211764+00:00,COMPLETED,24,synthetic
491,RR,87,RR_CREATED,RR Created,2026-08-18T07:09:36.211764+00:00,2026-08-18T07:09:36.211764+00:00,COMPLETED,6,synthetic
492,RR,87,DOA,DOA Approval,2026-08-18T07:09:36.211764+00:00,2026-08-21T07:09:36.211764+00:00,COMPLETED,2,synthetic
493,RR,87,MRP,MRP Processing,2026-08-21T07:09:36.211764+00:00,2026-08-22T07:09:36.211764+00:00,COMPLETED,,synthetic
494,PR,75,PR_CREATED,PR Created,2026-08-22T07:09:36.211764+00:00,2026-08-22T07:09:36.211764+00:00,COMPLETED,24,synthetic
495,PR,75,PO_CREATED,PO Created,2026-08-23T07:09:36.211764+00:00,2026-08-23T07:09:36.211764+00:00,COMPLETED,24,synthetic
496,RR,88,RR_CREATED,RR Created,2026-06-06T11:09:36.211764+00:00,2026-06-06T11:09:36.211764+00:00,COMPLETED,9,synthetic
497,RR,88,DOA,DOA Approval,2026-06-06T11:09:36.211764+00:00,,IN_PROGRESS,2,synthetic
498,RR,89,RR_CREATED,RR Created,2026-03-26T13:09:36.211764+00:00,2026-03-26T13:09:36.211764+00:00,COMPLETED,6,synthetic
499,RR,89,DOA,DOA Approval,2026-03-26T13:09:36.211764+00:00,2026-03-27T13:09:36.211764+00:00,COMPLETED,2,synthetic
500,RR,89,MRP,MRP Processing,2026-03-27T13:09:36.211764+00:00,2026-03-28T13:09:36.211764+00:00,COMPLETED,,synthetic
501,PR,76,PR_CREATED,PR Created,2026-03-28T13:09:36.211764+00:00,2026-03-28T13:09:36.211764+00:00,COMPLETED,13,synthetic
502,PR,76,PO_CREATED,PO Created,2026-03-29T13:09:36.211764+00:00,2026-03-29T13:09:36.211764+00:00,COMPLETED,13,synthetic
503,RR,90,RR_CREATED,RR Created,2025-12-06T15:09:36.211764+00:00,2025-12-06T15:09:36.211764+00:00,COMPLETED,21,synthetic
504,RR,90,DOA,DOA Approval,2025-12-06T15:09:36.211764+00:00,2025-12-08T15:09:36.211764+00:00,COMPLETED,2,synthetic
505,RR,90,MRP,MRP Processing,2025-12-08T15:09:36.211764+00:00,2025-12-09T15:09:36.211764+00:00,COMPLETED,,synthetic
506,PR,77,PR_CREATED,PR Created,2025-12-09T15:09:36.211764+00:00,2025-12-09T15:09:36.211764+00:00,COMPLETED,24,synthetic
507,PR,77,RFQ,RFQ,2025-12-10T15:09:36.211764+00:00,2025-12-20T15:09:36.211764+00:00,COMPLETED,24,synthetic
508,PR,77,ARIBA,Ariba Event,2025-12-21T15:09:36.211764+00:00,2025-12-25T15:09:36.211764+00:00,COMPLETED,24,synthetic
509,RR,91,RR_CREATED,RR Created,2026-06-13T11:09:36.211764+00:00,2026-06-13T11:09:36.211764+00:00,COMPLETED,11,synthetic
510,RR,91,DOA,DOA Approval,2026-06-13T11:09:36.211764+00:00,2026-06-17T11:09:36.211764+00:00,COMPLETED,2,synthetic
511,RR,91,MRP,MRP Processing,2026-06-17T11:09:36.211764+00:00,2026-06-20T11:09:36.211764+00:00,COMPLETED,,synthetic
512,PR,78,PR_CREATED,PR Created,2026-06-20T11:09:36.211764+00:00,2026-06-20T11:09:36.211764+00:00,COMPLETED,5,synthetic
513,PR,78,RFQ,RFQ,2026-06-21T11:09:36.211764+00:00,2026-06-29T11:09:36.211764+00:00,COMPLETED,5,synthetic
514,PR,78,ARIBA,Ariba Event,2026-06-30T11:09:36.211764+00:00,2026-07-05T11:09:36.211764+00:00,COMPLETED,5,synthetic
515,PR,78,AUCTION,Auction,2026-07-06T00:09:36.211764+00:00,2026-07-06T08:09:36.211764+00:00,COMPLETED,5,synthetic
516,PR,78,NFA,NFA Approval,2026-07-07T08:09:36.211764+00:00,2026-07-28T08:09:36.211764+00:00,COMPLETED,3,synthetic
517,PR,78,PO_CREATED,PO Created,2026-07-29T08:09:36.211764+00:00,2026-07-29T08:09:36.211764+00:00,COMPLETED,5,synthetic
518,RR,92,RR_CREATED,RR Created,2026-06-14T21:09:36.211764+00:00,2026-06-14T21:09:36.211764+00:00,COMPLETED,20,synthetic
519,RR,92,DOA,DOA Approval,2026-06-14T21:09:36.211764+00:00,2026-06-18T21:09:36.211764+00:00,COMPLETED,2,synthetic
520,RR,92,MRP,MRP Processing,2026-06-18T21:09:36.211764+00:00,2026-06-20T21:09:36.211764+00:00,COMPLETED,,synthetic
521,PR,79,PR_CREATED,PR Created,2026-06-20T21:09:36.211764+00:00,2026-06-20T21:09:36.211764+00:00,COMPLETED,24,synthetic
522,PR,79,RFQ,RFQ,2026-06-21T21:09:36.211764+00:00,2026-06-27T21:09:36.211764+00:00,COMPLETED,24,synthetic
523,PR,79,PO_CREATED,PO Created,2026-06-28T21:09:36.211764+00:00,2026-06-28T21:09:36.211764+00:00,COMPLETED,24,synthetic
524,RR,93,RR_CREATED,RR Created,2026-05-29T02:09:36.211764+00:00,2026-05-29T02:09:36.211764+00:00,COMPLETED,5,synthetic
525,RR,93,DOA,DOA Approval,2026-05-29T02:09:36.211764+00:00,2026-05-30T02:09:36.211764+00:00,COMPLETED,2,synthetic
526,RR,93,MRP,MRP Processing,2026-05-30T02:09:36.211764+00:00,2026-05-31T02:09:36.211764+00:00,COMPLETED,,synthetic
527,PR,80,PR_CREATED,PR Created,2026-05-31T02:09:36.211764+00:00,2026-05-31T02:09:36.211764+00:00,COMPLETED,12,synthetic
528,PR,80,PO_CREATED,PO Created,2026-06-01T02:09:36.211764+00:00,2026-06-01T02:09:36.211764+00:00,COMPLETED,12,synthetic
529,RR,94,RR_CREATED,RR Created,2026-02-20T08:09:36.211764+00:00,2026-02-20T08:09:36.211764+00:00,COMPLETED,22,synthetic
530,RR,94,DOA,DOA Approval,2026-02-20T08:09:36.211764+00:00,2026-02-21T08:09:36.211764+00:00,COMPLETED,15,synthetic
531,RR,94,MRP,MRP Processing,2026-02-21T08:09:36.211764+00:00,2026-02-22T08:09:36.211764+00:00,COMPLETED,,synthetic
532,PR,81,PR_CREATED,PR Created,2026-02-22T08:09:36.211764+00:00,2026-02-22T08:09:36.211764+00:00,COMPLETED,13,synthetic
533,PR,81,RFQ,RFQ,2026-02-23T08:09:36.211764+00:00,2026-03-03T08:09:36.211764+00:00,COMPLETED,13,synthetic
534,PR,81,ARIBA,Ariba Event,2026-03-04T08:09:36.211764+00:00,2026-03-07T08:09:36.211764+00:00,COMPLETED,13,synthetic
535,PR,81,AUCTION,Auction,2026-03-07T23:09:36.211764+00:00,2026-03-08T02:09:36.211764+00:00,COMPLETED,13,synthetic
536,PR,81,PO_CREATED,PO Created,2026-03-09T02:09:36.211764+00:00,2026-03-09T02:09:36.211764+00:00,COMPLETED,13,synthetic
537,RR,95,RR_CREATED,RR Created,2026-06-28T04:09:36.211764+00:00,2026-06-28T04:09:36.211764+00:00,COMPLETED,6,synthetic
538,RR,95,DOA,DOA Approval,2026-06-28T04:09:36.211764+00:00,2026-07-24T04:09:36.211764+00:00,COMPLETED,2,synthetic
539,RR,95,MRP,MRP Processing,2026-07-24T04:09:36.211764+00:00,2026-07-27T04:09:36.211764+00:00,COMPLETED,,synthetic
540,PR,82,PR_CREATED,PR Created,2026-07-27T04:09:36.211764+00:00,2026-07-27T04:09:36.211764+00:00,COMPLETED,12,synthetic
541,PR,82,NFA,NFA Approval,2026-07-28T04:09:36.211764+00:00,2026-07-30T04:09:36.211764+00:00,COMPLETED,15,synthetic
542,PR,82,PO_CREATED,PO Created,2026-07-31T04:09:36.211764+00:00,2026-07-31T04:09:36.211764+00:00,COMPLETED,12,synthetic
543,RR,96,RR_CREATED,RR Created,2026-07-02T04:09:36.211764+00:00,2026-07-02T04:09:36.211764+00:00,COMPLETED,6,synthetic
544,RR,96,DOA,DOA Approval,2026-07-02T04:09:36.211764+00:00,2026-07-04T04:09:36.211764+00:00,COMPLETED,2,synthetic
545,RR,96,MRP,MRP Processing,2026-07-04T04:09:36.211764+00:00,2026-07-07T04:09:36.211764+00:00,COMPLETED,,synthetic
546,PR,83,PR_CREATED,PR Created,2026-07-07T04:09:36.211764+00:00,2026-07-07T04:09:36.211764+00:00,COMPLETED,24,synthetic
547,PR,83,PO_CREATED,PO Created,2026-07-08T04:09:36.211764+00:00,2026-07-08T04:09:36.211764+00:00,COMPLETED,24,synthetic
548,RR,97,RR_CREATED,RR Created,2026-07-29T02:09:36.211764+00:00,2026-07-29T02:09:36.211764+00:00,COMPLETED,10,synthetic
549,RR,97,DOA,DOA Approval,2026-07-29T02:09:36.211764+00:00,,IN_PROGRESS,3,synthetic
550,RR,98,RR_CREATED,RR Created,2026-07-31T19:09:36.211764+00:00,2026-07-31T19:09:36.211764+00:00,COMPLETED,16,synthetic
551,RR,98,DOA,DOA Approval,2026-07-31T19:09:36.211764+00:00,2026-08-03T19:09:36.211764+00:00,COMPLETED,2,synthetic
552,RR,98,MRP,MRP Processing,2026-08-03T19:09:36.211764+00:00,2026-08-06T19:09:36.211764+00:00,COMPLETED,,synthetic
553,PR,84,PR_CREATED,PR Created,2026-08-06T19:09:36.211764+00:00,2026-08-06T19:09:36.211764+00:00,COMPLETED,13,synthetic
554,PR,84,NFA,NFA Approval,2026-08-07T19:09:36.211764+00:00,2026-08-11T19:09:36.211764+00:00,COMPLETED,3,synthetic
555,PR,84,PO_CREATED,PO Created,2026-08-12T19:09:36.211764+00:00,2026-08-12T19:09:36.211764+00:00,COMPLETED,13,synthetic
556,RR,99,RR_CREATED,RR Created,2026-07-09T03:09:36.211764+00:00,2026-07-09T03:09:36.211764+00:00,COMPLETED,22,synthetic
557,RR,99,DOA,DOA Approval,2026-07-09T03:09:36.211764+00:00,2026-07-13T03:09:36.211764+00:00,COMPLETED,2,synthetic
558,RR,99,MRP,MRP Processing,2026-07-13T03:09:36.211764+00:00,2026-08-01T03:09:36.211764+00:00,COMPLETED,,synthetic
559,PR,85,PR_CREATED,PR Created,2026-08-01T03:09:36.211764+00:00,2026-08-01T03:09:36.211764+00:00,COMPLETED,5,synthetic
560,PR,85,RFQ,RFQ,2026-08-02T03:09:36.211764+00:00,2026-08-11T03:09:36.211764+00:00,COMPLETED,5,synthetic
561,PR,85,ARIBA,Ariba Event,2026-08-12T03:09:36.211764+00:00,2026-08-15T03:09:36.211764+00:00,COMPLETED,5,synthetic
562,PR,85,PO_CREATED,PO Created,2026-08-16T03:09:36.211764+00:00,2026-08-16T03:09:36.211764+00:00,COMPLETED,5,synthetic
563,RR,100,RR_CREATED,RR Created,2026-05-25T01:09:36.211764+00:00,2026-05-25T01:09:36.211764+00:00,COMPLETED,7,synthetic
564,RR,100,DOA,DOA Approval,2026-05-25T01:09:36.211764+00:00,2026-05-29T01:09:36.211764+00:00,COMPLETED,3,synthetic
565,RR,100,MRP,MRP Processing,2026-05-29T01:09:36.211764+00:00,2026-05-31T01:09:36.211764+00:00,COMPLETED,,synthetic
566,PR,86,PR_CREATED,PR Created,2026-05-31T01:09:36.211764+00:00,2026-05-31T01:09:36.211764+00:00,COMPLETED,5,synthetic
567,PR,86,PO_CREATED,PO Created,2026-06-01T01:09:36.211764+00:00,2026-06-01T01:09:36.211764+00:00,COMPLETED,5,synthetic
568,RR,101,RR_CREATED,RR Created,2026-04-15T09:09:36.211764+00:00,2026-04-15T09:09:36.211764+00:00,COMPLETED,19,synthetic
569,RR,101,DOA,DOA Approval,2026-04-15T09:09:36.211764+00:00,2026-04-19T09:09:36.211764+00:00,COMPLETED,15,synthetic
570,RR,101,MRP,MRP Processing,2026-04-19T09:09:36.211764+00:00,2026-04-21T09:09:36.211764+00:00,COMPLETED,,synthetic
571,PR,87,PR_CREATED,PR Created,2026-04-21T09:09:36.211764+00:00,2026-04-21T09:09:36.211764+00:00,COMPLETED,13,synthetic
572,PR,87,RFQ,RFQ,2026-04-22T09:09:36.211764+00:00,2026-05-30T09:09:36.211764+00:00,COMPLETED,13,synthetic
573,PR,87,NFA,NFA Approval,2026-05-31T09:09:36.211764+00:00,2026-06-02T09:09:36.211764+00:00,COMPLETED,3,synthetic
574,PR,87,PO_CREATED,PO Created,2026-06-03T09:09:36.211764+00:00,2026-06-03T09:09:36.211764+00:00,COMPLETED,13,synthetic
575,RR,102,RR_CREATED,RR Created,2025-12-11T03:09:36.211764+00:00,2025-12-11T03:09:36.211764+00:00,COMPLETED,19,synthetic
576,RR,102,DOA,DOA Approval,2025-12-11T03:09:36.211764+00:00,2025-12-14T03:09:36.211764+00:00,COMPLETED,3,synthetic
577,RR,102,MRP,MRP Processing,2025-12-14T03:09:36.211764+00:00,2025-12-16T03:09:36.211764+00:00,COMPLETED,,synthetic
578,PR,88,PR_CREATED,PR Created,2025-12-16T03:09:36.211764+00:00,2025-12-16T03:09:36.211764+00:00,COMPLETED,13,synthetic
579,PR,88,RFQ,RFQ,2025-12-17T03:09:36.211764+00:00,2025-12-27T03:09:36.211764+00:00,COMPLETED,13,synthetic
580,PR,88,ARIBA,Ariba Event,2025-12-28T03:09:36.211764+00:00,2025-12-31T03:09:36.211764+00:00,COMPLETED,13,synthetic
581,PR,88,AUCTION,Auction,2025-12-31T11:09:36.211764+00:00,2025-12-31T16:09:36.211764+00:00,COMPLETED,13,synthetic
582,PR,88,NFA,NFA Approval,2026-01-01T16:09:36.211764+00:00,2026-01-04T16:09:36.211764+00:00,COMPLETED,15,synthetic
583,PR,88,PO_CREATED,PO Created,2026-01-05T16:09:36.211764+00:00,2026-01-05T16:09:36.211764+00:00,COMPLETED,13,synthetic
584,RR,103,RR_CREATED,RR Created,2026-05-08T04:09:36.211764+00:00,2026-05-08T04:09:36.211764+00:00,COMPLETED,7,synthetic
585,RR,103,DOA,DOA Approval,2026-05-08T04:09:36.211764+00:00,,IN_PROGRESS,2,synthetic
586,RR,104,RR_CREATED,RR Created,2026-08-04T18:09:36.211764+00:00,2026-08-04T18:09:36.211764+00:00,COMPLETED,13,synthetic
587,RR,104,DOA,DOA Approval,2026-08-04T18:09:36.211764+00:00,2026-08-07T18:09:36.211764+00:00,COMPLETED,15,synthetic
588,RR,104,MRP,MRP Processing,2026-08-07T18:09:36.211764+00:00,2026-08-08T18:09:36.211764+00:00,COMPLETED,,synthetic
589,PR,89,PR_CREATED,PR Created,2026-08-08T18:09:36.211764+00:00,2026-08-08T18:09:36.211764+00:00,COMPLETED,12,synthetic
590,PR,89,RFQ,RFQ,2026-08-09T18:09:36.211764+00:00,2026-08-19T18:09:36.211764+00:00,COMPLETED,12,synthetic
591,PR,89,ARIBA,Ariba Event,2026-08-20T18:09:36.211764+00:00,,IN_PROGRESS,12,synthetic
592,RR,105,RR_CREATED,RR Created,2026-06-17T04:09:36.211764+00:00,2026-06-17T04:09:36.211764+00:00,COMPLETED,17,synthetic
593,RR,105,DOA,DOA Approval,2026-06-17T04:09:36.211764+00:00,2026-06-19T04:09:36.211764+00:00,COMPLETED,2,synthetic
594,RR,105,MRP,MRP Processing,2026-06-19T04:09:36.211764+00:00,2026-06-22T04:09:36.211764+00:00,COMPLETED,,synthetic
595,PR,90,PR_CREATED,PR Created,2026-06-22T04:09:36.211764+00:00,2026-06-22T04:09:36.211764+00:00,COMPLETED,13,synthetic
596,PR,90,RFQ,RFQ,2026-06-23T04:09:36.211764+00:00,2026-07-03T04:09:36.211764+00:00,COMPLETED,13,synthetic
597,PR,90,PO_CREATED,PO Created,2026-07-04T04:09:36.211764+00:00,2026-07-04T04:09:36.211764+00:00,COMPLETED,13,synthetic
598,RR,106,RR_CREATED,RR Created,2026-05-26T15:09:36.211764+00:00,2026-05-26T15:09:36.211764+00:00,COMPLETED,13,synthetic
599,RR,106,DOA,DOA Approval,2026-05-26T15:09:36.211764+00:00,2026-05-29T15:09:36.211764+00:00,COMPLETED,15,synthetic
600,RR,106,MRP,MRP Processing,2026-05-29T15:09:36.211764+00:00,2026-05-30T15:09:36.211764+00:00,COMPLETED,,synthetic
601,PR,91,PR_CREATED,PR Created,2026-05-30T15:09:36.211764+00:00,2026-05-30T15:09:36.211764+00:00,COMPLETED,24,synthetic
602,PR,91,NFA,NFA Approval,2026-05-31T15:09:36.211764+00:00,2026-06-02T15:09:36.211764+00:00,COMPLETED,3,synthetic
603,PR,91,PO_CREATED,PO Created,2026-06-03T15:09:36.211764+00:00,2026-06-03T15:09:36.211764+00:00,COMPLETED,24,synthetic
604,RR,107,RR_CREATED,RR Created,2026-08-18T13:09:36.211764+00:00,2026-08-18T13:09:36.211764+00:00,COMPLETED,3,synthetic
605,RR,107,DOA,DOA Approval,2026-08-18T13:09:36.211764+00:00,2026-08-20T13:09:36.211764+00:00,COMPLETED,3,synthetic
606,RR,107,MRP,MRP Processing,2026-08-20T13:09:36.211764+00:00,2026-08-22T13:09:36.211764+00:00,COMPLETED,,synthetic
607,PR,92,PR_CREATED,PR Created,2026-08-22T13:09:36.211764+00:00,2026-08-22T13:09:36.211764+00:00,COMPLETED,12,synthetic
608,PR,92,RFQ,RFQ,2026-08-23T13:09:36.211764+00:00,2026-09-20T13:09:36.211764+00:00,COMPLETED,12,synthetic
609,PR,92,NFA,NFA Approval,2026-09-21T13:09:36.211764+00:00,2026-09-24T13:09:36.211764+00:00,COMPLETED,15,synthetic
610,PR,92,PO_CREATED,PO Created,2026-09-25T13:09:36.211764+00:00,2026-09-25T13:09:36.211764+00:00,COMPLETED,12,synthetic
611,RR,108,RR_CREATED,RR Created,2026-06-16T08:09:36.211764+00:00,2026-06-16T08:09:36.211764+00:00,COMPLETED,9,synthetic
612,RR,108,DOA,DOA Approval,2026-06-16T08:09:36.211764+00:00,2026-06-20T08:09:36.211764+00:00,COMPLETED,2,synthetic
613,RR,108,MRP,MRP Processing,2026-06-20T08:09:36.211764+00:00,2026-06-23T08:09:36.211764+00:00,COMPLETED,,synthetic
614,PR,93,PR_CREATED,PR Created,2026-06-23T08:09:36.211764+00:00,2026-06-23T08:09:36.211764+00:00,COMPLETED,13,synthetic
615,PR,93,RFQ,RFQ,2026-06-24T08:09:36.211764+00:00,2026-07-04T08:09:36.211764+00:00,COMPLETED,13,synthetic
616,PR,93,ARIBA,Ariba Event,2026-07-05T08:09:36.211764+00:00,2026-07-31T08:09:36.211764+00:00,COMPLETED,13,synthetic
617,PR,93,AUCTION,Auction,2026-07-31T17:09:36.211764+00:00,2026-07-31T21:09:36.211764+00:00,COMPLETED,13,synthetic
618,PR,93,NFA,NFA Approval,2026-08-01T21:09:36.211764+00:00,2026-08-06T21:09:36.211764+00:00,COMPLETED,15,synthetic
619,RR,109,RR_CREATED,RR Created,2026-03-12T11:09:36.211764+00:00,2026-03-12T11:09:36.211764+00:00,COMPLETED,21,synthetic
620,RR,109,DOA,DOA Approval,2026-03-12T11:09:36.211764+00:00,2026-03-16T11:09:36.211764+00:00,COMPLETED,2,synthetic
621,RR,109,MRP,MRP Processing,2026-03-16T11:09:36.211764+00:00,2026-03-17T11:09:36.211764+00:00,COMPLETED,,synthetic
622,PR,94,PR_CREATED,PR Created,2026-03-17T11:09:36.211764+00:00,2026-03-17T11:09:36.211764+00:00,COMPLETED,24,synthetic
623,PR,94,RFQ,RFQ,2026-03-18T11:09:36.211764+00:00,2026-03-25T11:09:36.211764+00:00,COMPLETED,24,synthetic
624,PR,94,NFA,NFA Approval,2026-03-26T11:09:36.211764+00:00,2026-03-30T11:09:36.211764+00:00,REJECTED,3,synthetic
625,RR,110,RR_CREATED,RR Created,2026-08-13T12:09:36.211764+00:00,2026-08-13T12:09:36.211764+00:00,COMPLETED,3,synthetic
626,RR,110,DOA,DOA Approval,2026-08-13T12:09:36.211764+00:00,2026-08-17T12:09:36.211764+00:00,COMPLETED,2,synthetic
627,RR,110,MRP,MRP Processing,2026-08-17T12:09:36.211764+00:00,2026-08-19T12:09:36.211764+00:00,COMPLETED,,synthetic
628,PR,95,PR_CREATED,PR Created,2026-08-19T12:09:36.211764+00:00,2026-08-19T12:09:36.211764+00:00,COMPLETED,12,synthetic
629,PR,95,NFA,NFA Approval,2026-08-20T12:09:36.211764+00:00,2026-08-24T12:09:36.211764+00:00,COMPLETED,15,synthetic
630,PR,95,PO_CREATED,PO Created,2026-08-25T12:09:36.211764+00:00,2026-08-25T12:09:36.211764+00:00,COMPLETED,12,synthetic
631,RR,111,RR_CREATED,RR Created,2026-01-16T09:09:36.211764+00:00,2026-01-16T09:09:36.211764+00:00,COMPLETED,6,synthetic
632,RR,111,DOA,DOA Approval,2026-01-16T09:09:36.211764+00:00,2026-01-17T09:09:36.211764+00:00,COMPLETED,3,synthetic
633,RR,111,MRP,MRP Processing,2026-01-17T09:09:36.211764+00:00,2026-01-20T09:09:36.211764+00:00,COMPLETED,,synthetic
634,PR,96,PR_CREATED,PR Created,2026-01-20T09:09:36.211764+00:00,2026-01-20T09:09:36.211764+00:00,COMPLETED,12,synthetic
635,PR,96,PO_CREATED,PO Created,2026-01-21T09:09:36.211764+00:00,2026-01-21T09:09:36.211764+00:00,COMPLETED,12,synthetic
636,RR,112,RR_CREATED,RR Created,2026-05-19T13:09:36.211764+00:00,2026-05-19T13:09:36.211764+00:00,COMPLETED,16,synthetic
637,RR,112,DOA,DOA Approval,2026-05-19T13:09:36.211764+00:00,2026-05-20T13:09:36.211764+00:00,COMPLETED,3,synthetic
638,RR,112,MRP,MRP Processing,2026-05-20T13:09:36.211764+00:00,2026-05-23T13:09:36.211764+00:00,COMPLETED,,synthetic
639,PR,97,PR_CREATED,PR Created,2026-05-23T13:09:36.211764+00:00,2026-05-23T13:09:36.211764+00:00,COMPLETED,5,synthetic
640,PR,97,RFQ,RFQ,2026-05-24T13:09:36.211764+00:00,2026-06-02T13:09:36.211764+00:00,COMPLETED,5,synthetic
641,PR,97,NFA,NFA Approval,2026-06-03T13:09:36.211764+00:00,2026-06-05T13:09:36.211764+00:00,COMPLETED,3,synthetic
642,PR,97,PO_CREATED,PO Created,2026-06-06T13:09:36.211764+00:00,2026-06-06T13:09:36.211764+00:00,COMPLETED,5,synthetic
643,RR,113,RR_CREATED,RR Created,2025-12-21T05:09:36.211764+00:00,2025-12-21T05:09:36.211764+00:00,COMPLETED,16,synthetic
644,RR,113,DOA,DOA Approval,2025-12-21T05:09:36.211764+00:00,2025-12-23T05:09:36.211764+00:00,COMPLETED,15,synthetic
645,RR,113,MRP,MRP Processing,2025-12-23T05:09:36.211764+00:00,2025-12-25T05:09:36.211764+00:00,COMPLETED,,synthetic
646,PR,98,PR_CREATED,PR Created,2025-12-25T05:09:36.211764+00:00,2025-12-25T05:09:36.211764+00:00,COMPLETED,24,synthetic
647,PR,98,RFQ,RFQ,2025-12-26T05:09:36.211764+00:00,2026-01-28T05:09:36.211764+00:00,COMPLETED,24,synthetic
648,PR,98,NFA,NFA Approval,2026-01-29T05:09:36.211764+00:00,2026-01-31T05:09:36.211764+00:00,COMPLETED,3,synthetic
649,PR,98,PO_CREATED,PO Created,2026-02-01T05:09:36.211764+00:00,2026-02-01T05:09:36.211764+00:00,COMPLETED,24,synthetic
650,RR,114,RR_CREATED,RR Created,2026-07-22T23:09:36.211764+00:00,2026-07-22T23:09:36.211764+00:00,COMPLETED,13,synthetic
651,RR,114,DOA,DOA Approval,2026-07-22T23:09:36.211764+00:00,,IN_PROGRESS,2,synthetic
652,RR,115,RR_CREATED,RR Created,2026-07-06T14:09:36.211764+00:00,2026-07-06T14:09:36.211764+00:00,COMPLETED,12,synthetic
653,RR,115,DOA,DOA Approval,2026-07-06T14:09:36.211764+00:00,2026-07-09T14:09:36.211764+00:00,COMPLETED,15,synthetic
654,RR,115,MRP,MRP Processing,2026-07-09T14:09:36.211764+00:00,2026-07-11T14:09:36.211764+00:00,COMPLETED,,synthetic
655,PR,99,PR_CREATED,PR Created,2026-07-11T14:09:36.211764+00:00,2026-07-11T14:09:36.211764+00:00,COMPLETED,5,synthetic
656,PR,99,RFQ,RFQ,2026-07-12T14:09:36.211764+00:00,2026-08-11T14:09:36.211764+00:00,COMPLETED,5,synthetic
657,PR,99,NFA,NFA Approval,2026-08-12T14:09:36.211764+00:00,2026-08-14T14:09:36.211764+00:00,COMPLETED,15,synthetic
658,PR,99,PO_CREATED,PO Created,2026-08-15T14:09:36.211764+00:00,2026-08-15T14:09:36.211764+00:00,COMPLETED,5,synthetic
659,RR,116,RR_CREATED,RR Created,2026-04-25T17:09:36.211764+00:00,2026-04-25T17:09:36.211764+00:00,COMPLETED,7,synthetic
660,RR,116,DOA,DOA Approval,2026-04-25T17:09:36.211764+00:00,2026-05-29T17:09:36.211764+00:00,COMPLETED,15,synthetic
661,RR,116,MRP,MRP Processing,2026-05-29T17:09:36.211764+00:00,2026-05-31T17:09:36.211764+00:00,COMPLETED,,synthetic
662,PR,100,PR_CREATED,PR Created,2026-05-31T17:09:36.211764+00:00,2026-05-31T17:09:36.211764+00:00,COMPLETED,24,synthetic
663,PR,100,RFQ,RFQ,2026-06-01T17:09:36.211764+00:00,2026-06-08T17:09:36.211764+00:00,COMPLETED,24,synthetic
664,PR,100,PO_CREATED,PO Created,2026-06-09T17:09:36.211764+00:00,2026-06-09T17:09:36.211764+00:00,COMPLETED,24,synthetic
665,RR,117,RR_CREATED,RR Created,2026-04-25T04:09:36.211764+00:00,2026-04-25T04:09:36.211764+00:00,COMPLETED,11,synthetic
666,RR,117,DOA,DOA Approval,2026-04-25T04:09:36.211764+00:00,2026-04-27T04:09:36.211764+00:00,COMPLETED,2,synthetic
667,RR,117,MRP,MRP Processing,2026-04-27T04:09:36.211764+00:00,2026-04-30T04:09:36.211764+00:00,COMPLETED,,synthetic
668,PR,101,PR_CREATED,PR Created,2026-04-30T04:09:36.211764+00:00,2026-04-30T04:09:36.211764+00:00,COMPLETED,13,synthetic
669,PR,101,NFA,NFA Approval,2026-05-01T04:09:36.211764+00:00,2026-05-06T04:09:36.211764+00:00,COMPLETED,15,synthetic
670,PR,101,PO_CREATED,PO Created,2026-05-07T04:09:36.211764+00:00,2026-05-07T04:09:36.211764+00:00,COMPLETED,13,synthetic
671,RR,118,RR_CREATED,RR Created,2026-04-02T13:09:36.211764+00:00,2026-04-02T13:09:36.211764+00:00,COMPLETED,15,synthetic
672,RR,118,DOA,DOA Approval,2026-04-02T13:09:36.211764+00:00,2026-04-05T13:09:36.211764+00:00,COMPLETED,2,synthetic
673,RR,118,MRP,MRP Processing,2026-04-05T13:09:36.211764+00:00,2026-04-06T13:09:36.211764+00:00,COMPLETED,,synthetic
674,PR,102,PR_CREATED,PR Created,2026-04-06T13:09:36.211764+00:00,2026-04-06T13:09:36.211764+00:00,COMPLETED,5,synthetic
675,PR,102,RFQ,RFQ,2026-04-07T13:09:36.211764+00:00,2026-04-28T13:09:36.211764+00:00,COMPLETED,5,synthetic
676,PR,102,ARIBA,Ariba Event,2026-04-29T13:09:36.211764+00:00,2026-05-05T13:09:36.211764+00:00,COMPLETED,5,synthetic
677,PR,102,AUCTION,Auction,2026-05-05T17:09:36.211764+00:00,2026-05-06T01:09:36.211764+00:00,COMPLETED,5,synthetic
678,PR,102,NFA,NFA Approval,2026-05-07T01:09:36.211764+00:00,2026-05-12T01:09:36.211764+00:00,COMPLETED,3,synthetic
679,PR,102,PO_CREATED,PO Created,2026-05-13T01:09:36.211764+00:00,2026-05-13T01:09:36.211764+00:00,COMPLETED,5,synthetic
680,RR,119,RR_CREATED,RR Created,2026-05-29T12:09:36.211764+00:00,2026-05-29T12:09:36.211764+00:00,COMPLETED,9,synthetic
681,RR,119,DOA,DOA Approval,2026-05-29T12:09:36.211764+00:00,2026-06-02T12:09:36.211764+00:00,COMPLETED,3,synthetic
682,RR,119,MRP,MRP Processing,2026-06-02T12:09:36.211764+00:00,2026-06-04T12:09:36.211764+00:00,COMPLETED,,synthetic
683,PR,103,PR_CREATED,PR Created,2026-06-04T12:09:36.211764+00:00,2026-06-04T12:09:36.211764+00:00,COMPLETED,12,synthetic
684,PR,103,RFQ,RFQ,2026-06-05T12:09:36.211764+00:00,,IN_PROGRESS,12,synthetic
685,RR,120,RR_CREATED,RR Created,2025-12-26T12:09:36.211764+00:00,2025-12-26T12:09:36.211764+00:00,COMPLETED,5,synthetic
686,RR,120,DOA,DOA Approval,2025-12-26T12:09:36.211764+00:00,2025-12-30T12:09:36.211764+00:00,COMPLETED,15,synthetic
687,RR,120,MRP,MRP Processing,2025-12-30T12:09:36.211764+00:00,2026-01-02T12:09:36.211764+00:00,COMPLETED,,synthetic
688,PR,104,PR_CREATED,PR Created,2026-01-02T12:09:36.211764+00:00,2026-01-02T12:09:36.211764+00:00,COMPLETED,12,synthetic
689,PR,104,RFQ,RFQ,2026-01-03T12:09:36.211764+00:00,2026-01-10T12:09:36.211764+00:00,COMPLETED,12,synthetic
690,PR,104,ARIBA,Ariba Event,2026-01-11T12:09:36.211764+00:00,2026-02-10T12:09:36.211764+00:00,COMPLETED,12,synthetic
691,PR,104,AUCTION,Auction,2026-02-10T19:09:36.211764+00:00,2026-02-11T03:09:36.211764+00:00,COMPLETED,12,synthetic
692,PR,104,NFA,NFA Approval,2026-02-12T03:09:36.211764+00:00,2026-02-15T03:09:36.211764+00:00,COMPLETED,3,synthetic
693,PR,104,PO_CREATED,PO Created,2026-02-16T03:09:36.211764+00:00,2026-02-16T03:09:36.211764+00:00,COMPLETED,12,synthetic
694,RR,121,RR_CREATED,RR Created,2026-06-26T02:09:36.211764+00:00,2026-06-26T02:09:36.211764+00:00,COMPLETED,10,synthetic
695,RR,121,DOA,DOA Approval,2026-06-26T02:09:36.211764+00:00,2026-06-29T02:09:36.211764+00:00,COMPLETED,2,synthetic
696,RR,121,MRP,MRP Processing,2026-06-29T02:09:36.211764+00:00,2026-07-21T02:09:36.211764+00:00,COMPLETED,,synthetic
697,PR,105,PR_CREATED,PR Created,2026-07-21T02:09:36.211764+00:00,2026-07-21T02:09:36.211764+00:00,COMPLETED,24,synthetic
698,PR,105,NFA,NFA Approval,2026-07-22T02:09:36.211764+00:00,2026-07-26T02:09:36.211764+00:00,COMPLETED,15,synthetic
699,PR,105,PO_CREATED,PO Created,2026-07-27T02:09:36.211764+00:00,2026-07-27T02:09:36.211764+00:00,COMPLETED,24,synthetic
700,RR,122,RR_CREATED,RR Created,2026-03-23T13:09:36.211764+00:00,2026-03-23T13:09:36.211764+00:00,COMPLETED,24,synthetic
701,RR,122,DOA,DOA Approval,2026-03-23T13:09:36.211764+00:00,2026-03-24T13:09:36.211764+00:00,COMPLETED,2,synthetic
702,RR,122,MRP,MRP Processing,2026-03-24T13:09:36.211764+00:00,2026-03-25T13:09:36.211764+00:00,COMPLETED,,synthetic
703,PR,106,PR_CREATED,PR Created,2026-03-25T13:09:36.211764+00:00,2026-03-25T13:09:36.211764+00:00,COMPLETED,12,synthetic
704,PR,106,RFQ,RFQ,2026-03-26T13:09:36.211764+00:00,2026-03-31T13:09:36.211764+00:00,COMPLETED,12,synthetic
705,PR,106,ARIBA,Ariba Event,2026-04-01T13:09:36.211764+00:00,2026-04-05T13:09:36.211764+00:00,COMPLETED,12,synthetic
706,PR,106,AUCTION,Auction,2026-04-06T08:09:36.211764+00:00,2026-04-06T14:09:36.211764+00:00,COMPLETED,12,synthetic
707,PR,106,NFA,NFA Approval,2026-04-07T14:09:36.211764+00:00,2026-04-12T14:09:36.211764+00:00,COMPLETED,3,synthetic
708,PR,106,PO_CREATED,PO Created,2026-04-13T14:09:36.211764+00:00,2026-04-13T14:09:36.211764+00:00,COMPLETED,12,synthetic
709,RR,123,RR_CREATED,RR Created,2026-06-06T14:09:36.211764+00:00,2026-06-06T14:09:36.211764+00:00,COMPLETED,9,synthetic
710,RR,123,DOA,DOA Approval,2026-06-06T14:09:36.211764+00:00,2026-06-26T14:09:36.211764+00:00,COMPLETED,15,synthetic
711,RR,123,MRP,MRP Processing,2026-06-26T14:09:36.211764+00:00,2026-06-28T14:09:36.211764+00:00,COMPLETED,,synthetic
712,PR,107,PR_CREATED,PR Created,2026-06-28T14:09:36.211764+00:00,2026-06-28T14:09:36.211764+00:00,COMPLETED,12,synthetic
713,PR,107,NFA,NFA Approval,2026-06-29T14:09:36.211764+00:00,2026-07-03T14:09:36.211764+00:00,COMPLETED,3,synthetic
714,PR,107,PO_CREATED,PO Created,2026-07-04T14:09:36.211764+00:00,2026-07-04T14:09:36.211764+00:00,COMPLETED,12,synthetic
715,RR,124,RR_CREATED,RR Created,2025-12-16T12:09:36.211764+00:00,2025-12-16T12:09:36.211764+00:00,COMPLETED,21,synthetic
716,RR,124,DOA,DOA Approval,2025-12-16T12:09:36.211764+00:00,2026-01-17T12:09:36.211764+00:00,COMPLETED,2,synthetic
717,RR,124,MRP,MRP Processing,2026-01-17T12:09:36.211764+00:00,2026-01-18T12:09:36.211764+00:00,COMPLETED,,synthetic
718,PR,108,PR_CREATED,PR Created,2026-01-18T12:09:36.211764+00:00,2026-01-18T12:09:36.211764+00:00,COMPLETED,24,synthetic
719,PR,108,RFQ,RFQ,2026-01-19T12:09:36.211764+00:00,2026-01-29T12:09:36.211764+00:00,COMPLETED,24,synthetic
720,PR,108,PO_CREATED,PO Created,2026-01-30T12:09:36.211764+00:00,2026-01-30T12:09:36.211764+00:00,COMPLETED,24,synthetic
721,RR,125,RR_CREATED,RR Created,2026-08-13T06:09:36.211764+00:00,2026-08-13T06:09:36.211764+00:00,COMPLETED,1,synthetic
722,RR,125,DOA,DOA Approval,2026-08-13T06:09:36.211764+00:00,2026-08-15T06:09:36.211764+00:00,COMPLETED,2,synthetic
723,RR,125,MRP,MRP Processing,2026-08-15T06:09:36.211764+00:00,2026-08-17T06:09:36.211764+00:00,COMPLETED,,synthetic
724,PR,109,PR_CREATED,PR Created,2026-08-17T06:09:36.211764+00:00,2026-08-17T06:09:36.211764+00:00,COMPLETED,13,synthetic
725,PR,109,NFA,NFA Approval,2026-08-18T06:09:36.211764+00:00,2026-08-22T06:09:36.211764+00:00,COMPLETED,3,synthetic
726,PR,109,PO_CREATED,PO Created,2026-08-23T06:09:36.211764+00:00,2026-08-23T06:09:36.211764+00:00,COMPLETED,13,synthetic
727,RR,126,RR_CREATED,RR Created,2025-12-21T16:09:36.211764+00:00,2025-12-21T16:09:36.211764+00:00,COMPLETED,15,synthetic
728,RR,126,DOA,DOA Approval,2025-12-21T16:09:36.211764+00:00,2025-12-25T16:09:36.211764+00:00,COMPLETED,2,synthetic
729,RR,126,MRP,MRP Processing,2025-12-25T16:09:36.211764+00:00,2025-12-28T16:09:36.211764+00:00,COMPLETED,,synthetic
730,PR,110,PR_CREATED,PR Created,2025-12-28T16:09:36.211764+00:00,2025-12-28T16:09:36.211764+00:00,COMPLETED,5,synthetic
731,PR,110,NFA,NFA Approval,2025-12-29T16:09:36.211764+00:00,2026-01-02T16:09:36.211764+00:00,COMPLETED,3,synthetic
732,PR,110,PO_CREATED,PO Created,2026-01-03T16:09:36.211764+00:00,2026-01-03T16:09:36.211764+00:00,COMPLETED,5,synthetic
733,RR,127,RR_CREATED,RR Created,2026-02-21T22:09:36.211764+00:00,2026-02-21T22:09:36.211764+00:00,COMPLETED,2,synthetic
734,RR,127,DOA,DOA Approval,2026-02-21T22:09:36.211764+00:00,2026-02-25T22:09:36.211764+00:00,COMPLETED,2,synthetic
735,RR,127,MRP,MRP Processing,2026-02-25T22:09:36.211764+00:00,2026-02-27T22:09:36.211764+00:00,COMPLETED,,synthetic
736,PR,111,PR_CREATED,PR Created,2026-02-27T22:09:36.211764+00:00,2026-02-27T22:09:36.211764+00:00,COMPLETED,24,synthetic
737,PR,111,NFA,NFA Approval,2026-02-28T22:09:36.211764+00:00,2026-03-03T22:09:36.211764+00:00,COMPLETED,15,synthetic
738,PR,111,PO_CREATED,PO Created,2026-03-04T22:09:36.211764+00:00,2026-03-04T22:09:36.211764+00:00,COMPLETED,24,synthetic
739,RR,128,RR_CREATED,RR Created,2026-01-19T16:09:36.211764+00:00,2026-01-19T16:09:36.211764+00:00,COMPLETED,10,synthetic
740,RR,128,DOA,DOA Approval,2026-01-19T16:09:36.211764+00:00,2026-01-21T16:09:36.211764+00:00,COMPLETED,2,synthetic
741,RR,128,MRP,MRP Processing,2026-01-21T16:09:36.211764+00:00,2026-01-23T16:09:36.211764+00:00,COMPLETED,,synthetic
742,PR,112,PR_CREATED,PR Created,2026-01-23T16:09:36.211764+00:00,2026-01-23T16:09:36.211764+00:00,COMPLETED,24,synthetic
743,PR,112,RFQ,RFQ,2026-01-24T16:09:36.211764+00:00,2026-02-23T16:09:36.211764+00:00,COMPLETED,24,synthetic
744,PR,112,NFA,NFA Approval,2026-02-24T16:09:36.211764+00:00,2026-02-27T16:09:36.211764+00:00,COMPLETED,3,synthetic
745,PR,112,PO_CREATED,PO Created,2026-02-28T16:09:36.211764+00:00,2026-02-28T16:09:36.211764+00:00,COMPLETED,24,synthetic
746,RR,129,RR_CREATED,RR Created,2026-01-24T14:09:36.211764+00:00,2026-01-24T14:09:36.211764+00:00,COMPLETED,18,synthetic
747,RR,129,DOA,DOA Approval,2026-01-24T14:09:36.211764+00:00,2026-01-26T14:09:36.211764+00:00,COMPLETED,2,synthetic
748,RR,129,MRP,MRP Processing,2026-01-26T14:09:36.211764+00:00,2026-01-29T14:09:36.211764+00:00,COMPLETED,,synthetic
749,PR,113,PR_CREATED,PR Created,2026-01-29T14:09:36.211764+00:00,2026-01-29T14:09:36.211764+00:00,COMPLETED,5,synthetic
750,PR,113,RFQ,RFQ,2026-01-30T14:09:36.211764+00:00,2026-03-13T14:09:36.211764+00:00,COMPLETED,5,synthetic
751,PR,113,ARIBA,Ariba Event,2026-03-14T14:09:36.211764+00:00,2026-03-17T14:09:36.211764+00:00,COMPLETED,5,synthetic
752,PR,113,AUCTION,Auction,2026-03-17T18:09:36.211764+00:00,2026-03-17T20:09:36.211764+00:00,COMPLETED,5,synthetic
753,PR,113,PO_CREATED,PO Created,2026-03-18T20:09:36.211764+00:00,2026-03-18T20:09:36.211764+00:00,COMPLETED,5,synthetic
754,RR,130,RR_CREATED,RR Created,2026-05-07T16:09:36.211764+00:00,2026-05-07T16:09:36.211764+00:00,COMPLETED,21,synthetic
755,RR,130,DOA,DOA Approval,2026-05-07T16:09:36.211764+00:00,,IN_PROGRESS,15,synthetic
756,RR,131,RR_CREATED,RR Created,2026-07-25T23:09:36.211764+00:00,2026-07-25T23:09:36.211764+00:00,COMPLETED,11,synthetic
757,RR,131,DOA,DOA Approval,2026-07-25T23:09:36.211764+00:00,2026-07-29T23:09:36.211764+00:00,COMPLETED,2,synthetic
758,RR,131,MRP,MRP Processing,2026-07-29T23:09:36.211764+00:00,2026-07-31T23:09:36.211764+00:00,COMPLETED,,synthetic
759,PR,114,PR_CREATED,PR Created,2026-07-31T23:09:36.211764+00:00,2026-07-31T23:09:36.211764+00:00,COMPLETED,12,synthetic
760,PR,114,RFQ,RFQ,2026-08-01T23:09:36.211764+00:00,2026-08-08T23:09:36.211764+00:00,COMPLETED,12,synthetic
761,PR,114,ARIBA,Ariba Event,2026-08-09T23:09:36.211764+00:00,2026-08-13T23:09:36.211764+00:00,COMPLETED,12,synthetic
762,PR,114,AUCTION,Auction,2026-08-14T09:09:36.211764+00:00,2026-08-14T17:09:36.211764+00:00,COMPLETED,12,synthetic
763,PR,114,NFA,NFA Approval,2026-08-15T17:09:36.211764+00:00,,IN_PROGRESS,15,synthetic
764,RR,132,RR_CREATED,RR Created,2026-01-06T11:09:36.211764+00:00,2026-01-06T11:09:36.211764+00:00,COMPLETED,21,synthetic
765,RR,132,DOA,DOA Approval,2026-01-06T11:09:36.211764+00:00,2026-01-08T11:09:36.211764+00:00,COMPLETED,3,synthetic
766,RR,132,MRP,MRP Processing,2026-01-08T11:09:36.211764+00:00,2026-01-11T11:09:36.211764+00:00,COMPLETED,,synthetic
767,PR,115,PR_CREATED,PR Created,2026-01-11T11:09:36.211764+00:00,2026-01-11T11:09:36.211764+00:00,COMPLETED,12,synthetic
768,PR,115,PO_CREATED,PO Created,2026-01-12T11:09:36.211764+00:00,2026-01-12T11:09:36.211764+00:00,COMPLETED,12,synthetic
769,RR,133,RR_CREATED,RR Created,2026-02-13T21:09:36.211764+00:00,2026-02-13T21:09:36.211764+00:00,COMPLETED,11,synthetic
770,RR,133,DOA,DOA Approval,2026-02-13T21:09:36.211764+00:00,2026-02-15T21:09:36.211764+00:00,COMPLETED,2,synthetic
771,RR,133,MRP,MRP Processing,2026-02-15T21:09:36.211764+00:00,2026-02-17T21:09:36.211764+00:00,COMPLETED,,synthetic
772,PR,116,PR_CREATED,PR Created,2026-02-17T21:09:36.211764+00:00,2026-02-17T21:09:36.211764+00:00,COMPLETED,13,synthetic
773,PR,116,RFQ,RFQ,2026-02-18T21:09:36.211764+00:00,2026-02-27T21:09:36.211764+00:00,COMPLETED,13,synthetic
774,PR,116,NFA,NFA Approval,2026-02-28T21:09:36.211764+00:00,2026-03-02T21:09:36.211764+00:00,COMPLETED,15,synthetic
775,PR,116,PO_CREATED,PO Created,2026-03-03T21:09:36.211764+00:00,2026-03-03T21:09:36.211764+00:00,COMPLETED,13,synthetic
776,RR,134,RR_CREATED,RR Created,2026-04-17T00:09:36.211764+00:00,2026-04-17T00:09:36.211764+00:00,COMPLETED,21,synthetic
777,RR,134,DOA,DOA Approval,2026-04-17T00:09:36.211764+00:00,,IN_PROGRESS,2,synthetic
778,RR,135,RR_CREATED,RR Created,2026-05-30T10:09:36.211764+00:00,2026-05-30T10:09:36.211764+00:00,COMPLETED,19,synthetic
779,RR,135,DOA,DOA Approval,2026-05-30T10:09:36.211764+00:00,2026-06-01T10:09:36.211764+00:00,COMPLETED,2,synthetic
780,RR,135,MRP,MRP Processing,2026-06-01T10:09:36.211764+00:00,2026-06-02T10:09:36.211764+00:00,COMPLETED,,synthetic
781,PR,117,PR_CREATED,PR Created,2026-06-02T10:09:36.211764+00:00,2026-06-02T10:09:36.211764+00:00,COMPLETED,12,synthetic
782,PR,117,NFA,NFA Approval,2026-06-03T10:09:36.211764+00:00,2026-06-06T10:09:36.211764+00:00,COMPLETED,15,synthetic
783,PR,117,PO_CREATED,PO Created,2026-06-07T10:09:36.211764+00:00,2026-06-07T10:09:36.211764+00:00,COMPLETED,12,synthetic
784,RR,136,RR_CREATED,RR Created,2026-07-15T11:09:36.211764+00:00,2026-07-15T11:09:36.211764+00:00,COMPLETED,6,synthetic
785,RR,136,DOA,DOA Approval,2026-07-15T11:09:36.211764+00:00,2026-07-19T11:09:36.211764+00:00,COMPLETED,2,synthetic
786,RR,136,MRP,MRP Processing,2026-07-19T11:09:36.211764+00:00,2026-07-22T11:09:36.211764+00:00,COMPLETED,,synthetic
787,PR,118,PR_CREATED,PR Created,2026-07-22T11:09:36.211764+00:00,2026-07-22T11:09:36.211764+00:00,COMPLETED,24,synthetic
788,PR,118,PO_CREATED,PO Created,2026-07-23T11:09:36.211764+00:00,2026-07-23T11:09:36.211764+00:00,COMPLETED,24,synthetic
789,RR,137,RR_CREATED,RR Created,2026-08-09T15:09:36.211764+00:00,2026-08-09T15:09:36.211764+00:00,COMPLETED,24,synthetic
790,RR,137,DOA,DOA Approval,2026-08-09T15:09:36.211764+00:00,2026-08-11T15:09:36.211764+00:00,COMPLETED,2,synthetic
791,RR,137,MRP,MRP Processing,2026-08-11T15:09:36.211764+00:00,2026-08-13T15:09:36.211764+00:00,COMPLETED,,synthetic
792,PR,119,PR_CREATED,PR Created,2026-08-13T15:09:36.211764+00:00,2026-08-13T15:09:36.211764+00:00,COMPLETED,13,synthetic
793,PR,119,NFA,NFA Approval,2026-08-14T15:09:36.211764+00:00,2026-08-17T15:09:36.211764+00:00,COMPLETED,3,synthetic
794,PR,119,PO_CREATED,PO Created,2026-08-18T15:09:36.211764+00:00,2026-08-18T15:09:36.211764+00:00,COMPLETED,13,synthetic
795,RR,138,RR_CREATED,RR Created,2026-06-10T18:09:36.211764+00:00,2026-06-10T18:09:36.211764+00:00,COMPLETED,7,synthetic
796,RR,138,DOA,DOA Approval,2026-06-10T18:09:36.211764+00:00,2026-06-14T18:09:36.211764+00:00,COMPLETED,2,synthetic
797,RR,138,MRP,MRP Processing,2026-06-14T18:09:36.211764+00:00,2026-06-16T18:09:36.211764+00:00,COMPLETED,,synthetic
798,PR,120,PR_CREATED,PR Created,2026-06-16T18:09:36.211764+00:00,2026-06-16T18:09:36.211764+00:00,COMPLETED,12,synthetic
799,PR,120,RFQ,RFQ,2026-06-17T18:09:36.211764+00:00,,IN_PROGRESS,12,synthetic
800,RR,139,RR_CREATED,RR Created,2026-07-17T10:09:36.211764+00:00,2026-07-17T10:09:36.211764+00:00,COMPLETED,20,synthetic
801,RR,139,DOA,DOA Approval,2026-07-17T10:09:36.211764+00:00,2026-07-21T10:09:36.211764+00:00,COMPLETED,2,synthetic
802,RR,139,MRP,MRP Processing,2026-07-21T10:09:36.211764+00:00,2026-07-22T10:09:36.211764+00:00,COMPLETED,,synthetic
803,PR,121,PR_CREATED,PR Created,2026-07-22T10:09:36.211764+00:00,2026-07-22T10:09:36.211764+00:00,COMPLETED,12,synthetic
804,PR,121,NFA,NFA Approval,2026-07-23T10:09:36.211764+00:00,2026-07-26T10:09:36.211764+00:00,COMPLETED,3,synthetic
805,PR,121,PO_CREATED,PO Created,2026-07-27T10:09:36.211764+00:00,2026-07-27T10:09:36.211764+00:00,COMPLETED,12,synthetic
806,RR,140,RR_CREATED,RR Created,2026-07-23T20:09:36.211764+00:00,2026-07-23T20:09:36.211764+00:00,COMPLETED,14,synthetic
807,RR,140,DOA,DOA Approval,2026-07-23T20:09:36.211764+00:00,2026-07-27T20:09:36.211764+00:00,COMPLETED,2,synthetic
808,RR,140,MRP,MRP Processing,2026-07-27T20:09:36.211764+00:00,2026-07-28T20:09:36.211764+00:00,COMPLETED,,synthetic
809,PR,122,PR_CREATED,PR Created,2026-07-28T20:09:36.211764+00:00,2026-07-28T20:09:36.211764+00:00,COMPLETED,24,synthetic
810,PR,122,RFQ,RFQ,2026-07-29T20:09:36.211764+00:00,2026-08-03T20:09:36.211764+00:00,COMPLETED,24,synthetic
811,PR,122,NFA,NFA Approval,2026-08-04T20:09:36.211764+00:00,2026-08-07T20:09:36.211764+00:00,COMPLETED,3,synthetic
812,PR,122,PO_CREATED,PO Created,2026-08-08T20:09:36.211764+00:00,2026-08-08T20:09:36.211764+00:00,COMPLETED,24,synthetic
813,RR,141,RR_CREATED,RR Created,2025-11-29T14:09:36.211764+00:00,2025-11-29T14:09:36.211764+00:00,COMPLETED,13,synthetic
814,RR,141,DOA,DOA Approval,2025-11-29T14:09:36.211764+00:00,2025-12-01T14:09:36.211764+00:00,COMPLETED,15,synthetic
815,RR,141,MRP,MRP Processing,2025-12-01T14:09:36.211764+00:00,2025-12-02T14:09:36.211764+00:00,COMPLETED,,synthetic
816,PR,123,PR_CREATED,PR Created,2025-12-02T14:09:36.211764+00:00,2025-12-02T14:09:36.211764+00:00,COMPLETED,24,synthetic
817,PR,123,RFQ,RFQ,2025-12-03T14:09:36.211764+00:00,2025-12-09T14:09:36.211764+00:00,COMPLETED,24,synthetic
818,PR,123,PO_CREATED,PO Created,2025-12-10T14:09:36.211764+00:00,2025-12-10T14:09:36.211764+00:00,COMPLETED,24,synthetic
819,RR,142,RR_CREATED,RR Created,2026-02-27T11:09:36.211764+00:00,2026-02-27T11:09:36.211764+00:00,COMPLETED,16,synthetic
820,RR,142,DOA,DOA Approval,2026-02-27T11:09:36.211764+00:00,2026-03-03T11:09:36.211764+00:00,COMPLETED,2,synthetic
821,RR,142,MRP,MRP Processing,2026-03-03T11:09:36.211764+00:00,2026-03-25T11:09:36.211764+00:00,COMPLETED,,synthetic
822,PR,124,PR_CREATED,PR Created,2026-03-25T11:09:36.211764+00:00,2026-03-25T11:09:36.211764+00:00,COMPLETED,13,synthetic
823,PR,124,RFQ,RFQ,2026-03-26T11:09:36.211764+00:00,2026-04-03T11:09:36.211764+00:00,COMPLETED,13,synthetic
824,PR,124,ARIBA,Ariba Event,2026-04-04T11:09:36.211764+00:00,2026-04-07T11:09:36.211764+00:00,COMPLETED,13,synthetic
825,PR,124,AUCTION,Auction,2026-04-08T02:09:36.211764+00:00,2026-04-08T10:09:36.211764+00:00,COMPLETED,13,synthetic
826,PR,124,PO_CREATED,PO Created,2026-04-09T10:09:36.211764+00:00,2026-04-09T10:09:36.211764+00:00,COMPLETED,13,synthetic
827,RR,143,RR_CREATED,RR Created,2026-01-14T09:09:36.211764+00:00,2026-01-14T09:09:36.211764+00:00,COMPLETED,24,synthetic
828,RR,143,DOA,DOA Approval,2026-01-14T09:09:36.211764+00:00,2026-01-15T09:09:36.211764+00:00,COMPLETED,2,synthetic
829,RR,143,MRP,MRP Processing,2026-01-15T09:09:36.211764+00:00,2026-01-18T09:09:36.211764+00:00,COMPLETED,,synthetic
830,PR,125,PR_CREATED,PR Created,2026-01-18T09:09:36.211764+00:00,2026-01-18T09:09:36.211764+00:00,COMPLETED,24,synthetic
831,PR,125,RFQ,RFQ,2026-01-19T09:09:36.211764+00:00,2026-01-24T09:09:36.211764+00:00,COMPLETED,24,synthetic
832,PR,125,NFA,NFA Approval,2026-01-25T09:09:36.211764+00:00,2026-02-22T09:09:36.211764+00:00,COMPLETED,3,synthetic
833,PR,125,PO_CREATED,PO Created,2026-02-23T09:09:36.211764+00:00,2026-02-23T09:09:36.211764+00:00,COMPLETED,24,synthetic
834,RR,144,RR_CREATED,RR Created,2026-06-22T00:09:36.211764+00:00,2026-06-22T00:09:36.211764+00:00,COMPLETED,1,synthetic
835,RR,144,DOA,DOA Approval,2026-06-22T00:09:36.211764+00:00,2026-06-25T00:09:36.211764+00:00,COMPLETED,2,synthetic
836,RR,144,MRP,MRP Processing,2026-06-25T00:09:36.211764+00:00,2026-06-27T00:09:36.211764+00:00,COMPLETED,,synthetic
837,PR,126,PR_CREATED,PR Created,2026-06-27T00:09:36.211764+00:00,2026-06-27T00:09:36.211764+00:00,COMPLETED,13,synthetic
838,PR,126,NFA,NFA Approval,2026-06-28T00:09:36.211764+00:00,2026-07-03T00:09:36.211764+00:00,COMPLETED,3,synthetic
839,PR,126,PO_CREATED,PO Created,2026-07-04T00:09:36.211764+00:00,2026-07-04T00:09:36.211764+00:00,COMPLETED,13,synthetic
840,RR,145,RR_CREATED,RR Created,2026-05-31T03:09:36.211764+00:00,2026-05-31T03:09:36.211764+00:00,COMPLETED,2,synthetic
841,RR,145,DOA,DOA Approval,2026-05-31T03:09:36.211764+00:00,,IN_PROGRESS,2,synthetic
842,RR,146,RR_CREATED,RR Created,2026-04-24T05:09:36.211764+00:00,2026-04-24T05:09:36.211764+00:00,COMPLETED,17,synthetic
843,RR,146,DOA,DOA Approval,2026-04-24T05:09:36.211764+00:00,2026-04-27T05:09:36.211764+00:00,COMPLETED,2,synthetic
844,RR,146,MRP,MRP Processing,2026-04-27T05:09:36.211764+00:00,2026-04-30T05:09:36.211764+00:00,COMPLETED,,synthetic
845,PR,127,PR_CREATED,PR Created,2026-04-30T05:09:36.211764+00:00,2026-04-30T05:09:36.211764+00:00,COMPLETED,24,synthetic
846,PR,127,RFQ,RFQ,2026-05-01T05:09:36.211764+00:00,2026-06-08T05:09:36.211764+00:00,COMPLETED,24,synthetic
847,PR,127,NFA,NFA Approval,2026-06-09T05:09:36.211764+00:00,2026-06-11T05:09:36.211764+00:00,COMPLETED,3,synthetic
848,PR,127,PO_CREATED,PO Created,2026-06-12T05:09:36.211764+00:00,2026-06-12T05:09:36.211764+00:00,COMPLETED,24,synthetic
849,RR,147,RR_CREATED,RR Created,2025-12-02T14:09:36.211764+00:00,2025-12-02T14:09:36.211764+00:00,COMPLETED,16,synthetic
850,RR,147,DOA,DOA Approval,2025-12-02T14:09:36.211764+00:00,2025-12-06T14:09:36.211764+00:00,COMPLETED,15,synthetic
851,RR,147,MRP,MRP Processing,2025-12-06T14:09:36.211764+00:00,2025-12-09T14:09:36.211764+00:00,COMPLETED,,synthetic
852,PR,128,PR_CREATED,PR Created,2025-12-09T14:09:36.211764+00:00,2025-12-09T14:09:36.211764+00:00,COMPLETED,13,synthetic
853,PR,128,RFQ,RFQ,2025-12-10T14:09:36.211764+00:00,2025-12-16T14:09:36.211764+00:00,COMPLETED,13,synthetic
854,PR,128,ARIBA,Ariba Event,2025-12-17T14:09:36.211764+00:00,2025-12-20T14:09:36.211764+00:00,COMPLETED,13,synthetic
855,PR,128,PO_CREATED,PO Created,2025-12-21T14:09:36.211764+00:00,2025-12-21T14:09:36.211764+00:00,COMPLETED,13,synthetic
856,RR,148,RR_CREATED,RR Created,2026-07-22T21:09:36.211764+00:00,2026-07-22T21:09:36.211764+00:00,COMPLETED,4,synthetic
857,RR,148,DOA,DOA Approval,2026-07-22T21:09:36.211764+00:00,2026-07-23T21:09:36.211764+00:00,COMPLETED,2,synthetic
858,RR,148,MRP,MRP Processing,2026-07-23T21:09:36.211764+00:00,2026-07-25T21:09:36.211764+00:00,COMPLETED,,synthetic
859,PR,129,PR_CREATED,PR Created,2026-07-25T21:09:36.211764+00:00,2026-07-25T21:09:36.211764+00:00,COMPLETED,24,synthetic
860,PR,129,RFQ,RFQ,2026-07-26T21:09:36.211764+00:00,2026-08-02T21:09:36.211764+00:00,COMPLETED,24,synthetic
861,PR,129,NFA,NFA Approval,2026-08-03T21:09:36.211764+00:00,2026-08-05T21:09:36.211764+00:00,COMPLETED,15,synthetic
862,PR,129,PO_CREATED,PO Created,2026-08-06T21:09:36.211764+00:00,2026-08-06T21:09:36.211764+00:00,COMPLETED,24,synthetic
863,RR,149,RR_CREATED,RR Created,2026-03-28T19:09:36.211764+00:00,2026-03-28T19:09:36.211764+00:00,COMPLETED,2,synthetic
864,RR,149,DOA,DOA Approval,2026-03-28T19:09:36.211764+00:00,,IN_PROGRESS,15,synthetic
865,RR,150,RR_CREATED,RR Created,2026-05-10T03:09:36.211764+00:00,2026-05-10T03:09:36.211764+00:00,COMPLETED,20,synthetic
866,RR,150,DOA,DOA Approval,2026-05-10T03:09:36.211764+00:00,2026-05-11T03:09:36.211764+00:00,COMPLETED,2,synthetic
867,RR,150,MRP,MRP Processing,2026-05-11T03:09:36.211764+00:00,2026-05-12T03:09:36.211764+00:00,COMPLETED,,synthetic
868,PR,130,PR_CREATED,PR Created,2026-05-12T03:09:36.211764+00:00,2026-05-12T03:09:36.211764+00:00,COMPLETED,5,synthetic
869,PR,130,NFA,NFA Approval,2026-05-13T03:09:36.211764+00:00,2026-05-15T03:09:36.211764+00:00,COMPLETED,15,synthetic
870,PR,130,PO_CREATED,PO Created,2026-05-16T03:09:36.211764+00:00,2026-05-16T03:09:36.211764+00:00,COMPLETED,5,synthetic
871,RR,151,RR_CREATED,RR Created,2026-07-14T20:09:36.211764+00:00,2026-07-14T20:09:36.211764+00:00,COMPLETED,21,synthetic
872,RR,151,DOA,DOA Approval,2026-07-14T20:09:36.211764+00:00,,IN_PROGRESS,15,synthetic
873,RR,152,RR_CREATED,RR Created,2026-06-14T13:09:36.211764+00:00,2026-06-14T13:09:36.211764+00:00,COMPLETED,13,synthetic
874,RR,152,DOA,DOA Approval,2026-06-14T13:09:36.211764+00:00,2026-06-15T13:09:36.211764+00:00,COMPLETED,2,synthetic
875,RR,152,MRP,MRP Processing,2026-06-15T13:09:36.211764+00:00,2026-06-17T13:09:36.211764+00:00,COMPLETED,,synthetic
876,PR,131,PR_CREATED,PR Created,2026-06-17T13:09:36.211764+00:00,2026-06-17T13:09:36.211764+00:00,COMPLETED,12,synthetic
877,PR,131,RFQ,RFQ,2026-06-18T13:09:36.211764+00:00,2026-06-23T13:09:36.211764+00:00,COMPLETED,12,synthetic
878,PR,131,PO_CREATED,PO Created,2026-06-24T13:09:36.211764+00:00,2026-06-24T13:09:36.211764+00:00,COMPLETED,12,synthetic
879,RR,153,RR_CREATED,RR Created,2026-02-13T13:09:36.211764+00:00,2026-02-13T13:09:36.211764+00:00,COMPLETED,6,synthetic
880,RR,153,DOA,DOA Approval,2026-02-13T13:09:36.211764+00:00,2026-02-15T13:09:36.211764+00:00,COMPLETED,2,synthetic
881,RR,153,MRP,MRP Processing,2026-02-15T13:09:36.211764+00:00,2026-02-17T13:09:36.211764+00:00,COMPLETED,,synthetic
882,PR,132,PR_CREATED,PR Created,2026-02-17T13:09:36.211764+00:00,2026-02-17T13:09:36.211764+00:00,COMPLETED,12,synthetic
883,PR,132,NFA,NFA Approval,2026-02-18T13:09:36.211764+00:00,2026-02-21T13:09:36.211764+00:00,COMPLETED,15,synthetic
884,PR,132,PO_CREATED,PO Created,2026-02-22T13:09:36.211764+00:00,2026-02-22T13:09:36.211764+00:00,COMPLETED,12,synthetic
885,RR,154,RR_CREATED,RR Created,2025-12-29T04:09:36.211764+00:00,2025-12-29T04:09:36.211764+00:00,COMPLETED,20,synthetic
886,RR,154,DOA,DOA Approval,2025-12-29T04:09:36.211764+00:00,2025-12-31T04:09:36.211764+00:00,COMPLETED,2,synthetic
887,RR,154,MRP,MRP Processing,2025-12-31T04:09:36.211764+00:00,2026-01-02T04:09:36.211764+00:00,COMPLETED,,synthetic
888,PR,133,PR_CREATED,PR Created,2026-01-02T04:09:36.211764+00:00,2026-01-02T04:09:36.211764+00:00,COMPLETED,12,synthetic
889,PR,133,RFQ,RFQ,2026-01-03T04:09:36.211764+00:00,2026-02-14T04:09:36.211764+00:00,COMPLETED,12,synthetic
890,PR,133,PO_CREATED,PO Created,2026-02-15T04:09:36.211764+00:00,2026-02-15T04:09:36.211764+00:00,COMPLETED,12,synthetic
891,RR,155,RR_CREATED,RR Created,2026-01-12T14:09:36.211764+00:00,2026-01-12T14:09:36.211764+00:00,COMPLETED,24,synthetic
892,RR,155,DOA,DOA Approval,2026-01-12T14:09:36.211764+00:00,2026-02-01T14:09:36.211764+00:00,COMPLETED,2,synthetic
893,RR,155,MRP,MRP Processing,2026-02-01T14:09:36.211764+00:00,2026-02-03T14:09:36.211764+00:00,COMPLETED,,synthetic
894,PR,134,PR_CREATED,PR Created,2026-02-03T14:09:36.211764+00:00,2026-02-03T14:09:36.211764+00:00,COMPLETED,12,synthetic
895,PR,134,RFQ,RFQ,2026-02-04T14:09:36.211764+00:00,2026-02-12T14:09:36.211764+00:00,COMPLETED,12,synthetic
896,PR,134,NFA,NFA Approval,2026-02-13T14:09:36.211764+00:00,2026-02-15T14:09:36.211764+00:00,COMPLETED,15,synthetic
897,PR,134,PO_CREATED,PO Created,2026-02-16T14:09:36.211764+00:00,2026-02-16T14:09:36.211764+00:00,COMPLETED,12,synthetic
898,RR,156,RR_CREATED,RR Created,2026-06-08T04:09:36.211764+00:00,2026-06-08T04:09:36.211764+00:00,COMPLETED,20,synthetic
899,RR,156,DOA,DOA Approval,2026-06-08T04:09:36.211764+00:00,2026-06-10T04:09:36.211764+00:00,REJECTED,2,synthetic
900,RR,157,RR_CREATED,RR Created,2026-05-05T01:09:36.211764+00:00,2026-05-05T01:09:36.211764+00:00,COMPLETED,4,synthetic
901,RR,157,DOA,DOA Approval,2026-05-05T01:09:36.211764+00:00,2026-05-07T01:09:36.211764+00:00,COMPLETED,2,synthetic
902,RR,157,MRP,MRP Processing,2026-05-07T01:09:36.211764+00:00,2026-05-08T01:09:36.211764+00:00,COMPLETED,,synthetic
903,PR,135,PR_CREATED,PR Created,2026-05-08T01:09:36.211764+00:00,2026-05-08T01:09:36.211764+00:00,COMPLETED,24,synthetic
904,PR,135,RFQ,RFQ,2026-05-09T01:09:36.211764+00:00,2026-05-14T01:09:36.211764+00:00,COMPLETED,24,synthetic
905,PR,135,PO_CREATED,PO Created,2026-05-15T01:09:36.211764+00:00,2026-05-15T01:09:36.211764+00:00,COMPLETED,24,synthetic
906,RR,158,RR_CREATED,RR Created,2025-12-12T20:09:36.211764+00:00,2025-12-12T20:09:36.211764+00:00,COMPLETED,17,synthetic
907,RR,158,DOA,DOA Approval,2025-12-12T20:09:36.211764+00:00,2025-12-14T20:09:36.211764+00:00,COMPLETED,2,synthetic
908,RR,158,MRP,MRP Processing,2025-12-14T20:09:36.211764+00:00,2025-12-15T20:09:36.211764+00:00,COMPLETED,,synthetic
909,PR,136,PR_CREATED,PR Created,2025-12-15T20:09:36.211764+00:00,2025-12-15T20:09:36.211764+00:00,COMPLETED,5,synthetic
910,PR,136,RFQ,RFQ,2025-12-16T20:09:36.211764+00:00,2026-01-08T20:09:36.211764+00:00,COMPLETED,5,synthetic
911,PR,136,ARIBA,Ariba Event,2026-01-09T20:09:36.211764+00:00,2026-01-15T20:09:36.211764+00:00,COMPLETED,5,synthetic
912,PR,136,AUCTION,Auction,2026-01-16T07:09:36.211764+00:00,2026-01-16T09:09:36.211764+00:00,COMPLETED,5,synthetic
913,PR,136,NFA,NFA Approval,2026-01-17T09:09:36.211764+00:00,2026-01-22T09:09:36.211764+00:00,COMPLETED,15,synthetic
914,PR,136,PO_CREATED,PO Created,2026-01-23T09:09:36.211764+00:00,2026-01-23T09:09:36.211764+00:00,COMPLETED,5,synthetic
915,RR,159,RR_CREATED,RR Created,2025-12-28T15:09:36.211764+00:00,2025-12-28T15:09:36.211764+00:00,COMPLETED,11,synthetic
916,RR,159,DOA,DOA Approval,2025-12-28T15:09:36.211764+00:00,2026-01-01T15:09:36.211764+00:00,COMPLETED,2,synthetic
917,RR,159,MRP,MRP Processing,2026-01-01T15:09:36.211764+00:00,2026-01-03T15:09:36.211764+00:00,COMPLETED,,synthetic
918,PR,137,PR_CREATED,PR Created,2026-01-03T15:09:36.211764+00:00,2026-01-03T15:09:36.211764+00:00,COMPLETED,24,synthetic
919,PR,137,RFQ,RFQ,2026-01-04T15:09:36.211764+00:00,2026-01-14T15:09:36.211764+00:00,COMPLETED,24,synthetic
920,PR,137,NFA,NFA Approval,2026-01-15T15:09:36.211764+00:00,2026-01-20T15:09:36.211764+00:00,COMPLETED,15,synthetic
921,PR,137,PO_CREATED,PO Created,2026-01-21T15:09:36.211764+00:00,2026-01-21T15:09:36.211764+00:00,COMPLETED,24,synthetic
922,RR,160,RR_CREATED,RR Created,2026-07-04T20:09:36.211764+00:00,2026-07-04T20:09:36.211764+00:00,COMPLETED,12,synthetic
923,RR,160,DOA,DOA Approval,2026-07-04T20:09:36.211764+00:00,2026-07-05T20:09:36.211764+00:00,COMPLETED,15,synthetic
924,RR,160,MRP,MRP Processing,2026-07-05T20:09:36.211764+00:00,2026-07-07T20:09:36.211764+00:00,COMPLETED,,synthetic
925,PR,138,PR_CREATED,PR Created,2026-07-07T20:09:36.211764+00:00,2026-07-07T20:09:36.211764+00:00,COMPLETED,5,synthetic
926,PR,138,NFA,NFA Approval,2026-07-08T20:09:36.211764+00:00,2026-07-10T20:09:36.211764+00:00,COMPLETED,15,synthetic
927,PR,138,PO_CREATED,PO Created,2026-07-11T20:09:36.211764+00:00,2026-07-11T20:09:36.211764+00:00,COMPLETED,5,synthetic
928,RR,161,RR_CREATED,RR Created,2025-12-03T12:09:36.211764+00:00,2025-12-03T12:09:36.211764+00:00,COMPLETED,3,synthetic
929,RR,161,DOA,DOA Approval,2025-12-03T12:09:36.211764+00:00,2025-12-06T12:09:36.211764+00:00,COMPLETED,2,synthetic
930,RR,161,MRP,MRP Processing,2025-12-06T12:09:36.211764+00:00,2025-12-08T12:09:36.211764+00:00,COMPLETED,,synthetic
931,PR,139,PR_CREATED,PR Created,2025-12-08T12:09:36.211764+00:00,2025-12-08T12:09:36.211764+00:00,COMPLETED,24,synthetic
932,PR,139,RFQ,RFQ,2025-12-09T12:09:36.211764+00:00,2025-12-16T12:09:36.211764+00:00,COMPLETED,24,synthetic
933,PR,139,ARIBA,Ariba Event,2025-12-17T12:09:36.211764+00:00,2025-12-22T12:09:36.211764+00:00,COMPLETED,24,synthetic
934,PR,139,AUCTION,Auction,2025-12-23T03:09:36.211764+00:00,2025-12-23T06:09:36.211764+00:00,COMPLETED,24,synthetic
935,PR,139,NFA,NFA Approval,2025-12-24T06:09:36.211764+00:00,2025-12-28T06:09:36.211764+00:00,COMPLETED,15,synthetic
936,PR,139,PO_CREATED,PO Created,2025-12-29T06:09:36.211764+00:00,2025-12-29T06:09:36.211764+00:00,COMPLETED,24,synthetic
937,RR,162,RR_CREATED,RR Created,2025-11-29T07:09:36.211764+00:00,2025-11-29T07:09:36.211764+00:00,COMPLETED,8,synthetic
938,RR,162,DOA,DOA Approval,2025-11-29T07:09:36.211764+00:00,2025-11-30T07:09:36.211764+00:00,COMPLETED,2,synthetic
939,RR,162,MRP,MRP Processing,2025-11-30T07:09:36.211764+00:00,2025-12-03T07:09:36.211764+00:00,COMPLETED,,synthetic
940,PR,140,PR_CREATED,PR Created,2025-12-03T07:09:36.211764+00:00,2025-12-03T07:09:36.211764+00:00,COMPLETED,12,synthetic
941,PR,140,NFA,NFA Approval,2025-12-04T07:09:36.211764+00:00,2025-12-09T07:09:36.211764+00:00,COMPLETED,15,synthetic
942,PR,140,PO_CREATED,PO Created,2025-12-10T07:09:36.211764+00:00,2025-12-10T07:09:36.211764+00:00,COMPLETED,12,synthetic
943,RR,163,RR_CREATED,RR Created,2025-12-31T07:09:36.211764+00:00,2025-12-31T07:09:36.211764+00:00,COMPLETED,6,synthetic
944,RR,163,DOA,DOA Approval,2025-12-31T07:09:36.211764+00:00,2026-01-01T07:09:36.211764+00:00,COMPLETED,15,synthetic
945,RR,163,MRP,MRP Processing,2026-01-01T07:09:36.211764+00:00,2026-01-04T07:09:36.211764+00:00,COMPLETED,,synthetic
946,PR,141,PR_CREATED,PR Created,2026-01-04T07:09:36.211764+00:00,2026-01-04T07:09:36.211764+00:00,COMPLETED,5,synthetic
947,PR,141,PO_CREATED,PO Created,2026-01-05T07:09:36.211764+00:00,2026-01-05T07:09:36.211764+00:00,COMPLETED,5,synthetic
948,RR,164,RR_CREATED,RR Created,2026-07-23T02:09:36.211764+00:00,2026-07-23T02:09:36.211764+00:00,COMPLETED,18,synthetic
949,RR,164,DOA,DOA Approval,2026-07-23T02:09:36.211764+00:00,2026-07-27T02:09:36.211764+00:00,COMPLETED,15,synthetic
950,RR,164,MRP,MRP Processing,2026-07-27T02:09:36.211764+00:00,2026-07-29T02:09:36.211764+00:00,COMPLETED,,synthetic
951,PR,142,PR_CREATED,PR Created,2026-07-29T02:09:36.211764+00:00,2026-07-29T02:09:36.211764+00:00,COMPLETED,12,synthetic
952,PR,142,RFQ,RFQ,2026-07-30T02:09:36.211764+00:00,,IN_PROGRESS,12,synthetic
953,RR,165,RR_CREATED,RR Created,2026-07-23T12:09:36.211764+00:00,2026-07-23T12:09:36.211764+00:00,COMPLETED,4,synthetic
954,RR,165,DOA,DOA Approval,2026-07-23T12:09:36.211764+00:00,2026-07-24T12:09:36.211764+00:00,COMPLETED,2,synthetic
955,RR,165,MRP,MRP Processing,2026-07-24T12:09:36.211764+00:00,2026-07-26T12:09:36.211764+00:00,COMPLETED,,synthetic
956,PR,143,PR_CREATED,PR Created,2026-07-26T12:09:36.211764+00:00,2026-07-26T12:09:36.211764+00:00,COMPLETED,24,synthetic
957,PR,143,RFQ,RFQ,2026-07-27T12:09:36.211764+00:00,2026-08-05T12:09:36.211764+00:00,COMPLETED,24,synthetic
958,PR,143,PO_CREATED,PO Created,2026-08-06T12:09:36.211764+00:00,2026-08-06T12:09:36.211764+00:00,COMPLETED,24,synthetic
959,RR,166,RR_CREATED,RR Created,2026-04-26T11:09:36.211764+00:00,2026-04-26T11:09:36.211764+00:00,COMPLETED,1,synthetic
960,RR,166,DOA,DOA Approval,2026-04-26T11:09:36.211764+00:00,2026-04-30T11:09:36.211764+00:00,COMPLETED,3,synthetic
961,RR,166,MRP,MRP Processing,2026-04-30T11:09:36.211764+00:00,2026-05-03T11:09:36.211764+00:00,COMPLETED,,synthetic
962,PR,144,PR_CREATED,PR Created,2026-05-03T11:09:36.211764+00:00,2026-05-03T11:09:36.211764+00:00,COMPLETED,13,synthetic
963,PR,144,RFQ,RFQ,2026-05-04T11:09:36.211764+00:00,2026-05-12T11:09:36.211764+00:00,COMPLETED,13,synthetic
964,PR,144,ARIBA,Ariba Event,2026-05-13T11:09:36.211764+00:00,2026-05-17T11:09:36.211764+00:00,COMPLETED,13,synthetic
965,PR,144,AUCTION,Auction,2026-05-18T00:09:36.211764+00:00,2026-05-18T04:09:36.211764+00:00,COMPLETED,13,synthetic
966,PR,144,NFA,NFA Approval,2026-05-19T04:09:36.211764+00:00,2026-05-22T04:09:36.211764+00:00,COMPLETED,15,synthetic
967,PR,144,PO_CREATED,PO Created,2026-05-23T04:09:36.211764+00:00,2026-05-23T04:09:36.211764+00:00,COMPLETED,13,synthetic
968,RR,167,RR_CREATED,RR Created,2026-01-13T20:09:36.211764+00:00,2026-01-13T20:09:36.211764+00:00,COMPLETED,12,synthetic
969,RR,167,DOA,DOA Approval,2026-01-13T20:09:36.211764+00:00,2026-01-15T20:09:36.211764+00:00,COMPLETED,2,synthetic
970,RR,167,MRP,MRP Processing,2026-01-15T20:09:36.211764+00:00,2026-02-07T20:09:36.211764+00:00,COMPLETED,,synthetic
971,PR,145,PR_CREATED,PR Created,2026-02-07T20:09:36.211764+00:00,2026-02-07T20:09:36.211764+00:00,COMPLETED,24,synthetic
972,PR,145,RFQ,RFQ,2026-02-08T20:09:36.211764+00:00,2026-02-17T20:09:36.211764+00:00,COMPLETED,24,synthetic
973,PR,145,ARIBA,Ariba Event,2026-02-18T20:09:36.211764+00:00,2026-02-24T20:09:36.211764+00:00,COMPLETED,24,synthetic
974,PR,145,PO_CREATED,PO Created,2026-02-25T20:09:36.211764+00:00,2026-02-25T20:09:36.211764+00:00,COMPLETED,24,synthetic
975,RR,168,RR_CREATED,RR Created,2026-01-12T03:09:36.211764+00:00,2026-01-12T03:09:36.211764+00:00,COMPLETED,20,synthetic
976,RR,168,DOA,DOA Approval,2026-01-12T03:09:36.211764+00:00,2026-01-15T03:09:36.211764+00:00,COMPLETED,3,synthetic
977,RR,168,MRP,MRP Processing,2026-01-15T03:09:36.211764+00:00,2026-01-18T03:09:36.211764+00:00,COMPLETED,,synthetic
978,PR,146,PR_CREATED,PR Created,2026-01-18T03:09:36.211764+00:00,2026-01-18T03:09:36.211764+00:00,COMPLETED,13,synthetic
979,PR,146,RFQ,RFQ,2026-01-19T03:09:36.211764+00:00,2026-01-29T03:09:36.211764+00:00,COMPLETED,13,synthetic
980,PR,146,PO_CREATED,PO Created,2026-01-30T03:09:36.211764+00:00,2026-01-30T03:09:36.211764+00:00,COMPLETED,13,synthetic
981,RR,169,RR_CREATED,RR Created,2026-07-23T14:09:36.211764+00:00,2026-07-23T14:09:36.211764+00:00,COMPLETED,14,synthetic
982,RR,169,DOA,DOA Approval,2026-07-23T14:09:36.211764+00:00,2026-07-26T14:09:36.211764+00:00,COMPLETED,2,synthetic
983,RR,169,MRP,MRP Processing,2026-07-26T14:09:36.211764+00:00,2026-07-29T14:09:36.211764+00:00,COMPLETED,,synthetic
984,PR,147,PR_CREATED,PR Created,2026-07-29T14:09:36.211764+00:00,2026-07-29T14:09:36.211764+00:00,COMPLETED,5,synthetic
985,PR,147,NFA,NFA Approval,2026-07-30T14:09:36.211764+00:00,2026-08-04T14:09:36.211764+00:00,COMPLETED,15,synthetic
986,PR,147,PO_CREATED,PO Created,2026-08-05T14:09:36.211764+00:00,2026-08-05T14:09:36.211764+00:00,COMPLETED,5,synthetic
987,RR,170,RR_CREATED,RR Created,2026-07-02T11:09:36.211764+00:00,2026-07-02T11:09:36.211764+00:00,COMPLETED,4,synthetic
988,RR,170,DOA,DOA Approval,2026-07-02T11:09:36.211764+00:00,2026-07-04T11:09:36.211764+00:00,COMPLETED,3,synthetic
989,RR,170,MRP,MRP Processing,2026-07-04T11:09:36.211764+00:00,2026-07-21T11:09:36.211764+00:00,COMPLETED,,synthetic
990,PR,148,PR_CREATED,PR Created,2026-07-21T11:09:36.211764+00:00,2026-07-21T11:09:36.211764+00:00,COMPLETED,5,synthetic
991,PR,148,RFQ,RFQ,2026-07-22T11:09:36.211764+00:00,2026-07-31T11:09:36.211764+00:00,COMPLETED,5,synthetic
992,PR,148,PO_CREATED,PO Created,2026-08-01T11:09:36.211764+00:00,2026-08-01T11:09:36.211764+00:00,COMPLETED,5,synthetic
993,RR,171,RR_CREATED,RR Created,2025-12-26T03:09:36.211764+00:00,2025-12-26T03:09:36.211764+00:00,COMPLETED,5,synthetic
994,RR,171,DOA,DOA Approval,2025-12-26T03:09:36.211764+00:00,2025-12-27T03:09:36.211764+00:00,COMPLETED,2,synthetic
995,RR,171,MRP,MRP Processing,2025-12-27T03:09:36.211764+00:00,2025-12-30T03:09:36.211764+00:00,COMPLETED,,synthetic
996,PR,149,PR_CREATED,PR Created,2025-12-30T03:09:36.211764+00:00,2025-12-30T03:09:36.211764+00:00,COMPLETED,5,synthetic
997,PR,149,RFQ,RFQ,2025-12-31T03:09:36.211764+00:00,2026-01-21T03:09:36.211764+00:00,COMPLETED,5,synthetic
998,PR,149,PO_CREATED,PO Created,2026-01-22T03:09:36.211764+00:00,2026-01-22T03:09:36.211764+00:00,COMPLETED,5,synthetic
999,RR,172,RR_CREATED,RR Created,2026-07-28T17:09:36.211764+00:00,2026-07-28T17:09:36.211764+00:00,COMPLETED,21,synthetic
1000,RR,172,DOA,DOA Approval,2026-07-28T17:09:36.211764+00:00,2026-07-30T17:09:36.211764+00:00,COMPLETED,2,synthetic
1001,RR,172,MRP,MRP Processing,2026-07-30T17:09:36.211764+00:00,2026-07-31T17:09:36.211764+00:00,COMPLETED,,synthetic
1002,PR,150,PR_CREATED,PR Created,2026-07-31T17:09:36.211764+00:00,2026-07-31T17:09:36.211764+00:00,COMPLETED,5,synthetic
1003,PR,150,PO_CREATED,PO Created,2026-08-01T17:09:36.211764+00:00,2026-08-01T17:09:36.211764+00:00,COMPLETED,5,synthetic
1004,RR,173,RR_CREATED,RR Created,2026-05-27T14:09:36.211764+00:00,2026-05-27T14:09:36.211764+00:00,COMPLETED,2,synthetic
1005,RR,173,DOA,DOA Approval,2026-05-27T14:09:36.211764+00:00,,IN_PROGRESS,2,synthetic
1006,RR,174,RR_CREATED,RR Created,2026-02-22T21:09:36.211764+00:00,2026-02-22T21:09:36.211764+00:00,COMPLETED,12,synthetic
1007,RR,174,DOA,DOA Approval,2026-02-22T21:09:36.211764+00:00,2026-02-23T21:09:36.211764+00:00,COMPLETED,2,synthetic
1008,RR,174,MRP,MRP Processing,2026-02-23T21:09:36.211764+00:00,2026-02-24T21:09:36.211764+00:00,COMPLETED,,synthetic
1009,PR,151,PR_CREATED,PR Created,2026-02-24T21:09:36.211764+00:00,2026-02-24T21:09:36.211764+00:00,COMPLETED,12,synthetic
1010,PR,151,RFQ,RFQ,2026-02-25T21:09:36.211764+00:00,2026-03-07T21:09:36.211764+00:00,COMPLETED,12,synthetic
1011,PR,151,NFA,NFA Approval,2026-03-08T21:09:36.211764+00:00,2026-03-11T21:09:36.211764+00:00,COMPLETED,3,synthetic
1012,PR,151,PO_CREATED,PO Created,2026-03-12T21:09:36.211764+00:00,2026-03-12T21:09:36.211764+00:00,COMPLETED,12,synthetic
1013,RR,175,RR_CREATED,RR Created,2025-12-25T22:09:36.211764+00:00,2025-12-25T22:09:36.211764+00:00,COMPLETED,1,synthetic
1014,RR,175,DOA,DOA Approval,2025-12-25T22:09:36.211764+00:00,2025-12-27T22:09:36.211764+00:00,REJECTED,3,synthetic
1015,RR,176,RR_CREATED,RR Created,2025-12-26T03:09:36.211764+00:00,2025-12-26T03:09:36.211764+00:00,COMPLETED,10,synthetic
1016,RR,176,DOA,DOA Approval,2025-12-26T03:09:36.211764+00:00,2026-01-22T03:09:36.211764+00:00,COMPLETED,3,synthetic
1017,RR,176,MRP,MRP Processing,2026-01-22T03:09:36.211764+00:00,2026-01-23T03:09:36.211764+00:00,COMPLETED,,synthetic
1018,PR,152,PR_CREATED,PR Created,2026-01-23T03:09:36.211764+00:00,2026-01-23T03:09:36.211764+00:00,COMPLETED,12,synthetic
1019,PR,152,RFQ,RFQ,2026-01-24T03:09:36.211764+00:00,2026-01-29T03:09:36.211764+00:00,COMPLETED,12,synthetic
1020,PR,152,NFA,NFA Approval,2026-01-30T03:09:36.211764+00:00,2026-02-04T03:09:36.211764+00:00,COMPLETED,3,synthetic
1021,PR,152,PO_CREATED,PO Created,2026-02-05T03:09:36.211764+00:00,2026-02-05T03:09:36.211764+00:00,COMPLETED,12,synthetic
1022,RR,177,RR_CREATED,RR Created,2026-04-04T10:09:36.211764+00:00,2026-04-04T10:09:36.211764+00:00,COMPLETED,18,synthetic
1023,RR,177,DOA,DOA Approval,2026-04-04T10:09:36.211764+00:00,2026-04-07T10:09:36.211764+00:00,COMPLETED,3,synthetic
1024,RR,177,MRP,MRP Processing,2026-04-07T10:09:36.211764+00:00,2026-04-24T10:09:36.211764+00:00,COMPLETED,,synthetic
1025,PR,153,PR_CREATED,PR Created,2026-04-24T10:09:36.211764+00:00,2026-04-24T10:09:36.211764+00:00,COMPLETED,12,synthetic
1026,PR,153,RFQ,RFQ,2026-04-25T10:09:36.211764+00:00,2026-05-01T10:09:36.211764+00:00,COMPLETED,12,synthetic
1027,PR,153,ARIBA,Ariba Event,2026-05-02T10:09:36.211764+00:00,2026-05-08T10:09:36.211764+00:00,COMPLETED,12,synthetic
1028,PR,153,NFA,NFA Approval,2026-05-09T10:09:36.211764+00:00,2026-05-13T10:09:36.211764+00:00,COMPLETED,15,synthetic
1029,PR,153,PO_CREATED,PO Created,2026-05-14T10:09:36.211764+00:00,2026-05-14T10:09:36.211764+00:00,COMPLETED,12,synthetic
1030,RR,178,RR_CREATED,RR Created,2026-07-13T11:09:36.211764+00:00,2026-07-13T11:09:36.211764+00:00,COMPLETED,23,synthetic
1031,RR,178,DOA,DOA Approval,2026-07-13T11:09:36.211764+00:00,2026-07-17T11:09:36.211764+00:00,COMPLETED,2,synthetic
1032,RR,178,MRP,MRP Processing,2026-07-17T11:09:36.211764+00:00,2026-07-19T11:09:36.211764+00:00,COMPLETED,,synthetic
1033,PR,154,PR_CREATED,PR Created,2026-07-19T11:09:36.211764+00:00,2026-07-19T11:09:36.211764+00:00,COMPLETED,13,synthetic
1034,PR,154,RFQ,RFQ,2026-07-20T11:09:36.211764+00:00,,IN_PROGRESS,13,synthetic
1035,RR,179,RR_CREATED,RR Created,2025-12-01T00:09:36.211764+00:00,2025-12-01T00:09:36.211764+00:00,COMPLETED,1,synthetic
1036,RR,179,DOA,DOA Approval,2025-12-01T00:09:36.211764+00:00,2025-12-05T00:09:36.211764+00:00,REJECTED,3,synthetic
1037,RR,180,RR_CREATED,RR Created,2026-08-09T04:09:36.211764+00:00,2026-08-09T04:09:36.211764+00:00,COMPLETED,14,synthetic
1038,RR,180,DOA,DOA Approval,2026-08-09T04:09:36.211764+00:00,2026-08-10T04:09:36.211764+00:00,COMPLETED,2,synthetic
1039,RR,180,MRP,MRP Processing,2026-08-10T04:09:36.211764+00:00,2026-08-13T04:09:36.211764+00:00,COMPLETED,,synthetic
1040,PR,155,PR_CREATED,PR Created,2026-08-13T04:09:36.211764+00:00,2026-08-13T04:09:36.211764+00:00,COMPLETED,13,synthetic
1041,PR,155,RFQ,RFQ,2026-08-14T04:09:36.211764+00:00,2026-08-21T04:09:36.211764+00:00,COMPLETED,13,synthetic
1042,PR,155,ARIBA,Ariba Event,2026-08-22T04:09:36.211764+00:00,,IN_PROGRESS,13,synthetic
1043,RR,181,RR_CREATED,RR Created,2026-08-16T18:09:36.211764+00:00,2026-08-16T18:09:36.211764+00:00,COMPLETED,13,synthetic
1044,RR,181,DOA,DOA Approval,2026-08-16T18:09:36.211764+00:00,,IN_PROGRESS,3,synthetic
1045,RR,182,RR_CREATED,RR Created,2026-05-02T13:09:36.211764+00:00,2026-05-02T13:09:36.211764+00:00,COMPLETED,12,synthetic
1046,RR,182,DOA,DOA Approval,2026-05-02T13:09:36.211764+00:00,2026-05-03T13:09:36.211764+00:00,COMPLETED,2,synthetic
1047,RR,182,MRP,MRP Processing,2026-05-03T13:09:36.211764+00:00,2026-05-05T13:09:36.211764+00:00,COMPLETED,,synthetic
1048,PR,156,PR_CREATED,PR Created,2026-05-05T13:09:36.211764+00:00,2026-05-05T13:09:36.211764+00:00,COMPLETED,24,synthetic
1049,PR,156,RFQ,RFQ,2026-05-06T13:09:36.211764+00:00,2026-05-11T13:09:36.211764+00:00,COMPLETED,24,synthetic
1050,PR,156,PO_CREATED,PO Created,2026-05-12T13:09:36.211764+00:00,2026-05-12T13:09:36.211764+00:00,COMPLETED,24,synthetic
1051,RR,183,RR_CREATED,RR Created,2025-12-30T13:09:36.211764+00:00,2025-12-30T13:09:36.211764+00:00,COMPLETED,6,synthetic
1052,RR,183,DOA,DOA Approval,2025-12-30T13:09:36.211764+00:00,2026-01-03T13:09:36.211764+00:00,COMPLETED,3,synthetic
1053,RR,183,MRP,MRP Processing,2026-01-03T13:09:36.211764+00:00,2026-01-05T13:09:36.211764+00:00,COMPLETED,,synthetic
1054,PR,157,PR_CREATED,PR Created,2026-01-05T13:09:36.211764+00:00,2026-01-05T13:09:36.211764+00:00,COMPLETED,12,synthetic
1055,PR,157,RFQ,RFQ,2026-01-06T13:09:36.211764+00:00,2026-01-13T13:09:36.211764+00:00,COMPLETED,12,synthetic
1056,PR,157,ARIBA,Ariba Event,2026-01-14T13:09:36.211764+00:00,2026-01-17T13:09:36.211764+00:00,COMPLETED,12,synthetic
1057,PR,157,AUCTION,Auction,2026-01-17T17:09:36.211764+00:00,2026-01-18T00:09:36.211764+00:00,COMPLETED,12,synthetic
1058,PR,157,PO_CREATED,PO Created,2026-01-19T00:09:36.211764+00:00,2026-01-19T00:09:36.211764+00:00,COMPLETED,12,synthetic
1059,RR,184,RR_CREATED,RR Created,2026-05-05T14:09:36.211764+00:00,2026-05-05T14:09:36.211764+00:00,COMPLETED,22,synthetic
1060,RR,184,DOA,DOA Approval,2026-05-05T14:09:36.211764+00:00,2026-05-09T14:09:36.211764+00:00,COMPLETED,3,synthetic
1061,RR,184,MRP,MRP Processing,2026-05-09T14:09:36.211764+00:00,2026-05-12T14:09:36.211764+00:00,COMPLETED,,synthetic
1062,PR,158,PR_CREATED,PR Created,2026-05-12T14:09:36.211764+00:00,2026-05-12T14:09:36.211764+00:00,COMPLETED,13,synthetic
1063,PR,158,RFQ,RFQ,2026-05-13T14:09:36.211764+00:00,2026-05-22T14:09:36.211764+00:00,COMPLETED,13,synthetic
1064,PR,158,PO_CREATED,PO Created,2026-05-23T14:09:36.211764+00:00,2026-05-23T14:09:36.211764+00:00,COMPLETED,13,synthetic
1065,RR,185,RR_CREATED,RR Created,2026-01-16T23:09:36.211764+00:00,2026-01-16T23:09:36.211764+00:00,COMPLETED,14,synthetic
1066,RR,185,DOA,DOA Approval,2026-01-16T23:09:36.211764+00:00,2026-01-20T23:09:36.211764+00:00,COMPLETED,15,synthetic
1067,RR,185,MRP,MRP Processing,2026-01-20T23:09:36.211764+00:00,2026-02-11T23:09:36.211764+00:00,COMPLETED,,synthetic
1068,PR,159,PR_CREATED,PR Created,2026-02-11T23:09:36.211764+00:00,2026-02-11T23:09:36.211764+00:00,COMPLETED,24,synthetic
1069,PR,159,RFQ,RFQ,2026-02-12T23:09:36.211764+00:00,2026-02-21T23:09:36.211764+00:00,COMPLETED,24,synthetic
1070,PR,159,NFA,NFA Approval,2026-02-22T23:09:36.211764+00:00,2026-02-27T23:09:36.211764+00:00,COMPLETED,15,synthetic
1071,PR,159,PO_CREATED,PO Created,2026-02-28T23:09:36.211764+00:00,2026-02-28T23:09:36.211764+00:00,COMPLETED,24,synthetic
1072,RR,186,RR_CREATED,RR Created,2026-06-16T09:09:36.211764+00:00,2026-06-16T09:09:36.211764+00:00,COMPLETED,19,synthetic
1073,RR,186,DOA,DOA Approval,2026-06-16T09:09:36.211764+00:00,2026-06-20T09:09:36.211764+00:00,COMPLETED,2,synthetic
1074,RR,186,MRP,MRP Processing,2026-06-20T09:09:36.211764+00:00,2026-06-21T09:09:36.211764+00:00,COMPLETED,,synthetic
1075,PR,160,PR_CREATED,PR Created,2026-06-21T09:09:36.211764+00:00,2026-06-21T09:09:36.211764+00:00,COMPLETED,24,synthetic
1076,PR,160,RFQ,RFQ,2026-06-22T09:09:36.211764+00:00,2026-06-27T09:09:36.211764+00:00,COMPLETED,24,synthetic
1077,PR,160,NFA,NFA Approval,2026-06-28T09:09:36.211764+00:00,2026-06-30T09:09:36.211764+00:00,COMPLETED,15,synthetic
1078,RR,187,RR_CREATED,RR Created,2026-07-15T09:09:36.211764+00:00,2026-07-15T09:09:36.211764+00:00,COMPLETED,11,synthetic
1079,RR,187,DOA,DOA Approval,2026-07-15T09:09:36.211764+00:00,2026-07-19T09:09:36.211764+00:00,COMPLETED,2,synthetic
1080,RR,187,MRP,MRP Processing,2026-07-19T09:09:36.211764+00:00,2026-07-21T09:09:36.211764+00:00,COMPLETED,,synthetic
1081,PR,161,PR_CREATED,PR Created,2026-07-21T09:09:36.211764+00:00,2026-07-21T09:09:36.211764+00:00,COMPLETED,5,synthetic
1082,PR,161,RFQ,RFQ,2026-07-22T09:09:36.211764+00:00,2026-07-28T09:09:36.211764+00:00,COMPLETED,5,synthetic
1083,PR,161,NFA,NFA Approval,2026-07-29T09:09:36.211764+00:00,2026-08-03T09:09:36.211764+00:00,COMPLETED,3,synthetic
1084,PR,161,PO_CREATED,PO Created,2026-08-04T09:09:36.211764+00:00,2026-08-04T09:09:36.211764+00:00,COMPLETED,5,synthetic
1085,RR,188,RR_CREATED,RR Created,2026-04-28T03:09:36.211764+00:00,2026-04-28T03:09:36.211764+00:00,COMPLETED,6,synthetic
1086,RR,188,DOA,DOA Approval,2026-04-28T03:09:36.211764+00:00,2026-05-01T03:09:36.211764+00:00,COMPLETED,2,synthetic
1087,RR,188,MRP,MRP Processing,2026-05-01T03:09:36.211764+00:00,2026-05-02T03:09:36.211764+00:00,COMPLETED,,synthetic
1088,PR,162,PR_CREATED,PR Created,2026-05-02T03:09:36.211764+00:00,2026-05-02T03:09:36.211764+00:00,COMPLETED,5,synthetic
1089,PR,162,RFQ,RFQ,2026-05-03T03:09:36.211764+00:00,2026-05-10T03:09:36.211764+00:00,COMPLETED,5,synthetic
1090,PR,162,PO_CREATED,PO Created,2026-05-11T03:09:36.211764+00:00,2026-05-11T03:09:36.211764+00:00,COMPLETED,5,synthetic
1091,RR,189,RR_CREATED,RR Created,2025-12-09T18:09:36.211764+00:00,2025-12-09T18:09:36.211764+00:00,COMPLETED,4,synthetic
1092,RR,189,DOA,DOA Approval,2025-12-09T18:09:36.211764+00:00,2025-12-11T18:09:36.211764+00:00,COMPLETED,2,synthetic
1093,RR,189,MRP,MRP Processing,2025-12-11T18:09:36.211764+00:00,2025-12-13T18:09:36.211764+00:00,COMPLETED,,synthetic
1094,PR,163,PR_CREATED,PR Created,2025-12-13T18:09:36.211764+00:00,2025-12-13T18:09:36.211764+00:00,COMPLETED,5,synthetic
1095,PR,163,RFQ,RFQ,2025-12-14T18:09:36.211764+00:00,2025-12-19T18:09:36.211764+00:00,COMPLETED,5,synthetic
1096,PR,163,ARIBA,Ariba Event,2025-12-20T18:09:36.211764+00:00,2025-12-23T18:09:36.211764+00:00,COMPLETED,5,synthetic
1097,PR,163,PO_CREATED,PO Created,2025-12-24T18:09:36.211764+00:00,2025-12-24T18:09:36.211764+00:00,COMPLETED,5,synthetic
1098,RR,190,RR_CREATED,RR Created,2026-02-25T09:09:36.211764+00:00,2026-02-25T09:09:36.211764+00:00,COMPLETED,21,synthetic
1099,RR,190,DOA,DOA Approval,2026-02-25T09:09:36.211764+00:00,2026-03-01T09:09:36.211764+00:00,COMPLETED,15,synthetic
1100,RR,190,MRP,MRP Processing,2026-03-01T09:09:36.211764+00:00,2026-03-02T09:09:36.211764+00:00,COMPLETED,,synthetic
1101,PR,164,PR_CREATED,PR Created,2026-03-02T09:09:36.211764+00:00,2026-03-02T09:09:36.211764+00:00,COMPLETED,13,synthetic
1102,PR,164,RFQ,RFQ,2026-03-03T09:09:36.211764+00:00,2026-03-10T09:09:36.211764+00:00,COMPLETED,13,synthetic
1103,PR,164,NFA,NFA Approval,2026-03-11T09:09:36.211764+00:00,2026-03-16T09:09:36.211764+00:00,COMPLETED,3,synthetic
1104,RR,191,RR_CREATED,RR Created,2026-05-18T14:09:36.211764+00:00,2026-05-18T14:09:36.211764+00:00,COMPLETED,9,synthetic
1105,RR,191,DOA,DOA Approval,2026-05-18T14:09:36.211764+00:00,2026-05-20T14:09:36.211764+00:00,COMPLETED,2,synthetic
1106,RR,191,MRP,MRP Processing,2026-05-20T14:09:36.211764+00:00,2026-05-22T14:09:36.211764+00:00,COMPLETED,,synthetic
1107,PR,165,PR_CREATED,PR Created,2026-05-22T14:09:36.211764+00:00,2026-05-22T14:09:36.211764+00:00,COMPLETED,13,synthetic
1108,PR,165,RFQ,RFQ,2026-05-23T14:09:36.211764+00:00,2026-05-29T14:09:36.211764+00:00,COMPLETED,13,synthetic
1109,PR,165,NFA,NFA Approval,2026-05-30T14:09:36.211764+00:00,2026-06-23T14:09:36.211764+00:00,COMPLETED,15,synthetic
1110,PR,165,PO_CREATED,PO Created,2026-06-24T14:09:36.211764+00:00,2026-06-24T14:09:36.211764+00:00,COMPLETED,13,synthetic
1111,RR,192,RR_CREATED,RR Created,2025-11-28T21:09:36.211764+00:00,2025-11-28T21:09:36.211764+00:00,COMPLETED,10,synthetic
1112,RR,192,DOA,DOA Approval,2025-11-28T21:09:36.211764+00:00,2025-11-30T21:09:36.211764+00:00,COMPLETED,3,synthetic
1113,RR,192,MRP,MRP Processing,2025-11-30T21:09:36.211764+00:00,2025-12-02T21:09:36.211764+00:00,COMPLETED,,synthetic
1114,PR,166,PR_CREATED,PR Created,2025-12-02T21:09:36.211764+00:00,2025-12-02T21:09:36.211764+00:00,COMPLETED,24,synthetic
1115,PR,166,RFQ,RFQ,2025-12-03T21:09:36.211764+00:00,2026-01-11T21:09:36.211764+00:00,COMPLETED,24,synthetic
1116,PR,166,ARIBA,Ariba Event,2026-01-12T21:09:36.211764+00:00,2026-01-18T21:09:36.211764+00:00,COMPLETED,24,synthetic
1117,PR,166,AUCTION,Auction,2026-01-19T00:09:36.211764+00:00,2026-01-19T08:09:36.211764+00:00,COMPLETED,24,synthetic
1118,PR,166,PO_CREATED,PO Created,2026-01-20T08:09:36.211764+00:00,2026-01-20T08:09:36.211764+00:00,COMPLETED,24,synthetic
1119,RR,193,RR_CREATED,RR Created,2026-06-09T04:09:36.211764+00:00,2026-06-09T04:09:36.211764+00:00,COMPLETED,7,synthetic
1120,RR,193,DOA,DOA Approval,2026-06-09T04:09:36.211764+00:00,2026-06-26T04:09:36.211764+00:00,COMPLETED,3,synthetic
1121,RR,193,MRP,MRP Processing,2026-06-26T04:09:36.211764+00:00,2026-06-29T04:09:36.211764+00:00,COMPLETED,,synthetic
1122,PR,167,PR_CREATED,PR Created,2026-06-29T04:09:36.211764+00:00,2026-06-29T04:09:36.211764+00:00,COMPLETED,5,synthetic
1123,PR,167,RFQ,RFQ,2026-06-30T04:09:36.211764+00:00,2026-07-08T04:09:36.211764+00:00,COMPLETED,5,synthetic
1124,PR,167,PO_CREATED,PO Created,2026-07-09T04:09:36.211764+00:00,2026-07-09T04:09:36.211764+00:00,COMPLETED,5,synthetic
1125,RR,194,RR_CREATED,RR Created,2026-05-31T04:09:36.211764+00:00,2026-05-31T04:09:36.211764+00:00,COMPLETED,9,synthetic
1126,RR,194,DOA,DOA Approval,2026-05-31T04:09:36.211764+00:00,2026-06-03T04:09:36.211764+00:00,COMPLETED,15,synthetic
1127,RR,194,MRP,MRP Processing,2026-06-03T04:09:36.211764+00:00,2026-06-06T04:09:36.211764+00:00,COMPLETED,,synthetic
1128,PR,168,PR_CREATED,PR Created,2026-06-06T04:09:36.211764+00:00,2026-06-06T04:09:36.211764+00:00,COMPLETED,13,synthetic
1129,PR,168,RFQ,RFQ,2026-06-07T04:09:36.211764+00:00,2026-06-16T04:09:36.211764+00:00,COMPLETED,13,synthetic
1130,PR,168,ARIBA,Ariba Event,2026-06-17T04:09:36.211764+00:00,2026-06-22T04:09:36.211764+00:00,COMPLETED,13,synthetic
1131,PR,168,AUCTION,Auction,2026-06-22T23:09:36.211764+00:00,2026-06-23T02:09:36.211764+00:00,COMPLETED,13,synthetic
1132,PR,168,NFA,NFA Approval,2026-06-24T02:09:36.211764+00:00,2026-06-29T02:09:36.211764+00:00,COMPLETED,3,synthetic
1133,PR,168,PO_CREATED,PO Created,2026-06-30T02:09:36.211764+00:00,2026-06-30T02:09:36.211764+00:00,COMPLETED,13,synthetic
1134,RR,195,RR_CREATED,RR Created,2026-02-20T12:09:36.211764+00:00,2026-02-20T12:09:36.211764+00:00,COMPLETED,17,synthetic
1135,RR,195,DOA,DOA Approval,2026-02-20T12:09:36.211764+00:00,2026-02-21T12:09:36.211764+00:00,COMPLETED,2,synthetic
1136,RR,195,MRP,MRP Processing,2026-02-21T12:09:36.211764+00:00,2026-02-22T12:09:36.211764+00:00,COMPLETED,,synthetic
1137,PR,169,PR_CREATED,PR Created,2026-02-22T12:09:36.211764+00:00,2026-02-22T12:09:36.211764+00:00,COMPLETED,24,synthetic
1138,PR,169,RFQ,RFQ,2026-02-23T12:09:36.211764+00:00,2026-03-02T12:09:36.211764+00:00,COMPLETED,24,synthetic
1139,PR,169,NFA,NFA Approval,2026-03-03T12:09:36.211764+00:00,2026-03-07T12:09:36.211764+00:00,REJECTED,15,synthetic
1140,RR,196,RR_CREATED,RR Created,2026-08-24T01:09:36.211764+00:00,2026-08-24T01:09:36.211764+00:00,COMPLETED,21,synthetic
1141,RR,196,DOA,DOA Approval,2026-08-24T01:09:36.211764+00:00,,IN_PROGRESS,2,synthetic
1142,RR,197,RR_CREATED,RR Created,2026-02-23T06:09:36.211764+00:00,2026-02-23T06:09:36.211764+00:00,COMPLETED,5,synthetic
1143,RR,197,DOA,DOA Approval,2026-02-23T06:09:36.211764+00:00,2026-02-26T06:09:36.211764+00:00,COMPLETED,15,synthetic
1144,RR,197,MRP,MRP Processing,2026-02-26T06:09:36.211764+00:00,2026-02-28T06:09:36.211764+00:00,COMPLETED,,synthetic
1145,PR,170,PR_CREATED,PR Created,2026-02-28T06:09:36.211764+00:00,2026-02-28T06:09:36.211764+00:00,COMPLETED,5,synthetic
1146,PR,170,RFQ,RFQ,2026-03-01T06:09:36.211764+00:00,2026-03-08T06:09:36.211764+00:00,COMPLETED,5,synthetic
1147,PR,170,ARIBA,Ariba Event,2026-03-09T06:09:36.211764+00:00,2026-03-12T06:09:36.211764+00:00,COMPLETED,5,synthetic
1148,PR,170,PO_CREATED,PO Created,2026-03-13T06:09:36.211764+00:00,2026-03-13T06:09:36.211764+00:00,COMPLETED,5,synthetic
1149,RR,198,RR_CREATED,RR Created,2026-02-17T11:09:36.211764+00:00,2026-02-17T11:09:36.211764+00:00,COMPLETED,16,synthetic
1150,RR,198,DOA,DOA Approval,2026-02-17T11:09:36.211764+00:00,2026-03-10T11:09:36.211764+00:00,COMPLETED,2,synthetic
1151,RR,198,MRP,MRP Processing,2026-03-10T11:09:36.211764+00:00,2026-03-12T11:09:36.211764+00:00,COMPLETED,,synthetic
1152,PR,171,PR_CREATED,PR Created,2026-03-12T11:09:36.211764+00:00,2026-03-12T11:09:36.211764+00:00,COMPLETED,13,synthetic
1153,PR,171,RFQ,RFQ,2026-03-13T11:09:36.211764+00:00,2026-03-18T11:09:36.211764+00:00,COMPLETED,13,synthetic
1154,PR,171,ARIBA,Ariba Event,2026-03-19T11:09:36.211764+00:00,2026-03-25T11:09:36.211764+00:00,COMPLETED,13,synthetic
1155,PR,171,AUCTION,Auction,2026-03-25T21:09:36.211764+00:00,2026-03-26T05:09:36.211764+00:00,COMPLETED,13,synthetic
1156,PR,171,NFA,NFA Approval,2026-03-27T05:09:36.211764+00:00,2026-03-29T05:09:36.211764+00:00,COMPLETED,3,synthetic
1157,PR,171,PO_CREATED,PO Created,2026-03-30T05:09:36.211764+00:00,2026-03-30T05:09:36.211764+00:00,COMPLETED,13,synthetic
1158,RR,199,RR_CREATED,RR Created,2026-08-19T00:09:36.211764+00:00,2026-08-19T00:09:36.211764+00:00,COMPLETED,12,synthetic
1159,RR,199,DOA,DOA Approval,2026-08-19T00:09:36.211764+00:00,2026-08-20T00:09:36.211764+00:00,COMPLETED,2,synthetic
1160,RR,199,MRP,MRP Processing,2026-08-20T00:09:36.211764+00:00,2026-08-22T00:09:36.211764+00:00,COMPLETED,,synthetic
1161,PR,172,PR_CREATED,PR Created,2026-08-22T00:09:36.211764+00:00,2026-08-22T00:09:36.211764+00:00,COMPLETED,13,synthetic
1162,PR,172,RFQ,RFQ,2026-08-23T00:09:36.211764+00:00,2026-08-31T00:09:36.211764+00:00,COMPLETED,13,synthetic
1163,PR,172,PO_CREATED,PO Created,2026-09-01T00:09:36.211764+00:00,2026-09-01T00:09:36.211764+00:00,COMPLETED,13,synthetic
1164,RR,200,RR_CREATED,RR Created,2026-07-07T01:09:36.211764+00:00,2026-07-07T01:09:36.211764+00:00,COMPLETED,11,synthetic
1165,RR,200,DOA,DOA Approval,2026-07-07T01:09:36.211764+00:00,2026-07-08T01:09:36.211764+00:00,COMPLETED,15,synthetic
1166,RR,200,MRP,MRP Processing,2026-07-08T01:09:36.211764+00:00,2026-07-11T01:09:36.211764+00:00,COMPLETED,,synthetic
1167,PR,173,PR_CREATED,PR Created,2026-07-11T01:09:36.211764+00:00,2026-07-11T01:09:36.211764+00:00,COMPLETED,5,synthetic
1168,PR,173,NFA,NFA Approval,2026-07-12T01:09:36.211764+00:00,2026-07-16T01:09:36.211764+00:00,COMPLETED,3,synthetic
1169,PR,173,PO_CREATED,PO Created,2026-07-17T01:09:36.211764+00:00,2026-07-17T01:09:36.211764+00:00,COMPLETED,5,synthetic
1170,RR,201,RR_CREATED,RR Created,2026-07-22T10:09:36.211764+00:00,2026-07-22T10:09:36.211764+00:00,COMPLETED,12,synthetic
1171,RR,201,DOA,DOA Approval,2026-07-22T10:09:36.211764+00:00,2026-07-26T10:09:36.211764+00:00,COMPLETED,3,synthetic
1172,RR,201,MRP,MRP Processing,2026-07-26T10:09:36.211764+00:00,2026-07-27T10:09:36.211764+00:00,COMPLETED,,synthetic
1173,PR,174,PR_CREATED,PR Created,2026-07-27T10:09:36.211764+00:00,2026-07-27T10:09:36.211764+00:00,COMPLETED,12,synthetic
1174,PR,174,RFQ,RFQ,2026-07-28T10:09:36.211764+00:00,2026-08-04T10:09:36.211764+00:00,COMPLETED,12,synthetic
1175,PR,174,ARIBA,Ariba Event,2026-08-05T10:09:36.211764+00:00,2026-08-08T10:09:36.211764+00:00,COMPLETED,12,synthetic
1176,PR,174,AUCTION,Auction,2026-08-08T19:09:36.211764+00:00,2026-08-08T22:09:36.211764+00:00,COMPLETED,12,synthetic
1177,PR,174,PO_CREATED,PO Created,2026-08-09T22:09:36.211764+00:00,2026-08-09T22:09:36.211764+00:00,COMPLETED,12,synthetic
1178,RR,202,RR_CREATED,RR Created,2026-07-21T08:09:36.211764+00:00,2026-07-21T08:09:36.211764+00:00,COMPLETED,20,synthetic
1179,RR,202,DOA,DOA Approval,2026-07-21T08:09:36.211764+00:00,2026-07-24T08:09:36.211764+00:00,COMPLETED,3,synthetic
1180,RR,202,MRP,MRP Processing,2026-07-24T08:09:36.211764+00:00,2026-07-26T08:09:36.211764+00:00,COMPLETED,,synthetic
1181,PR,175,PR_CREATED,PR Created,2026-07-26T08:09:36.211764+00:00,2026-07-26T08:09:36.211764+00:00,COMPLETED,24,synthetic
1182,PR,175,RFQ,RFQ,2026-07-27T08:09:36.211764+00:00,,IN_PROGRESS,24,synthetic
1183,RR,203,RR_CREATED,RR Created,2026-04-20T20:09:36.211764+00:00,2026-04-20T20:09:36.211764+00:00,COMPLETED,10,synthetic
1184,RR,203,DOA,DOA Approval,2026-04-20T20:09:36.211764+00:00,2026-04-22T20:09:36.211764+00:00,COMPLETED,3,synthetic
1185,RR,203,MRP,MRP Processing,2026-04-22T20:09:36.211764+00:00,2026-04-23T20:09:36.211764+00:00,COMPLETED,,synthetic
1186,PR,176,PR_CREATED,PR Created,2026-04-23T20:09:36.211764+00:00,2026-04-23T20:09:36.211764+00:00,COMPLETED,12,synthetic
1187,PR,176,RFQ,RFQ,2026-04-24T20:09:36.211764+00:00,,IN_PROGRESS,12,synthetic
1188,RR,204,RR_CREATED,RR Created,2026-04-28T05:09:36.211764+00:00,2026-04-28T05:09:36.211764+00:00,COMPLETED,21,synthetic
1189,RR,204,DOA,DOA Approval,2026-04-28T05:09:36.211764+00:00,2026-04-29T05:09:36.211764+00:00,COMPLETED,2,synthetic
1190,RR,204,MRP,MRP Processing,2026-04-29T05:09:36.211764+00:00,2026-05-02T05:09:36.211764+00:00,COMPLETED,,synthetic
1191,PR,177,PR_CREATED,PR Created,2026-05-02T05:09:36.211764+00:00,2026-05-02T05:09:36.211764+00:00,COMPLETED,5,synthetic
1192,PR,177,RFQ,RFQ,2026-05-03T05:09:36.211764+00:00,2026-05-13T05:09:36.211764+00:00,COMPLETED,5,synthetic
1193,PR,177,ARIBA,Ariba Event,2026-05-14T05:09:36.211764+00:00,2026-05-19T05:09:36.211764+00:00,COMPLETED,5,synthetic
1194,PR,177,AUCTION,Auction,2026-05-19T23:09:36.211764+00:00,2026-05-20T07:09:36.211764+00:00,COMPLETED,5,synthetic
1195,PR,177,PO_CREATED,PO Created,2026-05-21T07:09:36.211764+00:00,2026-05-21T07:09:36.211764+00:00,COMPLETED,5,synthetic
1196,RR,205,RR_CREATED,RR Created,2026-02-21T05:09:36.211764+00:00,2026-02-21T05:09:36.211764+00:00,COMPLETED,18,synthetic
1197,RR,205,DOA,DOA Approval,2026-02-21T05:09:36.211764+00:00,2026-03-17T05:09:36.211764+00:00,COMPLETED,2,synthetic
1198,RR,205,MRP,MRP Processing,2026-03-17T05:09:36.211764+00:00,2026-03-19T05:09:36.211764+00:00,COMPLETED,,synthetic
1199,PR,178,PR_CREATED,PR Created,2026-03-19T05:09:36.211764+00:00,2026-03-19T05:09:36.211764+00:00,COMPLETED,5,synthetic
1200,PR,178,RFQ,RFQ,2026-03-20T05:09:36.211764+00:00,2026-03-25T05:09:36.211764+00:00,COMPLETED,5,synthetic
1201,PR,178,NFA,NFA Approval,2026-03-26T05:09:36.211764+00:00,2026-03-29T05:09:36.211764+00:00,COMPLETED,15,synthetic
1202,PR,178,PO_CREATED,PO Created,2026-03-30T05:09:36.211764+00:00,2026-03-30T05:09:36.211764+00:00,COMPLETED,5,synthetic
1203,RR,206,RR_CREATED,RR Created,2026-04-13T04:09:36.211764+00:00,2026-04-13T04:09:36.211764+00:00,COMPLETED,10,synthetic
1204,RR,206,DOA,DOA Approval,2026-04-13T04:09:36.211764+00:00,2026-04-17T04:09:36.211764+00:00,COMPLETED,3,synthetic
1205,RR,206,MRP,MRP Processing,2026-04-17T04:09:36.211764+00:00,2026-04-18T04:09:36.211764+00:00,COMPLETED,,synthetic
1206,PR,179,PR_CREATED,PR Created,2026-04-18T04:09:36.211764+00:00,2026-04-18T04:09:36.211764+00:00,COMPLETED,13,synthetic
1207,PR,179,RFQ,RFQ,2026-04-19T04:09:36.211764+00:00,2026-04-25T04:09:36.211764+00:00,COMPLETED,13,synthetic
1208,PR,179,ARIBA,Ariba Event,2026-04-26T04:09:36.211764+00:00,2026-06-02T04:09:36.211764+00:00,COMPLETED,13,synthetic
1209,PR,179,AUCTION,Auction,2026-06-02T08:09:36.211764+00:00,2026-06-02T12:09:36.211764+00:00,COMPLETED,13,synthetic
1210,PR,179,NFA,NFA Approval,2026-06-03T12:09:36.211764+00:00,2026-06-08T12:09:36.211764+00:00,COMPLETED,3,synthetic
1211,PR,179,PO_CREATED,PO Created,2026-06-09T12:09:36.211764+00:00,2026-06-09T12:09:36.211764+00:00,COMPLETED,13,synthetic
1212,RR,207,RR_CREATED,RR Created,2026-01-27T03:09:36.211764+00:00,2026-01-27T03:09:36.211764+00:00,COMPLETED,20,synthetic
1213,RR,207,DOA,DOA Approval,2026-01-27T03:09:36.211764+00:00,2026-01-29T03:09:36.211764+00:00,COMPLETED,2,synthetic
1214,RR,207,MRP,MRP Processing,2026-01-29T03:09:36.211764+00:00,2026-01-31T03:09:36.211764+00:00,COMPLETED,,synthetic
1215,PR,180,PR_CREATED,PR Created,2026-01-31T03:09:36.211764+00:00,2026-01-31T03:09:36.211764+00:00,COMPLETED,13,synthetic
1216,PR,180,RFQ,RFQ,2026-02-01T03:09:36.211764+00:00,2026-02-09T03:09:36.211764+00:00,COMPLETED,13,synthetic
1217,PR,180,PO_CREATED,PO Created,2026-02-10T03:09:36.211764+00:00,2026-02-10T03:09:36.211764+00:00,COMPLETED,13,synthetic
1218,RR,208,RR_CREATED,RR Created,2026-04-17T00:09:36.211764+00:00,2026-04-17T00:09:36.211764+00:00,COMPLETED,14,synthetic
1219,RR,208,DOA,DOA Approval,2026-04-17T00:09:36.211764+00:00,2026-04-18T00:09:36.211764+00:00,COMPLETED,2,synthetic
1220,RR,208,MRP,MRP Processing,2026-04-18T00:09:36.211764+00:00,2026-04-20T00:09:36.211764+00:00,COMPLETED,,synthetic
1221,PR,181,PR_CREATED,PR Created,2026-04-20T00:09:36.211764+00:00,2026-04-20T00:09:36.211764+00:00,COMPLETED,12,synthetic
1222,PR,181,RFQ,RFQ,2026-04-21T00:09:36.211764+00:00,,IN_PROGRESS,12,synthetic
1223,RR,209,RR_CREATED,RR Created,2025-12-16T14:09:36.211764+00:00,2025-12-16T14:09:36.211764+00:00,COMPLETED,22,synthetic
1224,RR,209,DOA,DOA Approval,2025-12-16T14:09:36.211764+00:00,2025-12-18T14:09:36.211764+00:00,COMPLETED,3,synthetic
1225,RR,209,MRP,MRP Processing,2025-12-18T14:09:36.211764+00:00,2025-12-20T14:09:36.211764+00:00,COMPLETED,,synthetic
1226,PR,182,PR_CREATED,PR Created,2025-12-20T14:09:36.211764+00:00,2025-12-20T14:09:36.211764+00:00,COMPLETED,5,synthetic
1227,PR,182,PO_CREATED,PO Created,2025-12-21T14:09:36.211764+00:00,2025-12-21T14:09:36.211764+00:00,COMPLETED,5,synthetic
1228,RR,210,RR_CREATED,RR Created,2026-03-17T00:09:36.211764+00:00,2026-03-17T00:09:36.211764+00:00,COMPLETED,23,synthetic
1229,RR,210,DOA,DOA Approval,2026-03-17T00:09:36.211764+00:00,2026-03-21T00:09:36.211764+00:00,COMPLETED,2,synthetic
1230,RR,210,MRP,MRP Processing,2026-03-21T00:09:36.211764+00:00,2026-04-03T00:09:36.211764+00:00,COMPLETED,,synthetic
1231,PR,183,PR_CREATED,PR Created,2026-04-03T00:09:36.211764+00:00,2026-04-03T00:09:36.211764+00:00,COMPLETED,12,synthetic
1232,PR,183,RFQ,RFQ,2026-04-04T00:09:36.211764+00:00,2026-04-11T00:09:36.211764+00:00,COMPLETED,12,synthetic
1233,PR,183,NFA,NFA Approval,2026-04-12T00:09:36.211764+00:00,2026-04-16T00:09:36.211764+00:00,COMPLETED,3,synthetic
1234,PR,183,PO_CREATED,PO Created,2026-04-17T00:09:36.211764+00:00,2026-04-17T00:09:36.211764+00:00,COMPLETED,12,synthetic
1235,RR,211,RR_CREATED,RR Created,2026-01-24T16:09:36.211764+00:00,2026-01-24T16:09:36.211764+00:00,COMPLETED,4,synthetic
1236,RR,211,DOA,DOA Approval,2026-01-24T16:09:36.211764+00:00,2026-02-08T16:09:36.211764+00:00,COMPLETED,2,synthetic
1237,RR,211,MRP,MRP Processing,2026-02-08T16:09:36.211764+00:00,2026-02-10T16:09:36.211764+00:00,COMPLETED,,synthetic
1238,PR,184,PR_CREATED,PR Created,2026-02-10T16:09:36.211764+00:00,2026-02-10T16:09:36.211764+00:00,COMPLETED,24,synthetic
1239,PR,184,PO_CREATED,PO Created,2026-02-11T16:09:36.211764+00:00,2026-02-11T16:09:36.211764+00:00,COMPLETED,24,synthetic
1240,RR,212,RR_CREATED,RR Created,2026-03-30T17:09:36.211764+00:00,2026-03-30T17:09:36.211764+00:00,COMPLETED,19,synthetic
1241,RR,212,DOA,DOA Approval,2026-03-30T17:09:36.211764+00:00,,IN_PROGRESS,3,synthetic
1242,RR,213,RR_CREATED,RR Created,2026-04-17T02:09:36.211764+00:00,2026-04-17T02:09:36.211764+00:00,COMPLETED,13,synthetic
1243,RR,213,DOA,DOA Approval,2026-04-17T02:09:36.211764+00:00,2026-04-21T02:09:36.211764+00:00,COMPLETED,2,synthetic
1244,RR,213,MRP,MRP Processing,2026-04-21T02:09:36.211764+00:00,2026-04-23T02:09:36.211764+00:00,COMPLETED,,synthetic
1245,PR,185,PR_CREATED,PR Created,2026-04-23T02:09:36.211764+00:00,2026-04-23T02:09:36.211764+00:00,COMPLETED,12,synthetic
1246,PR,185,RFQ,RFQ,2026-04-24T02:09:36.211764+00:00,2026-04-30T02:09:36.211764+00:00,COMPLETED,12,synthetic
1247,PR,185,PO_CREATED,PO Created,2026-05-01T02:09:36.211764+00:00,2026-05-01T02:09:36.211764+00:00,COMPLETED,12,synthetic
1248,RR,214,RR_CREATED,RR Created,2026-03-16T22:09:36.211764+00:00,2026-03-16T22:09:36.211764+00:00,COMPLETED,22,synthetic
1249,RR,214,DOA,DOA Approval,2026-03-16T22:09:36.211764+00:00,2026-03-17T22:09:36.211764+00:00,COMPLETED,2,synthetic
1250,RR,214,MRP,MRP Processing,2026-03-17T22:09:36.211764+00:00,2026-04-08T22:09:36.211764+00:00,COMPLETED,,synthetic
1251,PR,186,PR_CREATED,PR Created,2026-04-08T22:09:36.211764+00:00,2026-04-08T22:09:36.211764+00:00,COMPLETED,24,synthetic
1252,PR,186,PO_CREATED,PO Created,2026-04-09T22:09:36.211764+00:00,2026-04-09T22:09:36.211764+00:00,COMPLETED,24,synthetic
1253,RR,215,RR_CREATED,RR Created,2026-07-03T18:09:36.211764+00:00,2026-07-03T18:09:36.211764+00:00,COMPLETED,24,synthetic
1254,RR,215,DOA,DOA Approval,2026-07-03T18:09:36.211764+00:00,2026-07-05T18:09:36.211764+00:00,COMPLETED,15,synthetic
1255,RR,215,MRP,MRP Processing,2026-07-05T18:09:36.211764+00:00,2026-07-06T18:09:36.211764+00:00,COMPLETED,,synthetic
1256,PR,187,PR_CREATED,PR Created,2026-07-06T18:09:36.211764+00:00,2026-07-06T18:09:36.211764+00:00,COMPLETED,5,synthetic
1257,PR,187,RFQ,RFQ,2026-07-07T18:09:36.211764+00:00,2026-07-12T18:09:36.211764+00:00,COMPLETED,5,synthetic
1258,PR,187,ARIBA,Ariba Event,2026-07-13T18:09:36.211764+00:00,2026-07-18T18:09:36.211764+00:00,COMPLETED,5,synthetic
1259,PR,187,AUCTION,Auction,2026-07-19T04:09:36.211764+00:00,2026-07-19T06:09:36.211764+00:00,COMPLETED,5,synthetic
1260,PR,187,PO_CREATED,PO Created,2026-07-20T06:09:36.211764+00:00,2026-07-20T06:09:36.211764+00:00,COMPLETED,5,synthetic
1261,RR,216,RR_CREATED,RR Created,2026-03-12T20:09:36.211764+00:00,2026-03-12T20:09:36.211764+00:00,COMPLETED,8,synthetic
1262,RR,216,DOA,DOA Approval,2026-03-12T20:09:36.211764+00:00,2026-03-15T20:09:36.211764+00:00,COMPLETED,2,synthetic
1263,RR,216,MRP,MRP Processing,2026-03-15T20:09:36.211764+00:00,2026-03-16T20:09:36.211764+00:00,COMPLETED,,synthetic
1264,PR,188,PR_CREATED,PR Created,2026-03-16T20:09:36.211764+00:00,2026-03-16T20:09:36.211764+00:00,COMPLETED,5,synthetic
1265,PR,188,RFQ,RFQ,2026-03-17T20:09:36.211764+00:00,2026-03-27T20:09:36.211764+00:00,COMPLETED,5,synthetic
1266,PR,188,ARIBA,Ariba Event,2026-03-28T20:09:36.211764+00:00,2026-04-04T20:09:36.211764+00:00,COMPLETED,5,synthetic
1267,PR,188,AUCTION,Auction,2026-04-05T01:09:36.211764+00:00,2026-04-05T03:09:36.211764+00:00,COMPLETED,5,synthetic
1268,PR,188,NFA,NFA Approval,2026-04-06T03:09:36.211764+00:00,2026-04-30T03:09:36.211764+00:00,COMPLETED,15,synthetic
1269,PR,188,PO_CREATED,PO Created,2026-05-01T03:09:36.211764+00:00,2026-05-01T03:09:36.211764+00:00,COMPLETED,5,synthetic
1270,RR,217,RR_CREATED,RR Created,2026-07-31T12:09:36.211764+00:00,2026-07-31T12:09:36.211764+00:00,COMPLETED,24,synthetic
1271,RR,217,DOA,DOA Approval,2026-07-31T12:09:36.211764+00:00,2026-08-12T12:09:36.211764+00:00,COMPLETED,3,synthetic
1272,RR,217,MRP,MRP Processing,2026-08-12T12:09:36.211764+00:00,2026-08-14T12:09:36.211764+00:00,COMPLETED,,synthetic
1273,PR,189,PR_CREATED,PR Created,2026-08-14T12:09:36.211764+00:00,2026-08-14T12:09:36.211764+00:00,COMPLETED,13,synthetic
1274,PR,189,RFQ,RFQ,2026-08-15T12:09:36.211764+00:00,2026-08-22T12:09:36.211764+00:00,COMPLETED,13,synthetic
1275,PR,189,PO_CREATED,PO Created,2026-08-23T12:09:36.211764+00:00,2026-08-23T12:09:36.211764+00:00,COMPLETED,13,synthetic
1276,RR,218,RR_CREATED,RR Created,2026-08-18T03:09:36.211764+00:00,2026-08-18T03:09:36.211764+00:00,COMPLETED,23,synthetic
1277,RR,218,DOA,DOA Approval,2026-08-18T03:09:36.211764+00:00,2026-08-21T03:09:36.211764+00:00,COMPLETED,15,synthetic
1278,RR,218,MRP,MRP Processing,2026-08-21T03:09:36.211764+00:00,2026-08-24T03:09:36.211764+00:00,COMPLETED,,synthetic
1279,PR,190,PR_CREATED,PR Created,2026-08-24T03:09:36.211764+00:00,2026-08-24T03:09:36.211764+00:00,COMPLETED,13,synthetic
1280,PR,190,RFQ,RFQ,2026-08-25T03:09:36.211764+00:00,2026-10-01T03:09:36.211764+00:00,COMPLETED,13,synthetic
1281,PR,190,ARIBA,Ariba Event,2026-10-02T03:09:36.211764+00:00,2026-10-06T03:09:36.211764+00:00,COMPLETED,13,synthetic
1282,PR,190,AUCTION,Auction,2026-10-06T21:09:36.211764+00:00,2026-10-07T05:09:36.211764+00:00,COMPLETED,13,synthetic
1283,PR,190,NFA,NFA Approval,2026-10-08T05:09:36.211764+00:00,2026-10-13T05:09:36.211764+00:00,COMPLETED,3,synthetic
1284,PR,190,PO_CREATED,PO Created,2026-10-14T05:09:36.211764+00:00,2026-10-14T05:09:36.211764+00:00,COMPLETED,13,synthetic
1285,RR,219,RR_CREATED,RR Created,2026-01-31T02:09:36.211764+00:00,2026-01-31T02:09:36.211764+00:00,COMPLETED,22,synthetic
1286,RR,219,DOA,DOA Approval,2026-01-31T02:09:36.211764+00:00,2026-02-03T02:09:36.211764+00:00,COMPLETED,15,synthetic
1287,RR,219,MRP,MRP Processing,2026-02-03T02:09:36.211764+00:00,2026-02-05T02:09:36.211764+00:00,COMPLETED,,synthetic
1288,PR,191,PR_CREATED,PR Created,2026-02-05T02:09:36.211764+00:00,2026-02-05T02:09:36.211764+00:00,COMPLETED,13,synthetic
1289,PR,191,RFQ,RFQ,2026-02-06T02:09:36.211764+00:00,2026-03-11T02:09:36.211764+00:00,COMPLETED,13,synthetic
1290,PR,191,NFA,NFA Approval,2026-03-12T02:09:36.211764+00:00,2026-03-14T02:09:36.211764+00:00,COMPLETED,3,synthetic
1291,PR,191,PO_CREATED,PO Created,2026-03-15T02:09:36.211764+00:00,2026-03-15T02:09:36.211764+00:00,COMPLETED,13,synthetic
1292,RR,220,RR_CREATED,RR Created,2026-05-27T01:09:36.211764+00:00,2026-05-27T01:09:36.211764+00:00,COMPLETED,8,synthetic
1293,RR,220,DOA,DOA Approval,2026-05-27T01:09:36.211764+00:00,2026-05-28T01:09:36.211764+00:00,COMPLETED,2,synthetic
1294,RR,220,MRP,MRP Processing,2026-05-28T01:09:36.211764+00:00,2026-05-30T01:09:36.211764+00:00,COMPLETED,,synthetic
1295,PR,192,PR_CREATED,PR Created,2026-05-30T01:09:36.211764+00:00,2026-05-30T01:09:36.211764+00:00,COMPLETED,24,synthetic
1296,PR,192,RFQ,RFQ,2026-05-31T01:09:36.211764+00:00,2026-06-07T01:09:36.211764+00:00,COMPLETED,24,synthetic
1297,PR,192,ARIBA,Ariba Event,2026-06-08T01:09:36.211764+00:00,2026-06-15T01:09:36.211764+00:00,COMPLETED,24,synthetic
1298,PR,192,AUCTION,Auction,2026-06-15T06:09:36.211764+00:00,2026-06-15T13:09:36.211764+00:00,COMPLETED,24,synthetic
1299,PR,192,NFA,NFA Approval,2026-06-16T13:09:36.211764+00:00,2026-06-18T13:09:36.211764+00:00,COMPLETED,15,synthetic
1300,PR,192,PO_CREATED,PO Created,2026-06-19T13:09:36.211764+00:00,2026-06-19T13:09:36.211764+00:00,COMPLETED,24,synthetic
1301,RR,221,RR_CREATED,RR Created,2026-04-17T11:09:36.211764+00:00,2026-04-17T11:09:36.211764+00:00,COMPLETED,6,synthetic
1302,RR,221,DOA,DOA Approval,2026-04-17T11:09:36.211764+00:00,2026-04-19T11:09:36.211764+00:00,COMPLETED,2,synthetic
1303,RR,221,MRP,MRP Processing,2026-04-19T11:09:36.211764+00:00,2026-04-20T11:09:36.211764+00:00,COMPLETED,,synthetic
1304,PR,193,PR_CREATED,PR Created,2026-04-20T11:09:36.211764+00:00,2026-04-20T11:09:36.211764+00:00,COMPLETED,5,synthetic
1305,PR,193,RFQ,RFQ,2026-04-21T11:09:36.211764+00:00,2026-04-28T11:09:36.211764+00:00,COMPLETED,5,synthetic
1306,PR,193,ARIBA,Ariba Event,2026-04-29T11:09:36.211764+00:00,2026-05-03T11:09:36.211764+00:00,COMPLETED,5,synthetic
1307,PR,193,AUCTION,Auction,2026-05-04T05:09:36.211764+00:00,2026-05-04T08:09:36.211764+00:00,COMPLETED,5,synthetic
1308,PR,193,PO_CREATED,PO Created,2026-05-05T08:09:36.211764+00:00,2026-05-05T08:09:36.211764+00:00,COMPLETED,5,synthetic
1309,RR,222,RR_CREATED,RR Created,2026-03-07T23:09:36.211764+00:00,2026-03-07T23:09:36.211764+00:00,COMPLETED,17,synthetic
1310,RR,222,DOA,DOA Approval,2026-03-07T23:09:36.211764+00:00,2026-03-11T23:09:36.211764+00:00,COMPLETED,2,synthetic
1311,RR,222,MRP,MRP Processing,2026-03-11T23:09:36.211764+00:00,2026-03-14T23:09:36.211764+00:00,COMPLETED,,synthetic
1312,PR,194,PR_CREATED,PR Created,2026-03-14T23:09:36.211764+00:00,2026-03-14T23:09:36.211764+00:00,COMPLETED,24,synthetic
1313,PR,194,PO_CREATED,PO Created,2026-03-15T23:09:36.211764+00:00,2026-03-15T23:09:36.211764+00:00,COMPLETED,24,synthetic
1314,RR,223,RR_CREATED,RR Created,2026-01-17T12:09:36.211764+00:00,2026-01-17T12:09:36.211764+00:00,COMPLETED,20,synthetic
1315,RR,223,DOA,DOA Approval,2026-01-17T12:09:36.211764+00:00,2026-01-21T12:09:36.211764+00:00,COMPLETED,2,synthetic
1316,RR,223,MRP,MRP Processing,2026-01-21T12:09:36.211764+00:00,2026-01-24T12:09:36.211764+00:00,COMPLETED,,synthetic
1317,PR,195,PR_CREATED,PR Created,2026-01-24T12:09:36.211764+00:00,2026-01-24T12:09:36.211764+00:00,COMPLETED,13,synthetic
1318,PR,195,RFQ,RFQ,2026-01-25T12:09:36.211764+00:00,2026-01-31T12:09:36.211764+00:00,COMPLETED,13,synthetic
1319,PR,195,NFA,NFA Approval,2026-02-01T12:09:36.211764+00:00,2026-02-23T12:09:36.211764+00:00,COMPLETED,3,synthetic
1320,PR,195,PO_CREATED,PO Created,2026-02-24T12:09:36.211764+00:00,2026-02-24T12:09:36.211764+00:00,COMPLETED,13,synthetic
1321,RR,224,RR_CREATED,RR Created,2026-07-11T19:09:36.211764+00:00,2026-07-11T19:09:36.211764+00:00,COMPLETED,21,synthetic
1322,RR,224,DOA,DOA Approval,2026-07-11T19:09:36.211764+00:00,2026-07-14T19:09:36.211764+00:00,COMPLETED,15,synthetic
1323,RR,224,MRP,MRP Processing,2026-07-14T19:09:36.211764+00:00,2026-07-15T19:09:36.211764+00:00,COMPLETED,,synthetic
1324,PR,196,PR_CREATED,PR Created,2026-07-15T19:09:36.211764+00:00,2026-07-15T19:09:36.211764+00:00,COMPLETED,12,synthetic
1325,PR,196,RFQ,RFQ,2026-07-16T19:09:36.211764+00:00,2026-07-24T19:09:36.211764+00:00,COMPLETED,12,synthetic
1326,PR,196,ARIBA,Ariba Event,2026-07-25T19:09:36.211764+00:00,2026-08-01T19:09:36.211764+00:00,COMPLETED,12,synthetic
1327,PR,196,AUCTION,Auction,2026-08-02T13:09:36.211764+00:00,2026-08-02T15:09:36.211764+00:00,COMPLETED,12,synthetic
1328,PR,196,NFA,NFA Approval,2026-08-03T15:09:36.211764+00:00,2026-08-08T15:09:36.211764+00:00,COMPLETED,3,synthetic
1329,PR,196,PO_CREATED,PO Created,2026-08-09T15:09:36.211764+00:00,2026-08-09T15:09:36.211764+00:00,COMPLETED,12,synthetic
1330,RR,225,RR_CREATED,RR Created,2026-08-12T02:09:36.211764+00:00,2026-08-12T02:09:36.211764+00:00,COMPLETED,4,synthetic
1331,RR,225,DOA,DOA Approval,2026-08-12T02:09:36.211764+00:00,2026-08-15T02:09:36.211764+00:00,COMPLETED,2,synthetic
1332,RR,225,MRP,MRP Processing,2026-08-15T02:09:36.211764+00:00,2026-08-18T02:09:36.211764+00:00,COMPLETED,,synthetic
1333,PR,197,PR_CREATED,PR Created,2026-08-18T02:09:36.211764+00:00,2026-08-18T02:09:36.211764+00:00,COMPLETED,13,synthetic
1334,PR,197,RFQ,RFQ,2026-08-19T02:09:36.211764+00:00,2026-08-28T02:09:36.211764+00:00,COMPLETED,13,synthetic
1335,PR,197,ARIBA,Ariba Event,2026-08-29T02:09:36.211764+00:00,2026-09-01T02:09:36.211764+00:00,COMPLETED,13,synthetic
1336,PR,197,AUCTION,Auction,2026-09-01T08:09:36.211764+00:00,2026-09-01T16:09:36.211764+00:00,COMPLETED,13,synthetic
1337,PR,197,PO_CREATED,PO Created,2026-09-02T16:09:36.211764+00:00,2026-09-02T16:09:36.211764+00:00,COMPLETED,13,synthetic
1338,RR,226,RR_CREATED,RR Created,2026-05-31T04:09:36.211764+00:00,2026-05-31T04:09:36.211764+00:00,COMPLETED,12,synthetic
1339,RR,226,DOA,DOA Approval,2026-05-31T04:09:36.211764+00:00,2026-06-01T04:09:36.211764+00:00,COMPLETED,2,synthetic
1340,RR,226,MRP,MRP Processing,2026-06-01T04:09:36.211764+00:00,2026-06-03T04:09:36.211764+00:00,COMPLETED,,synthetic
1341,PR,198,PR_CREATED,PR Created,2026-06-03T04:09:36.211764+00:00,2026-06-03T04:09:36.211764+00:00,COMPLETED,12,synthetic
1342,PR,198,RFQ,RFQ,2026-06-04T04:09:36.211764+00:00,2026-06-09T04:09:36.211764+00:00,COMPLETED,12,synthetic
1343,PR,198,ARIBA,Ariba Event,2026-06-10T04:09:36.211764+00:00,2026-06-14T04:09:36.211764+00:00,COMPLETED,12,synthetic
1344,PR,198,AUCTION,Auction,2026-06-14T13:09:36.211764+00:00,2026-06-14T18:09:36.211764+00:00,COMPLETED,12,synthetic
1345,PR,198,PO_CREATED,PO Created,2026-06-15T18:09:36.211764+00:00,2026-06-15T18:09:36.211764+00:00,COMPLETED,12,synthetic
1346,RR,227,RR_CREATED,RR Created,2026-07-12T09:09:36.211764+00:00,2026-07-12T09:09:36.211764+00:00,COMPLETED,21,synthetic
1347,RR,227,DOA,DOA Approval,2026-07-12T09:09:36.211764+00:00,2026-07-15T09:09:36.211764+00:00,COMPLETED,15,synthetic
1348,RR,227,MRP,MRP Processing,2026-07-15T09:09:36.211764+00:00,2026-07-17T09:09:36.211764+00:00,COMPLETED,,synthetic
1349,PR,199,PR_CREATED,PR Created,2026-07-17T09:09:36.211764+00:00,2026-07-17T09:09:36.211764+00:00,COMPLETED,13,synthetic
1350,PR,199,PO_CREATED,PO Created,2026-07-18T09:09:36.211764+00:00,2026-07-18T09:09:36.211764+00:00,COMPLETED,13,synthetic
1351,RR,228,RR_CREATED,RR Created,2026-01-20T18:09:36.211764+00:00,2026-01-20T18:09:36.211764+00:00,COMPLETED,10,synthetic
1352,RR,228,DOA,DOA Approval,2026-01-20T18:09:36.211764+00:00,2026-01-21T18:09:36.211764+00:00,COMPLETED,3,synthetic
1353,RR,228,MRP,MRP Processing,2026-01-21T18:09:36.211764+00:00,2026-01-23T18:09:36.211764+00:00,COMPLETED,,synthetic
1354,PR,200,PR_CREATED,PR Created,2026-01-23T18:09:36.211764+00:00,2026-01-23T18:09:36.211764+00:00,COMPLETED,12,synthetic
1355,PR,200,NFA,NFA Approval,2026-01-24T18:09:36.211764+00:00,2026-01-29T18:09:36.211764+00:00,COMPLETED,15,synthetic
1356,PR,200,PO_CREATED,PO Created,2026-01-30T18:09:36.211764+00:00,2026-01-30T18:09:36.211764+00:00,COMPLETED,12,synthetic
1357,RR,229,RR_CREATED,RR Created,2026-03-14T12:09:36.211764+00:00,2026-03-14T12:09:36.211764+00:00,COMPLETED,17,synthetic
1358,RR,229,DOA,DOA Approval,2026-03-14T12:09:36.211764+00:00,,IN_PROGRESS,2,synthetic
1359,RR,230,RR_CREATED,RR Created,2026-06-20T02:09:36.211764+00:00,2026-06-20T02:09:36.211764+00:00,COMPLETED,21,synthetic
1360,RR,230,DOA,DOA Approval,2026-06-20T02:09:36.211764+00:00,2026-06-23T02:09:36.211764+00:00,COMPLETED,3,synthetic
1361,RR,230,MRP,MRP Processing,2026-06-23T02:09:36.211764+00:00,2026-06-24T02:09:36.211764+00:00,COMPLETED,,synthetic
1362,PR,201,PR_CREATED,PR Created,2026-06-24T02:09:36.211764+00:00,2026-06-24T02:09:36.211764+00:00,COMPLETED,13,synthetic
1363,PR,201,NFA,NFA Approval,2026-06-25T02:09:36.211764+00:00,2026-06-30T02:09:36.211764+00:00,COMPLETED,3,synthetic
1364,PR,201,PO_CREATED,PO Created,2026-07-01T02:09:36.211764+00:00,2026-07-01T02:09:36.211764+00:00,COMPLETED,13,synthetic
1365,RR,231,RR_CREATED,RR Created,2026-03-01T06:09:36.211764+00:00,2026-03-01T06:09:36.211764+00:00,COMPLETED,7,synthetic
1366,RR,231,DOA,DOA Approval,2026-03-01T06:09:36.211764+00:00,2026-03-02T06:09:36.211764+00:00,COMPLETED,3,synthetic
1367,RR,231,MRP,MRP Processing,2026-03-02T06:09:36.211764+00:00,2026-03-04T06:09:36.211764+00:00,COMPLETED,,synthetic
1368,PR,202,PR_CREATED,PR Created,2026-03-04T06:09:36.211764+00:00,2026-03-04T06:09:36.211764+00:00,COMPLETED,5,synthetic
1369,PR,202,RFQ,RFQ,2026-03-05T06:09:36.211764+00:00,2026-03-30T06:09:36.211764+00:00,COMPLETED,5,synthetic
1370,PR,202,PO_CREATED,PO Created,2026-03-31T06:09:36.211764+00:00,2026-03-31T06:09:36.211764+00:00,COMPLETED,5,synthetic
1371,RR,232,RR_CREATED,RR Created,2026-04-08T15:09:36.211764+00:00,2026-04-08T15:09:36.211764+00:00,COMPLETED,12,synthetic
1372,RR,232,DOA,DOA Approval,2026-04-08T15:09:36.211764+00:00,2026-04-11T15:09:36.211764+00:00,COMPLETED,15,synthetic
1373,RR,232,MRP,MRP Processing,2026-04-11T15:09:36.211764+00:00,2026-04-13T15:09:36.211764+00:00,COMPLETED,,synthetic
1374,PR,203,PR_CREATED,PR Created,2026-04-13T15:09:36.211764+00:00,2026-04-13T15:09:36.211764+00:00,COMPLETED,5,synthetic
1375,PR,203,NFA,NFA Approval,2026-04-14T15:09:36.211764+00:00,2026-04-19T15:09:36.211764+00:00,COMPLETED,3,synthetic
1376,PR,203,PO_CREATED,PO Created,2026-04-20T15:09:36.211764+00:00,2026-04-20T15:09:36.211764+00:00,COMPLETED,5,synthetic
1377,RR,233,RR_CREATED,RR Created,2026-06-03T04:09:36.211764+00:00,2026-06-03T04:09:36.211764+00:00,COMPLETED,22,synthetic
1378,RR,233,DOA,DOA Approval,2026-06-03T04:09:36.211764+00:00,2026-06-07T04:09:36.211764+00:00,COMPLETED,15,synthetic
1379,RR,233,MRP,MRP Processing,2026-06-07T04:09:36.211764+00:00,2026-06-10T04:09:36.211764+00:00,COMPLETED,,synthetic
1380,PR,204,PR_CREATED,PR Created,2026-06-10T04:09:36.211764+00:00,2026-06-10T04:09:36.211764+00:00,COMPLETED,24,synthetic
1381,PR,204,NFA,NFA Approval,2026-06-11T04:09:36.211764+00:00,2026-06-15T04:09:36.211764+00:00,COMPLETED,15,synthetic
1382,PR,204,PO_CREATED,PO Created,2026-06-16T04:09:36.211764+00:00,2026-06-16T04:09:36.211764+00:00,COMPLETED,24,synthetic
1383,RR,234,RR_CREATED,RR Created,2026-02-18T15:09:36.211764+00:00,2026-02-18T15:09:36.211764+00:00,COMPLETED,17,synthetic
1384,RR,234,DOA,DOA Approval,2026-02-18T15:09:36.211764+00:00,2026-02-20T15:09:36.211764+00:00,COMPLETED,2,synthetic
1385,RR,234,MRP,MRP Processing,2026-02-20T15:09:36.211764+00:00,2026-02-21T15:09:36.211764+00:00,COMPLETED,,synthetic
1386,PR,205,PR_CREATED,PR Created,2026-02-21T15:09:36.211764+00:00,2026-02-21T15:09:36.211764+00:00,COMPLETED,13,synthetic
1387,PR,205,RFQ,RFQ,2026-02-22T15:09:36.211764+00:00,2026-03-18T15:09:36.211764+00:00,COMPLETED,13,synthetic
1388,PR,205,PO_CREATED,PO Created,2026-03-19T15:09:36.211764+00:00,2026-03-19T15:09:36.211764+00:00,COMPLETED,13,synthetic
1389,RR,235,RR_CREATED,RR Created,2026-04-12T03:09:36.211764+00:00,2026-04-12T03:09:36.211764+00:00,COMPLETED,3,synthetic
1390,RR,235,DOA,DOA Approval,2026-04-12T03:09:36.211764+00:00,2026-04-13T03:09:36.211764+00:00,COMPLETED,2,synthetic
1391,RR,235,MRP,MRP Processing,2026-04-13T03:09:36.211764+00:00,2026-04-15T03:09:36.211764+00:00,COMPLETED,,synthetic
1392,PR,206,PR_CREATED,PR Created,2026-04-15T03:09:36.211764+00:00,2026-04-15T03:09:36.211764+00:00,COMPLETED,5,synthetic
1393,PR,206,RFQ,RFQ,2026-04-16T03:09:36.211764+00:00,,IN_PROGRESS,5,synthetic
1394,RR,236,RR_CREATED,RR Created,2026-06-27T09:09:36.211764+00:00,2026-06-27T09:09:36.211764+00:00,COMPLETED,12,synthetic
1395,RR,236,DOA,DOA Approval,2026-06-27T09:09:36.211764+00:00,2026-06-30T09:09:36.211764+00:00,COMPLETED,2,synthetic
1396,RR,236,MRP,MRP Processing,2026-06-30T09:09:36.211764+00:00,2026-07-02T09:09:36.211764+00:00,COMPLETED,,synthetic
1397,PR,207,PR_CREATED,PR Created,2026-07-02T09:09:36.211764+00:00,2026-07-02T09:09:36.211764+00:00,COMPLETED,5,synthetic
1398,PR,207,RFQ,RFQ,2026-07-03T09:09:36.211764+00:00,2026-07-08T09:09:36.211764+00:00,COMPLETED,5,synthetic
1399,PR,207,NFA,NFA Approval,2026-07-09T09:09:36.211764+00:00,2026-07-12T09:09:36.211764+00:00,COMPLETED,15,synthetic
1400,PR,207,PO_CREATED,PO Created,2026-07-13T09:09:36.211764+00:00,2026-07-13T09:09:36.211764+00:00,COMPLETED,5,synthetic
1401,RR,237,RR_CREATED,RR Created,2026-04-17T23:09:36.211764+00:00,2026-04-17T23:09:36.211764+00:00,COMPLETED,24,synthetic
1402,RR,237,DOA,DOA Approval,2026-04-17T23:09:36.211764+00:00,,IN_PROGRESS,2,synthetic
1403,RR,238,RR_CREATED,RR Created,2026-04-30T06:09:36.211764+00:00,2026-04-30T06:09:36.211764+00:00,COMPLETED,6,synthetic
1404,RR,238,DOA,DOA Approval,2026-04-30T06:09:36.211764+00:00,,IN_PROGRESS,15,synthetic
1405,RR,239,RR_CREATED,RR Created,2026-04-22T00:09:36.211764+00:00,2026-04-22T00:09:36.211764+00:00,COMPLETED,16,synthetic
1406,RR,239,DOA,DOA Approval,2026-04-22T00:09:36.211764+00:00,2026-04-25T00:09:36.211764+00:00,REJECTED,3,synthetic
1407,RR,240,RR_CREATED,RR Created,2025-12-25T22:09:36.211764+00:00,2025-12-25T22:09:36.211764+00:00,COMPLETED,24,synthetic
1408,RR,240,DOA,DOA Approval,2025-12-25T22:09:36.211764+00:00,2025-12-26T22:09:36.211764+00:00,COMPLETED,15,synthetic
1409,RR,240,MRP,MRP Processing,2025-12-26T22:09:36.211764+00:00,2025-12-29T22:09:36.211764+00:00,COMPLETED,,synthetic
1410,PR,208,PR_CREATED,PR Created,2025-12-29T22:09:36.211764+00:00,2025-12-29T22:09:36.211764+00:00,COMPLETED,13,synthetic
1411,PR,208,NFA,NFA Approval,2025-12-30T22:09:36.211764+00:00,2026-01-01T22:09:36.211764+00:00,COMPLETED,3,synthetic
1412,PR,208,PO_CREATED,PO Created,2026-01-02T22:09:36.211764+00:00,2026-01-02T22:09:36.211764+00:00,COMPLETED,13,synthetic
1413,RR,241,RR_CREATED,RR Created,2026-06-10T10:09:36.211764+00:00,2026-06-10T10:09:36.211764+00:00,COMPLETED,22,synthetic
1414,RR,241,DOA,DOA Approval,2026-06-10T10:09:36.211764+00:00,2026-06-14T10:09:36.211764+00:00,COMPLETED,2,synthetic
1415,RR,241,MRP,MRP Processing,2026-06-14T10:09:36.211764+00:00,2026-06-16T10:09:36.211764+00:00,COMPLETED,,synthetic
1416,PR,209,PR_CREATED,PR Created,2026-06-16T10:09:36.211764+00:00,2026-06-16T10:09:36.211764+00:00,COMPLETED,24,synthetic
1417,PR,209,RFQ,RFQ,2026-06-17T10:09:36.211764+00:00,2026-06-25T10:09:36.211764+00:00,COMPLETED,24,synthetic
1418,PR,209,NFA,NFA Approval,2026-06-26T10:09:36.211764+00:00,2026-06-28T10:09:36.211764+00:00,COMPLETED,3,synthetic
1419,PR,209,PO_CREATED,PO Created,2026-06-29T10:09:36.211764+00:00,2026-06-29T10:09:36.211764+00:00,COMPLETED,24,synthetic
1420,RR,242,RR_CREATED,RR Created,2026-07-09T23:09:36.211764+00:00,2026-07-09T23:09:36.211764+00:00,COMPLETED,1,synthetic
1421,RR,242,DOA,DOA Approval,2026-07-09T23:09:36.211764+00:00,2026-07-23T23:09:36.211764+00:00,COMPLETED,2,synthetic
1422,RR,242,MRP,MRP Processing,2026-07-23T23:09:36.211764+00:00,2026-07-26T23:09:36.211764+00:00,COMPLETED,,synthetic
1423,PR,210,PR_CREATED,PR Created,2026-07-26T23:09:36.211764+00:00,2026-07-26T23:09:36.211764+00:00,COMPLETED,13,synthetic
1424,PR,210,RFQ,RFQ,2026-07-27T23:09:36.211764+00:00,2026-08-06T23:09:36.211764+00:00,COMPLETED,13,synthetic
1425,PR,210,PO_CREATED,PO Created,2026-08-07T23:09:36.211764+00:00,2026-08-07T23:09:36.211764+00:00,COMPLETED,13,synthetic
1426,RR,243,RR_CREATED,RR Created,2026-07-13T00:09:36.211764+00:00,2026-07-13T00:09:36.211764+00:00,COMPLETED,6,synthetic
1427,RR,243,DOA,DOA Approval,2026-07-13T00:09:36.211764+00:00,2026-07-15T00:09:36.211764+00:00,COMPLETED,15,synthetic
1428,RR,243,MRP,MRP Processing,2026-07-15T00:09:36.211764+00:00,2026-07-17T00:09:36.211764+00:00,COMPLETED,,synthetic
1429,PR,211,PR_CREATED,PR Created,2026-07-17T00:09:36.211764+00:00,2026-07-17T00:09:36.211764+00:00,COMPLETED,24,synthetic
1430,PR,211,RFQ,RFQ,2026-07-18T00:09:36.211764+00:00,,IN_PROGRESS,24,synthetic
1431,RR,244,RR_CREATED,RR Created,2025-12-07T00:09:36.211764+00:00,2025-12-07T00:09:36.211764+00:00,COMPLETED,19,synthetic
1432,RR,244,DOA,DOA Approval,2025-12-07T00:09:36.211764+00:00,2025-12-10T00:09:36.211764+00:00,COMPLETED,15,synthetic
1433,RR,244,MRP,MRP Processing,2025-12-10T00:09:36.211764+00:00,2025-12-11T00:09:36.211764+00:00,COMPLETED,,synthetic
1434,PR,212,PR_CREATED,PR Created,2025-12-11T00:09:36.211764+00:00,2025-12-11T00:09:36.211764+00:00,COMPLETED,12,synthetic
1435,PR,212,NFA,NFA Approval,2025-12-12T00:09:36.211764+00:00,2025-12-14T00:09:36.211764+00:00,COMPLETED,3,synthetic
1436,PR,212,PO_CREATED,PO Created,2025-12-15T00:09:36.211764+00:00,2025-12-15T00:09:36.211764+00:00,COMPLETED,12,synthetic
1437,RR,245,RR_CREATED,RR Created,2026-07-16T03:09:36.211764+00:00,2026-07-16T03:09:36.211764+00:00,COMPLETED,23,synthetic
1438,RR,245,DOA,DOA Approval,2026-07-16T03:09:36.211764+00:00,2026-07-18T03:09:36.211764+00:00,REJECTED,15,synthetic
1439,RR,246,RR_CREATED,RR Created,2026-03-19T22:09:36.211764+00:00,2026-03-19T22:09:36.211764+00:00,COMPLETED,7,synthetic
1440,RR,246,DOA,DOA Approval,2026-03-19T22:09:36.211764+00:00,2026-03-23T22:09:36.211764+00:00,COMPLETED,2,synthetic
1441,RR,246,MRP,MRP Processing,2026-03-23T22:09:36.211764+00:00,2026-03-24T22:09:36.211764+00:00,COMPLETED,,synthetic
1442,PR,213,PR_CREATED,PR Created,2026-03-24T22:09:36.211764+00:00,2026-03-24T22:09:36.211764+00:00,COMPLETED,13,synthetic
1443,PR,213,RFQ,RFQ,2026-03-25T22:09:36.211764+00:00,2026-04-02T22:09:36.211764+00:00,COMPLETED,13,synthetic
1444,PR,213,NFA,NFA Approval,2026-04-03T22:09:36.211764+00:00,2026-04-18T22:09:36.211764+00:00,COMPLETED,15,synthetic
1445,PR,213,PO_CREATED,PO Created,2026-04-19T22:09:36.211764+00:00,2026-04-19T22:09:36.211764+00:00,COMPLETED,13,synthetic
1446,RR,247,RR_CREATED,RR Created,2026-07-22T07:09:36.211764+00:00,2026-07-22T07:09:36.211764+00:00,COMPLETED,1,synthetic
1447,RR,247,DOA,DOA Approval,2026-07-22T07:09:36.211764+00:00,2026-07-23T07:09:36.211764+00:00,COMPLETED,2,synthetic
1448,RR,247,MRP,MRP Processing,2026-07-23T07:09:36.211764+00:00,2026-07-24T07:09:36.211764+00:00,COMPLETED,,synthetic
1449,PR,214,PR_CREATED,PR Created,2026-07-24T07:09:36.211764+00:00,2026-07-24T07:09:36.211764+00:00,COMPLETED,24,synthetic
1450,PR,214,NFA,NFA Approval,2026-07-25T07:09:36.211764+00:00,2026-07-27T07:09:36.211764+00:00,COMPLETED,3,synthetic
1451,PR,214,PO_CREATED,PO Created,2026-07-28T07:09:36.211764+00:00,2026-07-28T07:09:36.211764+00:00,COMPLETED,24,synthetic
1452,RR,248,RR_CREATED,RR Created,2026-06-24T14:09:36.211764+00:00,2026-06-24T14:09:36.211764+00:00,COMPLETED,5,synthetic
1453,RR,248,DOA,DOA Approval,2026-06-24T14:09:36.211764+00:00,2026-07-26T14:09:36.211764+00:00,COMPLETED,2,synthetic
1454,RR,248,MRP,MRP Processing,2026-07-26T14:09:36.211764+00:00,2026-07-28T14:09:36.211764+00:00,COMPLETED,,synthetic
1455,PR,215,PR_CREATED,PR Created,2026-07-28T14:09:36.211764+00:00,2026-07-28T14:09:36.211764+00:00,COMPLETED,13,synthetic
1456,PR,215,RFQ,RFQ,2026-07-29T14:09:36.211764+00:00,2026-08-07T14:09:36.211764+00:00,COMPLETED,13,synthetic
1457,PR,215,PO_CREATED,PO Created,2026-08-08T14:09:36.211764+00:00,2026-08-08T14:09:36.211764+00:00,COMPLETED,13,synthetic
1458,RR,249,RR_CREATED,RR Created,2026-02-17T20:09:36.211764+00:00,2026-02-17T20:09:36.211764+00:00,COMPLETED,4,synthetic
1459,RR,249,DOA,DOA Approval,2026-02-17T20:09:36.211764+00:00,2026-02-19T20:09:36.211764+00:00,COMPLETED,2,synthetic
1460,RR,249,MRP,MRP Processing,2026-02-19T20:09:36.211764+00:00,2026-03-15T20:09:36.211764+00:00,COMPLETED,,synthetic
1461,PR,216,PR_CREATED,PR Created,2026-03-15T20:09:36.211764+00:00,2026-03-15T20:09:36.211764+00:00,COMPLETED,12,synthetic
1462,PR,216,RFQ,RFQ,2026-03-16T20:09:36.211764+00:00,2026-03-23T20:09:36.211764+00:00,COMPLETED,12,synthetic
1463,PR,216,PO_CREATED,PO Created,2026-03-24T20:09:36.211764+00:00,2026-03-24T20:09:36.211764+00:00,COMPLETED,12,synthetic
1464,RR,250,RR_CREATED,RR Created,2026-05-11T22:09:36.211764+00:00,2026-05-11T22:09:36.211764+00:00,COMPLETED,9,synthetic
1465,RR,250,DOA,DOA Approval,2026-05-11T22:09:36.211764+00:00,,IN_PROGRESS,15,synthetic
1466,RR,251,RR_CREATED,RR Created,2026-02-12T11:09:36.211764+00:00,2026-02-12T11:09:36.211764+00:00,COMPLETED,21,synthetic
1467,RR,251,DOA,DOA Approval,2026-02-12T11:09:36.211764+00:00,2026-02-13T11:09:36.211764+00:00,COMPLETED,2,synthetic
1468,RR,251,MRP,MRP Processing,2026-02-13T11:09:36.211764+00:00,2026-02-15T11:09:36.211764+00:00,COMPLETED,,synthetic
1469,PR,217,PR_CREATED,PR Created,2026-02-15T11:09:36.211764+00:00,2026-02-15T11:09:36.211764+00:00,COMPLETED,13,synthetic
1470,PR,217,RFQ,RFQ,2026-02-16T11:09:36.211764+00:00,2026-02-21T11:09:36.211764+00:00,COMPLETED,13,synthetic
1471,PR,217,PO_CREATED,PO Created,2026-02-22T11:09:36.211764+00:00,2026-02-22T11:09:36.211764+00:00,COMPLETED,13,synthetic
1472,RR,252,RR_CREATED,RR Created,2026-07-27T11:09:36.211764+00:00,2026-07-27T11:09:36.211764+00:00,COMPLETED,24,synthetic
1473,RR,252,DOA,DOA Approval,2026-07-27T11:09:36.211764+00:00,2026-07-30T11:09:36.211764+00:00,COMPLETED,3,synthetic
1474,RR,252,MRP,MRP Processing,2026-07-30T11:09:36.211764+00:00,2026-08-01T11:09:36.211764+00:00,COMPLETED,,synthetic
1475,PR,218,PR_CREATED,PR Created,2026-08-01T11:09:36.211764+00:00,2026-08-01T11:09:36.211764+00:00,COMPLETED,13,synthetic
1476,PR,218,RFQ,RFQ,2026-08-02T11:09:36.211764+00:00,2026-08-10T11:09:36.211764+00:00,COMPLETED,13,synthetic
1477,PR,218,ARIBA,Ariba Event,2026-08-11T11:09:36.211764+00:00,2026-08-15T11:09:36.211764+00:00,COMPLETED,13,synthetic
1478,PR,218,AUCTION,Auction,2026-08-16T02:09:36.211764+00:00,2026-08-16T07:09:36.211764+00:00,COMPLETED,13,synthetic
1479,PR,218,NFA,NFA Approval,2026-08-17T07:09:36.211764+00:00,2026-08-21T07:09:36.211764+00:00,COMPLETED,3,synthetic
1480,RR,253,RR_CREATED,RR Created,2026-07-20T19:09:36.211764+00:00,2026-07-20T19:09:36.211764+00:00,COMPLETED,15,synthetic
1481,RR,253,DOA,DOA Approval,2026-07-20T19:09:36.211764+00:00,2026-07-21T19:09:36.211764+00:00,COMPLETED,2,synthetic
1482,RR,253,MRP,MRP Processing,2026-07-21T19:09:36.211764+00:00,2026-07-23T19:09:36.211764+00:00,COMPLETED,,synthetic
1483,PR,219,PR_CREATED,PR Created,2026-07-23T19:09:36.211764+00:00,2026-07-23T19:09:36.211764+00:00,COMPLETED,12,synthetic
1484,PR,219,RFQ,RFQ,2026-07-24T19:09:36.211764+00:00,2026-08-02T19:09:36.211764+00:00,COMPLETED,12,synthetic
1485,PR,219,ARIBA,Ariba Event,2026-08-03T19:09:36.211764+00:00,2026-08-19T19:09:36.211764+00:00,COMPLETED,12,synthetic
1486,RR,254,RR_CREATED,RR Created,2026-01-10T03:09:36.211764+00:00,2026-01-10T03:09:36.211764+00:00,COMPLETED,20,synthetic
1487,RR,254,DOA,DOA Approval,2026-01-10T03:09:36.211764+00:00,2026-01-11T03:09:36.211764+00:00,COMPLETED,15,synthetic
1488,RR,254,MRP,MRP Processing,2026-01-11T03:09:36.211764+00:00,2026-01-14T03:09:36.211764+00:00,COMPLETED,,synthetic
1489,PR,220,PR_CREATED,PR Created,2026-01-14T03:09:36.211764+00:00,2026-01-14T03:09:36.211764+00:00,COMPLETED,12,synthetic
1490,PR,220,RFQ,RFQ,2026-01-15T03:09:36.211764+00:00,2026-01-20T03:09:36.211764+00:00,COMPLETED,12,synthetic
1491,PR,220,ARIBA,Ariba Event,2026-01-21T03:09:36.211764+00:00,2026-01-27T03:09:36.211764+00:00,COMPLETED,12,synthetic
1492,PR,220,AUCTION,Auction,2026-01-27T20:09:36.211764+00:00,2026-01-28T03:09:36.211764+00:00,COMPLETED,12,synthetic
1493,PR,220,PO_CREATED,PO Created,2026-01-29T03:09:36.211764+00:00,2026-01-29T03:09:36.211764+00:00,COMPLETED,12,synthetic
1494,RR,255,RR_CREATED,RR Created,2026-05-16T04:09:36.211764+00:00,2026-05-16T04:09:36.211764+00:00,COMPLETED,13,synthetic
1495,RR,255,DOA,DOA Approval,2026-05-16T04:09:36.211764+00:00,,IN_PROGRESS,2,synthetic
1496,RR,256,RR_CREATED,RR Created,2026-02-22T09:09:36.211764+00:00,2026-02-22T09:09:36.211764+00:00,COMPLETED,11,synthetic
1497,RR,256,DOA,DOA Approval,2026-02-22T09:09:36.211764+00:00,2026-02-24T09:09:36.211764+00:00,COMPLETED,3,synthetic
1498,RR,256,MRP,MRP Processing,2026-02-24T09:09:36.211764+00:00,2026-02-26T09:09:36.211764+00:00,COMPLETED,,synthetic
1499,PR,221,PR_CREATED,PR Created,2026-02-26T09:09:36.211764+00:00,2026-02-26T09:09:36.211764+00:00,COMPLETED,13,synthetic
1500,PR,221,RFQ,RFQ,2026-02-27T09:09:36.211764+00:00,2026-03-05T09:09:36.211764+00:00,COMPLETED,13,synthetic
1501,PR,221,ARIBA,Ariba Event,2026-03-06T09:09:36.211764+00:00,2026-03-09T09:09:36.211764+00:00,COMPLETED,13,synthetic
1502,PR,221,AUCTION,Auction,2026-03-10T02:09:36.211764+00:00,2026-03-10T05:09:36.211764+00:00,COMPLETED,13,synthetic
1503,PR,221,PO_CREATED,PO Created,2026-03-11T05:09:36.211764+00:00,2026-03-11T05:09:36.211764+00:00,COMPLETED,13,synthetic
1504,RR,257,RR_CREATED,RR Created,2026-07-07T03:09:36.211764+00:00,2026-07-07T03:09:36.211764+00:00,COMPLETED,19,synthetic
1505,RR,257,DOA,DOA Approval,2026-07-07T03:09:36.211764+00:00,2026-07-09T03:09:36.211764+00:00,COMPLETED,2,synthetic
1506,RR,257,MRP,MRP Processing,2026-07-09T03:09:36.211764+00:00,2026-07-29T03:09:36.211764+00:00,COMPLETED,,synthetic
1507,PR,222,PR_CREATED,PR Created,2026-07-29T03:09:36.211764+00:00,2026-07-29T03:09:36.211764+00:00,COMPLETED,13,synthetic
1508,PR,222,RFQ,RFQ,2026-07-30T03:09:36.211764+00:00,2026-08-06T03:09:36.211764+00:00,COMPLETED,13,synthetic
1509,PR,222,NFA,NFA Approval,2026-08-07T03:09:36.211764+00:00,2026-08-12T03:09:36.211764+00:00,COMPLETED,3,synthetic
1510,PR,222,PO_CREATED,PO Created,2026-08-13T03:09:36.211764+00:00,2026-08-13T03:09:36.211764+00:00,COMPLETED,13,synthetic
1511,RR,258,RR_CREATED,RR Created,2026-06-29T17:09:36.211764+00:00,2026-06-29T17:09:36.211764+00:00,COMPLETED,5,synthetic
1512,RR,258,DOA,DOA Approval,2026-06-29T17:09:36.211764+00:00,2026-07-02T17:09:36.211764+00:00,COMPLETED,15,synthetic
1513,RR,258,MRP,MRP Processing,2026-07-02T17:09:36.211764+00:00,2026-07-03T17:09:36.211764+00:00,COMPLETED,,synthetic
1514,PR,223,PR_CREATED,PR Created,2026-07-03T17:09:36.211764+00:00,2026-07-03T17:09:36.211764+00:00,COMPLETED,24,synthetic
1515,PR,223,PO_CREATED,PO Created,2026-07-04T17:09:36.211764+00:00,2026-07-04T17:09:36.211764+00:00,COMPLETED,24,synthetic
1516,RR,259,RR_CREATED,RR Created,2026-01-27T23:09:36.211764+00:00,2026-01-27T23:09:36.211764+00:00,COMPLETED,8,synthetic
1517,RR,259,DOA,DOA Approval,2026-01-27T23:09:36.211764+00:00,2026-01-29T23:09:36.211764+00:00,COMPLETED,2,synthetic
1518,RR,259,MRP,MRP Processing,2026-01-29T23:09:36.211764+00:00,2026-01-30T23:09:36.211764+00:00,COMPLETED,,synthetic
1519,PR,224,PR_CREATED,PR Created,2026-01-30T23:09:36.211764+00:00,2026-01-30T23:09:36.211764+00:00,COMPLETED,5,synthetic
1520,PR,224,RFQ,RFQ,2026-01-31T23:09:36.211764+00:00,2026-02-06T23:09:36.211764+00:00,COMPLETED,5,synthetic
1521,PR,224,ARIBA,Ariba Event,2026-02-07T23:09:36.211764+00:00,2026-02-13T23:09:36.211764+00:00,COMPLETED,5,synthetic
1522,PR,224,AUCTION,Auction,2026-02-14T12:09:36.211764+00:00,2026-02-14T20:09:36.211764+00:00,COMPLETED,5,synthetic
1523,PR,224,NFA,NFA Approval,2026-02-15T20:09:36.211764+00:00,2026-03-03T20:09:36.211764+00:00,COMPLETED,3,synthetic
1524,PR,224,PO_CREATED,PO Created,2026-03-04T20:09:36.211764+00:00,2026-03-04T20:09:36.211764+00:00,COMPLETED,5,synthetic
1525,RR,260,RR_CREATED,RR Created,2026-05-30T22:09:36.211764+00:00,2026-05-30T22:09:36.211764+00:00,COMPLETED,19,synthetic
1526,RR,260,DOA,DOA Approval,2026-05-30T22:09:36.211764+00:00,2026-06-02T22:09:36.211764+00:00,COMPLETED,3,synthetic
1527,RR,260,MRP,MRP Processing,2026-06-02T22:09:36.211764+00:00,2026-06-05T22:09:36.211764+00:00,COMPLETED,,synthetic
1528,PR,225,PR_CREATED,PR Created,2026-06-05T22:09:36.211764+00:00,2026-06-05T22:09:36.211764+00:00,COMPLETED,13,synthetic
1529,PR,225,RFQ,RFQ,2026-06-06T22:09:36.211764+00:00,,IN_PROGRESS,13,synthetic
1530,RR,261,RR_CREATED,RR Created,2026-05-27T02:09:36.211764+00:00,2026-05-27T02:09:36.211764+00:00,COMPLETED,20,synthetic
1531,RR,261,DOA,DOA Approval,2026-05-27T02:09:36.211764+00:00,,IN_PROGRESS,2,synthetic
1532,RR,262,RR_CREATED,RR Created,2026-06-24T04:09:36.211764+00:00,2026-06-24T04:09:36.211764+00:00,COMPLETED,4,synthetic
1533,RR,262,DOA,DOA Approval,2026-06-24T04:09:36.211764+00:00,2026-06-26T04:09:36.211764+00:00,COMPLETED,3,synthetic
1534,RR,262,MRP,MRP Processing,2026-06-26T04:09:36.211764+00:00,2026-06-29T04:09:36.211764+00:00,COMPLETED,,synthetic
1535,PR,226,PR_CREATED,PR Created,2026-06-29T04:09:36.211764+00:00,2026-06-29T04:09:36.211764+00:00,COMPLETED,13,synthetic
1536,PR,226,NFA,NFA Approval,2026-06-30T04:09:36.211764+00:00,2026-07-02T04:09:36.211764+00:00,COMPLETED,3,synthetic
1537,PR,226,PO_CREATED,PO Created,2026-07-03T04:09:36.211764+00:00,2026-07-03T04:09:36.211764+00:00,COMPLETED,13,synthetic
1538,RR,263,RR_CREATED,RR Created,2026-04-18T00:09:36.211764+00:00,2026-04-18T00:09:36.211764+00:00,COMPLETED,11,synthetic
1539,RR,263,DOA,DOA Approval,2026-04-18T00:09:36.211764+00:00,2026-04-21T00:09:36.211764+00:00,COMPLETED,2,synthetic
1540,RR,263,MRP,MRP Processing,2026-04-21T00:09:36.211764+00:00,2026-04-24T00:09:36.211764+00:00,COMPLETED,,synthetic
1541,PR,227,PR_CREATED,PR Created,2026-04-24T00:09:36.211764+00:00,2026-04-24T00:09:36.211764+00:00,COMPLETED,24,synthetic
1542,PR,227,RFQ,RFQ,2026-04-25T00:09:36.211764+00:00,2026-05-01T00:09:36.211764+00:00,COMPLETED,24,synthetic
1543,PR,227,ARIBA,Ariba Event,2026-05-02T00:09:36.211764+00:00,2026-06-11T00:09:36.211764+00:00,COMPLETED,24,synthetic
1544,PR,227,AUCTION,Auction,2026-06-11T04:09:36.211764+00:00,2026-06-11T06:09:36.211764+00:00,COMPLETED,24,synthetic
1545,PR,227,PO_CREATED,PO Created,2026-06-12T06:09:36.211764+00:00,2026-06-12T06:09:36.211764+00:00,COMPLETED,24,synthetic
1546,RR,264,RR_CREATED,RR Created,2025-12-09T22:09:36.211764+00:00,2025-12-09T22:09:36.211764+00:00,COMPLETED,21,synthetic
1547,RR,264,DOA,DOA Approval,2025-12-09T22:09:36.211764+00:00,,IN_PROGRESS,15,synthetic
1548,RR,265,RR_CREATED,RR Created,2026-05-06T00:09:36.211764+00:00,2026-05-06T00:09:36.211764+00:00,COMPLETED,16,synthetic
1549,RR,265,DOA,DOA Approval,2026-05-06T00:09:36.211764+00:00,2026-05-09T00:09:36.211764+00:00,COMPLETED,15,synthetic
1550,RR,265,MRP,MRP Processing,2026-05-09T00:09:36.211764+00:00,2026-05-12T00:09:36.211764+00:00,COMPLETED,,synthetic
1551,PR,228,PR_CREATED,PR Created,2026-05-12T00:09:36.211764+00:00,2026-05-12T00:09:36.211764+00:00,COMPLETED,5,synthetic
1552,PR,228,NFA,NFA Approval,2026-05-13T00:09:36.211764+00:00,2026-05-16T00:09:36.211764+00:00,COMPLETED,15,synthetic
1553,PR,228,PO_CREATED,PO Created,2026-05-17T00:09:36.211764+00:00,2026-05-17T00:09:36.211764+00:00,COMPLETED,5,synthetic
1554,RR,266,RR_CREATED,RR Created,2026-01-11T23:09:36.211764+00:00,2026-01-11T23:09:36.211764+00:00,COMPLETED,1,synthetic
1555,RR,266,DOA,DOA Approval,2026-01-11T23:09:36.211764+00:00,2026-01-13T23:09:36.211764+00:00,COMPLETED,2,synthetic
1556,RR,266,MRP,MRP Processing,2026-01-13T23:09:36.211764+00:00,2026-02-01T23:09:36.211764+00:00,COMPLETED,,synthetic
1557,PR,229,PR_CREATED,PR Created,2026-02-01T23:09:36.211764+00:00,2026-02-01T23:09:36.211764+00:00,COMPLETED,13,synthetic
1558,PR,229,NFA,NFA Approval,2026-02-02T23:09:36.211764+00:00,2026-02-07T23:09:36.211764+00:00,COMPLETED,15,synthetic
1559,RR,267,RR_CREATED,RR Created,2026-06-07T21:09:36.211764+00:00,2026-06-07T21:09:36.211764+00:00,COMPLETED,5,synthetic
1560,RR,267,DOA,DOA Approval,2026-06-07T21:09:36.211764+00:00,2026-06-10T21:09:36.211764+00:00,COMPLETED,3,synthetic
1561,RR,267,MRP,MRP Processing,2026-06-10T21:09:36.211764+00:00,2026-06-13T21:09:36.211764+00:00,COMPLETED,,synthetic
1562,PR,230,PR_CREATED,PR Created,2026-06-13T21:09:36.211764+00:00,2026-06-13T21:09:36.211764+00:00,COMPLETED,24,synthetic
1563,PR,230,RFQ,RFQ,2026-06-14T21:09:36.211764+00:00,2026-06-22T21:09:36.211764+00:00,COMPLETED,24,synthetic
1564,PR,230,NFA,NFA Approval,2026-06-23T21:09:36.211764+00:00,2026-06-27T21:09:36.211764+00:00,REJECTED,15,synthetic
1565,RR,268,RR_CREATED,RR Created,2026-06-26T22:09:36.211764+00:00,2026-06-26T22:09:36.211764+00:00,COMPLETED,22,synthetic
1566,RR,268,DOA,DOA Approval,2026-06-26T22:09:36.211764+00:00,2026-06-28T22:09:36.211764+00:00,COMPLETED,15,synthetic
1567,RR,268,MRP,MRP Processing,2026-06-28T22:09:36.211764+00:00,2026-06-29T22:09:36.211764+00:00,COMPLETED,,synthetic
1568,PR,231,PR_CREATED,PR Created,2026-06-29T22:09:36.211764+00:00,2026-06-29T22:09:36.211764+00:00,COMPLETED,13,synthetic
1569,PR,231,RFQ,RFQ,2026-06-30T22:09:36.211764+00:00,,IN_PROGRESS,13,synthetic
1570,RR,269,RR_CREATED,RR Created,2026-05-08T05:09:36.211764+00:00,2026-05-08T05:09:36.211764+00:00,COMPLETED,21,synthetic
1571,RR,269,DOA,DOA Approval,2026-05-08T05:09:36.211764+00:00,,IN_PROGRESS,15,synthetic
1572,RR,270,RR_CREATED,RR Created,2026-04-13T01:09:36.211764+00:00,2026-04-13T01:09:36.211764+00:00,COMPLETED,7,synthetic
1573,RR,270,DOA,DOA Approval,2026-04-13T01:09:36.211764+00:00,2026-04-14T01:09:36.211764+00:00,COMPLETED,3,synthetic
1574,RR,270,MRP,MRP Processing,2026-04-14T01:09:36.211764+00:00,2026-04-15T01:09:36.211764+00:00,COMPLETED,,synthetic
1575,PR,232,PR_CREATED,PR Created,2026-04-15T01:09:36.211764+00:00,2026-04-15T01:09:36.211764+00:00,COMPLETED,12,synthetic
1576,PR,232,RFQ,RFQ,2026-04-16T01:09:36.211764+00:00,2026-04-26T01:09:36.211764+00:00,COMPLETED,12,synthetic
1577,PR,232,ARIBA,Ariba Event,2026-04-27T01:09:36.211764+00:00,2026-05-02T01:09:36.211764+00:00,COMPLETED,12,synthetic
1578,PR,232,AUCTION,Auction,2026-05-02T12:09:36.211764+00:00,2026-05-02T17:09:36.211764+00:00,COMPLETED,12,synthetic
1579,PR,232,PO_CREATED,PO Created,2026-05-03T17:09:36.211764+00:00,2026-05-03T17:09:36.211764+00:00,COMPLETED,12,synthetic
1580,RR,271,RR_CREATED,RR Created,2025-12-17T06:09:36.211764+00:00,2025-12-17T06:09:36.211764+00:00,COMPLETED,16,synthetic
1581,RR,271,DOA,DOA Approval,2025-12-17T06:09:36.211764+00:00,2025-12-18T06:09:36.211764+00:00,COMPLETED,3,synthetic
1582,RR,271,MRP,MRP Processing,2025-12-18T06:09:36.211764+00:00,2025-12-19T06:09:36.211764+00:00,COMPLETED,,synthetic
1583,PR,233,PR_CREATED,PR Created,2025-12-19T06:09:36.211764+00:00,2025-12-19T06:09:36.211764+00:00,COMPLETED,12,synthetic
1584,PR,233,NFA,NFA Approval,2025-12-20T06:09:36.211764+00:00,2025-12-24T06:09:36.211764+00:00,COMPLETED,15,synthetic
1585,PR,233,PO_CREATED,PO Created,2025-12-25T06:09:36.211764+00:00,2025-12-25T06:09:36.211764+00:00,COMPLETED,12,synthetic
1586,RR,272,RR_CREATED,RR Created,2026-04-01T05:09:36.211764+00:00,2026-04-01T05:09:36.211764+00:00,COMPLETED,2,synthetic
1587,RR,272,DOA,DOA Approval,2026-04-01T05:09:36.211764+00:00,2026-04-02T05:09:36.211764+00:00,COMPLETED,2,synthetic
1588,RR,272,MRP,MRP Processing,2026-04-02T05:09:36.211764+00:00,2026-04-03T05:09:36.211764+00:00,COMPLETED,,synthetic
1589,PR,234,PR_CREATED,PR Created,2026-04-03T05:09:36.211764+00:00,2026-04-03T05:09:36.211764+00:00,COMPLETED,13,synthetic
1590,PR,234,RFQ,RFQ,2026-04-04T05:09:36.211764+00:00,2026-04-09T05:09:36.211764+00:00,COMPLETED,13,synthetic
1591,PR,234,ARIBA,Ariba Event,2026-04-10T05:09:36.211764+00:00,2026-04-16T05:09:36.211764+00:00,COMPLETED,13,synthetic
1592,PR,234,PO_CREATED,PO Created,2026-04-17T05:09:36.211764+00:00,2026-04-17T05:09:36.211764+00:00,COMPLETED,13,synthetic
1593,RR,273,RR_CREATED,RR Created,2026-05-03T11:09:36.211764+00:00,2026-05-03T11:09:36.211764+00:00,COMPLETED,7,synthetic
1594,RR,273,DOA,DOA Approval,2026-05-03T11:09:36.211764+00:00,2026-05-04T11:09:36.211764+00:00,COMPLETED,2,synthetic
1595,RR,273,MRP,MRP Processing,2026-05-04T11:09:36.211764+00:00,2026-05-07T11:09:36.211764+00:00,COMPLETED,,synthetic
1596,PR,235,PR_CREATED,PR Created,2026-05-07T11:09:36.211764+00:00,2026-05-07T11:09:36.211764+00:00,COMPLETED,12,synthetic
1597,PR,235,NFA,NFA Approval,2026-05-08T11:09:36.211764+00:00,2026-05-11T11:09:36.211764+00:00,COMPLETED,3,synthetic
1598,PR,235,PO_CREATED,PO Created,2026-05-12T11:09:36.211764+00:00,2026-05-12T11:09:36.211764+00:00,COMPLETED,12,synthetic
1599,RR,274,RR_CREATED,RR Created,2026-04-20T02:09:36.211764+00:00,2026-04-20T02:09:36.211764+00:00,COMPLETED,14,synthetic
1600,RR,274,DOA,DOA Approval,2026-04-20T02:09:36.211764+00:00,2026-04-23T02:09:36.211764+00:00,COMPLETED,2,synthetic
1601,RR,274,MRP,MRP Processing,2026-04-23T02:09:36.211764+00:00,2026-04-26T02:09:36.211764+00:00,COMPLETED,,synthetic
1602,PR,236,PR_CREATED,PR Created,2026-04-26T02:09:36.211764+00:00,2026-04-26T02:09:36.211764+00:00,COMPLETED,13,synthetic
1603,PR,236,RFQ,RFQ,2026-04-27T02:09:36.211764+00:00,2026-05-03T02:09:36.211764+00:00,COMPLETED,13,synthetic
1604,PR,236,NFA,NFA Approval,2026-05-04T02:09:36.211764+00:00,2026-05-08T02:09:36.211764+00:00,COMPLETED,15,synthetic
1605,PR,236,PO_CREATED,PO Created,2026-05-09T02:09:36.211764+00:00,2026-05-09T02:09:36.211764+00:00,COMPLETED,13,synthetic
1606,RR,275,RR_CREATED,RR Created,2026-07-03T22:09:36.211764+00:00,2026-07-03T22:09:36.211764+00:00,COMPLETED,20,synthetic
1607,RR,275,DOA,DOA Approval,2026-07-03T22:09:36.211764+00:00,2026-07-05T22:09:36.211764+00:00,COMPLETED,3,synthetic
1608,RR,275,MRP,MRP Processing,2026-07-05T22:09:36.211764+00:00,2026-07-07T22:09:36.211764+00:00,COMPLETED,,synthetic
1609,PR,237,PR_CREATED,PR Created,2026-07-07T22:09:36.211764+00:00,2026-07-07T22:09:36.211764+00:00,COMPLETED,5,synthetic
1610,PR,237,RFQ,RFQ,2026-07-08T22:09:36.211764+00:00,2026-07-15T22:09:36.211764+00:00,COMPLETED,5,synthetic
1611,PR,237,PO_CREATED,PO Created,2026-07-16T22:09:36.211764+00:00,2026-07-16T22:09:36.211764+00:00,COMPLETED,5,synthetic
1612,RR,276,RR_CREATED,RR Created,2026-02-13T08:09:36.211764+00:00,2026-02-13T08:09:36.211764+00:00,COMPLETED,15,synthetic
1613,RR,276,DOA,DOA Approval,2026-02-13T08:09:36.211764+00:00,2026-02-16T08:09:36.211764+00:00,COMPLETED,3,synthetic
1614,RR,276,MRP,MRP Processing,2026-02-16T08:09:36.211764+00:00,2026-02-17T08:09:36.211764+00:00,COMPLETED,,synthetic
1615,PR,238,PR_CREATED,PR Created,2026-02-17T08:09:36.211764+00:00,2026-02-17T08:09:36.211764+00:00,COMPLETED,5,synthetic
1616,PR,238,RFQ,RFQ,2026-02-18T08:09:36.211764+00:00,2026-02-26T08:09:36.211764+00:00,COMPLETED,5,synthetic
1617,PR,238,PO_CREATED,PO Created,2026-02-27T08:09:36.211764+00:00,2026-02-27T08:09:36.211764+00:00,COMPLETED,5,synthetic
1618,RR,277,RR_CREATED,RR Created,2026-07-15T08:09:36.211764+00:00,2026-07-15T08:09:36.211764+00:00,COMPLETED,7,synthetic
1619,RR,277,DOA,DOA Approval,2026-07-15T08:09:36.211764+00:00,2026-07-18T08:09:36.211764+00:00,COMPLETED,2,synthetic
1620,RR,277,MRP,MRP Processing,2026-07-18T08:09:36.211764+00:00,2026-07-20T08:09:36.211764+00:00,COMPLETED,,synthetic
1621,PR,239,PR_CREATED,PR Created,2026-07-20T08:09:36.211764+00:00,2026-07-20T08:09:36.211764+00:00,COMPLETED,13,synthetic
1622,PR,239,RFQ,RFQ,2026-07-21T08:09:36.211764+00:00,2026-07-27T08:09:36.211764+00:00,COMPLETED,13,synthetic
1623,PR,239,ARIBA,Ariba Event,2026-07-28T08:09:36.211764+00:00,2026-08-03T08:09:36.211764+00:00,COMPLETED,13,synthetic
1624,PR,239,NFA,NFA Approval,2026-08-04T08:09:36.211764+00:00,2026-08-09T08:09:36.211764+00:00,COMPLETED,3,synthetic
1625,PR,239,PO_CREATED,PO Created,2026-08-10T08:09:36.211764+00:00,2026-08-10T08:09:36.211764+00:00,COMPLETED,13,synthetic
1626,RR,278,RR_CREATED,RR Created,2026-01-17T03:09:36.211764+00:00,2026-01-17T03:09:36.211764+00:00,COMPLETED,17,synthetic
1627,RR,278,DOA,DOA Approval,2026-01-17T03:09:36.211764+00:00,2026-01-19T03:09:36.211764+00:00,COMPLETED,2,synthetic
1628,RR,278,MRP,MRP Processing,2026-01-19T03:09:36.211764+00:00,2026-01-20T03:09:36.211764+00:00,COMPLETED,,synthetic
1629,PR,240,PR_CREATED,PR Created,2026-01-20T03:09:36.211764+00:00,2026-01-20T03:09:36.211764+00:00,COMPLETED,5,synthetic
1630,PR,240,RFQ,RFQ,2026-01-21T03:09:36.211764+00:00,2026-01-26T03:09:36.211764+00:00,COMPLETED,5,synthetic
1631,PR,240,PO_CREATED,PO Created,2026-01-27T03:09:36.211764+00:00,2026-01-27T03:09:36.211764+00:00,COMPLETED,5,synthetic
1632,RR,279,RR_CREATED,RR Created,2026-05-06T04:09:36.211764+00:00,2026-05-06T04:09:36.211764+00:00,COMPLETED,1,synthetic
1633,RR,279,DOA,DOA Approval,2026-05-06T04:09:36.211764+00:00,2026-05-07T04:09:36.211764+00:00,COMPLETED,2,synthetic
1634,RR,279,MRP,MRP Processing,2026-05-07T04:09:36.211764+00:00,2026-05-10T04:09:36.211764+00:00,COMPLETED,,synthetic
1635,PR,241,PR_CREATED,PR Created,2026-05-10T04:09:36.211764+00:00,2026-05-10T04:09:36.211764+00:00,COMPLETED,24,synthetic
1636,PR,241,PO_CREATED,PO Created,2026-05-11T04:09:36.211764+00:00,2026-05-11T04:09:36.211764+00:00,COMPLETED,24,synthetic
1637,RR,280,RR_CREATED,RR Created,2026-06-30T10:09:36.211764+00:00,2026-06-30T10:09:36.211764+00:00,COMPLETED,13,synthetic
1638,RR,280,DOA,DOA Approval,2026-06-30T10:09:36.211764+00:00,2026-07-01T10:09:36.211764+00:00,COMPLETED,2,synthetic
1639,RR,280,MRP,MRP Processing,2026-07-01T10:09:36.211764+00:00,2026-07-19T10:09:36.211764+00:00,COMPLETED,,synthetic
1640,PR,242,PR_CREATED,PR Created,2026-07-19T10:09:36.211764+00:00,2026-07-19T10:09:36.211764+00:00,COMPLETED,12,synthetic
1641,PR,242,RFQ,RFQ,2026-07-20T10:09:36.211764+00:00,2026-07-30T10:09:36.211764+00:00,COMPLETED,12,synthetic
1642,PR,242,PO_CREATED,PO Created,2026-07-31T10:09:36.211764+00:00,2026-07-31T10:09:36.211764+00:00,COMPLETED,12,synthetic
1643,RR,281,RR_CREATED,RR Created,2025-12-14T09:09:36.211764+00:00,2025-12-14T09:09:36.211764+00:00,COMPLETED,5,synthetic
1644,RR,281,DOA,DOA Approval,2025-12-14T09:09:36.211764+00:00,2026-01-01T09:09:36.211764+00:00,COMPLETED,2,synthetic
1645,RR,281,MRP,MRP Processing,2026-01-01T09:09:36.211764+00:00,2026-01-03T09:09:36.211764+00:00,COMPLETED,,synthetic
1646,PR,243,PR_CREATED,PR Created,2026-01-03T09:09:36.211764+00:00,2026-01-03T09:09:36.211764+00:00,COMPLETED,24,synthetic
1647,PR,243,RFQ,RFQ,2026-01-04T09:09:36.211764+00:00,2026-01-11T09:09:36.211764+00:00,COMPLETED,24,synthetic
1648,PR,243,ARIBA,Ariba Event,2026-01-12T09:09:36.211764+00:00,2026-01-16T09:09:36.211764+00:00,COMPLETED,24,synthetic
1649,PR,243,AUCTION,Auction,2026-01-16T22:09:36.211764+00:00,2026-01-17T04:09:36.211764+00:00,COMPLETED,24,synthetic
1650,PR,243,NFA,NFA Approval,2026-01-18T04:09:36.211764+00:00,2026-01-22T04:09:36.211764+00:00,COMPLETED,3,synthetic
1651,PR,243,PO_CREATED,PO Created,2026-01-23T04:09:36.211764+00:00,2026-01-23T04:09:36.211764+00:00,COMPLETED,24,synthetic
1652,RR,282,RR_CREATED,RR Created,2026-03-23T10:09:36.211764+00:00,2026-03-23T10:09:36.211764+00:00,COMPLETED,9,synthetic
1653,RR,282,DOA,DOA Approval,2026-03-23T10:09:36.211764+00:00,2026-03-25T10:09:36.211764+00:00,COMPLETED,2,synthetic
1654,RR,282,MRP,MRP Processing,2026-03-25T10:09:36.211764+00:00,2026-03-26T10:09:36.211764+00:00,COMPLETED,,synthetic
1655,PR,244,PR_CREATED,PR Created,2026-03-26T10:09:36.211764+00:00,2026-03-26T10:09:36.211764+00:00,COMPLETED,5,synthetic
1656,PR,244,NFA,NFA Approval,2026-03-27T10:09:36.211764+00:00,2026-04-01T10:09:36.211764+00:00,COMPLETED,15,synthetic
1657,PR,244,PO_CREATED,PO Created,2026-04-02T10:09:36.211764+00:00,2026-04-02T10:09:36.211764+00:00,COMPLETED,5,synthetic
1658,RR,283,RR_CREATED,RR Created,2026-02-27T03:09:36.211764+00:00,2026-02-27T03:09:36.211764+00:00,COMPLETED,4,synthetic
1659,RR,283,DOA,DOA Approval,2026-02-27T03:09:36.211764+00:00,2026-03-02T03:09:36.211764+00:00,REJECTED,15,synthetic
1660,RR,284,RR_CREATED,RR Created,2026-02-24T19:09:36.211764+00:00,2026-02-24T19:09:36.211764+00:00,COMPLETED,21,synthetic
1661,RR,284,DOA,DOA Approval,2026-02-24T19:09:36.211764+00:00,2026-02-26T19:09:36.211764+00:00,COMPLETED,15,synthetic
1662,RR,284,MRP,MRP Processing,2026-02-26T19:09:36.211764+00:00,2026-02-27T19:09:36.211764+00:00,COMPLETED,,synthetic
1663,PR,245,PR_CREATED,PR Created,2026-02-27T19:09:36.211764+00:00,2026-02-27T19:09:36.211764+00:00,COMPLETED,5,synthetic
1664,PR,245,NFA,NFA Approval,2026-02-28T19:09:36.211764+00:00,2026-03-04T19:09:36.211764+00:00,COMPLETED,15,synthetic
1665,PR,245,PO_CREATED,PO Created,2026-03-05T19:09:36.211764+00:00,2026-03-05T19:09:36.211764+00:00,COMPLETED,5,synthetic
1666,RR,285,RR_CREATED,RR Created,2026-06-20T06:09:36.211764+00:00,2026-06-20T06:09:36.211764+00:00,COMPLETED,13,synthetic
1667,RR,285,DOA,DOA Approval,2026-06-20T06:09:36.211764+00:00,,IN_PROGRESS,2,synthetic
1668,RR,286,RR_CREATED,RR Created,2025-12-16T06:09:36.211764+00:00,2025-12-16T06:09:36.211764+00:00,COMPLETED,19,synthetic
1669,RR,286,DOA,DOA Approval,2025-12-16T06:09:36.211764+00:00,2026-01-15T06:09:36.211764+00:00,COMPLETED,3,synthetic
1670,RR,286,MRP,MRP Processing,2026-01-15T06:09:36.211764+00:00,2026-01-18T06:09:36.211764+00:00,COMPLETED,,synthetic
1671,PR,246,PR_CREATED,PR Created,2026-01-18T06:09:36.211764+00:00,2026-01-18T06:09:36.211764+00:00,COMPLETED,24,synthetic
1672,PR,246,RFQ,RFQ,2026-01-19T06:09:36.211764+00:00,2026-01-27T06:09:36.211764+00:00,COMPLETED,24,synthetic
1673,PR,246,NFA,NFA Approval,2026-01-28T06:09:36.211764+00:00,2026-01-31T06:09:36.211764+00:00,COMPLETED,3,synthetic
1674,PR,246,PO_CREATED,PO Created,2026-02-01T06:09:36.211764+00:00,2026-02-01T06:09:36.211764+00:00,COMPLETED,24,synthetic
1675,RR,287,RR_CREATED,RR Created,2026-04-29T04:09:36.211764+00:00,2026-04-29T04:09:36.211764+00:00,COMPLETED,6,synthetic
1676,RR,287,DOA,DOA Approval,2026-04-29T04:09:36.211764+00:00,,IN_PROGRESS,15,synthetic
1677,RR,288,RR_CREATED,RR Created,2026-04-03T01:09:36.211764+00:00,2026-04-03T01:09:36.211764+00:00,COMPLETED,4,synthetic
1678,RR,288,DOA,DOA Approval,2026-04-03T01:09:36.211764+00:00,2026-04-04T01:09:36.211764+00:00,COMPLETED,2,synthetic
1679,RR,288,MRP,MRP Processing,2026-04-04T01:09:36.211764+00:00,2026-04-06T01:09:36.211764+00:00,COMPLETED,,synthetic
1680,PR,247,PR_CREATED,PR Created,2026-04-06T01:09:36.211764+00:00,2026-04-06T01:09:36.211764+00:00,COMPLETED,5,synthetic
1681,PR,247,RFQ,RFQ,2026-04-07T01:09:36.211764+00:00,2026-05-17T01:09:36.211764+00:00,COMPLETED,5,synthetic
1682,PR,247,NFA,NFA Approval,2026-05-18T01:09:36.211764+00:00,2026-05-20T01:09:36.211764+00:00,COMPLETED,15,synthetic
1683,PR,247,PO_CREATED,PO Created,2026-05-21T01:09:36.211764+00:00,2026-05-21T01:09:36.211764+00:00,COMPLETED,5,synthetic
1684,RR,289,RR_CREATED,RR Created,2026-06-18T23:09:36.211764+00:00,2026-06-18T23:09:36.211764+00:00,COMPLETED,21,synthetic
1685,RR,289,DOA,DOA Approval,2026-06-18T23:09:36.211764+00:00,,IN_PROGRESS,2,synthetic
1686,RR,290,RR_CREATED,RR Created,2026-08-17T06:09:36.211764+00:00,2026-08-17T06:09:36.211764+00:00,COMPLETED,21,synthetic
1687,RR,290,DOA,DOA Approval,2026-08-17T06:09:36.211764+00:00,2026-08-20T06:09:36.211764+00:00,COMPLETED,2,synthetic
1688,RR,290,MRP,MRP Processing,2026-08-20T06:09:36.211764+00:00,2026-08-23T06:09:36.211764+00:00,COMPLETED,,synthetic
1689,PR,248,PR_CREATED,PR Created,2026-08-23T06:09:36.211764+00:00,2026-08-23T06:09:36.211764+00:00,COMPLETED,24,synthetic
1690,PR,248,NFA,NFA Approval,2026-08-24T06:09:36.211764+00:00,2026-08-26T06:09:36.211764+00:00,COMPLETED,15,synthetic
1691,PR,248,PO_CREATED,PO Created,2026-08-27T06:09:36.211764+00:00,2026-08-27T06:09:36.211764+00:00,COMPLETED,24,synthetic
1692,RR,291,RR_CREATED,RR Created,2026-07-01T05:09:36.211764+00:00,2026-07-01T05:09:36.211764+00:00,COMPLETED,22,synthetic
1693,RR,291,DOA,DOA Approval,2026-07-01T05:09:36.211764+00:00,2026-07-04T05:09:36.211764+00:00,COMPLETED,15,synthetic
1694,RR,291,MRP,MRP Processing,2026-07-04T05:09:36.211764+00:00,2026-07-06T05:09:36.211764+00:00,COMPLETED,,synthetic
1695,PR,249,PR_CREATED,PR Created,2026-07-06T05:09:36.211764+00:00,2026-07-06T05:09:36.211764+00:00,COMPLETED,13,synthetic
1696,PR,249,RFQ,RFQ,2026-07-07T05:09:36.211764+00:00,2026-07-13T05:09:36.211764+00:00,COMPLETED,13,synthetic
1697,PR,249,PO_CREATED,PO Created,2026-07-14T05:09:36.211764+00:00,2026-07-14T05:09:36.211764+00:00,COMPLETED,13,synthetic
1698,RR,292,RR_CREATED,RR Created,2026-04-21T22:09:36.211764+00:00,2026-04-21T22:09:36.211764+00:00,COMPLETED,12,synthetic
1699,RR,292,DOA,DOA Approval,2026-04-21T22:09:36.211764+00:00,,IN_PROGRESS,15,synthetic
1700,RR,293,RR_CREATED,RR Created,2026-05-24T11:09:36.211764+00:00,2026-05-24T11:09:36.211764+00:00,COMPLETED,21,synthetic
1701,RR,293,DOA,DOA Approval,2026-05-24T11:09:36.211764+00:00,2026-05-26T11:09:36.211764+00:00,COMPLETED,3,synthetic
1702,RR,293,MRP,MRP Processing,2026-05-26T11:09:36.211764+00:00,2026-05-27T11:09:36.211764+00:00,COMPLETED,,synthetic
1703,PR,250,PR_CREATED,PR Created,2026-05-27T11:09:36.211764+00:00,2026-05-27T11:09:36.211764+00:00,COMPLETED,12,synthetic
1704,PR,250,RFQ,RFQ,2026-05-28T11:09:36.211764+00:00,2026-06-03T11:09:36.211764+00:00,COMPLETED,12,synthetic
1705,PR,250,ARIBA,Ariba Event,2026-06-04T11:09:36.211764+00:00,2026-06-07T11:09:36.211764+00:00,COMPLETED,12,synthetic
1706,PR,250,NFA,NFA Approval,2026-06-08T11:09:36.211764+00:00,2026-06-10T11:09:36.211764+00:00,REJECTED,3,synthetic
1707,RR,294,RR_CREATED,RR Created,2026-06-10T18:09:36.211764+00:00,2026-06-10T18:09:36.211764+00:00,COMPLETED,20,synthetic
1708,RR,294,DOA,DOA Approval,2026-06-10T18:09:36.211764+00:00,2026-06-14T18:09:36.211764+00:00,COMPLETED,2,synthetic
1709,RR,294,MRP,MRP Processing,2026-06-14T18:09:36.211764+00:00,2026-06-15T18:09:36.211764+00:00,COMPLETED,,synthetic
1710,PR,251,PR_CREATED,PR Created,2026-06-15T18:09:36.211764+00:00,2026-06-15T18:09:36.211764+00:00,COMPLETED,12,synthetic
1711,PR,251,PO_CREATED,PO Created,2026-06-16T18:09:36.211764+00:00,2026-06-16T18:09:36.211764+00:00,COMPLETED,12,synthetic
1712,RR,295,RR_CREATED,RR Created,2026-05-12T02:09:36.211764+00:00,2026-05-12T02:09:36.211764+00:00,COMPLETED,16,synthetic
1713,RR,295,DOA,DOA Approval,2026-05-12T02:09:36.211764+00:00,2026-06-01T02:09:36.211764+00:00,COMPLETED,15,synthetic
1714,RR,295,MRP,MRP Processing,2026-06-01T02:09:36.211764+00:00,2026-06-03T02:09:36.211764+00:00,COMPLETED,,synthetic
1715,PR,252,PR_CREATED,PR Created,2026-06-03T02:09:36.211764+00:00,2026-06-03T02:09:36.211764+00:00,COMPLETED,5,synthetic
1716,PR,252,RFQ,RFQ,2026-06-04T02:09:36.211764+00:00,2026-06-09T02:09:36.211764+00:00,COMPLETED,5,synthetic
1717,RR,296,RR_CREATED,RR Created,2026-04-25T00:09:36.211764+00:00,2026-04-25T00:09:36.211764+00:00,COMPLETED,11,synthetic
1718,RR,296,DOA,DOA Approval,2026-04-25T00:09:36.211764+00:00,2026-05-30T00:09:36.211764+00:00,COMPLETED,3,synthetic
1719,RR,296,MRP,MRP Processing,2026-05-30T00:09:36.211764+00:00,2026-06-01T00:09:36.211764+00:00,COMPLETED,,synthetic
1720,PR,253,PR_CREATED,PR Created,2026-06-01T00:09:36.211764+00:00,2026-06-01T00:09:36.211764+00:00,COMPLETED,24,synthetic
1721,PR,253,PO_CREATED,PO Created,2026-06-02T00:09:36.211764+00:00,2026-06-02T00:09:36.211764+00:00,COMPLETED,24,synthetic
1722,RR,297,RR_CREATED,RR Created,2025-12-21T01:09:36.211764+00:00,2025-12-21T01:09:36.211764+00:00,COMPLETED,3,synthetic
1723,RR,297,DOA,DOA Approval,2025-12-21T01:09:36.211764+00:00,2025-12-22T01:09:36.211764+00:00,COMPLETED,2,synthetic
1724,RR,297,MRP,MRP Processing,2025-12-22T01:09:36.211764+00:00,2025-12-24T01:09:36.211764+00:00,COMPLETED,,synthetic
1725,PR,254,PR_CREATED,PR Created,2025-12-24T01:09:36.211764+00:00,2025-12-24T01:09:36.211764+00:00,COMPLETED,13,synthetic
1726,PR,254,RFQ,RFQ,2025-12-25T01:09:36.211764+00:00,2026-01-30T01:09:36.211764+00:00,COMPLETED,13,synthetic
1727,PR,254,ARIBA,Ariba Event,2026-01-31T01:09:36.211764+00:00,2026-02-03T01:09:36.211764+00:00,COMPLETED,13,synthetic
1728,PR,254,AUCTION,Auction,2026-02-03T13:09:36.211764+00:00,2026-02-03T16:09:36.211764+00:00,COMPLETED,13,synthetic
1729,PR,254,NFA,NFA Approval,2026-02-04T16:09:36.211764+00:00,2026-02-07T16:09:36.211764+00:00,COMPLETED,3,synthetic
1730,PR,254,PO_CREATED,PO Created,2026-02-08T16:09:36.211764+00:00,2026-02-08T16:09:36.211764+00:00,COMPLETED,13,synthetic
1731,RR,298,RR_CREATED,RR Created,2026-04-05T10:09:36.211764+00:00,2026-04-05T10:09:36.211764+00:00,COMPLETED,10,synthetic
1732,RR,298,DOA,DOA Approval,2026-04-05T10:09:36.211764+00:00,2026-04-08T10:09:36.211764+00:00,COMPLETED,15,synthetic
1733,RR,298,MRP,MRP Processing,2026-04-08T10:09:36.211764+00:00,2026-04-11T10:09:36.211764+00:00,COMPLETED,,synthetic
1734,PR,255,PR_CREATED,PR Created,2026-04-11T10:09:36.211764+00:00,2026-04-11T10:09:36.211764+00:00,COMPLETED,5,synthetic
1735,PR,255,RFQ,RFQ,2026-04-12T10:09:36.211764+00:00,2026-04-20T10:09:36.211764+00:00,COMPLETED,5,synthetic
1736,PR,255,ARIBA,Ariba Event,2026-04-21T10:09:36.211764+00:00,2026-04-25T10:09:36.211764+00:00,COMPLETED,5,synthetic
1737,PR,255,PO_CREATED,PO Created,2026-04-26T10:09:36.211764+00:00,2026-04-26T10:09:36.211764+00:00,COMPLETED,5,synthetic
1738,RR,299,RR_CREATED,RR Created,2026-07-31T14:09:36.211764+00:00,2026-07-31T14:09:36.211764+00:00,COMPLETED,4,synthetic
1739,RR,299,DOA,DOA Approval,2026-07-31T14:09:36.211764+00:00,2026-08-03T14:09:36.211764+00:00,REJECTED,3,synthetic
1740,RR,300,RR_CREATED,RR Created,2026-06-17T06:09:36.211764+00:00,2026-06-17T06:09:36.211764+00:00,COMPLETED,5,synthetic
1741,RR,300,DOA,DOA Approval,2026-06-17T06:09:36.211764+00:00,2026-06-21T06:09:36.211764+00:00,COMPLETED,15,synthetic
1742,RR,300,MRP,MRP Processing,2026-06-21T06:09:36.211764+00:00,2026-06-22T06:09:36.211764+00:00,COMPLETED,,synthetic
1743,PR,256,PR_CREATED,PR Created,2026-06-22T06:09:36.211764+00:00,2026-06-22T06:09:36.211764+00:00,COMPLETED,5,synthetic
1744,PR,256,RFQ,RFQ,2026-06-23T06:09:36.211764+00:00,2026-07-02T06:09:36.211764+00:00,COMPLETED,5,synthetic
1745,PR,256,NFA,NFA Approval,2026-07-03T06:09:36.211764+00:00,2026-07-07T06:09:36.211764+00:00,COMPLETED,15,synthetic
1746,PR,256,PO_CREATED,PO Created,2026-07-08T06:09:36.211764+00:00,2026-07-08T06:09:36.211764+00:00,COMPLETED,5,synthetic
1747,RR,301,RR_CREATED,RR Created,2026-07-03T04:09:36.211764+00:00,2026-07-03T04:09:36.211764+00:00,COMPLETED,10,synthetic
1748,RR,301,DOA,DOA Approval,2026-07-03T04:09:36.211764+00:00,2026-07-04T04:09:36.211764+00:00,COMPLETED,2,synthetic
1749,RR,301,MRP,MRP Processing,2026-07-04T04:09:36.211764+00:00,2026-07-06T04:09:36.211764+00:00,COMPLETED,,synthetic
1750,PR,257,PR_CREATED,PR Created,2026-07-06T04:09:36.211764+00:00,2026-07-06T04:09:36.211764+00:00,COMPLETED,13,synthetic
1751,PR,257,RFQ,RFQ,2026-07-07T04:09:36.211764+00:00,2026-07-14T04:09:36.211764+00:00,COMPLETED,13,synthetic
1752,PR,257,ARIBA,Ariba Event,2026-07-15T04:09:36.211764+00:00,2026-07-18T04:09:36.211764+00:00,COMPLETED,13,synthetic
1753,PR,257,AUCTION,Auction,2026-07-18T07:09:36.211764+00:00,2026-07-18T09:09:36.211764+00:00,COMPLETED,13,synthetic
1754,PR,257,PO_CREATED,PO Created,2026-07-19T09:09:36.211764+00:00,2026-07-19T09:09:36.211764+00:00,COMPLETED,13,synthetic
1755,RR,302,RR_CREATED,RR Created,2026-04-09T15:09:36.211764+00:00,2026-04-09T15:09:36.211764+00:00,COMPLETED,22,synthetic
1756,RR,302,DOA,DOA Approval,2026-04-09T15:09:36.211764+00:00,2026-04-10T15:09:36.211764+00:00,COMPLETED,3,synthetic
1757,RR,302,MRP,MRP Processing,2026-04-10T15:09:36.211764+00:00,2026-04-13T15:09:36.211764+00:00,COMPLETED,,synthetic
1758,PR,258,PR_CREATED,PR Created,2026-04-13T15:09:36.211764+00:00,2026-04-13T15:09:36.211764+00:00,COMPLETED,13,synthetic
1759,PR,258,RFQ,RFQ,2026-04-14T15:09:36.211764+00:00,2026-04-20T15:09:36.211764+00:00,COMPLETED,13,synthetic
1760,PR,258,PO_CREATED,PO Created,2026-04-21T15:09:36.211764+00:00,2026-04-21T15:09:36.211764+00:00,COMPLETED,13,synthetic
1761,RR,303,RR_CREATED,RR Created,2026-05-13T11:09:36.211764+00:00,2026-05-13T11:09:36.211764+00:00,COMPLETED,10,synthetic
1762,RR,303,DOA,DOA Approval,2026-05-13T11:09:36.211764+00:00,,IN_PROGRESS,2,synthetic
1763,RR,304,RR_CREATED,RR Created,2026-02-07T19:09:36.211764+00:00,2026-02-07T19:09:36.211764+00:00,COMPLETED,19,synthetic
1764,RR,304,DOA,DOA Approval,2026-02-07T19:09:36.211764+00:00,2026-02-08T19:09:36.211764+00:00,COMPLETED,3,synthetic
1765,RR,304,MRP,MRP Processing,2026-02-08T19:09:36.211764+00:00,2026-02-09T19:09:36.211764+00:00,COMPLETED,,synthetic
1766,PR,259,PR_CREATED,PR Created,2026-02-09T19:09:36.211764+00:00,2026-02-09T19:09:36.211764+00:00,COMPLETED,5,synthetic
1767,PR,259,RFQ,RFQ,2026-02-10T19:09:36.211764+00:00,2026-02-19T19:09:36.211764+00:00,COMPLETED,5,synthetic
1768,PR,259,NFA,NFA Approval,2026-02-20T19:09:36.211764+00:00,2026-02-25T19:09:36.211764+00:00,COMPLETED,15,synthetic
1769,PR,259,PO_CREATED,PO Created,2026-02-26T19:09:36.211764+00:00,2026-02-26T19:09:36.211764+00:00,COMPLETED,5,synthetic
1770,RR,305,RR_CREATED,RR Created,2026-03-22T18:09:36.211764+00:00,2026-03-22T18:09:36.211764+00:00,COMPLETED,7,synthetic
1771,RR,305,DOA,DOA Approval,2026-03-22T18:09:36.211764+00:00,2026-03-25T18:09:36.211764+00:00,COMPLETED,2,synthetic
1772,RR,305,MRP,MRP Processing,2026-03-25T18:09:36.211764+00:00,2026-04-12T18:09:36.211764+00:00,COMPLETED,,synthetic
1773,PR,260,PR_CREATED,PR Created,2026-04-12T18:09:36.211764+00:00,2026-04-12T18:09:36.211764+00:00,COMPLETED,5,synthetic
1774,PR,260,PO_CREATED,PO Created,2026-04-13T18:09:36.211764+00:00,2026-04-13T18:09:36.211764+00:00,COMPLETED,5,synthetic
1775,RR,306,RR_CREATED,RR Created,2026-04-26T14:09:36.211764+00:00,2026-04-26T14:09:36.211764+00:00,COMPLETED,13,synthetic
1776,RR,306,DOA,DOA Approval,2026-04-26T14:09:36.211764+00:00,2026-04-29T14:09:36.211764+00:00,COMPLETED,2,synthetic
1777,RR,306,MRP,MRP Processing,2026-04-29T14:09:36.211764+00:00,2026-04-30T14:09:36.211764+00:00,COMPLETED,,synthetic
1778,PR,261,PR_CREATED,PR Created,2026-04-30T14:09:36.211764+00:00,2026-04-30T14:09:36.211764+00:00,COMPLETED,12,synthetic
1779,PR,261,NFA,NFA Approval,2026-05-01T14:09:36.211764+00:00,2026-05-03T14:09:36.211764+00:00,COMPLETED,3,synthetic
1780,PR,261,PO_CREATED,PO Created,2026-05-04T14:09:36.211764+00:00,2026-05-04T14:09:36.211764+00:00,COMPLETED,12,synthetic
1781,RR,307,RR_CREATED,RR Created,2026-03-02T23:09:36.211764+00:00,2026-03-02T23:09:36.211764+00:00,COMPLETED,23,synthetic
1782,RR,307,DOA,DOA Approval,2026-03-02T23:09:36.211764+00:00,2026-03-04T23:09:36.211764+00:00,COMPLETED,2,synthetic
1783,RR,307,MRP,MRP Processing,2026-03-04T23:09:36.211764+00:00,2026-03-05T23:09:36.211764+00:00,COMPLETED,,synthetic
1784,PR,262,PR_CREATED,PR Created,2026-03-05T23:09:36.211764+00:00,2026-03-05T23:09:36.211764+00:00,COMPLETED,5,synthetic
1785,PR,262,RFQ,RFQ,2026-03-06T23:09:36.211764+00:00,2026-04-03T23:09:36.211764+00:00,COMPLETED,5,synthetic
1786,PR,262,PO_CREATED,PO Created,2026-04-04T23:09:36.211764+00:00,2026-04-04T23:09:36.211764+00:00,COMPLETED,5,synthetic
1787,RR,308,RR_CREATED,RR Created,2026-06-10T13:09:36.211764+00:00,2026-06-10T13:09:36.211764+00:00,COMPLETED,12,synthetic
1788,RR,308,DOA,DOA Approval,2026-06-10T13:09:36.211764+00:00,,IN_PROGRESS,15,synthetic
1789,RR,309,RR_CREATED,RR Created,2026-05-02T03:09:36.211764+00:00,2026-05-02T03:09:36.211764+00:00,COMPLETED,16,synthetic
1790,RR,309,DOA,DOA Approval,2026-05-02T03:09:36.211764+00:00,2026-05-03T03:09:36.211764+00:00,COMPLETED,2,synthetic
1791,RR,309,MRP,MRP Processing,2026-05-03T03:09:36.211764+00:00,2026-05-05T03:09:36.211764+00:00,COMPLETED,,synthetic
1792,PR,263,PR_CREATED,PR Created,2026-05-05T03:09:36.211764+00:00,2026-05-05T03:09:36.211764+00:00,COMPLETED,24,synthetic
1793,PR,263,RFQ,RFQ,2026-05-06T03:09:36.211764+00:00,2026-05-11T03:09:36.211764+00:00,COMPLETED,24,synthetic
1794,PR,263,ARIBA,Ariba Event,2026-05-12T03:09:36.211764+00:00,2026-05-19T03:09:36.211764+00:00,COMPLETED,24,synthetic
1795,PR,263,AUCTION,Auction,2026-05-19T09:09:36.211764+00:00,2026-05-19T13:09:36.211764+00:00,COMPLETED,24,synthetic
1796,PR,263,PO_CREATED,PO Created,2026-05-20T13:09:36.211764+00:00,2026-05-20T13:09:36.211764+00:00,COMPLETED,24,synthetic
1797,RR,310,RR_CREATED,RR Created,2026-02-02T01:09:36.211764+00:00,2026-02-02T01:09:36.211764+00:00,COMPLETED,24,synthetic
1798,RR,310,DOA,DOA Approval,2026-02-02T01:09:36.211764+00:00,2026-02-05T01:09:36.211764+00:00,COMPLETED,2,synthetic
1799,RR,310,MRP,MRP Processing,2026-02-05T01:09:36.211764+00:00,2026-02-06T01:09:36.211764+00:00,COMPLETED,,synthetic
1800,PR,264,PR_CREATED,PR Created,2026-02-06T01:09:36.211764+00:00,2026-02-06T01:09:36.211764+00:00,COMPLETED,12,synthetic
1801,PR,264,RFQ,RFQ,2026-02-07T01:09:36.211764+00:00,2026-02-12T01:09:36.211764+00:00,COMPLETED,12,synthetic
1802,PR,264,NFA,NFA Approval,2026-02-13T01:09:36.211764+00:00,2026-02-17T01:09:36.211764+00:00,COMPLETED,3,synthetic
1803,PR,264,PO_CREATED,PO Created,2026-02-18T01:09:36.211764+00:00,2026-02-18T01:09:36.211764+00:00,COMPLETED,12,synthetic
1804,RR,311,RR_CREATED,RR Created,2026-07-02T07:09:36.211764+00:00,2026-07-02T07:09:36.211764+00:00,COMPLETED,18,synthetic
1805,RR,311,DOA,DOA Approval,2026-07-02T07:09:36.211764+00:00,2026-07-05T07:09:36.211764+00:00,COMPLETED,2,synthetic
1806,RR,311,MRP,MRP Processing,2026-07-05T07:09:36.211764+00:00,2026-07-06T07:09:36.211764+00:00,COMPLETED,,synthetic
1807,PR,265,PR_CREATED,PR Created,2026-07-06T07:09:36.211764+00:00,2026-07-06T07:09:36.211764+00:00,COMPLETED,13,synthetic
1808,PR,265,RFQ,RFQ,2026-07-07T07:09:36.211764+00:00,2026-07-17T07:09:36.211764+00:00,COMPLETED,13,synthetic
1809,PR,265,ARIBA,Ariba Event,2026-07-18T07:09:36.211764+00:00,2026-07-22T07:09:36.211764+00:00,COMPLETED,13,synthetic
1810,PR,265,NFA,NFA Approval,2026-07-23T07:09:36.211764+00:00,2026-07-28T07:09:36.211764+00:00,COMPLETED,15,synthetic
1811,PR,265,PO_CREATED,PO Created,2026-07-29T07:09:36.211764+00:00,2026-07-29T07:09:36.211764+00:00,COMPLETED,13,synthetic
1812,RR,312,RR_CREATED,RR Created,2026-01-26T11:09:36.211764+00:00,2026-01-26T11:09:36.211764+00:00,COMPLETED,23,synthetic
1813,RR,312,DOA,DOA Approval,2026-01-26T11:09:36.211764+00:00,2026-01-30T11:09:36.211764+00:00,COMPLETED,3,synthetic
1814,RR,312,MRP,MRP Processing,2026-01-30T11:09:36.211764+00:00,2026-01-31T11:09:36.211764+00:00,COMPLETED,,synthetic
1815,PR,266,PR_CREATED,PR Created,2026-01-31T11:09:36.211764+00:00,2026-01-31T11:09:36.211764+00:00,COMPLETED,24,synthetic
1816,PR,266,RFQ,RFQ,2026-02-01T11:09:36.211764+00:00,2026-02-06T11:09:36.211764+00:00,COMPLETED,24,synthetic
1817,PR,266,NFA,NFA Approval,2026-02-07T11:09:36.211764+00:00,2026-03-04T11:09:36.211764+00:00,COMPLETED,15,synthetic
1818,PR,266,PO_CREATED,PO Created,2026-03-05T11:09:36.211764+00:00,2026-03-05T11:09:36.211764+00:00,COMPLETED,24,synthetic
1819,RR,313,RR_CREATED,RR Created,2026-08-04T07:09:36.211764+00:00,2026-08-04T07:09:36.211764+00:00,COMPLETED,18,synthetic
1820,RR,313,DOA,DOA Approval,2026-08-04T07:09:36.211764+00:00,,IN_PROGRESS,2,synthetic
1821,RR,314,RR_CREATED,RR Created,2026-05-05T03:09:36.211764+00:00,2026-05-05T03:09:36.211764+00:00,COMPLETED,4,synthetic
1822,RR,314,DOA,DOA Approval,2026-05-05T03:09:36.211764+00:00,2026-05-06T03:09:36.211764+00:00,COMPLETED,15,synthetic
1823,RR,314,MRP,MRP Processing,2026-05-06T03:09:36.211764+00:00,2026-05-07T03:09:36.211764+00:00,COMPLETED,,synthetic
1824,PR,267,PR_CREATED,PR Created,2026-05-07T03:09:36.211764+00:00,2026-05-07T03:09:36.211764+00:00,COMPLETED,24,synthetic
1825,PR,267,NFA,NFA Approval,2026-05-08T03:09:36.211764+00:00,2026-05-11T03:09:36.211764+00:00,COMPLETED,15,synthetic
1826,PR,267,PO_CREATED,PO Created,2026-05-12T03:09:36.211764+00:00,2026-05-12T03:09:36.211764+00:00,COMPLETED,24,synthetic
1827,RR,315,RR_CREATED,RR Created,2026-04-12T12:09:36.211764+00:00,2026-04-12T12:09:36.211764+00:00,COMPLETED,6,synthetic
1828,RR,315,DOA,DOA Approval,2026-04-12T12:09:36.211764+00:00,2026-04-16T12:09:36.211764+00:00,COMPLETED,3,synthetic
1829,RR,315,MRP,MRP Processing,2026-04-16T12:09:36.211764+00:00,2026-04-19T12:09:36.211764+00:00,COMPLETED,,synthetic
1830,PR,268,PR_CREATED,PR Created,2026-04-19T12:09:36.211764+00:00,2026-04-19T12:09:36.211764+00:00,COMPLETED,12,synthetic
1831,PR,268,RFQ,RFQ,2026-04-20T12:09:36.211764+00:00,2026-04-26T12:09:36.211764+00:00,COMPLETED,12,synthetic
1832,PR,268,NFA,NFA Approval,2026-04-27T12:09:36.211764+00:00,2026-04-30T12:09:36.211764+00:00,COMPLETED,3,synthetic
1833,PR,268,PO_CREATED,PO Created,2026-05-01T12:09:36.211764+00:00,2026-05-01T12:09:36.211764+00:00,COMPLETED,12,synthetic
1834,RR,316,RR_CREATED,RR Created,2025-12-24T17:09:36.211764+00:00,2025-12-24T17:09:36.211764+00:00,COMPLETED,18,synthetic
1835,RR,316,DOA,DOA Approval,2025-12-24T17:09:36.211764+00:00,2025-12-27T17:09:36.211764+00:00,COMPLETED,2,synthetic
1836,RR,316,MRP,MRP Processing,2025-12-27T17:09:36.211764+00:00,2025-12-30T17:09:36.211764+00:00,COMPLETED,,synthetic
1837,PR,269,PR_CREATED,PR Created,2025-12-30T17:09:36.211764+00:00,2025-12-30T17:09:36.211764+00:00,COMPLETED,13,synthetic
1838,PR,269,NFA,NFA Approval,2025-12-31T17:09:36.211764+00:00,2026-01-02T17:09:36.211764+00:00,COMPLETED,3,synthetic
1839,PR,269,PO_CREATED,PO Created,2026-01-03T17:09:36.211764+00:00,2026-01-03T17:09:36.211764+00:00,COMPLETED,13,synthetic
1840,RR,317,RR_CREATED,RR Created,2026-05-08T01:09:36.211764+00:00,2026-05-08T01:09:36.211764+00:00,COMPLETED,21,synthetic
1841,RR,317,DOA,DOA Approval,2026-05-08T01:09:36.211764+00:00,2026-05-12T01:09:36.211764+00:00,COMPLETED,3,synthetic
1842,RR,317,MRP,MRP Processing,2026-05-12T01:09:36.211764+00:00,2026-05-15T01:09:36.211764+00:00,COMPLETED,,synthetic
1843,PR,270,PR_CREATED,PR Created,2026-05-15T01:09:36.211764+00:00,2026-05-15T01:09:36.211764+00:00,COMPLETED,24,synthetic
1844,PR,270,RFQ,RFQ,2026-05-16T01:09:36.211764+00:00,,IN_PROGRESS,24,synthetic
1845,RR,318,RR_CREATED,RR Created,2026-07-28T07:09:36.211764+00:00,2026-07-28T07:09:36.211764+00:00,COMPLETED,22,synthetic
1846,RR,318,DOA,DOA Approval,2026-07-28T07:09:36.211764+00:00,2026-07-31T07:09:36.211764+00:00,COMPLETED,3,synthetic
1847,RR,318,MRP,MRP Processing,2026-07-31T07:09:36.211764+00:00,2026-08-01T07:09:36.211764+00:00,COMPLETED,,synthetic
1848,PR,271,PR_CREATED,PR Created,2026-08-01T07:09:36.211764+00:00,2026-08-01T07:09:36.211764+00:00,COMPLETED,5,synthetic
1849,PR,271,RFQ,RFQ,2026-08-02T07:09:36.211764+00:00,2026-09-11T07:09:36.211764+00:00,COMPLETED,5,synthetic
1850,PR,271,ARIBA,Ariba Event,2026-09-12T07:09:36.211764+00:00,2026-09-17T07:09:36.211764+00:00,COMPLETED,5,synthetic
1851,PR,271,AUCTION,Auction,2026-09-17T23:09:36.211764+00:00,2026-09-18T01:09:36.211764+00:00,COMPLETED,5,synthetic
1852,PR,271,NFA,NFA Approval,2026-09-19T01:09:36.211764+00:00,2026-09-21T01:09:36.211764+00:00,COMPLETED,3,synthetic
1853,PR,271,PO_CREATED,PO Created,2026-09-22T01:09:36.211764+00:00,2026-09-22T01:09:36.211764+00:00,COMPLETED,5,synthetic
1854,RR,319,RR_CREATED,RR Created,2026-01-09T05:09:36.211764+00:00,2026-01-09T05:09:36.211764+00:00,COMPLETED,2,synthetic
1855,RR,319,DOA,DOA Approval,2026-01-09T05:09:36.211764+00:00,2026-01-13T05:09:36.211764+00:00,COMPLETED,2,synthetic
1856,RR,319,MRP,MRP Processing,2026-01-13T05:09:36.211764+00:00,2026-01-15T05:09:36.211764+00:00,COMPLETED,,synthetic
1857,PR,272,PR_CREATED,PR Created,2026-01-15T05:09:36.211764+00:00,2026-01-15T05:09:36.211764+00:00,COMPLETED,12,synthetic
1858,PR,272,NFA,NFA Approval,2026-01-16T05:09:36.211764+00:00,2026-01-21T05:09:36.211764+00:00,COMPLETED,3,synthetic
1859,PR,272,PO_CREATED,PO Created,2026-01-22T05:09:36.211764+00:00,2026-01-22T05:09:36.211764+00:00,COMPLETED,12,synthetic
1860,RR,320,RR_CREATED,RR Created,2026-03-06T02:09:36.211764+00:00,2026-03-06T02:09:36.211764+00:00,COMPLETED,5,synthetic
1861,RR,320,DOA,DOA Approval,2026-03-06T02:09:36.211764+00:00,2026-03-08T02:09:36.211764+00:00,REJECTED,3,synthetic
1862,RR,321,RR_CREATED,RR Created,2026-01-15T15:09:36.211764+00:00,2026-01-15T15:09:36.211764+00:00,COMPLETED,15,synthetic
1863,RR,321,DOA,DOA Approval,2026-01-15T15:09:36.211764+00:00,2026-01-18T15:09:36.211764+00:00,COMPLETED,15,synthetic
1864,RR,321,MRP,MRP Processing,2026-01-18T15:09:36.211764+00:00,2026-01-19T15:09:36.211764+00:00,COMPLETED,,synthetic
1865,PR,273,PR_CREATED,PR Created,2026-01-19T15:09:36.211764+00:00,2026-01-19T15:09:36.211764+00:00,COMPLETED,12,synthetic
1866,PR,273,RFQ,RFQ,2026-01-20T15:09:36.211764+00:00,2026-01-27T15:09:36.211764+00:00,COMPLETED,12,synthetic
1867,PR,273,NFA,NFA Approval,2026-01-28T15:09:36.211764+00:00,2026-01-30T15:09:36.211764+00:00,COMPLETED,3,synthetic
1868,PR,273,PO_CREATED,PO Created,2026-01-31T15:09:36.211764+00:00,2026-01-31T15:09:36.211764+00:00,COMPLETED,12,synthetic
1869,RR,322,RR_CREATED,RR Created,2025-12-24T23:09:36.211764+00:00,2025-12-24T23:09:36.211764+00:00,COMPLETED,17,synthetic
1870,RR,322,DOA,DOA Approval,2025-12-24T23:09:36.211764+00:00,2025-12-27T23:09:36.211764+00:00,COMPLETED,3,synthetic
1871,RR,322,MRP,MRP Processing,2025-12-27T23:09:36.211764+00:00,2025-12-28T23:09:36.211764+00:00,COMPLETED,,synthetic
1872,PR,274,PR_CREATED,PR Created,2025-12-28T23:09:36.211764+00:00,2025-12-28T23:09:36.211764+00:00,COMPLETED,12,synthetic
1873,PR,274,NFA,NFA Approval,2025-12-29T23:09:36.211764+00:00,2026-01-01T23:09:36.211764+00:00,COMPLETED,3,synthetic
1874,PR,274,PO_CREATED,PO Created,2026-01-02T23:09:36.211764+00:00,2026-01-02T23:09:36.211764+00:00,COMPLETED,12,synthetic
1875,RR,323,RR_CREATED,RR Created,2026-08-08T08:09:36.211764+00:00,2026-08-08T08:09:36.211764+00:00,COMPLETED,3,synthetic
1876,RR,323,DOA,DOA Approval,2026-08-08T08:09:36.211764+00:00,2026-08-11T08:09:36.211764+00:00,COMPLETED,15,synthetic
1877,RR,323,MRP,MRP Processing,2026-08-11T08:09:36.211764+00:00,2026-08-14T08:09:36.211764+00:00,COMPLETED,,synthetic
1878,PR,275,PR_CREATED,PR Created,2026-08-14T08:09:36.211764+00:00,2026-08-14T08:09:36.211764+00:00,COMPLETED,24,synthetic
1879,PR,275,RFQ,RFQ,2026-08-15T08:09:36.211764+00:00,2026-08-21T08:09:36.211764+00:00,COMPLETED,24,synthetic
1880,PR,275,NFA,NFA Approval,2026-08-22T08:09:36.211764+00:00,2026-08-25T08:09:36.211764+00:00,COMPLETED,15,synthetic
1881,PR,275,PO_CREATED,PO Created,2026-08-26T08:09:36.211764+00:00,2026-08-26T08:09:36.211764+00:00,COMPLETED,24,synthetic
1882,RR,324,RR_CREATED,RR Created,2026-03-19T15:09:36.211764+00:00,2026-03-19T15:09:36.211764+00:00,COMPLETED,18,synthetic
1883,RR,324,DOA,DOA Approval,2026-03-19T15:09:36.211764+00:00,2026-03-21T15:09:36.211764+00:00,COMPLETED,2,synthetic
1884,RR,324,MRP,MRP Processing,2026-03-21T15:09:36.211764+00:00,2026-03-22T15:09:36.211764+00:00,COMPLETED,,synthetic
1885,PR,276,PR_CREATED,PR Created,2026-03-22T15:09:36.211764+00:00,2026-03-22T15:09:36.211764+00:00,COMPLETED,13,synthetic
1886,PR,276,RFQ,RFQ,2026-03-23T15:09:36.211764+00:00,2026-04-01T15:09:36.211764+00:00,COMPLETED,13,synthetic
1887,PR,276,ARIBA,Ariba Event,2026-04-02T15:09:36.211764+00:00,2026-04-08T15:09:36.211764+00:00,COMPLETED,13,synthetic
1888,PR,276,AUCTION,Auction,2026-04-09T02:09:36.211764+00:00,2026-04-09T07:09:36.211764+00:00,COMPLETED,13,synthetic
1889,PR,276,PO_CREATED,PO Created,2026-04-10T07:09:36.211764+00:00,2026-04-10T07:09:36.211764+00:00,COMPLETED,13,synthetic
1890,RR,325,RR_CREATED,RR Created,2026-02-05T19:09:36.211764+00:00,2026-02-05T19:09:36.211764+00:00,COMPLETED,10,synthetic
1891,RR,325,DOA,DOA Approval,2026-02-05T19:09:36.211764+00:00,2026-02-07T19:09:36.211764+00:00,COMPLETED,2,synthetic
1892,RR,325,MRP,MRP Processing,2026-02-07T19:09:36.211764+00:00,2026-02-08T19:09:36.211764+00:00,COMPLETED,,synthetic
1893,PR,277,PR_CREATED,PR Created,2026-02-08T19:09:36.211764+00:00,2026-02-08T19:09:36.211764+00:00,COMPLETED,5,synthetic
1894,PR,277,PO_CREATED,PO Created,2026-02-09T19:09:36.211764+00:00,2026-02-09T19:09:36.211764+00:00,COMPLETED,5,synthetic
1895,RR,326,RR_CREATED,RR Created,2026-01-28T10:09:36.211764+00:00,2026-01-28T10:09:36.211764+00:00,COMPLETED,11,synthetic
1896,RR,326,DOA,DOA Approval,2026-01-28T10:09:36.211764+00:00,2026-02-01T10:09:36.211764+00:00,COMPLETED,15,synthetic
1897,RR,326,MRP,MRP Processing,2026-02-01T10:09:36.211764+00:00,2026-02-02T10:09:36.211764+00:00,COMPLETED,,synthetic
1898,PR,278,PR_CREATED,PR Created,2026-02-02T10:09:36.211764+00:00,2026-02-02T10:09:36.211764+00:00,COMPLETED,12,synthetic
1899,PR,278,RFQ,RFQ,2026-02-03T10:09:36.211764+00:00,2026-02-12T10:09:36.211764+00:00,COMPLETED,12,synthetic
1900,PR,278,NFA,NFA Approval,2026-02-13T10:09:36.211764+00:00,2026-03-04T10:09:36.211764+00:00,COMPLETED,15,synthetic
1901,PR,278,PO_CREATED,PO Created,2026-03-05T10:09:36.211764+00:00,2026-03-05T10:09:36.211764+00:00,COMPLETED,12,synthetic
1902,RR,327,RR_CREATED,RR Created,2026-02-01T07:09:36.211764+00:00,2026-02-01T07:09:36.211764+00:00,COMPLETED,10,synthetic
1903,RR,327,DOA,DOA Approval,2026-02-01T07:09:36.211764+00:00,2026-02-05T07:09:36.211764+00:00,COMPLETED,2,synthetic
1904,RR,327,MRP,MRP Processing,2026-02-05T07:09:36.211764+00:00,2026-02-06T07:09:36.211764+00:00,COMPLETED,,synthetic
1905,PR,279,PR_CREATED,PR Created,2026-02-06T07:09:36.211764+00:00,2026-02-06T07:09:36.211764+00:00,COMPLETED,5,synthetic
1906,PR,279,RFQ,RFQ,2026-02-07T07:09:36.211764+00:00,2026-02-14T07:09:36.211764+00:00,COMPLETED,5,synthetic
1907,PR,279,PO_CREATED,PO Created,2026-02-15T07:09:36.211764+00:00,2026-02-15T07:09:36.211764+00:00,COMPLETED,5,synthetic
1908,RR,328,RR_CREATED,RR Created,2026-04-25T01:09:36.211764+00:00,2026-04-25T01:09:36.211764+00:00,COMPLETED,8,synthetic
1909,RR,328,DOA,DOA Approval,2026-04-25T01:09:36.211764+00:00,2026-04-27T01:09:36.211764+00:00,COMPLETED,3,synthetic
1910,RR,328,MRP,MRP Processing,2026-04-27T01:09:36.211764+00:00,2026-04-29T01:09:36.211764+00:00,COMPLETED,,synthetic
1911,PR,280,PR_CREATED,PR Created,2026-04-29T01:09:36.211764+00:00,2026-04-29T01:09:36.211764+00:00,COMPLETED,13,synthetic
1912,PR,280,RFQ,RFQ,2026-04-30T01:09:36.211764+00:00,2026-05-06T01:09:36.211764+00:00,COMPLETED,13,synthetic
1913,PR,280,ARIBA,Ariba Event,2026-05-07T01:09:36.211764+00:00,2026-05-11T01:09:36.211764+00:00,COMPLETED,13,synthetic
1914,PR,280,AUCTION,Auction,2026-05-11T21:09:36.211764+00:00,2026-05-12T03:09:36.211764+00:00,COMPLETED,13,synthetic
1915,PR,280,NFA,NFA Approval,2026-05-13T03:09:36.211764+00:00,2026-05-15T03:09:36.211764+00:00,COMPLETED,15,synthetic
1916,PR,280,PO_CREATED,PO Created,2026-05-16T03:09:36.211764+00:00,2026-05-16T03:09:36.211764+00:00,COMPLETED,13,synthetic
1917,RR,329,RR_CREATED,RR Created,2026-03-01T20:09:36.211764+00:00,2026-03-01T20:09:36.211764+00:00,COMPLETED,24,synthetic
1918,RR,329,DOA,DOA Approval,2026-03-01T20:09:36.211764+00:00,2026-03-03T20:09:36.211764+00:00,COMPLETED,15,synthetic
1919,RR,329,MRP,MRP Processing,2026-03-03T20:09:36.211764+00:00,2026-03-05T20:09:36.211764+00:00,COMPLETED,,synthetic
1920,PR,281,PR_CREATED,PR Created,2026-03-05T20:09:36.211764+00:00,2026-03-05T20:09:36.211764+00:00,COMPLETED,5,synthetic
1921,PR,281,RFQ,RFQ,2026-03-06T20:09:36.211764+00:00,2026-03-15T20:09:36.211764+00:00,COMPLETED,5,synthetic
1922,PR,281,ARIBA,Ariba Event,2026-03-16T20:09:36.211764+00:00,2026-04-05T20:09:36.211764+00:00,COMPLETED,5,synthetic
1923,PR,281,NFA,NFA Approval,2026-04-06T20:09:36.211764+00:00,2026-04-11T20:09:36.211764+00:00,COMPLETED,3,synthetic
1924,PR,281,PO_CREATED,PO Created,2026-04-12T20:09:36.211764+00:00,2026-04-12T20:09:36.211764+00:00,COMPLETED,5,synthetic
1925,RR,330,RR_CREATED,RR Created,2025-12-19T17:09:36.211764+00:00,2025-12-19T17:09:36.211764+00:00,COMPLETED,15,synthetic
1926,RR,330,DOA,DOA Approval,2025-12-19T17:09:36.211764+00:00,2025-12-21T17:09:36.211764+00:00,COMPLETED,3,synthetic
1927,RR,330,MRP,MRP Processing,2025-12-21T17:09:36.211764+00:00,2025-12-22T17:09:36.211764+00:00,COMPLETED,,synthetic
1928,PR,282,PR_CREATED,PR Created,2025-12-22T17:09:36.211764+00:00,2025-12-22T17:09:36.211764+00:00,COMPLETED,13,synthetic
1929,PR,282,RFQ,RFQ,2025-12-23T17:09:36.211764+00:00,2025-12-31T17:09:36.211764+00:00,COMPLETED,13,synthetic
1930,PR,282,NFA,NFA Approval,2026-01-01T17:09:36.211764+00:00,2026-01-06T17:09:36.211764+00:00,COMPLETED,15,synthetic
1931,PR,282,PO_CREATED,PO Created,2026-01-07T17:09:36.211764+00:00,2026-01-07T17:09:36.211764+00:00,COMPLETED,13,synthetic
1932,RR,331,RR_CREATED,RR Created,2026-05-08T02:09:36.211764+00:00,2026-05-08T02:09:36.211764+00:00,COMPLETED,14,synthetic
1933,RR,331,DOA,DOA Approval,2026-05-08T02:09:36.211764+00:00,2026-05-11T02:09:36.211764+00:00,REJECTED,15,synthetic
1934,RR,332,RR_CREATED,RR Created,2026-04-19T08:09:36.211764+00:00,2026-04-19T08:09:36.211764+00:00,COMPLETED,6,synthetic
1935,RR,332,DOA,DOA Approval,2026-04-19T08:09:36.211764+00:00,2026-05-20T08:09:36.211764+00:00,COMPLETED,2,synthetic
1936,RR,332,MRP,MRP Processing,2026-05-20T08:09:36.211764+00:00,2026-05-23T08:09:36.211764+00:00,COMPLETED,,synthetic
1937,PR,283,PR_CREATED,PR Created,2026-05-23T08:09:36.211764+00:00,2026-05-23T08:09:36.211764+00:00,COMPLETED,13,synthetic
1938,PR,283,RFQ,RFQ,2026-05-24T08:09:36.211764+00:00,2026-06-02T08:09:36.211764+00:00,COMPLETED,13,synthetic
1939,PR,283,NFA,NFA Approval,2026-06-03T08:09:36.211764+00:00,2026-06-07T08:09:36.211764+00:00,COMPLETED,3,synthetic
1940,PR,283,PO_CREATED,PO Created,2026-06-08T08:09:36.211764+00:00,2026-06-08T08:09:36.211764+00:00,COMPLETED,13,synthetic
1941,RR,333,RR_CREATED,RR Created,2026-05-02T19:09:36.211764+00:00,2026-05-02T19:09:36.211764+00:00,COMPLETED,20,synthetic
1942,RR,333,DOA,DOA Approval,2026-05-02T19:09:36.211764+00:00,2026-05-04T19:09:36.211764+00:00,REJECTED,3,synthetic
1943,RR,334,RR_CREATED,RR Created,2026-05-25T01:09:36.211764+00:00,2026-05-25T01:09:36.211764+00:00,COMPLETED,12,synthetic
1944,RR,334,DOA,DOA Approval,2026-05-25T01:09:36.211764+00:00,2026-05-26T01:09:36.211764+00:00,COMPLETED,3,synthetic
1945,RR,334,MRP,MRP Processing,2026-05-26T01:09:36.211764+00:00,2026-05-27T01:09:36.211764+00:00,COMPLETED,,synthetic
1946,PR,284,PR_CREATED,PR Created,2026-05-27T01:09:36.211764+00:00,2026-05-27T01:09:36.211764+00:00,COMPLETED,24,synthetic
1947,PR,284,PO_CREATED,PO Created,2026-05-28T01:09:36.211764+00:00,2026-05-28T01:09:36.211764+00:00,COMPLETED,24,synthetic
1948,RR,335,RR_CREATED,RR Created,2025-12-06T20:09:36.211764+00:00,2025-12-06T20:09:36.211764+00:00,COMPLETED,19,synthetic
1949,RR,335,DOA,DOA Approval,2025-12-06T20:09:36.211764+00:00,2025-12-08T20:09:36.211764+00:00,COMPLETED,3,synthetic
1950,RR,335,MRP,MRP Processing,2025-12-08T20:09:36.211764+00:00,2025-12-10T20:09:36.211764+00:00,COMPLETED,,synthetic
1951,PR,285,PR_CREATED,PR Created,2025-12-10T20:09:36.211764+00:00,2025-12-10T20:09:36.211764+00:00,COMPLETED,12,synthetic
1952,PR,285,RFQ,RFQ,2025-12-11T20:09:36.211764+00:00,2025-12-21T20:09:36.211764+00:00,COMPLETED,12,synthetic
1953,PR,285,PO_CREATED,PO Created,2025-12-22T20:09:36.211764+00:00,2025-12-22T20:09:36.211764+00:00,COMPLETED,12,synthetic
1954,RR,336,RR_CREATED,RR Created,2026-07-23T17:09:36.211764+00:00,2026-07-23T17:09:36.211764+00:00,COMPLETED,21,synthetic
1955,RR,336,DOA,DOA Approval,2026-07-23T17:09:36.211764+00:00,2026-07-25T17:09:36.211764+00:00,COMPLETED,2,synthetic
1956,RR,336,MRP,MRP Processing,2026-07-25T17:09:36.211764+00:00,2026-07-28T17:09:36.211764+00:00,COMPLETED,,synthetic
1957,PR,286,PR_CREATED,PR Created,2026-07-28T17:09:36.211764+00:00,2026-07-28T17:09:36.211764+00:00,COMPLETED,24,synthetic
1958,PR,286,RFQ,RFQ,2026-07-29T17:09:36.211764+00:00,2026-08-08T17:09:36.211764+00:00,COMPLETED,24,synthetic
1959,PR,286,ARIBA,Ariba Event,2026-08-09T17:09:36.211764+00:00,2026-08-12T17:09:36.211764+00:00,COMPLETED,24,synthetic
1960,PR,286,AUCTION,Auction,2026-08-13T12:09:36.211764+00:00,2026-08-13T15:09:36.211764+00:00,COMPLETED,24,synthetic
1961,PR,286,NFA,NFA Approval,2026-08-14T15:09:36.211764+00:00,,IN_PROGRESS,15,synthetic
1962,RR,337,RR_CREATED,RR Created,2026-01-06T02:09:36.211764+00:00,2026-01-06T02:09:36.211764+00:00,COMPLETED,6,synthetic
1963,RR,337,DOA,DOA Approval,2026-01-06T02:09:36.211764+00:00,2026-01-09T02:09:36.211764+00:00,COMPLETED,2,synthetic
1964,RR,337,MRP,MRP Processing,2026-01-09T02:09:36.211764+00:00,2026-01-11T02:09:36.211764+00:00,COMPLETED,,synthetic
1965,PR,287,PR_CREATED,PR Created,2026-01-11T02:09:36.211764+00:00,2026-01-11T02:09:36.211764+00:00,COMPLETED,24,synthetic
1966,PR,287,RFQ,RFQ,2026-01-12T02:09:36.211764+00:00,2026-02-25T02:09:36.211764+00:00,COMPLETED,24,synthetic
1967,PR,287,NFA,NFA Approval,2026-02-26T02:09:36.211764+00:00,2026-03-03T02:09:36.211764+00:00,COMPLETED,3,synthetic
1968,PR,287,PO_CREATED,PO Created,2026-03-04T02:09:36.211764+00:00,2026-03-04T02:09:36.211764+00:00,COMPLETED,24,synthetic
1969,RR,338,RR_CREATED,RR Created,2026-08-11T21:09:36.211764+00:00,2026-08-11T21:09:36.211764+00:00,COMPLETED,9,synthetic
1970,RR,338,DOA,DOA Approval,2026-08-11T21:09:36.211764+00:00,2026-08-12T21:09:36.211764+00:00,COMPLETED,15,synthetic
1971,RR,338,MRP,MRP Processing,2026-08-12T21:09:36.211764+00:00,2026-08-13T21:09:36.211764+00:00,COMPLETED,,synthetic
1972,PR,288,PR_CREATED,PR Created,2026-08-13T21:09:36.211764+00:00,2026-08-13T21:09:36.211764+00:00,COMPLETED,5,synthetic
1973,PR,288,PO_CREATED,PO Created,2026-08-14T21:09:36.211764+00:00,2026-08-14T21:09:36.211764+00:00,COMPLETED,5,synthetic
1974,RR,339,RR_CREATED,RR Created,2026-07-03T03:09:36.211764+00:00,2026-07-03T03:09:36.211764+00:00,COMPLETED,24,synthetic
1975,RR,339,DOA,DOA Approval,2026-07-03T03:09:36.211764+00:00,,IN_PROGRESS,15,synthetic
1976,RR,340,RR_CREATED,RR Created,2026-07-31T18:09:36.211764+00:00,2026-07-31T18:09:36.211764+00:00,COMPLETED,20,synthetic
1977,RR,340,DOA,DOA Approval,2026-07-31T18:09:36.211764+00:00,2026-08-01T18:09:36.211764+00:00,COMPLETED,3,synthetic
1978,RR,340,MRP,MRP Processing,2026-08-01T18:09:36.211764+00:00,2026-08-04T18:09:36.211764+00:00,COMPLETED,,synthetic
1979,PR,289,PR_CREATED,PR Created,2026-08-04T18:09:36.211764+00:00,2026-08-04T18:09:36.211764+00:00,COMPLETED,24,synthetic
1980,PR,289,PO_CREATED,PO Created,2026-08-05T18:09:36.211764+00:00,2026-08-05T18:09:36.211764+00:00,COMPLETED,24,synthetic
1981,RR,341,RR_CREATED,RR Created,2026-01-28T15:09:36.211764+00:00,2026-01-28T15:09:36.211764+00:00,COMPLETED,6,synthetic
1982,RR,341,DOA,DOA Approval,2026-01-28T15:09:36.211764+00:00,2026-03-02T15:09:36.211764+00:00,COMPLETED,2,synthetic
1983,RR,341,MRP,MRP Processing,2026-03-02T15:09:36.211764+00:00,2026-03-05T15:09:36.211764+00:00,COMPLETED,,synthetic
1984,PR,290,PR_CREATED,PR Created,2026-03-05T15:09:36.211764+00:00,2026-03-05T15:09:36.211764+00:00,COMPLETED,13,synthetic
1985,PR,290,NFA,NFA Approval,2026-03-06T15:09:36.211764+00:00,2026-03-10T15:09:36.211764+00:00,COMPLETED,15,synthetic
1986,PR,290,PO_CREATED,PO Created,2026-03-11T15:09:36.211764+00:00,2026-03-11T15:09:36.211764+00:00,COMPLETED,13,synthetic
1987,RR,342,RR_CREATED,RR Created,2026-08-13T04:09:36.211764+00:00,2026-08-13T04:09:36.211764+00:00,COMPLETED,9,synthetic
1988,RR,342,DOA,DOA Approval,2026-08-13T04:09:36.211764+00:00,2026-08-15T04:09:36.211764+00:00,COMPLETED,2,synthetic
1989,RR,342,MRP,MRP Processing,2026-08-15T04:09:36.211764+00:00,2026-08-16T04:09:36.211764+00:00,COMPLETED,,synthetic
1990,PR,291,PR_CREATED,PR Created,2026-08-16T04:09:36.211764+00:00,2026-08-16T04:09:36.211764+00:00,COMPLETED,13,synthetic
1991,PR,291,PO_CREATED,PO Created,2026-08-17T04:09:36.211764+00:00,2026-08-17T04:09:36.211764+00:00,COMPLETED,13,synthetic
1992,RR,343,RR_CREATED,RR Created,2026-02-27T22:09:36.211764+00:00,2026-02-27T22:09:36.211764+00:00,COMPLETED,20,synthetic
1993,RR,343,DOA,DOA Approval,2026-02-27T22:09:36.211764+00:00,2026-03-01T22:09:36.211764+00:00,COMPLETED,2,synthetic
1994,RR,343,MRP,MRP Processing,2026-03-01T22:09:36.211764+00:00,2026-03-04T22:09:36.211764+00:00,COMPLETED,,synthetic
1995,PR,292,PR_CREATED,PR Created,2026-03-04T22:09:36.211764+00:00,2026-03-04T22:09:36.211764+00:00,COMPLETED,5,synthetic
1996,PR,292,RFQ,RFQ,2026-03-05T22:09:36.211764+00:00,2026-03-14T22:09:36.211764+00:00,COMPLETED,5,synthetic
1997,PR,292,PO_CREATED,PO Created,2026-03-15T22:09:36.211764+00:00,2026-03-15T22:09:36.211764+00:00,COMPLETED,5,synthetic
1998,RR,344,RR_CREATED,RR Created,2026-04-03T13:09:36.211764+00:00,2026-04-03T13:09:36.211764+00:00,COMPLETED,6,synthetic
1999,RR,344,DOA,DOA Approval,2026-04-03T13:09:36.211764+00:00,,IN_PROGRESS,2,synthetic
2000,RR,345,RR_CREATED,RR Created,2026-07-25T09:09:36.211764+00:00,2026-07-25T09:09:36.211764+00:00,COMPLETED,1,synthetic
2001,RR,345,DOA,DOA Approval,2026-07-25T09:09:36.211764+00:00,2026-07-28T09:09:36.211764+00:00,COMPLETED,2,synthetic
2002,RR,345,MRP,MRP Processing,2026-07-28T09:09:36.211764+00:00,2026-07-29T09:09:36.211764+00:00,COMPLETED,,synthetic
2003,PR,293,PR_CREATED,PR Created,2026-07-29T09:09:36.211764+00:00,2026-07-29T09:09:36.211764+00:00,COMPLETED,24,synthetic
2004,PR,293,RFQ,RFQ,2026-07-30T09:09:36.211764+00:00,2026-08-09T09:09:36.211764+00:00,COMPLETED,24,synthetic
2005,PR,293,ARIBA,Ariba Event,2026-08-10T09:09:36.211764+00:00,,IN_PROGRESS,24,synthetic
2006,RR,346,RR_CREATED,RR Created,2026-05-12T01:09:36.211764+00:00,2026-05-12T01:09:36.211764+00:00,COMPLETED,9,synthetic
2007,RR,346,DOA,DOA Approval,2026-05-12T01:09:36.211764+00:00,2026-05-13T01:09:36.211764+00:00,COMPLETED,15,synthetic
2008,RR,346,MRP,MRP Processing,2026-05-13T01:09:36.211764+00:00,2026-05-14T01:09:36.211764+00:00,COMPLETED,,synthetic
2009,PR,294,PR_CREATED,PR Created,2026-05-14T01:09:36.211764+00:00,2026-05-14T01:09:36.211764+00:00,COMPLETED,13,synthetic
2010,PR,294,RFQ,RFQ,2026-05-15T01:09:36.211764+00:00,2026-05-22T01:09:36.211764+00:00,COMPLETED,13,synthetic
2011,PR,294,ARIBA,Ariba Event,2026-05-23T01:09:36.211764+00:00,2026-05-29T01:09:36.211764+00:00,COMPLETED,13,synthetic
2012,PR,294,AUCTION,Auction,2026-05-29T09:09:36.211764+00:00,2026-05-29T11:09:36.211764+00:00,COMPLETED,13,synthetic
2013,PR,294,NFA,NFA Approval,2026-05-30T11:09:36.211764+00:00,2026-06-23T11:09:36.211764+00:00,COMPLETED,15,synthetic
2014,PR,294,PO_CREATED,PO Created,2026-06-24T11:09:36.211764+00:00,2026-06-24T11:09:36.211764+00:00,COMPLETED,13,synthetic
2015,RR,347,RR_CREATED,RR Created,2026-01-21T20:09:36.211764+00:00,2026-01-21T20:09:36.211764+00:00,COMPLETED,15,synthetic
2016,RR,347,DOA,DOA Approval,2026-01-21T20:09:36.211764+00:00,2026-02-19T20:09:36.211764+00:00,COMPLETED,2,synthetic
2017,RR,347,MRP,MRP Processing,2026-02-19T20:09:36.211764+00:00,2026-02-22T20:09:36.211764+00:00,COMPLETED,,synthetic
2018,PR,295,PR_CREATED,PR Created,2026-02-22T20:09:36.211764+00:00,2026-02-22T20:09:36.211764+00:00,COMPLETED,13,synthetic
2019,PR,295,RFQ,RFQ,2026-02-23T20:09:36.211764+00:00,2026-02-28T20:09:36.211764+00:00,COMPLETED,13,synthetic
2020,PR,295,ARIBA,Ariba Event,2026-03-01T20:09:36.211764+00:00,2026-03-06T20:09:36.211764+00:00,COMPLETED,13,synthetic
2021,PR,295,AUCTION,Auction,2026-03-07T02:09:36.211764+00:00,2026-03-07T10:09:36.211764+00:00,COMPLETED,13,synthetic
2022,PR,295,NFA,NFA Approval,2026-03-08T10:09:36.211764+00:00,2026-03-12T10:09:36.211764+00:00,COMPLETED,15,synthetic
2023,RR,348,RR_CREATED,RR Created,2026-05-07T05:09:36.211764+00:00,2026-05-07T05:09:36.211764+00:00,COMPLETED,14,synthetic
2024,RR,348,DOA,DOA Approval,2026-05-07T05:09:36.211764+00:00,2026-05-11T05:09:36.211764+00:00,COMPLETED,2,synthetic
2025,RR,348,MRP,MRP Processing,2026-05-11T05:09:36.211764+00:00,2026-05-14T05:09:36.211764+00:00,COMPLETED,,synthetic
2026,PR,296,PR_CREATED,PR Created,2026-05-14T05:09:36.211764+00:00,2026-05-14T05:09:36.211764+00:00,COMPLETED,12,synthetic
2027,PR,296,PO_CREATED,PO Created,2026-05-15T05:09:36.211764+00:00,2026-05-15T05:09:36.211764+00:00,COMPLETED,12,synthetic
2028,RR,349,RR_CREATED,RR Created,2026-04-20T19:09:36.211764+00:00,2026-04-20T19:09:36.211764+00:00,COMPLETED,7,synthetic
2029,RR,349,DOA,DOA Approval,2026-04-20T19:09:36.211764+00:00,2026-04-23T19:09:36.211764+00:00,COMPLETED,3,synthetic
2030,RR,349,MRP,MRP Processing,2026-04-23T19:09:36.211764+00:00,2026-04-24T19:09:36.211764+00:00,COMPLETED,,synthetic
2031,PR,297,PR_CREATED,PR Created,2026-04-24T19:09:36.211764+00:00,2026-04-24T19:09:36.211764+00:00,COMPLETED,13,synthetic
2032,PR,297,RFQ,RFQ,2026-04-25T19:09:36.211764+00:00,,IN_PROGRESS,13,synthetic
2033,RR,350,RR_CREATED,RR Created,2026-06-02T01:09:36.211764+00:00,2026-06-02T01:09:36.211764+00:00,COMPLETED,18,synthetic
2034,RR,350,DOA,DOA Approval,2026-06-02T01:09:36.211764+00:00,2026-06-06T01:09:36.211764+00:00,COMPLETED,15,synthetic
2035,RR,350,MRP,MRP Processing,2026-06-06T01:09:36.211764+00:00,2026-06-08T01:09:36.211764+00:00,COMPLETED,,synthetic
2036,PR,298,PR_CREATED,PR Created,2026-06-08T01:09:36.211764+00:00,2026-06-08T01:09:36.211764+00:00,COMPLETED,12,synthetic
2037,PR,298,RFQ,RFQ,2026-06-09T01:09:36.211764+00:00,2026-07-11T01:09:36.211764+00:00,COMPLETED,12,synthetic
2038,PR,298,PO_CREATED,PO Created,2026-07-12T01:09:36.211764+00:00,2026-07-12T01:09:36.211764+00:00,COMPLETED,12,synthetic
2039,RR,351,RR_CREATED,RR Created,2026-07-01T17:09:36.211764+00:00,2026-07-01T17:09:36.211764+00:00,COMPLETED,24,synthetic
2040,RR,351,DOA,DOA Approval,2026-07-01T17:09:36.211764+00:00,2026-07-04T17:09:36.211764+00:00,COMPLETED,3,synthetic
2041,RR,351,MRP,MRP Processing,2026-07-04T17:09:36.211764+00:00,2026-07-07T17:09:36.211764+00:00,COMPLETED,,synthetic
2042,PR,299,PR_CREATED,PR Created,2026-07-07T17:09:36.211764+00:00,2026-07-07T17:09:36.211764+00:00,COMPLETED,13,synthetic
2043,PR,299,RFQ,RFQ,2026-07-08T17:09:36.211764+00:00,2026-08-12T17:09:36.211764+00:00,COMPLETED,13,synthetic
2044,PR,299,ARIBA,Ariba Event,2026-08-13T17:09:36.211764+00:00,2026-08-16T17:09:36.211764+00:00,COMPLETED,13,synthetic
2045,PR,299,AUCTION,Auction,2026-08-17T05:09:36.211764+00:00,2026-08-17T13:09:36.211764+00:00,COMPLETED,13,synthetic
2046,PR,299,NFA,NFA Approval,2026-08-18T13:09:36.211764+00:00,2026-08-20T13:09:36.211764+00:00,COMPLETED,3,synthetic
2047,PR,299,PO_CREATED,PO Created,2026-08-21T13:09:36.211764+00:00,2026-08-21T13:09:36.211764+00:00,COMPLETED,13,synthetic
2048,RR,352,RR_CREATED,RR Created,2026-02-04T10:09:36.211764+00:00,2026-02-04T10:09:36.211764+00:00,COMPLETED,11,synthetic
2049,RR,352,DOA,DOA Approval,2026-02-04T10:09:36.211764+00:00,2026-02-07T10:09:36.211764+00:00,COMPLETED,15,synthetic
2050,RR,352,MRP,MRP Processing,2026-02-07T10:09:36.211764+00:00,2026-02-08T10:09:36.211764+00:00,COMPLETED,,synthetic
2051,PR,300,PR_CREATED,PR Created,2026-02-08T10:09:36.211764+00:00,2026-02-08T10:09:36.211764+00:00,COMPLETED,13,synthetic
2052,PR,300,RFQ,RFQ,2026-02-09T10:09:36.211764+00:00,2026-02-16T10:09:36.211764+00:00,COMPLETED,13,synthetic
2053,PR,300,NFA,NFA Approval,2026-02-17T10:09:36.211764+00:00,2026-02-22T10:09:36.211764+00:00,COMPLETED,15,synthetic
2054,PR,300,PO_CREATED,PO Created,2026-02-23T10:09:36.211764+00:00,2026-02-23T10:09:36.211764+00:00,COMPLETED,13,synthetic
2055,RR,353,RR_CREATED,RR Created,2026-03-16T15:09:36.211764+00:00,2026-03-16T15:09:36.211764+00:00,COMPLETED,6,synthetic
2056,RR,353,DOA,DOA Approval,2026-03-16T15:09:36.211764+00:00,,IN_PROGRESS,2,synthetic
2057,RR,354,RR_CREATED,RR Created,2026-08-03T21:09:36.211764+00:00,2026-08-03T21:09:36.211764+00:00,COMPLETED,15,synthetic
2058,RR,354,DOA,DOA Approval,2026-08-03T21:09:36.211764+00:00,2026-08-07T21:09:36.211764+00:00,COMPLETED,15,synthetic
2059,RR,354,MRP,MRP Processing,2026-08-07T21:09:36.211764+00:00,2026-08-09T21:09:36.211764+00:00,COMPLETED,,synthetic
2060,PR,301,PR_CREATED,PR Created,2026-08-09T21:09:36.211764+00:00,2026-08-09T21:09:36.211764+00:00,COMPLETED,24,synthetic
2061,PR,301,RFQ,RFQ,2026-08-10T21:09:36.211764+00:00,2026-08-17T21:09:36.211764+00:00,COMPLETED,24,synthetic
2062,PR,301,NFA,NFA Approval,2026-08-18T21:09:36.211764+00:00,2026-08-21T21:09:36.211764+00:00,COMPLETED,15,synthetic
2063,PR,301,PO_CREATED,PO Created,2026-08-22T21:09:36.211764+00:00,2026-08-22T21:09:36.211764+00:00,COMPLETED,24,synthetic
2064,RR,355,RR_CREATED,RR Created,2025-12-03T18:09:36.211764+00:00,2025-12-03T18:09:36.211764+00:00,COMPLETED,13,synthetic
2065,RR,355,DOA,DOA Approval,2025-12-03T18:09:36.211764+00:00,,IN_PROGRESS,2,synthetic
2066,RR,356,RR_CREATED,RR Created,2026-05-24T02:09:36.211764+00:00,2026-05-24T02:09:36.211764+00:00,COMPLETED,3,synthetic
2067,RR,356,DOA,DOA Approval,2026-05-24T02:09:36.211764+00:00,2026-05-27T02:09:36.211764+00:00,COMPLETED,2,synthetic
2068,RR,356,MRP,MRP Processing,2026-05-27T02:09:36.211764+00:00,2026-05-29T02:09:36.211764+00:00,COMPLETED,,synthetic
2069,PR,302,PR_CREATED,PR Created,2026-05-29T02:09:36.211764+00:00,2026-05-29T02:09:36.211764+00:00,COMPLETED,12,synthetic
2070,PR,302,RFQ,RFQ,2026-05-30T02:09:36.211764+00:00,2026-06-05T02:09:36.211764+00:00,COMPLETED,12,synthetic
2071,PR,302,ARIBA,Ariba Event,2026-06-06T02:09:36.211764+00:00,2026-06-09T02:09:36.211764+00:00,COMPLETED,12,synthetic
2072,PR,302,NFA,NFA Approval,2026-06-10T02:09:36.211764+00:00,2026-06-14T02:09:36.211764+00:00,COMPLETED,15,synthetic
2073,RR,357,RR_CREATED,RR Created,2026-06-21T20:09:36.211764+00:00,2026-06-21T20:09:36.211764+00:00,COMPLETED,24,synthetic
2074,RR,357,DOA,DOA Approval,2026-06-21T20:09:36.211764+00:00,2026-06-25T20:09:36.211764+00:00,COMPLETED,15,synthetic
2075,RR,357,MRP,MRP Processing,2026-06-25T20:09:36.211764+00:00,2026-06-26T20:09:36.211764+00:00,COMPLETED,,synthetic
2076,PR,303,PR_CREATED,PR Created,2026-06-26T20:09:36.211764+00:00,2026-06-26T20:09:36.211764+00:00,COMPLETED,24,synthetic
2077,PR,303,RFQ,RFQ,2026-06-27T20:09:36.211764+00:00,2026-07-02T20:09:36.211764+00:00,COMPLETED,24,synthetic
2078,PR,303,PO_CREATED,PO Created,2026-07-03T20:09:36.211764+00:00,2026-07-03T20:09:36.211764+00:00,COMPLETED,24,synthetic
2079,RR,358,RR_CREATED,RR Created,2026-03-24T06:09:36.211764+00:00,2026-03-24T06:09:36.211764+00:00,COMPLETED,19,synthetic
2080,RR,358,DOA,DOA Approval,2026-03-24T06:09:36.211764+00:00,2026-03-26T06:09:36.211764+00:00,COMPLETED,2,synthetic
2081,RR,358,MRP,MRP Processing,2026-03-26T06:09:36.211764+00:00,2026-03-27T06:09:36.211764+00:00,COMPLETED,,synthetic
2082,PR,304,PR_CREATED,PR Created,2026-03-27T06:09:36.211764+00:00,2026-03-27T06:09:36.211764+00:00,COMPLETED,5,synthetic
2083,PR,304,RFQ,RFQ,2026-03-28T06:09:36.211764+00:00,2026-04-07T06:09:36.211764+00:00,COMPLETED,5,synthetic
2084,PR,304,ARIBA,Ariba Event,2026-04-08T06:09:36.211764+00:00,2026-04-11T06:09:36.211764+00:00,COMPLETED,5,synthetic
2085,PR,304,AUCTION,Auction,2026-04-11T17:09:36.211764+00:00,2026-04-11T19:09:36.211764+00:00,COMPLETED,5,synthetic
2086,PR,304,NFA,NFA Approval,2026-04-12T19:09:36.211764+00:00,2026-04-28T19:09:36.211764+00:00,COMPLETED,3,synthetic
2087,PR,304,PO_CREATED,PO Created,2026-04-29T19:09:36.211764+00:00,2026-04-29T19:09:36.211764+00:00,COMPLETED,5,synthetic
2088,RR,359,RR_CREATED,RR Created,2026-01-11T08:09:36.211764+00:00,2026-01-11T08:09:36.211764+00:00,COMPLETED,2,synthetic
2089,RR,359,DOA,DOA Approval,2026-01-11T08:09:36.211764+00:00,2026-02-14T08:09:36.211764+00:00,COMPLETED,3,synthetic
2090,RR,359,MRP,MRP Processing,2026-02-14T08:09:36.211764+00:00,2026-02-16T08:09:36.211764+00:00,COMPLETED,,synthetic
2091,PR,305,PR_CREATED,PR Created,2026-02-16T08:09:36.211764+00:00,2026-02-16T08:09:36.211764+00:00,COMPLETED,13,synthetic
2092,PR,305,RFQ,RFQ,2026-02-17T08:09:36.211764+00:00,2026-02-27T08:09:36.211764+00:00,COMPLETED,13,synthetic
2093,PR,305,NFA,NFA Approval,2026-02-28T08:09:36.211764+00:00,2026-03-03T08:09:36.211764+00:00,COMPLETED,15,synthetic
2094,PR,305,PO_CREATED,PO Created,2026-03-04T08:09:36.211764+00:00,2026-03-04T08:09:36.211764+00:00,COMPLETED,13,synthetic
2095,RR,360,RR_CREATED,RR Created,2026-02-25T10:09:36.211764+00:00,2026-02-25T10:09:36.211764+00:00,COMPLETED,16,synthetic
2096,RR,360,DOA,DOA Approval,2026-02-25T10:09:36.211764+00:00,2026-03-01T10:09:36.211764+00:00,COMPLETED,2,synthetic
2097,RR,360,MRP,MRP Processing,2026-03-01T10:09:36.211764+00:00,2026-03-02T10:09:36.211764+00:00,COMPLETED,,synthetic
2098,PR,306,PR_CREATED,PR Created,2026-03-02T10:09:36.211764+00:00,2026-03-02T10:09:36.211764+00:00,COMPLETED,12,synthetic
2099,PR,306,NFA,NFA Approval,2026-03-03T10:09:36.211764+00:00,2026-03-05T10:09:36.211764+00:00,COMPLETED,15,synthetic
2100,PR,306,PO_CREATED,PO Created,2026-03-06T10:09:36.211764+00:00,2026-03-06T10:09:36.211764+00:00,COMPLETED,12,synthetic
2101,RR,361,RR_CREATED,RR Created,2026-06-02T12:09:36.211764+00:00,2026-06-02T12:09:36.211764+00:00,COMPLETED,10,synthetic
2102,RR,361,DOA,DOA Approval,2026-06-02T12:09:36.211764+00:00,2026-06-03T12:09:36.211764+00:00,COMPLETED,2,synthetic
2103,RR,361,MRP,MRP Processing,2026-06-03T12:09:36.211764+00:00,2026-06-06T12:09:36.211764+00:00,COMPLETED,,synthetic
2104,PR,307,PR_CREATED,PR Created,2026-06-06T12:09:36.211764+00:00,2026-06-06T12:09:36.211764+00:00,COMPLETED,5,synthetic
2105,PR,307,RFQ,RFQ,2026-06-07T12:09:36.211764+00:00,2026-07-17T12:09:36.211764+00:00,COMPLETED,5,synthetic
2106,PR,307,ARIBA,Ariba Event,2026-07-18T12:09:36.211764+00:00,2026-07-22T12:09:36.211764+00:00,COMPLETED,5,synthetic
2107,PR,307,AUCTION,Auction,2026-07-23T00:09:36.211764+00:00,2026-07-23T03:09:36.211764+00:00,COMPLETED,5,synthetic
2108,PR,307,NFA,NFA Approval,2026-07-24T03:09:36.211764+00:00,2026-07-27T03:09:36.211764+00:00,COMPLETED,3,synthetic
2109,PR,307,PO_CREATED,PO Created,2026-07-28T03:09:36.211764+00:00,2026-07-28T03:09:36.211764+00:00,COMPLETED,5,synthetic
2110,RR,362,RR_CREATED,RR Created,2026-02-02T04:09:36.211764+00:00,2026-02-02T04:09:36.211764+00:00,COMPLETED,7,synthetic
2111,RR,362,DOA,DOA Approval,2026-02-02T04:09:36.211764+00:00,2026-03-02T04:09:36.211764+00:00,COMPLETED,2,synthetic
2112,RR,362,MRP,MRP Processing,2026-03-02T04:09:36.211764+00:00,2026-03-03T04:09:36.211764+00:00,COMPLETED,,synthetic
2113,PR,308,PR_CREATED,PR Created,2026-03-03T04:09:36.211764+00:00,2026-03-03T04:09:36.211764+00:00,COMPLETED,13,synthetic
2114,PR,308,RFQ,RFQ,2026-03-04T04:09:36.211764+00:00,2026-03-13T04:09:36.211764+00:00,COMPLETED,13,synthetic
2115,PR,308,NFA,NFA Approval,2026-03-14T04:09:36.211764+00:00,2026-03-16T04:09:36.211764+00:00,COMPLETED,15,synthetic
2116,PR,308,PO_CREATED,PO Created,2026-03-17T04:09:36.211764+00:00,2026-03-17T04:09:36.211764+00:00,COMPLETED,13,synthetic
2117,RR,363,RR_CREATED,RR Created,2026-02-25T22:09:36.211764+00:00,2026-02-25T22:09:36.211764+00:00,COMPLETED,8,synthetic
2118,RR,363,DOA,DOA Approval,2026-02-25T22:09:36.211764+00:00,2026-02-26T22:09:36.211764+00:00,COMPLETED,15,synthetic
2119,RR,363,MRP,MRP Processing,2026-02-26T22:09:36.211764+00:00,2026-02-28T22:09:36.211764+00:00,COMPLETED,,synthetic
2120,PR,309,PR_CREATED,PR Created,2026-02-28T22:09:36.211764+00:00,2026-02-28T22:09:36.211764+00:00,COMPLETED,24,synthetic
2121,PR,309,RFQ,RFQ,2026-03-01T22:09:36.211764+00:00,2026-04-07T22:09:36.211764+00:00,COMPLETED,24,synthetic
2122,PR,309,ARIBA,Ariba Event,2026-04-08T22:09:36.211764+00:00,2026-04-11T22:09:36.211764+00:00,COMPLETED,24,synthetic
2123,PR,309,AUCTION,Auction,2026-04-12T00:09:36.211764+00:00,2026-04-12T05:09:36.211764+00:00,COMPLETED,24,synthetic
2124,PR,309,NFA,NFA Approval,2026-04-13T05:09:36.211764+00:00,2026-04-15T05:09:36.211764+00:00,COMPLETED,15,synthetic
2125,PR,309,PO_CREATED,PO Created,2026-04-16T05:09:36.211764+00:00,2026-04-16T05:09:36.211764+00:00,COMPLETED,24,synthetic
2126,RR,364,RR_CREATED,RR Created,2026-06-18T05:09:36.211764+00:00,2026-06-18T05:09:36.211764+00:00,COMPLETED,12,synthetic
2127,RR,364,DOA,DOA Approval,2026-06-18T05:09:36.211764+00:00,2026-06-21T05:09:36.211764+00:00,COMPLETED,2,synthetic
2128,RR,364,MRP,MRP Processing,2026-06-21T05:09:36.211764+00:00,2026-06-22T05:09:36.211764+00:00,COMPLETED,,synthetic
2129,PR,310,PR_CREATED,PR Created,2026-06-22T05:09:36.211764+00:00,2026-06-22T05:09:36.211764+00:00,COMPLETED,24,synthetic
2130,PR,310,NFA,NFA Approval,2026-06-23T05:09:36.211764+00:00,2026-06-27T05:09:36.211764+00:00,COMPLETED,3,synthetic
2131,PR,310,PO_CREATED,PO Created,2026-06-28T05:09:36.211764+00:00,2026-06-28T05:09:36.211764+00:00,COMPLETED,24,synthetic
2132,RR,365,RR_CREATED,RR Created,2026-07-15T07:09:36.211764+00:00,2026-07-15T07:09:36.211764+00:00,COMPLETED,14,synthetic
2133,RR,365,DOA,DOA Approval,2026-07-15T07:09:36.211764+00:00,2026-07-17T07:09:36.211764+00:00,COMPLETED,3,synthetic
2134,RR,365,MRP,MRP Processing,2026-07-17T07:09:36.211764+00:00,2026-07-19T07:09:36.211764+00:00,COMPLETED,,synthetic
2135,PR,311,PR_CREATED,PR Created,2026-07-19T07:09:36.211764+00:00,2026-07-19T07:09:36.211764+00:00,COMPLETED,24,synthetic
2136,PR,311,RFQ,RFQ,2026-07-20T07:09:36.211764+00:00,2026-08-21T07:09:36.211764+00:00,COMPLETED,24,synthetic
2137,PR,311,NFA,NFA Approval,2026-08-22T07:09:36.211764+00:00,2026-08-25T07:09:36.211764+00:00,COMPLETED,15,synthetic
2138,PR,311,PO_CREATED,PO Created,2026-08-26T07:09:36.211764+00:00,2026-08-26T07:09:36.211764+00:00,COMPLETED,24,synthetic
2139,RR,366,RR_CREATED,RR Created,2026-05-03T21:09:36.211764+00:00,2026-05-03T21:09:36.211764+00:00,COMPLETED,10,synthetic
2140,RR,366,DOA,DOA Approval,2026-05-03T21:09:36.211764+00:00,2026-05-04T21:09:36.211764+00:00,COMPLETED,2,synthetic
2141,RR,366,MRP,MRP Processing,2026-05-04T21:09:36.211764+00:00,2026-05-06T21:09:36.211764+00:00,COMPLETED,,synthetic
2142,PR,312,PR_CREATED,PR Created,2026-05-06T21:09:36.211764+00:00,2026-05-06T21:09:36.211764+00:00,COMPLETED,13,synthetic
2143,PR,312,RFQ,RFQ,2026-05-07T21:09:36.211764+00:00,2026-05-16T21:09:36.211764+00:00,COMPLETED,13,synthetic
2144,PR,312,PO_CREATED,PO Created,2026-05-17T21:09:36.211764+00:00,2026-05-17T21:09:36.211764+00:00,COMPLETED,13,synthetic
2145,RR,367,RR_CREATED,RR Created,2026-05-16T14:09:36.211764+00:00,2026-05-16T14:09:36.211764+00:00,COMPLETED,2,synthetic
2146,RR,367,DOA,DOA Approval,2026-05-16T14:09:36.211764+00:00,2026-05-18T14:09:36.211764+00:00,COMPLETED,2,synthetic
2147,RR,367,MRP,MRP Processing,2026-05-18T14:09:36.211764+00:00,2026-05-21T14:09:36.211764+00:00,COMPLETED,,synthetic
2148,PR,313,PR_CREATED,PR Created,2026-05-21T14:09:36.211764+00:00,2026-05-21T14:09:36.211764+00:00,COMPLETED,12,synthetic
2149,PR,313,RFQ,RFQ,2026-05-22T14:09:36.211764+00:00,2026-05-30T14:09:36.211764+00:00,COMPLETED,12,synthetic
2150,PR,313,NFA,NFA Approval,2026-05-31T14:09:36.211764+00:00,2026-06-27T14:09:36.211764+00:00,COMPLETED,15,synthetic
2151,PR,313,PO_CREATED,PO Created,2026-06-28T14:09:36.211764+00:00,2026-06-28T14:09:36.211764+00:00,COMPLETED,12,synthetic
2152,RR,368,RR_CREATED,RR Created,2026-02-10T16:09:36.211764+00:00,2026-02-10T16:09:36.211764+00:00,COMPLETED,19,synthetic
2153,RR,368,DOA,DOA Approval,2026-02-10T16:09:36.211764+00:00,2026-02-12T16:09:36.211764+00:00,COMPLETED,2,synthetic
2154,RR,368,MRP,MRP Processing,2026-02-12T16:09:36.211764+00:00,2026-02-14T16:09:36.211764+00:00,COMPLETED,,synthetic
2155,PR,314,PR_CREATED,PR Created,2026-02-14T16:09:36.211764+00:00,2026-02-14T16:09:36.211764+00:00,COMPLETED,13,synthetic
2156,PR,314,RFQ,RFQ,2026-02-15T16:09:36.211764+00:00,2026-02-21T16:09:36.211764+00:00,COMPLETED,13,synthetic
2157,PR,314,NFA,NFA Approval,2026-02-22T16:09:36.211764+00:00,2026-02-27T16:09:36.211764+00:00,COMPLETED,15,synthetic
2158,PR,314,PO_CREATED,PO Created,2026-02-28T16:09:36.211764+00:00,2026-02-28T16:09:36.211764+00:00,COMPLETED,13,synthetic
2159,RR,369,RR_CREATED,RR Created,2026-05-15T08:09:36.211764+00:00,2026-05-15T08:09:36.211764+00:00,COMPLETED,6,synthetic
2160,RR,369,DOA,DOA Approval,2026-05-15T08:09:36.211764+00:00,,IN_PROGRESS,15,synthetic
2161,RR,370,RR_CREATED,RR Created,2026-02-22T19:09:36.211764+00:00,2026-02-22T19:09:36.211764+00:00,COMPLETED,7,synthetic
2162,RR,370,DOA,DOA Approval,2026-02-22T19:09:36.211764+00:00,2026-02-24T19:09:36.211764+00:00,COMPLETED,2,synthetic
2163,RR,370,MRP,MRP Processing,2026-02-24T19:09:36.211764+00:00,2026-02-27T19:09:36.211764+00:00,COMPLETED,,synthetic
2164,PR,315,PR_CREATED,PR Created,2026-02-27T19:09:36.211764+00:00,2026-02-27T19:09:36.211764+00:00,COMPLETED,13,synthetic
2165,PR,315,RFQ,RFQ,2026-02-28T19:09:36.211764+00:00,2026-03-08T19:09:36.211764+00:00,COMPLETED,13,synthetic
2166,PR,315,NFA,NFA Approval,2026-03-09T19:09:36.211764+00:00,2026-03-11T19:09:36.211764+00:00,COMPLETED,3,synthetic
2167,PR,315,PO_CREATED,PO Created,2026-03-12T19:09:36.211764+00:00,2026-03-12T19:09:36.211764+00:00,COMPLETED,13,synthetic
2168,RR,371,RR_CREATED,RR Created,2025-12-16T01:09:36.211764+00:00,2025-12-16T01:09:36.211764+00:00,COMPLETED,14,synthetic
2169,RR,371,DOA,DOA Approval,2025-12-16T01:09:36.211764+00:00,2025-12-20T01:09:36.211764+00:00,COMPLETED,3,synthetic
2170,RR,371,MRP,MRP Processing,2025-12-20T01:09:36.211764+00:00,2025-12-21T01:09:36.211764+00:00,COMPLETED,,synthetic
2171,PR,316,PR_CREATED,PR Created,2025-12-21T01:09:36.211764+00:00,2025-12-21T01:09:36.211764+00:00,COMPLETED,24,synthetic
2172,PR,316,RFQ,RFQ,2025-12-22T01:09:36.211764+00:00,2026-01-01T01:09:36.211764+00:00,COMPLETED,24,synthetic
2173,PR,316,PO_CREATED,PO Created,2026-01-02T01:09:36.211764+00:00,2026-01-02T01:09:36.211764+00:00,COMPLETED,24,synthetic
2174,RR,372,RR_CREATED,RR Created,2025-12-07T17:09:36.211764+00:00,2025-12-07T17:09:36.211764+00:00,COMPLETED,7,synthetic
2175,RR,372,DOA,DOA Approval,2025-12-07T17:09:36.211764+00:00,2025-12-09T17:09:36.211764+00:00,COMPLETED,15,synthetic
2176,RR,372,MRP,MRP Processing,2025-12-09T17:09:36.211764+00:00,2025-12-11T17:09:36.211764+00:00,COMPLETED,,synthetic
2177,PR,317,PR_CREATED,PR Created,2025-12-11T17:09:36.211764+00:00,2025-12-11T17:09:36.211764+00:00,COMPLETED,12,synthetic
2178,PR,317,RFQ,RFQ,2025-12-12T17:09:36.211764+00:00,2025-12-19T17:09:36.211764+00:00,COMPLETED,12,synthetic
2179,PR,317,ARIBA,Ariba Event,2025-12-20T17:09:36.211764+00:00,2025-12-23T17:09:36.211764+00:00,COMPLETED,12,synthetic
2180,PR,317,PO_CREATED,PO Created,2025-12-24T17:09:36.211764+00:00,2025-12-24T17:09:36.211764+00:00,COMPLETED,12,synthetic
2181,RR,373,RR_CREATED,RR Created,2026-05-31T14:09:36.211764+00:00,2026-05-31T14:09:36.211764+00:00,COMPLETED,10,synthetic
2182,RR,373,DOA,DOA Approval,2026-05-31T14:09:36.211764+00:00,2026-06-04T14:09:36.211764+00:00,COMPLETED,2,synthetic
2183,RR,373,MRP,MRP Processing,2026-06-04T14:09:36.211764+00:00,2026-06-07T14:09:36.211764+00:00,COMPLETED,,synthetic
2184,PR,318,PR_CREATED,PR Created,2026-06-07T14:09:36.211764+00:00,2026-06-07T14:09:36.211764+00:00,COMPLETED,13,synthetic
2185,PR,318,RFQ,RFQ,2026-06-08T14:09:36.211764+00:00,2026-06-13T14:09:36.211764+00:00,COMPLETED,13,synthetic
2186,PR,318,ARIBA,Ariba Event,2026-06-14T14:09:36.211764+00:00,2026-06-20T14:09:36.211764+00:00,COMPLETED,13,synthetic
2187,PR,318,AUCTION,Auction,2026-06-20T19:09:36.211764+00:00,2026-06-21T03:09:36.211764+00:00,COMPLETED,13,synthetic
2188,PR,318,NFA,NFA Approval,2026-06-22T03:09:36.211764+00:00,2026-06-25T03:09:36.211764+00:00,COMPLETED,3,synthetic
2189,PR,318,PO_CREATED,PO Created,2026-06-26T03:09:36.211764+00:00,2026-06-26T03:09:36.211764+00:00,COMPLETED,13,synthetic
2190,RR,374,RR_CREATED,RR Created,2026-08-22T02:09:36.211764+00:00,2026-08-22T02:09:36.211764+00:00,COMPLETED,5,synthetic
2191,RR,374,DOA,DOA Approval,2026-08-22T02:09:36.211764+00:00,2026-08-23T02:09:36.211764+00:00,COMPLETED,2,synthetic
2192,RR,374,MRP,MRP Processing,2026-08-23T02:09:36.211764+00:00,2026-08-24T02:09:36.211764+00:00,COMPLETED,,synthetic
2193,PR,319,PR_CREATED,PR Created,2026-08-24T02:09:36.211764+00:00,2026-08-24T02:09:36.211764+00:00,COMPLETED,5,synthetic
2194,PR,319,RFQ,RFQ,2026-08-25T02:09:36.211764+00:00,2026-08-30T02:09:36.211764+00:00,COMPLETED,5,synthetic
2195,PR,319,PO_CREATED,PO Created,2026-08-31T02:09:36.211764+00:00,2026-08-31T02:09:36.211764+00:00,COMPLETED,5,synthetic
2196,RR,375,RR_CREATED,RR Created,2026-04-14T07:09:36.211764+00:00,2026-04-14T07:09:36.211764+00:00,COMPLETED,15,synthetic
2197,RR,375,DOA,DOA Approval,2026-04-14T07:09:36.211764+00:00,2026-04-16T07:09:36.211764+00:00,COMPLETED,3,synthetic
2198,RR,375,MRP,MRP Processing,2026-04-16T07:09:36.211764+00:00,2026-04-19T07:09:36.211764+00:00,COMPLETED,,synthetic
2199,PR,320,PR_CREATED,PR Created,2026-04-19T07:09:36.211764+00:00,2026-04-19T07:09:36.211764+00:00,COMPLETED,5,synthetic
2200,PR,320,RFQ,RFQ,2026-04-20T07:09:36.211764+00:00,2026-04-29T07:09:36.211764+00:00,COMPLETED,5,synthetic
2201,PR,320,NFA,NFA Approval,2026-04-30T07:09:36.211764+00:00,2026-05-03T07:09:36.211764+00:00,COMPLETED,15,synthetic
2202,PR,320,PO_CREATED,PO Created,2026-05-04T07:09:36.211764+00:00,2026-05-04T07:09:36.211764+00:00,COMPLETED,5,synthetic
2203,RR,376,RR_CREATED,RR Created,2026-03-22T21:09:36.211764+00:00,2026-03-22T21:09:36.211764+00:00,COMPLETED,19,synthetic
2204,RR,376,DOA,DOA Approval,2026-03-22T21:09:36.211764+00:00,2026-03-24T21:09:36.211764+00:00,COMPLETED,2,synthetic
2205,RR,376,MRP,MRP Processing,2026-03-24T21:09:36.211764+00:00,2026-03-26T21:09:36.211764+00:00,COMPLETED,,synthetic
2206,PR,321,PR_CREATED,PR Created,2026-03-26T21:09:36.211764+00:00,2026-03-26T21:09:36.211764+00:00,COMPLETED,12,synthetic
2207,PR,321,RFQ,RFQ,2026-03-27T21:09:36.211764+00:00,2026-04-26T21:09:36.211764+00:00,COMPLETED,12,synthetic
2208,PR,321,PO_CREATED,PO Created,2026-04-27T21:09:36.211764+00:00,2026-04-27T21:09:36.211764+00:00,COMPLETED,12,synthetic
2209,RR,377,RR_CREATED,RR Created,2026-07-07T18:09:36.211764+00:00,2026-07-07T18:09:36.211764+00:00,COMPLETED,3,synthetic
2210,RR,377,DOA,DOA Approval,2026-07-07T18:09:36.211764+00:00,,IN_PROGRESS,15,synthetic
2211,RR,378,RR_CREATED,RR Created,2026-05-12T03:09:36.211764+00:00,2026-05-12T03:09:36.211764+00:00,COMPLETED,14,synthetic
2212,RR,378,DOA,DOA Approval,2026-05-12T03:09:36.211764+00:00,2026-05-16T03:09:36.211764+00:00,COMPLETED,3,synthetic
2213,RR,378,MRP,MRP Processing,2026-05-16T03:09:36.211764+00:00,2026-05-19T03:09:36.211764+00:00,COMPLETED,,synthetic
2214,PR,322,PR_CREATED,PR Created,2026-05-19T03:09:36.211764+00:00,2026-05-19T03:09:36.211764+00:00,COMPLETED,12,synthetic
2215,PR,322,NFA,NFA Approval,2026-05-20T03:09:36.211764+00:00,2026-05-22T03:09:36.211764+00:00,COMPLETED,15,synthetic
2216,PR,322,PO_CREATED,PO Created,2026-05-23T03:09:36.211764+00:00,2026-05-23T03:09:36.211764+00:00,COMPLETED,12,synthetic
2217,RR,379,RR_CREATED,RR Created,2026-05-26T13:09:36.211764+00:00,2026-05-26T13:09:36.211764+00:00,COMPLETED,13,synthetic
2218,RR,379,DOA,DOA Approval,2026-05-26T13:09:36.211764+00:00,2026-05-28T13:09:36.211764+00:00,COMPLETED,2,synthetic
2219,RR,379,MRP,MRP Processing,2026-05-28T13:09:36.211764+00:00,2026-05-31T13:09:36.211764+00:00,COMPLETED,,synthetic
2220,PR,323,PR_CREATED,PR Created,2026-05-31T13:09:36.211764+00:00,2026-05-31T13:09:36.211764+00:00,COMPLETED,5,synthetic
2221,PR,323,RFQ,RFQ,2026-06-01T13:09:36.211764+00:00,2026-06-09T13:09:36.211764+00:00,COMPLETED,5,synthetic
2222,PR,323,ARIBA,Ariba Event,2026-06-10T13:09:36.211764+00:00,2026-06-15T13:09:36.211764+00:00,COMPLETED,5,synthetic
2223,PR,323,AUCTION,Auction,2026-06-16T00:09:36.211764+00:00,2026-06-16T08:09:36.211764+00:00,COMPLETED,5,synthetic
2224,PR,323,NFA,NFA Approval,2026-06-17T08:09:36.211764+00:00,2026-06-21T08:09:36.211764+00:00,COMPLETED,15,synthetic
2225,RR,380,RR_CREATED,RR Created,2025-12-12T01:09:36.211764+00:00,2025-12-12T01:09:36.211764+00:00,COMPLETED,19,synthetic
2226,RR,380,DOA,DOA Approval,2025-12-12T01:09:36.211764+00:00,2025-12-15T01:09:36.211764+00:00,COMPLETED,15,synthetic
2227,RR,380,MRP,MRP Processing,2025-12-15T01:09:36.211764+00:00,2025-12-16T01:09:36.211764+00:00,COMPLETED,,synthetic
2228,PR,324,PR_CREATED,PR Created,2025-12-16T01:09:36.211764+00:00,2025-12-16T01:09:36.211764+00:00,COMPLETED,5,synthetic
2229,PR,324,RFQ,RFQ,2025-12-17T01:09:36.211764+00:00,2025-12-23T01:09:36.211764+00:00,COMPLETED,5,synthetic
2230,PR,324,NFA,NFA Approval,2025-12-24T01:09:36.211764+00:00,2026-01-19T01:09:36.211764+00:00,COMPLETED,3,synthetic
2231,PR,324,PO_CREATED,PO Created,2026-01-20T01:09:36.211764+00:00,2026-01-20T01:09:36.211764+00:00,COMPLETED,5,synthetic
2232,RR,381,RR_CREATED,RR Created,2026-06-01T16:09:36.211764+00:00,2026-06-01T16:09:36.211764+00:00,COMPLETED,18,synthetic
2233,RR,381,DOA,DOA Approval,2026-06-01T16:09:36.211764+00:00,2026-06-05T16:09:36.211764+00:00,COMPLETED,2,synthetic
2234,RR,381,MRP,MRP Processing,2026-06-05T16:09:36.211764+00:00,2026-06-23T16:09:36.211764+00:00,COMPLETED,,synthetic
2235,PR,325,PR_CREATED,PR Created,2026-06-23T16:09:36.211764+00:00,2026-06-23T16:09:36.211764+00:00,COMPLETED,5,synthetic
2236,PR,325,PO_CREATED,PO Created,2026-06-24T16:09:36.211764+00:00,2026-06-24T16:09:36.211764+00:00,COMPLETED,5,synthetic
2237,RR,382,RR_CREATED,RR Created,2025-12-17T17:09:36.211764+00:00,2025-12-17T17:09:36.211764+00:00,COMPLETED,12,synthetic
2238,RR,382,DOA,DOA Approval,2025-12-17T17:09:36.211764+00:00,2025-12-21T17:09:36.211764+00:00,COMPLETED,2,synthetic
2239,RR,382,MRP,MRP Processing,2025-12-21T17:09:36.211764+00:00,2025-12-22T17:09:36.211764+00:00,COMPLETED,,synthetic
2240,PR,326,PR_CREATED,PR Created,2025-12-22T17:09:36.211764+00:00,2025-12-22T17:09:36.211764+00:00,COMPLETED,5,synthetic
2241,PR,326,RFQ,RFQ,2025-12-23T17:09:36.211764+00:00,2026-01-01T17:09:36.211764+00:00,COMPLETED,5,synthetic
2242,PR,326,PO_CREATED,PO Created,2026-01-02T17:09:36.211764+00:00,2026-01-02T17:09:36.211764+00:00,COMPLETED,5,synthetic
2243,RR,383,RR_CREATED,RR Created,2026-07-13T21:09:36.211764+00:00,2026-07-13T21:09:36.211764+00:00,COMPLETED,9,synthetic
2244,RR,383,DOA,DOA Approval,2026-07-13T21:09:36.211764+00:00,2026-07-14T21:09:36.211764+00:00,COMPLETED,3,synthetic
2245,RR,383,MRP,MRP Processing,2026-07-14T21:09:36.211764+00:00,2026-07-17T21:09:36.211764+00:00,COMPLETED,,synthetic
2246,PR,327,PR_CREATED,PR Created,2026-07-17T21:09:36.211764+00:00,2026-07-17T21:09:36.211764+00:00,COMPLETED,5,synthetic
2247,PR,327,RFQ,RFQ,2026-07-18T21:09:36.211764+00:00,2026-07-27T21:09:36.211764+00:00,COMPLETED,5,synthetic
2248,PR,327,NFA,NFA Approval,2026-07-28T21:09:36.211764+00:00,2026-08-01T21:09:36.211764+00:00,COMPLETED,3,synthetic
2249,PR,327,PO_CREATED,PO Created,2026-08-02T21:09:36.211764+00:00,2026-08-02T21:09:36.211764+00:00,COMPLETED,5,synthetic
2250,RR,384,RR_CREATED,RR Created,2026-01-16T22:09:36.211764+00:00,2026-01-16T22:09:36.211764+00:00,COMPLETED,18,synthetic
2251,RR,384,DOA,DOA Approval,2026-01-16T22:09:36.211764+00:00,2026-02-19T22:09:36.211764+00:00,COMPLETED,3,synthetic
2252,RR,384,MRP,MRP Processing,2026-02-19T22:09:36.211764+00:00,2026-02-20T22:09:36.211764+00:00,COMPLETED,,synthetic
2253,PR,328,PR_CREATED,PR Created,2026-02-20T22:09:36.211764+00:00,2026-02-20T22:09:36.211764+00:00,COMPLETED,12,synthetic
2254,PR,328,RFQ,RFQ,2026-02-21T22:09:36.211764+00:00,2026-02-28T22:09:36.211764+00:00,COMPLETED,12,synthetic
2255,PR,328,NFA,NFA Approval,2026-03-01T22:09:36.211764+00:00,2026-03-05T22:09:36.211764+00:00,COMPLETED,15,synthetic
2256,PR,328,PO_CREATED,PO Created,2026-03-06T22:09:36.211764+00:00,2026-03-06T22:09:36.211764+00:00,COMPLETED,12,synthetic
2257,RR,385,RR_CREATED,RR Created,2026-04-12T23:09:36.211764+00:00,2026-04-12T23:09:36.211764+00:00,COMPLETED,12,synthetic
2258,RR,385,DOA,DOA Approval,2026-04-12T23:09:36.211764+00:00,2026-04-14T23:09:36.211764+00:00,COMPLETED,15,synthetic
2259,RR,385,MRP,MRP Processing,2026-04-14T23:09:36.211764+00:00,2026-04-15T23:09:36.211764+00:00,COMPLETED,,synthetic
2260,PR,329,PR_CREATED,PR Created,2026-04-15T23:09:36.211764+00:00,2026-04-15T23:09:36.211764+00:00,COMPLETED,5,synthetic
2261,PR,329,RFQ,RFQ,2026-04-16T23:09:36.211764+00:00,2026-04-22T23:09:36.211764+00:00,COMPLETED,5,synthetic
2262,PR,329,ARIBA,Ariba Event,2026-04-23T23:09:36.211764+00:00,2026-04-26T23:09:36.211764+00:00,COMPLETED,5,synthetic
2263,PR,329,AUCTION,Auction,2026-04-27T07:09:36.211764+00:00,2026-04-27T13:09:36.211764+00:00,COMPLETED,5,synthetic
2264,PR,329,NFA,NFA Approval,2026-04-28T13:09:36.211764+00:00,2026-05-01T13:09:36.211764+00:00,COMPLETED,15,synthetic
2265,PR,329,PO_CREATED,PO Created,2026-05-02T13:09:36.211764+00:00,2026-05-02T13:09:36.211764+00:00,COMPLETED,5,synthetic
2266,RR,386,RR_CREATED,RR Created,2026-04-10T17:09:36.211764+00:00,2026-04-10T17:09:36.211764+00:00,COMPLETED,14,synthetic
2267,RR,386,DOA,DOA Approval,2026-04-10T17:09:36.211764+00:00,2026-04-13T17:09:36.211764+00:00,COMPLETED,15,synthetic
2268,RR,386,MRP,MRP Processing,2026-04-13T17:09:36.211764+00:00,2026-04-16T17:09:36.211764+00:00,COMPLETED,,synthetic
2269,PR,330,PR_CREATED,PR Created,2026-04-16T17:09:36.211764+00:00,2026-04-16T17:09:36.211764+00:00,COMPLETED,12,synthetic
2270,PR,330,RFQ,RFQ,2026-04-17T17:09:36.211764+00:00,2026-04-27T17:09:36.211764+00:00,COMPLETED,12,synthetic
2271,PR,330,ARIBA,Ariba Event,2026-04-28T17:09:36.211764+00:00,2026-05-28T17:09:36.211764+00:00,COMPLETED,12,synthetic
2272,PR,330,NFA,NFA Approval,2026-05-29T17:09:36.211764+00:00,2026-05-31T17:09:36.211764+00:00,COMPLETED,15,synthetic
2273,PR,330,PO_CREATED,PO Created,2026-06-01T17:09:36.211764+00:00,2026-06-01T17:09:36.211764+00:00,COMPLETED,12,synthetic
2274,RR,387,RR_CREATED,RR Created,2026-05-09T04:09:36.211764+00:00,2026-05-09T04:09:36.211764+00:00,COMPLETED,23,synthetic
2275,RR,387,DOA,DOA Approval,2026-05-09T04:09:36.211764+00:00,2026-05-11T04:09:36.211764+00:00,COMPLETED,15,synthetic
2276,RR,387,MRP,MRP Processing,2026-05-11T04:09:36.211764+00:00,2026-05-12T04:09:36.211764+00:00,COMPLETED,,synthetic
2277,PR,331,PR_CREATED,PR Created,2026-05-12T04:09:36.211764+00:00,2026-05-12T04:09:36.211764+00:00,COMPLETED,12,synthetic
2278,PR,331,NFA,NFA Approval,2026-05-13T04:09:36.211764+00:00,2026-05-15T04:09:36.211764+00:00,COMPLETED,3,synthetic
2279,PR,331,PO_CREATED,PO Created,2026-05-16T04:09:36.211764+00:00,2026-05-16T04:09:36.211764+00:00,COMPLETED,12,synthetic
2280,RR,388,RR_CREATED,RR Created,2026-04-24T05:09:36.211764+00:00,2026-04-24T05:09:36.211764+00:00,COMPLETED,9,synthetic
2281,RR,388,DOA,DOA Approval,2026-04-24T05:09:36.211764+00:00,2026-04-27T05:09:36.211764+00:00,COMPLETED,2,synthetic
2282,RR,388,MRP,MRP Processing,2026-04-27T05:09:36.211764+00:00,2026-04-29T05:09:36.211764+00:00,COMPLETED,,synthetic
2283,PR,332,PR_CREATED,PR Created,2026-04-29T05:09:36.211764+00:00,2026-04-29T05:09:36.211764+00:00,COMPLETED,5,synthetic
2284,PR,332,RFQ,RFQ,2026-04-30T05:09:36.211764+00:00,,IN_PROGRESS,5,synthetic
2285,RR,389,RR_CREATED,RR Created,2026-08-01T08:09:36.211764+00:00,2026-08-01T08:09:36.211764+00:00,COMPLETED,2,synthetic
2286,RR,389,DOA,DOA Approval,2026-08-01T08:09:36.211764+00:00,2026-08-05T08:09:36.211764+00:00,COMPLETED,2,synthetic
2287,RR,389,MRP,MRP Processing,2026-08-05T08:09:36.211764+00:00,2026-08-06T08:09:36.211764+00:00,COMPLETED,,synthetic
2288,PR,333,PR_CREATED,PR Created,2026-08-06T08:09:36.211764+00:00,2026-08-06T08:09:36.211764+00:00,COMPLETED,13,synthetic
2289,PR,333,RFQ,RFQ,2026-08-07T08:09:36.211764+00:00,,IN_PROGRESS,13,synthetic
2290,RR,390,RR_CREATED,RR Created,2026-02-19T18:09:36.211764+00:00,2026-02-19T18:09:36.211764+00:00,COMPLETED,9,synthetic
2291,RR,390,DOA,DOA Approval,2026-02-19T18:09:36.211764+00:00,2026-03-10T18:09:36.211764+00:00,COMPLETED,2,synthetic
2292,RR,390,MRP,MRP Processing,2026-03-10T18:09:36.211764+00:00,2026-03-11T18:09:36.211764+00:00,COMPLETED,,synthetic
2293,PR,334,PR_CREATED,PR Created,2026-03-11T18:09:36.211764+00:00,2026-03-11T18:09:36.211764+00:00,COMPLETED,24,synthetic
2294,PR,334,RFQ,RFQ,2026-03-12T18:09:36.211764+00:00,2026-03-19T18:09:36.211764+00:00,COMPLETED,24,synthetic
2295,PR,334,ARIBA,Ariba Event,2026-03-20T18:09:36.211764+00:00,2026-03-23T18:09:36.211764+00:00,COMPLETED,24,synthetic
2296,PR,334,AUCTION,Auction,2026-03-24T10:09:36.211764+00:00,2026-03-24T16:09:36.211764+00:00,COMPLETED,24,synthetic
2297,PR,334,PO_CREATED,PO Created,2026-03-25T16:09:36.211764+00:00,2026-03-25T16:09:36.211764+00:00,COMPLETED,24,synthetic
2298,RR,391,RR_CREATED,RR Created,2026-04-11T13:09:36.211764+00:00,2026-04-11T13:09:36.211764+00:00,COMPLETED,19,synthetic
2299,RR,391,DOA,DOA Approval,2026-04-11T13:09:36.211764+00:00,,IN_PROGRESS,15,synthetic
2300,RR,392,RR_CREATED,RR Created,2026-02-04T15:09:36.211764+00:00,2026-02-04T15:09:36.211764+00:00,COMPLETED,16,synthetic
2301,RR,392,DOA,DOA Approval,2026-02-04T15:09:36.211764+00:00,2026-02-05T15:09:36.211764+00:00,COMPLETED,3,synthetic
2302,RR,392,MRP,MRP Processing,2026-02-05T15:09:36.211764+00:00,2026-02-06T15:09:36.211764+00:00,COMPLETED,,synthetic
2303,PR,335,PR_CREATED,PR Created,2026-02-06T15:09:36.211764+00:00,2026-02-06T15:09:36.211764+00:00,COMPLETED,5,synthetic
2304,PR,335,RFQ,RFQ,2026-02-07T15:09:36.211764+00:00,2026-02-14T15:09:36.211764+00:00,COMPLETED,5,synthetic
2305,PR,335,NFA,NFA Approval,2026-02-15T15:09:36.211764+00:00,2026-02-19T15:09:36.211764+00:00,COMPLETED,15,synthetic
2306,PR,335,PO_CREATED,PO Created,2026-02-20T15:09:36.211764+00:00,2026-02-20T15:09:36.211764+00:00,COMPLETED,5,synthetic
2307,RR,393,RR_CREATED,RR Created,2026-06-07T18:09:36.211764+00:00,2026-06-07T18:09:36.211764+00:00,COMPLETED,10,synthetic
2308,RR,393,DOA,DOA Approval,2026-06-07T18:09:36.211764+00:00,,IN_PROGRESS,2,synthetic
2309,RR,394,RR_CREATED,RR Created,2026-01-02T05:09:36.211764+00:00,2026-01-02T05:09:36.211764+00:00,COMPLETED,24,synthetic
2310,RR,394,DOA,DOA Approval,2026-01-02T05:09:36.211764+00:00,2026-01-03T05:09:36.211764+00:00,COMPLETED,2,synthetic
2311,RR,394,MRP,MRP Processing,2026-01-03T05:09:36.211764+00:00,2026-01-06T05:09:36.211764+00:00,COMPLETED,,synthetic
2312,PR,336,PR_CREATED,PR Created,2026-01-06T05:09:36.211764+00:00,2026-01-06T05:09:36.211764+00:00,COMPLETED,13,synthetic
2313,PR,336,RFQ,RFQ,2026-01-07T05:09:36.211764+00:00,2026-01-14T05:09:36.211764+00:00,COMPLETED,13,synthetic
2314,PR,336,ARIBA,Ariba Event,2026-01-15T05:09:36.211764+00:00,2026-01-18T05:09:36.211764+00:00,COMPLETED,13,synthetic
2315,PR,336,AUCTION,Auction,2026-01-18T19:09:36.211764+00:00,2026-01-19T03:09:36.211764+00:00,COMPLETED,13,synthetic
2316,PR,336,NFA,NFA Approval,2026-01-20T03:09:36.211764+00:00,2026-01-24T03:09:36.211764+00:00,REJECTED,3,synthetic
2317,RR,395,RR_CREATED,RR Created,2026-07-30T08:09:36.211764+00:00,2026-07-30T08:09:36.211764+00:00,COMPLETED,11,synthetic
2318,RR,395,DOA,DOA Approval,2026-07-30T08:09:36.211764+00:00,2026-08-01T08:09:36.211764+00:00,COMPLETED,2,synthetic
2319,RR,395,MRP,MRP Processing,2026-08-01T08:09:36.211764+00:00,2026-08-04T08:09:36.211764+00:00,COMPLETED,,synthetic
2320,PR,337,PR_CREATED,PR Created,2026-08-04T08:09:36.211764+00:00,2026-08-04T08:09:36.211764+00:00,COMPLETED,12,synthetic
2321,PR,337,RFQ,RFQ,2026-08-05T08:09:36.211764+00:00,2026-08-13T08:09:36.211764+00:00,COMPLETED,12,synthetic
2322,PR,337,NFA,NFA Approval,2026-08-14T08:09:36.211764+00:00,2026-08-16T08:09:36.211764+00:00,COMPLETED,15,synthetic
2323,PR,337,PO_CREATED,PO Created,2026-08-17T08:09:36.211764+00:00,2026-08-17T08:09:36.211764+00:00,COMPLETED,12,synthetic
2324,RR,396,RR_CREATED,RR Created,2026-01-12T11:09:36.211764+00:00,2026-01-12T11:09:36.211764+00:00,COMPLETED,24,synthetic
2325,RR,396,DOA,DOA Approval,2026-01-12T11:09:36.211764+00:00,,IN_PROGRESS,15,synthetic
2326,RR,397,RR_CREATED,RR Created,2026-03-03T12:09:36.211764+00:00,2026-03-03T12:09:36.211764+00:00,COMPLETED,11,synthetic
2327,RR,397,DOA,DOA Approval,2026-03-03T12:09:36.211764+00:00,2026-03-06T12:09:36.211764+00:00,COMPLETED,3,synthetic
2328,RR,397,MRP,MRP Processing,2026-03-06T12:09:36.211764+00:00,2026-03-08T12:09:36.211764+00:00,COMPLETED,,synthetic
2329,PR,338,PR_CREATED,PR Created,2026-03-08T12:09:36.211764+00:00,2026-03-08T12:09:36.211764+00:00,COMPLETED,13,synthetic
2330,RR,398,RR_CREATED,RR Created,2026-03-18T16:09:36.211764+00:00,2026-03-18T16:09:36.211764+00:00,COMPLETED,20,synthetic
2331,RR,398,DOA,DOA Approval,2026-03-18T16:09:36.211764+00:00,2026-04-08T16:09:36.211764+00:00,COMPLETED,15,synthetic
2332,RR,398,MRP,MRP Processing,2026-04-08T16:09:36.211764+00:00,2026-04-10T16:09:36.211764+00:00,COMPLETED,,synthetic
2333,PR,339,PR_CREATED,PR Created,2026-04-10T16:09:36.211764+00:00,2026-04-10T16:09:36.211764+00:00,COMPLETED,5,synthetic
2334,PR,339,RFQ,RFQ,2026-04-11T16:09:36.211764+00:00,2026-04-21T16:09:36.211764+00:00,COMPLETED,5,synthetic
2335,PR,339,PO_CREATED,PO Created,2026-04-22T16:09:36.211764+00:00,2026-04-22T16:09:36.211764+00:00,COMPLETED,5,synthetic
2336,RR,399,RR_CREATED,RR Created,2026-04-14T15:09:36.211764+00:00,2026-04-14T15:09:36.211764+00:00,COMPLETED,2,synthetic
2337,RR,399,DOA,DOA Approval,2026-04-14T15:09:36.211764+00:00,2026-04-18T15:09:36.211764+00:00,COMPLETED,15,synthetic
2338,RR,399,MRP,MRP Processing,2026-04-18T15:09:36.211764+00:00,2026-04-20T15:09:36.211764+00:00,COMPLETED,,synthetic
2339,PR,340,PR_CREATED,PR Created,2026-04-20T15:09:36.211764+00:00,2026-04-20T15:09:36.211764+00:00,COMPLETED,12,synthetic
2340,PR,340,RFQ,RFQ,2026-04-21T15:09:36.211764+00:00,2026-04-29T15:09:36.211764+00:00,COMPLETED,12,synthetic
2341,PR,340,PO_CREATED,PO Created,2026-04-30T15:09:36.211764+00:00,2026-04-30T15:09:36.211764+00:00,COMPLETED,12,synthetic
2342,RR,400,RR_CREATED,RR Created,2026-03-04T02:09:36.211764+00:00,2026-03-04T02:09:36.211764+00:00,COMPLETED,8,synthetic
2343,RR,400,DOA,DOA Approval,2026-03-04T02:09:36.211764+00:00,2026-03-08T02:09:36.211764+00:00,COMPLETED,3,synthetic
2344,RR,400,MRP,MRP Processing,2026-03-08T02:09:36.211764+00:00,2026-03-11T02:09:36.211764+00:00,COMPLETED,,synthetic
2345,PR,341,PR_CREATED,PR Created,2026-03-11T02:09:36.211764+00:00,2026-03-11T02:09:36.211764+00:00,COMPLETED,5,synthetic
2346,PR,341,RFQ,RFQ,2026-03-12T02:09:36.211764+00:00,2026-03-22T02:09:36.211764+00:00,COMPLETED,5,synthetic
2347,PR,341,NFA,NFA Approval,2026-03-23T02:09:36.211764+00:00,2026-04-20T02:09:36.211764+00:00,COMPLETED,3,synthetic
2348,PR,341,PO_CREATED,PO Created,2026-04-21T02:09:36.211764+00:00,2026-04-21T02:09:36.211764+00:00,COMPLETED,5,synthetic
2349,RR,401,RR_CREATED,RR Created,2026-04-16T14:09:36.211764+00:00,2026-04-16T14:09:36.211764+00:00,COMPLETED,16,synthetic
2350,RR,401,DOA,DOA Approval,2026-04-16T14:09:36.211764+00:00,2026-04-18T14:09:36.211764+00:00,COMPLETED,2,synthetic
2351,RR,401,MRP,MRP Processing,2026-04-18T14:09:36.211764+00:00,2026-04-21T14:09:36.211764+00:00,COMPLETED,,synthetic
2352,PR,342,PR_CREATED,PR Created,2026-04-21T14:09:36.211764+00:00,2026-04-21T14:09:36.211764+00:00,COMPLETED,13,synthetic
2353,PR,342,RFQ,RFQ,2026-04-22T14:09:36.211764+00:00,,IN_PROGRESS,13,synthetic
2354,RR,402,RR_CREATED,RR Created,2026-04-19T19:09:36.211764+00:00,2026-04-19T19:09:36.211764+00:00,COMPLETED,19,synthetic
2355,RR,402,DOA,DOA Approval,2026-04-19T19:09:36.211764+00:00,,IN_PROGRESS,2,synthetic
2356,RR,403,RR_CREATED,RR Created,2026-01-06T01:09:36.211764+00:00,2026-01-06T01:09:36.211764+00:00,COMPLETED,21,synthetic
2357,RR,403,DOA,DOA Approval,2026-01-06T01:09:36.211764+00:00,2026-01-09T01:09:36.211764+00:00,COMPLETED,2,synthetic
2358,RR,403,MRP,MRP Processing,2026-01-09T01:09:36.211764+00:00,2026-01-10T01:09:36.211764+00:00,COMPLETED,,synthetic
2359,PR,343,PR_CREATED,PR Created,2026-01-10T01:09:36.211764+00:00,2026-01-10T01:09:36.211764+00:00,COMPLETED,12,synthetic
2360,PR,343,PO_CREATED,PO Created,2026-01-11T01:09:36.211764+00:00,2026-01-11T01:09:36.211764+00:00,COMPLETED,12,synthetic
2361,RR,404,RR_CREATED,RR Created,2026-04-01T22:09:36.211764+00:00,2026-04-01T22:09:36.211764+00:00,COMPLETED,7,synthetic
2362,RR,404,DOA,DOA Approval,2026-04-01T22:09:36.211764+00:00,2026-04-04T22:09:36.211764+00:00,COMPLETED,2,synthetic
2363,RR,404,MRP,MRP Processing,2026-04-04T22:09:36.211764+00:00,2026-04-07T22:09:36.211764+00:00,COMPLETED,,synthetic
2364,PR,344,PR_CREATED,PR Created,2026-04-07T22:09:36.211764+00:00,2026-04-07T22:09:36.211764+00:00,COMPLETED,13,synthetic
2365,PR,344,RFQ,RFQ,2026-04-08T22:09:36.211764+00:00,,IN_PROGRESS,13,synthetic
2366,RR,405,RR_CREATED,RR Created,2026-01-30T14:09:36.211764+00:00,2026-01-30T14:09:36.211764+00:00,COMPLETED,18,synthetic
2367,RR,405,DOA,DOA Approval,2026-01-30T14:09:36.211764+00:00,2026-02-01T14:09:36.211764+00:00,COMPLETED,2,synthetic
2368,RR,405,MRP,MRP Processing,2026-02-01T14:09:36.211764+00:00,2026-02-03T14:09:36.211764+00:00,COMPLETED,,synthetic
2369,PR,345,PR_CREATED,PR Created,2026-02-03T14:09:36.211764+00:00,2026-02-03T14:09:36.211764+00:00,COMPLETED,24,synthetic
2370,PR,345,RFQ,RFQ,2026-02-04T14:09:36.211764+00:00,2026-02-09T14:09:36.211764+00:00,COMPLETED,24,synthetic
2371,PR,345,ARIBA,Ariba Event,2026-02-10T14:09:36.211764+00:00,2026-02-15T14:09:36.211764+00:00,COMPLETED,24,synthetic
2372,PR,345,AUCTION,Auction,2026-02-15T19:09:36.211764+00:00,2026-02-16T00:09:36.211764+00:00,COMPLETED,24,synthetic
2373,PR,345,NFA,NFA Approval,2026-02-17T00:09:36.211764+00:00,2026-03-07T00:09:36.211764+00:00,COMPLETED,15,synthetic
2374,PR,345,PO_CREATED,PO Created,2026-03-08T00:09:36.211764+00:00,2026-03-08T00:09:36.211764+00:00,COMPLETED,24,synthetic
2375,RR,406,RR_CREATED,RR Created,2026-03-13T21:09:36.211764+00:00,2026-03-13T21:09:36.211764+00:00,COMPLETED,15,synthetic
2376,RR,406,DOA,DOA Approval,2026-03-13T21:09:36.211764+00:00,2026-03-17T21:09:36.211764+00:00,COMPLETED,15,synthetic
2377,RR,406,MRP,MRP Processing,2026-03-17T21:09:36.211764+00:00,2026-03-18T21:09:36.211764+00:00,COMPLETED,,synthetic
2378,PR,346,PR_CREATED,PR Created,2026-03-18T21:09:36.211764+00:00,2026-03-18T21:09:36.211764+00:00,COMPLETED,12,synthetic
2379,PR,346,RFQ,RFQ,2026-03-19T21:09:36.211764+00:00,2026-04-25T21:09:36.211764+00:00,COMPLETED,12,synthetic
2380,PR,346,ARIBA,Ariba Event,2026-04-26T21:09:36.211764+00:00,2026-04-29T21:09:36.211764+00:00,COMPLETED,12,synthetic
2381,PR,346,PO_CREATED,PO Created,2026-04-30T21:09:36.211764+00:00,2026-04-30T21:09:36.211764+00:00,COMPLETED,12,synthetic
2382,RR,407,RR_CREATED,RR Created,2026-08-03T20:09:36.211764+00:00,2026-08-03T20:09:36.211764+00:00,COMPLETED,16,synthetic
2383,RR,407,DOA,DOA Approval,2026-08-03T20:09:36.211764+00:00,2026-08-06T20:09:36.211764+00:00,COMPLETED,15,synthetic
2384,RR,407,MRP,MRP Processing,2026-08-06T20:09:36.211764+00:00,2026-08-08T20:09:36.211764+00:00,COMPLETED,,synthetic
2385,PR,347,PR_CREATED,PR Created,2026-08-08T20:09:36.211764+00:00,2026-08-08T20:09:36.211764+00:00,COMPLETED,24,synthetic
2386,PR,347,RFQ,RFQ,2026-08-09T20:09:36.211764+00:00,2026-08-19T20:09:36.211764+00:00,COMPLETED,24,synthetic
2387,PR,347,NFA,NFA Approval,2026-08-20T20:09:36.211764+00:00,2026-08-22T20:09:36.211764+00:00,COMPLETED,15,synthetic
2388,PR,347,PO_CREATED,PO Created,2026-08-23T20:09:36.211764+00:00,2026-08-23T20:09:36.211764+00:00,COMPLETED,24,synthetic
2389,RR,408,RR_CREATED,RR Created,2026-04-08T13:09:36.211764+00:00,2026-04-08T13:09:36.211764+00:00,COMPLETED,24,synthetic
2390,RR,408,DOA,DOA Approval,2026-04-08T13:09:36.211764+00:00,,IN_PROGRESS,2,synthetic
2391,RR,409,RR_CREATED,RR Created,2026-01-14T14:09:36.211764+00:00,2026-01-14T14:09:36.211764+00:00,COMPLETED,8,synthetic
2392,RR,409,DOA,DOA Approval,2026-01-14T14:09:36.211764+00:00,2026-01-18T14:09:36.211764+00:00,COMPLETED,2,synthetic
2393,RR,409,MRP,MRP Processing,2026-01-18T14:09:36.211764+00:00,2026-01-21T14:09:36.211764+00:00,COMPLETED,,synthetic
2394,PR,348,PR_CREATED,PR Created,2026-01-21T14:09:36.211764+00:00,2026-01-21T14:09:36.211764+00:00,COMPLETED,5,synthetic
2395,PR,348,RFQ,RFQ,2026-01-22T14:09:36.211764+00:00,2026-02-15T14:09:36.211764+00:00,COMPLETED,5,synthetic
2396,PR,348,ARIBA,Ariba Event,2026-02-16T14:09:36.211764+00:00,2026-02-23T14:09:36.211764+00:00,COMPLETED,5,synthetic
2397,PR,348,AUCTION,Auction,2026-02-23T23:09:36.211764+00:00,2026-02-24T04:09:36.211764+00:00,COMPLETED,5,synthetic
2398,RR,410,RR_CREATED,RR Created,2026-05-22T09:09:36.211764+00:00,2026-05-22T09:09:36.211764+00:00,COMPLETED,21,synthetic
2399,RR,410,DOA,DOA Approval,2026-05-22T09:09:36.211764+00:00,2026-05-26T09:09:36.211764+00:00,COMPLETED,15,synthetic
2400,RR,410,MRP,MRP Processing,2026-05-26T09:09:36.211764+00:00,2026-05-28T09:09:36.211764+00:00,COMPLETED,,synthetic
2401,PR,349,PR_CREATED,PR Created,2026-05-28T09:09:36.211764+00:00,2026-05-28T09:09:36.211764+00:00,COMPLETED,13,synthetic
2402,PR,349,RFQ,RFQ,2026-05-29T09:09:36.211764+00:00,2026-06-05T09:09:36.211764+00:00,COMPLETED,13,synthetic
2403,RR,411,RR_CREATED,RR Created,2026-03-10T07:09:36.211764+00:00,2026-03-10T07:09:36.211764+00:00,COMPLETED,20,synthetic
2404,RR,411,DOA,DOA Approval,2026-03-10T07:09:36.211764+00:00,2026-03-11T07:09:36.211764+00:00,COMPLETED,2,synthetic
2405,RR,411,MRP,MRP Processing,2026-03-11T07:09:36.211764+00:00,2026-03-14T07:09:36.211764+00:00,COMPLETED,,synthetic
2406,PR,350,PR_CREATED,PR Created,2026-03-14T07:09:36.211764+00:00,2026-03-14T07:09:36.211764+00:00,COMPLETED,5,synthetic
2407,PR,350,RFQ,RFQ,2026-03-15T07:09:36.211764+00:00,2026-03-23T07:09:36.211764+00:00,COMPLETED,5,synthetic
2408,PR,350,PO_CREATED,PO Created,2026-03-24T07:09:36.211764+00:00,2026-03-24T07:09:36.211764+00:00,COMPLETED,5,synthetic
2409,RR,412,RR_CREATED,RR Created,2026-05-19T21:09:36.211764+00:00,2026-05-19T21:09:36.211764+00:00,COMPLETED,11,synthetic
2410,RR,412,DOA,DOA Approval,2026-05-19T21:09:36.211764+00:00,,IN_PROGRESS,15,synthetic
2411,RR,413,RR_CREATED,RR Created,2025-12-09T08:09:36.211764+00:00,2025-12-09T08:09:36.211764+00:00,COMPLETED,20,synthetic
2412,RR,413,DOA,DOA Approval,2025-12-09T08:09:36.211764+00:00,2025-12-10T08:09:36.211764+00:00,COMPLETED,15,synthetic
2413,RR,413,MRP,MRP Processing,2025-12-10T08:09:36.211764+00:00,2025-12-11T08:09:36.211764+00:00,COMPLETED,,synthetic
2414,PR,351,PR_CREATED,PR Created,2025-12-11T08:09:36.211764+00:00,2025-12-11T08:09:36.211764+00:00,COMPLETED,5,synthetic
2415,PR,351,PO_CREATED,PO Created,2025-12-12T08:09:36.211764+00:00,2025-12-12T08:09:36.211764+00:00,COMPLETED,5,synthetic
2416,RR,414,RR_CREATED,RR Created,2026-01-21T10:09:36.211764+00:00,2026-01-21T10:09:36.211764+00:00,COMPLETED,6,synthetic
2417,RR,414,DOA,DOA Approval,2026-01-21T10:09:36.211764+00:00,2026-01-24T10:09:36.211764+00:00,COMPLETED,2,synthetic
2418,RR,414,MRP,MRP Processing,2026-01-24T10:09:36.211764+00:00,2026-01-26T10:09:36.211764+00:00,COMPLETED,,synthetic
2419,PR,352,PR_CREATED,PR Created,2026-01-26T10:09:36.211764+00:00,2026-01-26T10:09:36.211764+00:00,COMPLETED,5,synthetic
2420,PR,352,RFQ,RFQ,2026-01-27T10:09:36.211764+00:00,2026-02-03T10:09:36.211764+00:00,COMPLETED,5,synthetic
2421,PR,352,ARIBA,Ariba Event,2026-02-04T10:09:36.211764+00:00,2026-02-09T10:09:36.211764+00:00,COMPLETED,5,synthetic
2422,PR,352,PO_CREATED,PO Created,2026-02-10T10:09:36.211764+00:00,2026-02-10T10:09:36.211764+00:00,COMPLETED,5,synthetic
2423,RR,415,RR_CREATED,RR Created,2026-05-26T13:09:36.211764+00:00,2026-05-26T13:09:36.211764+00:00,COMPLETED,5,synthetic
2424,RR,415,DOA,DOA Approval,2026-05-26T13:09:36.211764+00:00,2026-05-28T13:09:36.211764+00:00,COMPLETED,15,synthetic
2425,RR,415,MRP,MRP Processing,2026-05-28T13:09:36.211764+00:00,2026-05-31T13:09:36.211764+00:00,COMPLETED,,synthetic
2426,PR,353,PR_CREATED,PR Created,2026-05-31T13:09:36.211764+00:00,2026-05-31T13:09:36.211764+00:00,COMPLETED,12,synthetic
2427,PR,353,NFA,NFA Approval,2026-06-01T13:09:36.211764+00:00,2026-06-06T13:09:36.211764+00:00,COMPLETED,15,synthetic
2428,PR,353,PO_CREATED,PO Created,2026-06-07T13:09:36.211764+00:00,2026-06-07T13:09:36.211764+00:00,COMPLETED,12,synthetic
2429,RR,416,RR_CREATED,RR Created,2026-03-31T05:09:36.211764+00:00,2026-03-31T05:09:36.211764+00:00,COMPLETED,1,synthetic
2430,RR,416,DOA,DOA Approval,2026-03-31T05:09:36.211764+00:00,2026-04-04T05:09:36.211764+00:00,COMPLETED,2,synthetic
2431,RR,416,MRP,MRP Processing,2026-04-04T05:09:36.211764+00:00,2026-04-06T05:09:36.211764+00:00,COMPLETED,,synthetic
2432,PR,354,PR_CREATED,PR Created,2026-04-06T05:09:36.211764+00:00,2026-04-06T05:09:36.211764+00:00,COMPLETED,12,synthetic
2433,PR,354,RFQ,RFQ,2026-04-07T05:09:36.211764+00:00,2026-04-15T05:09:36.211764+00:00,COMPLETED,12,synthetic
2434,PR,354,ARIBA,Ariba Event,2026-04-16T05:09:36.211764+00:00,2026-04-20T05:09:36.211764+00:00,COMPLETED,12,synthetic
2435,PR,354,AUCTION,Auction,2026-04-20T18:09:36.211764+00:00,2026-04-20T20:09:36.211764+00:00,COMPLETED,12,synthetic
2436,PR,354,NFA,NFA Approval,2026-04-21T20:09:36.211764+00:00,2026-05-10T20:09:36.211764+00:00,COMPLETED,15,synthetic
2437,PR,354,PO_CREATED,PO Created,2026-05-11T20:09:36.211764+00:00,2026-05-11T20:09:36.211764+00:00,COMPLETED,12,synthetic
2438,RR,417,RR_CREATED,RR Created,2026-01-08T05:09:36.211764+00:00,2026-01-08T05:09:36.211764+00:00,COMPLETED,20,synthetic
2439,RR,417,DOA,DOA Approval,2026-01-08T05:09:36.211764+00:00,2026-01-09T05:09:36.211764+00:00,REJECTED,3,synthetic
2440,RR,418,RR_CREATED,RR Created,2026-03-02T00:09:36.211764+00:00,2026-03-02T00:09:36.211764+00:00,COMPLETED,22,synthetic
2441,RR,418,DOA,DOA Approval,2026-03-02T00:09:36.211764+00:00,2026-03-03T00:09:36.211764+00:00,COMPLETED,2,synthetic
2442,RR,418,MRP,MRP Processing,2026-03-03T00:09:36.211764+00:00,2026-03-04T00:09:36.211764+00:00,COMPLETED,,synthetic
2443,PR,355,PR_CREATED,PR Created,2026-03-04T00:09:36.211764+00:00,2026-03-04T00:09:36.211764+00:00,COMPLETED,24,synthetic
2444,PR,355,PO_CREATED,PO Created,2026-03-05T00:09:36.211764+00:00,2026-03-05T00:09:36.211764+00:00,COMPLETED,24,synthetic
2445,RR,419,RR_CREATED,RR Created,2026-07-23T15:09:36.211764+00:00,2026-07-23T15:09:36.211764+00:00,COMPLETED,17,synthetic
2446,RR,419,DOA,DOA Approval,2026-07-23T15:09:36.211764+00:00,2026-07-24T15:09:36.211764+00:00,COMPLETED,15,synthetic
2447,RR,419,MRP,MRP Processing,2026-07-24T15:09:36.211764+00:00,2026-07-27T15:09:36.211764+00:00,COMPLETED,,synthetic
2448,PR,356,PR_CREATED,PR Created,2026-07-27T15:09:36.211764+00:00,2026-07-27T15:09:36.211764+00:00,COMPLETED,5,synthetic
2449,PR,356,RFQ,RFQ,2026-07-28T15:09:36.211764+00:00,2026-08-05T15:09:36.211764+00:00,COMPLETED,5,synthetic
2450,PR,356,ARIBA,Ariba Event,2026-08-06T15:09:36.211764+00:00,2026-08-09T15:09:36.211764+00:00,COMPLETED,5,synthetic
2451,PR,356,AUCTION,Auction,2026-08-10T06:09:36.211764+00:00,2026-08-10T10:09:36.211764+00:00,COMPLETED,5,synthetic
2452,PR,356,NFA,NFA Approval,2026-08-11T10:09:36.211764+00:00,2026-08-16T10:09:36.211764+00:00,COMPLETED,15,synthetic
2453,PR,356,PO_CREATED,PO Created,2026-08-17T10:09:36.211764+00:00,2026-08-17T10:09:36.211764+00:00,COMPLETED,5,synthetic
2454,RR,420,RR_CREATED,RR Created,2026-06-23T20:09:36.211764+00:00,2026-06-23T20:09:36.211764+00:00,COMPLETED,20,synthetic
2455,RR,420,DOA,DOA Approval,2026-06-23T20:09:36.211764+00:00,2026-07-18T20:09:36.211764+00:00,COMPLETED,2,synthetic
2456,RR,420,MRP,MRP Processing,2026-07-18T20:09:36.211764+00:00,2026-07-20T20:09:36.211764+00:00,COMPLETED,,synthetic
2457,PR,357,PR_CREATED,PR Created,2026-07-20T20:09:36.211764+00:00,2026-07-20T20:09:36.211764+00:00,COMPLETED,5,synthetic
2458,PR,357,RFQ,RFQ,2026-07-21T20:09:36.211764+00:00,2026-07-30T20:09:36.211764+00:00,COMPLETED,5,synthetic
2459,PR,357,NFA,NFA Approval,2026-07-31T20:09:36.211764+00:00,2026-08-05T20:09:36.211764+00:00,COMPLETED,3,synthetic
2460,PR,357,PO_CREATED,PO Created,2026-08-06T20:09:36.211764+00:00,2026-08-06T20:09:36.211764+00:00,COMPLETED,5,synthetic
2461,RR,421,RR_CREATED,RR Created,2026-02-03T12:09:36.211764+00:00,2026-02-03T12:09:36.211764+00:00,COMPLETED,14,synthetic
2462,RR,421,DOA,DOA Approval,2026-02-03T12:09:36.211764+00:00,2026-02-07T12:09:36.211764+00:00,COMPLETED,2,synthetic
2463,RR,421,MRP,MRP Processing,2026-02-07T12:09:36.211764+00:00,2026-02-10T12:09:36.211764+00:00,COMPLETED,,synthetic
2464,PR,358,PR_CREATED,PR Created,2026-02-10T12:09:36.211764+00:00,2026-02-10T12:09:36.211764+00:00,COMPLETED,13,synthetic
2465,PR,358,RFQ,RFQ,2026-02-11T12:09:36.211764+00:00,2026-02-19T12:09:36.211764+00:00,COMPLETED,13,synthetic
2466,PR,358,NFA,NFA Approval,2026-02-20T12:09:36.211764+00:00,2026-02-22T12:09:36.211764+00:00,COMPLETED,15,synthetic
2467,PR,358,PO_CREATED,PO Created,2026-02-23T12:09:36.211764+00:00,2026-02-23T12:09:36.211764+00:00,COMPLETED,13,synthetic
2468,RR,422,RR_CREATED,RR Created,2026-07-02T15:09:36.211764+00:00,2026-07-02T15:09:36.211764+00:00,COMPLETED,22,synthetic
2469,RR,422,DOA,DOA Approval,2026-07-02T15:09:36.211764+00:00,2026-07-05T15:09:36.211764+00:00,COMPLETED,15,synthetic
2470,RR,422,MRP,MRP Processing,2026-07-05T15:09:36.211764+00:00,2026-07-08T15:09:36.211764+00:00,COMPLETED,,synthetic
2471,PR,359,PR_CREATED,PR Created,2026-07-08T15:09:36.211764+00:00,2026-07-08T15:09:36.211764+00:00,COMPLETED,12,synthetic
2472,PR,359,RFQ,RFQ,2026-07-09T15:09:36.211764+00:00,2026-07-14T15:09:36.211764+00:00,COMPLETED,12,synthetic
2473,PR,359,NFA,NFA Approval,2026-07-15T15:09:36.211764+00:00,2026-07-18T15:09:36.211764+00:00,COMPLETED,3,synthetic
2474,RR,423,RR_CREATED,RR Created,2025-12-10T18:09:36.211764+00:00,2025-12-10T18:09:36.211764+00:00,COMPLETED,21,synthetic
2475,RR,423,DOA,DOA Approval,2025-12-10T18:09:36.211764+00:00,2025-12-11T18:09:36.211764+00:00,COMPLETED,2,synthetic
2476,RR,423,MRP,MRP Processing,2025-12-11T18:09:36.211764+00:00,2025-12-31T18:09:36.211764+00:00,COMPLETED,,synthetic
2477,PR,360,PR_CREATED,PR Created,2025-12-31T18:09:36.211764+00:00,2025-12-31T18:09:36.211764+00:00,COMPLETED,12,synthetic
2478,PR,360,RFQ,RFQ,2026-01-01T18:09:36.211764+00:00,2026-01-08T18:09:36.211764+00:00,COMPLETED,12,synthetic
2479,PR,360,ARIBA,Ariba Event,2026-01-09T18:09:36.211764+00:00,2026-01-14T18:09:36.211764+00:00,COMPLETED,12,synthetic
2480,PR,360,PO_CREATED,PO Created,2026-01-15T18:09:36.211764+00:00,2026-01-15T18:09:36.211764+00:00,COMPLETED,12,synthetic
2481,RR,424,RR_CREATED,RR Created,2026-04-29T21:09:36.211764+00:00,2026-04-29T21:09:36.211764+00:00,COMPLETED,13,synthetic
2482,RR,424,DOA,DOA Approval,2026-04-29T21:09:36.211764+00:00,,IN_PROGRESS,3,synthetic
2483,RR,425,RR_CREATED,RR Created,2026-07-29T15:09:36.211764+00:00,2026-07-29T15:09:36.211764+00:00,COMPLETED,22,synthetic
2484,RR,425,DOA,DOA Approval,2026-07-29T15:09:36.211764+00:00,2026-07-31T15:09:36.211764+00:00,COMPLETED,2,synthetic
2485,RR,425,MRP,MRP Processing,2026-07-31T15:09:36.211764+00:00,2026-08-01T15:09:36.211764+00:00,COMPLETED,,synthetic
2486,PR,361,PR_CREATED,PR Created,2026-08-01T15:09:36.211764+00:00,2026-08-01T15:09:36.211764+00:00,COMPLETED,12,synthetic
2487,PR,361,NFA,NFA Approval,2026-08-02T15:09:36.211764+00:00,2026-08-04T15:09:36.211764+00:00,COMPLETED,15,synthetic
2488,PR,361,PO_CREATED,PO Created,2026-08-05T15:09:36.211764+00:00,2026-08-05T15:09:36.211764+00:00,COMPLETED,12,synthetic
2489,RR,426,RR_CREATED,RR Created,2026-02-26T21:09:36.211764+00:00,2026-02-26T21:09:36.211764+00:00,COMPLETED,14,synthetic
2490,RR,426,DOA,DOA Approval,2026-02-26T21:09:36.211764+00:00,2026-02-28T21:09:36.211764+00:00,COMPLETED,15,synthetic
2491,RR,426,MRP,MRP Processing,2026-02-28T21:09:36.211764+00:00,2026-03-02T21:09:36.211764+00:00,COMPLETED,,synthetic
2492,PR,362,PR_CREATED,PR Created,2026-03-02T21:09:36.211764+00:00,2026-03-02T21:09:36.211764+00:00,COMPLETED,13,synthetic
2493,PR,362,RFQ,RFQ,2026-03-03T21:09:36.211764+00:00,2026-03-13T21:09:36.211764+00:00,COMPLETED,13,synthetic
2494,PR,362,NFA,NFA Approval,2026-03-14T21:09:36.211764+00:00,2026-03-16T21:09:36.211764+00:00,REJECTED,15,synthetic
2495,RR,427,RR_CREATED,RR Created,2025-12-26T00:09:36.211764+00:00,2025-12-26T00:09:36.211764+00:00,COMPLETED,16,synthetic
2496,RR,427,DOA,DOA Approval,2025-12-26T00:09:36.211764+00:00,2026-01-17T00:09:36.211764+00:00,COMPLETED,3,synthetic
2497,RR,427,MRP,MRP Processing,2026-01-17T00:09:36.211764+00:00,2026-01-19T00:09:36.211764+00:00,COMPLETED,,synthetic
2498,PR,363,PR_CREATED,PR Created,2026-01-19T00:09:36.211764+00:00,2026-01-19T00:09:36.211764+00:00,COMPLETED,24,synthetic
2499,PR,363,RFQ,RFQ,2026-01-20T00:09:36.211764+00:00,2026-01-29T00:09:36.211764+00:00,COMPLETED,24,synthetic
2500,PR,363,PO_CREATED,PO Created,2026-01-30T00:09:36.211764+00:00,2026-01-30T00:09:36.211764+00:00,COMPLETED,24,synthetic
2501,RR,428,RR_CREATED,RR Created,2026-03-09T04:09:36.211764+00:00,2026-03-09T04:09:36.211764+00:00,COMPLETED,9,synthetic
2502,RR,428,DOA,DOA Approval,2026-03-09T04:09:36.211764+00:00,2026-03-11T04:09:36.211764+00:00,COMPLETED,15,synthetic
2503,RR,428,MRP,MRP Processing,2026-03-11T04:09:36.211764+00:00,2026-03-12T04:09:36.211764+00:00,COMPLETED,,synthetic
2504,PR,364,PR_CREATED,PR Created,2026-03-12T04:09:36.211764+00:00,2026-03-12T04:09:36.211764+00:00,COMPLETED,24,synthetic
2505,PR,364,RFQ,RFQ,2026-03-13T04:09:36.211764+00:00,2026-03-21T04:09:36.211764+00:00,COMPLETED,24,synthetic
2506,PR,364,ARIBA,Ariba Event,2026-03-22T04:09:36.211764+00:00,2026-03-29T04:09:36.211764+00:00,COMPLETED,24,synthetic
2507,PR,364,PO_CREATED,PO Created,2026-03-30T04:09:36.211764+00:00,2026-03-30T04:09:36.211764+00:00,COMPLETED,24,synthetic
2508,RR,429,RR_CREATED,RR Created,2026-06-15T23:09:36.211764+00:00,2026-06-15T23:09:36.211764+00:00,COMPLETED,4,synthetic
2509,RR,429,DOA,DOA Approval,2026-06-15T23:09:36.211764+00:00,2026-06-19T23:09:36.211764+00:00,COMPLETED,15,synthetic
2510,RR,429,MRP,MRP Processing,2026-06-19T23:09:36.211764+00:00,2026-06-21T23:09:36.211764+00:00,COMPLETED,,synthetic
2511,PR,365,PR_CREATED,PR Created,2026-06-21T23:09:36.211764+00:00,2026-06-21T23:09:36.211764+00:00,COMPLETED,5,synthetic
2512,PR,365,RFQ,RFQ,2026-06-22T23:09:36.211764+00:00,2026-08-01T23:09:36.211764+00:00,COMPLETED,5,synthetic
2513,PR,365,ARIBA,Ariba Event,2026-08-02T23:09:36.211764+00:00,2026-08-09T23:09:36.211764+00:00,COMPLETED,5,synthetic
2514,PR,365,AUCTION,Auction,2026-08-10T04:09:36.211764+00:00,2026-08-10T10:09:36.211764+00:00,COMPLETED,5,synthetic
2515,PR,365,PO_CREATED,PO Created,2026-08-11T10:09:36.211764+00:00,2026-08-11T10:09:36.211764+00:00,COMPLETED,5,synthetic
2516,RR,430,RR_CREATED,RR Created,2026-07-30T05:09:36.211764+00:00,2026-07-30T05:09:36.211764+00:00,COMPLETED,20,synthetic
2517,RR,430,DOA,DOA Approval,2026-07-30T05:09:36.211764+00:00,2026-08-03T05:09:36.211764+00:00,COMPLETED,15,synthetic
2518,RR,430,MRP,MRP Processing,2026-08-03T05:09:36.211764+00:00,2026-08-05T05:09:36.211764+00:00,COMPLETED,,synthetic
2519,PR,366,PR_CREATED,PR Created,2026-08-05T05:09:36.211764+00:00,2026-08-05T05:09:36.211764+00:00,COMPLETED,5,synthetic
2520,PR,366,RFQ,RFQ,2026-08-06T05:09:36.211764+00:00,2026-08-13T05:09:36.211764+00:00,COMPLETED,5,synthetic
2521,PR,366,PO_CREATED,PO Created,2026-08-14T05:09:36.211764+00:00,2026-08-14T05:09:36.211764+00:00,COMPLETED,5,synthetic
2522,RR,431,RR_CREATED,RR Created,2026-02-10T01:09:36.211764+00:00,2026-02-10T01:09:36.211764+00:00,COMPLETED,16,synthetic
2523,RR,431,DOA,DOA Approval,2026-02-10T01:09:36.211764+00:00,2026-02-13T01:09:36.211764+00:00,COMPLETED,15,synthetic
2524,RR,431,MRP,MRP Processing,2026-02-13T01:09:36.211764+00:00,2026-02-14T01:09:36.211764+00:00,COMPLETED,,synthetic
2525,PR,367,PR_CREATED,PR Created,2026-02-14T01:09:36.211764+00:00,2026-02-14T01:09:36.211764+00:00,COMPLETED,13,synthetic
2526,PR,367,RFQ,RFQ,2026-02-15T01:09:36.211764+00:00,2026-02-22T01:09:36.211764+00:00,COMPLETED,13,synthetic
2527,PR,367,ARIBA,Ariba Event,2026-02-23T01:09:36.211764+00:00,2026-02-27T01:09:36.211764+00:00,COMPLETED,13,synthetic
2528,PR,367,PO_CREATED,PO Created,2026-02-28T01:09:36.211764+00:00,2026-02-28T01:09:36.211764+00:00,COMPLETED,13,synthetic
2529,RR,432,RR_CREATED,RR Created,2026-08-07T12:09:36.211764+00:00,2026-08-07T12:09:36.211764+00:00,COMPLETED,12,synthetic
2530,RR,432,DOA,DOA Approval,2026-08-07T12:09:36.211764+00:00,,IN_PROGRESS,3,synthetic
2531,RR,433,RR_CREATED,RR Created,2026-02-04T03:09:36.211764+00:00,2026-02-04T03:09:36.211764+00:00,COMPLETED,8,synthetic
2532,RR,433,DOA,DOA Approval,2026-02-04T03:09:36.211764+00:00,2026-02-06T03:09:36.211764+00:00,COMPLETED,2,synthetic
2533,RR,433,MRP,MRP Processing,2026-02-06T03:09:36.211764+00:00,2026-02-07T03:09:36.211764+00:00,COMPLETED,,synthetic
2534,PR,368,PR_CREATED,PR Created,2026-02-07T03:09:36.211764+00:00,2026-02-07T03:09:36.211764+00:00,COMPLETED,24,synthetic
2535,PR,368,RFQ,RFQ,2026-02-08T03:09:36.211764+00:00,2026-02-16T03:09:36.211764+00:00,COMPLETED,24,synthetic
2536,PR,368,ARIBA,Ariba Event,2026-02-17T03:09:36.211764+00:00,2026-02-22T03:09:36.211764+00:00,COMPLETED,24,synthetic
2537,PR,368,NFA,NFA Approval,2026-02-23T03:09:36.211764+00:00,2026-03-16T03:09:36.211764+00:00,COMPLETED,15,synthetic
2538,PR,368,PO_CREATED,PO Created,2026-03-17T03:09:36.211764+00:00,2026-03-17T03:09:36.211764+00:00,COMPLETED,24,synthetic
2539,RR,434,RR_CREATED,RR Created,2025-12-31T10:09:36.211764+00:00,2025-12-31T10:09:36.211764+00:00,COMPLETED,3,synthetic
2540,RR,434,DOA,DOA Approval,2025-12-31T10:09:36.211764+00:00,2026-01-03T10:09:36.211764+00:00,COMPLETED,2,synthetic
2541,RR,434,MRP,MRP Processing,2026-01-03T10:09:36.211764+00:00,2026-01-04T10:09:36.211764+00:00,COMPLETED,,synthetic
2542,PR,369,PR_CREATED,PR Created,2026-01-04T10:09:36.211764+00:00,2026-01-04T10:09:36.211764+00:00,COMPLETED,13,synthetic
2543,PR,369,RFQ,RFQ,2026-01-05T10:09:36.211764+00:00,2026-02-07T10:09:36.211764+00:00,COMPLETED,13,synthetic
2544,PR,369,NFA,NFA Approval,2026-02-08T10:09:36.211764+00:00,2026-02-12T10:09:36.211764+00:00,COMPLETED,15,synthetic
2545,PR,369,PO_CREATED,PO Created,2026-02-13T10:09:36.211764+00:00,2026-02-13T10:09:36.211764+00:00,COMPLETED,13,synthetic
2546,RR,435,RR_CREATED,RR Created,2026-05-03T05:09:36.211764+00:00,2026-05-03T05:09:36.211764+00:00,COMPLETED,23,synthetic
2547,RR,435,DOA,DOA Approval,2026-05-03T05:09:36.211764+00:00,2026-05-04T05:09:36.211764+00:00,COMPLETED,2,synthetic
2548,RR,435,MRP,MRP Processing,2026-05-04T05:09:36.211764+00:00,2026-05-05T05:09:36.211764+00:00,COMPLETED,,synthetic
2549,PR,370,PR_CREATED,PR Created,2026-05-05T05:09:36.211764+00:00,2026-05-05T05:09:36.211764+00:00,COMPLETED,5,synthetic
2550,PR,370,RFQ,RFQ,2026-05-06T05:09:36.211764+00:00,2026-05-11T05:09:36.211764+00:00,COMPLETED,5,synthetic
2551,PR,370,ARIBA,Ariba Event,2026-05-12T05:09:36.211764+00:00,2026-05-29T05:09:36.211764+00:00,COMPLETED,5,synthetic
2552,PR,370,AUCTION,Auction,2026-05-29T13:09:36.211764+00:00,2026-05-29T18:09:36.211764+00:00,COMPLETED,5,synthetic
2553,PR,370,NFA,NFA Approval,2026-05-30T18:09:36.211764+00:00,2026-06-02T18:09:36.211764+00:00,COMPLETED,3,synthetic
2554,PR,370,PO_CREATED,PO Created,2026-06-03T18:09:36.211764+00:00,2026-06-03T18:09:36.211764+00:00,COMPLETED,5,synthetic
2555,RR,436,RR_CREATED,RR Created,2025-11-30T12:09:36.211764+00:00,2025-11-30T12:09:36.211764+00:00,COMPLETED,9,synthetic
2556,RR,436,DOA,DOA Approval,2025-11-30T12:09:36.211764+00:00,2025-12-01T12:09:36.211764+00:00,COMPLETED,2,synthetic
2557,RR,436,MRP,MRP Processing,2025-12-01T12:09:36.211764+00:00,2025-12-04T12:09:36.211764+00:00,COMPLETED,,synthetic
2558,PR,371,PR_CREATED,PR Created,2025-12-04T12:09:36.211764+00:00,2025-12-04T12:09:36.211764+00:00,COMPLETED,24,synthetic
2559,PR,371,NFA,NFA Approval,2025-12-05T12:09:36.211764+00:00,2025-12-09T12:09:36.211764+00:00,COMPLETED,3,synthetic
2560,PR,371,PO_CREATED,PO Created,2025-12-10T12:09:36.211764+00:00,2025-12-10T12:09:36.211764+00:00,COMPLETED,24,synthetic
2561,RR,437,RR_CREATED,RR Created,2026-05-11T05:09:36.211764+00:00,2026-05-11T05:09:36.211764+00:00,COMPLETED,19,synthetic
2562,RR,437,DOA,DOA Approval,2026-05-11T05:09:36.211764+00:00,,IN_PROGRESS,2,synthetic
2563,RR,438,RR_CREATED,RR Created,2026-08-11T21:09:36.211764+00:00,2026-08-11T21:09:36.211764+00:00,COMPLETED,12,synthetic
2564,RR,438,DOA,DOA Approval,2026-08-11T21:09:36.211764+00:00,2026-08-15T21:09:36.211764+00:00,COMPLETED,15,synthetic
2565,RR,438,MRP,MRP Processing,2026-08-15T21:09:36.211764+00:00,2026-08-16T21:09:36.211764+00:00,COMPLETED,,synthetic
2566,PR,372,PR_CREATED,PR Created,2026-08-16T21:09:36.211764+00:00,2026-08-16T21:09:36.211764+00:00,COMPLETED,13,synthetic
2567,PR,372,PO_CREATED,PO Created,2026-08-17T21:09:36.211764+00:00,2026-08-17T21:09:36.211764+00:00,COMPLETED,13,synthetic
2568,RR,439,RR_CREATED,RR Created,2026-06-26T09:09:36.211764+00:00,2026-06-26T09:09:36.211764+00:00,COMPLETED,16,synthetic
2569,RR,439,DOA,DOA Approval,2026-06-26T09:09:36.211764+00:00,2026-06-30T09:09:36.211764+00:00,COMPLETED,2,synthetic
2570,RR,439,MRP,MRP Processing,2026-06-30T09:09:36.211764+00:00,2026-07-02T09:09:36.211764+00:00,COMPLETED,,synthetic
2571,PR,373,PR_CREATED,PR Created,2026-07-02T09:09:36.211764+00:00,2026-07-02T09:09:36.211764+00:00,COMPLETED,13,synthetic
2572,PR,373,RFQ,RFQ,2026-07-03T09:09:36.211764+00:00,2026-08-13T09:09:36.211764+00:00,COMPLETED,13,synthetic
2573,PR,373,ARIBA,Ariba Event,2026-08-14T09:09:36.211764+00:00,2026-08-19T09:09:36.211764+00:00,COMPLETED,13,synthetic
2574,PR,373,PO_CREATED,PO Created,2026-08-20T09:09:36.211764+00:00,2026-08-20T09:09:36.211764+00:00,COMPLETED,13,synthetic
2575,RR,440,RR_CREATED,RR Created,2026-02-27T02:09:36.211764+00:00,2026-02-27T02:09:36.211764+00:00,COMPLETED,2,synthetic
2576,RR,440,DOA,DOA Approval,2026-02-27T02:09:36.211764+00:00,2026-03-01T02:09:36.211764+00:00,COMPLETED,2,synthetic
2577,RR,440,MRP,MRP Processing,2026-03-01T02:09:36.211764+00:00,2026-03-02T02:09:36.211764+00:00,COMPLETED,,synthetic
2578,PR,374,PR_CREATED,PR Created,2026-03-02T02:09:36.211764+00:00,2026-03-02T02:09:36.211764+00:00,COMPLETED,5,synthetic
2579,PR,374,RFQ,RFQ,2026-03-03T02:09:36.211764+00:00,2026-03-09T02:09:36.211764+00:00,COMPLETED,5,synthetic
2580,PR,374,PO_CREATED,PO Created,2026-03-10T02:09:36.211764+00:00,2026-03-10T02:09:36.211764+00:00,COMPLETED,5,synthetic
2581,RR,441,RR_CREATED,RR Created,2026-06-25T16:09:36.211764+00:00,2026-06-25T16:09:36.211764+00:00,COMPLETED,18,synthetic
2582,RR,441,DOA,DOA Approval,2026-06-25T16:09:36.211764+00:00,2026-06-28T16:09:36.211764+00:00,COMPLETED,2,synthetic
2583,RR,441,MRP,MRP Processing,2026-06-28T16:09:36.211764+00:00,2026-06-29T16:09:36.211764+00:00,COMPLETED,,synthetic
2584,PR,375,PR_CREATED,PR Created,2026-06-29T16:09:36.211764+00:00,2026-06-29T16:09:36.211764+00:00,COMPLETED,12,synthetic
2585,PR,375,RFQ,RFQ,2026-06-30T16:09:36.211764+00:00,2026-07-09T16:09:36.211764+00:00,COMPLETED,12,synthetic
2586,PR,375,NFA,NFA Approval,2026-07-10T16:09:36.211764+00:00,2026-07-15T16:09:36.211764+00:00,COMPLETED,15,synthetic
2587,PR,375,PO_CREATED,PO Created,2026-07-16T16:09:36.211764+00:00,2026-07-16T16:09:36.211764+00:00,COMPLETED,12,synthetic
2588,RR,442,RR_CREATED,RR Created,2026-07-29T18:09:36.211764+00:00,2026-07-29T18:09:36.211764+00:00,COMPLETED,14,synthetic
2589,RR,442,DOA,DOA Approval,2026-07-29T18:09:36.211764+00:00,2026-08-01T18:09:36.211764+00:00,COMPLETED,2,synthetic
2590,RR,442,MRP,MRP Processing,2026-08-01T18:09:36.211764+00:00,2026-08-03T18:09:36.211764+00:00,COMPLETED,,synthetic
2591,PR,376,PR_CREATED,PR Created,2026-08-03T18:09:36.211764+00:00,2026-08-03T18:09:36.211764+00:00,COMPLETED,5,synthetic
2592,PR,376,RFQ,RFQ,2026-08-04T18:09:36.211764+00:00,2026-08-09T18:09:36.211764+00:00,COMPLETED,5,synthetic
2593,PR,376,NFA,NFA Approval,2026-08-10T18:09:36.211764+00:00,2026-08-15T18:09:36.211764+00:00,COMPLETED,3,synthetic
2594,PR,376,PO_CREATED,PO Created,2026-08-16T18:09:36.211764+00:00,2026-08-16T18:09:36.211764+00:00,COMPLETED,5,synthetic
2595,RR,443,RR_CREATED,RR Created,2025-12-09T21:09:36.211764+00:00,2025-12-09T21:09:36.211764+00:00,COMPLETED,17,synthetic
2596,RR,443,DOA,DOA Approval,2025-12-09T21:09:36.211764+00:00,2025-12-11T21:09:36.211764+00:00,COMPLETED,3,synthetic
2597,RR,443,MRP,MRP Processing,2025-12-11T21:09:36.211764+00:00,2025-12-13T21:09:36.211764+00:00,COMPLETED,,synthetic
2598,PR,377,PR_CREATED,PR Created,2025-12-13T21:09:36.211764+00:00,2025-12-13T21:09:36.211764+00:00,COMPLETED,13,synthetic
2599,PR,377,RFQ,RFQ,2025-12-14T21:09:36.211764+00:00,2025-12-21T21:09:36.211764+00:00,COMPLETED,13,synthetic
2600,PR,377,PO_CREATED,PO Created,2025-12-22T21:09:36.211764+00:00,2025-12-22T21:09:36.211764+00:00,COMPLETED,13,synthetic
2601,RR,444,RR_CREATED,RR Created,2026-03-20T23:09:36.211764+00:00,2026-03-20T23:09:36.211764+00:00,COMPLETED,2,synthetic
2602,RR,444,DOA,DOA Approval,2026-03-20T23:09:36.211764+00:00,2026-03-21T23:09:36.211764+00:00,COMPLETED,15,synthetic
2603,RR,444,MRP,MRP Processing,2026-03-21T23:09:36.211764+00:00,2026-03-24T23:09:36.211764+00:00,COMPLETED,,synthetic
2604,PR,378,PR_CREATED,PR Created,2026-03-24T23:09:36.211764+00:00,2026-03-24T23:09:36.211764+00:00,COMPLETED,24,synthetic
2605,PR,378,RFQ,RFQ,2026-03-25T23:09:36.211764+00:00,2026-03-31T23:09:36.211764+00:00,COMPLETED,24,synthetic
2606,PR,378,ARIBA,Ariba Event,2026-04-01T23:09:36.211764+00:00,2026-05-07T23:09:36.211764+00:00,COMPLETED,24,synthetic
2607,PR,378,PO_CREATED,PO Created,2026-05-08T23:09:36.211764+00:00,2026-05-08T23:09:36.211764+00:00,COMPLETED,24,synthetic
2608,RR,445,RR_CREATED,RR Created,2026-06-24T02:09:36.211764+00:00,2026-06-24T02:09:36.211764+00:00,COMPLETED,10,synthetic
2609,RR,445,DOA,DOA Approval,2026-06-24T02:09:36.211764+00:00,2026-07-16T02:09:36.211764+00:00,COMPLETED,3,synthetic
2610,RR,445,MRP,MRP Processing,2026-07-16T02:09:36.211764+00:00,2026-07-19T02:09:36.211764+00:00,COMPLETED,,synthetic
2611,PR,379,PR_CREATED,PR Created,2026-07-19T02:09:36.211764+00:00,2026-07-19T02:09:36.211764+00:00,COMPLETED,5,synthetic
2612,PR,379,RFQ,RFQ,2026-07-20T02:09:36.211764+00:00,2026-07-26T02:09:36.211764+00:00,COMPLETED,5,synthetic
2613,PR,379,PO_CREATED,PO Created,2026-07-27T02:09:36.211764+00:00,2026-07-27T02:09:36.211764+00:00,COMPLETED,5,synthetic
2614,RR,446,RR_CREATED,RR Created,2026-06-07T13:09:36.211764+00:00,2026-06-07T13:09:36.211764+00:00,COMPLETED,18,synthetic
2615,RR,446,DOA,DOA Approval,2026-06-07T13:09:36.211764+00:00,2026-06-20T13:09:36.211764+00:00,COMPLETED,2,synthetic
2616,RR,446,MRP,MRP Processing,2026-06-20T13:09:36.211764+00:00,2026-06-23T13:09:36.211764+00:00,COMPLETED,,synthetic
2617,PR,380,PR_CREATED,PR Created,2026-06-23T13:09:36.211764+00:00,2026-06-23T13:09:36.211764+00:00,COMPLETED,12,synthetic
2618,PR,380,NFA,NFA Approval,2026-06-24T13:09:36.211764+00:00,2026-06-29T13:09:36.211764+00:00,COMPLETED,15,synthetic
2619,PR,380,PO_CREATED,PO Created,2026-06-30T13:09:36.211764+00:00,2026-06-30T13:09:36.211764+00:00,COMPLETED,12,synthetic
2620,RR,447,RR_CREATED,RR Created,2026-04-29T13:09:36.211764+00:00,2026-04-29T13:09:36.211764+00:00,COMPLETED,21,synthetic
2621,RR,447,DOA,DOA Approval,2026-04-29T13:09:36.211764+00:00,2026-05-03T13:09:36.211764+00:00,COMPLETED,3,synthetic
2622,RR,447,MRP,MRP Processing,2026-05-03T13:09:36.211764+00:00,2026-05-05T13:09:36.211764+00:00,COMPLETED,,synthetic
2623,PR,381,PR_CREATED,PR Created,2026-05-05T13:09:36.211764+00:00,2026-05-05T13:09:36.211764+00:00,COMPLETED,12,synthetic
2624,PR,381,RFQ,RFQ,2026-05-06T13:09:36.211764+00:00,2026-06-02T13:09:36.211764+00:00,COMPLETED,12,synthetic
2625,PR,381,NFA,NFA Approval,2026-06-03T13:09:36.211764+00:00,2026-06-05T13:09:36.211764+00:00,COMPLETED,3,synthetic
2626,PR,381,PO_CREATED,PO Created,2026-06-06T13:09:36.211764+00:00,2026-06-06T13:09:36.211764+00:00,COMPLETED,12,synthetic
2627,RR,448,RR_CREATED,RR Created,2026-02-05T11:09:36.211764+00:00,2026-02-05T11:09:36.211764+00:00,COMPLETED,14,synthetic
2628,RR,448,DOA,DOA Approval,2026-02-05T11:09:36.211764+00:00,,IN_PROGRESS,3,synthetic
2629,RR,449,RR_CREATED,RR Created,2026-04-14T12:09:36.211764+00:00,2026-04-14T12:09:36.211764+00:00,COMPLETED,20,synthetic
2630,RR,449,DOA,DOA Approval,2026-04-14T12:09:36.211764+00:00,2026-04-17T12:09:36.211764+00:00,COMPLETED,2,synthetic
2631,RR,449,MRP,MRP Processing,2026-04-17T12:09:36.211764+00:00,2026-04-19T12:09:36.211764+00:00,COMPLETED,,synthetic
2632,PR,382,PR_CREATED,PR Created,2026-04-19T12:09:36.211764+00:00,2026-04-19T12:09:36.211764+00:00,COMPLETED,12,synthetic
2633,PR,382,PO_CREATED,PO Created,2026-04-20T12:09:36.211764+00:00,2026-04-20T12:09:36.211764+00:00,COMPLETED,12,synthetic
2634,RR,450,RR_CREATED,RR Created,2026-08-21T04:09:36.211764+00:00,2026-08-21T04:09:36.211764+00:00,COMPLETED,15,synthetic
2635,RR,450,DOA,DOA Approval,2026-08-21T04:09:36.211764+00:00,,IN_PROGRESS,3,synthetic
2636,RR,451,RR_CREATED,RR Created,2026-02-13T05:09:36.211764+00:00,2026-02-13T05:09:36.211764+00:00,COMPLETED,24,synthetic
2637,RR,451,DOA,DOA Approval,2026-02-13T05:09:36.211764+00:00,2026-02-16T05:09:36.211764+00:00,COMPLETED,2,synthetic
2638,RR,451,MRP,MRP Processing,2026-02-16T05:09:36.211764+00:00,2026-02-18T05:09:36.211764+00:00,COMPLETED,,synthetic
2639,PR,383,PR_CREATED,PR Created,2026-02-18T05:09:36.211764+00:00,2026-02-18T05:09:36.211764+00:00,COMPLETED,24,synthetic
2640,PR,383,RFQ,RFQ,2026-02-19T05:09:36.211764+00:00,2026-03-01T05:09:36.211764+00:00,COMPLETED,24,synthetic
2641,PR,383,ARIBA,Ariba Event,2026-03-02T05:09:36.211764+00:00,2026-03-09T05:09:36.211764+00:00,COMPLETED,24,synthetic
2642,PR,383,NFA,NFA Approval,2026-03-10T05:09:36.211764+00:00,2026-03-15T05:09:36.211764+00:00,COMPLETED,15,synthetic
2643,PR,383,PO_CREATED,PO Created,2026-03-16T05:09:36.211764+00:00,2026-03-16T05:09:36.211764+00:00,COMPLETED,24,synthetic
2644,RR,452,RR_CREATED,RR Created,2026-07-24T18:09:36.211764+00:00,2026-07-24T18:09:36.211764+00:00,COMPLETED,8,synthetic
2645,RR,452,DOA,DOA Approval,2026-07-24T18:09:36.211764+00:00,2026-07-28T18:09:36.211764+00:00,COMPLETED,2,synthetic
2646,RR,452,MRP,MRP Processing,2026-07-28T18:09:36.211764+00:00,2026-07-29T18:09:36.211764+00:00,COMPLETED,,synthetic
2647,PR,384,PR_CREATED,PR Created,2026-07-29T18:09:36.211764+00:00,2026-07-29T18:09:36.211764+00:00,COMPLETED,5,synthetic
2648,PR,384,RFQ,RFQ,2026-07-30T18:09:36.211764+00:00,2026-08-08T18:09:36.211764+00:00,COMPLETED,5,synthetic
2649,PR,384,ARIBA,Ariba Event,2026-08-09T18:09:36.211764+00:00,2026-08-15T18:09:36.211764+00:00,COMPLETED,5,synthetic
2650,PR,384,PO_CREATED,PO Created,2026-08-16T18:09:36.211764+00:00,2026-08-16T18:09:36.211764+00:00,COMPLETED,5,synthetic
2651,RR,453,RR_CREATED,RR Created,2026-07-29T13:09:36.211764+00:00,2026-07-29T13:09:36.211764+00:00,COMPLETED,3,synthetic
2652,RR,453,DOA,DOA Approval,2026-07-29T13:09:36.211764+00:00,2026-08-02T13:09:36.211764+00:00,COMPLETED,15,synthetic
2653,RR,453,MRP,MRP Processing,2026-08-02T13:09:36.211764+00:00,2026-08-04T13:09:36.211764+00:00,COMPLETED,,synthetic
2654,PR,385,PR_CREATED,PR Created,2026-08-04T13:09:36.211764+00:00,2026-08-04T13:09:36.211764+00:00,COMPLETED,12,synthetic
2655,PR,385,RFQ,RFQ,2026-08-05T13:09:36.211764+00:00,2026-08-11T13:09:36.211764+00:00,COMPLETED,12,synthetic
2656,PR,385,PO_CREATED,PO Created,2026-08-12T13:09:36.211764+00:00,2026-08-12T13:09:36.211764+00:00,COMPLETED,12,synthetic
2657,RR,454,RR_CREATED,RR Created,2026-08-24T01:09:36.211764+00:00,2026-08-24T01:09:36.211764+00:00,COMPLETED,7,synthetic
2658,RR,454,DOA,DOA Approval,2026-08-24T01:09:36.211764+00:00,2026-08-25T01:09:36.211764+00:00,REJECTED,15,synthetic
2659,RR,455,RR_CREATED,RR Created,2026-05-05T04:09:36.211764+00:00,2026-05-05T04:09:36.211764+00:00,COMPLETED,19,synthetic
2660,RR,455,DOA,DOA Approval,2026-05-05T04:09:36.211764+00:00,2026-05-08T04:09:36.211764+00:00,COMPLETED,2,synthetic
2661,RR,455,MRP,MRP Processing,2026-05-08T04:09:36.211764+00:00,2026-05-09T04:09:36.211764+00:00,COMPLETED,,synthetic
2662,PR,386,PR_CREATED,PR Created,2026-05-09T04:09:36.211764+00:00,2026-05-09T04:09:36.211764+00:00,COMPLETED,5,synthetic
2663,PR,386,RFQ,RFQ,2026-05-10T04:09:36.211764+00:00,2026-05-17T04:09:36.211764+00:00,COMPLETED,5,synthetic
2664,PR,386,ARIBA,Ariba Event,2026-05-18T04:09:36.211764+00:00,2026-05-23T04:09:36.211764+00:00,COMPLETED,5,synthetic
2665,PR,386,NFA,NFA Approval,2026-05-24T04:09:36.211764+00:00,2026-06-16T04:09:36.211764+00:00,COMPLETED,3,synthetic
2666,PR,386,PO_CREATED,PO Created,2026-06-17T04:09:36.211764+00:00,2026-06-17T04:09:36.211764+00:00,COMPLETED,5,synthetic
2667,RR,456,RR_CREATED,RR Created,2026-07-21T06:09:36.211764+00:00,2026-07-21T06:09:36.211764+00:00,COMPLETED,23,synthetic
2668,RR,456,DOA,DOA Approval,2026-07-21T06:09:36.211764+00:00,2026-07-25T06:09:36.211764+00:00,COMPLETED,15,synthetic
2669,RR,456,MRP,MRP Processing,2026-07-25T06:09:36.211764+00:00,2026-07-27T06:09:36.211764+00:00,COMPLETED,,synthetic
2670,PR,387,PR_CREATED,PR Created,2026-07-27T06:09:36.211764+00:00,2026-07-27T06:09:36.211764+00:00,COMPLETED,5,synthetic
2671,PR,387,RFQ,RFQ,2026-07-28T06:09:36.211764+00:00,,IN_PROGRESS,5,synthetic
2672,RR,457,RR_CREATED,RR Created,2026-04-16T19:09:36.211764+00:00,2026-04-16T19:09:36.211764+00:00,COMPLETED,5,synthetic
2673,RR,457,DOA,DOA Approval,2026-04-16T19:09:36.211764+00:00,2026-08-25T09:19:10.421069+00:00,COMPLETED,2,synthetic
2674,RR,458,RR_CREATED,RR Created,2026-04-22T12:09:36.211764+00:00,2026-04-22T12:09:36.211764+00:00,COMPLETED,21,synthetic
2675,RR,458,DOA,DOA Approval,2026-04-22T12:09:36.211764+00:00,2026-04-26T12:09:36.211764+00:00,COMPLETED,2,synthetic
2676,RR,458,MRP,MRP Processing,2026-04-26T12:09:36.211764+00:00,2026-04-27T12:09:36.211764+00:00,COMPLETED,,synthetic
2677,PR,388,PR_CREATED,PR Created,2026-04-27T12:09:36.211764+00:00,2026-04-27T12:09:36.211764+00:00,COMPLETED,5,synthetic
2678,PR,388,PO_CREATED,PO Created,2026-04-28T12:09:36.211764+00:00,2026-04-28T12:09:36.211764+00:00,COMPLETED,5,synthetic
2679,RR,459,RR_CREATED,RR Created,2026-04-29T12:09:36.211764+00:00,2026-04-29T12:09:36.211764+00:00,COMPLETED,20,synthetic
2680,RR,459,DOA,DOA Approval,2026-04-29T12:09:36.211764+00:00,2026-05-02T12:09:36.211764+00:00,COMPLETED,2,synthetic
2681,RR,459,MRP,MRP Processing,2026-05-02T12:09:36.211764+00:00,2026-05-03T12:09:36.211764+00:00,COMPLETED,,synthetic
2682,PR,389,PR_CREATED,PR Created,2026-05-03T12:09:36.211764+00:00,2026-05-03T12:09:36.211764+00:00,COMPLETED,12,synthetic
2683,PR,389,RFQ,RFQ,2026-05-04T12:09:36.211764+00:00,2026-05-12T12:09:36.211764+00:00,COMPLETED,12,synthetic
2684,PR,389,ARIBA,Ariba Event,2026-05-13T12:09:36.211764+00:00,2026-05-20T12:09:36.211764+00:00,COMPLETED,12,synthetic
2685,PR,389,AUCTION,Auction,2026-05-20T22:09:36.211764+00:00,2026-05-21T02:09:36.211764+00:00,COMPLETED,12,synthetic
2686,PR,389,NFA,NFA Approval,2026-05-22T02:09:36.211764+00:00,2026-06-13T02:09:36.211764+00:00,COMPLETED,3,synthetic
2687,PR,389,PO_CREATED,PO Created,2026-06-14T02:09:36.211764+00:00,2026-06-14T02:09:36.211764+00:00,COMPLETED,12,synthetic
2688,RR,460,RR_CREATED,RR Created,2026-04-02T07:09:36.211764+00:00,2026-04-02T07:09:36.211764+00:00,COMPLETED,19,synthetic
2689,RR,460,DOA,DOA Approval,2026-04-02T07:09:36.211764+00:00,2026-04-06T07:09:36.211764+00:00,COMPLETED,3,synthetic
2690,RR,460,MRP,MRP Processing,2026-04-06T07:09:36.211764+00:00,2026-04-17T07:09:36.211764+00:00,COMPLETED,,synthetic
2691,PR,390,PR_CREATED,PR Created,2026-04-17T07:09:36.211764+00:00,2026-04-17T07:09:36.211764+00:00,COMPLETED,24,synthetic
2692,PR,390,NFA,NFA Approval,2026-04-18T07:09:36.211764+00:00,2026-04-21T07:09:36.211764+00:00,COMPLETED,15,synthetic
2693,PR,390,PO_CREATED,PO Created,2026-04-22T07:09:36.211764+00:00,2026-04-22T07:09:36.211764+00:00,COMPLETED,24,synthetic
2694,RR,461,RR_CREATED,RR Created,2026-01-30T01:09:36.211764+00:00,2026-01-30T01:09:36.211764+00:00,COMPLETED,4,synthetic
2695,RR,461,DOA,DOA Approval,2026-01-30T01:09:36.211764+00:00,2026-01-31T01:09:36.211764+00:00,COMPLETED,15,synthetic
2696,RR,461,MRP,MRP Processing,2026-01-31T01:09:36.211764+00:00,2026-02-01T01:09:36.211764+00:00,COMPLETED,,synthetic
2697,PR,391,PR_CREATED,PR Created,2026-02-01T01:09:36.211764+00:00,2026-02-01T01:09:36.211764+00:00,COMPLETED,12,synthetic
2698,PR,391,RFQ,RFQ,2026-02-02T01:09:36.211764+00:00,2026-02-07T01:09:36.211764+00:00,COMPLETED,12,synthetic
2699,PR,391,ARIBA,Ariba Event,2026-02-08T01:09:36.211764+00:00,2026-02-15T01:09:36.211764+00:00,COMPLETED,12,synthetic
2700,PR,391,NFA,NFA Approval,2026-02-16T01:09:36.211764+00:00,2026-02-19T01:09:36.211764+00:00,COMPLETED,3,synthetic
2701,PR,391,PO_CREATED,PO Created,2026-02-20T01:09:36.211764+00:00,2026-02-20T01:09:36.211764+00:00,COMPLETED,12,synthetic
2702,RR,462,RR_CREATED,RR Created,2026-06-25T18:09:36.211764+00:00,2026-06-25T18:09:36.211764+00:00,COMPLETED,18,synthetic
2703,RR,462,DOA,DOA Approval,2026-06-25T18:09:36.211764+00:00,2026-06-26T18:09:36.211764+00:00,COMPLETED,3,synthetic
2704,RR,462,MRP,MRP Processing,2026-06-26T18:09:36.211764+00:00,2026-06-29T18:09:36.211764+00:00,COMPLETED,,synthetic
2705,PR,392,PR_CREATED,PR Created,2026-06-29T18:09:36.211764+00:00,2026-06-29T18:09:36.211764+00:00,COMPLETED,5,synthetic
2706,PR,392,PO_CREATED,PO Created,2026-06-30T18:09:36.211764+00:00,2026-06-30T18:09:36.211764+00:00,COMPLETED,5,synthetic
2707,RR,463,RR_CREATED,RR Created,2026-07-26T21:09:36.211764+00:00,2026-07-26T21:09:36.211764+00:00,COMPLETED,17,synthetic
2708,RR,463,DOA,DOA Approval,2026-07-26T21:09:36.211764+00:00,2026-07-27T21:09:36.211764+00:00,COMPLETED,3,synthetic
2709,RR,463,MRP,MRP Processing,2026-07-27T21:09:36.211764+00:00,2026-07-28T21:09:36.211764+00:00,COMPLETED,,synthetic
2710,PR,393,PR_CREATED,PR Created,2026-07-28T21:09:36.211764+00:00,2026-07-28T21:09:36.211764+00:00,COMPLETED,24,synthetic
2711,PR,393,RFQ,RFQ,2026-07-29T21:09:36.211764+00:00,2026-08-05T21:09:36.211764+00:00,COMPLETED,24,synthetic
2712,PR,393,ARIBA,Ariba Event,2026-08-06T21:09:36.211764+00:00,2026-08-09T21:09:36.211764+00:00,COMPLETED,24,synthetic
2713,PR,393,AUCTION,Auction,2026-08-10T08:09:36.211764+00:00,2026-08-10T15:09:36.211764+00:00,COMPLETED,24,synthetic
2714,PR,393,NFA,NFA Approval,2026-08-11T15:09:36.211764+00:00,2026-08-16T15:09:36.211764+00:00,COMPLETED,15,synthetic
2715,PR,393,PO_CREATED,PO Created,2026-08-17T15:09:36.211764+00:00,2026-08-17T15:09:36.211764+00:00,COMPLETED,24,synthetic
2716,RR,464,RR_CREATED,RR Created,2026-05-01T02:09:36.211764+00:00,2026-05-01T02:09:36.211764+00:00,COMPLETED,15,synthetic
2717,RR,464,DOA,DOA Approval,2026-05-01T02:09:36.211764+00:00,2026-05-05T02:09:36.211764+00:00,COMPLETED,2,synthetic
2718,RR,464,MRP,MRP Processing,2026-05-05T02:09:36.211764+00:00,2026-05-06T02:09:36.211764+00:00,COMPLETED,,synthetic
2719,PR,394,PR_CREATED,PR Created,2026-05-06T02:09:36.211764+00:00,2026-05-06T02:09:36.211764+00:00,COMPLETED,24,synthetic
2720,PR,394,RFQ,RFQ,2026-05-07T02:09:36.211764+00:00,2026-05-12T02:09:36.211764+00:00,COMPLETED,24,synthetic
2721,PR,394,ARIBA,Ariba Event,2026-05-13T02:09:36.211764+00:00,2026-05-16T02:09:36.211764+00:00,COMPLETED,24,synthetic
2722,PR,394,NFA,NFA Approval,2026-05-17T02:09:36.211764+00:00,2026-06-12T02:09:36.211764+00:00,COMPLETED,3,synthetic
2723,PR,394,PO_CREATED,PO Created,2026-06-13T02:09:36.211764+00:00,2026-06-13T02:09:36.211764+00:00,COMPLETED,24,synthetic
2724,RR,465,RR_CREATED,RR Created,2026-03-21T06:09:36.211764+00:00,2026-03-21T06:09:36.211764+00:00,COMPLETED,5,synthetic
2725,RR,465,DOA,DOA Approval,2026-03-21T06:09:36.211764+00:00,2026-03-23T06:09:36.211764+00:00,COMPLETED,2,synthetic
2726,RR,465,MRP,MRP Processing,2026-03-23T06:09:36.211764+00:00,2026-03-24T06:09:36.211764+00:00,COMPLETED,,synthetic
2727,PR,395,PR_CREATED,PR Created,2026-03-24T06:09:36.211764+00:00,2026-03-24T06:09:36.211764+00:00,COMPLETED,24,synthetic
2728,PR,395,RFQ,RFQ,2026-03-25T06:09:36.211764+00:00,2026-03-30T06:09:36.211764+00:00,COMPLETED,24,synthetic
2729,PR,395,ARIBA,Ariba Event,2026-03-31T06:09:36.211764+00:00,2026-04-04T06:09:36.211764+00:00,COMPLETED,24,synthetic
2730,PR,395,AUCTION,Auction,2026-04-04T17:09:36.211764+00:00,2026-04-04T21:09:36.211764+00:00,COMPLETED,24,synthetic
2731,PR,395,NFA,NFA Approval,2026-04-05T21:09:36.211764+00:00,2026-04-08T21:09:36.211764+00:00,COMPLETED,15,synthetic
2732,PR,395,PO_CREATED,PO Created,2026-04-09T21:09:36.211764+00:00,2026-04-09T21:09:36.211764+00:00,COMPLETED,24,synthetic
2733,RR,466,RR_CREATED,RR Created,2026-06-22T19:09:36.211764+00:00,2026-06-22T19:09:36.211764+00:00,COMPLETED,13,synthetic
2734,RR,466,DOA,DOA Approval,2026-06-22T19:09:36.211764+00:00,2026-06-23T19:09:36.211764+00:00,COMPLETED,2,synthetic
2735,RR,466,MRP,MRP Processing,2026-06-23T19:09:36.211764+00:00,2026-06-26T19:09:36.211764+00:00,COMPLETED,,synthetic
2736,PR,396,PR_CREATED,PR Created,2026-06-26T19:09:36.211764+00:00,2026-06-26T19:09:36.211764+00:00,COMPLETED,24,synthetic
2737,PR,396,NFA,NFA Approval,2026-06-27T19:09:36.211764+00:00,2026-06-30T19:09:36.211764+00:00,COMPLETED,15,synthetic
2738,PR,396,PO_CREATED,PO Created,2026-07-01T19:09:36.211764+00:00,2026-07-01T19:09:36.211764+00:00,COMPLETED,24,synthetic
2739,RR,467,RR_CREATED,RR Created,2026-02-14T09:09:36.211764+00:00,2026-02-14T09:09:36.211764+00:00,COMPLETED,18,synthetic
2740,RR,467,DOA,DOA Approval,2026-02-14T09:09:36.211764+00:00,2026-02-16T09:09:36.211764+00:00,COMPLETED,2,synthetic
2741,RR,467,MRP,MRP Processing,2026-02-16T09:09:36.211764+00:00,2026-02-17T09:09:36.211764+00:00,COMPLETED,,synthetic
2742,PR,397,PR_CREATED,PR Created,2026-02-17T09:09:36.211764+00:00,2026-02-17T09:09:36.211764+00:00,COMPLETED,12,synthetic
2743,PR,397,NFA,NFA Approval,2026-02-18T09:09:36.211764+00:00,2026-02-20T09:09:36.211764+00:00,COMPLETED,15,synthetic
2744,PR,397,PO_CREATED,PO Created,2026-02-21T09:09:36.211764+00:00,2026-02-21T09:09:36.211764+00:00,COMPLETED,12,synthetic
2745,RR,468,RR_CREATED,RR Created,2026-07-15T15:09:36.211764+00:00,2026-07-15T15:09:36.211764+00:00,COMPLETED,14,synthetic
2746,RR,468,DOA,DOA Approval,2026-07-15T15:09:36.211764+00:00,2026-07-19T15:09:36.211764+00:00,COMPLETED,2,synthetic
2747,RR,468,MRP,MRP Processing,2026-07-19T15:09:36.211764+00:00,2026-07-20T15:09:36.211764+00:00,COMPLETED,,synthetic
2748,PR,398,PR_CREATED,PR Created,2026-07-20T15:09:36.211764+00:00,2026-07-20T15:09:36.211764+00:00,COMPLETED,5,synthetic
2749,PR,398,RFQ,RFQ,2026-07-21T15:09:36.211764+00:00,2026-07-29T15:09:36.211764+00:00,COMPLETED,5,synthetic
2750,PR,398,NFA,NFA Approval,2026-07-30T15:09:36.211764+00:00,,IN_PROGRESS,3,synthetic
2751,RR,469,RR_CREATED,RR Created,2026-07-30T09:09:36.211764+00:00,2026-07-30T09:09:36.211764+00:00,COMPLETED,20,synthetic
2752,RR,469,DOA,DOA Approval,2026-07-30T09:09:36.211764+00:00,2026-08-01T09:09:36.211764+00:00,COMPLETED,2,synthetic
2753,RR,469,MRP,MRP Processing,2026-08-01T09:09:36.211764+00:00,2026-08-04T09:09:36.211764+00:00,COMPLETED,,synthetic
2754,PR,399,PR_CREATED,PR Created,2026-08-04T09:09:36.211764+00:00,2026-08-04T09:09:36.211764+00:00,COMPLETED,13,synthetic
2755,PR,399,RFQ,RFQ,2026-08-05T09:09:36.211764+00:00,2026-08-11T09:09:36.211764+00:00,COMPLETED,13,synthetic
2756,PR,399,ARIBA,Ariba Event,2026-08-12T09:09:36.211764+00:00,2026-08-15T09:09:36.211764+00:00,COMPLETED,13,synthetic
2757,PR,399,AUCTION,Auction,2026-08-15T18:09:36.211764+00:00,2026-08-16T01:09:36.211764+00:00,COMPLETED,13,synthetic
2758,PR,399,PO_CREATED,PO Created,2026-08-17T01:09:36.211764+00:00,2026-08-17T01:09:36.211764+00:00,COMPLETED,13,synthetic
2759,RR,470,RR_CREATED,RR Created,2026-07-01T08:09:36.211764+00:00,2026-07-01T08:09:36.211764+00:00,COMPLETED,11,synthetic
2760,RR,470,DOA,DOA Approval,2026-07-01T08:09:36.211764+00:00,,IN_PROGRESS,15,synthetic
2761,RR,471,RR_CREATED,RR Created,2026-07-07T22:09:36.211764+00:00,2026-07-07T22:09:36.211764+00:00,COMPLETED,8,synthetic
2762,RR,471,DOA,DOA Approval,2026-07-07T22:09:36.211764+00:00,2026-07-08T22:09:36.211764+00:00,COMPLETED,2,synthetic
2763,RR,471,MRP,MRP Processing,2026-07-08T22:09:36.211764+00:00,2026-07-21T22:09:36.211764+00:00,COMPLETED,,synthetic
2764,PR,400,PR_CREATED,PR Created,2026-07-21T22:09:36.211764+00:00,2026-07-21T22:09:36.211764+00:00,COMPLETED,12,synthetic
2765,PR,400,RFQ,RFQ,2026-07-22T22:09:36.211764+00:00,2026-07-30T22:09:36.211764+00:00,COMPLETED,12,synthetic
2766,PR,400,PO_CREATED,PO Created,2026-07-31T22:09:36.211764+00:00,2026-07-31T22:09:36.211764+00:00,COMPLETED,12,synthetic
2767,RR,472,RR_CREATED,RR Created,2026-03-02T07:09:36.211764+00:00,2026-03-02T07:09:36.211764+00:00,COMPLETED,7,synthetic
2768,RR,472,DOA,DOA Approval,2026-03-02T07:09:36.211764+00:00,2026-03-04T07:09:36.211764+00:00,COMPLETED,15,synthetic
2769,RR,472,MRP,MRP Processing,2026-03-04T07:09:36.211764+00:00,2026-03-07T07:09:36.211764+00:00,COMPLETED,,synthetic
2770,PR,401,PR_CREATED,PR Created,2026-03-07T07:09:36.211764+00:00,2026-03-07T07:09:36.211764+00:00,COMPLETED,12,synthetic
2771,PR,401,RFQ,RFQ,2026-03-08T07:09:36.211764+00:00,2026-03-17T07:09:36.211764+00:00,COMPLETED,12,synthetic
2772,PR,401,NFA,NFA Approval,2026-03-18T07:09:36.211764+00:00,2026-04-03T07:09:36.211764+00:00,COMPLETED,15,synthetic
2773,PR,401,PO_CREATED,PO Created,2026-04-04T07:09:36.211764+00:00,2026-04-04T07:09:36.211764+00:00,COMPLETED,12,synthetic
2774,RR,473,RR_CREATED,RR Created,2026-01-13T23:09:36.211764+00:00,2026-01-13T23:09:36.211764+00:00,COMPLETED,9,synthetic
2775,RR,473,DOA,DOA Approval,2026-01-13T23:09:36.211764+00:00,2026-02-04T23:09:36.211764+00:00,COMPLETED,15,synthetic
2776,RR,473,MRP,MRP Processing,2026-02-04T23:09:36.211764+00:00,2026-02-07T23:09:36.211764+00:00,COMPLETED,,synthetic
2777,PR,402,PR_CREATED,PR Created,2026-02-07T23:09:36.211764+00:00,2026-02-07T23:09:36.211764+00:00,COMPLETED,5,synthetic
2778,PR,402,RFQ,RFQ,2026-02-08T23:09:36.211764+00:00,2026-02-16T23:09:36.211764+00:00,COMPLETED,5,synthetic
2779,PR,402,NFA,NFA Approval,2026-02-17T23:09:36.211764+00:00,2026-02-20T23:09:36.211764+00:00,COMPLETED,3,synthetic
2780,PR,402,PO_CREATED,PO Created,2026-02-21T23:09:36.211764+00:00,2026-02-21T23:09:36.211764+00:00,COMPLETED,5,synthetic
2781,RR,474,RR_CREATED,RR Created,2026-03-30T17:09:36.211764+00:00,2026-03-30T17:09:36.211764+00:00,COMPLETED,5,synthetic
2782,RR,474,DOA,DOA Approval,2026-03-30T17:09:36.211764+00:00,2026-04-03T17:09:36.211764+00:00,COMPLETED,2,synthetic
2783,RR,474,MRP,MRP Processing,2026-04-03T17:09:36.211764+00:00,2026-04-04T17:09:36.211764+00:00,COMPLETED,,synthetic
2784,PR,403,PR_CREATED,PR Created,2026-04-04T17:09:36.211764+00:00,2026-04-04T17:09:36.211764+00:00,COMPLETED,12,synthetic
2785,PR,403,RFQ,RFQ,2026-04-05T17:09:36.211764+00:00,2026-04-10T17:09:36.211764+00:00,COMPLETED,12,synthetic
2786,PR,403,NFA,NFA Approval,2026-04-11T17:09:36.211764+00:00,2026-04-13T17:09:36.211764+00:00,COMPLETED,3,synthetic
2787,PR,403,PO_CREATED,PO Created,2026-04-14T17:09:36.211764+00:00,2026-04-14T17:09:36.211764+00:00,COMPLETED,12,synthetic
2788,RR,475,RR_CREATED,RR Created,2026-05-13T11:09:36.211764+00:00,2026-05-13T11:09:36.211764+00:00,COMPLETED,17,synthetic
2789,RR,475,DOA,DOA Approval,2026-05-13T11:09:36.211764+00:00,,IN_PROGRESS,2,synthetic
2790,RR,476,RR_CREATED,RR Created,2026-05-28T10:09:36.211764+00:00,2026-05-28T10:09:36.211764+00:00,COMPLETED,13,synthetic
2791,RR,476,DOA,DOA Approval,2026-05-28T10:09:36.211764+00:00,2026-06-01T10:09:36.211764+00:00,COMPLETED,3,synthetic
2792,RR,476,MRP,MRP Processing,2026-06-01T10:09:36.211764+00:00,2026-06-02T10:09:36.211764+00:00,COMPLETED,,synthetic
2793,PR,404,PR_CREATED,PR Created,2026-06-02T10:09:36.211764+00:00,2026-06-02T10:09:36.211764+00:00,COMPLETED,5,synthetic
2794,PR,404,RFQ,RFQ,2026-06-03T10:09:36.211764+00:00,2026-06-25T10:09:36.211764+00:00,COMPLETED,5,synthetic
2795,PR,404,NFA,NFA Approval,2026-06-26T10:09:36.211764+00:00,2026-06-30T10:09:36.211764+00:00,COMPLETED,3,synthetic
2796,PR,404,PO_CREATED,PO Created,2026-07-01T10:09:36.211764+00:00,2026-07-01T10:09:36.211764+00:00,COMPLETED,5,synthetic
2797,RR,477,RR_CREATED,RR Created,2026-03-13T20:09:36.211764+00:00,2026-03-13T20:09:36.211764+00:00,COMPLETED,2,synthetic
2798,RR,477,DOA,DOA Approval,2026-03-13T20:09:36.211764+00:00,2026-03-14T20:09:36.211764+00:00,COMPLETED,2,synthetic
2799,RR,477,MRP,MRP Processing,2026-03-14T20:09:36.211764+00:00,2026-03-17T20:09:36.211764+00:00,COMPLETED,,synthetic
2800,PR,405,PR_CREATED,PR Created,2026-03-17T20:09:36.211764+00:00,2026-03-17T20:09:36.211764+00:00,COMPLETED,12,synthetic
2801,PR,405,RFQ,RFQ,2026-03-18T20:09:36.211764+00:00,2026-03-27T20:09:36.211764+00:00,COMPLETED,12,synthetic
2802,PR,405,ARIBA,Ariba Event,2026-03-28T20:09:36.211764+00:00,2026-04-01T20:09:36.211764+00:00,COMPLETED,12,synthetic
2803,PR,405,NFA,NFA Approval,2026-04-02T20:09:36.211764+00:00,2026-04-04T20:09:36.211764+00:00,COMPLETED,3,synthetic
2804,PR,405,PO_CREATED,PO Created,2026-04-05T20:09:36.211764+00:00,2026-04-05T20:09:36.211764+00:00,COMPLETED,12,synthetic
2805,RR,478,RR_CREATED,RR Created,2026-01-11T02:09:36.211764+00:00,2026-01-11T02:09:36.211764+00:00,COMPLETED,3,synthetic
2806,RR,478,DOA,DOA Approval,2026-01-11T02:09:36.211764+00:00,2026-02-04T02:09:36.211764+00:00,COMPLETED,2,synthetic
2807,RR,478,MRP,MRP Processing,2026-02-04T02:09:36.211764+00:00,2026-02-06T02:09:36.211764+00:00,COMPLETED,,synthetic
2808,PR,406,PR_CREATED,PR Created,2026-02-06T02:09:36.211764+00:00,2026-02-06T02:09:36.211764+00:00,COMPLETED,13,synthetic
2809,PR,406,RFQ,RFQ,2026-02-07T02:09:36.211764+00:00,2026-02-15T02:09:36.211764+00:00,COMPLETED,13,synthetic
2810,PR,406,ARIBA,Ariba Event,2026-02-16T02:09:36.211764+00:00,2026-02-22T02:09:36.211764+00:00,COMPLETED,13,synthetic
2811,PR,406,NFA,NFA Approval,2026-02-23T02:09:36.211764+00:00,2026-02-27T02:09:36.211764+00:00,COMPLETED,3,synthetic
2812,RR,479,RR_CREATED,RR Created,2026-06-30T19:09:36.211764+00:00,2026-06-30T19:09:36.211764+00:00,COMPLETED,9,synthetic
2813,RR,479,DOA,DOA Approval,2026-06-30T19:09:36.211764+00:00,,IN_PROGRESS,15,synthetic
2814,RR,480,RR_CREATED,RR Created,2026-01-03T13:09:36.211764+00:00,2026-01-03T13:09:36.211764+00:00,COMPLETED,3,synthetic
2815,RR,480,DOA,DOA Approval,2026-01-03T13:09:36.211764+00:00,2026-01-15T13:09:36.211764+00:00,COMPLETED,15,synthetic
2816,RR,480,MRP,MRP Processing,2026-01-15T13:09:36.211764+00:00,2026-01-17T13:09:36.211764+00:00,COMPLETED,,synthetic
2817,PR,407,PR_CREATED,PR Created,2026-01-17T13:09:36.211764+00:00,2026-01-17T13:09:36.211764+00:00,COMPLETED,24,synthetic
2818,PR,407,NFA,NFA Approval,2026-01-18T13:09:36.211764+00:00,2026-01-20T13:09:36.211764+00:00,COMPLETED,15,synthetic
2819,PR,407,PO_CREATED,PO Created,2026-01-21T13:09:36.211764+00:00,2026-01-21T13:09:36.211764+00:00,COMPLETED,24,synthetic
2820,RR,481,RR_CREATED,RR Created,2026-07-21T04:09:36.211764+00:00,2026-07-21T04:09:36.211764+00:00,COMPLETED,7,synthetic
2821,RR,481,DOA,DOA Approval,2026-07-21T04:09:36.211764+00:00,2026-07-23T04:09:36.211764+00:00,COMPLETED,2,synthetic
2822,RR,481,MRP,MRP Processing,2026-07-23T04:09:36.211764+00:00,2026-07-25T04:09:36.211764+00:00,COMPLETED,,synthetic
2823,PR,408,PR_CREATED,PR Created,2026-07-25T04:09:36.211764+00:00,2026-07-25T04:09:36.211764+00:00,COMPLETED,5,synthetic
2824,PR,408,RFQ,RFQ,2026-07-26T04:09:36.211764+00:00,2026-08-29T04:09:36.211764+00:00,COMPLETED,5,synthetic
2825,PR,408,NFA,NFA Approval,2026-08-30T04:09:36.211764+00:00,2026-09-04T04:09:36.211764+00:00,COMPLETED,15,synthetic
2826,PR,408,PO_CREATED,PO Created,2026-09-05T04:09:36.211764+00:00,2026-09-05T04:09:36.211764+00:00,COMPLETED,5,synthetic
2827,RR,482,RR_CREATED,RR Created,2026-07-11T20:09:36.211764+00:00,2026-07-11T20:09:36.211764+00:00,COMPLETED,20,synthetic
2828,RR,482,DOA,DOA Approval,2026-07-11T20:09:36.211764+00:00,2026-07-14T20:09:36.211764+00:00,COMPLETED,3,synthetic
2829,RR,482,MRP,MRP Processing,2026-07-14T20:09:36.211764+00:00,2026-07-15T20:09:36.211764+00:00,COMPLETED,,synthetic
2830,PR,409,PR_CREATED,PR Created,2026-07-15T20:09:36.211764+00:00,2026-07-15T20:09:36.211764+00:00,COMPLETED,13,synthetic
2831,PR,409,PO_CREATED,PO Created,2026-07-16T20:09:36.211764+00:00,2026-07-16T20:09:36.211764+00:00,COMPLETED,13,synthetic
2832,RR,483,RR_CREATED,RR Created,2026-06-17T10:09:36.211764+00:00,2026-06-17T10:09:36.211764+00:00,COMPLETED,24,synthetic
2833,RR,483,DOA,DOA Approval,2026-06-17T10:09:36.211764+00:00,2026-06-20T10:09:36.211764+00:00,COMPLETED,3,synthetic
2834,RR,483,MRP,MRP Processing,2026-06-20T10:09:36.211764+00:00,2026-07-15T10:09:36.211764+00:00,COMPLETED,,synthetic
2835,PR,410,PR_CREATED,PR Created,2026-07-15T10:09:36.211764+00:00,2026-07-15T10:09:36.211764+00:00,COMPLETED,24,synthetic
2836,PR,410,RFQ,RFQ,2026-07-16T10:09:36.211764+00:00,2026-07-24T10:09:36.211764+00:00,COMPLETED,24,synthetic
2837,PR,410,ARIBA,Ariba Event,2026-07-25T10:09:36.211764+00:00,2026-07-29T10:09:36.211764+00:00,COMPLETED,24,synthetic
2838,PR,410,AUCTION,Auction,2026-07-29T21:09:36.211764+00:00,2026-07-29T23:09:36.211764+00:00,COMPLETED,24,synthetic
2839,PR,410,NFA,NFA Approval,2026-07-30T23:09:36.211764+00:00,2026-08-02T23:09:36.211764+00:00,COMPLETED,15,synthetic
2840,PR,410,PO_CREATED,PO Created,2026-08-03T23:09:36.211764+00:00,2026-08-03T23:09:36.211764+00:00,COMPLETED,24,synthetic
2841,RR,484,RR_CREATED,RR Created,2026-07-31T05:09:36.211764+00:00,2026-07-31T05:09:36.211764+00:00,COMPLETED,4,synthetic
2842,RR,484,DOA,DOA Approval,2026-07-31T05:09:36.211764+00:00,2026-08-02T05:09:36.211764+00:00,COMPLETED,3,synthetic
2843,RR,484,MRP,MRP Processing,2026-08-02T05:09:36.211764+00:00,2026-08-05T05:09:36.211764+00:00,COMPLETED,,synthetic
2844,PR,411,PR_CREATED,PR Created,2026-08-05T05:09:36.211764+00:00,2026-08-05T05:09:36.211764+00:00,COMPLETED,13,synthetic
2845,PR,411,RFQ,RFQ,2026-08-06T05:09:36.211764+00:00,2026-08-16T05:09:36.211764+00:00,COMPLETED,13,synthetic
2846,PR,411,ARIBA,Ariba Event,2026-08-17T05:09:36.211764+00:00,,IN_PROGRESS,13,synthetic
2847,RR,485,RR_CREATED,RR Created,2026-06-03T04:09:36.211764+00:00,2026-06-03T04:09:36.211764+00:00,COMPLETED,23,synthetic
2848,RR,485,DOA,DOA Approval,2026-06-03T04:09:36.211764+00:00,,IN_PROGRESS,15,synthetic
2849,RR,486,RR_CREATED,RR Created,2026-02-09T16:09:36.211764+00:00,2026-02-09T16:09:36.211764+00:00,COMPLETED,8,synthetic
2850,RR,486,DOA,DOA Approval,2026-02-09T16:09:36.211764+00:00,2026-02-12T16:09:36.211764+00:00,COMPLETED,15,synthetic
2851,RR,486,MRP,MRP Processing,2026-02-12T16:09:36.211764+00:00,2026-02-15T16:09:36.211764+00:00,COMPLETED,,synthetic
2852,PR,412,PR_CREATED,PR Created,2026-02-15T16:09:36.211764+00:00,2026-02-15T16:09:36.211764+00:00,COMPLETED,5,synthetic
2853,PR,412,NFA,NFA Approval,2026-02-16T16:09:36.211764+00:00,2026-02-21T16:09:36.211764+00:00,COMPLETED,3,synthetic
2854,PR,412,PO_CREATED,PO Created,2026-02-22T16:09:36.211764+00:00,2026-02-22T16:09:36.211764+00:00,COMPLETED,5,synthetic
2855,RR,487,RR_CREATED,RR Created,2026-04-04T17:09:36.211764+00:00,2026-04-04T17:09:36.211764+00:00,COMPLETED,8,synthetic
2856,RR,487,DOA,DOA Approval,2026-04-04T17:09:36.211764+00:00,,IN_PROGRESS,2,synthetic
2857,RR,488,RR_CREATED,RR Created,2026-01-13T11:09:36.211764+00:00,2026-01-13T11:09:36.211764+00:00,COMPLETED,16,synthetic
2858,RR,488,DOA,DOA Approval,2026-01-13T11:09:36.211764+00:00,2026-01-16T11:09:36.211764+00:00,COMPLETED,3,synthetic
2859,RR,488,MRP,MRP Processing,2026-01-16T11:09:36.211764+00:00,2026-01-17T11:09:36.211764+00:00,COMPLETED,,synthetic
2860,PR,413,PR_CREATED,PR Created,2026-01-17T11:09:36.211764+00:00,2026-01-17T11:09:36.211764+00:00,COMPLETED,5,synthetic
2861,PR,413,RFQ,RFQ,2026-01-18T11:09:36.211764+00:00,2026-01-23T11:09:36.211764+00:00,COMPLETED,5,synthetic
2862,PR,413,NFA,NFA Approval,2026-01-24T11:09:36.211764+00:00,2026-01-26T11:09:36.211764+00:00,COMPLETED,3,synthetic
2863,PR,413,PO_CREATED,PO Created,2026-01-27T11:09:36.211764+00:00,2026-01-27T11:09:36.211764+00:00,COMPLETED,5,synthetic
2864,RR,489,RR_CREATED,RR Created,2026-05-03T00:09:36.211764+00:00,2026-05-03T00:09:36.211764+00:00,COMPLETED,23,synthetic
2865,RR,489,DOA,DOA Approval,2026-05-03T00:09:36.211764+00:00,2026-06-04T00:09:36.211764+00:00,COMPLETED,2,synthetic
2866,RR,489,MRP,MRP Processing,2026-06-04T00:09:36.211764+00:00,2026-06-07T00:09:36.211764+00:00,COMPLETED,,synthetic
2867,PR,414,PR_CREATED,PR Created,2026-06-07T00:09:36.211764+00:00,2026-06-07T00:09:36.211764+00:00,COMPLETED,12,synthetic
2868,PR,414,RFQ,RFQ,2026-06-08T00:09:36.211764+00:00,2026-06-15T00:09:36.211764+00:00,COMPLETED,12,synthetic
2869,PR,414,ARIBA,Ariba Event,2026-06-16T00:09:36.211764+00:00,2026-06-19T00:09:36.211764+00:00,COMPLETED,12,synthetic
2870,PR,414,AUCTION,Auction,2026-06-19T18:09:36.211764+00:00,2026-06-20T02:09:36.211764+00:00,COMPLETED,12,synthetic
2871,PR,414,NFA,NFA Approval,2026-06-21T02:09:36.211764+00:00,2026-06-25T02:09:36.211764+00:00,COMPLETED,3,synthetic
2872,PR,414,PO_CREATED,PO Created,2026-06-26T02:09:36.211764+00:00,2026-06-26T02:09:36.211764+00:00,COMPLETED,12,synthetic
2873,RR,490,RR_CREATED,RR Created,2026-07-07T10:09:36.211764+00:00,2026-07-07T10:09:36.211764+00:00,COMPLETED,10,synthetic
2874,RR,490,DOA,DOA Approval,2026-07-07T10:09:36.211764+00:00,2026-07-09T10:09:36.211764+00:00,COMPLETED,2,synthetic
2875,RR,490,MRP,MRP Processing,2026-07-09T10:09:36.211764+00:00,2026-07-11T10:09:36.211764+00:00,COMPLETED,,synthetic
2876,PR,415,PR_CREATED,PR Created,2026-07-11T10:09:36.211764+00:00,2026-07-11T10:09:36.211764+00:00,COMPLETED,13,synthetic
2877,PR,415,RFQ,RFQ,2026-07-12T10:09:36.211764+00:00,2026-07-21T10:09:36.211764+00:00,COMPLETED,13,synthetic
2878,PR,415,NFA,NFA Approval,2026-07-22T10:09:36.211764+00:00,2026-07-26T10:09:36.211764+00:00,COMPLETED,3,synthetic
2879,PR,415,PO_CREATED,PO Created,2026-07-27T10:09:36.211764+00:00,2026-07-27T10:09:36.211764+00:00,COMPLETED,13,synthetic
2880,RR,491,RR_CREATED,RR Created,2026-08-04T11:09:36.211764+00:00,2026-08-04T11:09:36.211764+00:00,COMPLETED,13,synthetic
2881,RR,491,DOA,DOA Approval,2026-08-04T11:09:36.211764+00:00,2026-08-05T11:09:36.211764+00:00,COMPLETED,2,synthetic
2882,RR,491,MRP,MRP Processing,2026-08-05T11:09:36.211764+00:00,2026-08-07T11:09:36.211764+00:00,COMPLETED,,synthetic
2883,PR,416,PR_CREATED,PR Created,2026-08-07T11:09:36.211764+00:00,2026-08-07T11:09:36.211764+00:00,COMPLETED,12,synthetic
2884,PR,416,RFQ,RFQ,2026-08-08T11:09:36.211764+00:00,2026-08-14T11:09:36.211764+00:00,COMPLETED,12,synthetic
2885,PR,416,ARIBA,Ariba Event,2026-08-15T11:09:36.211764+00:00,2026-08-19T11:09:36.211764+00:00,COMPLETED,12,synthetic
2886,PR,416,AUCTION,Auction,2026-08-20T06:09:36.211764+00:00,2026-08-20T13:09:36.211764+00:00,COMPLETED,12,synthetic
2887,PR,416,NFA,NFA Approval,2026-08-21T13:09:36.211764+00:00,2026-08-25T13:09:36.211764+00:00,COMPLETED,15,synthetic
2888,PR,416,PO_CREATED,PO Created,2026-08-26T13:09:36.211764+00:00,2026-08-26T13:09:36.211764+00:00,COMPLETED,12,synthetic
2889,RR,492,RR_CREATED,RR Created,2026-02-08T06:09:36.211764+00:00,2026-02-08T06:09:36.211764+00:00,COMPLETED,23,synthetic
2890,RR,492,DOA,DOA Approval,2026-02-08T06:09:36.211764+00:00,2026-02-10T06:09:36.211764+00:00,COMPLETED,2,synthetic
2891,RR,492,MRP,MRP Processing,2026-02-10T06:09:36.211764+00:00,2026-02-12T06:09:36.211764+00:00,COMPLETED,,synthetic
2892,PR,417,PR_CREATED,PR Created,2026-02-12T06:09:36.211764+00:00,2026-02-12T06:09:36.211764+00:00,COMPLETED,5,synthetic
2893,PR,417,RFQ,RFQ,2026-02-13T06:09:36.211764+00:00,2026-02-19T06:09:36.211764+00:00,COMPLETED,5,synthetic
2894,PR,417,PO_CREATED,PO Created,2026-02-20T06:09:36.211764+00:00,2026-02-20T06:09:36.211764+00:00,COMPLETED,5,synthetic
2895,RR,493,RR_CREATED,RR Created,2026-04-02T09:09:36.211764+00:00,2026-04-02T09:09:36.211764+00:00,COMPLETED,23,synthetic
2896,RR,493,DOA,DOA Approval,2026-04-02T09:09:36.211764+00:00,2026-08-25T09:18:56.671803+00:00,COMPLETED,15,synthetic
2897,RR,494,RR_CREATED,RR Created,2025-12-31T02:09:36.211764+00:00,2025-12-31T02:09:36.211764+00:00,COMPLETED,9,synthetic
2898,RR,494,DOA,DOA Approval,2025-12-31T02:09:36.211764+00:00,2026-01-01T02:09:36.211764+00:00,COMPLETED,2,synthetic
2899,RR,494,MRP,MRP Processing,2026-01-01T02:09:36.211764+00:00,2026-01-04T02:09:36.211764+00:00,COMPLETED,,synthetic
2900,PR,418,PR_CREATED,PR Created,2026-01-04T02:09:36.211764+00:00,2026-01-04T02:09:36.211764+00:00,COMPLETED,13,synthetic
2901,PR,418,NFA,NFA Approval,2026-01-05T02:09:36.211764+00:00,2026-01-10T02:09:36.211764+00:00,COMPLETED,15,synthetic
2902,PR,418,PO_CREATED,PO Created,2026-01-11T02:09:36.211764+00:00,2026-01-11T02:09:36.211764+00:00,COMPLETED,13,synthetic
2903,RR,495,RR_CREATED,RR Created,2026-07-10T16:09:36.211764+00:00,2026-07-10T16:09:36.211764+00:00,COMPLETED,20,synthetic
2904,RR,495,DOA,DOA Approval,2026-07-10T16:09:36.211764+00:00,2026-07-13T16:09:36.211764+00:00,COMPLETED,2,synthetic
2905,RR,495,MRP,MRP Processing,2026-07-13T16:09:36.211764+00:00,2026-07-14T16:09:36.211764+00:00,COMPLETED,,synthetic
2906,PR,419,PR_CREATED,PR Created,2026-07-14T16:09:36.211764+00:00,2026-07-14T16:09:36.211764+00:00,COMPLETED,24,synthetic
2907,PR,419,RFQ,RFQ,2026-07-15T16:09:36.211764+00:00,2026-07-25T16:09:36.211764+00:00,COMPLETED,24,synthetic
2908,PR,419,NFA,NFA Approval,2026-07-26T16:09:36.211764+00:00,2026-07-29T16:09:36.211764+00:00,COMPLETED,15,synthetic
2909,RR,496,RR_CREATED,RR Created,2026-08-01T00:09:36.211764+00:00,2026-08-01T00:09:36.211764+00:00,COMPLETED,24,synthetic
2910,RR,496,DOA,DOA Approval,2026-08-01T00:09:36.211764+00:00,2026-08-02T00:09:36.211764+00:00,COMPLETED,3,synthetic
2911,RR,496,MRP,MRP Processing,2026-08-02T00:09:36.211764+00:00,2026-08-04T00:09:36.211764+00:00,COMPLETED,,synthetic
2912,PR,420,PR_CREATED,PR Created,2026-08-04T00:09:36.211764+00:00,2026-08-04T00:09:36.211764+00:00,COMPLETED,5,synthetic
2913,PR,420,RFQ,RFQ,2026-08-05T00:09:36.211764+00:00,2026-08-12T00:09:36.211764+00:00,COMPLETED,5,synthetic
2914,PR,420,NFA,NFA Approval,2026-08-13T00:09:36.211764+00:00,,IN_PROGRESS,15,synthetic
2915,RR,497,RR_CREATED,RR Created,2026-01-10T11:09:36.211764+00:00,2026-01-10T11:09:36.211764+00:00,COMPLETED,14,synthetic
2916,RR,497,DOA,DOA Approval,2026-01-10T11:09:36.211764+00:00,2026-01-11T11:09:36.211764+00:00,COMPLETED,2,synthetic
2917,RR,497,MRP,MRP Processing,2026-01-11T11:09:36.211764+00:00,2026-01-12T11:09:36.211764+00:00,COMPLETED,,synthetic
2918,PR,421,PR_CREATED,PR Created,2026-01-12T11:09:36.211764+00:00,2026-01-12T11:09:36.211764+00:00,COMPLETED,12,synthetic
2919,PR,421,NFA,NFA Approval,2026-01-13T11:09:36.211764+00:00,2026-01-17T11:09:36.211764+00:00,COMPLETED,3,synthetic
2920,PR,421,PO_CREATED,PO Created,2026-01-18T11:09:36.211764+00:00,2026-01-18T11:09:36.211764+00:00,COMPLETED,12,synthetic
2921,RR,498,RR_CREATED,RR Created,2026-07-11T14:09:36.211764+00:00,2026-07-11T14:09:36.211764+00:00,COMPLETED,6,synthetic
2922,RR,498,DOA,DOA Approval,2026-07-11T14:09:36.211764+00:00,2026-07-13T14:09:36.211764+00:00,COMPLETED,2,synthetic
2923,RR,498,MRP,MRP Processing,2026-07-13T14:09:36.211764+00:00,2026-07-15T14:09:36.211764+00:00,COMPLETED,,synthetic
2924,PR,422,PR_CREATED,PR Created,2026-07-15T14:09:36.211764+00:00,2026-07-15T14:09:36.211764+00:00,COMPLETED,12,synthetic
2925,PR,422,RFQ,RFQ,2026-07-16T14:09:36.211764+00:00,2026-07-26T14:09:36.211764+00:00,COMPLETED,12,synthetic
2926,PR,422,ARIBA,Ariba Event,2026-07-27T14:09:36.211764+00:00,2026-08-02T14:09:36.211764+00:00,COMPLETED,12,synthetic
2927,PR,422,NFA,NFA Approval,2026-08-03T14:09:36.211764+00:00,2026-08-07T14:09:36.211764+00:00,COMPLETED,3,synthetic
2928,PR,422,PO_CREATED,PO Created,2026-08-08T14:09:36.211764+00:00,2026-08-08T14:09:36.211764+00:00,COMPLETED,12,synthetic
2929,RR,499,RR_CREATED,RR Created,2026-08-08T08:09:36.211764+00:00,2026-08-08T08:09:36.211764+00:00,COMPLETED,18,synthetic
2930,RR,499,DOA,DOA Approval,2026-08-08T08:09:36.211764+00:00,2026-08-09T08:09:36.211764+00:00,COMPLETED,15,synthetic
2931,RR,499,MRP,MRP Processing,2026-08-09T08:09:36.211764+00:00,2026-08-10T08:09:36.211764+00:00,COMPLETED,,synthetic
2932,PR,423,PR_CREATED,PR Created,2026-08-10T08:09:36.211764+00:00,2026-08-10T08:09:36.211764+00:00,COMPLETED,5,synthetic
2933,PR,423,NFA,NFA Approval,2026-08-11T08:09:36.211764+00:00,2026-08-15T08:09:36.211764+00:00,COMPLETED,15,synthetic
2934,PR,423,PO_CREATED,PO Created,2026-08-16T08:09:36.211764+00:00,2026-08-16T08:09:36.211764+00:00,COMPLETED,5,synthetic
2935,RR,500,RR_CREATED,RR Created,2026-04-09T21:09:36.211764+00:00,2026-04-09T21:09:36.211764+00:00,COMPLETED,5,synthetic
2936,RR,500,DOA,DOA Approval,2026-04-09T21:09:36.211764+00:00,2026-04-12T21:09:36.211764+00:00,COMPLETED,2,synthetic
2937,RR,500,MRP,MRP Processing,2026-04-12T21:09:36.211764+00:00,2026-04-15T21:09:36.211764+00:00,COMPLETED,,synthetic
2938,PR,424,PR_CREATED,PR Created,2026-04-15T21:09:36.211764+00:00,2026-04-15T21:09:36.211764+00:00,COMPLETED,13,synthetic
2939,PR,424,RFQ,RFQ,2026-04-16T21:09:36.211764+00:00,2026-04-24T21:09:36.211764+00:00,COMPLETED,13,synthetic
2940,PR,424,ARIBA,Ariba Event,2026-04-25T21:09:36.211764+00:00,2026-05-10T21:09:36.211764+00:00,COMPLETED,13,synthetic
2941,PR,424,AUCTION,Auction,2026-05-10T23:09:36.211764+00:00,2026-05-11T05:09:36.211764+00:00,COMPLETED,13,synthetic
2942,PR,424,NFA,NFA Approval,2026-05-12T05:09:36.211764+00:00,2026-05-14T05:09:36.211764+00:00,COMPLETED,15,synthetic
2943,PR,424,PO_CREATED,PO Created,2026-05-15T05:09:36.211764+00:00,2026-05-15T05:09:36.211764+00:00,COMPLETED,13,synthetic
2944,RR,501,RR_CREATED,RR Created,2026-02-13T13:09:36.211764+00:00,2026-02-13T13:09:36.211764+00:00,COMPLETED,1,synthetic
2945,RR,501,DOA,DOA Approval,2026-02-13T13:09:36.211764+00:00,2026-03-16T13:09:36.211764+00:00,COMPLETED,2,synthetic
2946,RR,501,MRP,MRP Processing,2026-03-16T13:09:36.211764+00:00,2026-03-18T13:09:36.211764+00:00,COMPLETED,,synthetic
2947,PR,425,PR_CREATED,PR Created,2026-03-18T13:09:36.211764+00:00,2026-03-18T13:09:36.211764+00:00,COMPLETED,13,synthetic
2948,PR,425,RFQ,RFQ,2026-03-19T13:09:36.211764+00:00,2026-03-28T13:09:36.211764+00:00,COMPLETED,13,synthetic
2949,PR,425,ARIBA,Ariba Event,2026-03-29T13:09:36.211764+00:00,2026-04-04T13:09:36.211764+00:00,COMPLETED,13,synthetic
2950,PR,425,AUCTION,Auction,2026-04-04T20:09:36.211764+00:00,2026-04-05T03:09:36.211764+00:00,COMPLETED,13,synthetic
2951,PR,425,NFA,NFA Approval,2026-04-06T03:09:36.211764+00:00,2026-04-09T03:09:36.211764+00:00,COMPLETED,3,synthetic
2952,PR,425,PO_CREATED,PO Created,2026-04-10T03:09:36.211764+00:00,2026-04-10T03:09:36.211764+00:00,COMPLETED,13,synthetic
2953,RR,502,RR_CREATED,RR Created,2026-02-28T00:09:36.211764+00:00,2026-02-28T00:09:36.211764+00:00,COMPLETED,6,synthetic
2954,RR,502,DOA,DOA Approval,2026-02-28T00:09:36.211764+00:00,2026-03-01T00:09:36.211764+00:00,COMPLETED,2,synthetic
2955,RR,502,MRP,MRP Processing,2026-03-01T00:09:36.211764+00:00,2026-03-02T00:09:36.211764+00:00,COMPLETED,,synthetic
2956,PR,426,PR_CREATED,PR Created,2026-03-02T00:09:36.211764+00:00,2026-03-02T00:09:36.211764+00:00,COMPLETED,5,synthetic
2957,PR,426,RFQ,RFQ,2026-03-03T00:09:36.211764+00:00,2026-03-09T00:09:36.211764+00:00,COMPLETED,5,synthetic
2958,PR,426,NFA,NFA Approval,2026-03-10T00:09:36.211764+00:00,2026-03-14T00:09:36.211764+00:00,COMPLETED,15,synthetic
2959,PR,426,PO_CREATED,PO Created,2026-03-15T00:09:36.211764+00:00,2026-03-15T00:09:36.211764+00:00,COMPLETED,5,synthetic
2960,RR,503,RR_CREATED,RR Created,2026-01-06T14:09:36.211764+00:00,2026-01-06T14:09:36.211764+00:00,COMPLETED,1,synthetic
2961,RR,503,DOA,DOA Approval,2026-01-06T14:09:36.211764+00:00,2026-01-10T14:09:36.211764+00:00,COMPLETED,15,synthetic
2962,RR,503,MRP,MRP Processing,2026-01-10T14:09:36.211764+00:00,2026-01-11T14:09:36.211764+00:00,COMPLETED,,synthetic
2963,PR,427,PR_CREATED,PR Created,2026-01-11T14:09:36.211764+00:00,2026-01-11T14:09:36.211764+00:00,COMPLETED,5,synthetic
2964,PR,427,RFQ,RFQ,2026-01-12T14:09:36.211764+00:00,2026-01-21T14:09:36.211764+00:00,COMPLETED,5,synthetic
2965,PR,427,ARIBA,Ariba Event,2026-01-22T14:09:36.211764+00:00,2026-02-19T14:09:36.211764+00:00,COMPLETED,5,synthetic
2966,PR,427,AUCTION,Auction,2026-02-20T03:09:36.211764+00:00,2026-02-20T10:09:36.211764+00:00,COMPLETED,5,synthetic
2967,PR,427,NFA,NFA Approval,2026-02-21T10:09:36.211764+00:00,2026-02-26T10:09:36.211764+00:00,COMPLETED,3,synthetic
2968,PR,427,PO_CREATED,PO Created,2026-02-27T10:09:36.211764+00:00,2026-02-27T10:09:36.211764+00:00,COMPLETED,5,synthetic
2969,RR,504,RR_CREATED,RR Created,2026-03-09T10:09:36.211764+00:00,2026-03-09T10:09:36.211764+00:00,COMPLETED,4,synthetic
2970,RR,504,DOA,DOA Approval,2026-03-09T10:09:36.211764+00:00,2026-03-11T10:09:36.211764+00:00,COMPLETED,15,synthetic
2971,RR,504,MRP,MRP Processing,2026-03-11T10:09:36.211764+00:00,2026-03-14T10:09:36.211764+00:00,COMPLETED,,synthetic
2972,PR,428,PR_CREATED,PR Created,2026-03-14T10:09:36.211764+00:00,2026-03-14T10:09:36.211764+00:00,COMPLETED,13,synthetic
2973,PR,428,RFQ,RFQ,2026-03-15T10:09:36.211764+00:00,2026-03-24T10:09:36.211764+00:00,COMPLETED,13,synthetic
2974,PR,428,PO_CREATED,PO Created,2026-03-25T10:09:36.211764+00:00,2026-03-25T10:09:36.211764+00:00,COMPLETED,13,synthetic
2975,RR,505,RR_CREATED,RR Created,2026-03-15T11:09:36.211764+00:00,2026-03-15T11:09:36.211764+00:00,COMPLETED,15,synthetic
2976,RR,505,DOA,DOA Approval,2026-03-15T11:09:36.211764+00:00,2026-03-17T11:09:36.211764+00:00,COMPLETED,3,synthetic
2977,RR,505,MRP,MRP Processing,2026-03-17T11:09:36.211764+00:00,2026-03-18T11:09:36.211764+00:00,COMPLETED,,synthetic
2978,PR,429,PR_CREATED,PR Created,2026-03-18T11:09:36.211764+00:00,2026-03-18T11:09:36.211764+00:00,COMPLETED,12,synthetic
2979,PR,429,RFQ,RFQ,2026-03-19T11:09:36.211764+00:00,2026-03-28T11:09:36.211764+00:00,COMPLETED,12,synthetic
2980,PR,429,ARIBA,Ariba Event,2026-03-29T11:09:36.211764+00:00,2026-04-05T11:09:36.211764+00:00,COMPLETED,12,synthetic
2981,PR,429,AUCTION,Auction,2026-04-06T04:09:36.211764+00:00,2026-04-06T10:09:36.211764+00:00,COMPLETED,12,synthetic
2982,PR,429,NFA,NFA Approval,2026-04-07T10:09:36.211764+00:00,2026-04-09T10:09:36.211764+00:00,COMPLETED,3,synthetic
2983,PR,429,PO_CREATED,PO Created,2026-04-10T10:09:36.211764+00:00,2026-04-10T10:09:36.211764+00:00,COMPLETED,12,synthetic
2984,RR,506,RR_CREATED,RR Created,2026-08-14T01:09:36.211764+00:00,2026-08-14T01:09:36.211764+00:00,COMPLETED,2,synthetic
2985,RR,506,DOA,DOA Approval,2026-08-14T01:09:36.211764+00:00,2026-08-18T01:09:36.211764+00:00,COMPLETED,3,synthetic
2986,RR,506,MRP,MRP Processing,2026-08-18T01:09:36.211764+00:00,2026-08-20T01:09:36.211764+00:00,COMPLETED,,synthetic
2987,PR,430,PR_CREATED,PR Created,2026-08-20T01:09:36.211764+00:00,2026-08-20T01:09:36.211764+00:00,COMPLETED,24,synthetic
2988,PR,430,NFA,NFA Approval,2026-08-21T01:09:36.211764+00:00,2026-08-26T01:09:36.211764+00:00,COMPLETED,15,synthetic
2989,PR,430,PO_CREATED,PO Created,2026-08-27T01:09:36.211764+00:00,2026-08-27T01:09:36.211764+00:00,COMPLETED,24,synthetic
2990,RR,507,RR_CREATED,RR Created,2026-01-17T20:09:36.211764+00:00,2026-01-17T20:09:36.211764+00:00,COMPLETED,4,synthetic
2991,RR,507,DOA,DOA Approval,2026-01-17T20:09:36.211764+00:00,2026-01-18T20:09:36.211764+00:00,COMPLETED,2,synthetic
2992,RR,507,MRP,MRP Processing,2026-01-18T20:09:36.211764+00:00,2026-01-20T20:09:36.211764+00:00,COMPLETED,,synthetic
2993,PR,431,PR_CREATED,PR Created,2026-01-20T20:09:36.211764+00:00,2026-01-20T20:09:36.211764+00:00,COMPLETED,24,synthetic
2994,PR,431,PO_CREATED,PO Created,2026-01-21T20:09:36.211764+00:00,2026-01-21T20:09:36.211764+00:00,COMPLETED,24,synthetic
2995,RR,508,RR_CREATED,RR Created,2026-05-27T10:09:36.211764+00:00,2026-05-27T10:09:36.211764+00:00,COMPLETED,19,synthetic
2996,RR,508,DOA,DOA Approval,2026-05-27T10:09:36.211764+00:00,,IN_PROGRESS,3,synthetic
2997,RR,509,RR_CREATED,RR Created,2026-06-27T17:09:36.211764+00:00,2026-06-27T17:09:36.211764+00:00,COMPLETED,9,synthetic
2998,RR,509,DOA,DOA Approval,2026-06-27T17:09:36.211764+00:00,2026-07-01T17:09:36.211764+00:00,COMPLETED,2,synthetic
2999,RR,509,MRP,MRP Processing,2026-07-01T17:09:36.211764+00:00,2026-07-03T17:09:36.211764+00:00,COMPLETED,,synthetic
3000,PR,432,PR_CREATED,PR Created,2026-07-03T17:09:36.211764+00:00,2026-07-03T17:09:36.211764+00:00,COMPLETED,12,synthetic
3001,PR,432,RFQ,RFQ,2026-07-04T17:09:36.211764+00:00,2026-07-12T17:09:36.211764+00:00,COMPLETED,12,synthetic
3002,PR,432,NFA,NFA Approval,2026-07-13T17:09:36.211764+00:00,2026-07-16T17:09:36.211764+00:00,COMPLETED,3,synthetic
3003,PR,432,PO_CREATED,PO Created,2026-07-17T17:09:36.211764+00:00,2026-07-17T17:09:36.211764+00:00,COMPLETED,12,synthetic
3004,RR,510,RR_CREATED,RR Created,2026-05-31T18:09:36.211764+00:00,2026-05-31T18:09:36.211764+00:00,COMPLETED,10,synthetic
3005,RR,510,DOA,DOA Approval,2026-05-31T18:09:36.211764+00:00,2026-06-01T18:09:36.211764+00:00,COMPLETED,2,synthetic
3006,RR,510,MRP,MRP Processing,2026-06-01T18:09:36.211764+00:00,2026-06-02T18:09:36.211764+00:00,COMPLETED,,synthetic
3007,PR,433,PR_CREATED,PR Created,2026-06-02T18:09:36.211764+00:00,2026-06-02T18:09:36.211764+00:00,COMPLETED,13,synthetic
3008,PR,433,NFA,NFA Approval,2026-06-03T18:09:36.211764+00:00,2026-06-06T18:09:36.211764+00:00,COMPLETED,15,synthetic
3009,PR,433,PO_CREATED,PO Created,2026-06-07T18:09:36.211764+00:00,2026-06-07T18:09:36.211764+00:00,COMPLETED,13,synthetic
3010,RR,511,RR_CREATED,RR Created,2026-01-20T01:09:36.211764+00:00,2026-01-20T01:09:36.211764+00:00,COMPLETED,2,synthetic
3011,RR,511,DOA,DOA Approval,2026-01-20T01:09:36.211764+00:00,2026-01-22T01:09:36.211764+00:00,COMPLETED,3,synthetic
3012,RR,511,MRP,MRP Processing,2026-01-22T01:09:36.211764+00:00,2026-01-23T01:09:36.211764+00:00,COMPLETED,,synthetic
3013,PR,434,PR_CREATED,PR Created,2026-01-23T01:09:36.211764+00:00,2026-01-23T01:09:36.211764+00:00,COMPLETED,24,synthetic
3014,PR,434,NFA,NFA Approval,2026-01-24T01:09:36.211764+00:00,2026-01-28T01:09:36.211764+00:00,COMPLETED,3,synthetic
3015,PR,434,PO_CREATED,PO Created,2026-01-29T01:09:36.211764+00:00,2026-01-29T01:09:36.211764+00:00,COMPLETED,24,synthetic
3016,RR,512,RR_CREATED,RR Created,2026-04-30T07:09:36.211764+00:00,2026-04-30T07:09:36.211764+00:00,COMPLETED,8,synthetic
3017,RR,512,DOA,DOA Approval,2026-04-30T07:09:36.211764+00:00,2026-05-12T07:09:36.211764+00:00,COMPLETED,15,synthetic
3018,RR,512,MRP,MRP Processing,2026-05-12T07:09:36.211764+00:00,2026-05-14T07:09:36.211764+00:00,COMPLETED,,synthetic
3019,PR,435,PR_CREATED,PR Created,2026-05-14T07:09:36.211764+00:00,2026-05-14T07:09:36.211764+00:00,COMPLETED,5,synthetic
3020,PR,435,NFA,NFA Approval,2026-05-15T07:09:36.211764+00:00,2026-05-17T07:09:36.211764+00:00,COMPLETED,3,synthetic
3021,PR,435,PO_CREATED,PO Created,2026-05-18T07:09:36.211764+00:00,2026-05-18T07:09:36.211764+00:00,COMPLETED,5,synthetic
3022,RR,513,RR_CREATED,RR Created,2026-04-23T14:09:36.211764+00:00,2026-04-23T14:09:36.211764+00:00,COMPLETED,5,synthetic
3023,RR,513,DOA,DOA Approval,2026-04-23T14:09:36.211764+00:00,2026-04-24T14:09:36.211764+00:00,COMPLETED,15,synthetic
3024,RR,513,MRP,MRP Processing,2026-04-24T14:09:36.211764+00:00,2026-04-27T14:09:36.211764+00:00,COMPLETED,,synthetic
3025,PR,436,PR_CREATED,PR Created,2026-04-27T14:09:36.211764+00:00,2026-04-27T14:09:36.211764+00:00,COMPLETED,5,synthetic
3026,PR,436,RFQ,RFQ,2026-04-28T14:09:36.211764+00:00,,IN_PROGRESS,5,synthetic
3027,RR,514,RR_CREATED,RR Created,2025-12-18T05:09:36.211764+00:00,2025-12-18T05:09:36.211764+00:00,COMPLETED,6,synthetic
3028,RR,514,DOA,DOA Approval,2025-12-18T05:09:36.211764+00:00,2025-12-21T05:09:36.211764+00:00,COMPLETED,2,synthetic
3029,RR,514,MRP,MRP Processing,2025-12-21T05:09:36.211764+00:00,2025-12-23T05:09:36.211764+00:00,COMPLETED,,synthetic
3030,PR,437,PR_CREATED,PR Created,2025-12-23T05:09:36.211764+00:00,2025-12-23T05:09:36.211764+00:00,COMPLETED,13,synthetic
3031,PR,437,NFA,NFA Approval,2025-12-24T05:09:36.211764+00:00,2025-12-27T05:09:36.211764+00:00,COMPLETED,15,synthetic
3032,PR,437,PO_CREATED,PO Created,2025-12-28T05:09:36.211764+00:00,2025-12-28T05:09:36.211764+00:00,COMPLETED,13,synthetic
3033,RR,515,RR_CREATED,RR Created,2026-07-04T10:09:36.211764+00:00,2026-07-04T10:09:36.211764+00:00,COMPLETED,11,synthetic
3034,RR,515,DOA,DOA Approval,2026-07-04T10:09:36.211764+00:00,2026-07-07T10:09:36.211764+00:00,COMPLETED,15,synthetic
3035,RR,515,MRP,MRP Processing,2026-07-07T10:09:36.211764+00:00,2026-07-10T10:09:36.211764+00:00,COMPLETED,,synthetic
3036,PR,438,PR_CREATED,PR Created,2026-07-10T10:09:36.211764+00:00,2026-07-10T10:09:36.211764+00:00,COMPLETED,5,synthetic
3037,PR,438,RFQ,RFQ,2026-07-11T10:09:36.211764+00:00,2026-07-17T10:09:36.211764+00:00,COMPLETED,5,synthetic
3038,PR,438,ARIBA,Ariba Event,2026-07-18T10:09:36.211764+00:00,2026-07-23T10:09:36.211764+00:00,COMPLETED,5,synthetic
3039,PR,438,NFA,NFA Approval,2026-07-24T10:09:36.211764+00:00,2026-07-29T10:09:36.211764+00:00,COMPLETED,15,synthetic
3040,PR,438,PO_CREATED,PO Created,2026-07-30T10:09:36.211764+00:00,2026-07-30T10:09:36.211764+00:00,COMPLETED,5,synthetic
3041,RR,516,RR_CREATED,RR Created,2026-08-15T19:09:36.211764+00:00,2026-08-15T19:09:36.211764+00:00,COMPLETED,20,synthetic
3042,RR,516,DOA,DOA Approval,2026-08-15T19:09:36.211764+00:00,2026-08-16T19:09:36.211764+00:00,COMPLETED,2,synthetic
3043,RR,516,MRP,MRP Processing,2026-08-16T19:09:36.211764+00:00,2026-08-19T19:09:36.211764+00:00,COMPLETED,,synthetic
3044,PR,439,PR_CREATED,PR Created,2026-08-19T19:09:36.211764+00:00,2026-08-19T19:09:36.211764+00:00,COMPLETED,5,synthetic
3045,PR,439,RFQ,RFQ,2026-08-20T19:09:36.211764+00:00,2026-08-30T19:09:36.211764+00:00,COMPLETED,5,synthetic
3046,PR,439,PO_CREATED,PO Created,2026-08-31T19:09:36.211764+00:00,2026-08-31T19:09:36.211764+00:00,COMPLETED,5,synthetic
3047,RR,517,RR_CREATED,RR Created,2025-12-07T20:09:36.211764+00:00,2025-12-07T20:09:36.211764+00:00,COMPLETED,16,synthetic
3048,RR,517,DOA,DOA Approval,2025-12-07T20:09:36.211764+00:00,2025-12-09T20:09:36.211764+00:00,COMPLETED,3,synthetic
3049,RR,517,MRP,MRP Processing,2025-12-09T20:09:36.211764+00:00,2025-12-12T20:09:36.211764+00:00,COMPLETED,,synthetic
3050,PR,440,PR_CREATED,PR Created,2025-12-12T20:09:36.211764+00:00,2025-12-12T20:09:36.211764+00:00,COMPLETED,13,synthetic
3051,PR,440,PO_CREATED,PO Created,2025-12-13T20:09:36.211764+00:00,2025-12-13T20:09:36.211764+00:00,COMPLETED,13,synthetic
3052,RR,518,RR_CREATED,RR Created,2026-02-16T01:09:36.211764+00:00,2026-02-16T01:09:36.211764+00:00,COMPLETED,20,synthetic
3053,RR,518,DOA,DOA Approval,2026-02-16T01:09:36.211764+00:00,2026-02-18T01:09:36.211764+00:00,COMPLETED,2,synthetic
3054,RR,518,MRP,MRP Processing,2026-02-18T01:09:36.211764+00:00,2026-03-05T01:09:36.211764+00:00,COMPLETED,,synthetic
3055,PR,441,PR_CREATED,PR Created,2026-03-05T01:09:36.211764+00:00,2026-03-05T01:09:36.211764+00:00,COMPLETED,5,synthetic
3056,PR,441,RFQ,RFQ,2026-03-06T01:09:36.211764+00:00,2026-03-16T01:09:36.211764+00:00,COMPLETED,5,synthetic
3057,PR,441,ARIBA,Ariba Event,2026-03-17T01:09:36.211764+00:00,2026-03-22T01:09:36.211764+00:00,COMPLETED,5,synthetic
3058,PR,441,NFA,NFA Approval,2026-03-23T01:09:36.211764+00:00,2026-03-27T01:09:36.211764+00:00,COMPLETED,15,synthetic
3059,PR,441,PO_CREATED,PO Created,2026-03-28T01:09:36.211764+00:00,2026-03-28T01:09:36.211764+00:00,COMPLETED,5,synthetic
3060,RR,519,RR_CREATED,RR Created,2026-05-25T18:09:36.211764+00:00,2026-05-25T18:09:36.211764+00:00,COMPLETED,23,synthetic
3061,RR,519,DOA,DOA Approval,2026-05-25T18:09:36.211764+00:00,2026-05-26T18:09:36.211764+00:00,COMPLETED,2,synthetic
3062,RR,519,MRP,MRP Processing,2026-05-26T18:09:36.211764+00:00,2026-06-13T18:09:36.211764+00:00,COMPLETED,,synthetic
3063,PR,442,PR_CREATED,PR Created,2026-06-13T18:09:36.211764+00:00,2026-06-13T18:09:36.211764+00:00,COMPLETED,13,synthetic
3064,PR,442,RFQ,RFQ,2026-06-14T18:09:36.211764+00:00,2026-06-21T18:09:36.211764+00:00,COMPLETED,13,synthetic
3065,PR,442,NFA,NFA Approval,2026-06-22T18:09:36.211764+00:00,2026-06-25T18:09:36.211764+00:00,COMPLETED,3,synthetic
3066,PR,442,PO_CREATED,PO Created,2026-06-26T18:09:36.211764+00:00,2026-06-26T18:09:36.211764+00:00,COMPLETED,13,synthetic
3067,RR,520,RR_CREATED,RR Created,2026-02-05T22:09:36.211764+00:00,2026-02-05T22:09:36.211764+00:00,COMPLETED,8,synthetic
3068,RR,520,DOA,DOA Approval,2026-02-05T22:09:36.211764+00:00,2026-02-07T22:09:36.211764+00:00,REJECTED,2,synthetic
3069,RR,521,RR_CREATED,RR Created,2026-07-18T06:09:36.211764+00:00,2026-07-18T06:09:36.211764+00:00,COMPLETED,11,synthetic
3070,RR,521,DOA,DOA Approval,2026-07-18T06:09:36.211764+00:00,2026-07-19T06:09:36.211764+00:00,COMPLETED,2,synthetic
3071,RR,521,MRP,MRP Processing,2026-07-19T06:09:36.211764+00:00,2026-07-20T06:09:36.211764+00:00,COMPLETED,,synthetic
3072,PR,443,PR_CREATED,PR Created,2026-07-20T06:09:36.211764+00:00,2026-07-20T06:09:36.211764+00:00,COMPLETED,5,synthetic
3073,PR,443,RFQ,RFQ,2026-07-21T06:09:36.211764+00:00,2026-07-31T06:09:36.211764+00:00,COMPLETED,5,synthetic
3074,PR,443,NFA,NFA Approval,2026-08-01T06:09:36.211764+00:00,2026-08-19T06:09:36.211764+00:00,COMPLETED,3,synthetic
3075,PR,443,PO_CREATED,PO Created,2026-08-20T06:09:36.211764+00:00,2026-08-20T06:09:36.211764+00:00,COMPLETED,5,synthetic
3076,RR,522,RR_CREATED,RR Created,2026-01-28T14:09:36.211764+00:00,2026-01-28T14:09:36.211764+00:00,COMPLETED,22,synthetic
3077,RR,522,DOA,DOA Approval,2026-01-28T14:09:36.211764+00:00,2026-01-31T14:09:36.211764+00:00,COMPLETED,2,synthetic
3078,RR,522,MRP,MRP Processing,2026-01-31T14:09:36.211764+00:00,2026-02-03T14:09:36.211764+00:00,COMPLETED,,synthetic
3079,PR,444,PR_CREATED,PR Created,2026-02-03T14:09:36.211764+00:00,2026-02-03T14:09:36.211764+00:00,COMPLETED,13,synthetic
3080,PR,444,NFA,NFA Approval,2026-02-04T14:09:36.211764+00:00,2026-02-07T14:09:36.211764+00:00,COMPLETED,15,synthetic
3081,PR,444,PO_CREATED,PO Created,2026-02-08T14:09:36.211764+00:00,2026-02-08T14:09:36.211764+00:00,COMPLETED,13,synthetic
3082,RR,523,RR_CREATED,RR Created,2026-07-13T20:09:36.211764+00:00,2026-07-13T20:09:36.211764+00:00,COMPLETED,4,synthetic
3083,RR,523,DOA,DOA Approval,2026-07-13T20:09:36.211764+00:00,2026-07-14T20:09:36.211764+00:00,COMPLETED,2,synthetic
3084,RR,523,MRP,MRP Processing,2026-07-14T20:09:36.211764+00:00,2026-07-15T20:09:36.211764+00:00,COMPLETED,,synthetic
3085,PR,445,PR_CREATED,PR Created,2026-07-15T20:09:36.211764+00:00,2026-07-15T20:09:36.211764+00:00,COMPLETED,24,synthetic
3086,PR,445,RFQ,RFQ,2026-07-16T20:09:36.211764+00:00,2026-07-26T20:09:36.211764+00:00,COMPLETED,24,synthetic
3087,PR,445,ARIBA,Ariba Event,2026-07-27T20:09:36.211764+00:00,2026-08-11T20:09:36.211764+00:00,COMPLETED,24,synthetic
3088,PR,445,AUCTION,Auction,2026-08-12T08:09:36.211764+00:00,2026-08-12T11:09:36.211764+00:00,COMPLETED,24,synthetic
3089,PR,445,PO_CREATED,PO Created,2026-08-13T11:09:36.211764+00:00,2026-08-13T11:09:36.211764+00:00,COMPLETED,24,synthetic
3090,RR,524,RR_CREATED,RR Created,2026-06-23T00:09:36.211764+00:00,2026-06-23T00:09:36.211764+00:00,COMPLETED,5,synthetic
3091,RR,524,DOA,DOA Approval,2026-06-23T00:09:36.211764+00:00,,IN_PROGRESS,2,synthetic
3092,RR,525,RR_CREATED,RR Created,2026-03-15T12:09:36.211764+00:00,2026-03-15T12:09:36.211764+00:00,COMPLETED,9,synthetic
3093,RR,525,DOA,DOA Approval,2026-03-15T12:09:36.211764+00:00,2026-03-17T12:09:36.211764+00:00,COMPLETED,3,synthetic
3094,RR,525,MRP,MRP Processing,2026-03-17T12:09:36.211764+00:00,2026-03-18T12:09:36.211764+00:00,COMPLETED,,synthetic
3095,PR,446,PR_CREATED,PR Created,2026-03-18T12:09:36.211764+00:00,2026-03-18T12:09:36.211764+00:00,COMPLETED,13,synthetic
3096,PR,446,RFQ,RFQ,2026-03-19T12:09:36.211764+00:00,2026-03-28T12:09:36.211764+00:00,COMPLETED,13,synthetic
3097,PR,446,ARIBA,Ariba Event,2026-03-29T12:09:36.211764+00:00,2026-04-02T12:09:36.211764+00:00,COMPLETED,13,synthetic
3098,PR,446,AUCTION,Auction,2026-04-02T20:09:36.211764+00:00,2026-04-03T04:09:36.211764+00:00,COMPLETED,13,synthetic
3099,PR,446,PO_CREATED,PO Created,2026-04-04T04:09:36.211764+00:00,2026-04-04T04:09:36.211764+00:00,COMPLETED,13,synthetic
3100,RR,526,RR_CREATED,RR Created,2026-08-02T06:09:36.211764+00:00,2026-08-02T06:09:36.211764+00:00,COMPLETED,4,synthetic
3101,RR,526,DOA,DOA Approval,2026-08-02T06:09:36.211764+00:00,2026-08-04T06:09:36.211764+00:00,COMPLETED,2,synthetic
3102,RR,526,MRP,MRP Processing,2026-08-04T06:09:36.211764+00:00,2026-08-06T06:09:36.211764+00:00,COMPLETED,,synthetic
3103,PR,447,PR_CREATED,PR Created,2026-08-06T06:09:36.211764+00:00,2026-08-06T06:09:36.211764+00:00,COMPLETED,12,synthetic
3104,PR,447,RFQ,RFQ,2026-08-07T06:09:36.211764+00:00,2026-08-15T06:09:36.211764+00:00,COMPLETED,12,synthetic
3105,PR,447,PO_CREATED,PO Created,2026-08-16T06:09:36.211764+00:00,2026-08-16T06:09:36.211764+00:00,COMPLETED,12,synthetic
3106,RR,527,RR_CREATED,RR Created,2026-06-27T10:09:36.211764+00:00,2026-06-27T10:09:36.211764+00:00,COMPLETED,16,synthetic
3107,RR,527,DOA,DOA Approval,2026-06-27T10:09:36.211764+00:00,2026-06-29T10:09:36.211764+00:00,COMPLETED,15,synthetic
3108,RR,527,MRP,MRP Processing,2026-06-29T10:09:36.211764+00:00,2026-07-01T10:09:36.211764+00:00,COMPLETED,,synthetic
3109,PR,448,PR_CREATED,PR Created,2026-07-01T10:09:36.211764+00:00,2026-07-01T10:09:36.211764+00:00,COMPLETED,24,synthetic
3110,PR,448,RFQ,RFQ,2026-07-02T10:09:36.211764+00:00,2026-07-10T10:09:36.211764+00:00,COMPLETED,24,synthetic
3111,PR,448,ARIBA,Ariba Event,2026-07-11T10:09:36.211764+00:00,2026-08-04T10:09:36.211764+00:00,COMPLETED,24,synthetic
3112,PR,448,AUCTION,Auction,2026-08-05T00:09:36.211764+00:00,2026-08-05T08:09:36.211764+00:00,COMPLETED,24,synthetic
3113,PR,448,NFA,NFA Approval,2026-08-06T08:09:36.211764+00:00,2026-08-10T08:09:36.211764+00:00,COMPLETED,15,synthetic
3114,PR,448,PO_CREATED,PO Created,2026-08-11T08:09:36.211764+00:00,2026-08-11T08:09:36.211764+00:00,COMPLETED,24,synthetic
3115,RR,528,RR_CREATED,RR Created,2026-02-15T19:09:36.211764+00:00,2026-02-15T19:09:36.211764+00:00,COMPLETED,13,synthetic
3116,RR,528,DOA,DOA Approval,2026-02-15T19:09:36.211764+00:00,2026-03-19T19:09:36.211764+00:00,COMPLETED,15,synthetic
3117,RR,528,MRP,MRP Processing,2026-03-19T19:09:36.211764+00:00,2026-03-20T19:09:36.211764+00:00,COMPLETED,,synthetic
3118,PR,449,PR_CREATED,PR Created,2026-03-20T19:09:36.211764+00:00,2026-03-20T19:09:36.211764+00:00,COMPLETED,13,synthetic
3119,PR,449,RFQ,RFQ,2026-03-21T19:09:36.211764+00:00,2026-03-27T19:09:36.211764+00:00,COMPLETED,13,synthetic
3120,PR,449,NFA,NFA Approval,2026-03-28T19:09:36.211764+00:00,2026-03-31T19:09:36.211764+00:00,COMPLETED,3,synthetic
3121,PR,449,PO_CREATED,PO Created,2026-04-01T19:09:36.211764+00:00,2026-04-01T19:09:36.211764+00:00,COMPLETED,13,synthetic
3122,RR,529,RR_CREATED,RR Created,2026-07-15T15:09:36.211764+00:00,2026-07-15T15:09:36.211764+00:00,COMPLETED,7,synthetic
3123,RR,529,DOA,DOA Approval,2026-07-15T15:09:36.211764+00:00,2026-07-19T15:09:36.211764+00:00,COMPLETED,3,synthetic
3124,RR,529,MRP,MRP Processing,2026-07-19T15:09:36.211764+00:00,2026-07-21T15:09:36.211764+00:00,COMPLETED,,synthetic
3125,PR,450,PR_CREATED,PR Created,2026-07-21T15:09:36.211764+00:00,2026-07-21T15:09:36.211764+00:00,COMPLETED,24,synthetic
3126,PR,450,NFA,NFA Approval,2026-07-22T15:09:36.211764+00:00,2026-07-25T15:09:36.211764+00:00,COMPLETED,3,synthetic
3127,PR,450,PO_CREATED,PO Created,2026-07-26T15:09:36.211764+00:00,2026-07-26T15:09:36.211764+00:00,COMPLETED,24,synthetic
3128,RR,530,RR_CREATED,RR Created,2026-06-10T08:09:36.211764+00:00,2026-06-10T08:09:36.211764+00:00,COMPLETED,13,synthetic
3129,RR,530,DOA,DOA Approval,2026-06-10T08:09:36.211764+00:00,2026-06-14T08:09:36.211764+00:00,COMPLETED,2,synthetic
3130,RR,530,MRP,MRP Processing,2026-06-14T08:09:36.211764+00:00,2026-06-16T08:09:36.211764+00:00,COMPLETED,,synthetic
3131,PR,451,PR_CREATED,PR Created,2026-06-16T08:09:36.211764+00:00,2026-06-16T08:09:36.211764+00:00,COMPLETED,13,synthetic
3132,RR,531,RR_CREATED,RR Created,2026-01-04T20:09:36.211764+00:00,2026-01-04T20:09:36.211764+00:00,COMPLETED,2,synthetic
3133,RR,531,DOA,DOA Approval,2026-01-04T20:09:36.211764+00:00,2026-01-07T20:09:36.211764+00:00,COMPLETED,15,synthetic
3134,RR,531,MRP,MRP Processing,2026-01-07T20:09:36.211764+00:00,2026-01-09T20:09:36.211764+00:00,COMPLETED,,synthetic
3135,PR,452,PR_CREATED,PR Created,2026-01-09T20:09:36.211764+00:00,2026-01-09T20:09:36.211764+00:00,COMPLETED,24,synthetic
3136,PR,452,NFA,NFA Approval,2026-01-10T20:09:36.211764+00:00,2026-01-12T20:09:36.211764+00:00,COMPLETED,15,synthetic
3137,PR,452,PO_CREATED,PO Created,2026-01-13T20:09:36.211764+00:00,2026-01-13T20:09:36.211764+00:00,COMPLETED,24,synthetic
3138,RR,532,RR_CREATED,RR Created,2026-07-14T05:09:36.211764+00:00,2026-07-14T05:09:36.211764+00:00,COMPLETED,23,synthetic
3139,RR,532,DOA,DOA Approval,2026-07-14T05:09:36.211764+00:00,2026-07-18T05:09:36.211764+00:00,COMPLETED,2,synthetic
3140,RR,532,MRP,MRP Processing,2026-07-18T05:09:36.211764+00:00,2026-07-19T05:09:36.211764+00:00,COMPLETED,,synthetic
3141,PR,453,PR_CREATED,PR Created,2026-07-19T05:09:36.211764+00:00,2026-07-19T05:09:36.211764+00:00,COMPLETED,12,synthetic
3142,PR,453,PO_CREATED,PO Created,2026-07-20T05:09:36.211764+00:00,2026-07-20T05:09:36.211764+00:00,COMPLETED,12,synthetic
3143,RR,533,RR_CREATED,RR Created,2026-07-05T08:09:36.211764+00:00,2026-07-05T08:09:36.211764+00:00,COMPLETED,19,synthetic
3144,RR,533,DOA,DOA Approval,2026-07-05T08:09:36.211764+00:00,2026-07-09T08:09:36.211764+00:00,COMPLETED,2,synthetic
3145,RR,533,MRP,MRP Processing,2026-07-09T08:09:36.211764+00:00,2026-07-11T08:09:36.211764+00:00,COMPLETED,,synthetic
3146,PR,454,PR_CREATED,PR Created,2026-07-11T08:09:36.211764+00:00,2026-07-11T08:09:36.211764+00:00,COMPLETED,24,synthetic
3147,PR,454,RFQ,RFQ,2026-07-12T08:09:36.211764+00:00,2026-07-19T08:09:36.211764+00:00,COMPLETED,24,synthetic
3148,PR,454,NFA,NFA Approval,2026-07-20T08:09:36.211764+00:00,2026-07-25T08:09:36.211764+00:00,REJECTED,15,synthetic
3149,RR,534,RR_CREATED,RR Created,2026-07-24T05:09:36.211764+00:00,2026-07-24T05:09:36.211764+00:00,COMPLETED,14,synthetic
3150,RR,534,DOA,DOA Approval,2026-07-24T05:09:36.211764+00:00,2026-07-26T05:09:36.211764+00:00,COMPLETED,3,synthetic
3151,RR,534,MRP,MRP Processing,2026-07-26T05:09:36.211764+00:00,2026-07-28T05:09:36.211764+00:00,COMPLETED,,synthetic
3152,PR,455,PR_CREATED,PR Created,2026-07-28T05:09:36.211764+00:00,2026-07-28T05:09:36.211764+00:00,COMPLETED,13,synthetic
3153,PR,455,RFQ,RFQ,2026-07-29T05:09:36.211764+00:00,2026-08-03T05:09:36.211764+00:00,COMPLETED,13,synthetic
3154,PR,455,PO_CREATED,PO Created,2026-08-04T05:09:36.211764+00:00,2026-08-04T05:09:36.211764+00:00,COMPLETED,13,synthetic
3155,RR,535,RR_CREATED,RR Created,2026-01-10T08:09:36.211764+00:00,2026-01-10T08:09:36.211764+00:00,COMPLETED,6,synthetic
3156,RR,535,DOA,DOA Approval,2026-01-10T08:09:36.211764+00:00,2026-01-12T08:09:36.211764+00:00,COMPLETED,2,synthetic
3157,RR,535,MRP,MRP Processing,2026-01-12T08:09:36.211764+00:00,2026-01-13T08:09:36.211764+00:00,COMPLETED,,synthetic
3158,PR,456,PR_CREATED,PR Created,2026-01-13T08:09:36.211764+00:00,2026-01-13T08:09:36.211764+00:00,COMPLETED,5,synthetic
3159,PR,456,RFQ,RFQ,2026-01-14T08:09:36.211764+00:00,2026-02-18T08:09:36.211764+00:00,COMPLETED,5,synthetic
3160,PR,456,ARIBA,Ariba Event,2026-02-19T08:09:36.211764+00:00,2026-02-25T08:09:36.211764+00:00,COMPLETED,5,synthetic
3161,PR,456,AUCTION,Auction,2026-02-25T14:09:36.211764+00:00,2026-02-25T16:09:36.211764+00:00,COMPLETED,5,synthetic
3162,PR,456,PO_CREATED,PO Created,2026-02-26T16:09:36.211764+00:00,2026-02-26T16:09:36.211764+00:00,COMPLETED,5,synthetic
3163,RR,536,RR_CREATED,RR Created,2026-01-21T20:09:36.211764+00:00,2026-01-21T20:09:36.211764+00:00,COMPLETED,6,synthetic
3164,RR,536,DOA,DOA Approval,2026-01-21T20:09:36.211764+00:00,2026-01-24T20:09:36.211764+00:00,COMPLETED,15,synthetic
3165,RR,536,MRP,MRP Processing,2026-01-24T20:09:36.211764+00:00,2026-01-26T20:09:36.211764+00:00,COMPLETED,,synthetic
3166,PR,457,PR_CREATED,PR Created,2026-01-26T20:09:36.211764+00:00,2026-01-26T20:09:36.211764+00:00,COMPLETED,13,synthetic
3167,PR,457,RFQ,RFQ,2026-01-27T20:09:36.211764+00:00,2026-02-06T20:09:36.211764+00:00,COMPLETED,13,synthetic
3168,PR,457,ARIBA,Ariba Event,2026-02-07T20:09:36.211764+00:00,2026-02-11T20:09:36.211764+00:00,COMPLETED,13,synthetic
3169,PR,457,AUCTION,Auction,2026-02-12T05:09:36.211764+00:00,2026-02-12T09:09:36.211764+00:00,COMPLETED,13,synthetic
3170,PR,457,NFA,NFA Approval,2026-02-13T09:09:36.211764+00:00,2026-02-18T09:09:36.211764+00:00,COMPLETED,3,synthetic
3171,PR,457,PO_CREATED,PO Created,2026-02-19T09:09:36.211764+00:00,2026-02-19T09:09:36.211764+00:00,COMPLETED,13,synthetic
3172,RR,537,RR_CREATED,RR Created,2026-06-12T15:09:36.211764+00:00,2026-06-12T15:09:36.211764+00:00,COMPLETED,19,synthetic
3173,RR,537,DOA,DOA Approval,2026-06-12T15:09:36.211764+00:00,2026-07-14T15:09:36.211764+00:00,COMPLETED,2,synthetic
3174,RR,537,MRP,MRP Processing,2026-07-14T15:09:36.211764+00:00,2026-07-16T15:09:36.211764+00:00,COMPLETED,,synthetic
3175,PR,458,PR_CREATED,PR Created,2026-07-16T15:09:36.211764+00:00,2026-07-16T15:09:36.211764+00:00,COMPLETED,5,synthetic
3176,PR,458,RFQ,RFQ,2026-07-17T15:09:36.211764+00:00,2026-07-26T15:09:36.211764+00:00,COMPLETED,5,synthetic
3177,PR,458,NFA,NFA Approval,2026-07-27T15:09:36.211764+00:00,2026-07-31T15:09:36.211764+00:00,COMPLETED,3,synthetic
3178,PR,458,PO_CREATED,PO Created,2026-08-01T15:09:36.211764+00:00,2026-08-01T15:09:36.211764+00:00,COMPLETED,5,synthetic
3179,RR,538,RR_CREATED,RR Created,2026-08-03T00:09:36.211764+00:00,2026-08-03T00:09:36.211764+00:00,COMPLETED,23,synthetic
3180,RR,538,DOA,DOA Approval,2026-08-03T00:09:36.211764+00:00,2026-08-06T00:09:36.211764+00:00,COMPLETED,2,synthetic
3181,RR,538,MRP,MRP Processing,2026-08-06T00:09:36.211764+00:00,2026-08-09T00:09:36.211764+00:00,COMPLETED,,synthetic
3182,PR,459,PR_CREATED,PR Created,2026-08-09T00:09:36.211764+00:00,2026-08-09T00:09:36.211764+00:00,COMPLETED,12,synthetic
3183,PR,459,RFQ,RFQ,2026-08-10T00:09:36.211764+00:00,2026-08-16T00:09:36.211764+00:00,COMPLETED,12,synthetic
3184,PR,459,ARIBA,Ariba Event,2026-08-17T00:09:36.211764+00:00,2026-08-21T00:09:36.211764+00:00,COMPLETED,12,synthetic
3185,PR,459,NFA,NFA Approval,2026-08-22T00:09:36.211764+00:00,,IN_PROGRESS,3,synthetic
3186,RR,539,RR_CREATED,RR Created,2026-07-29T12:09:36.211764+00:00,2026-07-29T12:09:36.211764+00:00,COMPLETED,15,synthetic
3187,RR,539,DOA,DOA Approval,2026-07-29T12:09:36.211764+00:00,2026-08-01T12:09:36.211764+00:00,COMPLETED,15,synthetic
3188,RR,539,MRP,MRP Processing,2026-08-01T12:09:36.211764+00:00,2026-08-04T12:09:36.211764+00:00,COMPLETED,,synthetic
3189,PR,460,PR_CREATED,PR Created,2026-08-04T12:09:36.211764+00:00,2026-08-04T12:09:36.211764+00:00,COMPLETED,24,synthetic
3190,PR,460,RFQ,RFQ,2026-08-05T12:09:36.211764+00:00,,IN_PROGRESS,24,synthetic
3191,RR,540,RR_CREATED,RR Created,2026-01-20T15:09:36.211764+00:00,2026-01-20T15:09:36.211764+00:00,COMPLETED,23,synthetic
3192,RR,540,DOA,DOA Approval,2026-01-20T15:09:36.211764+00:00,2026-01-23T15:09:36.211764+00:00,COMPLETED,15,synthetic
3193,RR,540,MRP,MRP Processing,2026-01-23T15:09:36.211764+00:00,2026-01-24T15:09:36.211764+00:00,COMPLETED,,synthetic
3194,PR,461,PR_CREATED,PR Created,2026-01-24T15:09:36.211764+00:00,2026-01-24T15:09:36.211764+00:00,COMPLETED,5,synthetic
3195,PR,461,RFQ,RFQ,2026-01-25T15:09:36.211764+00:00,2026-01-30T15:09:36.211764+00:00,COMPLETED,5,synthetic
3196,PR,461,ARIBA,Ariba Event,2026-01-31T15:09:36.211764+00:00,2026-02-05T15:09:36.211764+00:00,COMPLETED,5,synthetic
3197,PR,461,PO_CREATED,PO Created,2026-02-06T15:09:36.211764+00:00,2026-02-06T15:09:36.211764+00:00,COMPLETED,5,synthetic
3198,RR,541,RR_CREATED,RR Created,2026-06-27T18:09:36.211764+00:00,2026-06-27T18:09:36.211764+00:00,COMPLETED,6,synthetic
3199,RR,541,DOA,DOA Approval,2026-06-27T18:09:36.211764+00:00,2026-06-29T18:09:36.211764+00:00,COMPLETED,2,synthetic
3200,RR,541,MRP,MRP Processing,2026-06-29T18:09:36.211764+00:00,2026-07-02T18:09:36.211764+00:00,COMPLETED,,synthetic
3201,PR,462,PR_CREATED,PR Created,2026-07-02T18:09:36.211764+00:00,2026-07-02T18:09:36.211764+00:00,COMPLETED,12,synthetic
3202,PR,462,RFQ,RFQ,2026-07-03T18:09:36.211764+00:00,2026-07-08T18:09:36.211764+00:00,COMPLETED,12,synthetic
3203,PR,462,ARIBA,Ariba Event,2026-07-09T18:09:36.211764+00:00,2026-07-13T18:09:36.211764+00:00,COMPLETED,12,synthetic
3204,PR,462,AUCTION,Auction,2026-07-14T13:09:36.211764+00:00,2026-07-14T20:09:36.211764+00:00,COMPLETED,12,synthetic
3205,PR,462,NFA,NFA Approval,2026-07-15T20:09:36.211764+00:00,2026-07-18T20:09:36.211764+00:00,COMPLETED,15,synthetic
3206,PR,462,PO_CREATED,PO Created,2026-07-19T20:09:36.211764+00:00,2026-07-19T20:09:36.211764+00:00,COMPLETED,12,synthetic
3207,RR,542,RR_CREATED,RR Created,2026-02-06T12:09:36.211764+00:00,2026-02-06T12:09:36.211764+00:00,COMPLETED,21,synthetic
3208,RR,542,DOA,DOA Approval,2026-02-06T12:09:36.211764+00:00,2026-02-07T12:09:36.211764+00:00,COMPLETED,2,synthetic
3209,RR,542,MRP,MRP Processing,2026-02-07T12:09:36.211764+00:00,2026-02-10T12:09:36.211764+00:00,COMPLETED,,synthetic
3210,PR,463,PR_CREATED,PR Created,2026-02-10T12:09:36.211764+00:00,2026-02-10T12:09:36.211764+00:00,COMPLETED,13,synthetic
3211,PR,463,RFQ,RFQ,2026-02-11T12:09:36.211764+00:00,2026-03-25T12:09:36.211764+00:00,COMPLETED,13,synthetic
3212,PR,463,ARIBA,Ariba Event,2026-03-26T12:09:36.211764+00:00,2026-04-02T12:09:36.211764+00:00,COMPLETED,13,synthetic
3213,PR,463,AUCTION,Auction,2026-04-03T00:09:36.211764+00:00,2026-04-03T06:09:36.211764+00:00,COMPLETED,13,synthetic
3214,PR,463,NFA,NFA Approval,2026-04-04T06:09:36.211764+00:00,2026-04-08T06:09:36.211764+00:00,COMPLETED,15,synthetic
3215,PR,463,PO_CREATED,PO Created,2026-04-09T06:09:36.211764+00:00,2026-04-09T06:09:36.211764+00:00,COMPLETED,13,synthetic
3216,RR,543,RR_CREATED,RR Created,2026-04-26T02:09:36.211764+00:00,2026-04-26T02:09:36.211764+00:00,COMPLETED,9,synthetic
3217,RR,543,DOA,DOA Approval,2026-04-26T02:09:36.211764+00:00,2026-04-27T02:09:36.211764+00:00,COMPLETED,15,synthetic
3218,RR,543,MRP,MRP Processing,2026-04-27T02:09:36.211764+00:00,2026-04-29T02:09:36.211764+00:00,COMPLETED,,synthetic
3219,PR,464,PR_CREATED,PR Created,2026-04-29T02:09:36.211764+00:00,2026-04-29T02:09:36.211764+00:00,COMPLETED,24,synthetic
3220,PR,464,RFQ,RFQ,2026-04-30T02:09:36.211764+00:00,2026-05-10T02:09:36.211764+00:00,COMPLETED,24,synthetic
3221,PR,464,NFA,NFA Approval,2026-05-11T02:09:36.211764+00:00,2026-06-01T02:09:36.211764+00:00,COMPLETED,3,synthetic
3222,PR,464,PO_CREATED,PO Created,2026-06-02T02:09:36.211764+00:00,2026-06-02T02:09:36.211764+00:00,COMPLETED,24,synthetic
3223,RR,544,RR_CREATED,RR Created,2026-07-13T00:09:36.211764+00:00,2026-07-13T00:09:36.211764+00:00,COMPLETED,6,synthetic
3224,RR,544,DOA,DOA Approval,2026-07-13T00:09:36.211764+00:00,2026-07-15T00:09:36.211764+00:00,COMPLETED,3,synthetic
3225,RR,544,MRP,MRP Processing,2026-07-15T00:09:36.211764+00:00,2026-07-18T00:09:36.211764+00:00,COMPLETED,,synthetic
3226,PR,465,PR_CREATED,PR Created,2026-07-18T00:09:36.211764+00:00,2026-07-18T00:09:36.211764+00:00,COMPLETED,5,synthetic
3227,PR,465,RFQ,RFQ,2026-07-19T00:09:36.211764+00:00,2026-07-24T00:09:36.211764+00:00,COMPLETED,5,synthetic
3228,PR,465,ARIBA,Ariba Event,2026-07-25T00:09:36.211764+00:00,2026-08-01T00:09:36.211764+00:00,COMPLETED,5,synthetic
3229,PR,465,PO_CREATED,PO Created,2026-08-02T00:09:36.211764+00:00,2026-08-02T00:09:36.211764+00:00,COMPLETED,5,synthetic
3230,RR,545,RR_CREATED,RR Created,2026-03-25T19:09:36.211764+00:00,2026-03-25T19:09:36.211764+00:00,COMPLETED,6,synthetic
3231,RR,545,DOA,DOA Approval,2026-03-25T19:09:36.211764+00:00,2026-03-27T19:09:36.211764+00:00,COMPLETED,3,synthetic
3232,RR,545,MRP,MRP Processing,2026-03-27T19:09:36.211764+00:00,2026-03-28T19:09:36.211764+00:00,COMPLETED,,synthetic
3233,PR,466,PR_CREATED,PR Created,2026-03-28T19:09:36.211764+00:00,2026-03-28T19:09:36.211764+00:00,COMPLETED,13,synthetic
3234,PR,466,RFQ,RFQ,2026-03-29T19:09:36.211764+00:00,2026-04-06T19:09:36.211764+00:00,COMPLETED,13,synthetic
3235,PR,466,ARIBA,Ariba Event,2026-04-07T19:09:36.211764+00:00,2026-04-14T19:09:36.211764+00:00,COMPLETED,13,synthetic
3236,PR,466,AUCTION,Auction,2026-04-15T12:09:36.211764+00:00,2026-04-15T14:09:36.211764+00:00,COMPLETED,13,synthetic
3237,PR,466,PO_CREATED,PO Created,2026-04-16T14:09:36.211764+00:00,2026-04-16T14:09:36.211764+00:00,COMPLETED,13,synthetic
3238,RR,546,RR_CREATED,RR Created,2026-08-01T18:09:36.211764+00:00,2026-08-01T18:09:36.211764+00:00,COMPLETED,20,synthetic
3239,RR,546,DOA,DOA Approval,2026-08-01T18:09:36.211764+00:00,2026-08-03T18:09:36.211764+00:00,COMPLETED,2,synthetic
3240,RR,546,MRP,MRP Processing,2026-08-03T18:09:36.211764+00:00,2026-08-06T18:09:36.211764+00:00,COMPLETED,,synthetic
3241,PR,467,PR_CREATED,PR Created,2026-08-06T18:09:36.211764+00:00,2026-08-06T18:09:36.211764+00:00,COMPLETED,24,synthetic
3242,PR,467,PO_CREATED,PO Created,2026-08-07T18:09:36.211764+00:00,2026-08-07T18:09:36.211764+00:00,COMPLETED,24,synthetic
3243,RR,547,RR_CREATED,RR Created,2025-12-01T06:09:36.211764+00:00,2025-12-01T06:09:36.211764+00:00,COMPLETED,16,synthetic
3244,RR,547,DOA,DOA Approval,2025-12-01T06:09:36.211764+00:00,2025-12-02T06:09:36.211764+00:00,COMPLETED,2,synthetic
3245,RR,547,MRP,MRP Processing,2025-12-02T06:09:36.211764+00:00,2025-12-05T06:09:36.211764+00:00,COMPLETED,,synthetic
3246,PR,468,PR_CREATED,PR Created,2025-12-05T06:09:36.211764+00:00,2025-12-05T06:09:36.211764+00:00,COMPLETED,12,synthetic
3247,PR,468,NFA,NFA Approval,2025-12-06T06:09:36.211764+00:00,2025-12-09T06:09:36.211764+00:00,COMPLETED,15,synthetic
3248,PR,468,PO_CREATED,PO Created,2025-12-10T06:09:36.211764+00:00,2025-12-10T06:09:36.211764+00:00,COMPLETED,12,synthetic
3249,RR,548,RR_CREATED,RR Created,2026-03-15T12:09:36.211764+00:00,2026-03-15T12:09:36.211764+00:00,COMPLETED,13,synthetic
3250,RR,548,DOA,DOA Approval,2026-03-15T12:09:36.211764+00:00,2026-03-19T12:09:36.211764+00:00,COMPLETED,2,synthetic
3251,RR,548,MRP,MRP Processing,2026-03-19T12:09:36.211764+00:00,2026-03-22T12:09:36.211764+00:00,COMPLETED,,synthetic
3252,PR,469,PR_CREATED,PR Created,2026-03-22T12:09:36.211764+00:00,2026-03-22T12:09:36.211764+00:00,COMPLETED,5,synthetic
3253,PR,469,RFQ,RFQ,2026-03-23T12:09:36.211764+00:00,2026-03-28T12:09:36.211764+00:00,COMPLETED,5,synthetic
3254,PR,469,PO_CREATED,PO Created,2026-03-29T12:09:36.211764+00:00,2026-03-29T12:09:36.211764+00:00,COMPLETED,5,synthetic
3255,RR,549,RR_CREATED,RR Created,2026-06-29T11:09:36.211764+00:00,2026-06-29T11:09:36.211764+00:00,COMPLETED,18,synthetic
3256,RR,549,DOA,DOA Approval,2026-06-29T11:09:36.211764+00:00,2026-07-01T11:09:36.211764+00:00,COMPLETED,3,synthetic
3257,RR,549,MRP,MRP Processing,2026-07-01T11:09:36.211764+00:00,2026-07-02T11:09:36.211764+00:00,COMPLETED,,synthetic
3258,PR,470,PR_CREATED,PR Created,2026-07-02T11:09:36.211764+00:00,2026-07-02T11:09:36.211764+00:00,COMPLETED,24,synthetic
3259,PR,470,RFQ,RFQ,2026-07-03T11:09:36.211764+00:00,2026-07-10T11:09:36.211764+00:00,COMPLETED,24,synthetic
3260,PR,470,NFA,NFA Approval,2026-07-11T11:09:36.211764+00:00,2026-07-27T11:09:36.211764+00:00,COMPLETED,3,synthetic
3261,PR,470,PO_CREATED,PO Created,2026-07-28T11:09:36.211764+00:00,2026-07-28T11:09:36.211764+00:00,COMPLETED,24,synthetic
3262,RR,550,RR_CREATED,RR Created,2025-12-19T08:09:36.211764+00:00,2025-12-19T08:09:36.211764+00:00,COMPLETED,2,synthetic
3263,RR,550,DOA,DOA Approval,2025-12-19T08:09:36.211764+00:00,2025-12-21T08:09:36.211764+00:00,COMPLETED,2,synthetic
3264,RR,550,MRP,MRP Processing,2025-12-21T08:09:36.211764+00:00,2025-12-23T08:09:36.211764+00:00,COMPLETED,,synthetic
3265,PR,471,PR_CREATED,PR Created,2025-12-23T08:09:36.211764+00:00,2025-12-23T08:09:36.211764+00:00,COMPLETED,13,synthetic
3266,PR,471,NFA,NFA Approval,2025-12-24T08:09:36.211764+00:00,2025-12-29T08:09:36.211764+00:00,COMPLETED,3,synthetic
3267,PR,471,PO_CREATED,PO Created,2025-12-30T08:09:36.211764+00:00,2025-12-30T08:09:36.211764+00:00,COMPLETED,13,synthetic
3268,RR,551,RR_CREATED,RR Created,2026-05-07T06:09:36.211764+00:00,2026-05-07T06:09:36.211764+00:00,COMPLETED,8,synthetic
3269,RR,551,DOA,DOA Approval,2026-05-07T06:09:36.211764+00:00,,IN_PROGRESS,2,synthetic
3270,RR,552,RR_CREATED,RR Created,2026-02-11T12:09:36.211764+00:00,2026-02-11T12:09:36.211764+00:00,COMPLETED,19,synthetic
3271,RR,552,DOA,DOA Approval,2026-02-11T12:09:36.211764+00:00,2026-02-12T12:09:36.211764+00:00,COMPLETED,2,synthetic
3272,RR,552,MRP,MRP Processing,2026-02-12T12:09:36.211764+00:00,2026-02-14T12:09:36.211764+00:00,COMPLETED,,synthetic
3273,PR,472,PR_CREATED,PR Created,2026-02-14T12:09:36.211764+00:00,2026-02-14T12:09:36.211764+00:00,COMPLETED,12,synthetic
3274,PR,472,NFA,NFA Approval,2026-02-15T12:09:36.211764+00:00,2026-02-19T12:09:36.211764+00:00,COMPLETED,15,synthetic
3275,PR,472,PO_CREATED,PO Created,2026-02-20T12:09:36.211764+00:00,2026-02-20T12:09:36.211764+00:00,COMPLETED,12,synthetic
3276,RR,553,RR_CREATED,RR Created,2025-12-07T14:09:36.211764+00:00,2025-12-07T14:09:36.211764+00:00,COMPLETED,11,synthetic
3277,RR,553,DOA,DOA Approval,2025-12-07T14:09:36.211764+00:00,2025-12-10T14:09:36.211764+00:00,COMPLETED,2,synthetic
3278,RR,553,MRP,MRP Processing,2025-12-10T14:09:36.211764+00:00,2025-12-13T14:09:36.211764+00:00,COMPLETED,,synthetic
3279,PR,473,PR_CREATED,PR Created,2025-12-13T14:09:36.211764+00:00,2025-12-13T14:09:36.211764+00:00,COMPLETED,13,synthetic
3280,PR,473,RFQ,RFQ,2025-12-14T14:09:36.211764+00:00,2025-12-23T14:09:36.211764+00:00,COMPLETED,13,synthetic
3281,PR,473,ARIBA,Ariba Event,2025-12-24T14:09:36.211764+00:00,2025-12-28T14:09:36.211764+00:00,COMPLETED,13,synthetic
3282,PR,473,AUCTION,Auction,2025-12-29T03:09:36.211764+00:00,2025-12-29T07:09:36.211764+00:00,COMPLETED,13,synthetic
3283,PR,473,PO_CREATED,PO Created,2025-12-30T07:09:36.211764+00:00,2025-12-30T07:09:36.211764+00:00,COMPLETED,13,synthetic
3284,RR,554,RR_CREATED,RR Created,2026-03-17T00:09:36.211764+00:00,2026-03-17T00:09:36.211764+00:00,COMPLETED,14,synthetic
3285,RR,554,DOA,DOA Approval,2026-03-17T00:09:36.211764+00:00,2026-04-08T00:09:36.211764+00:00,COMPLETED,15,synthetic
3286,RR,554,MRP,MRP Processing,2026-04-08T00:09:36.211764+00:00,2026-04-09T00:09:36.211764+00:00,COMPLETED,,synthetic
3287,PR,474,PR_CREATED,PR Created,2026-04-09T00:09:36.211764+00:00,2026-04-09T00:09:36.211764+00:00,COMPLETED,24,synthetic
3288,PR,474,RFQ,RFQ,2026-04-10T00:09:36.211764+00:00,2026-04-17T00:09:36.211764+00:00,COMPLETED,24,synthetic
3289,PR,474,ARIBA,Ariba Event,2026-04-18T00:09:36.211764+00:00,2026-04-24T00:09:36.211764+00:00,COMPLETED,24,synthetic
3290,PR,474,NFA,NFA Approval,2026-04-25T00:09:36.211764+00:00,2026-04-29T00:09:36.211764+00:00,COMPLETED,15,synthetic
3291,PR,474,PO_CREATED,PO Created,2026-04-30T00:09:36.211764+00:00,2026-04-30T00:09:36.211764+00:00,COMPLETED,24,synthetic
3292,RR,555,RR_CREATED,RR Created,2026-04-29T12:09:36.211764+00:00,2026-04-29T12:09:36.211764+00:00,COMPLETED,21,synthetic
3293,RR,555,DOA,DOA Approval,2026-04-29T12:09:36.211764+00:00,2026-05-03T12:09:36.211764+00:00,COMPLETED,15,synthetic
3294,RR,555,MRP,MRP Processing,2026-05-03T12:09:36.211764+00:00,2026-05-05T12:09:36.211764+00:00,COMPLETED,,synthetic
3295,PR,475,PR_CREATED,PR Created,2026-05-05T12:09:36.211764+00:00,2026-05-05T12:09:36.211764+00:00,COMPLETED,24,synthetic
3296,PR,475,RFQ,RFQ,2026-05-06T12:09:36.211764+00:00,2026-05-14T12:09:36.211764+00:00,COMPLETED,24,synthetic
3297,PR,475,ARIBA,Ariba Event,2026-05-15T12:09:36.211764+00:00,2026-05-20T12:09:36.211764+00:00,COMPLETED,24,synthetic
3298,PR,475,NFA,NFA Approval,2026-05-21T12:09:36.211764+00:00,2026-05-25T12:09:36.211764+00:00,COMPLETED,3,synthetic
3299,PR,475,PO_CREATED,PO Created,2026-05-26T12:09:36.211764+00:00,2026-05-26T12:09:36.211764+00:00,COMPLETED,24,synthetic
3300,RR,556,RR_CREATED,RR Created,2026-07-10T04:09:36.211764+00:00,2026-07-10T04:09:36.211764+00:00,COMPLETED,14,synthetic
3301,RR,556,DOA,DOA Approval,2026-07-10T04:09:36.211764+00:00,2026-07-13T04:09:36.211764+00:00,COMPLETED,2,synthetic
3302,RR,556,MRP,MRP Processing,2026-07-13T04:09:36.211764+00:00,2026-07-15T04:09:36.211764+00:00,COMPLETED,,synthetic
3303,PR,476,PR_CREATED,PR Created,2026-07-15T04:09:36.211764+00:00,2026-07-15T04:09:36.211764+00:00,COMPLETED,5,synthetic
3304,PR,476,RFQ,RFQ,2026-07-16T04:09:36.211764+00:00,2026-07-23T04:09:36.211764+00:00,COMPLETED,5,synthetic
3305,PR,476,NFA,NFA Approval,2026-07-24T04:09:36.211764+00:00,2026-08-09T04:09:36.211764+00:00,COMPLETED,3,synthetic
3306,PR,476,PO_CREATED,PO Created,2026-08-10T04:09:36.211764+00:00,2026-08-10T04:09:36.211764+00:00,COMPLETED,5,synthetic
3307,RR,557,RR_CREATED,RR Created,2026-08-18T20:09:36.211764+00:00,2026-08-18T20:09:36.211764+00:00,COMPLETED,11,synthetic
3308,RR,557,DOA,DOA Approval,2026-08-18T20:09:36.211764+00:00,2026-08-20T20:09:36.211764+00:00,COMPLETED,15,synthetic
3309,RR,557,MRP,MRP Processing,2026-08-20T20:09:36.211764+00:00,2026-08-22T20:09:36.211764+00:00,COMPLETED,,synthetic
3310,PR,477,PR_CREATED,PR Created,2026-08-22T20:09:36.211764+00:00,2026-08-22T20:09:36.211764+00:00,COMPLETED,24,synthetic
3311,PR,477,RFQ,RFQ,2026-08-23T20:09:36.211764+00:00,2026-09-01T20:09:36.211764+00:00,COMPLETED,24,synthetic
3312,PR,477,ARIBA,Ariba Event,2026-09-02T20:09:36.211764+00:00,2026-09-05T20:09:36.211764+00:00,COMPLETED,24,synthetic
3313,PR,477,PO_CREATED,PO Created,2026-09-06T20:09:36.211764+00:00,2026-09-06T20:09:36.211764+00:00,COMPLETED,24,synthetic
3314,RR,558,RR_CREATED,RR Created,2026-06-10T22:09:36.211764+00:00,2026-06-10T22:09:36.211764+00:00,COMPLETED,18,synthetic
3315,RR,558,DOA,DOA Approval,2026-06-10T22:09:36.211764+00:00,,IN_PROGRESS,3,synthetic
3316,RR,559,RR_CREATED,RR Created,2026-08-11T21:09:36.211764+00:00,2026-08-11T21:09:36.211764+00:00,COMPLETED,14,synthetic
3317,RR,559,DOA,DOA Approval,2026-08-11T21:09:36.211764+00:00,2026-08-14T21:09:36.211764+00:00,COMPLETED,2,synthetic
3318,RR,559,MRP,MRP Processing,2026-08-14T21:09:36.211764+00:00,2026-08-16T21:09:36.211764+00:00,COMPLETED,,synthetic
3319,PR,478,PR_CREATED,PR Created,2026-08-16T21:09:36.211764+00:00,2026-08-16T21:09:36.211764+00:00,COMPLETED,24,synthetic
3320,PR,478,PO_CREATED,PO Created,2026-08-17T21:09:36.211764+00:00,2026-08-17T21:09:36.211764+00:00,COMPLETED,24,synthetic
3321,RR,560,RR_CREATED,RR Created,2026-02-07T00:09:36.211764+00:00,2026-02-07T00:09:36.211764+00:00,COMPLETED,3,synthetic
3322,RR,560,DOA,DOA Approval,2026-02-07T00:09:36.211764+00:00,2026-02-08T00:09:36.211764+00:00,COMPLETED,3,synthetic
3323,RR,560,MRP,MRP Processing,2026-02-08T00:09:36.211764+00:00,2026-02-23T00:09:36.211764+00:00,COMPLETED,,synthetic
3324,PR,479,PR_CREATED,PR Created,2026-02-23T00:09:36.211764+00:00,2026-02-23T00:09:36.211764+00:00,COMPLETED,24,synthetic
3325,PR,479,RFQ,RFQ,2026-02-24T00:09:36.211764+00:00,2026-03-03T00:09:36.211764+00:00,COMPLETED,24,synthetic
3326,PR,479,PO_CREATED,PO Created,2026-03-04T00:09:36.211764+00:00,2026-03-04T00:09:36.211764+00:00,COMPLETED,24,synthetic
3327,RR,561,RR_CREATED,RR Created,2026-04-26T05:09:36.211764+00:00,2026-04-26T05:09:36.211764+00:00,COMPLETED,9,synthetic
3328,RR,561,DOA,DOA Approval,2026-04-26T05:09:36.211764+00:00,2026-04-30T05:09:36.211764+00:00,COMPLETED,15,synthetic
3329,RR,561,MRP,MRP Processing,2026-04-30T05:09:36.211764+00:00,2026-05-02T05:09:36.211764+00:00,COMPLETED,,synthetic
3330,PR,480,PR_CREATED,PR Created,2026-05-02T05:09:36.211764+00:00,2026-05-02T05:09:36.211764+00:00,COMPLETED,13,synthetic
3331,PR,480,RFQ,RFQ,2026-05-03T05:09:36.211764+00:00,2026-05-11T05:09:36.211764+00:00,COMPLETED,13,synthetic
3332,PR,480,ARIBA,Ariba Event,2026-05-12T05:09:36.211764+00:00,2026-06-10T05:09:36.211764+00:00,COMPLETED,13,synthetic
3333,PR,480,AUCTION,Auction,2026-06-11T01:09:36.211764+00:00,2026-06-11T03:09:36.211764+00:00,COMPLETED,13,synthetic
3334,PR,480,NFA,NFA Approval,2026-06-12T03:09:36.211764+00:00,2026-06-17T03:09:36.211764+00:00,COMPLETED,3,synthetic
3335,PR,480,PO_CREATED,PO Created,2026-06-18T03:09:36.211764+00:00,2026-06-18T03:09:36.211764+00:00,COMPLETED,13,synthetic
3336,RR,562,RR_CREATED,RR Created,2026-04-21T15:09:36.211764+00:00,2026-04-21T15:09:36.211764+00:00,COMPLETED,8,synthetic
3337,RR,562,DOA,DOA Approval,2026-04-21T15:09:36.211764+00:00,2026-04-23T15:09:36.211764+00:00,COMPLETED,2,synthetic
3338,RR,562,MRP,MRP Processing,2026-04-23T15:09:36.211764+00:00,2026-04-24T15:09:36.211764+00:00,COMPLETED,,synthetic
3339,PR,481,PR_CREATED,PR Created,2026-04-24T15:09:36.211764+00:00,2026-04-24T15:09:36.211764+00:00,COMPLETED,12,synthetic
3340,PR,481,RFQ,RFQ,2026-04-25T15:09:36.211764+00:00,2026-05-04T15:09:36.211764+00:00,COMPLETED,12,synthetic
3341,PR,481,ARIBA,Ariba Event,2026-05-05T15:09:36.211764+00:00,2026-05-08T15:09:36.211764+00:00,COMPLETED,12,synthetic
3342,PR,481,NFA,NFA Approval,2026-05-09T15:09:36.211764+00:00,2026-06-07T15:09:36.211764+00:00,COMPLETED,3,synthetic
3343,PR,481,PO_CREATED,PO Created,2026-06-08T15:09:36.211764+00:00,2026-06-08T15:09:36.211764+00:00,COMPLETED,12,synthetic
3344,RR,563,RR_CREATED,RR Created,2026-01-02T16:09:36.211764+00:00,2026-01-02T16:09:36.211764+00:00,COMPLETED,9,synthetic
3345,RR,563,DOA,DOA Approval,2026-01-02T16:09:36.211764+00:00,2026-01-26T16:09:36.211764+00:00,COMPLETED,2,synthetic
3346,RR,563,MRP,MRP Processing,2026-01-26T16:09:36.211764+00:00,2026-01-28T16:09:36.211764+00:00,COMPLETED,,synthetic
3347,PR,482,PR_CREATED,PR Created,2026-01-28T16:09:36.211764+00:00,2026-01-28T16:09:36.211764+00:00,COMPLETED,5,synthetic
3348,PR,482,RFQ,RFQ,2026-01-29T16:09:36.211764+00:00,2026-02-04T16:09:36.211764+00:00,COMPLETED,5,synthetic
3349,PR,482,PO_CREATED,PO Created,2026-02-05T16:09:36.211764+00:00,2026-02-05T16:09:36.211764+00:00,COMPLETED,5,synthetic
3350,RR,564,RR_CREATED,RR Created,2025-12-07T22:09:36.211764+00:00,2025-12-07T22:09:36.211764+00:00,COMPLETED,5,synthetic
3351,RR,564,DOA,DOA Approval,2025-12-07T22:09:36.211764+00:00,2025-12-23T22:09:36.211764+00:00,COMPLETED,15,synthetic
3352,RR,564,MRP,MRP Processing,2025-12-23T22:09:36.211764+00:00,2025-12-24T22:09:36.211764+00:00,COMPLETED,,synthetic
3353,PR,483,PR_CREATED,PR Created,2025-12-24T22:09:36.211764+00:00,2025-12-24T22:09:36.211764+00:00,COMPLETED,24,synthetic
3354,PR,483,RFQ,RFQ,2025-12-25T22:09:36.211764+00:00,2026-01-01T22:09:36.211764+00:00,COMPLETED,24,synthetic
3355,PR,483,ARIBA,Ariba Event,2026-01-02T22:09:36.211764+00:00,2026-01-06T22:09:36.211764+00:00,COMPLETED,24,synthetic
3356,PR,483,NFA,NFA Approval,2026-01-07T22:09:36.211764+00:00,2026-01-09T22:09:36.211764+00:00,COMPLETED,3,synthetic
3357,PR,483,PO_CREATED,PO Created,2026-01-10T22:09:36.211764+00:00,2026-01-10T22:09:36.211764+00:00,COMPLETED,24,synthetic
3358,RR,565,RR_CREATED,RR Created,2026-08-03T02:09:36.211764+00:00,2026-08-03T02:09:36.211764+00:00,COMPLETED,1,synthetic
3359,RR,565,DOA,DOA Approval,2026-08-03T02:09:36.211764+00:00,2026-08-04T02:09:36.211764+00:00,COMPLETED,2,synthetic
3360,RR,565,MRP,MRP Processing,2026-08-04T02:09:36.211764+00:00,2026-08-06T02:09:36.211764+00:00,COMPLETED,,synthetic
3361,PR,484,PR_CREATED,PR Created,2026-08-06T02:09:36.211764+00:00,2026-08-06T02:09:36.211764+00:00,COMPLETED,24,synthetic
3362,PR,484,RFQ,RFQ,2026-08-07T02:09:36.211764+00:00,,IN_PROGRESS,24,synthetic
3363,RR,566,RR_CREATED,RR Created,2026-07-05T22:09:36.211764+00:00,2026-07-05T22:09:36.211764+00:00,COMPLETED,20,synthetic
3364,RR,566,DOA,DOA Approval,2026-07-05T22:09:36.211764+00:00,2026-08-05T22:09:36.211764+00:00,COMPLETED,2,synthetic
3365,RR,566,MRP,MRP Processing,2026-08-05T22:09:36.211764+00:00,2026-08-07T22:09:36.211764+00:00,COMPLETED,,synthetic
3366,PR,485,PR_CREATED,PR Created,2026-08-07T22:09:36.211764+00:00,2026-08-07T22:09:36.211764+00:00,COMPLETED,5,synthetic
3367,PR,485,PO_CREATED,PO Created,2026-08-08T22:09:36.211764+00:00,2026-08-08T22:09:36.211764+00:00,COMPLETED,5,synthetic
3368,RR,567,RR_CREATED,RR Created,2026-04-19T04:09:36.211764+00:00,2026-04-19T04:09:36.211764+00:00,COMPLETED,7,synthetic
3369,RR,567,DOA,DOA Approval,2026-04-19T04:09:36.211764+00:00,,IN_PROGRESS,15,synthetic
3370,RR,568,RR_CREATED,RR Created,2025-11-27T21:09:36.211764+00:00,2025-11-27T21:09:36.211764+00:00,COMPLETED,10,synthetic
3371,RR,568,DOA,DOA Approval,2025-11-27T21:09:36.211764+00:00,2025-11-30T21:09:36.211764+00:00,COMPLETED,3,synthetic
3372,RR,568,MRP,MRP Processing,2025-11-30T21:09:36.211764+00:00,2025-12-02T21:09:36.211764+00:00,COMPLETED,,synthetic
3373,PR,486,PR_CREATED,PR Created,2025-12-02T21:09:36.211764+00:00,2025-12-02T21:09:36.211764+00:00,COMPLETED,13,synthetic
3374,PR,486,RFQ,RFQ,2025-12-03T21:09:36.211764+00:00,2026-01-08T21:09:36.211764+00:00,COMPLETED,13,synthetic
3375,PR,486,NFA,NFA Approval,2026-01-09T21:09:36.211764+00:00,2026-01-12T21:09:36.211764+00:00,COMPLETED,15,synthetic
3376,PR,486,PO_CREATED,PO Created,2026-01-13T21:09:36.211764+00:00,2026-01-13T21:09:36.211764+00:00,COMPLETED,13,synthetic
3377,RR,569,RR_CREATED,RR Created,2026-05-17T22:09:36.211764+00:00,2026-05-17T22:09:36.211764+00:00,COMPLETED,14,synthetic
3378,RR,569,DOA,DOA Approval,2026-05-17T22:09:36.211764+00:00,2026-05-29T22:09:36.211764+00:00,COMPLETED,2,synthetic
3379,RR,569,MRP,MRP Processing,2026-05-29T22:09:36.211764+00:00,2026-05-30T22:09:36.211764+00:00,COMPLETED,,synthetic
3380,PR,487,PR_CREATED,PR Created,2026-05-30T22:09:36.211764+00:00,2026-05-30T22:09:36.211764+00:00,COMPLETED,5,synthetic
3381,PR,487,PO_CREATED,PO Created,2026-05-31T22:09:36.211764+00:00,2026-05-31T22:09:36.211764+00:00,COMPLETED,5,synthetic
3382,RR,570,RR_CREATED,RR Created,2026-07-19T04:09:36.211764+00:00,2026-07-19T04:09:36.211764+00:00,COMPLETED,16,synthetic
3383,RR,570,DOA,DOA Approval,2026-07-19T04:09:36.211764+00:00,2026-07-23T04:09:36.211764+00:00,COMPLETED,15,synthetic
3384,RR,570,MRP,MRP Processing,2026-07-23T04:09:36.211764+00:00,2026-07-25T04:09:36.211764+00:00,COMPLETED,,synthetic
3385,PR,488,PR_CREATED,PR Created,2026-07-25T04:09:36.211764+00:00,2026-07-25T04:09:36.211764+00:00,COMPLETED,24,synthetic
3386,PR,488,RFQ,RFQ,2026-07-26T04:09:36.211764+00:00,2026-08-02T04:09:36.211764+00:00,COMPLETED,24,synthetic
3387,PR,488,NFA,NFA Approval,2026-08-03T04:09:36.211764+00:00,2026-08-07T04:09:36.211764+00:00,COMPLETED,15,synthetic
3388,PR,488,PO_CREATED,PO Created,2026-08-08T04:09:36.211764+00:00,2026-08-08T04:09:36.211764+00:00,COMPLETED,24,synthetic
3389,RR,571,RR_CREATED,RR Created,2026-03-11T15:09:36.211764+00:00,2026-03-11T15:09:36.211764+00:00,COMPLETED,20,synthetic
3390,RR,571,DOA,DOA Approval,2026-03-11T15:09:36.211764+00:00,2026-03-15T15:09:36.211764+00:00,COMPLETED,2,synthetic
3391,RR,571,MRP,MRP Processing,2026-03-15T15:09:36.211764+00:00,2026-03-17T15:09:36.211764+00:00,COMPLETED,,synthetic
3392,PR,489,PR_CREATED,PR Created,2026-03-17T15:09:36.211764+00:00,2026-03-17T15:09:36.211764+00:00,COMPLETED,5,synthetic
3393,PR,489,RFQ,RFQ,2026-03-18T15:09:36.211764+00:00,2026-03-23T15:09:36.211764+00:00,COMPLETED,5,synthetic
3394,PR,489,NFA,NFA Approval,2026-03-24T15:09:36.211764+00:00,2026-03-29T15:09:36.211764+00:00,COMPLETED,3,synthetic
3395,PR,489,PO_CREATED,PO Created,2026-03-30T15:09:36.211764+00:00,2026-03-30T15:09:36.211764+00:00,COMPLETED,5,synthetic
3396,RR,572,RR_CREATED,RR Created,2026-06-02T03:09:36.211764+00:00,2026-06-02T03:09:36.211764+00:00,COMPLETED,20,synthetic
3397,RR,572,DOA,DOA Approval,2026-06-02T03:09:36.211764+00:00,,IN_PROGRESS,15,synthetic
3398,RR,573,RR_CREATED,RR Created,2026-07-12T02:09:36.211764+00:00,2026-07-12T02:09:36.211764+00:00,COMPLETED,18,synthetic
3399,RR,573,DOA,DOA Approval,2026-07-12T02:09:36.211764+00:00,2026-07-13T02:09:36.211764+00:00,COMPLETED,15,synthetic
3400,RR,573,MRP,MRP Processing,2026-07-13T02:09:36.211764+00:00,2026-07-16T02:09:36.211764+00:00,COMPLETED,,synthetic
3401,PR,490,PR_CREATED,PR Created,2026-07-16T02:09:36.211764+00:00,2026-07-16T02:09:36.211764+00:00,COMPLETED,24,synthetic
3402,PR,490,RFQ,RFQ,2026-07-17T02:09:36.211764+00:00,,IN_PROGRESS,24,synthetic
3403,RR,574,RR_CREATED,RR Created,2026-01-07T21:09:36.211764+00:00,2026-01-07T21:09:36.211764+00:00,COMPLETED,22,synthetic
3404,RR,574,DOA,DOA Approval,2026-01-07T21:09:36.211764+00:00,2026-01-10T21:09:36.211764+00:00,COMPLETED,15,synthetic
3405,RR,574,MRP,MRP Processing,2026-01-10T21:09:36.211764+00:00,2026-01-12T21:09:36.211764+00:00,COMPLETED,,synthetic
3406,PR,491,PR_CREATED,PR Created,2026-01-12T21:09:36.211764+00:00,2026-01-12T21:09:36.211764+00:00,COMPLETED,12,synthetic
3407,PR,491,RFQ,RFQ,2026-01-13T21:09:36.211764+00:00,2026-02-18T21:09:36.211764+00:00,COMPLETED,12,synthetic
3408,PR,491,NFA,NFA Approval,2026-02-19T21:09:36.211764+00:00,2026-02-23T21:09:36.211764+00:00,COMPLETED,15,synthetic
3409,PR,491,PO_CREATED,PO Created,2026-02-24T21:09:36.211764+00:00,2026-02-24T21:09:36.211764+00:00,COMPLETED,12,synthetic
3410,RR,575,RR_CREATED,RR Created,2026-02-01T14:09:36.211764+00:00,2026-02-01T14:09:36.211764+00:00,COMPLETED,12,synthetic
3411,RR,575,DOA,DOA Approval,2026-02-01T14:09:36.211764+00:00,2026-02-21T14:09:36.211764+00:00,COMPLETED,3,synthetic
3412,RR,575,MRP,MRP Processing,2026-02-21T14:09:36.211764+00:00,2026-02-22T14:09:36.211764+00:00,COMPLETED,,synthetic
3413,PR,492,PR_CREATED,PR Created,2026-02-22T14:09:36.211764+00:00,2026-02-22T14:09:36.211764+00:00,COMPLETED,12,synthetic
3414,PR,492,RFQ,RFQ,2026-02-23T14:09:36.211764+00:00,2026-02-28T14:09:36.211764+00:00,COMPLETED,12,synthetic
3415,PR,492,ARIBA,Ariba Event,2026-03-01T14:09:36.211764+00:00,2026-03-04T14:09:36.211764+00:00,COMPLETED,12,synthetic
3416,PR,492,NFA,NFA Approval,2026-03-05T14:09:36.211764+00:00,2026-03-09T14:09:36.211764+00:00,COMPLETED,3,synthetic
3417,PR,492,PO_CREATED,PO Created,2026-03-10T14:09:36.211764+00:00,2026-03-10T14:09:36.211764+00:00,COMPLETED,12,synthetic
3418,RR,576,RR_CREATED,RR Created,2026-03-14T17:09:36.211764+00:00,2026-03-14T17:09:36.211764+00:00,COMPLETED,8,synthetic
3419,RR,576,DOA,DOA Approval,2026-03-14T17:09:36.211764+00:00,2026-03-15T17:09:36.211764+00:00,COMPLETED,15,synthetic
3420,RR,576,MRP,MRP Processing,2026-03-15T17:09:36.211764+00:00,2026-03-16T17:09:36.211764+00:00,COMPLETED,,synthetic
3421,PR,493,PR_CREATED,PR Created,2026-03-16T17:09:36.211764+00:00,2026-03-16T17:09:36.211764+00:00,COMPLETED,13,synthetic
3422,PR,493,RFQ,RFQ,2026-03-17T17:09:36.211764+00:00,2026-03-27T17:09:36.211764+00:00,COMPLETED,13,synthetic
3423,PR,493,ARIBA,Ariba Event,2026-03-28T17:09:36.211764+00:00,2026-04-03T17:09:36.211764+00:00,COMPLETED,13,synthetic
3424,PR,493,NFA,NFA Approval,2026-04-04T17:09:36.211764+00:00,2026-04-09T17:09:36.211764+00:00,COMPLETED,3,synthetic
3425,PR,493,PO_CREATED,PO Created,2026-04-10T17:09:36.211764+00:00,2026-04-10T17:09:36.211764+00:00,COMPLETED,13,synthetic
3426,RR,577,RR_CREATED,RR Created,2026-01-02T02:09:36.211764+00:00,2026-01-02T02:09:36.211764+00:00,COMPLETED,15,synthetic
3427,RR,577,DOA,DOA Approval,2026-01-02T02:09:36.211764+00:00,2026-01-05T02:09:36.211764+00:00,COMPLETED,15,synthetic
3428,RR,577,MRP,MRP Processing,2026-01-05T02:09:36.211764+00:00,2026-01-08T02:09:36.211764+00:00,COMPLETED,,synthetic
3429,PR,494,PR_CREATED,PR Created,2026-01-08T02:09:36.211764+00:00,2026-01-08T02:09:36.211764+00:00,COMPLETED,5,synthetic
3430,PR,494,PO_CREATED,PO Created,2026-01-09T02:09:36.211764+00:00,2026-01-09T02:09:36.211764+00:00,COMPLETED,5,synthetic
3431,RR,578,RR_CREATED,RR Created,2026-03-27T20:09:36.211764+00:00,2026-03-27T20:09:36.211764+00:00,COMPLETED,17,synthetic
3432,RR,578,DOA,DOA Approval,2026-03-27T20:09:36.211764+00:00,2026-03-31T20:09:36.211764+00:00,COMPLETED,2,synthetic
3433,RR,578,MRP,MRP Processing,2026-03-31T20:09:36.211764+00:00,2026-04-03T20:09:36.211764+00:00,COMPLETED,,synthetic
3434,PR,495,PR_CREATED,PR Created,2026-04-03T20:09:36.211764+00:00,2026-04-03T20:09:36.211764+00:00,COMPLETED,5,synthetic
3435,PR,495,RFQ,RFQ,2026-04-04T20:09:36.211764+00:00,2026-04-14T20:09:36.211764+00:00,COMPLETED,5,synthetic
3436,PR,495,ARIBA,Ariba Event,2026-04-15T20:09:36.211764+00:00,2026-04-20T20:09:36.211764+00:00,COMPLETED,5,synthetic
3437,PR,495,AUCTION,Auction,2026-04-21T16:09:36.211764+00:00,2026-04-21T19:09:36.211764+00:00,COMPLETED,5,synthetic
3438,PR,495,NFA,NFA Approval,2026-04-22T19:09:36.211764+00:00,2026-04-24T19:09:36.211764+00:00,COMPLETED,3,synthetic
3439,PR,495,PO_CREATED,PO Created,2026-04-25T19:09:36.211764+00:00,2026-04-25T19:09:36.211764+00:00,COMPLETED,5,synthetic
3440,RR,579,RR_CREATED,RR Created,2026-06-10T09:09:36.211764+00:00,2026-06-10T09:09:36.211764+00:00,COMPLETED,15,synthetic
3441,RR,579,DOA,DOA Approval,2026-06-10T09:09:36.211764+00:00,2026-06-14T09:09:36.211764+00:00,COMPLETED,15,synthetic
3442,RR,579,MRP,MRP Processing,2026-06-14T09:09:36.211764+00:00,2026-06-15T09:09:36.211764+00:00,COMPLETED,,synthetic
3443,PR,496,PR_CREATED,PR Created,2026-06-15T09:09:36.211764+00:00,2026-06-15T09:09:36.211764+00:00,COMPLETED,13,synthetic
3444,PR,496,RFQ,RFQ,2026-06-16T09:09:36.211764+00:00,2026-06-21T09:09:36.211764+00:00,COMPLETED,13,synthetic
3445,PR,496,ARIBA,Ariba Event,2026-06-22T09:09:36.211764+00:00,2026-06-29T09:09:36.211764+00:00,COMPLETED,13,synthetic
3446,PR,496,NFA,NFA Approval,2026-06-30T09:09:36.211764+00:00,2026-07-04T09:09:36.211764+00:00,COMPLETED,3,synthetic
3447,PR,496,PO_CREATED,PO Created,2026-07-05T09:09:36.211764+00:00,2026-07-05T09:09:36.211764+00:00,COMPLETED,13,synthetic
3448,RR,580,RR_CREATED,RR Created,2026-08-22T06:09:36.211764+00:00,2026-08-22T06:09:36.211764+00:00,COMPLETED,11,synthetic
3449,RR,580,DOA,DOA Approval,2026-08-22T06:09:36.211764+00:00,2026-08-23T06:09:36.211764+00:00,COMPLETED,15,synthetic
3450,RR,580,MRP,MRP Processing,2026-08-23T06:09:36.211764+00:00,2026-08-25T06:09:36.211764+00:00,COMPLETED,,synthetic
3451,PR,497,PR_CREATED,PR Created,2026-08-25T06:09:36.211764+00:00,2026-08-25T06:09:36.211764+00:00,COMPLETED,5,synthetic
3452,PR,497,RFQ,RFQ,2026-08-26T06:09:36.211764+00:00,2026-09-01T06:09:36.211764+00:00,COMPLETED,5,synthetic
3453,PR,497,ARIBA,Ariba Event,2026-09-02T06:09:36.211764+00:00,2026-09-07T06:09:36.211764+00:00,COMPLETED,5,synthetic
3454,PR,497,AUCTION,Auction,2026-09-07T17:09:36.211764+00:00,2026-09-07T22:09:36.211764+00:00,COMPLETED,5,synthetic
3455,PR,497,NFA,NFA Approval,2026-09-08T22:09:36.211764+00:00,2026-09-13T22:09:36.211764+00:00,COMPLETED,15,synthetic
3456,RR,581,RR_CREATED,RR Created,2026-06-01T04:09:36.211764+00:00,2026-06-01T04:09:36.211764+00:00,COMPLETED,19,synthetic
3457,RR,581,DOA,DOA Approval,2026-06-01T04:09:36.211764+00:00,2026-06-03T04:09:36.211764+00:00,COMPLETED,15,synthetic
3458,RR,581,MRP,MRP Processing,2026-06-03T04:09:36.211764+00:00,2026-06-06T04:09:36.211764+00:00,COMPLETED,,synthetic
3459,PR,498,PR_CREATED,PR Created,2026-06-06T04:09:36.211764+00:00,2026-06-06T04:09:36.211764+00:00,COMPLETED,13,synthetic
3460,PR,498,RFQ,RFQ,2026-06-07T04:09:36.211764+00:00,2026-06-16T04:09:36.211764+00:00,COMPLETED,13,synthetic
3461,PR,498,ARIBA,Ariba Event,2026-06-17T04:09:36.211764+00:00,2026-07-14T04:09:36.211764+00:00,COMPLETED,13,synthetic
3462,PR,498,NFA,NFA Approval,2026-07-15T04:09:36.211764+00:00,2026-07-17T04:09:36.211764+00:00,COMPLETED,3,synthetic
3463,PR,498,PO_CREATED,PO Created,2026-07-18T04:09:36.211764+00:00,2026-07-18T04:09:36.211764+00:00,COMPLETED,13,synthetic
3464,RR,582,RR_CREATED,RR Created,2026-03-31T14:09:36.211764+00:00,2026-03-31T14:09:36.211764+00:00,COMPLETED,5,synthetic
3465,RR,582,DOA,DOA Approval,2026-03-31T14:09:36.211764+00:00,2026-04-29T14:09:36.211764+00:00,COMPLETED,3,synthetic
3466,RR,582,MRP,MRP Processing,2026-04-29T14:09:36.211764+00:00,2026-04-30T14:09:36.211764+00:00,COMPLETED,,synthetic
3467,PR,499,PR_CREATED,PR Created,2026-04-30T14:09:36.211764+00:00,2026-04-30T14:09:36.211764+00:00,COMPLETED,12,synthetic
3468,PR,499,RFQ,RFQ,2026-05-01T14:09:36.211764+00:00,2026-05-06T14:09:36.211764+00:00,COMPLETED,12,synthetic
3469,PR,499,NFA,NFA Approval,2026-05-07T14:09:36.211764+00:00,2026-05-10T14:09:36.211764+00:00,COMPLETED,3,synthetic
3470,PR,499,PO_CREATED,PO Created,2026-05-11T14:09:36.211764+00:00,2026-05-11T14:09:36.211764+00:00,COMPLETED,12,synthetic
3471,RR,583,RR_CREATED,RR Created,2026-05-15T17:09:36.211764+00:00,2026-05-15T17:09:36.211764+00:00,COMPLETED,3,synthetic
3472,RR,583,DOA,DOA Approval,2026-05-15T17:09:36.211764+00:00,2026-05-16T17:09:36.211764+00:00,COMPLETED,15,synthetic
3473,RR,583,MRP,MRP Processing,2026-05-16T17:09:36.211764+00:00,2026-05-18T17:09:36.211764+00:00,COMPLETED,,synthetic
3474,PR,500,PR_CREATED,PR Created,2026-05-18T17:09:36.211764+00:00,2026-05-18T17:09:36.211764+00:00,COMPLETED,5,synthetic
3475,PR,500,RFQ,RFQ,2026-05-19T17:09:36.211764+00:00,2026-05-28T17:09:36.211764+00:00,COMPLETED,5,synthetic
3476,PR,500,PO_CREATED,PO Created,2026-05-29T17:09:36.211764+00:00,2026-05-29T17:09:36.211764+00:00,COMPLETED,5,synthetic
3477,RR,584,RR_CREATED,RR Created,2026-04-01T10:09:36.211764+00:00,2026-04-01T10:09:36.211764+00:00,COMPLETED,19,synthetic
3478,RR,584,DOA,DOA Approval,2026-04-01T10:09:36.211764+00:00,2026-04-05T10:09:36.211764+00:00,COMPLETED,2,synthetic
3479,RR,584,MRP,MRP Processing,2026-04-05T10:09:36.211764+00:00,2026-04-06T10:09:36.211764+00:00,COMPLETED,,synthetic
3480,PR,501,PR_CREATED,PR Created,2026-04-06T10:09:36.211764+00:00,2026-04-06T10:09:36.211764+00:00,COMPLETED,12,synthetic
3481,PR,501,RFQ,RFQ,2026-04-07T10:09:36.211764+00:00,2026-04-14T10:09:36.211764+00:00,COMPLETED,12,synthetic
3482,PR,501,ARIBA,Ariba Event,2026-04-15T10:09:36.211764+00:00,2026-04-21T10:09:36.211764+00:00,COMPLETED,12,synthetic
3483,PR,501,AUCTION,Auction,2026-04-22T00:09:36.211764+00:00,2026-04-22T04:09:36.211764+00:00,COMPLETED,12,synthetic
3484,PR,501,PO_CREATED,PO Created,2026-04-23T04:09:36.211764+00:00,2026-04-23T04:09:36.211764+00:00,COMPLETED,12,synthetic
3485,RR,585,RR_CREATED,RR Created,2026-01-11T21:09:36.211764+00:00,2026-01-11T21:09:36.211764+00:00,COMPLETED,22,synthetic
3486,RR,585,DOA,DOA Approval,2026-01-11T21:09:36.211764+00:00,2026-01-15T21:09:36.211764+00:00,COMPLETED,2,synthetic
3487,RR,585,MRP,MRP Processing,2026-01-15T21:09:36.211764+00:00,2026-01-16T21:09:36.211764+00:00,COMPLETED,,synthetic
3488,PR,502,PR_CREATED,PR Created,2026-01-16T21:09:36.211764+00:00,2026-01-16T21:09:36.211764+00:00,COMPLETED,13,synthetic
3489,PR,502,RFQ,RFQ,2026-01-17T21:09:36.211764+00:00,2026-01-24T21:09:36.211764+00:00,COMPLETED,13,synthetic
3490,PR,502,NFA,NFA Approval,2026-01-25T21:09:36.211764+00:00,2026-01-29T21:09:36.211764+00:00,COMPLETED,3,synthetic
3491,PR,502,PO_CREATED,PO Created,2026-01-30T21:09:36.211764+00:00,2026-01-30T21:09:36.211764+00:00,COMPLETED,13,synthetic
3492,RR,586,RR_CREATED,RR Created,2026-03-28T03:09:36.211764+00:00,2026-03-28T03:09:36.211764+00:00,COMPLETED,13,synthetic
3493,RR,586,DOA,DOA Approval,2026-03-28T03:09:36.211764+00:00,2026-03-29T03:09:36.211764+00:00,COMPLETED,15,synthetic
3494,RR,586,MRP,MRP Processing,2026-03-29T03:09:36.211764+00:00,2026-04-01T03:09:36.211764+00:00,COMPLETED,,synthetic
3495,PR,503,PR_CREATED,PR Created,2026-04-01T03:09:36.211764+00:00,2026-04-01T03:09:36.211764+00:00,COMPLETED,24,synthetic
3496,PR,503,RFQ,RFQ,2026-04-02T03:09:36.211764+00:00,2026-04-09T03:09:36.211764+00:00,COMPLETED,24,synthetic
3497,PR,503,NFA,NFA Approval,2026-04-10T03:09:36.211764+00:00,2026-04-13T03:09:36.211764+00:00,COMPLETED,3,synthetic
3498,PR,503,PO_CREATED,PO Created,2026-04-14T03:09:36.211764+00:00,2026-04-14T03:09:36.211764+00:00,COMPLETED,24,synthetic
3499,RR,587,RR_CREATED,RR Created,2026-03-18T06:09:36.211764+00:00,2026-03-18T06:09:36.211764+00:00,COMPLETED,6,synthetic
3500,RR,587,DOA,DOA Approval,2026-03-18T06:09:36.211764+00:00,2026-03-20T06:09:36.211764+00:00,COMPLETED,15,synthetic
3501,RR,587,MRP,MRP Processing,2026-03-20T06:09:36.211764+00:00,2026-03-21T06:09:36.211764+00:00,COMPLETED,,synthetic
3502,PR,504,PR_CREATED,PR Created,2026-03-21T06:09:36.211764+00:00,2026-03-21T06:09:36.211764+00:00,COMPLETED,5,synthetic
3503,PR,504,RFQ,RFQ,2026-03-22T06:09:36.211764+00:00,2026-03-29T06:09:36.211764+00:00,COMPLETED,5,synthetic
3504,PR,504,PO_CREATED,PO Created,2026-03-30T06:09:36.211764+00:00,2026-03-30T06:09:36.211764+00:00,COMPLETED,5,synthetic
3505,RR,588,RR_CREATED,RR Created,2026-01-12T03:09:36.211764+00:00,2026-01-12T03:09:36.211764+00:00,COMPLETED,11,synthetic
3506,RR,588,DOA,DOA Approval,2026-01-12T03:09:36.211764+00:00,2026-01-16T03:09:36.211764+00:00,COMPLETED,15,synthetic
3507,RR,588,MRP,MRP Processing,2026-01-16T03:09:36.211764+00:00,2026-01-18T03:09:36.211764+00:00,COMPLETED,,synthetic
3508,PR,505,PR_CREATED,PR Created,2026-01-18T03:09:36.211764+00:00,2026-01-18T03:09:36.211764+00:00,COMPLETED,13,synthetic
3509,PR,505,NFA,NFA Approval,2026-01-19T03:09:36.211764+00:00,2026-01-23T03:09:36.211764+00:00,COMPLETED,15,synthetic
3510,PR,505,PO_CREATED,PO Created,2026-01-24T03:09:36.211764+00:00,2026-01-24T03:09:36.211764+00:00,COMPLETED,13,synthetic
3511,RR,589,RR_CREATED,RR Created,2026-03-27T23:09:36.211764+00:00,2026-03-27T23:09:36.211764+00:00,COMPLETED,23,synthetic
3512,RR,589,DOA,DOA Approval,2026-03-27T23:09:36.211764+00:00,2026-03-29T23:09:36.211764+00:00,COMPLETED,2,synthetic
3513,RR,589,MRP,MRP Processing,2026-03-29T23:09:36.211764+00:00,2026-04-01T23:09:36.211764+00:00,COMPLETED,,synthetic
3514,PR,506,PR_CREATED,PR Created,2026-04-01T23:09:36.211764+00:00,2026-04-01T23:09:36.211764+00:00,COMPLETED,24,synthetic
3515,PR,506,RFQ,RFQ,2026-04-02T23:09:36.211764+00:00,2026-04-12T23:09:36.211764+00:00,COMPLETED,24,synthetic
3516,PR,506,ARIBA,Ariba Event,2026-04-13T23:09:36.211764+00:00,2026-05-05T23:09:36.211764+00:00,COMPLETED,24,synthetic
3517,PR,506,AUCTION,Auction,2026-05-06T18:09:36.211764+00:00,2026-05-06T22:09:36.211764+00:00,COMPLETED,24,synthetic
3518,PR,506,NFA,NFA Approval,2026-05-07T22:09:36.211764+00:00,2026-05-11T22:09:36.211764+00:00,COMPLETED,3,synthetic
3519,PR,506,PO_CREATED,PO Created,2026-05-12T22:09:36.211764+00:00,2026-05-12T22:09:36.211764+00:00,COMPLETED,24,synthetic
3520,RR,590,RR_CREATED,RR Created,2026-04-17T23:09:36.211764+00:00,2026-04-17T23:09:36.211764+00:00,COMPLETED,14,synthetic
3521,RR,590,DOA,DOA Approval,2026-04-17T23:09:36.211764+00:00,2026-04-20T23:09:36.211764+00:00,COMPLETED,2,synthetic
3522,RR,590,MRP,MRP Processing,2026-04-20T23:09:36.211764+00:00,2026-05-03T23:09:36.211764+00:00,COMPLETED,,synthetic
3523,PR,507,PR_CREATED,PR Created,2026-05-03T23:09:36.211764+00:00,2026-05-03T23:09:36.211764+00:00,COMPLETED,5,synthetic
3524,PR,507,NFA,NFA Approval,2026-05-04T23:09:36.211764+00:00,2026-05-08T23:09:36.211764+00:00,COMPLETED,15,synthetic
3525,PR,507,PO_CREATED,PO Created,2026-05-09T23:09:36.211764+00:00,2026-05-09T23:09:36.211764+00:00,COMPLETED,5,synthetic
3526,RR,591,RR_CREATED,RR Created,2026-05-08T16:09:36.211764+00:00,2026-05-08T16:09:36.211764+00:00,COMPLETED,15,synthetic
3527,RR,591,DOA,DOA Approval,2026-05-08T16:09:36.211764+00:00,,IN_PROGRESS,3,synthetic
3528,RR,592,RR_CREATED,RR Created,2025-12-23T03:09:36.211764+00:00,2025-12-23T03:09:36.211764+00:00,COMPLETED,11,synthetic
3529,RR,592,DOA,DOA Approval,2025-12-23T03:09:36.211764+00:00,2025-12-26T03:09:36.211764+00:00,COMPLETED,3,synthetic
3530,RR,592,MRP,MRP Processing,2025-12-26T03:09:36.211764+00:00,2025-12-28T03:09:36.211764+00:00,COMPLETED,,synthetic
3531,PR,508,PR_CREATED,PR Created,2025-12-28T03:09:36.211764+00:00,2025-12-28T03:09:36.211764+00:00,COMPLETED,12,synthetic
3532,PR,508,RFQ,RFQ,2025-12-29T03:09:36.211764+00:00,2026-02-01T03:09:36.211764+00:00,COMPLETED,12,synthetic
3533,PR,508,ARIBA,Ariba Event,2026-02-02T03:09:36.211764+00:00,2026-02-08T03:09:36.211764+00:00,COMPLETED,12,synthetic
3534,PR,508,AUCTION,Auction,2026-02-08T19:09:36.211764+00:00,2026-02-08T21:09:36.211764+00:00,COMPLETED,12,synthetic
3535,PR,508,PO_CREATED,PO Created,2026-02-09T21:09:36.211764+00:00,2026-02-09T21:09:36.211764+00:00,COMPLETED,12,synthetic
3536,RR,593,RR_CREATED,RR Created,2026-07-31T10:09:36.211764+00:00,2026-07-31T10:09:36.211764+00:00,COMPLETED,19,synthetic
3537,RR,593,DOA,DOA Approval,2026-07-31T10:09:36.211764+00:00,2026-08-02T10:09:36.211764+00:00,COMPLETED,15,synthetic
3538,RR,593,MRP,MRP Processing,2026-08-02T10:09:36.211764+00:00,2026-08-05T10:09:36.211764+00:00,COMPLETED,,synthetic
3539,PR,509,PR_CREATED,PR Created,2026-08-05T10:09:36.211764+00:00,2026-08-05T10:09:36.211764+00:00,COMPLETED,5,synthetic
3540,PR,509,NFA,NFA Approval,2026-08-06T10:09:36.211764+00:00,2026-08-08T10:09:36.211764+00:00,COMPLETED,3,synthetic
3541,PR,509,PO_CREATED,PO Created,2026-08-09T10:09:36.211764+00:00,2026-08-09T10:09:36.211764+00:00,COMPLETED,5,synthetic
3542,RR,594,RR_CREATED,RR Created,2026-04-16T18:09:36.211764+00:00,2026-04-16T18:09:36.211764+00:00,COMPLETED,20,synthetic
3543,RR,594,DOA,DOA Approval,2026-04-16T18:09:36.211764+00:00,2026-04-19T18:09:36.211764+00:00,COMPLETED,2,synthetic
3544,RR,594,MRP,MRP Processing,2026-04-19T18:09:36.211764+00:00,2026-05-03T18:09:36.211764+00:00,COMPLETED,,synthetic
3545,PR,510,PR_CREATED,PR Created,2026-05-03T18:09:36.211764+00:00,2026-05-03T18:09:36.211764+00:00,COMPLETED,12,synthetic
3546,PR,510,RFQ,RFQ,2026-05-04T18:09:36.211764+00:00,2026-05-09T18:09:36.211764+00:00,COMPLETED,12,synthetic
3547,PR,510,ARIBA,Ariba Event,2026-05-10T18:09:36.211764+00:00,2026-05-13T18:09:36.211764+00:00,COMPLETED,12,synthetic
3548,PR,510,PO_CREATED,PO Created,2026-05-14T18:09:36.211764+00:00,2026-05-14T18:09:36.211764+00:00,COMPLETED,12,synthetic
3549,RR,595,RR_CREATED,RR Created,2026-01-23T12:09:36.211764+00:00,2026-01-23T12:09:36.211764+00:00,COMPLETED,3,synthetic
3550,RR,595,DOA,DOA Approval,2026-01-23T12:09:36.211764+00:00,2026-01-24T12:09:36.211764+00:00,COMPLETED,2,synthetic
3551,RR,595,MRP,MRP Processing,2026-01-24T12:09:36.211764+00:00,2026-01-26T12:09:36.211764+00:00,COMPLETED,,synthetic
3552,PR,511,PR_CREATED,PR Created,2026-01-26T12:09:36.211764+00:00,2026-01-26T12:09:36.211764+00:00,COMPLETED,24,synthetic
3553,PR,511,RFQ,RFQ,2026-01-27T12:09:36.211764+00:00,2026-02-06T12:09:36.211764+00:00,COMPLETED,24,synthetic
3554,PR,511,ARIBA,Ariba Event,2026-02-07T12:09:36.211764+00:00,2026-02-14T12:09:36.211764+00:00,COMPLETED,24,synthetic
3555,PR,511,AUCTION,Auction,2026-02-14T20:09:36.211764+00:00,2026-02-14T23:09:36.211764+00:00,COMPLETED,24,synthetic
3556,PR,511,NFA,NFA Approval,2026-02-15T23:09:36.211764+00:00,2026-02-20T23:09:36.211764+00:00,COMPLETED,15,synthetic
3557,PR,511,PO_CREATED,PO Created,2026-02-21T23:09:36.211764+00:00,2026-02-21T23:09:36.211764+00:00,COMPLETED,24,synthetic
3558,RR,596,RR_CREATED,RR Created,2026-07-02T06:09:36.211764+00:00,2026-07-02T06:09:36.211764+00:00,COMPLETED,13,synthetic
3559,RR,596,DOA,DOA Approval,2026-07-02T06:09:36.211764+00:00,,IN_PROGRESS,2,synthetic
3560,RR,597,RR_CREATED,RR Created,2026-01-29T21:09:36.211764+00:00,2026-01-29T21:09:36.211764+00:00,COMPLETED,1,synthetic
3561,RR,597,DOA,DOA Approval,2026-01-29T21:09:36.211764+00:00,2026-02-02T21:09:36.211764+00:00,COMPLETED,3,synthetic
3562,RR,597,MRP,MRP Processing,2026-02-02T21:09:36.211764+00:00,2026-02-04T21:09:36.211764+00:00,COMPLETED,,synthetic
3563,PR,512,PR_CREATED,PR Created,2026-02-04T21:09:36.211764+00:00,2026-02-04T21:09:36.211764+00:00,COMPLETED,5,synthetic
3564,PR,512,RFQ,RFQ,2026-02-05T21:09:36.211764+00:00,2026-02-10T21:09:36.211764+00:00,COMPLETED,5,synthetic
3565,PR,512,ARIBA,Ariba Event,2026-02-11T21:09:36.211764+00:00,2026-02-16T21:09:36.211764+00:00,COMPLETED,5,synthetic
3566,PR,512,NFA,NFA Approval,2026-02-17T21:09:36.211764+00:00,2026-02-20T21:09:36.211764+00:00,COMPLETED,15,synthetic
3567,PR,512,PO_CREATED,PO Created,2026-02-21T21:09:36.211764+00:00,2026-02-21T21:09:36.211764+00:00,COMPLETED,5,synthetic
3568,RR,598,RR_CREATED,RR Created,2026-06-27T15:09:36.211764+00:00,2026-06-27T15:09:36.211764+00:00,COMPLETED,9,synthetic
3569,RR,598,DOA,DOA Approval,2026-06-27T15:09:36.211764+00:00,2026-06-30T15:09:36.211764+00:00,COMPLETED,15,synthetic
3570,RR,598,MRP,MRP Processing,2026-06-30T15:09:36.211764+00:00,2026-07-03T15:09:36.211764+00:00,COMPLETED,,synthetic
3571,PR,513,PR_CREATED,PR Created,2026-07-03T15:09:36.211764+00:00,2026-07-03T15:09:36.211764+00:00,COMPLETED,12,synthetic
3572,PR,513,RFQ,RFQ,2026-07-04T15:09:36.211764+00:00,2026-07-10T15:09:36.211764+00:00,COMPLETED,12,synthetic
3573,PR,513,ARIBA,Ariba Event,2026-07-11T15:09:36.211764+00:00,2026-07-30T15:09:36.211764+00:00,COMPLETED,12,synthetic
3574,PR,513,PO_CREATED,PO Created,2026-07-31T15:09:36.211764+00:00,2026-07-31T15:09:36.211764+00:00,COMPLETED,12,synthetic
3575,RR,599,RR_CREATED,RR Created,2025-12-09T03:09:36.211764+00:00,2025-12-09T03:09:36.211764+00:00,COMPLETED,14,synthetic
3576,RR,599,DOA,DOA Approval,2025-12-09T03:09:36.211764+00:00,2025-12-13T03:09:36.211764+00:00,COMPLETED,2,synthetic
3577,RR,599,MRP,MRP Processing,2025-12-13T03:09:36.211764+00:00,2025-12-16T03:09:36.211764+00:00,COMPLETED,,synthetic
3578,PR,514,PR_CREATED,PR Created,2025-12-16T03:09:36.211764+00:00,2025-12-16T03:09:36.211764+00:00,COMPLETED,5,synthetic
3579,PR,514,NFA,NFA Approval,2025-12-17T03:09:36.211764+00:00,2025-12-22T03:09:36.211764+00:00,COMPLETED,3,synthetic
3580,PR,514,PO_CREATED,PO Created,2025-12-23T03:09:36.211764+00:00,2025-12-23T03:09:36.211764+00:00,COMPLETED,5,synthetic
3581,RR,600,RR_CREATED,RR Created,2026-03-24T23:09:36.211764+00:00,2026-03-24T23:09:36.211764+00:00,COMPLETED,20,synthetic
3582,RR,600,DOA,DOA Approval,2026-03-24T23:09:36.211764+00:00,2026-03-25T23:09:36.211764+00:00,COMPLETED,2,synthetic
3583,RR,600,MRP,MRP Processing,2026-03-25T23:09:36.211764+00:00,2026-04-14T23:09:36.211764+00:00,COMPLETED,,synthetic
3584,PR,515,PR_CREATED,PR Created,2026-04-14T23:09:36.211764+00:00,2026-04-14T23:09:36.211764+00:00,COMPLETED,12,synthetic
3585,PR,515,RFQ,RFQ,2026-04-15T23:09:36.211764+00:00,2026-04-20T23:09:36.211764+00:00,COMPLETED,12,synthetic
3586,PR,515,ARIBA,Ariba Event,2026-04-21T23:09:36.211764+00:00,2026-04-26T23:09:36.211764+00:00,COMPLETED,12,synthetic
3587,PR,515,AUCTION,Auction,2026-04-27T16:09:36.211764+00:00,2026-04-27T21:09:36.211764+00:00,COMPLETED,12,synthetic
3588,PR,515,PO_CREATED,PO Created,2026-04-28T21:09:36.211764+00:00,2026-04-28T21:09:36.211764+00:00,COMPLETED,12,synthetic
3589,RR,601,RR_CREATED,RR Created,2026-05-01T15:09:36.211764+00:00,2026-05-01T15:09:36.211764+00:00,COMPLETED,10,synthetic
3590,RR,601,DOA,DOA Approval,2026-05-01T15:09:36.211764+00:00,2026-05-02T15:09:36.211764+00:00,COMPLETED,2,synthetic
3591,RR,601,MRP,MRP Processing,2026-05-02T15:09:36.211764+00:00,2026-05-05T15:09:36.211764+00:00,COMPLETED,,synthetic
3592,PR,516,PR_CREATED,PR Created,2026-05-05T15:09:36.211764+00:00,2026-05-05T15:09:36.211764+00:00,COMPLETED,5,synthetic
3593,PR,516,NFA,NFA Approval,2026-05-06T15:09:36.211764+00:00,2026-05-10T15:09:36.211764+00:00,COMPLETED,3,synthetic
3594,RR,602,RR_CREATED,RR Created,2026-01-03T06:09:36.211764+00:00,2026-01-03T06:09:36.211764+00:00,COMPLETED,24,synthetic
3595,RR,602,DOA,DOA Approval,2026-01-03T06:09:36.211764+00:00,2026-01-06T06:09:36.211764+00:00,REJECTED,2,synthetic
3596,RR,603,RR_CREATED,RR Created,2026-02-14T01:09:36.211764+00:00,2026-02-14T01:09:36.211764+00:00,COMPLETED,12,synthetic
3597,RR,603,DOA,DOA Approval,2026-02-14T01:09:36.211764+00:00,2026-02-18T01:09:36.211764+00:00,REJECTED,2,synthetic
3598,RR,604,RR_CREATED,RR Created,2026-01-17T16:09:36.211764+00:00,2026-01-17T16:09:36.211764+00:00,COMPLETED,12,synthetic
3599,RR,604,DOA,DOA Approval,2026-01-17T16:09:36.211764+00:00,2026-01-20T16:09:36.211764+00:00,COMPLETED,15,synthetic
3600,RR,604,MRP,MRP Processing,2026-01-20T16:09:36.211764+00:00,2026-01-23T16:09:36.211764+00:00,COMPLETED,,synthetic
3601,PR,517,PR_CREATED,PR Created,2026-01-23T16:09:36.211764+00:00,2026-01-23T16:09:36.211764+00:00,COMPLETED,5,synthetic
3602,PR,517,NFA,NFA Approval,2026-01-24T16:09:36.211764+00:00,2026-01-29T16:09:36.211764+00:00,COMPLETED,3,synthetic
3603,PR,517,PO_CREATED,PO Created,2026-01-30T16:09:36.211764+00:00,2026-01-30T16:09:36.211764+00:00,COMPLETED,5,synthetic
3604,RR,605,RR_CREATED,RR Created,2026-05-22T22:09:36.211764+00:00,2026-05-22T22:09:36.211764+00:00,COMPLETED,17,synthetic
3605,RR,605,DOA,DOA Approval,2026-05-22T22:09:36.211764+00:00,2026-05-26T22:09:36.211764+00:00,COMPLETED,2,synthetic
3606,RR,605,MRP,MRP Processing,2026-05-26T22:09:36.211764+00:00,2026-05-28T22:09:36.211764+00:00,COMPLETED,,synthetic
3607,PR,518,PR_CREATED,PR Created,2026-05-28T22:09:36.211764+00:00,2026-05-28T22:09:36.211764+00:00,COMPLETED,12,synthetic
3608,PR,518,RFQ,RFQ,2026-05-29T22:09:36.211764+00:00,,IN_PROGRESS,12,synthetic
3609,RR,606,RR_CREATED,RR Created,2026-08-02T07:09:36.211764+00:00,2026-08-02T07:09:36.211764+00:00,COMPLETED,5,synthetic
3610,RR,606,DOA,DOA Approval,2026-08-02T07:09:36.211764+00:00,,IN_PROGRESS,15,synthetic
3611,RR,607,RR_CREATED,RR Created,2026-07-01T16:09:36.211764+00:00,2026-07-01T16:09:36.211764+00:00,COMPLETED,7,synthetic
3612,RR,607,DOA,DOA Approval,2026-07-01T16:09:36.211764+00:00,,IN_PROGRESS,3,synthetic
3613,RR,608,RR_CREATED,RR Created,2026-05-28T15:09:36.211764+00:00,2026-05-28T15:09:36.211764+00:00,COMPLETED,20,synthetic
3614,RR,608,DOA,DOA Approval,2026-05-28T15:09:36.211764+00:00,2026-05-31T15:09:36.211764+00:00,COMPLETED,15,synthetic
3615,RR,608,MRP,MRP Processing,2026-05-31T15:09:36.211764+00:00,2026-06-03T15:09:36.211764+00:00,COMPLETED,,synthetic
3616,PR,519,PR_CREATED,PR Created,2026-06-03T15:09:36.211764+00:00,2026-06-03T15:09:36.211764+00:00,COMPLETED,13,synthetic
3617,PR,519,RFQ,RFQ,2026-06-04T15:09:36.211764+00:00,2026-06-14T15:09:36.211764+00:00,COMPLETED,13,synthetic
3618,PR,519,ARIBA,Ariba Event,2026-06-15T15:09:36.211764+00:00,2026-06-20T15:09:36.211764+00:00,COMPLETED,13,synthetic
3619,PR,519,AUCTION,Auction,2026-06-21T03:09:36.211764+00:00,2026-06-21T09:09:36.211764+00:00,COMPLETED,13,synthetic
3620,PR,519,PO_CREATED,PO Created,2026-06-22T09:09:36.211764+00:00,2026-06-22T09:09:36.211764+00:00,COMPLETED,13,synthetic
3621,RR,609,RR_CREATED,RR Created,2025-12-16T11:09:36.211764+00:00,2025-12-16T11:09:36.211764+00:00,COMPLETED,12,synthetic
3622,RR,609,DOA,DOA Approval,2025-12-16T11:09:36.211764+00:00,2025-12-19T11:09:36.211764+00:00,COMPLETED,2,synthetic
3623,RR,609,MRP,MRP Processing,2025-12-19T11:09:36.211764+00:00,2025-12-20T11:09:36.211764+00:00,COMPLETED,,synthetic
3624,PR,520,PR_CREATED,PR Created,2025-12-20T11:09:36.211764+00:00,2025-12-20T11:09:36.211764+00:00,COMPLETED,12,synthetic
3625,PR,520,RFQ,RFQ,2025-12-21T11:09:36.211764+00:00,2025-12-27T11:09:36.211764+00:00,COMPLETED,12,synthetic
3626,PR,520,PO_CREATED,PO Created,2025-12-28T11:09:36.211764+00:00,2025-12-28T11:09:36.211764+00:00,COMPLETED,12,synthetic
3627,RR,610,RR_CREATED,RR Created,2026-04-02T15:09:36.211764+00:00,2026-04-02T15:09:36.211764+00:00,COMPLETED,16,synthetic
3628,RR,610,DOA,DOA Approval,2026-04-02T15:09:36.211764+00:00,2026-08-25T09:19:02.488229+00:00,COMPLETED,2,synthetic
3629,RR,611,RR_CREATED,RR Created,2026-03-29T06:09:36.211764+00:00,2026-03-29T06:09:36.211764+00:00,COMPLETED,1,synthetic
3630,RR,611,DOA,DOA Approval,2026-03-29T06:09:36.211764+00:00,2026-08-25T09:19:01.409088+00:00,COMPLETED,2,synthetic
3631,RR,612,RR_CREATED,RR Created,2026-05-08T18:09:36.211764+00:00,2026-05-08T18:09:36.211764+00:00,COMPLETED,3,synthetic
3632,RR,612,DOA,DOA Approval,2026-05-08T18:09:36.211764+00:00,2026-05-09T18:09:36.211764+00:00,COMPLETED,2,synthetic
3633,RR,612,MRP,MRP Processing,2026-05-09T18:09:36.211764+00:00,2026-05-12T18:09:36.211764+00:00,COMPLETED,,synthetic
3634,PR,521,PR_CREATED,PR Created,2026-05-12T18:09:36.211764+00:00,2026-05-12T18:09:36.211764+00:00,COMPLETED,24,synthetic
3635,PR,521,RFQ,RFQ,2026-05-13T18:09:36.211764+00:00,,IN_PROGRESS,24,synthetic
3636,RR,613,RR_CREATED,RR Created,2026-01-09T02:09:36.211764+00:00,2026-01-09T02:09:36.211764+00:00,COMPLETED,18,synthetic
3637,RR,613,DOA,DOA Approval,2026-01-09T02:09:36.211764+00:00,,IN_PROGRESS,3,synthetic
3638,RR,614,RR_CREATED,RR Created,2026-04-26T00:09:36.211764+00:00,2026-04-26T00:09:36.211764+00:00,COMPLETED,23,synthetic
3639,RR,614,DOA,DOA Approval,2026-04-26T00:09:36.211764+00:00,2026-04-27T00:09:36.211764+00:00,COMPLETED,2,synthetic
3640,RR,614,MRP,MRP Processing,2026-04-27T00:09:36.211764+00:00,2026-04-28T00:09:36.211764+00:00,COMPLETED,,synthetic
3641,PR,522,PR_CREATED,PR Created,2026-04-28T00:09:36.211764+00:00,2026-04-28T00:09:36.211764+00:00,COMPLETED,24,synthetic
3642,PR,522,RFQ,RFQ,2026-04-29T00:09:36.211764+00:00,2026-05-06T00:09:36.211764+00:00,COMPLETED,24,synthetic
3643,PR,522,NFA,NFA Approval,2026-05-07T00:09:36.211764+00:00,2026-05-11T00:09:36.211764+00:00,COMPLETED,3,synthetic
3644,PR,522,PO_CREATED,PO Created,2026-05-12T00:09:36.211764+00:00,2026-05-12T00:09:36.211764+00:00,COMPLETED,24,synthetic
3645,RR,615,RR_CREATED,RR Created,2026-01-31T03:09:36.211764+00:00,2026-01-31T03:09:36.211764+00:00,COMPLETED,24,synthetic
3646,RR,615,DOA,DOA Approval,2026-01-31T03:09:36.211764+00:00,2026-02-01T03:09:36.211764+00:00,COMPLETED,3,synthetic
3647,RR,615,MRP,MRP Processing,2026-02-01T03:09:36.211764+00:00,2026-02-02T03:09:36.211764+00:00,COMPLETED,,synthetic
3648,PR,523,PR_CREATED,PR Created,2026-02-02T03:09:36.211764+00:00,2026-02-02T03:09:36.211764+00:00,COMPLETED,5,synthetic
3649,PR,523,RFQ,RFQ,2026-02-03T03:09:36.211764+00:00,2026-02-11T03:09:36.211764+00:00,COMPLETED,5,synthetic
3650,PR,523,ARIBA,Ariba Event,2026-02-12T03:09:36.211764+00:00,2026-03-19T03:09:36.211764+00:00,COMPLETED,5,synthetic
3651,PR,523,AUCTION,Auction,2026-03-19T17:09:36.211764+00:00,2026-03-20T01:09:36.211764+00:00,COMPLETED,5,synthetic
3652,PR,523,NFA,NFA Approval,2026-03-21T01:09:36.211764+00:00,2026-03-24T01:09:36.211764+00:00,COMPLETED,3,synthetic
3653,PR,523,PO_CREATED,PO Created,2026-03-25T01:09:36.211764+00:00,2026-03-25T01:09:36.211764+00:00,COMPLETED,5,synthetic
3654,RR,616,RR_CREATED,RR Created,2026-02-13T07:09:36.211764+00:00,2026-02-13T07:09:36.211764+00:00,COMPLETED,11,synthetic
3655,RR,616,DOA,DOA Approval,2026-02-13T07:09:36.211764+00:00,2026-02-14T07:09:36.211764+00:00,COMPLETED,2,synthetic
3656,RR,616,MRP,MRP Processing,2026-02-14T07:09:36.211764+00:00,2026-02-17T07:09:36.211764+00:00,COMPLETED,,synthetic
3657,PR,524,PR_CREATED,PR Created,2026-02-17T07:09:36.211764+00:00,2026-02-17T07:09:36.211764+00:00,COMPLETED,13,synthetic
3658,PR,524,NFA,NFA Approval,2026-02-18T07:09:36.211764+00:00,2026-02-21T07:09:36.211764+00:00,COMPLETED,15,synthetic
3659,PR,524,PO_CREATED,PO Created,2026-02-22T07:09:36.211764+00:00,2026-02-22T07:09:36.211764+00:00,COMPLETED,13,synthetic
3660,RR,617,RR_CREATED,RR Created,2026-02-27T04:09:36.211764+00:00,2026-02-27T04:09:36.211764+00:00,COMPLETED,16,synthetic
3661,RR,617,DOA,DOA Approval,2026-02-27T04:09:36.211764+00:00,2026-02-28T04:09:36.211764+00:00,COMPLETED,2,synthetic
3662,RR,617,MRP,MRP Processing,2026-02-28T04:09:36.211764+00:00,2026-03-03T04:09:36.211764+00:00,COMPLETED,,synthetic
3663,PR,525,PR_CREATED,PR Created,2026-03-03T04:09:36.211764+00:00,2026-03-03T04:09:36.211764+00:00,COMPLETED,5,synthetic
3664,PR,525,RFQ,RFQ,2026-03-04T04:09:36.211764+00:00,2026-04-14T04:09:36.211764+00:00,COMPLETED,5,synthetic
3665,PR,525,PO_CREATED,PO Created,2026-04-15T04:09:36.211764+00:00,2026-04-15T04:09:36.211764+00:00,COMPLETED,5,synthetic
3666,RR,618,RR_CREATED,RR Created,2026-02-17T21:09:36.211764+00:00,2026-02-17T21:09:36.211764+00:00,COMPLETED,7,synthetic
3667,RR,618,DOA,DOA Approval,2026-02-17T21:09:36.211764+00:00,2026-02-20T21:09:36.211764+00:00,COMPLETED,2,synthetic
3668,RR,618,MRP,MRP Processing,2026-02-20T21:09:36.211764+00:00,2026-02-21T21:09:36.211764+00:00,COMPLETED,,synthetic
3669,PR,526,PR_CREATED,PR Created,2026-02-21T21:09:36.211764+00:00,2026-02-21T21:09:36.211764+00:00,COMPLETED,24,synthetic
3670,PR,526,RFQ,RFQ,2026-02-22T21:09:36.211764+00:00,2026-03-02T21:09:36.211764+00:00,COMPLETED,24,synthetic
3671,PR,526,ARIBA,Ariba Event,2026-03-03T21:09:36.211764+00:00,2026-04-08T21:09:36.211764+00:00,COMPLETED,24,synthetic
3672,PR,526,PO_CREATED,PO Created,2026-04-09T21:09:36.211764+00:00,2026-04-09T21:09:36.211764+00:00,COMPLETED,24,synthetic
3673,RR,619,RR_CREATED,RR Created,2026-04-06T16:09:36.211764+00:00,2026-04-06T16:09:36.211764+00:00,COMPLETED,17,synthetic
3674,RR,619,DOA,DOA Approval,2026-04-06T16:09:36.211764+00:00,2026-04-10T16:09:36.211764+00:00,COMPLETED,15,synthetic
3675,RR,619,MRP,MRP Processing,2026-04-10T16:09:36.211764+00:00,2026-04-11T16:09:36.211764+00:00,COMPLETED,,synthetic
3676,PR,527,PR_CREATED,PR Created,2026-04-11T16:09:36.211764+00:00,2026-04-11T16:09:36.211764+00:00,COMPLETED,24,synthetic
3677,PR,527,RFQ,RFQ,2026-04-12T16:09:36.211764+00:00,,IN_PROGRESS,24,synthetic
3678,RR,620,RR_CREATED,RR Created,2026-01-20T01:09:36.211764+00:00,2026-01-20T01:09:36.211764+00:00,COMPLETED,22,synthetic
3679,RR,620,DOA,DOA Approval,2026-01-20T01:09:36.211764+00:00,2026-01-23T01:09:36.211764+00:00,COMPLETED,2,synthetic
3680,RR,620,MRP,MRP Processing,2026-01-23T01:09:36.211764+00:00,2026-01-24T01:09:36.211764+00:00,COMPLETED,,synthetic
3681,PR,528,PR_CREATED,PR Created,2026-01-24T01:09:36.211764+00:00,2026-01-24T01:09:36.211764+00:00,COMPLETED,24,synthetic
3682,PR,528,RFQ,RFQ,2026-01-25T01:09:36.211764+00:00,2026-02-03T01:09:36.211764+00:00,COMPLETED,24,synthetic
3683,PR,528,NFA,NFA Approval,2026-02-04T01:09:36.211764+00:00,2026-02-08T01:09:36.211764+00:00,COMPLETED,3,synthetic
3684,PR,528,PO_CREATED,PO Created,2026-02-09T01:09:36.211764+00:00,2026-02-09T01:09:36.211764+00:00,COMPLETED,24,synthetic
3685,RR,621,RR_CREATED,RR Created,2026-07-03T16:09:36.211764+00:00,2026-07-03T16:09:36.211764+00:00,COMPLETED,16,synthetic
3686,RR,621,DOA,DOA Approval,2026-07-03T16:09:36.211764+00:00,,IN_PROGRESS,2,synthetic
3687,RR,622,RR_CREATED,RR Created,2026-01-11T11:09:36.211764+00:00,2026-01-11T11:09:36.211764+00:00,COMPLETED,20,synthetic
3688,RR,622,DOA,DOA Approval,2026-01-11T11:09:36.211764+00:00,2026-01-26T11:09:36.211764+00:00,COMPLETED,15,synthetic
3689,RR,622,MRP,MRP Processing,2026-01-26T11:09:36.211764+00:00,2026-01-28T11:09:36.211764+00:00,COMPLETED,,synthetic
3690,PR,529,PR_CREATED,PR Created,2026-01-28T11:09:36.211764+00:00,2026-01-28T11:09:36.211764+00:00,COMPLETED,13,synthetic
3691,PR,529,NFA,NFA Approval,2026-01-29T11:09:36.211764+00:00,2026-02-03T11:09:36.211764+00:00,COMPLETED,3,synthetic
3692,RR,623,RR_CREATED,RR Created,2026-05-18T08:09:36.211764+00:00,2026-05-18T08:09:36.211764+00:00,COMPLETED,4,synthetic
3693,RR,623,DOA,DOA Approval,2026-05-18T08:09:36.211764+00:00,2026-06-13T08:09:36.211764+00:00,COMPLETED,15,synthetic
3694,RR,623,MRP,MRP Processing,2026-06-13T08:09:36.211764+00:00,2026-06-15T08:09:36.211764+00:00,COMPLETED,,synthetic
3695,PR,530,PR_CREATED,PR Created,2026-06-15T08:09:36.211764+00:00,2026-06-15T08:09:36.211764+00:00,COMPLETED,5,synthetic
3696,PR,530,NFA,NFA Approval,2026-06-16T08:09:36.211764+00:00,2026-06-19T08:09:36.211764+00:00,COMPLETED,3,synthetic
3697,PR,530,PO_CREATED,PO Created,2026-06-20T08:09:36.211764+00:00,2026-06-20T08:09:36.211764+00:00,COMPLETED,5,synthetic
3698,RR,624,RR_CREATED,RR Created,2025-12-21T10:09:36.211764+00:00,2025-12-21T10:09:36.211764+00:00,COMPLETED,23,synthetic
3699,RR,624,DOA,DOA Approval,2025-12-21T10:09:36.211764+00:00,2025-12-23T10:09:36.211764+00:00,COMPLETED,2,synthetic
3700,RR,624,MRP,MRP Processing,2025-12-23T10:09:36.211764+00:00,2026-01-09T10:09:36.211764+00:00,COMPLETED,,synthetic
3701,PR,531,PR_CREATED,PR Created,2026-01-09T10:09:36.211764+00:00,2026-01-09T10:09:36.211764+00:00,COMPLETED,24,synthetic
3702,PR,531,RFQ,RFQ,2026-01-10T10:09:36.211764+00:00,2026-01-16T10:09:36.211764+00:00,COMPLETED,24,synthetic
3703,PR,531,ARIBA,Ariba Event,2026-01-17T10:09:36.211764+00:00,2026-01-20T10:09:36.211764+00:00,COMPLETED,24,synthetic
3704,PR,531,AUCTION,Auction,2026-01-20T15:09:36.211764+00:00,2026-01-20T22:09:36.211764+00:00,COMPLETED,24,synthetic
3705,PR,531,PO_CREATED,PO Created,2026-01-21T22:09:36.211764+00:00,2026-01-21T22:09:36.211764+00:00,COMPLETED,24,synthetic
3706,RR,625,RR_CREATED,RR Created,2026-04-18T00:09:36.211764+00:00,2026-04-18T00:09:36.211764+00:00,COMPLETED,14,synthetic
3707,RR,625,DOA,DOA Approval,2026-04-18T00:09:36.211764+00:00,2026-04-20T00:09:36.211764+00:00,COMPLETED,3,synthetic
3708,RR,625,MRP,MRP Processing,2026-04-20T00:09:36.211764+00:00,2026-04-22T00:09:36.211764+00:00,COMPLETED,,synthetic
3709,PR,532,PR_CREATED,PR Created,2026-04-22T00:09:36.211764+00:00,2026-04-22T00:09:36.211764+00:00,COMPLETED,24,synthetic
3710,PR,532,RFQ,RFQ,2026-04-23T00:09:36.211764+00:00,2026-05-02T00:09:36.211764+00:00,COMPLETED,24,synthetic
3711,PR,532,ARIBA,Ariba Event,2026-05-03T00:09:36.211764+00:00,2026-05-06T00:09:36.211764+00:00,COMPLETED,24,synthetic
3712,PR,532,AUCTION,Auction,2026-05-06T17:09:36.211764+00:00,2026-05-07T01:09:36.211764+00:00,COMPLETED,24,synthetic
3713,PR,532,NFA,NFA Approval,2026-05-08T01:09:36.211764+00:00,2026-05-11T01:09:36.211764+00:00,COMPLETED,15,synthetic
3714,PR,532,PO_CREATED,PO Created,2026-05-12T01:09:36.211764+00:00,2026-05-12T01:09:36.211764+00:00,COMPLETED,24,synthetic
3715,RR,626,RR_CREATED,RR Created,2026-04-01T21:09:36.211764+00:00,2026-04-01T21:09:36.211764+00:00,COMPLETED,13,synthetic
3716,RR,626,DOA,DOA Approval,2026-04-01T21:09:36.211764+00:00,2026-04-04T21:09:36.211764+00:00,COMPLETED,2,synthetic
3717,RR,626,MRP,MRP Processing,2026-04-04T21:09:36.211764+00:00,2026-04-07T21:09:36.211764+00:00,COMPLETED,,synthetic
3718,PR,533,PR_CREATED,PR Created,2026-04-07T21:09:36.211764+00:00,2026-04-07T21:09:36.211764+00:00,COMPLETED,5,synthetic
3719,PR,533,RFQ,RFQ,2026-04-08T21:09:36.211764+00:00,2026-04-16T21:09:36.211764+00:00,COMPLETED,5,synthetic
3720,PR,533,ARIBA,Ariba Event,2026-04-17T21:09:36.211764+00:00,2026-04-24T21:09:36.211764+00:00,COMPLETED,5,synthetic
3721,PR,533,NFA,NFA Approval,2026-04-25T21:09:36.211764+00:00,2026-04-30T21:09:36.211764+00:00,COMPLETED,15,synthetic
3722,PR,533,PO_CREATED,PO Created,2026-05-01T21:09:36.211764+00:00,2026-05-01T21:09:36.211764+00:00,COMPLETED,5,synthetic
3723,RR,627,RR_CREATED,RR Created,2026-05-10T17:09:36.211764+00:00,2026-05-10T17:09:36.211764+00:00,COMPLETED,8,synthetic
3724,RR,627,DOA,DOA Approval,2026-05-10T17:09:36.211764+00:00,2026-05-13T17:09:36.211764+00:00,COMPLETED,3,synthetic
3725,RR,627,MRP,MRP Processing,2026-05-13T17:09:36.211764+00:00,2026-05-16T17:09:36.211764+00:00,COMPLETED,,synthetic
3726,PR,534,PR_CREATED,PR Created,2026-05-16T17:09:36.211764+00:00,2026-05-16T17:09:36.211764+00:00,COMPLETED,13,synthetic
3727,PR,534,RFQ,RFQ,2026-05-17T17:09:36.211764+00:00,2026-05-22T17:09:36.211764+00:00,COMPLETED,13,synthetic
3728,PR,534,ARIBA,Ariba Event,2026-05-23T17:09:36.211764+00:00,2026-05-29T17:09:36.211764+00:00,COMPLETED,13,synthetic
3729,PR,534,AUCTION,Auction,2026-05-29T20:09:36.211764+00:00,2026-05-29T23:09:36.211764+00:00,COMPLETED,13,synthetic
3730,PR,534,PO_CREATED,PO Created,2026-05-30T23:09:36.211764+00:00,2026-05-30T23:09:36.211764+00:00,COMPLETED,13,synthetic
3731,RR,628,RR_CREATED,RR Created,2026-04-20T08:09:36.211764+00:00,2026-04-20T08:09:36.211764+00:00,COMPLETED,11,synthetic
3732,RR,628,DOA,DOA Approval,2026-04-20T08:09:36.211764+00:00,2026-04-22T08:09:36.211764+00:00,COMPLETED,2,synthetic
3733,RR,628,MRP,MRP Processing,2026-04-22T08:09:36.211764+00:00,2026-04-23T08:09:36.211764+00:00,COMPLETED,,synthetic
3734,PR,535,PR_CREATED,PR Created,2026-04-23T08:09:36.211764+00:00,2026-04-23T08:09:36.211764+00:00,COMPLETED,5,synthetic
3735,PR,535,RFQ,RFQ,2026-04-24T08:09:36.211764+00:00,2026-05-02T08:09:36.211764+00:00,COMPLETED,5,synthetic
3736,PR,535,PO_CREATED,PO Created,2026-05-03T08:09:36.211764+00:00,2026-05-03T08:09:36.211764+00:00,COMPLETED,5,synthetic
3737,RR,629,RR_CREATED,RR Created,2026-04-27T04:09:36.211764+00:00,2026-04-27T04:09:36.211764+00:00,COMPLETED,7,synthetic
3738,RR,629,DOA,DOA Approval,2026-04-27T04:09:36.211764+00:00,2026-04-29T04:09:36.211764+00:00,COMPLETED,3,synthetic
3739,RR,629,MRP,MRP Processing,2026-04-29T04:09:36.211764+00:00,2026-04-30T04:09:36.211764+00:00,COMPLETED,,synthetic
3740,PR,536,PR_CREATED,PR Created,2026-04-30T04:09:36.211764+00:00,2026-04-30T04:09:36.211764+00:00,COMPLETED,12,synthetic
3741,PR,536,NFA,NFA Approval,2026-05-01T04:09:36.211764+00:00,2026-05-05T04:09:36.211764+00:00,COMPLETED,3,synthetic
3742,PR,536,PO_CREATED,PO Created,2026-05-06T04:09:36.211764+00:00,2026-05-06T04:09:36.211764+00:00,COMPLETED,12,synthetic
3743,RR,630,RR_CREATED,RR Created,2026-04-05T15:09:36.211764+00:00,2026-04-05T15:09:36.211764+00:00,COMPLETED,13,synthetic
3744,RR,630,DOA,DOA Approval,2026-04-05T15:09:36.211764+00:00,2026-04-06T15:09:36.211764+00:00,COMPLETED,3,synthetic
3745,RR,630,MRP,MRP Processing,2026-04-06T15:09:36.211764+00:00,2026-04-08T15:09:36.211764+00:00,COMPLETED,,synthetic
3746,PR,537,PR_CREATED,PR Created,2026-04-08T15:09:36.211764+00:00,2026-04-08T15:09:36.211764+00:00,COMPLETED,12,synthetic
3747,PR,537,RFQ,RFQ,2026-04-09T15:09:36.211764+00:00,,IN_PROGRESS,12,synthetic
3748,RR,631,RR_CREATED,RR Created,2026-02-26T00:09:36.211764+00:00,2026-02-26T00:09:36.211764+00:00,COMPLETED,8,synthetic
3749,RR,631,DOA,DOA Approval,2026-02-26T00:09:36.211764+00:00,2026-03-02T00:09:36.211764+00:00,COMPLETED,3,synthetic
3750,RR,631,MRP,MRP Processing,2026-03-02T00:09:36.211764+00:00,2026-03-03T00:09:36.211764+00:00,COMPLETED,,synthetic
3751,PR,538,PR_CREATED,PR Created,2026-03-03T00:09:36.211764+00:00,2026-03-03T00:09:36.211764+00:00,COMPLETED,5,synthetic
3752,RR,632,RR_CREATED,RR Created,2026-02-19T23:09:36.211764+00:00,2026-02-19T23:09:36.211764+00:00,COMPLETED,11,synthetic
3753,RR,632,DOA,DOA Approval,2026-02-19T23:09:36.211764+00:00,2026-02-23T23:09:36.211764+00:00,COMPLETED,3,synthetic
3754,RR,632,MRP,MRP Processing,2026-02-23T23:09:36.211764+00:00,2026-02-24T23:09:36.211764+00:00,COMPLETED,,synthetic
3755,PR,539,PR_CREATED,PR Created,2026-02-24T23:09:36.211764+00:00,2026-02-24T23:09:36.211764+00:00,COMPLETED,12,synthetic
3756,PR,539,RFQ,RFQ,2026-02-25T23:09:36.211764+00:00,2026-03-30T23:09:36.211764+00:00,COMPLETED,12,synthetic
3757,PR,539,PO_CREATED,PO Created,2026-03-31T23:09:36.211764+00:00,2026-03-31T23:09:36.211764+00:00,COMPLETED,12,synthetic
3758,RR,633,RR_CREATED,RR Created,2026-08-08T22:09:36.211764+00:00,2026-08-08T22:09:36.211764+00:00,COMPLETED,7,synthetic
3759,RR,633,DOA,DOA Approval,2026-08-08T22:09:36.211764+00:00,,IN_PROGRESS,15,synthetic
3760,RR,634,RR_CREATED,RR Created,2026-06-28T05:09:36.211764+00:00,2026-06-28T05:09:36.211764+00:00,COMPLETED,23,synthetic
3761,RR,634,DOA,DOA Approval,2026-06-28T05:09:36.211764+00:00,2026-07-01T05:09:36.211764+00:00,COMPLETED,15,synthetic
3762,RR,634,MRP,MRP Processing,2026-07-01T05:09:36.211764+00:00,2026-07-04T05:09:36.211764+00:00,COMPLETED,,synthetic
3763,PR,540,PR_CREATED,PR Created,2026-07-04T05:09:36.211764+00:00,2026-07-04T05:09:36.211764+00:00,COMPLETED,24,synthetic
3764,PR,540,RFQ,RFQ,2026-07-05T05:09:36.211764+00:00,,IN_PROGRESS,24,synthetic
3765,RR,635,RR_CREATED,RR Created,2026-05-31T14:09:36.211764+00:00,2026-05-31T14:09:36.211764+00:00,COMPLETED,24,synthetic
3766,RR,635,DOA,DOA Approval,2026-05-31T14:09:36.211764+00:00,2026-06-03T14:09:36.211764+00:00,COMPLETED,15,synthetic
3767,RR,635,MRP,MRP Processing,2026-06-03T14:09:36.211764+00:00,2026-06-06T14:09:36.211764+00:00,COMPLETED,,synthetic
3768,PR,541,PR_CREATED,PR Created,2026-06-06T14:09:36.211764+00:00,2026-06-06T14:09:36.211764+00:00,COMPLETED,5,synthetic
3769,PR,541,RFQ,RFQ,2026-06-07T14:09:36.211764+00:00,2026-06-16T14:09:36.211764+00:00,COMPLETED,5,synthetic
3770,PR,541,ARIBA,Ariba Event,2026-06-17T14:09:36.211764+00:00,2026-06-22T14:09:36.211764+00:00,COMPLETED,5,synthetic
3771,PR,541,NFA,NFA Approval,2026-06-23T14:09:36.211764+00:00,2026-06-25T14:09:36.211764+00:00,COMPLETED,15,synthetic
3772,PR,541,PO_CREATED,PO Created,2026-06-26T14:09:36.211764+00:00,2026-06-26T14:09:36.211764+00:00,COMPLETED,5,synthetic
3773,RR,636,RR_CREATED,RR Created,2026-07-12T13:09:36.211764+00:00,2026-07-12T13:09:36.211764+00:00,COMPLETED,22,synthetic
3774,RR,636,DOA,DOA Approval,2026-07-12T13:09:36.211764+00:00,2026-07-13T13:09:36.211764+00:00,COMPLETED,15,synthetic
3775,RR,636,MRP,MRP Processing,2026-07-13T13:09:36.211764+00:00,2026-07-14T13:09:36.211764+00:00,COMPLETED,,synthetic
3776,PR,542,PR_CREATED,PR Created,2026-07-14T13:09:36.211764+00:00,2026-07-14T13:09:36.211764+00:00,COMPLETED,5,synthetic
3777,PR,542,PO_CREATED,PO Created,2026-07-15T13:09:36.211764+00:00,2026-07-15T13:09:36.211764+00:00,COMPLETED,5,synthetic
3778,RR,637,RR_CREATED,RR Created,2026-07-27T18:09:36.211764+00:00,2026-07-27T18:09:36.211764+00:00,COMPLETED,8,synthetic
3779,RR,637,DOA,DOA Approval,2026-07-27T18:09:36.211764+00:00,,IN_PROGRESS,3,synthetic
3780,RR,638,RR_CREATED,RR Created,2026-05-08T18:09:36.211764+00:00,2026-05-08T18:09:36.211764+00:00,COMPLETED,24,synthetic
3781,RR,638,DOA,DOA Approval,2026-05-08T18:09:36.211764+00:00,,IN_PROGRESS,3,synthetic
3782,RR,639,RR_CREATED,RR Created,2025-12-03T06:09:36.211764+00:00,2025-12-03T06:09:36.211764+00:00,COMPLETED,18,synthetic
3783,RR,639,DOA,DOA Approval,2025-12-03T06:09:36.211764+00:00,2025-12-05T06:09:36.211764+00:00,COMPLETED,3,synthetic
3784,RR,639,MRP,MRP Processing,2025-12-05T06:09:36.211764+00:00,2025-12-07T06:09:36.211764+00:00,COMPLETED,,synthetic
3785,PR,543,PR_CREATED,PR Created,2025-12-07T06:09:36.211764+00:00,2025-12-07T06:09:36.211764+00:00,COMPLETED,13,synthetic
3786,PR,543,RFQ,RFQ,2025-12-08T06:09:36.211764+00:00,2025-12-15T06:09:36.211764+00:00,COMPLETED,13,synthetic
3787,PR,543,ARIBA,Ariba Event,2025-12-16T06:09:36.211764+00:00,2025-12-19T06:09:36.211764+00:00,COMPLETED,13,synthetic
3788,PR,543,AUCTION,Auction,2025-12-20T02:09:36.211764+00:00,2025-12-20T09:09:36.211764+00:00,COMPLETED,13,synthetic
3789,PR,543,NFA,NFA Approval,2025-12-21T09:09:36.211764+00:00,2026-01-09T09:09:36.211764+00:00,COMPLETED,15,synthetic
3790,PR,543,PO_CREATED,PO Created,2026-01-10T09:09:36.211764+00:00,2026-01-10T09:09:36.211764+00:00,COMPLETED,13,synthetic
3791,RR,640,RR_CREATED,RR Created,2026-07-30T02:09:36.211764+00:00,2026-07-30T02:09:36.211764+00:00,COMPLETED,16,synthetic
3792,RR,640,DOA,DOA Approval,2026-07-30T02:09:36.211764+00:00,2026-07-31T02:09:36.211764+00:00,COMPLETED,15,synthetic
3793,RR,640,MRP,MRP Processing,2026-07-31T02:09:36.211764+00:00,2026-08-01T02:09:36.211764+00:00,COMPLETED,,synthetic
3794,PR,544,PR_CREATED,PR Created,2026-08-01T02:09:36.211764+00:00,2026-08-01T02:09:36.211764+00:00,COMPLETED,13,synthetic
3795,PR,544,RFQ,RFQ,2026-08-02T02:09:36.211764+00:00,2026-08-11T02:09:36.211764+00:00,COMPLETED,13,synthetic
3796,PR,544,ARIBA,Ariba Event,2026-08-12T02:09:36.211764+00:00,,IN_PROGRESS,13,synthetic
3797,RR,641,RR_CREATED,RR Created,2026-07-10T07:09:36.211764+00:00,2026-07-10T07:09:36.211764+00:00,COMPLETED,22,synthetic
3798,RR,641,DOA,DOA Approval,2026-07-10T07:09:36.211764+00:00,,IN_PROGRESS,3,synthetic
3799,RR,642,RR_CREATED,RR Created,2026-04-03T05:09:36.211764+00:00,2026-04-03T05:09:36.211764+00:00,COMPLETED,20,synthetic
3800,RR,642,DOA,DOA Approval,2026-04-03T05:09:36.211764+00:00,2026-04-06T05:09:36.211764+00:00,COMPLETED,15,synthetic
3801,RR,642,MRP,MRP Processing,2026-04-06T05:09:36.211764+00:00,2026-04-09T05:09:36.211764+00:00,COMPLETED,,synthetic
3802,PR,545,PR_CREATED,PR Created,2026-04-09T05:09:36.211764+00:00,2026-04-09T05:09:36.211764+00:00,COMPLETED,12,synthetic
3803,PR,545,RFQ,RFQ,2026-04-10T05:09:36.211764+00:00,,IN_PROGRESS,12,synthetic
3804,RR,643,RR_CREATED,RR Created,2026-01-13T16:09:36.211764+00:00,2026-01-13T16:09:36.211764+00:00,COMPLETED,2,synthetic
3805,RR,643,DOA,DOA Approval,2026-01-13T16:09:36.211764+00:00,,IN_PROGRESS,15,synthetic
3806,RR,644,RR_CREATED,RR Created,2026-01-31T23:09:36.211764+00:00,2026-01-31T23:09:36.211764+00:00,COMPLETED,18,synthetic
3807,RR,644,DOA,DOA Approval,2026-01-31T23:09:36.211764+00:00,2026-02-02T23:09:36.211764+00:00,COMPLETED,15,synthetic
3808,RR,644,MRP,MRP Processing,2026-02-02T23:09:36.211764+00:00,2026-02-03T23:09:36.211764+00:00,COMPLETED,,synthetic
3809,PR,546,PR_CREATED,PR Created,2026-02-03T23:09:36.211764+00:00,2026-02-03T23:09:36.211764+00:00,COMPLETED,13,synthetic
3810,PR,546,RFQ,RFQ,2026-02-04T23:09:36.211764+00:00,2026-03-09T23:09:36.211764+00:00,COMPLETED,13,synthetic
3811,PR,546,ARIBA,Ariba Event,2026-03-10T23:09:36.211764+00:00,2026-03-15T23:09:36.211764+00:00,COMPLETED,13,synthetic
3812,PR,546,AUCTION,Auction,2026-03-16T11:09:36.211764+00:00,2026-03-16T13:09:36.211764+00:00,COMPLETED,13,synthetic
3813,PR,546,NFA,NFA Approval,2026-03-17T13:09:36.211764+00:00,2026-03-22T13:09:36.211764+00:00,COMPLETED,3,synthetic
3814,PR,546,PO_CREATED,PO Created,2026-03-23T13:09:36.211764+00:00,2026-03-23T13:09:36.211764+00:00,COMPLETED,13,synthetic
3815,RR,645,RR_CREATED,RR Created,2026-01-24T18:09:36.211764+00:00,2026-01-24T18:09:36.211764+00:00,COMPLETED,5,synthetic
3816,RR,645,DOA,DOA Approval,2026-01-24T18:09:36.211764+00:00,2026-01-27T18:09:36.211764+00:00,COMPLETED,3,synthetic
3817,RR,645,MRP,MRP Processing,2026-01-27T18:09:36.211764+00:00,2026-01-29T18:09:36.211764+00:00,COMPLETED,,synthetic
3818,PR,547,PR_CREATED,PR Created,2026-01-29T18:09:36.211764+00:00,2026-01-29T18:09:36.211764+00:00,COMPLETED,12,synthetic
3819,PR,547,RFQ,RFQ,2026-01-30T18:09:36.211764+00:00,2026-02-06T18:09:36.211764+00:00,COMPLETED,12,synthetic
3820,PR,547,NFA,NFA Approval,2026-02-07T18:09:36.211764+00:00,2026-02-12T18:09:36.211764+00:00,COMPLETED,15,synthetic
3821,PR,547,PO_CREATED,PO Created,2026-02-13T18:09:36.211764+00:00,2026-02-13T18:09:36.211764+00:00,COMPLETED,12,synthetic
3822,RR,646,RR_CREATED,RR Created,2026-06-20T10:09:36.211764+00:00,2026-06-20T10:09:36.211764+00:00,COMPLETED,9,synthetic
3823,RR,646,DOA,DOA Approval,2026-06-20T10:09:36.211764+00:00,,IN_PROGRESS,2,synthetic
3824,RR,647,RR_CREATED,RR Created,2026-05-08T20:09:36.211764+00:00,2026-05-08T20:09:36.211764+00:00,COMPLETED,15,synthetic
3825,RR,647,DOA,DOA Approval,2026-05-08T20:09:36.211764+00:00,2026-05-11T20:09:36.211764+00:00,COMPLETED,2,synthetic
3826,RR,647,MRP,MRP Processing,2026-05-11T20:09:36.211764+00:00,2026-05-14T20:09:36.211764+00:00,COMPLETED,,synthetic
3827,PR,548,PR_CREATED,PR Created,2026-05-14T20:09:36.211764+00:00,2026-05-14T20:09:36.211764+00:00,COMPLETED,13,synthetic
3828,PR,548,PO_CREATED,PO Created,2026-05-15T20:09:36.211764+00:00,2026-05-15T20:09:36.211764+00:00,COMPLETED,13,synthetic
3829,RR,648,RR_CREATED,RR Created,2026-05-06T12:09:36.211764+00:00,2026-05-06T12:09:36.211764+00:00,COMPLETED,22,synthetic
3830,RR,648,DOA,DOA Approval,2026-05-06T12:09:36.211764+00:00,2026-05-07T12:09:36.211764+00:00,COMPLETED,2,synthetic
3831,RR,648,MRP,MRP Processing,2026-05-07T12:09:36.211764+00:00,2026-05-08T12:09:36.211764+00:00,COMPLETED,,synthetic
3832,PR,549,PR_CREATED,PR Created,2026-05-08T12:09:36.211764+00:00,2026-05-08T12:09:36.211764+00:00,COMPLETED,5,synthetic
3833,PR,549,RFQ,RFQ,2026-05-09T12:09:36.211764+00:00,2026-06-20T12:09:36.211764+00:00,COMPLETED,5,synthetic
3834,PR,549,NFA,NFA Approval,2026-06-21T12:09:36.211764+00:00,2026-06-25T12:09:36.211764+00:00,COMPLETED,15,synthetic
3835,PR,549,PO_CREATED,PO Created,2026-06-26T12:09:36.211764+00:00,2026-06-26T12:09:36.211764+00:00,COMPLETED,5,synthetic
3836,RR,649,RR_CREATED,RR Created,2026-04-09T23:09:36.211764+00:00,2026-04-09T23:09:36.211764+00:00,COMPLETED,4,synthetic
3837,RR,649,DOA,DOA Approval,2026-04-09T23:09:36.211764+00:00,2026-04-11T23:09:36.211764+00:00,COMPLETED,2,synthetic
3838,RR,649,MRP,MRP Processing,2026-04-11T23:09:36.211764+00:00,2026-04-12T23:09:36.211764+00:00,COMPLETED,,synthetic
3839,PR,550,PR_CREATED,PR Created,2026-04-12T23:09:36.211764+00:00,2026-04-12T23:09:36.211764+00:00,COMPLETED,13,synthetic
3840,PR,550,PO_CREATED,PO Created,2026-04-13T23:09:36.211764+00:00,2026-04-13T23:09:36.211764+00:00,COMPLETED,13,synthetic
3841,RR,650,RR_CREATED,RR Created,2026-04-19T18:09:36.211764+00:00,2026-04-19T18:09:36.211764+00:00,COMPLETED,4,synthetic
3842,RR,650,DOA,DOA Approval,2026-04-19T18:09:36.211764+00:00,2026-04-21T18:09:36.211764+00:00,COMPLETED,15,synthetic
3843,RR,650,MRP,MRP Processing,2026-04-21T18:09:36.211764+00:00,2026-04-23T18:09:36.211764+00:00,COMPLETED,,synthetic
3844,PR,551,PR_CREATED,PR Created,2026-04-23T18:09:36.211764+00:00,2026-04-23T18:09:36.211764+00:00,COMPLETED,13,synthetic
3845,PR,551,RFQ,RFQ,2026-04-24T18:09:36.211764+00:00,2026-05-03T18:09:36.211764+00:00,COMPLETED,13,synthetic
3846,PR,551,NFA,NFA Approval,2026-05-04T18:09:36.211764+00:00,2026-05-19T18:09:36.211764+00:00,COMPLETED,15,synthetic
3847,PR,551,PO_CREATED,PO Created,2026-05-20T18:09:36.211764+00:00,2026-05-20T18:09:36.211764+00:00,COMPLETED,13,synthetic
