id,rr_number,requester_id,plant,department,creation_date,required_date,purpose,status,priority,total_estimated_value,source_system,created_at,updated_at
1,RR-1001,20,Gamsberg,Mining Operations,2026-03-31,2026-04-23,"Mining Operations spares replenishment - Jaw Crusher Fixed Jaw Plate, wave-profile, manganese steel",COMPLETED,Normal,4235053.6,synthetic,2026-03-31T05:09:36.211764+00:00,2026-08-25T09:09:36.211764+00:00
2,RR-1002,1,Gamsberg,Instrumentation & Electrical,2026-07-14,2026-08-23,"Instrumentation & Electrical spares replenishment - Crusher Toggle Plate, standard rating",COMPLETED,High,12556296.06,synthetic,2026-07-14T00:09:36.211764+00:00,2026-08-25T09:09:36.211764+00:00
3,RR-1003,24,Gamsberg,Mining Operations,2026-06-15,2026-07-04,"Mining Operations spares replenishment - Troughing Idler Set, 1200mm belt width, 3-roll",COMPLETED,Normal,71744.07,synthetic,2026-06-15T23:09:36.211764+00:00,2026-08-25T09:09:36.211764+00:00
4,RR-1004,15,Gamsberg,Processing / Plant Operations,2026-01-31,2026-03-23,"Processing / Plant Operations spares replenishment - Circuit Breaker, MCCB, 1000A",COMPLETED,Normal,383416.35,synthetic,2026-01-31T02:09:36.211764+00:00,2026-08-25T09:09:36.211764+00:00
5,RR-1005,1,Gamsberg,Instrumentation & Electrical,2026-07-26,2026-09-06,"Instrumentation & Electrical spares replenishment - TEFC Induction Motor, 90kW, 4-pole, IE3",CANCELLED,High,907795.68,synthetic,2026-07-26T11:09:36.211764+00:00,2026-08-25T09:09:36.211764+00:00
6,RR-1006,19,BMM,Mechanical Engineering,2026-07-20,2026-09-01,"Mechanical Engineering spares replenishment - Level Transmitter, ultrasonic, 0-20m range",COMPLETED,Normal,1261442.05,synthetic,2026-07-20T14:09:36.211764+00:00,2026-08-25T09:09:36.211764+00:00
7,RR-1007,16,Gamsberg,Mining Operations,2026-04-04,2026-04-22,"Mining Operations spares replenishment - Mill Trunnion Bearing Liner, discharge end",COMPLETED,Normal,3323741.26,synthetic,2026-04-04T22:09:36.211764+00:00,2026-08-25T09:09:36.211764+00:00
8,RR-1008,17,Gamsberg,Mechanical Engineering,2025-12-14,2026-02-07,"Mechanical Engineering spares replenishment - Belt Scraper Blade Set, 650mm width, tungsten tip",COMPLETED,Normal,2785691.34,synthetic,2025-12-14T18:09:36.211764+00:00,2026-08-25T09:09:36.211764+00:00
9,RR-1009,21,BMM,Plant Maintenance,2025-12-22,2026-02-04,"Plant Maintenance spares replenishment - Centrifugal Slurry Pump Casing Liner, Light duty",COMPLETED,Normal,976023.47,synthetic,2025-12-22T04:09:36.211764+00:00,2026-08-25T09:09:36.211764+00:00
10,RR-1010,18,Gamsberg,Procurement,2026-06-17,2026-07-08,"Procurement spares replenishment - Knife Gate Valve, 40mm (1.5""), rubber lined",COMPLETED,Normal,1070640.74,synthetic,2026-06-17T15:09:36.211764+00:00,2026-08-25T09:09:36.211764+00:00
11,RR-1011,23,BMM,Processing / Plant Operations,2026-06-18,2026-08-02,"Processing / Plant Operations spares replenishment - Slip Ring Induction Motor, 11kW, 6-pole",COMPLETED,Normal,785056.02,synthetic,2026-06-18T12:09:36.211764+00:00,2026-08-25T09:09:36.211764+00:00
12,RR-1012,15,Gamsberg,Processing / Plant Operations,2026-03-22,2026-05-05,"Processing / Plant Operations spares replenishment - Belt Scraper Blade Set, 1000mm width, tungsten tip",ESCALATED,High,584627.59,synthetic,2026-03-22T06:09:36.211764+00:00,2026-08-25T09:09:36.211764+00:00
13,RR-1013,24,Gamsberg,Mining Operations,2026-04-24,2026-06-08,"Mining Operations spares replenishment - Deep Groove Ball Bearing 6240-2RS, 40mm bore",COMPLETED,Normal,24938.25,synthetic,2026-04-24T09:09:36.211764+00:00,2026-08-25T09:09:36.211764+00:00
14,RR-1014,5,Gamsberg,Procurement,2026-07-22,2026-08-14,"Procurement spares replenishment - Spherical Roller Bearing 22225, 25mm bore",COMPLETED,Normal,4154663.97,synthetic,2026-07-22T22:09:36.211764+00:00,2026-08-25T09:09:36.211764+00:00
15,RR-1015,22,BMM,Safety & SHEQ,2026-07-21,2026-08-26,"Safety & SHEQ spares replenishment - Ball Mill Grinding Media, 100mm, forged steel balls",COMPLETED,Critical,3776251.38,synthetic,2026-07-21T09:09:36.211764+00:00,2026-08-25T09:09:36.211764+00:00
16,RR-1016,3,BMM,Processing / Plant Operations,2026-05-11,2026-06-28,"Processing / Plant Operations spares replenishment - Impact Idler, 650mm belt width, rubber disc",COMPLETED,Normal,146934.99,synthetic,2026-05-11T07:09:36.211764+00:00,2026-08-25T09:09:36.211764+00:00
17,RR-1017,1,Gamsberg,Instrumentation & Electrical,2026-05-07,2026-05-29,"Instrumentation & Electrical spares replenishment - Pillow Block Bearing Unit UCP230, 30mm shaft",WAITING_DOA,High,251749.85,synthetic,2026-05-07T03:09:36.211764+00:00,2026-08-25T09:09:36.211764+00:00
18,RR-1018,17,Gamsberg,Mechanical Engineering,2026-02-28,2026-04-29,"Mechanical Engineering spares replenishment - Butterfly Valve, 50mm (2""), wafer type",COMPLETED,Normal,794095.47,synthetic,2026-02-28T21:09:36.211764+00:00,2026-08-25T09:09:36.211764+00:00
19,RR-1019,8,BMM,Plant Maintenance,2026-01-06,2026-01-31,"Plant Maintenance spares replenishment - Cone Crusher Mantle, extra-coarse profile",COMPLETED,Normal,6620330.62,synthetic,2026-01-06T09:09:36.211764+00:00,2026-08-25T09:09:36.211764+00:00
20,RR-1020,4,Gamsberg,Instrumentation & Electrical,2026-06-02,2026-06-29,"Instrumentation & Electrical spares replenishment - Vertical Sump Pump Shaft Assembly, Light duty",COMPLETED,Normal,1355496.65,synthetic,2026-06-02T14:09:36.211764+00:00,2026-08-25T09:09:36.211764+00:00
21,RR-1021,2,BMM,Warehouse & Stores,2026-03-14,2026-03-28,Warehouse & Stores spares replenishment - items per attached list,COMPLETED,Normal,1805760.85,synthetic,2026-03-14T21:09:36.211764+00:00,2026-08-25T09:09:36.211764+00:00
22,RR-1022,2,BMM,Warehouse & Stores,2026-08-17,2026-10-15,"Warehouse & Stores spares replenishment - Pressure Transmitter, 0-100 bar range, 4-20mA",COMPLETED,High,513487.2,synthetic,2026-08-17T11:09:36.211764+00:00,2026-08-25T09:09:36.211764+00:00
23,RR-1023,1,Gamsberg,Instrumentation & Electrical,2026-08-20,2026-10-06,"Instrumentation & Electrical spares replenishment - Variable Speed Drive, 15kW",COMPLETED,Normal,1976685.8,synthetic,2026-08-20T02:09:36.211764+00:00,2026-08-25T09:09:36.211764+00:00
24,RR-1024,11,Gamsberg,Instrumentation & Electrical,2026-07-04,2026-07-21,"Instrumentation & Electrical spares replenishment - MCC Contactor, 95A, 3-pole",COMPLETED,Normal,618818.8,synthetic,2026-07-04T03:09:36.211764+00:00,2026-08-25T09:09:36.211764+00:00
25,RR-1025,23,BMM,Processing / Plant Operations,2026-06-02,2026-07-11,"Processing / Plant Operations spares replenishment - Variable Speed Drive, 55kW",COMPLETED,Critical,13251730.89,synthetic,2026-06-02T12:09:36.211764+00:00,2026-08-25T09:09:36.211764+00:00
26,RR-1026,7,Gamsberg,Mining Operations,2026-02-09,2026-03-25,"Mining Operations spares replenishment - Motor Drive Coupling, elastomeric, rated for 15kW",COMPLETED,Normal,403552.9,synthetic,2026-02-09T02:09:36.211764+00:00,2026-08-25T09:09:36.211764+00:00
27,RR-1027,5,Gamsberg,Procurement,2026-05-18,2026-07-04,"Procurement spares replenishment - SAG Mill Liner Plate, head, chrome-moly steel",COMPLETED,Normal,343641.33,synthetic,2026-05-18T22:09:36.211764+00:00,2026-08-25T09:09:36.211764+00:00
28,RR-1028,6,BMM,Instrumentation & Electrical,2026-04-01,2026-05-15,"Instrumentation & Electrical spares replenishment - Mechanical Seal, shaft 50mm, tungsten carbide faces",COMPLETED,Normal,281420.59,synthetic,2026-04-01T04:09:36.211764+00:00,2026-08-25T09:09:36.211764+00:00
29,RR-1029,18,Gamsberg,Procurement,2026-06-18,2026-07-22,"Procurement spares replenishment - Pressure Transmitter, 0-10 bar range, 4-20mA",COMPLETED,Normal,512747.89,synthetic,2026-06-18T15:09:36.211764+00:00,2026-08-25T09:09:36.211764+00:00
30,RR-1030,21,BMM,Plant Maintenance,2025-11-27,2026-01-24,"Plant Maintenance spares replenishment - Flow Meter, magnetic, 40mm (1.5"")",COMPLETED,Critical,1783554.94,synthetic,2025-11-27T19:09:36.211764+00:00,2026-08-25T09:09:36.211764+00:00
31,RR-1031,24,Gamsberg,Mining Operations,2025-12-16,2026-02-07,"Mining Operations spares replenishment - Ball Mill Grinding Media, 100mm, forged steel balls",COMPLETED,High,2338450.25,synthetic,2025-12-16T19:09:36.211764+00:00,2026-08-25T09:09:36.211764+00:00
32,RR-1032,7,Gamsberg,Mining Operations,2026-07-12,2026-07-28,"Mining Operations spares replenishment - Knife Gate Valve, 40mm (1.5""), rubber lined",COMPLETED,Critical,582784.02,synthetic,2026-07-12T10:09:36.211764+00:00,2026-08-25T09:09:36.211764+00:00
33,RR-1033,9,Gamsberg,Processing / Plant Operations,2026-06-22,2026-07-10,Processing / Plant Operations spares replenishment - misc parts,WAITING_DOA,Normal,600672.45,synthetic,2026-06-22T13:09:36.211764+00:00,2026-08-25T09:09:36.211764+00:00
34,RR-1034,21,BMM,Plant Maintenance,2026-06-12,2026-07-13,"Plant Maintenance spares replenishment - Flotation Cell Impeller, tank cell, rubber coated",COMPLETED,Critical,52047.06,synthetic,2026-06-12T20:09:36.211764+00:00,2026-08-25T09:09:36.211764+00:00
35,RR-1035,6,BMM,Instrumentation & Electrical,2026-03-02,2026-04-11,"Instrumentation & Electrical spares replenishment - Conveyor Belt, steel cord, 1400mm width",COMPLETED,Normal,410768.2,synthetic,2026-03-02T01:09:36.211764+00:00,2026-08-25T09:09:36.211764+00:00
36,RR-1036,6,BMM,Instrumentation & Electrical,2026-03-12,2026-04-07,"Instrumentation & Electrical spares replenishment - Tapered Roller Bearing 32040, 40mm bore",COMPLETED,Normal,1070039.16,synthetic,2026-03-12T05:09:36.211764+00:00,2026-08-25T09:09:36.211764+00:00
37,RR-1037,13,Gamsberg,Plant Maintenance,2026-08-24,2026-10-09,"Plant Maintenance spares replenishment - Tapered Roller Bearing 32017, 17mm bore",WAITING_DOA,Normal,61993.24,synthetic,2026-08-24T05:09:36.211764+00:00,2026-08-25T09:09:36.211764+00:00
38,RR-1038,19,BMM,Mechanical Engineering,2026-01-27,2026-02-23,"Mechanical Engineering spares replenishment - Spherical Roller Bearing 22235, 35mm bore",COMPLETED,Normal,2261330.11,synthetic,2026-01-27T18:09:36.211764+00:00,2026-08-25T09:09:36.211764+00:00
39,RR-1039,1,Gamsberg,Instrumentation & Electrical,2026-02-23,2026-04-04,"Instrumentation & Electrical spares replenishment - Motor Drive Coupling, elastomeric, rated for 30kW",COMPLETED,High,3528984.42,synthetic,2026-02-23T08:09:36.211764+00:00,2026-08-25T09:09:36.211764+00:00
40,RR-1040,6,BMM,Instrumentation & Electrical,2026-07-26,2026-08-23,"Instrumentation & Electrical spares replenishment - Jaw Crusher Fixed Jaw Plate, wave-profile, manganese steel",COMPLETED,Critical,129400.3,synthetic,2026-07-26T11:09:36.211764+00:00,2026-08-25T09:09:36.211764+00:00
41,RR-1041,24,Gamsberg,Mining Operations,2026-04-25,2026-06-06,"Mining Operations spares replenishment - Cone Crusher Mantle, standard profile",COMPLETED,High,982059.08,synthetic,2026-04-25T16:09:36.211764+00:00,2026-08-25T09:09:36.211764+00:00
42,RR-1042,15,Gamsberg,Processing / Plant Operations,2026-02-17,2026-04-12,"Processing / Plant Operations spares replenishment - Knife Gate Valve, 80mm (3""), rubber lined",ESCALATED,High,836225.91,synthetic,2026-02-17T21:09:36.211764+00:00,2026-08-25T09:09:36.211764+00:00
43,RR-1043,19,BMM,Mechanical Engineering,2026-05-29,2026-07-12,"Mechanical Engineering spares replenishment - Cone Crusher Mantle, fine profile",COMPLETED,High,2127275.26,synthetic,2026-05-29T08:09:36.211764+00:00,2026-08-25T09:09:36.211764+00:00
44,RR-1044,7,Gamsberg,Mining Operations,2026-01-06,2026-01-25,"Mining Operations spares replenishment - Density Meter, nuclear, 40mm (1.5"") pipe",COMPLETED,High,1286787.97,synthetic,2026-01-06T02:09:36.211764+00:00,2026-08-25T09:09:36.211764+00:00
45,RR-1045,1,Gamsberg,Instrumentation & Electrical,2026-02-02,2026-03-25,"Instrumentation & Electrical spares replenishment - Knife Gate Valve, 25mm (1""), rubber lined",COMPLETED,High,678579.84,synthetic,2026-02-02T14:09:36.211764+00:00,2026-08-25T09:09:36.211764+00:00
46,RR-1046,9,Gamsberg,Processing / Plant Operations,2026-06-22,2026-07-08,"Processing / Plant Operations spares replenishment - Tapered Roller Bearing 32060, 60mm bore",WAITING_DOA,Normal,512196.17,synthetic,2026-06-22T05:09:36.211764+00:00,2026-08-25T09:09:36.211764+00:00
47,RR-1047,22,BMM,Safety & SHEQ,2026-04-03,2026-04-19,"Safety & SHEQ spares replenishment - Variable Speed Drive, 15kW",COMPLETED,Normal,77935.1,synthetic,2026-04-03T07:09:36.211764+00:00,2026-08-25T09:09:36.211764+00:00
48,RR-1048,6,BMM,Instrumentation & Electrical,2026-05-08,2026-06-19,"Instrumentation & Electrical spares replenishment - Flotation Cell Stator, small cell",WAITING_DOA,Normal,1267056.16,synthetic,2026-05-08T10:09:36.211764+00:00,2026-08-25T09:09:36.211764+00:00
49,RR-1049,7,Gamsberg,Mining Operations,2026-04-06,2026-04-30,"Mining Operations spares replenishment - Centrifugal Slurry Pump Impeller, Light duty, hard metal",WAITING_DOA,Normal,980385.18,synthetic,2026-04-06T13:09:36.211764+00:00,2026-08-25T09:09:36.211764+00:00
50,RR-1050,18,Gamsberg,Procurement,2026-01-27,2026-03-26,"Procurement spares replenishment - Motor Drive Coupling, elastomeric, rated for 45kW",COMPLETED,Normal,2279720.66,synthetic,2026-01-27T21:09:36.211764+00:00,2026-08-25T09:09:36.211764+00:00
51,RR-1051,7,Gamsberg,Mining Operations,2026-08-13,2026-09-24,"Mining Operations spares replenishment - Motor Drive Coupling, elastomeric, rated for 75kW",COMPLETED,Normal,118589.2,synthetic,2026-08-13T23:09:36.211764+00:00,2026-08-25T09:09:36.211764+00:00
52,RR-1052,22,BMM,Safety & SHEQ,2026-07-24,2026-08-21,"Safety & SHEQ spares replenishment - Gland Packing Set, shaft 65mm, PTFE impregnated",COMPLETED,Critical,76962.9,synthetic,2026-07-24T02:09:36.211764+00:00,2026-08-25T09:09:36.211764+00:00
53,RR-1053,6,BMM,Instrumentation & Electrical,2026-03-21,2026-04-19,"Instrumentation & Electrical spares replenishment - Variable Speed Drive, 30kW",COMPLETED,Normal,3828540.66,synthetic,2026-03-21T19:09:36.211764+00:00,2026-08-25T09:09:36.211764+00:00
54,RR-1054,19,BMM,Mechanical Engineering,2026-08-07,2026-09-04,"Mechanical Engineering spares replenishment - Deep Groove Ball Bearing 6275-2RS, 75mm bore",COMPLETED,Normal,3346187.45,synthetic,2026-08-07T16:09:36.211764+00:00,2026-08-25T09:09:36.211764+00:00
55,RR-1055,17,Gamsberg,Mechanical Engineering,2026-02-21,2026-03-16,"Mechanical Engineering spares replenishment - Froth Paddle Assembly, small cell",COMPLETED,High,6328905.99,synthetic,2026-02-21T16:09:36.211764+00:00,2026-08-25T09:09:36.211764+00:00
56,RR-1056,3,BMM,Processing / Plant Operations,2026-04-06,2026-04-21,"Processing / Plant Operations spares replenishment - SAG Mill Liner Plate, discharge grate, chrome-moly steel",COMPLETED,High,855058.12,synthetic,2026-04-06T03:09:36.211764+00:00,2026-08-25T09:09:36.211764+00:00
57,RR-1057,11,Gamsberg,Instrumentation & Electrical,2025-12-03,2025-12-22,"Instrumentation & Electrical spares replenishment - Pillow Block Bearing Unit UCP217, 17mm shaft",COMPLETED,Normal,724120.58,synthetic,2025-12-03T20:09:36.211764+00:00,2026-08-25T09:09:36.211764+00:00
58,RR-1058,11,Gamsberg,Instrumentation & Electrical,2026-02-19,2026-03-11,"Instrumentation & Electrical spares replenishment - Ball Valve, 40mm (1.5""), full bore, stainless trim",COMPLETED,High,4582460.61,synthetic,2026-02-19T17:09:36.211764+00:00,2026-08-25T09:09:36.211764+00:00
59,RR-1059,2,BMM,Warehouse & Stores,2026-05-26,2026-06-16,"Warehouse & Stores spares replenishment - Flotation Cell Stator, small cell",COMPLETED,Critical,1125025.02,synthetic,2026-05-26T19:09:36.211764+00:00,2026-08-25T09:09:36.211764+00:00
60,RR-1060,14,Gamsberg,Procurement,2026-07-23,2026-08-17,"Procurement spares replenishment - Motor Drive Coupling, elastomeric, rated for 90kW",COMPLETED,Normal,997186.93,synthetic,2026-07-23T16:09:36.211764+00:00,2026-08-25T09:09:36.211764+00:00
61,RR-1061,24,Gamsberg,Mining Operations,2026-07-09,2026-08-24,"Mining Operations spares replenishment - Flow Meter, magnetic, 150mm (6"")",COMPLETED,Normal,379341.44,synthetic,2026-07-09T07:09:36.211764+00:00,2026-08-25T09:09:36.211764+00:00
62,RR-1062,10,BMM,Mechanical Engineering,2026-07-06,2026-08-19,"Mechanical Engineering spares replenishment - Conveyor Belt, steel cord, 650mm width",COMPLETED,Normal,152072.3,synthetic,2026-07-06T23:09:36.211764+00:00,2026-08-25T09:09:36.211764+00:00
63,RR-1063,14,Gamsberg,Procurement,2026-04-30,2026-06-02,"Procurement spares replenishment - Pillow Block Bearing Unit UCP290, 90mm shaft",WAITING_DOA,High,422086.0,synthetic,2026-04-30T04:09:36.211764+00:00,2026-08-25T09:09:36.211764+00:00
64,RR-1064,3,BMM,Processing / Plant Operations,2026-03-30,2026-04-29,"Processing / Plant Operations spares replenishment - Power Cable, XLPE armoured, 4-core 16mm2",COMPLETED,High,794582.54,synthetic,2026-03-30T13:09:36.211764+00:00,2026-08-25T09:09:36.211764+00:00
65,RR-1065,23,BMM,Processing / Plant Operations,2026-04-03,2026-05-14,"Processing / Plant Operations spares replenishment - Tapered Roller Bearing 32017, 17mm bore",COMPLETED,Normal,22198.92,synthetic,2026-04-03T17:09:36.211764+00:00,2026-08-25T09:09:36.211764+00:00
66,RR-1066,17,Gamsberg,Mechanical Engineering,2026-02-16,2026-03-04,"Mechanical Engineering spares replenishment - Deep Groove Ball Bearing 6240-2RS, 40mm bore",COMPLETED,Critical,9089407.13,synthetic,2026-02-16T16:09:36.211764+00:00,2026-08-25T09:09:36.211764+00:00
67,RR-1067,15,Gamsberg,Processing / Plant Operations,2026-05-17,2026-06-06,"Processing / Plant Operations spares replenishment - Density Meter, nuclear, 40mm (1.5"") pipe",COMPLETED,Normal,6144274.31,synthetic,2026-05-17T22:09:36.211764+00:00,2026-08-25T09:09:36.211764+00:00
68,RR-1068,5,Gamsberg,Procurement,2026-05-08,2026-07-05,"Procurement spares replenishment - Slip Ring Induction Motor, 22kW, 6-pole",WAITING_DOA,Normal,1520416.72,synthetic,2026-05-08T07:09:36.211764+00:00,2026-08-25T09:09:36.211764+00:00
69,RR-1069,7,Gamsberg,Mining Operations,2026-03-30,2026-05-16,"Mining Operations spares replenishment - Spherical Roller Bearing 22240, 40mm bore",COMPLETED,Critical,333603.69,synthetic,2026-03-30T04:09:36.211764+00:00,2026-08-25T09:09:36.211764+00:00
70,RR-1070,11,Gamsberg,Instrumentation & Electrical,2026-01-22,2026-03-12,"Instrumentation & Electrical spares replenishment - Vertical Sump Pump Shaft Assembly, Heavy duty slurry",COMPLETED,Normal,938782.27,synthetic,2026-01-22T14:09:36.211764+00:00,2026-08-25T09:09:36.211764+00:00
71,RR-1071,6,BMM,Instrumentation & Electrical,2026-01-04,2026-01-25,"Instrumentation & Electrical spares replenishment - Butterfly Valve, 80mm (3""), wafer type",COMPLETED,Critical,147436.92,synthetic,2026-01-04T12:09:36.211764+00:00,2026-08-25T09:09:36.211764+00:00
72,RR-1072,20,Gamsberg,Mining Operations,2026-01-10,2026-02-16,"Mining Operations spares replenishment - Mill Trunnion Bearing Liner, discharge end",COMPLETED,Normal,947367.39,synthetic,2026-01-10T02:09:36.211764+00:00,2026-08-25T09:09:36.211764+00:00
73,RR-1073,14,Gamsberg,Procurement,2025-12-26,2026-01-14,"Procurement spares replenishment - Tapered Roller Bearing 32060, 60mm bore",COMPLETED,Normal,431888.98,synthetic,2025-12-26T06:09:36.211764+00:00,2026-08-25T09:09:36.211764+00:00
74,RR-1074,10,BMM,Mechanical Engineering,2026-07-08,2026-07-26,"Mechanical Engineering spares replenishment - Butterfly Valve, 40mm (1.5""), wafer type",COMPLETED,High,190676.78,synthetic,2026-07-08T08:09:36.211764+00:00,2026-08-25T09:09:36.211764+00:00
75,RR-1075,3,BMM,Processing / Plant Operations,2025-12-17,2026-01-14,"Processing / Plant Operations spares replenishment - Mill Trunnion Bearing Liner, discharge end",COMPLETED,Normal,5268090.24,synthetic,2025-12-17T14:09:36.211764+00:00,2026-08-25T09:09:36.211764+00:00
76,RR-1076,4,Gamsberg,Instrumentation & Electrical,2026-01-08,2026-03-07,"Instrumentation & Electrical spares replenishment - Flotation Cell Stator, tank cell",COMPLETED,Critical,437488.66,synthetic,2026-01-08T20:09:36.211764+00:00,2026-08-25T09:09:36.211764+00:00
77,RR-1077,6,BMM,Instrumentation & Electrical,2026-04-19,2026-06-11,"Instrumentation & Electrical spares replenishment - Slip Ring Induction Motor, 15kW, 6-pole",WAITING_DOA,High,1208346.4,synthetic,2026-04-19T03:09:36.211764+00:00,2026-08-25T09:09:36.211764+00:00
78,RR-1078,7,Gamsberg,Mining Operations,2026-07-05,2026-07-29,"Mining Operations spares replenishment - Jaw Crusher Fixed Jaw Plate, high-manganese, manganese steel",COMPLETED,Normal,1286215.32,synthetic,2026-07-05T01:09:36.211764+00:00,2026-08-25T09:09:36.211764+00:00
79,RR-1079,24,Gamsberg,Mining Operations,2025-12-24,2026-02-13,"Mining Operations spares replenishment - Tapered Roller Bearing 32020, 20mm bore",COMPLETED,High,115677.48,synthetic,2025-12-24T22:09:36.211764+00:00,2026-08-25T09:09:36.211764+00:00
80,RR-1080,13,Gamsberg,Plant Maintenance,2026-05-16,2026-07-03,"Plant Maintenance spares replenishment - Spherical Roller Bearing 22220, 20mm bore",COMPLETED,Normal,214332.3,synthetic,2026-05-16T21:09:36.211764+00:00,2026-08-25T09:09:36.211764+00:00
81,RR-1081,4,Gamsberg,Instrumentation & Electrical,2026-05-11,2026-05-28,"Instrumentation & Electrical spares replenishment - Butterfly Valve, 100mm (4""), wafer type",COMPLETED,Normal,1364559.25,synthetic,2026-05-11T04:09:36.211764+00:00,2026-08-25T09:09:36.211764+00:00
82,RR-1082,19,BMM,Mechanical Engineering,2026-01-27,2026-03-27,"Mechanical Engineering spares replenishment - Butterfly Valve, 200mm (8""), wafer type",COMPLETED,Normal,209521.0,synthetic,2026-01-27T08:09:36.211764+00:00,2026-08-25T09:09:36.211764+00:00
83,RR-1083,23,BMM,Processing / Plant Operations,2026-08-01,2026-09-10,"Processing / Plant Operations spares replenishment - Pillow Block Bearing Unit UCP225, 25mm shaft",COMPLETED,Normal,1046038.57,synthetic,2026-08-01T22:09:36.211764+00:00,2026-08-25T09:09:36.211764+00:00
84,RR-1084,7,Gamsberg,Mining Operations,2026-04-15,2026-05-31,"Mining Operations spares replenishment - Variable Speed Drive, 45kW",COMPLETED,Normal,294799.77,synthetic,2026-04-15T01:09:36.211764+00:00,2026-08-25T09:09:36.211764+00:00
85,RR-1085,9,Gamsberg,Processing / Plant Operations,2026-07-08,2026-07-25,"Processing / Plant Operations spares replenishment - Diaphragm Dosing Pump Head Assembly, Low-flow metering",COMPLETED,Normal,2071017.68,synthetic,2026-07-08T16:09:36.211764+00:00,2026-08-25T09:09:36.211764+00:00
86,RR-1086,13,Gamsberg,Plant Maintenance,2026-04-25,2026-05-21,"Plant Maintenance spares replenishment - Variable Speed Drive, 55kW",COMPLETED,Normal,4653885.38,synthetic,2026-04-25T05:09:36.211764+00:00,2026-08-25T09:09:36.211764+00:00
87,RR-1087,6,BMM,Instrumentation & Electrical,2026-08-18,2026-09-03,"Instrumentation & Electrical spares replenishment - Pinch Valve, 50mm (2""), slurry service",COMPLETED,Critical,1094616.66,synthetic,2026-08-18T07:09:36.211764+00:00,2026-08-25T09:09:36.211764+00:00
88,RR-1088,9,Gamsberg,Processing / Plant Operations,2026-06-06,2026-06-24,"Processing / Plant Operations spares replenishment - Variable Speed Drive, 11kW",WAITING_DOA,Normal,143541.48,synthetic,2026-06-06T11:09:36.211764+00:00,2026-08-25T09:09:36.211764+00:00
89,RR-1089,6,BMM,Instrumentation & Electrical,2026-03-26,2026-05-12,"Instrumentation & Electrical spares replenishment - Circuit Breaker, MCCB, 100A",COMPLETED,High,995253.25,synthetic,2026-03-26T13:09:36.211764+00:00,2026-08-25T09:09:36.211764+00:00
90,RR-1090,21,BMM,Plant Maintenance,2025-12-06,2026-01-27,"Plant Maintenance spares replenishment - Density Meter, nuclear, 100mm (4"") pipe",COMPLETED,Normal,5002113.29,synthetic,2025-12-06T15:09:36.211764+00:00,2026-08-25T09:09:36.211764+00:00
91,RR-1091,11,Gamsberg,Instrumentation & Electrical,2026-06-13,2026-08-04,"Instrumentation & Electrical spares replenishment - Conveyor Belt, steel cord, 800mm width",COMPLETED,Normal,37442.44,synthetic,2026-06-13T11:09:36.211764+00:00,2026-08-25T09:09:36.211764+00:00
92,RR-1092,20,Gamsberg,Mining Operations,2026-06-14,2026-07-12,"Mining Operations spares replenishment - Circuit Breaker, MCCB, 630A",COMPLETED,High,195698.11,synthetic,2026-06-14T21:09:36.211764+00:00,2026-08-25T09:09:36.211764+00:00
93,RR-1093,5,Gamsberg,Procurement,2026-05-29,2026-06-17,"Procurement spares replenishment - Conveyor Belt, steel cord, 1200mm width",COMPLETED,Normal,793380.22,synthetic,2026-05-29T02:09:36.211764+00:00,2026-08-25T09:09:36.211764+00:00
94,RR-1094,22,BMM,Safety & SHEQ,2026-02-20,2026-03-26,"Safety & SHEQ spares replenishment - Level Transmitter, ultrasonic, 0-15m range",COMPLETED,Normal,333535.6,synthetic,2026-02-20T08:09:36.211764+00:00,2026-08-25T09:09:36.211764+00:00
95,RR-1095,6,BMM,Instrumentation & Electrical,2026-06-28,2026-08-06,"Instrumentation & Electrical spares replenishment - Knife Gate Valve, 25mm (1""), rubber lined",COMPLETED,Normal,697687.38,synthetic,2026-06-28T04:09:36.211764+00:00,2026-08-25T09:09:36.211764+00:00
96,RR-1096,6,BMM,Instrumentation & Electrical,2026-07-02,2026-08-20,"Instrumentation & Electrical spares replenishment - Butterfly Valve, 100mm (4""), wafer type",COMPLETED,Normal,1626399.15,synthetic,2026-07-02T04:09:36.211764+00:00,2026-08-25T09:09:36.211764+00:00
97,RR-1097,10,BMM,Mechanical Engineering,2026-07-29,2026-08-21,"Mechanical Engineering spares replenishment - Pinch Valve, 40mm (1.5""), slurry service",WAITING_DOA,Critical,353347.48,synthetic,2026-07-29T02:09:36.211764+00:00,2026-08-25T09:09:36.211764+00:00
98,RR-1098,16,Gamsberg,Mining Operations,2026-07-31,2026-08-14,"Mining Operations spares replenishment - Centrifugal Slurry Pump Casing Liner, High-head",COMPLETED,Normal,1994964.14,synthetic,2026-07-31T19:09:36.211764+00:00,2026-08-25T09:09:36.211764+00:00
99,RR-1099,22,BMM,Safety & SHEQ,2026-07-09,2026-08-12,"Safety & SHEQ spares replenishment - Gland Packing Set, shaft 25mm, PTFE impregnated",COMPLETED,Normal,2539461.14,synthetic,2026-07-09T03:09:36.211764+00:00,2026-08-25T09:09:36.211764+00:00
100,RR-1100,7,Gamsberg,Mining Operations,2026-05-25,2026-07-01,"Mining Operations spares replenishment - Pinch Valve, 150mm (6""), slurry service",COMPLETED,High,609552.22,synthetic,2026-05-25T01:09:36.211764+00:00,2026-08-25T09:09:36.211764+00:00
101,RR-1101,19,BMM,Mechanical Engineering,2026-04-15,2026-04-29,"Mechanical Engineering spares replenishment - Circuit Breaker, MCCB, 630A",COMPLETED,High,299067.99,synthetic,2026-04-15T09:09:36.211764+00:00,2026-08-25T09:09:36.211764+00:00
102,RR-1102,19,BMM,Mechanical Engineering,2025-12-11,2025-12-26,"Mechanical Engineering spares replenishment - Level Transmitter, ultrasonic, 0-15m range",COMPLETED,Normal,228470.45,synthetic,2025-12-11T03:09:36.211764+00:00,2026-08-25T09:09:36.211764+00:00
103,RR-1103,7,Gamsberg,Mining Operations,2026-05-08,2026-07-01,"Mining Operations spares replenishment - Spherical Roller Bearing 22240, 40mm bore",WAITING_DOA,High,562715.03,synthetic,2026-05-08T04:09:36.211764+00:00,2026-08-25T09:09:36.211764+00:00
104,RR-1104,13,Gamsberg,Plant Maintenance,2026-08-04,2026-08-31,"Plant Maintenance spares replenishment - Impact Idler, 650mm belt width, rubber disc",COMPLETED,High,42529.58,synthetic,2026-08-04T18:09:36.211764+00:00,2026-08-25T09:09:36.211764+00:00
105,RR-1105,17,Gamsberg,Mechanical Engineering,2026-06-17,2026-08-12,Mechanical Engineering spares replenishment - items per attached list,COMPLETED,Normal,4160382.91,synthetic,2026-06-17T04:09:36.211764+00:00,2026-08-25T09:09:36.211764+00:00
106,RR-1106,13,Gamsberg,Plant Maintenance,2026-05-26,2026-06-27,"Plant Maintenance spares replenishment - SAG Mill Liner Plate, discharge grate, chrome-moly steel",COMPLETED,Normal,359743.66,synthetic,2026-05-26T15:09:36.211764+00:00,2026-08-25T09:09:36.211764+00:00
107,RR-1107,3,BMM,Processing / Plant Operations,2026-08-18,2026-09-28,"Processing / Plant Operations spares replenishment - Troughing Idler Set, 1200mm belt width, 3-roll",COMPLETED,Normal,43062.64,synthetic,2026-08-18T13:09:36.211764+00:00,2026-08-25T09:09:36.211764+00:00
108,RR-1108,9,Gamsberg,Processing / Plant Operations,2026-06-16,2026-08-04,"Processing / Plant Operations spares replenishment - MCC Contactor, 95A, 3-pole",COMPLETED,High,377577.89,synthetic,2026-06-16T08:09:36.211764+00:00,2026-08-25T09:09:36.211764+00:00
109,RR-1109,21,BMM,Plant Maintenance,2026-03-12,2026-04-04,"Plant Maintenance spares replenishment - Cone Crusher Concave Ring, extra-coarse profile",COMPLETED,Normal,4185473.19,synthetic,2026-03-12T11:09:36.211764+00:00,2026-08-25T09:09:36.211764+00:00
110,RR-1110,3,BMM,Processing / Plant Operations,2026-08-13,2026-08-31,"Processing / Plant Operations spares replenishment - Seal Support System, API Plan 32, shaft 25mm",COMPLETED,High,3478929.13,synthetic,2026-08-13T12:09:36.211764+00:00,2026-08-25T09:09:36.211764+00:00
111,RR-1111,6,BMM,Instrumentation & Electrical,2026-01-16,2026-02-25,"Instrumentation & Electrical spares replenishment - Circuit Breaker, MCCB, 100A",COMPLETED,Normal,416367.9,synthetic,2026-01-16T09:09:36.211764+00:00,2026-08-25T09:09:36.211764+00:00
112,RR-1112,16,Gamsberg,Mining Operations,2026-05-19,2026-06-22,"Mining Operations spares replenishment - Variable Speed Drive, 110kW",COMPLETED,Critical,7376176.27,synthetic,2026-05-19T13:09:36.211764+00:00,2026-08-25T09:09:36.211764+00:00
113,RR-1113,16,Gamsberg,Mining Operations,2025-12-21,2026-02-10,"Mining Operations spares replenishment - MCC Contactor, 225A, 3-pole",COMPLETED,Normal,563254.05,synthetic,2025-12-21T05:09:36.211764+00:00,2026-08-25T09:09:36.211764+00:00
114,RR-1114,13,Gamsberg,Plant Maintenance,2026-07-22,2026-08-08,"Plant Maintenance spares replenishment - Conveyor Belt, steel cord, 650mm width",WAITING_DOA,High,19221.69,synthetic,2026-07-22T23:09:36.211764+00:00,2026-08-25T09:09:36.211764+00:00
115,RR-1115,12,Gamsberg,Mining Operations,2026-07-06,2026-08-13,"Mining Operations spares replenishment - Cone Crusher Concave Ring, fine profile",COMPLETED,Normal,4117989.04,synthetic,2026-07-06T14:09:36.211764+00:00,2026-08-25T09:09:36.211764+00:00
116,RR-1116,7,Gamsberg,Mining Operations,2026-04-25,2026-05-09,"Mining Operations spares replenishment - Tapered Roller Bearing 32090, 90mm bore",COMPLETED,High,140835.96,synthetic,2026-04-25T17:09:36.211764+00:00,2026-08-25T09:09:36.211764+00:00
117,RR-1117,11,Gamsberg,Instrumentation & Electrical,2026-04-25,2026-05-20,Instrumentation & Electrical spares replenishment - misc parts,COMPLETED,High,1499573.76,synthetic,2026-04-25T04:09:36.211764+00:00,2026-08-25T09:09:36.211764+00:00
118,RR-1118,15,Gamsberg,Processing / Plant Operations,2026-04-02,2026-05-30,"Processing / Plant Operations spares replenishment - Power Cable, XLPE armoured, 4-core 35mm2",COMPLETED,Normal,848645.61,synthetic,2026-04-02T13:09:36.211764+00:00,2026-08-25T09:09:36.211764+00:00
119,RR-1119,9,Gamsberg,Processing / Plant Operations,2026-05-29,2026-07-18,"Processing / Plant Operations spares replenishment - Jaw Crusher Fixed Jaw Plate, high-manganese, manganese steel",COMPLETED,High,1146300.32,synthetic,2026-05-29T12:09:36.211764+00:00,2026-08-25T09:09:36.211764+00:00
120,RR-1120,5,Gamsberg,Procurement,2025-12-26,2026-01-22,"Procurement spares replenishment - Slip Ring Induction Motor, 75kW, 6-pole",COMPLETED,Normal,5575100.0,synthetic,2025-12-26T12:09:36.211764+00:00,2026-08-25T09:09:36.211764+00:00
121,RR-1121,10,BMM,Mechanical Engineering,2026-06-26,2026-07-31,"Mechanical Engineering spares replenishment - Butterfly Valve, 200mm (8""), wafer type",COMPLETED,High,79357.0,synthetic,2026-06-26T02:09:36.211764+00:00,2026-08-25T09:09:36.211764+00:00
122,RR-1122,24,Gamsberg,Mining Operations,2026-03-23,2026-04-06,"Mining Operations spares replenishment - Motor Drive Coupling, elastomeric, rated for 55kW",COMPLETED,Normal,1046789.43,synthetic,2026-03-23T13:09:36.211764+00:00,2026-08-25T09:09:36.211764+00:00
123,RR-1123,9,Gamsberg,Processing / Plant Operations,2026-06-06,2026-06-26,"Processing / Plant Operations spares replenishment - Cone Crusher Concave Ring, standard profile",COMPLETED,Normal,1527373.9,synthetic,2026-06-06T14:09:36.211764+00:00,2026-08-25T09:09:36.211764+00:00
124,RR-1124,21,BMM,Plant Maintenance,2025-12-16,2026-01-27,Plant Maintenance spares replenishment - items per attached list,COMPLETED,Normal,1449521.7,synthetic,2025-12-16T12:09:36.211764+00:00,2026-08-25T09:09:36.211764+00:00
125,RR-1125,1,Gamsberg,Instrumentation & Electrical,2026-08-13,2026-10-09,"Instrumentation & Electrical spares replenishment - Ball Valve, 50mm (2""), full bore, stainless trim",COMPLETED,High,4664.88,synthetic,2026-08-13T06:09:36.211764+00:00,2026-08-25T09:09:36.211764+00:00
126,RR-1126,15,Gamsberg,Processing / Plant Operations,2025-12-21,2026-02-16,"Processing / Plant Operations spares replenishment - Mill Trunnion Bearing Liner, discharge end",COMPLETED,Normal,3869498.62,synthetic,2025-12-21T16:09:36.211764+00:00,2026-08-25T09:09:36.211764+00:00
127,RR-1127,2,BMM,Warehouse & Stores,2026-02-21,2026-03-25,Warehouse & Stores spares replenishment - items per attached list,COMPLETED,Normal,1622970.91,synthetic,2026-02-21T22:09:36.211764+00:00,2026-08-25T09:09:36.211764+00:00
128,RR-1128,10,BMM,Mechanical Engineering,2026-01-19,2026-03-12,"Mechanical Engineering spares replenishment - Conveyor Belt, steel cord, 800mm width",COMPLETED,High,26379.74,synthetic,2026-01-19T16:09:36.211764+00:00,2026-08-25T09:09:36.211764+00:00
129,RR-1129,18,Gamsberg,Procurement,2026-01-24,2026-03-20,"Procurement spares replenishment - MCC Contactor, 95A, 3-pole",COMPLETED,High,1561738.15,synthetic,2026-01-24T14:09:36.211764+00:00,2026-08-25T09:09:36.211764+00:00
130,RR-1130,21,BMM,Plant Maintenance,2026-05-07,2026-05-29,"Plant Maintenance spares replenishment - Froth Paddle Assembly, large cell",ESCALATED,Normal,4865006.96,synthetic,2026-05-07T16:09:36.211764+00:00,2026-08-25T09:09:36.211764+00:00
131,RR-1131,11,Gamsberg,Instrumentation & Electrical,2026-07-25,2026-08-21,"Instrumentation & Electrical spares replenishment - Tapered Roller Bearing 32020, 20mm bore",COMPLETED,High,2033107.95,synthetic,2026-07-25T23:09:36.211764+00:00,2026-08-25T09:09:36.211764+00:00
132,RR-1132,21,BMM,Plant Maintenance,2026-01-06,2026-02-19,"Plant Maintenance spares replenishment - Spherical Roller Bearing 22217, 17mm bore",COMPLETED,Critical,829867.4,synthetic,2026-01-06T11:09:36.211764+00:00,2026-08-25T09:09:36.211764+00:00
133,RR-1133,11,Gamsberg,Instrumentation & Electrical,2026-02-13,2026-03-04,"Instrumentation & Electrical spares replenishment - Gland Packing Set, shaft 38mm, PTFE impregnated",COMPLETED,High,20700.56,synthetic,2026-02-13T21:09:36.211764+00:00,2026-08-25T09:09:36.211764+00:00
134,RR-1134,21,BMM,Plant Maintenance,2026-04-17,2026-05-31,"Plant Maintenance spares replenishment - Diaphragm Dosing Pump Head Assembly, Low-flow metering",ESCALATED,Normal,141410.52,synthetic,2026-04-17T00:09:36.211764+00:00,2026-08-25T09:09:36.211764+00:00
135,RR-1135,19,BMM,Mechanical Engineering,2026-05-30,2026-07-06,"Mechanical Engineering spares replenishment - TEFC Induction Motor, 7.5kW, 4-pole, IE3",COMPLETED,High,838414.26,synthetic,2026-05-30T10:09:36.211764+00:00,2026-08-25T09:09:36.211764+00:00
136,RR-1136,6,BMM,Instrumentation & Electrical,2026-07-15,2026-09-09,"Instrumentation & Electrical spares replenishment - Flotation Cell Stator, large cell",COMPLETED,Normal,738774.4,synthetic,2026-07-15T11:09:36.211764+00:00,2026-08-25T09:09:36.211764+00:00
137,RR-1137,24,Gamsberg,Mining Operations,2026-08-09,2026-09-23,"Mining Operations spares replenishment - Pinch Valve, 80mm (3""), slurry service",COMPLETED,Normal,2334950.77,synthetic,2026-08-09T15:09:36.211764+00:00,2026-08-25T09:09:36.211764+00:00
138,RR-1138,7,Gamsberg,Mining Operations,2026-06-10,2026-07-19,"Mining Operations spares replenishment - Seal Support System, API Plan 32, shaft 65mm",COMPLETED,Normal,965765.68,synthetic,2026-06-10T18:09:36.211764+00:00,2026-08-25T09:09:36.211764+00:00
139,RR-1139,20,Gamsberg,Mining Operations,2026-07-17,2026-08-21,"Mining Operations spares replenishment - Troughing Idler Set, 650mm belt width, 3-roll",COMPLETED,Normal,4682940.22,synthetic,2026-07-17T10:09:36.211764+00:00,2026-08-25T09:09:36.211764+00:00
140,RR-1140,14,Gamsberg,Procurement,2026-07-23,2026-09-17,"Procurement spares replenishment - SAG Mill Liner Plate, discharge grate, chrome-moly steel",COMPLETED,Critical,663764.97,synthetic,2026-07-23T20:09:36.211764+00:00,2026-08-25T09:09:36.211764+00:00
141,RR-1141,13,Gamsberg,Plant Maintenance,2025-11-29,2025-12-23,"Plant Maintenance spares replenishment - Seal Support System, API Plan 32, shaft 65mm",COMPLETED,Normal,85390.1,synthetic,2025-11-29T14:09:36.211764+00:00,2026-08-25T09:09:36.211764+00:00
142,RR-1142,16,Gamsberg,Mining Operations,2026-02-27,2026-03-27,"Mining Operations spares replenishment - Tapered Roller Bearing 32040, 40mm bore",COMPLETED,Normal,167963.65,synthetic,2026-02-27T11:09:36.211764+00:00,2026-08-25T09:09:36.211764+00:00
143,RR-1143,24,Gamsberg,Mining Operations,2026-01-14,2026-03-14,"Mining Operations spares replenishment - Spherical Roller Bearing 22240, 40mm bore",COMPLETED,Normal,21764.27,synthetic,2026-01-14T09:09:36.211764+00:00,2026-08-25T09:09:36.211764+00:00
144,RR-1144,1,Gamsberg,Instrumentation & Electrical,2026-06-22,2026-07-26,"Instrumentation & Electrical spares replenishment - Pillow Block Bearing Unit UCP240, 40mm shaft",COMPLETED,High,40409.04,synthetic,2026-06-22T00:09:36.211764+00:00,2026-08-25T09:09:36.211764+00:00
145,RR-1145,2,BMM,Warehouse & Stores,2026-05-31,2026-06-18,"Warehouse & Stores spares replenishment - Gland Packing Set, shaft 25mm, PTFE impregnated",WAITING_DOA,Normal,86623.35,synthetic,2026-05-31T03:09:36.211764+00:00,2026-08-25T09:09:36.211764+00:00
146,RR-1146,17,Gamsberg,Mechanical Engineering,2026-04-24,2026-06-23,"Mechanical Engineering spares replenishment - Butterfly Valve, 100mm (4""), wafer type",COMPLETED,Critical,110893.02,synthetic,2026-04-24T05:09:36.211764+00:00,2026-08-25T09:09:36.211764+00:00
147,RR-1147,16,Gamsberg,Mining Operations,2025-12-02,2026-01-25,"Mining Operations spares replenishment - Circuit Breaker, MCCB, 250A",COMPLETED,Normal,427121.64,synthetic,2025-12-02T14:09:36.211764+00:00,2026-08-25T09:09:36.211764+00:00
148,RR-1148,4,Gamsberg,Instrumentation & Electrical,2026-07-22,2026-08-29,"Instrumentation & Electrical spares replenishment - Motor Drive Coupling, elastomeric, rated for 75kW",COMPLETED,Normal,252325.6,synthetic,2026-07-22T21:09:36.211764+00:00,2026-08-25T09:09:36.211764+00:00
149,RR-1149,2,BMM,Warehouse & Stores,2026-03-28,2026-05-26,"Warehouse & Stores spares replenishment - Mill Trunnion Bearing Liner, discharge end",CANCELLED,Critical,7383366.38,synthetic,2026-03-28T19:09:36.211764+00:00,2026-08-25T09:09:36.211764+00:00
150,RR-1150,20,Gamsberg,Mining Operations,2026-05-10,2026-05-28,"Mining Operations spares replenishment - Spherical Roller Bearing 22225, 25mm bore",COMPLETED,Normal,366049.52,synthetic,2026-05-10T03:09:36.211764+00:00,2026-08-25T09:09:36.211764+00:00
151,RR-1151,21,BMM,Plant Maintenance,2026-07-14,2026-08-14,"Plant Maintenance spares replenishment - Flotation Cell Impeller, tank cell, rubber coated",CANCELLED,Normal,647965.0,synthetic,2026-07-14T20:09:36.211764+00:00,2026-08-25T09:09:36.211764+00:00
152,RR-1152,13,Gamsberg,Plant Maintenance,2026-06-14,2026-08-12,"Plant Maintenance spares replenishment - TEFC Induction Motor, 30kW, 4-pole, IE3",COMPLETED,Normal,1896476.77,synthetic,2026-06-14T13:09:36.211764+00:00,2026-08-25T09:09:36.211764+00:00
153,RR-1153,6,BMM,Instrumentation & Electrical,2026-02-13,2026-03-13,"Instrumentation & Electrical spares replenishment - Motor Drive Coupling, elastomeric, rated for 22kW",COMPLETED,Normal,441932.7,synthetic,2026-02-13T13:09:36.211764+00:00,2026-08-25T09:09:36.211764+00:00
154,RR-1154,20,Gamsberg,Mining Operations,2025-12-29,2026-01-30,"Mining Operations spares replenishment - Conveyor Belt, steel cord, 1000mm width",COMPLETED,Critical,29072.63,synthetic,2025-12-29T04:09:36.211764+00:00,2026-08-25T09:09:36.211764+00:00
155,RR-1155,24,Gamsberg,Mining Operations,2026-01-12,2026-01-26,"Mining Operations spares replenishment - Pinch Valve, 40mm (1.5""), slurry service",COMPLETED,Normal,479584.0,synthetic,2026-01-12T14:09:36.211764+00:00,2026-08-25T09:09:36.211764+00:00
156,RR-1156,20,Gamsberg,Mining Operations,2026-06-08,2026-06-25,"Mining Operations spares replenishment - SAG Mill Liner Plate, shell, chrome-moly steel",REJECTED,Normal,1015760.13,synthetic,2026-06-08T04:09:36.211764+00:00,2026-08-25T09:09:36.211764+00:00
157,RR-1157,4,Gamsberg,Instrumentation & Electrical,2026-05-05,2026-06-25,"Instrumentation & Electrical spares replenishment - Knife Gate Valve, 40mm (1.5""), rubber lined",COMPLETED,Normal,926849.53,synthetic,2026-05-05T01:09:36.211764+00:00,2026-08-25T09:09:36.211764+00:00
158,RR-1158,17,Gamsberg,Mechanical Engineering,2025-12-12,2026-01-24,"Mechanical Engineering spares replenishment - TEFC Induction Motor, 55kW, 4-pole, IE3",COMPLETED,Normal,3675332.76,synthetic,2025-12-12T20:09:36.211764+00:00,2026-08-25T09:09:36.211764+00:00
159,RR-1159,11,Gamsberg,Instrumentation & Electrical,2025-12-28,2026-02-07,"Instrumentation & Electrical spares replenishment - Belt Scraper Blade Set, 1000mm width, tungsten tip",COMPLETED,Normal,14407.15,synthetic,2025-12-28T15:09:36.211764+00:00,2026-08-25T09:09:36.211764+00:00
160,RR-1160,12,Gamsberg,Mining Operations,2026-07-04,2026-08-13,"Mining Operations spares replenishment - Spherical Roller Bearing 22290, 90mm bore",COMPLETED,Normal,385066.83,synthetic,2026-07-04T20:09:36.211764+00:00,2026-08-25T09:09:36.211764+00:00
161,RR-1161,3,BMM,Processing / Plant Operations,2025-12-03,2026-01-12,"Processing / Plant Operations spares replenishment - TEFC Induction Motor, 22kW, 4-pole, IE3",COMPLETED,Normal,120382.99,synthetic,2025-12-03T12:09:36.211764+00:00,2026-08-25T09:09:36.211764+00:00
162,RR-1162,8,BMM,Plant Maintenance,2025-11-29,2026-01-10,"Plant Maintenance spares replenishment - Density Meter, nuclear, 100mm (4"") pipe",COMPLETED,High,2911429.63,synthetic,2025-11-29T07:09:36.211764+00:00,2026-08-25T09:09:36.211764+00:00
163,RR-1163,6,BMM,Instrumentation & Electrical,2025-12-31,2026-02-16,"Instrumentation & Electrical spares replenishment - Butterfly Valve, 150mm (6""), wafer type",COMPLETED,High,779868.19,synthetic,2025-12-31T07:09:36.211764+00:00,2026-08-25T09:09:36.211764+00:00
164,RR-1164,18,Gamsberg,Procurement,2026-07-23,2026-09-14,"Procurement spares replenishment - Pillow Block Bearing Unit UCP250, 50mm shaft",COMPLETED,Normal,148861.44,synthetic,2026-07-23T02:09:36.211764+00:00,2026-08-25T09:09:36.211764+00:00
165,RR-1165,4,Gamsberg,Instrumentation & Electrical,2026-07-23,2026-09-04,"Instrumentation & Electrical spares replenishment - Motor Drive Coupling, elastomeric, rated for 55kW",COMPLETED,High,1145711.23,synthetic,2026-07-23T12:09:36.211764+00:00,2026-08-25T09:09:36.211764+00:00
166,RR-1166,1,Gamsberg,Instrumentation & Electrical,2026-04-26,2026-06-07,"Instrumentation & Electrical spares replenishment - Deep Groove Ball Bearing 6260-2RS, 60mm bore",COMPLETED,Normal,22691.28,synthetic,2026-04-26T11:09:36.211764+00:00,2026-08-25T09:09:36.211764+00:00
167,RR-1167,12,Gamsberg,Mining Operations,2026-01-13,2026-02-05,"Mining Operations spares replenishment - Centrifugal Slurry Pump Impeller, High-head, hard metal",COMPLETED,High,98214.76,synthetic,2026-01-13T20:09:36.211764+00:00,2026-08-25T09:09:36.211764+00:00
168,RR-1168,20,Gamsberg,Mining Operations,2026-01-12,2026-02-17,"Mining Operations spares replenishment - Tapered Roller Bearing 32075, 75mm bore",COMPLETED,High,6725980.16,synthetic,2026-01-12T03:09:36.211764+00:00,2026-08-25T09:09:36.211764+00:00
169,RR-1169,14,Gamsberg,Procurement,2026-07-23,2026-08-10,"Procurement spares replenishment - Deep Groove Ball Bearing 6225-2RS, 25mm bore",COMPLETED,Normal,1317197.33,synthetic,2026-07-23T14:09:36.211764+00:00,2026-08-25T09:09:36.211764+00:00
170,RR-1170,4,Gamsberg,Instrumentation & Electrical,2026-07-02,2026-07-30,"Instrumentation & Electrical spares replenishment - Level Transmitter, ultrasonic, 0-15m range",COMPLETED,Normal,57376.24,synthetic,2026-07-02T11:09:36.211764+00:00,2026-08-25T09:09:36.211764+00:00
171,RR-1171,5,Gamsberg,Procurement,2025-12-26,2026-02-08,"Procurement spares replenishment - Impact Idler, 1600mm belt width, rubber disc",COMPLETED,Normal,529563.46,synthetic,2025-12-26T03:09:36.211764+00:00,2026-08-25T09:09:36.211764+00:00
172,RR-1172,21,BMM,Plant Maintenance,2026-07-28,2026-09-19,"Plant Maintenance spares replenishment - Centrifugal Slurry Pump Impeller, Light duty, hard metal",COMPLETED,Normal,2986171.11,synthetic,2026-07-28T17:09:36.211764+00:00,2026-08-25T09:09:36.211764+00:00
173,RR-1173,2,BMM,Warehouse & Stores,2026-05-27,2026-07-04,"Warehouse & Stores spares replenishment - Impact Idler, 1000mm belt width, rubber disc",WAITING_DOA,High,196295.89,synthetic,2026-05-27T14:09:36.211764+00:00,2026-08-25T09:09:36.211764+00:00
174,RR-1174,12,Gamsberg,Mining Operations,2026-02-22,2026-03-18,"Mining Operations spares replenishment - Centrifugal Slurry Pump Impeller, Low-flow metering, hard metal",COMPLETED,Normal,67114.19,synthetic,2026-02-22T21:09:36.211764+00:00,2026-08-25T09:09:36.211764+00:00
175,RR-1175,1,Gamsberg,Instrumentation & Electrical,2025-12-25,2026-01-16,"Instrumentation & Electrical spares replenishment - Pillow Block Bearing Unit UCP290, 90mm shaft",REJECTED,High,582796.5,synthetic,2025-12-25T22:09:36.211764+00:00,2026-08-25T09:09:36.211764+00:00
176,RR-1176,10,BMM,Mechanical Engineering,2025-12-26,2026-01-20,"Mechanical Engineering spares replenishment - SAG Mill Liner Plate, lifter bar, chrome-moly steel",COMPLETED,Normal,727192.33,synthetic,2025-12-26T03:09:36.211764+00:00,2026-08-25T09:09:36.211764+00:00
177,RR-1177,18,Gamsberg,Procurement,2026-04-04,2026-05-01,"Procurement spares replenishment - Mechanical Seal, shaft 50mm, tungsten carbide faces",COMPLETED,Normal,2633568.68,synthetic,2026-04-04T10:09:36.211764+00:00,2026-08-25T09:09:36.211764+00:00
178,RR-1178,23,BMM,Processing / Plant Operations,2026-07-13,2026-09-03,"Processing / Plant Operations spares replenishment - Motor Drive Coupling, elastomeric, rated for 55kW",COMPLETED,Normal,430427.68,synthetic,2026-07-13T11:09:36.211764+00:00,2026-08-25T09:09:36.211764+00:00
179,RR-1179,1,Gamsberg,Instrumentation & Electrical,2025-12-01,2025-12-30,"Instrumentation & Electrical spares replenishment - Vertical Sump Pump Shaft Assembly, Heavy duty slurry",REJECTED,Normal,326477.32,synthetic,2025-12-01T00:09:36.211764+00:00,2026-08-25T09:09:36.211764+00:00
180,RR-1180,14,Gamsberg,Procurement,2026-08-09,2026-10-07,"Procurement spares replenishment - Vertical Sump Pump Shaft Assembly, Medium duty",COMPLETED,Normal,3776042.43,synthetic,2026-08-09T04:09:36.211764+00:00,2026-08-25T09:09:36.211764+00:00
181,RR-1181,13,Gamsberg,Plant Maintenance,2026-08-16,2026-10-01,"Plant Maintenance spares replenishment - Cone Crusher Mantle, coarse profile",ESCALATED,Normal,2157752.04,synthetic,2026-08-16T18:09:36.211764+00:00,2026-08-25T09:09:36.211764+00:00
182,RR-1182,12,Gamsberg,Mining Operations,2026-05-02,2026-06-18,"Mining Operations spares replenishment - Flow Meter, magnetic, 100mm (4"")",COMPLETED,Normal,2369154.65,synthetic,2026-05-02T13:09:36.211764+00:00,2026-08-25T09:09:36.211764+00:00
183,RR-1183,6,BMM,Instrumentation & Electrical,2025-12-30,2026-02-19,"Instrumentation & Electrical spares replenishment - Centrifugal Slurry Pump Casing Liner, Light duty",COMPLETED,High,885682.19,synthetic,2025-12-30T13:09:36.211764+00:00,2026-08-25T09:09:36.211764+00:00
184,RR-1184,22,BMM,Safety & SHEQ,2026-05-05,2026-07-01,"Safety & SHEQ spares replenishment - Deep Groove Ball Bearing 6230-2RS, 30mm bore",COMPLETED,High,3243034.61,synthetic,2026-05-05T14:09:36.211764+00:00,2026-08-25T09:09:36.211764+00:00
185,RR-1185,14,Gamsberg,Procurement,2026-01-16,2026-03-06,"Procurement spares replenishment - Gland Packing Set, shaft 65mm, PTFE impregnated",COMPLETED,High,76154.26,synthetic,2026-01-16T23:09:36.211764+00:00,2026-08-25T09:09:36.211764+00:00
186,RR-1186,19,BMM,Mechanical Engineering,2026-06-16,2026-07-17,"Mechanical Engineering spares replenishment - Variable Speed Drive, 75kW",COMPLETED,High,1188058.63,synthetic,2026-06-16T09:09:36.211764+00:00,2026-08-25T09:09:36.211764+00:00
187,RR-1187,11,Gamsberg,Instrumentation & Electrical,2026-07-15,2026-08-08,"Instrumentation & Electrical spares replenishment - Slip Ring Induction Motor, 11kW, 6-pole",COMPLETED,Critical,1045456.89,synthetic,2026-07-15T09:09:36.211764+00:00,2026-08-25T09:09:36.211764+00:00
188,RR-1188,6,BMM,Instrumentation & Electrical,2026-04-28,2026-05-28,"Instrumentation & Electrical spares replenishment - Flow Meter, magnetic, 100mm (4"")",COMPLETED,Normal,1976314.65,synthetic,2026-04-28T03:09:36.211764+00:00,2026-08-25T09:09:36.211764+00:00
189,RR-1189,4,Gamsberg,Instrumentation & Electrical,2025-12-09,2026-01-07,"Instrumentation & Electrical spares replenishment - Pinch Valve, 50mm (2""), slurry service",COMPLETED,Normal,2182582.4,synthetic,2025-12-09T18:09:36.211764+00:00,2026-08-25T09:09:36.211764+00:00
190,RR-1190,21,BMM,Plant Maintenance,2026-02-25,2026-04-04,"Plant Maintenance spares replenishment - Spherical Roller Bearing 22230, 30mm bore",COMPLETED,Critical,261420.3,synthetic,2026-02-25T09:09:36.211764+00:00,2026-08-25T09:09:36.211764+00:00
191,RR-1191,9,Gamsberg,Processing / Plant Operations,2026-05-18,2026-06-02,Processing / Plant Operations spares replenishment - misc parts,COMPLETED,Normal,55368.7,synthetic,2026-05-18T14:09:36.211764+00:00,2026-08-25T09:09:36.211764+00:00
192,RR-1192,10,BMM,Mechanical Engineering,2025-11-28,2025-12-30,"Mechanical Engineering spares replenishment - SAG Mill Liner Plate, shell, chrome-moly steel",COMPLETED,High,2471932.88,synthetic,2025-11-28T21:09:36.211764+00:00,2026-08-25T09:09:36.211764+00:00
193,RR-1193,7,Gamsberg,Mining Operations,2026-06-09,2026-07-30,"Mining Operations spares replenishment - Variable Speed Drive, 15kW",COMPLETED,Normal,761299.41,synthetic,2026-06-09T04:09:36.211764+00:00,2026-08-25T09:09:36.211764+00:00
194,RR-1194,9,Gamsberg,Processing / Plant Operations,2026-05-31,2026-06-29,"Processing / Plant Operations spares replenishment - Flotation Cell Impeller, medium cell, rubber coated",COMPLETED,Normal,1188894.6,synthetic,2026-05-31T04:09:36.211764+00:00,2026-08-25T09:09:36.211764+00:00
195,RR-1195,17,Gamsberg,Mechanical Engineering,2026-02-20,2026-03-21,"Mechanical Engineering spares replenishment - Belt Scraper Blade Set, 1200mm width, tungsten tip",COMPLETED,Normal,15040.17,synthetic,2026-02-20T12:09:36.211764+00:00,2026-08-25T09:09:36.211764+00:00
196,RR-1196,21,BMM,Plant Maintenance,2026-08-24,2026-10-16,"Plant Maintenance spares replenishment - Ball Mill Grinding Media, 80mm, forged steel balls",WAITING_DOA,Normal,261830.51,synthetic,2026-08-24T01:09:36.211764+00:00,2026-08-25T09:09:36.211764+00:00
197,RR-1197,5,Gamsberg,Procurement,2026-02-23,2026-04-09,"Procurement spares replenishment - MCC Contactor, 225A, 3-pole",COMPLETED,Normal,31798.41,synthetic,2026-02-23T06:09:36.211764+00:00,2026-08-25T09:09:36.211764+00:00
198,RR-1198,16,Gamsberg,Mining Operations,2026-02-17,2026-03-31,"Mining Operations spares replenishment - Slip Ring Induction Motor, 11kW, 6-pole",COMPLETED,Normal,4383357.3,synthetic,2026-02-17T11:09:36.211764+00:00,2026-08-25T09:09:36.211764+00:00
199,RR-1199,12,Gamsberg,Mining Operations,2026-08-19,2026-09-27,"Mining Operations spares replenishment - Seal Support System, API Plan 32, shaft 100mm",COMPLETED,Normal,1591388.64,synthetic,2026-08-19T00:09:36.211764+00:00,2026-08-25T09:09:36.211764+00:00
200,RR-1200,11,Gamsberg,Instrumentation & Electrical,2026-07-07,2026-08-05,"Instrumentation & Electrical spares replenishment - Deep Groove Ball Bearing 6220-2RS, 20mm bore",COMPLETED,Normal,512486.42,synthetic,2026-07-07T01:09:36.211764+00:00,2026-08-25T09:09:36.211764+00:00
201,RR-1201,12,Gamsberg,Mining Operations,2026-07-22,2026-09-04,"Mining Operations spares replenishment - Knife Gate Valve, 200mm (8""), rubber lined",COMPLETED,High,2102803.4,synthetic,2026-07-22T10:09:36.211764+00:00,2026-08-25T09:09:36.211764+00:00
202,RR-1202,20,Gamsberg,Mining Operations,2026-07-21,2026-09-04,"Mining Operations spares replenishment - Pillow Block Bearing Unit UCP240, 40mm shaft",COMPLETED,Normal,565076.45,synthetic,2026-07-21T08:09:36.211764+00:00,2026-08-25T09:09:36.211764+00:00
203,RR-1203,10,BMM,Mechanical Engineering,2026-04-20,2026-05-08,"Mechanical Engineering spares replenishment - TEFC Induction Motor, 15kW, 4-pole, IE3",COMPLETED,Normal,1267922.48,synthetic,2026-04-20T20:09:36.211764+00:00,2026-08-25T09:09:36.211764+00:00
204,RR-1204,21,BMM,Plant Maintenance,2026-04-28,2026-06-12,Plant Maintenance spares replenishment - as discussed,COMPLETED,Normal,3011913.73,synthetic,2026-04-28T05:09:36.211764+00:00,2026-08-25T09:09:36.211764+00:00
205,RR-1205,18,Gamsberg,Procurement,2026-02-21,2026-03-20,"Procurement spares replenishment - Circuit Breaker, MCCB, 250A",COMPLETED,Normal,677709.28,synthetic,2026-02-21T05:09:36.211764+00:00,2026-08-25T09:09:36.211764+00:00
206,RR-1206,10,BMM,Mechanical Engineering,2026-04-13,2026-05-19,Mechanical Engineering spares replenishment - as discussed,COMPLETED,High,5323.82,synthetic,2026-04-13T04:09:36.211764+00:00,2026-08-25T09:09:36.211764+00:00
207,RR-1207,20,Gamsberg,Mining Operations,2026-01-27,2026-02-26,"Mining Operations spares replenishment - Pinch Valve, 150mm (6""), slurry service",COMPLETED,High,3815229.28,synthetic,2026-01-27T03:09:36.211764+00:00,2026-08-25T09:09:36.211764+00:00
208,RR-1208,14,Gamsberg,Procurement,2026-04-17,2026-05-08,"Procurement spares replenishment - Power Cable, XLPE armoured, 4-core 70mm2",COMPLETED,Critical,13726.68,synthetic,2026-04-17T00:09:36.211764+00:00,2026-08-25T09:09:36.211764+00:00
209,RR-1209,22,BMM,Safety & SHEQ,2025-12-16,2026-01-19,"Safety & SHEQ spares replenishment - Belt Scraper Blade Set, 1000mm width, tungsten tip",COMPLETED,Normal,2581419.89,synthetic,2025-12-16T14:09:36.211764+00:00,2026-08-25T09:09:36.211764+00:00
210,RR-1210,23,BMM,Processing / Plant Operations,2026-03-17,2026-04-18,"Processing / Plant Operations spares replenishment - Power Cable, XLPE armoured, 4-core 16mm2",COMPLETED,Normal,466683.63,synthetic,2026-03-17T00:09:36.211764+00:00,2026-08-25T09:09:36.211764+00:00
211,RR-1211,4,Gamsberg,Instrumentation & Electrical,2026-01-24,2026-03-10,"Instrumentation & Electrical spares replenishment - Pillow Block Bearing Unit UCP235, 35mm shaft",COMPLETED,High,505576.44,synthetic,2026-01-24T16:09:36.211764+00:00,2026-08-25T09:09:36.211764+00:00
212,RR-1212,19,BMM,Mechanical Engineering,2026-03-30,2026-04-14,"Mechanical Engineering spares replenishment - Vertical Sump Pump Shaft Assembly, Heavy duty slurry",WAITING_DOA,High,1016200.07,synthetic,2026-03-30T17:09:36.211764+00:00,2026-08-25T09:09:36.211764+00:00
213,RR-1213,13,Gamsberg,Plant Maintenance,2026-04-17,2026-05-28,"Plant Maintenance spares replenishment - Spherical Roller Bearing 22240, 40mm bore",COMPLETED,High,102049.8,synthetic,2026-04-17T02:09:36.211764+00:00,2026-08-25T09:09:36.211764+00:00
214,RR-1214,22,BMM,Safety & SHEQ,2026-03-16,2026-05-14,"Safety & SHEQ spares replenishment - Mechanical Seal, shaft 50mm, tungsten carbide faces",COMPLETED,Normal,522538.49,synthetic,2026-03-16T22:09:36.211764+00:00,2026-08-25T09:09:36.211764+00:00
215,RR-1215,24,Gamsberg,Mining Operations,2026-07-03,2026-07-19,"Mining Operations spares replenishment - Seal Support System, API Plan 32, shaft 100mm",COMPLETED,High,1329317.24,synthetic,2026-07-03T18:09:36.211764+00:00,2026-08-25T09:09:36.211764+00:00
216,RR-1216,8,BMM,Plant Maintenance,2026-03-12,2026-04-19,"Plant Maintenance spares replenishment - Gland Packing Set, shaft 65mm, PTFE impregnated",COMPLETED,Normal,795023.05,synthetic,2026-03-12T20:09:36.211764+00:00,2026-08-25T09:09:36.211764+00:00
217,RR-1217,24,Gamsberg,Mining Operations,2026-07-31,2026-09-18,"Mining Operations spares replenishment - Variable Speed Drive, 55kW",COMPLETED,Normal,3891470.85,synthetic,2026-07-31T12:09:36.211764+00:00,2026-08-25T09:09:36.211764+00:00
218,RR-1218,23,BMM,Processing / Plant Operations,2026-08-18,2026-09-11,"Processing / Plant Operations spares replenishment - SAG Mill Liner Plate, shell, chrome-moly steel",COMPLETED,Normal,448779.57,synthetic,2026-08-18T03:09:36.211764+00:00,2026-08-25T09:09:36.211764+00:00
219,RR-1219,22,BMM,Safety & SHEQ,2026-01-31,2026-02-22,Safety & SHEQ spares replenishment - as discussed,COMPLETED,Normal,37908.92,synthetic,2026-01-31T02:09:36.211764+00:00,2026-08-25T09:09:36.211764+00:00
220,RR-1220,8,BMM,Plant Maintenance,2026-05-27,2026-07-07,"Plant Maintenance spares replenishment - Vertical Sump Pump Shaft Assembly, Light duty",COMPLETED,Normal,1380872.51,synthetic,2026-05-27T01:09:36.211764+00:00,2026-08-25T09:09:36.211764+00:00
221,RR-1221,6,BMM,Instrumentation & Electrical,2026-04-17,2026-06-08,"Instrumentation & Electrical spares replenishment - Butterfly Valve, 50mm (2""), wafer type",COMPLETED,Normal,219962.86,synthetic,2026-04-17T11:09:36.211764+00:00,2026-08-25T09:09:36.211764+00:00
222,RR-1222,17,Gamsberg,Mechanical Engineering,2026-03-07,2026-05-01,"Mechanical Engineering spares replenishment - Level Transmitter, ultrasonic, 0-10m range",COMPLETED,High,304045.46,synthetic,2026-03-07T23:09:36.211764+00:00,2026-08-25T09:09:36.211764+00:00
223,RR-1223,20,Gamsberg,Mining Operations,2026-01-17,2026-03-14,"Mining Operations spares replenishment - Impact Idler, 1400mm belt width, rubber disc",COMPLETED,Normal,67063.04,synthetic,2026-01-17T12:09:36.211764+00:00,2026-08-25T09:09:36.211764+00:00
224,RR-1224,21,BMM,Plant Maintenance,2026-07-11,2026-08-21,"Plant Maintenance spares replenishment - Flotation Cell Impeller, tank cell, rubber coated",COMPLETED,Normal,5343080.35,synthetic,2026-07-11T19:09:36.211764+00:00,2026-08-25T09:09:36.211764+00:00
225,RR-1225,4,Gamsberg,Instrumentation & Electrical,2026-08-12,2026-09-12,"Instrumentation & Electrical spares replenishment - Ball Valve, 25mm (1""), full bore, stainless trim",COMPLETED,High,1667354.68,synthetic,2026-08-12T02:09:36.211764+00:00,2026-08-25T09:09:36.211764+00:00
226,RR-1226,12,Gamsberg,Mining Operations,2026-05-31,2026-07-12,Mining Operations spares replenishment - spares as required,COMPLETED,Normal,878064.51,synthetic,2026-05-31T04:09:36.211764+00:00,2026-08-25T09:09:36.211764+00:00
227,RR-1227,21,BMM,Plant Maintenance,2026-07-12,2026-07-30,Plant Maintenance spares replenishment - spares as required,COMPLETED,Normal,766708.41,synthetic,2026-07-12T09:09:36.211764+00:00,2026-08-25T09:09:36.211764+00:00
228,RR-1228,10,BMM,Mechanical Engineering,2026-01-20,2026-02-25,"Mechanical Engineering spares replenishment - Motor Drive Coupling, elastomeric, rated for 15kW",COMPLETED,Normal,355689.44,synthetic,2026-01-20T18:09:36.211764+00:00,2026-08-25T09:09:36.211764+00:00
229,RR-1229,17,Gamsberg,Mechanical Engineering,2026-03-14,2026-04-02,"Mechanical Engineering spares replenishment - Pinch Valve, 150mm (6""), slurry service",ESCALATED,Normal,1243682.97,synthetic,2026-03-14T12:09:36.211764+00:00,2026-08-25T09:09:36.211764+00:00
230,RR-1230,21,BMM,Plant Maintenance,2026-06-20,2026-07-14,"Plant Maintenance spares replenishment - Impact Idler, 1600mm belt width, rubber disc",COMPLETED,Normal,793561.27,synthetic,2026-06-20T02:09:36.211764+00:00,2026-08-25T09:09:36.211764+00:00
231,RR-1231,7,Gamsberg,Mining Operations,2026-03-01,2026-04-16,"Mining Operations spares replenishment - Flotation Cell Impeller, medium cell, rubber coated",COMPLETED,Normal,576753.03,synthetic,2026-03-01T06:09:36.211764+00:00,2026-08-25T09:09:36.211764+00:00
232,RR-1232,12,Gamsberg,Mining Operations,2026-04-08,2026-04-27,"Mining Operations spares replenishment - Density Meter, nuclear, 40mm (1.5"") pipe",COMPLETED,Normal,2032482.27,synthetic,2026-04-08T15:09:36.211764+00:00,2026-08-25T09:09:36.211764+00:00
233,RR-1233,22,BMM,Safety & SHEQ,2026-06-03,2026-07-14,"Safety & SHEQ spares replenishment - Ball Mill Grinding Media, 60mm, forged steel balls",COMPLETED,High,978227.96,synthetic,2026-06-03T04:09:36.211764+00:00,2026-08-25T09:09:36.211764+00:00
234,RR-1234,17,Gamsberg,Mechanical Engineering,2026-02-18,2026-03-10,"Mechanical Engineering spares replenishment - Spherical Roller Bearing 22235, 35mm bore",COMPLETED,High,1400975.92,synthetic,2026-02-18T15:09:36.211764+00:00,2026-08-25T09:09:36.211764+00:00
235,RR-1235,3,BMM,Processing / Plant Operations,2026-04-12,2026-06-11,"Processing / Plant Operations spares replenishment - SAG Mill Liner Plate, lifter bar, chrome-moly steel",COMPLETED,Normal,1591322.49,synthetic,2026-04-12T03:09:36.211764+00:00,2026-08-25T09:09:36.211764+00:00
236,RR-1236,12,Gamsberg,Mining Operations,2026-06-27,2026-07-31,"Mining Operations spares replenishment - Density Meter, nuclear, 100mm (4"") pipe",COMPLETED,Normal,181465.22,synthetic,2026-06-27T09:09:36.211764+00:00,2026-08-25T09:09:36.211764+00:00
237,RR-1237,24,Gamsberg,Mining Operations,2026-04-17,2026-05-17,"Mining Operations spares replenishment - Flotation Cell Impeller, small cell, rubber coated",WAITING_DOA,High,536777.56,synthetic,2026-04-17T23:09:36.211764+00:00,2026-08-25T09:09:36.211764+00:00
238,RR-1238,6,BMM,Instrumentation & Electrical,2026-04-30,2026-05-25,"Instrumentation & Electrical spares replenishment - TEFC Induction Motor, 55kW, 4-pole, IE3",WAITING_DOA,Normal,2541980.08,synthetic,2026-04-30T06:09:36.211764+00:00,2026-08-25T09:09:36.211764+00:00
239,RR-1239,16,Gamsberg,Mining Operations,2026-04-22,2026-05-10,"Mining Operations spares replenishment - Impact Idler, 1000mm belt width, rubber disc",REJECTED,Normal,568452.5,synthetic,2026-04-22T00:09:36.211764+00:00,2026-08-25T09:09:36.211764+00:00
240,RR-1240,24,Gamsberg,Mining Operations,2025-12-25,2026-02-14,"Mining Operations spares replenishment - Butterfly Valve, 100mm (4""), wafer type",COMPLETED,High,1136699.82,synthetic,2025-12-25T22:09:36.211764+00:00,2026-08-25T09:09:36.211764+00:00
241,RR-1241,22,BMM,Safety & SHEQ,2026-06-10,2026-07-04,"Safety & SHEQ spares replenishment - Tapered Roller Bearing 32017, 17mm bore",COMPLETED,Critical,2274156.13,synthetic,2026-06-10T10:09:36.211764+00:00,2026-08-25T09:09:36.211764+00:00
242,RR-1242,1,Gamsberg,Instrumentation & Electrical,2026-07-09,2026-07-29,"Instrumentation & Electrical spares replenishment - Pillow Block Bearing Unit UCP290, 90mm shaft",COMPLETED,Normal,223629.93,synthetic,2026-07-09T23:09:36.211764+00:00,2026-08-25T09:09:36.211764+00:00
243,RR-1243,6,BMM,Instrumentation & Electrical,2026-07-13,2026-08-25,"Instrumentation & Electrical spares replenishment - Density Meter, nuclear, 200mm (8"") pipe",COMPLETED,High,2456167.95,synthetic,2026-07-13T00:09:36.211764+00:00,2026-08-25T09:09:36.211764+00:00
244,RR-1244,19,BMM,Mechanical Engineering,2025-12-07,2026-02-01,"Mechanical Engineering spares replenishment - Level Transmitter, ultrasonic, 0-5m range",COMPLETED,Normal,761802.86,synthetic,2025-12-07T00:09:36.211764+00:00,2026-08-25T09:09:36.211764+00:00
245,RR-1245,23,BMM,Processing / Plant Operations,2026-07-16,2026-08-01,"Processing / Plant Operations spares replenishment - Butterfly Valve, 50mm (2""), wafer type",REJECTED,Normal,239207.85,synthetic,2026-07-16T03:09:36.211764+00:00,2026-08-25T09:09:36.211764+00:00
246,RR-1246,7,Gamsberg,Mining Operations,2026-03-19,2026-04-21,"Mining Operations spares replenishment - Flow Meter, magnetic, 100mm (4"")",COMPLETED,Critical,3753174.14,synthetic,2026-03-19T22:09:36.211764+00:00,2026-08-25T09:09:36.211764+00:00
247,RR-1247,1,Gamsberg,Instrumentation & Electrical,2026-07-22,2026-09-04,"Instrumentation & Electrical spares replenishment - Motor Drive Coupling, elastomeric, rated for 75kW",COMPLETED,Normal,1255618.26,synthetic,2026-07-22T07:09:36.211764+00:00,2026-08-25T09:09:36.211764+00:00
248,RR-1248,5,Gamsberg,Procurement,2026-06-24,2026-08-16,Procurement spares replenishment - misc parts,COMPLETED,Normal,273589.72,synthetic,2026-06-24T14:09:36.211764+00:00,2026-08-25T09:09:36.211764+00:00
249,RR-1249,4,Gamsberg,Instrumentation & Electrical,2026-02-17,2026-03-21,"Instrumentation & Electrical spares replenishment - Tapered Roller Bearing 32090, 90mm bore",COMPLETED,High,48759.06,synthetic,2026-02-17T20:09:36.211764+00:00,2026-08-25T09:09:36.211764+00:00
250,RR-1250,9,Gamsberg,Processing / Plant Operations,2026-05-11,2026-06-23,"Processing / Plant Operations spares replenishment - Variable Speed Drive, 45kW",WAITING_DOA,Critical,5434498.0,synthetic,2026-05-11T22:09:36.211764+00:00,2026-08-25T09:09:36.211764+00:00
251,RR-1251,21,BMM,Plant Maintenance,2026-02-12,2026-03-01,"Plant Maintenance spares replenishment - TEFC Induction Motor, 110kW, 4-pole, IE3",COMPLETED,High,1244729.75,synthetic,2026-02-12T11:09:36.211764+00:00,2026-08-25T09:09:36.211764+00:00
252,RR-1252,24,Gamsberg,Mining Operations,2026-07-27,2026-08-13,"Mining Operations spares replenishment - Spherical Roller Bearing 22275, 75mm bore",COMPLETED,Normal,449587.05,synthetic,2026-07-27T11:09:36.211764+00:00,2026-08-25T09:09:36.211764+00:00
253,RR-1253,15,Gamsberg,Processing / Plant Operations,2026-07-20,2026-08-06,"Processing / Plant Operations spares replenishment - Centrifugal Slurry Pump Casing Liner, Low-flow metering",COMPLETED,High,693155.88,synthetic,2026-07-20T19:09:36.211764+00:00,2026-08-25T09:09:36.211764+00:00
254,RR-1254,20,Gamsberg,Mining Operations,2026-01-10,2026-02-01,Mining Operations spares replenishment - as discussed,COMPLETED,Normal,3805813.02,synthetic,2026-01-10T03:09:36.211764+00:00,2026-08-25T09:09:36.211764+00:00
255,RR-1255,13,Gamsberg,Plant Maintenance,2026-05-16,2026-06-27,"Plant Maintenance spares replenishment - Jaw Crusher Fixed Jaw Plate, corrugated, manganese steel",ESCALATED,High,1269442.6,synthetic,2026-05-16T04:09:36.211764+00:00,2026-08-25T09:09:36.211764+00:00
256,RR-1256,11,Gamsberg,Instrumentation & Electrical,2026-02-22,2026-04-01,"Instrumentation & Electrical spares replenishment - MCC Contactor, 95A, 3-pole",COMPLETED,Normal,322242.48,synthetic,2026-02-22T09:09:36.211764+00:00,2026-08-25T09:09:36.211764+00:00
257,RR-1257,19,BMM,Mechanical Engineering,2026-07-07,2026-08-12,Mechanical Engineering spares replenishment - as discussed,COMPLETED,High,266580.06,synthetic,2026-07-07T03:09:36.211764+00:00,2026-08-25T09:09:36.211764+00:00
258,RR-1258,5,Gamsberg,Procurement,2026-06-29,2026-08-09,"Procurement spares replenishment - Belt Scraper Blade Set, 650mm width, tungsten tip",COMPLETED,Critical,266759.28,synthetic,2026-06-29T17:09:36.211764+00:00,2026-08-25T09:09:36.211764+00:00
259,RR-1259,8,BMM,Plant Maintenance,2026-01-27,2026-03-13,"Plant Maintenance spares replenishment - Pillow Block Bearing Unit UCP250, 50mm shaft",COMPLETED,Normal,693144.08,synthetic,2026-01-27T23:09:36.211764+00:00,2026-08-25T09:09:36.211764+00:00
260,RR-1260,19,BMM,Mechanical Engineering,2026-05-30,2026-07-18,"Mechanical Engineering spares replenishment - Circuit Breaker, MCCB, 400A",COMPLETED,High,431366.5,synthetic,2026-05-30T22:09:36.211764+00:00,2026-08-25T09:09:36.211764+00:00
261,RR-1261,20,Gamsberg,Mining Operations,2026-05-27,2026-07-04,"Mining Operations spares replenishment - Pinch Valve, 80mm (3""), slurry service",WAITING_DOA,Normal,2732317.33,synthetic,2026-05-27T02:09:36.211764+00:00,2026-08-25T09:09:36.211764+00:00
262,RR-1262,4,Gamsberg,Instrumentation & Electrical,2026-06-24,2026-08-16,"Instrumentation & Electrical spares replenishment - Gland Packing Set, shaft 25mm, PTFE impregnated",COMPLETED,High,90859.61,synthetic,2026-06-24T04:09:36.211764+00:00,2026-08-25T09:09:36.211764+00:00
263,RR-1263,11,Gamsberg,Instrumentation & Electrical,2026-04-18,2026-05-13,"Instrumentation & Electrical spares replenishment - Spherical Roller Bearing 22235, 35mm bore",COMPLETED,Normal,458722.62,synthetic,2026-04-18T00:09:36.211764+00:00,2026-08-25T09:09:36.211764+00:00
264,RR-1264,21,BMM,Plant Maintenance,2025-12-09,2026-01-11,"Plant Maintenance spares replenishment - Level Transmitter, ultrasonic, 0-5m range",ESCALATED,Normal,236544.91,synthetic,2025-12-09T22:09:36.211764+00:00,2026-08-25T09:09:36.211764+00:00
265,RR-1265,16,Gamsberg,Mining Operations,2026-05-06,2026-06-29,"Mining Operations spares replenishment - Power Cable, XLPE armoured, 4-core 35mm2",COMPLETED,Normal,3327820.03,synthetic,2026-05-06T00:09:36.211764+00:00,2026-08-25T09:09:36.211764+00:00
266,RR-1266,1,Gamsberg,Instrumentation & Electrical,2026-01-11,2026-01-30,"Instrumentation & Electrical spares replenishment - Seal Support System, API Plan 32, shaft 65mm",COMPLETED,Normal,1473372.6,synthetic,2026-01-11T23:09:36.211764+00:00,2026-08-25T09:09:36.211764+00:00
267,RR-1267,5,Gamsberg,Procurement,2026-06-07,2026-06-24,"Procurement spares replenishment - Variable Speed Drive, 15kW",COMPLETED,Normal,1459807.06,synthetic,2026-06-07T21:09:36.211764+00:00,2026-08-25T09:09:36.211764+00:00
268,RR-1268,22,BMM,Safety & SHEQ,2026-06-26,2026-08-18,"Safety & SHEQ spares replenishment - Froth Paddle Assembly, small cell",COMPLETED,Normal,557197.43,synthetic,2026-06-26T22:09:36.211764+00:00,2026-08-25T09:09:36.211764+00:00
269,RR-1269,21,BMM,Plant Maintenance,2026-05-08,2026-05-23,"Plant Maintenance spares replenishment - Density Meter, nuclear, 40mm (1.5"") pipe",WAITING_DOA,High,1693425.38,synthetic,2026-05-08T05:09:36.211764+00:00,2026-08-25T09:09:36.211764+00:00
270,RR-1270,7,Gamsberg,Mining Operations,2026-04-13,2026-05-11,"Mining Operations spares replenishment - Density Meter, nuclear, 40mm (1.5"") pipe",COMPLETED,Normal,1506698.46,synthetic,2026-04-13T01:09:36.211764+00:00,2026-08-25T09:09:36.211764+00:00
271,RR-1271,16,Gamsberg,Mining Operations,2025-12-17,2026-01-23,"Mining Operations spares replenishment - Slip Ring Induction Motor, 30kW, 6-pole",COMPLETED,High,980364.46,synthetic,2025-12-17T06:09:36.211764+00:00,2026-08-25T09:09:36.211764+00:00
272,RR-1272,2,BMM,Warehouse & Stores,2026-04-01,2026-04-22,"Warehouse & Stores spares replenishment - Pillow Block Bearing Unit UCP235, 35mm shaft",COMPLETED,Normal,2441482.32,synthetic,2026-04-01T05:09:36.211764+00:00,2026-08-25T09:09:36.211764+00:00
273,RR-1273,7,Gamsberg,Mining Operations,2026-05-03,2026-06-01,"Mining Operations spares replenishment - Cone Crusher Mantle, standard profile",COMPLETED,Normal,9096610.35,synthetic,2026-05-03T11:09:36.211764+00:00,2026-08-25T09:09:36.211764+00:00
274,RR-1274,14,Gamsberg,Procurement,2026-04-20,2026-05-20,"Procurement spares replenishment - Deep Groove Ball Bearing 6235-2RS, 35mm bore",COMPLETED,Normal,11380.24,synthetic,2026-04-20T02:09:36.211764+00:00,2026-08-25T09:09:36.211764+00:00
275,RR-1275,20,Gamsberg,Mining Operations,2026-07-03,2026-08-06,"Mining Operations spares replenishment - Pinch Valve, 100mm (4""), slurry service",COMPLETED,High,430314.69,synthetic,2026-07-03T22:09:36.211764+00:00,2026-08-25T09:09:36.211764+00:00
276,RR-1276,15,Gamsberg,Processing / Plant Operations,2026-02-13,2026-03-19,"Processing / Plant Operations spares replenishment - Variable Speed Drive, 55kW",COMPLETED,Normal,3804608.16,synthetic,2026-02-13T08:09:36.211764+00:00,2026-08-25T09:09:36.211764+00:00
277,RR-1277,7,Gamsberg,Mining Operations,2026-07-15,2026-08-07,"Mining Operations spares replenishment - Variable Speed Drive, 15kW",COMPLETED,Normal,5009675.44,synthetic,2026-07-15T08:09:36.211764+00:00,2026-08-25T09:09:36.211764+00:00
278,RR-1278,17,Gamsberg,Mechanical Engineering,2026-01-17,2026-02-11,"Mechanical Engineering spares replenishment - Motor Drive Coupling, elastomeric, rated for 11kW",COMPLETED,Normal,142862.8,synthetic,2026-01-17T03:09:36.211764+00:00,2026-08-25T09:09:36.211764+00:00
279,RR-1279,1,Gamsberg,Instrumentation & Electrical,2026-05-06,2026-06-09,"Instrumentation & Electrical spares replenishment - Variable Speed Drive, 110kW",COMPLETED,Normal,5415167.0,synthetic,2026-05-06T04:09:36.211764+00:00,2026-08-25T09:09:36.211764+00:00
280,RR-1280,13,Gamsberg,Plant Maintenance,2026-06-30,2026-08-15,"Plant Maintenance spares replenishment - Level Transmitter, ultrasonic, 0-5m range",COMPLETED,High,415521.16,synthetic,2026-06-30T10:09:36.211764+00:00,2026-08-25T09:09:36.211764+00:00
281,RR-1281,5,Gamsberg,Procurement,2025-12-14,2026-02-06,"Procurement spares replenishment - Spherical Roller Bearing 22275, 75mm bore",COMPLETED,Normal,795636.84,synthetic,2025-12-14T09:09:36.211764+00:00,2026-08-25T09:09:36.211764+00:00
282,RR-1282,9,Gamsberg,Processing / Plant Operations,2026-03-23,2026-04-06,"Processing / Plant Operations spares replenishment - Pillow Block Bearing Unit UCP250, 50mm shaft",COMPLETED,High,90694.45,synthetic,2026-03-23T10:09:36.211764+00:00,2026-08-25T09:09:36.211764+00:00
283,RR-1283,4,Gamsberg,Instrumentation & Electrical,2026-02-27,2026-03-31,"Instrumentation & Electrical spares replenishment - Spherical Roller Bearing 22225, 25mm bore",REJECTED,Normal,355821.73,synthetic,2026-02-27T03:09:36.211764+00:00,2026-08-25T09:09:36.211764+00:00
284,RR-1284,21,BMM,Plant Maintenance,2026-02-24,2026-04-09,"Plant Maintenance spares replenishment - TEFC Induction Motor, 22kW, 4-pole, IE3",COMPLETED,Normal,769982.7,synthetic,2026-02-24T19:09:36.211764+00:00,2026-08-25T09:09:36.211764+00:00
285,RR-1285,13,Gamsberg,Plant Maintenance,2026-06-20,2026-08-08,"Plant Maintenance spares replenishment - Impact Idler, 800mm belt width, rubber disc",WAITING_DOA,Normal,32138.32,synthetic,2026-06-20T06:09:36.211764+00:00,2026-08-25T09:09:36.211764+00:00
286,RR-1286,19,BMM,Mechanical Engineering,2025-12-16,2026-01-24,"Mechanical Engineering spares replenishment - Vertical Sump Pump Shaft Assembly, Medium duty",COMPLETED,Normal,1167597.28,synthetic,2025-12-16T06:09:36.211764+00:00,2026-08-25T09:09:36.211764+00:00
287,RR-1287,6,BMM,Instrumentation & Electrical,2026-04-29,2026-06-12,"Instrumentation & Electrical spares replenishment - Circuit Breaker, MCCB, 1000A",WAITING_DOA,Normal,86601.12,synthetic,2026-04-29T04:09:36.211764+00:00,2026-08-25T09:09:36.211764+00:00
288,RR-1288,4,Gamsberg,Instrumentation & Electrical,2026-04-03,2026-05-16,Instrumentation & Electrical spares replenishment - as discussed,COMPLETED,Normal,1346278.32,synthetic,2026-04-03T01:09:36.211764+00:00,2026-08-25T09:09:36.211764+00:00
289,RR-1289,21,BMM,Plant Maintenance,2026-06-18,2026-07-25,"Plant Maintenance spares replenishment - Gland Packing Set, shaft 65mm, PTFE impregnated",WAITING_DOA,Critical,1548708.63,synthetic,2026-06-18T23:09:36.211764+00:00,2026-08-25T09:09:36.211764+00:00
290,RR-1290,21,BMM,Plant Maintenance,2026-08-17,2026-10-10,"Plant Maintenance spares replenishment - Spherical Roller Bearing 22240, 40mm bore",COMPLETED,Normal,599263.64,synthetic,2026-08-17T06:09:36.211764+00:00,2026-08-25T09:09:36.211764+00:00
291,RR-1291,22,BMM,Safety & SHEQ,2026-07-01,2026-07-18,"Safety & SHEQ spares replenishment - Slip Ring Induction Motor, 110kW, 6-pole",COMPLETED,Normal,11680109.91,synthetic,2026-07-01T05:09:36.211764+00:00,2026-08-25T09:09:36.211764+00:00
292,RR-1292,12,Gamsberg,Mining Operations,2026-04-21,2026-06-09,"Mining Operations spares replenishment - Flow Meter, magnetic, 80mm (3"")",WAITING_DOA,Normal,2503889.73,synthetic,2026-04-21T22:09:36.211764+00:00,2026-08-25T09:09:36.211764+00:00
293,RR-1293,21,BMM,Plant Maintenance,2026-05-24,2026-06-30,"Plant Maintenance spares replenishment - Spherical Roller Bearing 22260, 60mm bore",COMPLETED,Normal,1527656.66,synthetic,2026-05-24T11:09:36.211764+00:00,2026-08-25T09:09:36.211764+00:00
294,RR-1294,20,Gamsberg,Mining Operations,2026-06-10,2026-07-08,"Mining Operations spares replenishment - Troughing Idler Set, 1200mm belt width, 3-roll",COMPLETED,Normal,677970.51,synthetic,2026-06-10T18:09:36.211764+00:00,2026-08-25T09:09:36.211764+00:00
295,RR-1295,16,Gamsberg,Mining Operations,2026-05-12,2026-07-10,"Mining Operations spares replenishment - Gland Packing Set, shaft 65mm, PTFE impregnated",COMPLETED,High,150694.49,synthetic,2026-05-12T02:09:36.211764+00:00,2026-08-25T09:09:36.211764+00:00
296,RR-1296,11,Gamsberg,Instrumentation & Electrical,2026-04-25,2026-06-21,"Instrumentation & Electrical spares replenishment - Vertical Sump Pump Shaft Assembly, Light duty",COMPLETED,Normal,3241718.15,synthetic,2026-04-25T00:09:36.211764+00:00,2026-08-25T09:09:36.211764+00:00
297,RR-1297,3,BMM,Processing / Plant Operations,2025-12-21,2026-02-11,"Processing / Plant Operations spares replenishment - Butterfly Valve, 25mm (1""), wafer type",COMPLETED,Normal,36656.0,synthetic,2025-12-21T01:09:36.211764+00:00,2026-08-25T09:09:36.211764+00:00
298,RR-1298,10,BMM,Mechanical Engineering,2026-04-05,2026-06-04,"Mechanical Engineering spares replenishment - Pillow Block Bearing Unit UCP240, 40mm shaft",COMPLETED,High,1834157.92,synthetic,2026-04-05T10:09:36.211764+00:00,2026-08-25T09:09:36.211764+00:00
299,RR-1299,4,Gamsberg,Instrumentation & Electrical,2026-07-31,2026-09-29,Instrumentation & Electrical spares replenishment - items per attached list,REJECTED,Normal,611164.23,synthetic,2026-07-31T14:09:36.211764+00:00,2026-08-25T09:09:36.211764+00:00
300,RR-1300,5,Gamsberg,Procurement,2026-06-17,2026-08-08,"Procurement spares replenishment - Motor Drive Coupling, elastomeric, rated for 55kW",COMPLETED,Normal,1297441.28,synthetic,2026-06-17T06:09:36.211764+00:00,2026-08-25T09:09:36.211764+00:00
301,RR-1301,10,BMM,Mechanical Engineering,2026-07-03,2026-07-27,"Mechanical Engineering spares replenishment - Troughing Idler Set, 650mm belt width, 3-roll",COMPLETED,Normal,1283392.87,synthetic,2026-07-03T04:09:36.211764+00:00,2026-08-25T09:09:36.211764+00:00
302,RR-1302,22,BMM,Safety & SHEQ,2026-04-09,2026-05-13,"Safety & SHEQ spares replenishment - Tapered Roller Bearing 32090, 90mm bore",COMPLETED,High,641221.32,synthetic,2026-04-09T15:09:36.211764+00:00,2026-08-25T09:09:36.211764+00:00
303,RR-1303,10,BMM,Mechanical Engineering,2026-05-13,2026-07-05,"Mechanical Engineering spares replenishment - Impact Idler, 800mm belt width, rubber disc",WAITING_DOA,Normal,727884.87,synthetic,2026-05-13T11:09:36.211764+00:00,2026-08-25T09:09:36.211764+00:00
304,RR-1304,19,BMM,Mechanical Engineering,2026-02-07,2026-04-05,"Mechanical Engineering spares replenishment - Froth Paddle Assembly, large cell",COMPLETED,Normal,484075.8,synthetic,2026-02-07T19:09:36.211764+00:00,2026-08-25T09:09:36.211764+00:00
305,RR-1305,7,Gamsberg,Mining Operations,2026-03-22,2026-04-12,"Mining Operations spares replenishment - Flow Meter, magnetic, 100mm (4"")",COMPLETED,Normal,1066477.09,synthetic,2026-03-22T18:09:36.211764+00:00,2026-08-25T09:09:36.211764+00:00
306,RR-1306,13,Gamsberg,Plant Maintenance,2026-04-26,2026-06-09,"Plant Maintenance spares replenishment - Butterfly Valve, 40mm (1.5""), wafer type",COMPLETED,Critical,2174452.52,synthetic,2026-04-26T14:09:36.211764+00:00,2026-08-25T09:09:36.211764+00:00
307,RR-1307,23,BMM,Processing / Plant Operations,2026-03-02,2026-04-04,"Processing / Plant Operations spares replenishment - Circuit Breaker, MCCB, 630A",COMPLETED,High,93925.08,synthetic,2026-03-02T23:09:36.211764+00:00,2026-08-25T09:09:36.211764+00:00
308,RR-1308,12,Gamsberg,Mining Operations,2026-06-10,2026-07-15,"Mining Operations spares replenishment - Slip Ring Induction Motor, 22kW, 6-pole",WAITING_DOA,High,183553.36,synthetic,2026-06-10T13:09:36.211764+00:00,2026-08-25T09:09:36.211764+00:00
309,RR-1309,16,Gamsberg,Mining Operations,2026-05-02,2026-06-09,"Mining Operations spares replenishment - Slip Ring Induction Motor, 55kW, 6-pole",COMPLETED,Normal,860841.11,synthetic,2026-05-02T03:09:36.211764+00:00,2026-08-25T09:09:36.211764+00:00
310,RR-1310,24,Gamsberg,Mining Operations,2026-02-02,2026-03-31,"Mining Operations spares replenishment - Spherical Roller Bearing 22217, 17mm bore",COMPLETED,Normal,3357717.8,synthetic,2026-02-02T01:09:36.211764+00:00,2026-08-25T09:09:36.211764+00:00
311,RR-1311,18,Gamsberg,Procurement,2026-07-02,2026-08-28,"Procurement spares replenishment - Density Meter, nuclear, 200mm (8"") pipe",COMPLETED,Normal,1579660.76,synthetic,2026-07-02T07:09:36.211764+00:00,2026-08-25T09:09:36.211764+00:00
312,RR-1312,23,BMM,Processing / Plant Operations,2026-01-26,2026-03-10,"Processing / Plant Operations spares replenishment - Tapered Roller Bearing 32025, 25mm bore",COMPLETED,Normal,160501.59,synthetic,2026-01-26T11:09:36.211764+00:00,2026-08-25T09:09:36.211764+00:00
313,RR-1313,18,Gamsberg,Procurement,2026-08-04,2026-08-31,"Procurement spares replenishment - Density Meter, nuclear, 25mm (1"") pipe",ESCALATED,Normal,1229883.35,synthetic,2026-08-04T07:09:36.211764+00:00,2026-08-25T09:09:36.211764+00:00
314,RR-1314,4,Gamsberg,Instrumentation & Electrical,2026-05-05,2026-05-30,"Instrumentation & Electrical spares replenishment - Pinch Valve, 150mm (6""), slurry service",COMPLETED,Normal,1605220.76,synthetic,2026-05-05T03:09:36.211764+00:00,2026-08-25T09:09:36.211764+00:00
315,RR-1315,6,BMM,Instrumentation & Electrical,2026-04-12,2026-05-07,"Instrumentation & Electrical spares replenishment - Flow Meter, magnetic, 80mm (3"")",COMPLETED,High,131702.91,synthetic,2026-04-12T12:09:36.211764+00:00,2026-08-25T09:09:36.211764+00:00
316,RR-1316,18,Gamsberg,Procurement,2025-12-24,2026-01-22,"Procurement spares replenishment - Pillow Block Bearing Unit UCP250, 50mm shaft",COMPLETED,High,1824088.8,synthetic,2025-12-24T17:09:36.211764+00:00,2026-08-25T09:09:36.211764+00:00
317,RR-1317,21,BMM,Plant Maintenance,2026-05-08,2026-06-03,"Plant Maintenance spares replenishment - Gland Packing Set, shaft 65mm, PTFE impregnated",COMPLETED,High,84276.85,synthetic,2026-05-08T01:09:36.211764+00:00,2026-08-25T09:09:36.211764+00:00
318,RR-1318,22,BMM,Safety & SHEQ,2026-07-28,2026-08-24,"Safety & SHEQ spares replenishment - Flotation Cell Impeller, small cell, rubber coated",COMPLETED,High,3635668.01,synthetic,2026-07-28T07:09:36.211764+00:00,2026-08-25T09:09:36.211764+00:00
319,RR-1319,2,BMM,Warehouse & Stores,2026-01-09,2026-01-24,"Warehouse & Stores spares replenishment - TEFC Induction Motor, 110kW, 4-pole, IE3",COMPLETED,Normal,489732.56,synthetic,2026-01-09T05:09:36.211764+00:00,2026-08-25T09:09:36.211764+00:00
320,RR-1320,5,Gamsberg,Procurement,2026-03-06,2026-03-25,"Procurement spares replenishment - Froth Paddle Assembly, small cell",REJECTED,Critical,909086.98,synthetic,2026-03-06T02:09:36.211764+00:00,2026-08-25T09:09:36.211764+00:00
321,RR-1321,15,Gamsberg,Processing / Plant Operations,2026-01-15,2026-03-14,"Processing / Plant Operations spares replenishment - Butterfly Valve, 40mm (1.5""), wafer type",COMPLETED,Normal,232949.73,synthetic,2026-01-15T15:09:36.211764+00:00,2026-08-25T09:09:36.211764+00:00
322,RR-1322,17,Gamsberg,Mechanical Engineering,2025-12-24,2026-02-07,"Mechanical Engineering spares replenishment - Ball Valve, 200mm (8""), full bore, stainless trim",COMPLETED,Normal,270873.08,synthetic,2025-12-24T23:09:36.211764+00:00,2026-08-25T09:09:36.211764+00:00
323,RR-1323,3,BMM,Processing / Plant Operations,2026-08-08,2026-09-10,"Processing / Plant Operations spares replenishment - Mechanical Seal, shaft 80mm, tungsten carbide faces",COMPLETED,Normal,1678952.39,synthetic,2026-08-08T08:09:36.211764+00:00,2026-08-25T09:09:36.211764+00:00
324,RR-1324,18,Gamsberg,Procurement,2026-03-19,2026-04-12,"Procurement spares replenishment - Density Meter, nuclear, 200mm (8"") pipe",COMPLETED,Normal,880343.45,synthetic,2026-03-19T15:09:36.211764+00:00,2026-08-25T09:09:36.211764+00:00
325,RR-1325,10,BMM,Mechanical Engineering,2026-02-05,2026-03-24,"Mechanical Engineering spares replenishment - Power Cable, XLPE armoured, 4-core 70mm2",COMPLETED,Normal,429660.84,synthetic,2026-02-05T19:09:36.211764+00:00,2026-08-25T09:09:36.211764+00:00
326,RR-1326,11,Gamsberg,Instrumentation & Electrical,2026-01-28,2026-03-04,"Instrumentation & Electrical spares replenishment - Ball Mill Grinding Media, 60mm, forged steel balls",COMPLETED,Normal,324438.66,synthetic,2026-01-28T10:09:36.211764+00:00,2026-08-25T09:09:36.211764+00:00
327,RR-1327,10,BMM,Mechanical Engineering,2026-02-01,2026-02-15,"Mechanical Engineering spares replenishment - Gland Packing Set, shaft 65mm, PTFE impregnated",COMPLETED,Critical,15186.06,synthetic,2026-02-01T07:09:36.211764+00:00,2026-08-25T09:09:36.211764+00:00
328,RR-1328,8,BMM,Plant Maintenance,2026-04-25,2026-06-04,"Plant Maintenance spares replenishment - Flotation Cell Stator, small cell",COMPLETED,Normal,1819017.32,synthetic,2026-04-25T01:09:36.211764+00:00,2026-08-25T09:09:36.211764+00:00
329,RR-1329,24,Gamsberg,Mining Operations,2026-03-01,2026-03-21,"Mining Operations spares replenishment - Density Meter, nuclear, 40mm (1.5"") pipe",COMPLETED,Normal,1969580.22,synthetic,2026-03-01T20:09:36.211764+00:00,2026-08-25T09:09:36.211764+00:00
330,RR-1330,15,Gamsberg,Processing / Plant Operations,2025-12-19,2026-02-07,"Processing / Plant Operations spares replenishment - Ball Valve, 50mm (2""), full bore, stainless trim",COMPLETED,Normal,54705.8,synthetic,2025-12-19T17:09:36.211764+00:00,2026-08-25T09:09:36.211764+00:00
331,RR-1331,14,Gamsberg,Procurement,2026-05-08,2026-06-09,"Procurement spares replenishment - Motor Drive Coupling, elastomeric, rated for 7.5kW",REJECTED,Critical,769083.5,synthetic,2026-05-08T02:09:36.211764+00:00,2026-08-25T09:09:36.211764+00:00
332,RR-1332,6,BMM,Instrumentation & Electrical,2026-04-19,2026-05-22,"Instrumentation & Electrical spares replenishment - Troughing Idler Set, 800mm belt width, 3-roll",COMPLETED,Normal,180759.0,synthetic,2026-04-19T08:09:36.211764+00:00,2026-08-25T09:09:36.211764+00:00
333,RR-1333,20,Gamsberg,Mining Operations,2026-05-02,2026-05-21,"Mining Operations spares replenishment - Pressure Transmitter, 0-10 bar range, 4-20mA",REJECTED,Normal,2929707.22,synthetic,2026-05-02T19:09:36.211764+00:00,2026-08-25T09:09:36.211764+00:00
334,RR-1334,12,Gamsberg,Mining Operations,2026-05-25,2026-07-17,"Mining Operations spares replenishment - Slip Ring Induction Motor, 75kW, 6-pole",COMPLETED,Normal,2291471.76,synthetic,2026-05-25T01:09:36.211764+00:00,2026-08-25T09:09:36.211764+00:00
335,RR-1335,19,BMM,Mechanical Engineering,2025-12-06,2026-01-12,"Mechanical Engineering spares replenishment - Circuit Breaker, MCCB, 400A",COMPLETED,Normal,78373.8,synthetic,2025-12-06T20:09:36.211764+00:00,2026-08-25T09:09:36.211764+00:00
336,RR-1336,21,BMM,Plant Maintenance,2026-07-23,2026-09-13,"Plant Maintenance spares replenishment - Ball Mill Grinding Media, 40mm, forged steel balls",COMPLETED,Normal,4446552.98,synthetic,2026-07-23T17:09:36.211764+00:00,2026-08-25T09:09:36.211764+00:00
337,RR-1337,6,BMM,Instrumentation & Electrical,2026-01-06,2026-02-01,"Instrumentation & Electrical spares replenishment - Motor Drive Coupling, elastomeric, rated for 75kW",COMPLETED,Normal,81685.9,synthetic,2026-01-06T02:09:36.211764+00:00,2026-08-25T09:09:36.211764+00:00
338,RR-1338,9,Gamsberg,Processing / Plant Operations,2026-08-11,2026-09-16,"Processing / Plant Operations spares replenishment - Spherical Roller Bearing 22260, 60mm bore",COMPLETED,Normal,25101.14,synthetic,2026-08-11T21:09:36.211764+00:00,2026-08-25T09:09:36.211764+00:00
339,RR-1339,24,Gamsberg,Mining Operations,2026-07-03,2026-07-20,"Mining Operations spares replenishment - Seal Support System, API Plan 32, shaft 65mm",WAITING_DOA,Normal,1442516.2,synthetic,2026-07-03T03:09:36.211764+00:00,2026-08-25T09:09:36.211764+00:00
340,RR-1340,20,Gamsberg,Mining Operations,2026-07-31,2026-09-03,"Mining Operations spares replenishment - Gland Packing Set, shaft 38mm, PTFE impregnated",COMPLETED,High,41249.51,synthetic,2026-07-31T18:09:36.211764+00:00,2026-08-25T09:09:36.211764+00:00
341,RR-1341,6,BMM,Instrumentation & Electrical,2026-01-28,2026-02-27,"Instrumentation & Electrical spares replenishment - Deep Groove Ball Bearing 6290-2RS, 90mm bore",COMPLETED,Normal,15401.4,synthetic,2026-01-28T15:09:36.211764+00:00,2026-08-25T09:09:36.211764+00:00
342,RR-1342,9,Gamsberg,Processing / Plant Operations,2026-08-13,2026-09-22,"Processing / Plant Operations spares replenishment - TEFC Induction Motor, 110kW, 4-pole, IE3",COMPLETED,Normal,1639836.6,synthetic,2026-08-13T04:09:36.211764+00:00,2026-08-25T09:09:36.211764+00:00
343,RR-1343,20,Gamsberg,Mining Operations,2026-02-27,2026-04-28,"Mining Operations spares replenishment - Conveyor Belt, steel cord, 650mm width",COMPLETED,Normal,812005.07,synthetic,2026-02-27T22:09:36.211764+00:00,2026-08-25T09:09:36.211764+00:00
344,RR-1344,6,BMM,Instrumentation & Electrical,2026-04-03,2026-05-26,"Instrumentation & Electrical spares replenishment - Pinch Valve, 50mm (2""), slurry service",WAITING_DOA,Normal,1634053.24,synthetic,2026-04-03T13:09:36.211764+00:00,2026-08-25T09:09:36.211764+00:00
345,RR-1345,1,Gamsberg,Instrumentation & Electrical,2026-07-25,2026-08-18,"Instrumentation & Electrical spares replenishment - Pressure Transmitter, 0-10 bar range, 4-20mA",COMPLETED,Normal,599961.39,synthetic,2026-07-25T09:09:36.211764+00:00,2026-08-25T09:09:36.211764+00:00
346,RR-1346,9,Gamsberg,Processing / Plant Operations,2026-05-12,2026-06-21,"Processing / Plant Operations spares replenishment - Troughing Idler Set, 1400mm belt width, 3-roll",COMPLETED,Normal,35460.57,synthetic,2026-05-12T01:09:36.211764+00:00,2026-08-25T09:09:36.211764+00:00
347,RR-1347,15,Gamsberg,Processing / Plant Operations,2026-01-21,2026-03-13,"Processing / Plant Operations spares replenishment - Impact Idler, 800mm belt width, rubber disc",COMPLETED,High,1185408.93,synthetic,2026-01-21T20:09:36.211764+00:00,2026-08-25T09:09:36.211764+00:00
348,RR-1348,14,Gamsberg,Procurement,2026-05-07,2026-07-03,"Procurement spares replenishment - Flotation Cell Stator, tank cell",COMPLETED,Critical,746871.96,synthetic,2026-05-07T05:09:36.211764+00:00,2026-08-25T09:09:36.211764+00:00
349,RR-1349,7,Gamsberg,Mining Operations,2026-04-20,2026-05-23,"Mining Operations spares replenishment - TEFC Induction Motor, 90kW, 4-pole, IE3",COMPLETED,Normal,922794.84,synthetic,2026-04-20T19:09:36.211764+00:00,2026-08-25T09:09:36.211764+00:00
350,RR-1350,18,Gamsberg,Procurement,2026-06-02,2026-07-04,"Procurement spares replenishment - Seal Support System, API Plan 32, shaft 80mm",COMPLETED,Normal,1131034.98,synthetic,2026-06-02T01:09:36.211764+00:00,2026-08-25T09:09:36.211764+00:00
351,RR-1351,24,Gamsberg,Mining Operations,2026-07-01,2026-07-22,"Mining Operations spares replenishment - Level Transmitter, ultrasonic, 0-20m range",COMPLETED,Normal,211504.45,synthetic,2026-07-01T17:09:36.211764+00:00,2026-08-25T09:09:36.211764+00:00
352,RR-1352,11,Gamsberg,Instrumentation & Electrical,2026-02-04,2026-03-18,"Instrumentation & Electrical spares replenishment - Belt Scraper Blade Set, 1200mm width, tungsten tip",COMPLETED,Critical,1542764.73,synthetic,2026-02-04T10:09:36.211764+00:00,2026-08-25T09:09:36.211764+00:00
353,RR-1353,6,BMM,Instrumentation & Electrical,2026-03-16,2026-04-08,"Instrumentation & Electrical spares replenishment - Cone Crusher Concave Ring, standard profile",ESCALATED,Normal,1837998.8,synthetic,2026-03-16T15:09:36.211764+00:00,2026-08-25T09:09:36.211764+00:00
354,RR-1354,15,Gamsberg,Processing / Plant Operations,2026-08-03,2026-08-21,"Processing / Plant Operations spares replenishment - Pillow Block Bearing Unit UCP230, 30mm shaft",COMPLETED,High,15097.68,synthetic,2026-08-03T21:09:36.211764+00:00,2026-08-25T09:09:36.211764+00:00
355,RR-1355,13,Gamsberg,Plant Maintenance,2025-12-03,2026-01-16,"Plant Maintenance spares replenishment - Butterfly Valve, 200mm (8""), wafer type",CANCELLED,Normal,2308298.37,synthetic,2025-12-03T18:09:36.211764+00:00,2026-08-25T09:09:36.211764+00:00
356,RR-1356,3,BMM,Processing / Plant Operations,2026-05-24,2026-06-08,"Processing / Plant Operations spares replenishment - Belt Scraper Blade Set, 1200mm width, tungsten tip",COMPLETED,Normal,592610.22,synthetic,2026-05-24T02:09:36.211764+00:00,2026-08-25T09:09:36.211764+00:00
357,RR-1357,24,Gamsberg,Mining Operations,2026-06-21,2026-08-08,"Mining Operations spares replenishment - Spherical Roller Bearing 22290, 90mm bore",COMPLETED,Normal,1625436.76,synthetic,2026-06-21T20:09:36.211764+00:00,2026-08-25T09:09:36.211764+00:00
358,RR-1358,19,BMM,Mechanical Engineering,2026-03-24,2026-04-13,"Mechanical Engineering spares replenishment - Gland Packing Set, shaft 25mm, PTFE impregnated",COMPLETED,Normal,133094.04,synthetic,2026-03-24T06:09:36.211764+00:00,2026-08-25T09:09:36.211764+00:00
359,RR-1359,2,BMM,Warehouse & Stores,2026-01-11,2026-03-09,"Warehouse & Stores spares replenishment - Mechanical Seal, shaft 50mm, tungsten carbide faces",COMPLETED,Normal,135536.73,synthetic,2026-01-11T08:09:36.211764+00:00,2026-08-25T09:09:36.211764+00:00
360,RR-1360,16,Gamsberg,Mining Operations,2026-02-25,2026-03-29,"Mining Operations spares replenishment - Motor Drive Coupling, elastomeric, rated for 55kW",COMPLETED,High,220308.9,synthetic,2026-02-25T10:09:36.211764+00:00,2026-08-25T09:09:36.211764+00:00
361,RR-1361,10,BMM,Mechanical Engineering,2026-06-02,2026-07-10,"Mechanical Engineering spares replenishment - Flotation Cell Impeller, tank cell, rubber coated",COMPLETED,Normal,525752.46,synthetic,2026-06-02T12:09:36.211764+00:00,2026-08-25T09:09:36.211764+00:00
362,RR-1362,7,Gamsberg,Mining Operations,2026-02-02,2026-03-12,"Mining Operations spares replenishment - Pillow Block Bearing Unit UCP217, 17mm shaft",COMPLETED,Critical,38225.7,synthetic,2026-02-02T04:09:36.211764+00:00,2026-08-25T09:09:36.211764+00:00
363,RR-1363,8,BMM,Plant Maintenance,2026-02-25,2026-04-26,"Plant Maintenance spares replenishment - Level Transmitter, ultrasonic, 0-20m range",COMPLETED,Normal,703535.04,synthetic,2026-02-25T22:09:36.211764+00:00,2026-08-25T09:09:36.211764+00:00
364,RR-1364,12,Gamsberg,Mining Operations,2026-06-18,2026-07-08,"Mining Operations spares replenishment - Conveyor Belt, steel cord, 1600mm width",COMPLETED,Normal,1258823.36,synthetic,2026-06-18T05:09:36.211764+00:00,2026-08-25T09:09:36.211764+00:00
365,RR-1365,14,Gamsberg,Procurement,2026-07-15,2026-09-09,"Procurement spares replenishment - Pillow Block Bearing Unit UCP240, 40mm shaft",COMPLETED,Normal,45384.12,synthetic,2026-07-15T07:09:36.211764+00:00,2026-08-25T09:09:36.211764+00:00
366,RR-1366,10,BMM,Mechanical Engineering,2026-05-03,2026-06-06,"Mechanical Engineering spares replenishment - TEFC Induction Motor, 110kW, 4-pole, IE3",COMPLETED,Normal,1513112.75,synthetic,2026-05-03T21:09:36.211764+00:00,2026-08-25T09:09:36.211764+00:00
367,RR-1367,2,BMM,Warehouse & Stores,2026-05-16,2026-06-17,Warehouse & Stores spares replenishment - items per attached list,COMPLETED,Critical,173129.47,synthetic,2026-05-16T14:09:36.211764+00:00,2026-08-25T09:09:36.211764+00:00
368,RR-1368,19,BMM,Mechanical Engineering,2026-02-10,2026-02-24,"Mechanical Engineering spares replenishment - Ball Mill Grinding Media, 40mm, forged steel balls",COMPLETED,Normal,175318.4,synthetic,2026-02-10T16:09:36.211764+00:00,2026-08-25T09:09:36.211764+00:00
369,RR-1369,6,BMM,Instrumentation & Electrical,2026-05-15,2026-07-01,"Instrumentation & Electrical spares replenishment - Troughing Idler Set, 800mm belt width, 3-roll",WAITING_DOA,Normal,2835493.61,synthetic,2026-05-15T08:09:36.211764+00:00,2026-08-25T09:09:36.211764+00:00
370,RR-1370,7,Gamsberg,Mining Operations,2026-02-22,2026-03-31,"Mining Operations spares replenishment - Flow Meter, magnetic, 100mm (4"")",COMPLETED,Normal,4196307.76,synthetic,2026-02-22T19:09:36.211764+00:00,2026-08-25T09:09:36.211764+00:00
371,RR-1371,14,Gamsberg,Procurement,2025-12-16,2026-02-11,"Procurement spares replenishment - Seal Support System, API Plan 32, shaft 100mm",COMPLETED,Normal,359548.3,synthetic,2025-12-16T01:09:36.211764+00:00,2026-08-25T09:09:36.211764+00:00
372,RR-1372,7,Gamsberg,Mining Operations,2025-12-07,2025-12-23,"Mining Operations spares replenishment - Butterfly Valve, 50mm (2""), wafer type",COMPLETED,Normal,1302426.56,synthetic,2025-12-07T17:09:36.211764+00:00,2026-08-25T09:09:36.211764+00:00
373,RR-1373,10,BMM,Mechanical Engineering,2026-05-31,2026-07-02,"Mechanical Engineering spares replenishment - Cone Crusher Mantle, extra-coarse profile",COMPLETED,Normal,1051838.6,synthetic,2026-05-31T14:09:36.211764+00:00,2026-08-25T09:09:36.211764+00:00
374,RR-1374,5,Gamsberg,Procurement,2026-08-22,2026-10-12,"Procurement spares replenishment - Froth Paddle Assembly, small cell",COMPLETED,Normal,187951.23,synthetic,2026-08-22T02:09:36.211764+00:00,2026-08-25T09:09:36.211764+00:00
375,RR-1375,15,Gamsberg,Processing / Plant Operations,2026-04-14,2026-05-08,"Processing / Plant Operations spares replenishment - Jaw Crusher Fixed Jaw Plate, wave-profile, manganese steel",COMPLETED,Normal,825540.65,synthetic,2026-04-14T07:09:36.211764+00:00,2026-08-25T09:09:36.211764+00:00
376,RR-1376,19,BMM,Mechanical Engineering,2026-03-22,2026-05-08,"Mechanical Engineering spares replenishment - Level Transmitter, ultrasonic, 0-20m range",COMPLETED,Normal,400638.0,synthetic,2026-03-22T21:09:36.211764+00:00,2026-08-25T09:09:36.211764+00:00
377,RR-1377,3,BMM,Processing / Plant Operations,2026-07-07,2026-09-02,"Processing / Plant Operations spares replenishment - Pillow Block Bearing Unit UCP235, 35mm shaft",WAITING_DOA,Critical,81713.12,synthetic,2026-07-07T18:09:36.211764+00:00,2026-08-25T09:09:36.211764+00:00
378,RR-1378,14,Gamsberg,Procurement,2026-05-12,2026-05-27,"Procurement spares replenishment - Motor Drive Coupling, elastomeric, rated for 15kW",COMPLETED,High,5339555.09,synthetic,2026-05-12T03:09:36.211764+00:00,2026-08-25T09:09:36.211764+00:00
379,RR-1379,13,Gamsberg,Plant Maintenance,2026-05-26,2026-06-19,"Plant Maintenance spares replenishment - Centrifugal Slurry Pump Impeller, Heavy duty slurry, hard metal",COMPLETED,Normal,1669046.89,synthetic,2026-05-26T13:09:36.211764+00:00,2026-08-25T09:09:36.211764+00:00
380,RR-1380,19,BMM,Mechanical Engineering,2025-12-12,2025-12-27,"Mechanical Engineering spares replenishment - Jaw Crusher Fixed Jaw Plate, standard, manganese steel",COMPLETED,High,5397340.46,synthetic,2025-12-12T01:09:36.211764+00:00,2026-08-25T09:09:36.211764+00:00
381,RR-1381,18,Gamsberg,Procurement,2026-06-01,2026-07-31,"Procurement spares replenishment - Flotation Cell Impeller, medium cell, rubber coated",COMPLETED,High,986431.17,synthetic,2026-06-01T16:09:36.211764+00:00,2026-08-25T09:09:36.211764+00:00
382,RR-1382,12,Gamsberg,Mining Operations,2025-12-17,2026-01-14,"Mining Operations spares replenishment - Gland Packing Set, shaft 65mm, PTFE impregnated",COMPLETED,Normal,780826.22,synthetic,2025-12-17T17:09:36.211764+00:00,2026-08-25T09:09:36.211764+00:00
383,RR-1383,9,Gamsberg,Processing / Plant Operations,2026-07-13,2026-08-06,"Processing / Plant Operations spares replenishment - Butterfly Valve, 100mm (4""), wafer type",COMPLETED,Normal,564981.92,synthetic,2026-07-13T21:09:36.211764+00:00,2026-08-25T09:09:36.211764+00:00
384,RR-1384,18,Gamsberg,Procurement,2026-01-16,2026-03-02,"Procurement spares replenishment - Ball Valve, 25mm (1""), full bore, stainless trim",COMPLETED,Normal,4215.3,synthetic,2026-01-16T22:09:36.211764+00:00,2026-08-25T09:09:36.211764+00:00
385,RR-1385,12,Gamsberg,Mining Operations,2026-04-12,2026-05-26,"Mining Operations spares replenishment - Variable Speed Drive, 30kW",COMPLETED,Normal,889180.86,synthetic,2026-04-12T23:09:36.211764+00:00,2026-08-25T09:09:36.211764+00:00
386,RR-1386,14,Gamsberg,Procurement,2026-04-10,2026-05-28,"Procurement spares replenishment - Centrifugal Slurry Pump Impeller, High-head, hard metal",COMPLETED,High,28121.02,synthetic,2026-04-10T17:09:36.211764+00:00,2026-08-25T09:09:36.211764+00:00
387,RR-1387,23,BMM,Processing / Plant Operations,2026-05-09,2026-07-03,"Processing / Plant Operations spares replenishment - Diaphragm Dosing Pump Head Assembly, Low-flow metering",COMPLETED,High,536189.61,synthetic,2026-05-09T04:09:36.211764+00:00,2026-08-25T09:09:36.211764+00:00
388,RR-1388,9,Gamsberg,Processing / Plant Operations,2026-04-24,2026-06-22,"Processing / Plant Operations spares replenishment - Slip Ring Induction Motor, 15kW, 6-pole",COMPLETED,Critical,3335527.69,synthetic,2026-04-24T05:09:36.211764+00:00,2026-08-25T09:09:36.211764+00:00
389,RR-1389,2,BMM,Warehouse & Stores,2026-08-01,2026-09-26,"Warehouse & Stores spares replenishment - Flotation Cell Stator, tank cell",COMPLETED,High,1629509.05,synthetic,2026-08-01T08:09:36.211764+00:00,2026-08-25T09:09:36.211764+00:00
390,RR-1390,9,Gamsberg,Processing / Plant Operations,2026-02-19,2026-03-22,"Processing / Plant Operations spares replenishment - Variable Speed Drive, 15kW",COMPLETED,Critical,1752696.16,synthetic,2026-02-19T18:09:36.211764+00:00,2026-08-25T09:09:36.211764+00:00
391,RR-1391,19,BMM,Mechanical Engineering,2026-04-11,2026-04-26,"Mechanical Engineering spares replenishment - Level Transmitter, ultrasonic, 0-20m range",WAITING_DOA,Normal,416010.1,synthetic,2026-04-11T13:09:36.211764+00:00,2026-08-25T09:09:36.211764+00:00
392,RR-1392,16,Gamsberg,Mining Operations,2026-02-04,2026-03-01,"Mining Operations spares replenishment - Troughing Idler Set, 1400mm belt width, 3-roll",COMPLETED,Normal,2033598.4,synthetic,2026-02-04T15:09:36.211764+00:00,2026-08-25T09:09:36.211764+00:00
393,RR-1393,10,BMM,Mechanical Engineering,2026-06-07,2026-08-06,"Mechanical Engineering spares replenishment - Motor Drive Coupling, elastomeric, rated for 55kW",WAITING_DOA,Normal,588962.62,synthetic,2026-06-07T18:09:36.211764+00:00,2026-08-25T09:09:36.211764+00:00
394,RR-1394,24,Gamsberg,Mining Operations,2026-01-02,2026-02-02,"Mining Operations spares replenishment - Pillow Block Bearing Unit UCP250, 50mm shaft",COMPLETED,High,1037187.12,synthetic,2026-01-02T05:09:36.211764+00:00,2026-08-25T09:09:36.211764+00:00
395,RR-1395,11,Gamsberg,Instrumentation & Electrical,2026-07-30,2026-09-18,"Instrumentation & Electrical spares replenishment - Slip Ring Induction Motor, 55kW, 6-pole",COMPLETED,High,986780.38,synthetic,2026-07-30T08:09:36.211764+00:00,2026-08-25T09:09:36.211764+00:00
396,RR-1396,24,Gamsberg,Mining Operations,2026-01-12,2026-02-08,Mining Operations spares replenishment - misc parts,ESCALATED,Normal,488907.0,synthetic,2026-01-12T11:09:36.211764+00:00,2026-08-25T09:09:36.211764+00:00
397,RR-1397,11,Gamsberg,Instrumentation & Electrical,2026-03-03,2026-04-06,"Instrumentation & Electrical spares replenishment - Seal Support System, API Plan 32, shaft 65mm",COMPLETED,Critical,1451264.33,synthetic,2026-03-03T12:09:36.211764+00:00,2026-08-25T09:09:36.211764+00:00
398,RR-1398,20,Gamsberg,Mining Operations,2026-03-18,2026-05-11,Mining Operations spares replenishment - misc parts,COMPLETED,High,6272251.28,synthetic,2026-03-18T16:09:36.211764+00:00,2026-08-25T09:09:36.211764+00:00
399,RR-1399,2,BMM,Warehouse & Stores,2026-04-14,2026-05-03,"Warehouse & Stores spares replenishment - TEFC Induction Motor, 90kW, 4-pole, IE3",COMPLETED,High,401806.4,synthetic,2026-04-14T15:09:36.211764+00:00,2026-08-25T09:09:36.211764+00:00
400,RR-1400,8,BMM,Plant Maintenance,2026-03-04,2026-04-14,Plant Maintenance spares replenishment - as discussed,COMPLETED,Normal,793921.05,synthetic,2026-03-04T02:09:36.211764+00:00,2026-08-25T09:09:36.211764+00:00
401,RR-1401,16,Gamsberg,Mining Operations,2026-04-16,2026-06-03,"Mining Operations spares replenishment - Level Transmitter, ultrasonic, 0-20m range",COMPLETED,High,574732.02,synthetic,2026-04-16T14:09:36.211764+00:00,2026-08-25T09:09:36.211764+00:00
402,RR-1402,19,BMM,Mechanical Engineering,2026-04-19,2026-05-26,"Mechanical Engineering spares replenishment - Conveyor Belt, steel cord, 1000mm width",WAITING_DOA,Normal,349964.95,synthetic,2026-04-19T19:09:36.211764+00:00,2026-08-25T09:09:36.211764+00:00
403,RR-1403,21,BMM,Plant Maintenance,2026-01-06,2026-02-28,"Plant Maintenance spares replenishment - Tapered Roller Bearing 32090, 90mm bore",COMPLETED,Normal,85968.2,synthetic,2026-01-06T01:09:36.211764+00:00,2026-08-25T09:09:36.211764+00:00
404,RR-1404,7,Gamsberg,Mining Operations,2026-04-01,2026-04-17,"Mining Operations spares replenishment - TEFC Induction Motor, 110kW, 4-pole, IE3",COMPLETED,Normal,1746888.59,synthetic,2026-04-01T22:09:36.211764+00:00,2026-08-25T09:09:36.211764+00:00
405,RR-1405,18,Gamsberg,Procurement,2026-01-30,2026-03-18,"Procurement spares replenishment - Butterfly Valve, 80mm (3""), wafer type",COMPLETED,High,197738.46,synthetic,2026-01-30T14:09:36.211764+00:00,2026-08-25T09:09:36.211764+00:00
406,RR-1406,15,Gamsberg,Processing / Plant Operations,2026-03-13,2026-04-17,"Processing / Plant Operations spares replenishment - Mill Trunnion Bearing Liner, feed end",COMPLETED,Normal,2080310.31,synthetic,2026-03-13T21:09:36.211764+00:00,2026-08-25T09:09:36.211764+00:00
407,RR-1407,16,Gamsberg,Mining Operations,2026-08-03,2026-08-17,"Mining Operations spares replenishment - Spherical Roller Bearing 22240, 40mm bore",COMPLETED,Normal,8314799.86,synthetic,2026-08-03T20:09:36.211764+00:00,2026-08-25T09:09:36.211764+00:00
408,RR-1408,24,Gamsberg,Mining Operations,2026-04-08,2026-05-13,"Mining Operations spares replenishment - Ball Mill Grinding Media, 100mm, forged steel balls",WAITING_DOA,Normal,44375.07,synthetic,2026-04-08T13:09:36.211764+00:00,2026-08-25T09:09:36.211764+00:00
409,RR-1409,8,BMM,Plant Maintenance,2026-01-14,2026-03-13,"Plant Maintenance spares replenishment - Cone Crusher Mantle, fine profile",COMPLETED,High,1990581.8,synthetic,2026-01-14T14:09:36.211764+00:00,2026-08-25T09:09:36.211764+00:00
410,RR-1410,21,BMM,Plant Maintenance,2026-05-22,2026-07-15,"Plant Maintenance spares replenishment - Diaphragm Dosing Pump Head Assembly, Light duty",COMPLETED,High,1776253.97,synthetic,2026-05-22T09:09:36.211764+00:00,2026-08-25T09:09:36.211764+00:00
411,RR-1411,20,Gamsberg,Mining Operations,2026-03-10,2026-04-13,"Mining Operations spares replenishment - Flotation Cell Impeller, medium cell, rubber coated",COMPLETED,Normal,1035591.38,synthetic,2026-03-10T07:09:36.211764+00:00,2026-08-25T09:09:36.211764+00:00
412,RR-1412,11,Gamsberg,Instrumentation & Electrical,2026-05-19,2026-07-08,"Instrumentation & Electrical spares replenishment - Conveyor Belt, steel cord, 1000mm width",ESCALATED,High,559844.98,synthetic,2026-05-19T21:09:36.211764+00:00,2026-08-25T09:09:36.211764+00:00
413,RR-1413,20,Gamsberg,Mining Operations,2025-12-09,2026-01-12,"Mining Operations spares replenishment - Ball Valve, 200mm (8""), full bore, stainless trim",COMPLETED,Normal,1491122.58,synthetic,2025-12-09T08:09:36.211764+00:00,2026-08-25T09:09:36.211764+00:00
414,RR-1414,6,BMM,Instrumentation & Electrical,2026-01-21,2026-02-23,"Instrumentation & Electrical spares replenishment - Tapered Roller Bearing 32020, 20mm bore",COMPLETED,High,300837.94,synthetic,2026-01-21T10:09:36.211764+00:00,2026-08-25T09:09:36.211764+00:00
415,RR-1415,5,Gamsberg,Procurement,2026-05-26,2026-06-12,"Procurement spares replenishment - Pillow Block Bearing Unit UCP220, 20mm shaft",COMPLETED,Normal,809616.33,synthetic,2026-05-26T13:09:36.211764+00:00,2026-08-25T09:09:36.211764+00:00
416,RR-1416,1,Gamsberg,Instrumentation & Electrical,2026-03-31,2026-04-29,"Instrumentation & Electrical spares replenishment - Cone Crusher Concave Ring, standard profile",COMPLETED,High,3345662.19,synthetic,2026-03-31T05:09:36.211764+00:00,2026-08-25T09:09:36.211764+00:00
417,RR-1417,20,Gamsberg,Mining Operations,2026-01-08,2026-02-18,"Mining Operations spares replenishment - TEFC Induction Motor, 7.5kW, 4-pole, IE3",REJECTED,Normal,66460.88,synthetic,2026-01-08T05:09:36.211764+00:00,2026-08-25T09:09:36.211764+00:00
418,RR-1418,22,BMM,Safety & SHEQ,2026-03-02,2026-03-16,"Safety & SHEQ spares replenishment - MCC Contactor, 150A, 3-pole",COMPLETED,Normal,751099.22,synthetic,2026-03-02T00:09:36.211764+00:00,2026-08-25T09:09:36.211764+00:00
419,RR-1419,17,Gamsberg,Mechanical Engineering,2026-07-23,2026-09-17,"Mechanical Engineering spares replenishment - Density Meter, nuclear, 100mm (4"") pipe",COMPLETED,High,1466998.03,synthetic,2026-07-23T15:09:36.211764+00:00,2026-08-25T09:09:36.211764+00:00
420,RR-1420,20,Gamsberg,Mining Operations,2026-06-23,2026-08-13,"Mining Operations spares replenishment - Knife Gate Valve, 25mm (1""), rubber lined",COMPLETED,Normal,2415186.21,synthetic,2026-06-23T20:09:36.211764+00:00,2026-08-25T09:09:36.211764+00:00
421,RR-1421,14,Gamsberg,Procurement,2026-02-03,2026-02-26,"Procurement spares replenishment - Motor Drive Coupling, elastomeric, rated for 15kW",COMPLETED,Normal,229941.07,synthetic,2026-02-03T12:09:36.211764+00:00,2026-08-25T09:09:36.211764+00:00
422,RR-1422,22,BMM,Safety & SHEQ,2026-07-02,2026-07-19,"Safety & SHEQ spares replenishment - Slip Ring Induction Motor, 30kW, 6-pole",COMPLETED,High,612531.12,synthetic,2026-07-02T15:09:36.211764+00:00,2026-08-25T09:09:36.211764+00:00
423,RR-1423,21,BMM,Plant Maintenance,2025-12-10,2026-01-22,"Plant Maintenance spares replenishment - Motor Drive Coupling, elastomeric, rated for 30kW",COMPLETED,Critical,90433.52,synthetic,2025-12-10T18:09:36.211764+00:00,2026-08-25T09:09:36.211764+00:00
424,RR-1424,13,Gamsberg,Plant Maintenance,2026-04-29,2026-05-16,"Plant Maintenance spares replenishment - Conveyor Belt, steel cord, 1200mm width",WAITING_DOA,Critical,23335.05,synthetic,2026-04-29T21:09:36.211764+00:00,2026-08-25T09:09:36.211764+00:00
425,RR-1425,22,BMM,Safety & SHEQ,2026-07-29,2026-09-26,"Safety & SHEQ spares replenishment - Mechanical Seal, shaft 50mm, tungsten carbide faces",COMPLETED,Normal,261683.46,synthetic,2026-07-29T15:09:36.211764+00:00,2026-08-25T09:09:36.211764+00:00
426,RR-1426,14,Gamsberg,Procurement,2026-02-26,2026-04-13,"Procurement spares replenishment - MCC Contactor, 32A, 3-pole",COMPLETED,Normal,89430.0,synthetic,2026-02-26T21:09:36.211764+00:00,2026-08-25T09:09:36.211764+00:00
427,RR-1427,16,Gamsberg,Mining Operations,2025-12-26,2026-01-20,"Mining Operations spares replenishment - Cone Crusher Concave Ring, fine profile",COMPLETED,Normal,1282300.09,synthetic,2025-12-26T00:09:36.211764+00:00,2026-08-25T09:09:36.211764+00:00
428,RR-1428,9,Gamsberg,Processing / Plant Operations,2026-03-09,2026-04-02,"Processing / Plant Operations spares replenishment - Crusher Toggle Plate, standard rating",COMPLETED,High,368893.49,synthetic,2026-03-09T04:09:36.211764+00:00,2026-08-25T09:09:36.211764+00:00
429,RR-1429,4,Gamsberg,Instrumentation & Electrical,2026-06-15,2026-08-10,"Instrumentation & Electrical spares replenishment - Flotation Cell Stator, large cell",COMPLETED,Critical,713937.77,synthetic,2026-06-15T23:09:36.211764+00:00,2026-08-25T09:09:36.211764+00:00
430,RR-1430,20,Gamsberg,Mining Operations,2026-07-30,2026-09-04,"Mining Operations spares replenishment - Conveyor Belt, steel cord, 1000mm width",COMPLETED,Normal,14366.8,synthetic,2026-07-30T05:09:36.211764+00:00,2026-08-25T09:09:36.211764+00:00
431,RR-1431,16,Gamsberg,Mining Operations,2026-02-10,2026-03-04,"Mining Operations spares replenishment - SAG Mill Liner Plate, head, chrome-moly steel",COMPLETED,Normal,2275886.72,synthetic,2026-02-10T01:09:36.211764+00:00,2026-08-25T09:09:36.211764+00:00
432,RR-1432,12,Gamsberg,Mining Operations,2026-08-07,2026-09-22,"Mining Operations spares replenishment - Centrifugal Slurry Pump Casing Liner, High-head",WAITING_DOA,High,570881.8,synthetic,2026-08-07T12:09:36.211764+00:00,2026-08-25T09:09:36.211764+00:00
433,RR-1433,8,BMM,Plant Maintenance,2026-02-04,2026-03-29,"Plant Maintenance spares replenishment - Vertical Sump Pump Shaft Assembly, High-head",COMPLETED,Normal,962557.75,synthetic,2026-02-04T03:09:36.211764+00:00,2026-08-25T09:09:36.211764+00:00
434,RR-1434,3,BMM,Processing / Plant Operations,2025-12-31,2026-01-22,"Processing / Plant Operations spares replenishment - Centrifugal Slurry Pump Impeller, Low-flow metering, hard metal",COMPLETED,Normal,1850575.98,synthetic,2025-12-31T10:09:36.211764+00:00,2026-08-25T09:09:36.211764+00:00
435,RR-1435,23,BMM,Processing / Plant Operations,2026-05-03,2026-06-01,"Processing / Plant Operations spares replenishment - Troughing Idler Set, 1400mm belt width, 3-roll",COMPLETED,High,31028.28,synthetic,2026-05-03T05:09:36.211764+00:00,2026-08-25T09:09:36.211764+00:00
436,RR-1436,9,Gamsberg,Processing / Plant Operations,2025-11-30,2026-01-04,"Processing / Plant Operations spares replenishment - Cone Crusher Mantle, fine profile",COMPLETED,Normal,311223.96,synthetic,2025-11-30T12:09:36.211764+00:00,2026-08-25T09:09:36.211764+00:00
437,RR-1437,19,BMM,Mechanical Engineering,2026-05-11,2026-06-05,"Mechanical Engineering spares replenishment - Pressure Transmitter, 0-100 bar range, 4-20mA",ESCALATED,High,4551837.06,synthetic,2026-05-11T05:09:36.211764+00:00,2026-08-25T09:09:36.211764+00:00
438,RR-1438,12,Gamsberg,Mining Operations,2026-08-11,2026-09-09,"Mining Operations spares replenishment - Gland Packing Set, shaft 38mm, PTFE impregnated",COMPLETED,Normal,632489.82,synthetic,2026-08-11T21:09:36.211764+00:00,2026-08-25T09:09:36.211764+00:00
439,RR-1439,16,Gamsberg,Mining Operations,2026-06-26,2026-07-27,"Mining Operations spares replenishment - Conveyor Belt, steel cord, 650mm width",COMPLETED,Normal,3156516.46,synthetic,2026-06-26T09:09:36.211764+00:00,2026-08-25T09:09:36.211764+00:00
440,RR-1440,2,BMM,Warehouse & Stores,2026-02-27,2026-04-27,"Warehouse & Stores spares replenishment - Density Meter, nuclear, 25mm (1"") pipe",COMPLETED,High,2420806.14,synthetic,2026-02-27T02:09:36.211764+00:00,2026-08-25T09:09:36.211764+00:00
441,RR-1441,18,Gamsberg,Procurement,2026-06-25,2026-08-09,"Procurement spares replenishment - TEFC Induction Motor, 30kW, 4-pole, IE3",COMPLETED,High,1997315.98,synthetic,2026-06-25T16:09:36.211764+00:00,2026-08-25T09:09:36.211764+00:00
442,RR-1442,14,Gamsberg,Procurement,2026-07-29,2026-09-09,"Procurement spares replenishment - Vertical Sump Pump Shaft Assembly, Heavy duty slurry",COMPLETED,Normal,46061.64,synthetic,2026-07-29T18:09:36.211764+00:00,2026-08-25T09:09:36.211764+00:00
443,RR-1443,17,Gamsberg,Mechanical Engineering,2025-12-09,2026-01-15,"Mechanical Engineering spares replenishment - MCC Contactor, 32A, 3-pole",COMPLETED,Normal,40163.0,synthetic,2025-12-09T21:09:36.211764+00:00,2026-08-25T09:09:36.211764+00:00
444,RR-1444,2,BMM,Warehouse & Stores,2026-03-20,2026-05-10,"Warehouse & Stores spares replenishment - Circuit Breaker, MCCB, 630A",COMPLETED,Normal,451776.93,synthetic,2026-03-20T23:09:36.211764+00:00,2026-08-25T09:09:36.211764+00:00
445,RR-1445,10,BMM,Mechanical Engineering,2026-06-24,2026-07-14,"Mechanical Engineering spares replenishment - Jaw Crusher Fixed Jaw Plate, standard, manganese steel",COMPLETED,High,405757.8,synthetic,2026-06-24T02:09:36.211764+00:00,2026-08-25T09:09:36.211764+00:00
446,RR-1446,18,Gamsberg,Procurement,2026-06-07,2026-07-30,"Procurement spares replenishment - Jaw Crusher Fixed Jaw Plate, standard, manganese steel",COMPLETED,Normal,432306.05,synthetic,2026-06-07T13:09:36.211764+00:00,2026-08-25T09:09:36.211764+00:00
447,RR-1447,21,BMM,Plant Maintenance,2026-04-29,2026-06-06,"Plant Maintenance spares replenishment - MCC Contactor, 225A, 3-pole",COMPLETED,Critical,46619.1,synthetic,2026-04-29T13:09:36.211764+00:00,2026-08-25T09:09:36.211764+00:00
448,RR-1448,14,Gamsberg,Procurement,2026-02-05,2026-03-18,"Procurement spares replenishment - Mechanical Seal, shaft 38mm, tungsten carbide faces",ESCALATED,High,225752.7,synthetic,2026-02-05T11:09:36.211764+00:00,2026-08-25T09:09:36.211764+00:00
449,RR-1449,20,Gamsberg,Mining Operations,2026-04-14,2026-05-05,"Mining Operations spares replenishment - Knife Gate Valve, 100mm (4""), rubber lined",COMPLETED,Normal,1028589.46,synthetic,2026-04-14T12:09:36.211764+00:00,2026-08-25T09:09:36.211764+00:00
450,RR-1450,15,Gamsberg,Processing / Plant Operations,2026-08-21,2026-09-18,"Processing / Plant Operations spares replenishment - Gland Packing Set, shaft 50mm, PTFE impregnated",WAITING_DOA,Critical,63011.96,synthetic,2026-08-21T04:09:36.211764+00:00,2026-08-25T09:09:36.211764+00:00
451,RR-1451,24,Gamsberg,Mining Operations,2026-02-13,2026-03-21,"Mining Operations spares replenishment - Level Transmitter, ultrasonic, 0-20m range",COMPLETED,Normal,39562.15,synthetic,2026-02-13T05:09:36.211764+00:00,2026-08-25T09:09:36.211764+00:00
452,RR-1452,8,BMM,Plant Maintenance,2026-07-24,2026-09-20,"Plant Maintenance spares replenishment - Spherical Roller Bearing 22230, 30mm bore",COMPLETED,Normal,196457.52,synthetic,2026-07-24T18:09:36.211764+00:00,2026-08-25T09:09:36.211764+00:00
453,RR-1453,3,BMM,Processing / Plant Operations,2026-07-29,2026-09-03,"Processing / Plant Operations spares replenishment - Vertical Sump Pump Shaft Assembly, High-head",COMPLETED,Normal,1619388.04,synthetic,2026-07-29T13:09:36.211764+00:00,2026-08-25T09:09:36.211764+00:00
454,RR-1454,7,Gamsberg,Mining Operations,2026-08-24,2026-09-07,"Mining Operations spares replenishment - Jaw Crusher Fixed Jaw Plate, high-manganese, manganese steel",REJECTED,Normal,413269.7,synthetic,2026-08-24T01:09:36.211764+00:00,2026-08-25T09:09:36.211764+00:00
455,RR-1455,19,BMM,Mechanical Engineering,2026-05-05,2026-05-27,"Mechanical Engineering spares replenishment - TEFC Induction Motor, 11kW, 4-pole, IE3",COMPLETED,Normal,3054709.95,synthetic,2026-05-05T04:09:36.211764+00:00,2026-08-25T09:09:36.211764+00:00
456,RR-1456,23,BMM,Processing / Plant Operations,2026-07-21,2026-09-07,"Processing / Plant Operations spares replenishment - Butterfly Valve, 100mm (4""), wafer type",COMPLETED,Normal,543149.76,synthetic,2026-07-21T06:09:36.211764+00:00,2026-08-25T09:09:36.211764+00:00
457,RR-1457,5,Gamsberg,Procurement,2026-04-16,2026-05-26,"Procurement spares replenishment - Level Transmitter, ultrasonic, 0-10m range",MRP_PROCESSING,Normal,47442.03,synthetic,2026-04-16T19:09:36.211764+00:00,2026-08-25T09:09:36.211764+00:00
458,RR-1458,21,BMM,Plant Maintenance,2026-04-22,2026-05-28,"Plant Maintenance spares replenishment - Jaw Crusher Fixed Jaw Plate, corrugated, manganese steel",COMPLETED,High,3149990.52,synthetic,2026-04-22T12:09:36.211764+00:00,2026-08-25T09:09:36.211764+00:00
459,RR-1459,20,Gamsberg,Mining Operations,2026-04-29,2026-06-16,"Mining Operations spares replenishment - Conveyor Belt, steel cord, 800mm width",COMPLETED,Normal,29813.67,synthetic,2026-04-29T12:09:36.211764+00:00,2026-08-25T09:09:36.211764+00:00
460,RR-1460,19,BMM,Mechanical Engineering,2026-04-02,2026-05-14,"Mechanical Engineering spares replenishment - Mechanical Seal, shaft 50mm, tungsten carbide faces",COMPLETED,Normal,163771.6,synthetic,2026-04-02T07:09:36.211764+00:00,2026-08-25T09:09:36.211764+00:00
461,RR-1461,4,Gamsberg,Instrumentation & Electrical,2026-01-30,2026-03-27,"Instrumentation & Electrical spares replenishment - Centrifugal Slurry Pump Casing Liner, High-head",COMPLETED,Normal,467219.8,synthetic,2026-01-30T01:09:36.211764+00:00,2026-08-25T09:09:36.211764+00:00
462,RR-1462,18,Gamsberg,Procurement,2026-06-25,2026-08-19,"Procurement spares replenishment - Knife Gate Valve, 100mm (4""), rubber lined",COMPLETED,Normal,1569513.22,synthetic,2026-06-25T18:09:36.211764+00:00,2026-08-25T09:09:36.211764+00:00
463,RR-1463,17,Gamsberg,Mechanical Engineering,2026-07-26,2026-08-22,"Mechanical Engineering spares replenishment - Tapered Roller Bearing 32060, 60mm bore",COMPLETED,Normal,1166948.59,synthetic,2026-07-26T21:09:36.211764+00:00,2026-08-25T09:09:36.211764+00:00
464,RR-1464,15,Gamsberg,Processing / Plant Operations,2026-05-01,2026-05-21,"Processing / Plant Operations spares replenishment - Motor Drive Coupling, elastomeric, rated for 30kW",COMPLETED,Normal,205357.28,synthetic,2026-05-01T02:09:36.211764+00:00,2026-08-25T09:09:36.211764+00:00
465,RR-1465,5,Gamsberg,Procurement,2026-03-21,2026-04-04,"Procurement spares replenishment - Knife Gate Valve, 25mm (1""), rubber lined",COMPLETED,Normal,409544.9,synthetic,2026-03-21T06:09:36.211764+00:00,2026-08-25T09:09:36.211764+00:00
466,RR-1466,13,Gamsberg,Plant Maintenance,2026-06-22,2026-07-20,"Plant Maintenance spares replenishment - TEFC Induction Motor, 15kW, 4-pole, IE3",COMPLETED,Normal,519489.19,synthetic,2026-06-22T19:09:36.211764+00:00,2026-08-25T09:09:36.211764+00:00
467,RR-1467,18,Gamsberg,Procurement,2026-02-14,2026-03-11,"Procurement spares replenishment - Deep Groove Ball Bearing 6260-2RS, 60mm bore",COMPLETED,Normal,4961178.08,synthetic,2026-02-14T09:09:36.211764+00:00,2026-08-25T09:09:36.211764+00:00
468,RR-1468,14,Gamsberg,Procurement,2026-07-15,2026-09-04,"Procurement spares replenishment - Gland Packing Set, shaft 50mm, PTFE impregnated",COMPLETED,Normal,45637.86,synthetic,2026-07-15T15:09:36.211764+00:00,2026-08-25T09:09:36.211764+00:00
469,RR-1469,20,Gamsberg,Mining Operations,2026-07-30,2026-08-13,"Mining Operations spares replenishment - Circuit Breaker, MCCB, 100A",COMPLETED,Normal,2243379.1,synthetic,2026-07-30T09:09:36.211764+00:00,2026-08-25T09:09:36.211764+00:00
470,RR-1470,11,Gamsberg,Instrumentation & Electrical,2026-07-01,2026-08-06,"Instrumentation & Electrical spares replenishment - Gland Packing Set, shaft 80mm, PTFE impregnated",ESCALATED,Normal,95605.6,synthetic,2026-07-01T08:09:36.211764+00:00,2026-08-25T09:09:36.211764+00:00
471,RR-1471,8,BMM,Plant Maintenance,2026-07-07,2026-08-23,"Plant Maintenance spares replenishment - Pillow Block Bearing Unit UCP220, 20mm shaft",COMPLETED,Critical,246345.38,synthetic,2026-07-07T22:09:36.211764+00:00,2026-08-25T09:09:36.211764+00:00
472,RR-1472,7,Gamsberg,Mining Operations,2026-03-02,2026-04-02,"Mining Operations spares replenishment - Jaw Crusher Fixed Jaw Plate, corrugated, manganese steel",COMPLETED,High,2450213.13,synthetic,2026-03-02T07:09:36.211764+00:00,2026-08-25T09:09:36.211764+00:00
473,RR-1473,9,Gamsberg,Processing / Plant Operations,2026-01-13,2026-02-03,"Processing / Plant Operations spares replenishment - Tapered Roller Bearing 32060, 60mm bore",COMPLETED,Critical,218087.46,synthetic,2026-01-13T23:09:36.211764+00:00,2026-08-25T09:09:36.211764+00:00
474,RR-1474,5,Gamsberg,Procurement,2026-03-30,2026-05-06,"Procurement spares replenishment - Pinch Valve, 80mm (3""), slurry service",COMPLETED,High,330599.1,synthetic,2026-03-30T17:09:36.211764+00:00,2026-08-25T09:09:36.211764+00:00
475,RR-1475,17,Gamsberg,Mechanical Engineering,2026-05-13,2026-06-24,"Mechanical Engineering spares replenishment - Deep Groove Ball Bearing 6240-2RS, 40mm bore",WAITING_DOA,High,32334.14,synthetic,2026-05-13T11:09:36.211764+00:00,2026-08-25T09:09:36.211764+00:00
476,RR-1476,13,Gamsberg,Plant Maintenance,2026-05-28,2026-06-17,"Plant Maintenance spares replenishment - Deep Groove Ball Bearing 6290-2RS, 90mm bore",COMPLETED,Normal,18976.42,synthetic,2026-05-28T10:09:36.211764+00:00,2026-08-25T09:09:36.211764+00:00
477,RR-1477,2,BMM,Warehouse & Stores,2026-03-13,2026-04-28,"Warehouse & Stores spares replenishment - Conveyor Belt, steel cord, 650mm width",COMPLETED,Normal,1000044.85,synthetic,2026-03-13T20:09:36.211764+00:00,2026-08-25T09:09:36.211764+00:00
478,RR-1478,3,BMM,Processing / Plant Operations,2026-01-11,2026-02-24,"Processing / Plant Operations spares replenishment - Vertical Sump Pump Shaft Assembly, Medium duty",COMPLETED,Normal,2466971.68,synthetic,2026-01-11T02:09:36.211764+00:00,2026-08-25T09:09:36.211764+00:00
479,RR-1479,9,Gamsberg,Processing / Plant Operations,2026-06-30,2026-08-07,"Processing / Plant Operations spares replenishment - Density Meter, nuclear, 100mm (4"") pipe",ESCALATED,Normal,1995975.22,synthetic,2026-06-30T19:09:36.211764+00:00,2026-08-25T09:09:36.211764+00:00
480,RR-1480,3,BMM,Processing / Plant Operations,2026-01-03,2026-03-03,"Processing / Plant Operations spares replenishment - TEFC Induction Motor, 30kW, 4-pole, IE3",COMPLETED,Normal,2796396.48,synthetic,2026-01-03T13:09:36.211764+00:00,2026-08-25T09:09:36.211764+00:00
481,RR-1481,7,Gamsberg,Mining Operations,2026-07-21,2026-08-08,"Mining Operations spares replenishment - Knife Gate Valve, 200mm (8""), rubber lined",COMPLETED,High,1490704.67,synthetic,2026-07-21T04:09:36.211764+00:00,2026-08-25T09:09:36.211764+00:00
482,RR-1482,20,Gamsberg,Mining Operations,2026-07-11,2026-08-30,"Mining Operations spares replenishment - TEFC Induction Motor, 55kW, 4-pole, IE3",COMPLETED,High,3015691.13,synthetic,2026-07-11T20:09:36.211764+00:00,2026-08-25T09:09:36.211764+00:00
483,RR-1483,24,Gamsberg,Mining Operations,2026-06-17,2026-07-18,"Mining Operations spares replenishment - Vertical Sump Pump Shaft Assembly, Heavy duty slurry",COMPLETED,Normal,980835.81,synthetic,2026-06-17T10:09:36.211764+00:00,2026-08-25T09:09:36.211764+00:00
484,RR-1484,4,Gamsberg,Instrumentation & Electrical,2026-07-31,2026-09-03,"Instrumentation & Electrical spares replenishment - Tapered Roller Bearing 32090, 90mm bore",COMPLETED,High,80929.08,synthetic,2026-07-31T05:09:36.211764+00:00,2026-08-25T09:09:36.211764+00:00
485,RR-1485,23,BMM,Processing / Plant Operations,2026-06-03,2026-07-27,"Processing / Plant Operations spares replenishment - Pillow Block Bearing Unit UCP240, 40mm shaft",WAITING_DOA,High,88569.9,synthetic,2026-06-03T04:09:36.211764+00:00,2026-08-25T09:09:36.211764+00:00
486,RR-1486,8,BMM,Plant Maintenance,2026-02-09,2026-03-08,"Plant Maintenance spares replenishment - Mill Trunnion Bearing Liner, discharge end",COMPLETED,High,4371777.34,synthetic,2026-02-09T16:09:36.211764+00:00,2026-08-25T09:09:36.211764+00:00
487,RR-1487,8,BMM,Plant Maintenance,2026-04-04,2026-04-25,"Plant Maintenance spares replenishment - Troughing Idler Set, 1400mm belt width, 3-roll",WAITING_DOA,Normal,32391.8,synthetic,2026-04-04T17:09:36.211764+00:00,2026-08-25T09:09:36.211764+00:00
488,RR-1488,16,Gamsberg,Mining Operations,2026-01-13,2026-02-14,Mining Operations spares replenishment - misc parts,COMPLETED,Normal,16301903.33,synthetic,2026-01-13T11:09:36.211764+00:00,2026-08-25T09:09:36.211764+00:00
489,RR-1489,23,BMM,Processing / Plant Operations,2026-05-03,2026-05-27,"Processing / Plant Operations spares replenishment - Flow Meter, magnetic, 100mm (4"")",COMPLETED,Normal,3628037.91,synthetic,2026-05-03T00:09:36.211764+00:00,2026-08-25T09:09:36.211764+00:00
490,RR-1490,10,BMM,Mechanical Engineering,2026-07-07,2026-08-28,"Mechanical Engineering spares replenishment - Pillow Block Bearing Unit UCP235, 35mm shaft",COMPLETED,High,114105.89,synthetic,2026-07-07T10:09:36.211764+00:00,2026-08-25T09:09:36.211764+00:00
491,RR-1491,13,Gamsberg,Plant Maintenance,2026-08-04,2026-09-11,"Plant Maintenance spares replenishment - Flotation Cell Impeller, tank cell, rubber coated",COMPLETED,Normal,53442.07,synthetic,2026-08-04T11:09:36.211764+00:00,2026-08-25T09:09:36.211764+00:00
492,RR-1492,23,BMM,Processing / Plant Operations,2026-02-08,2026-04-08,"Processing / Plant Operations spares replenishment - Butterfly Valve, 200mm (8""), wafer type",COMPLETED,Normal,8698958.33,synthetic,2026-02-08T06:09:36.211764+00:00,2026-08-25T09:09:36.211764+00:00
493,RR-1493,23,BMM,Processing / Plant Operations,2026-04-02,2026-05-15,"Processing / Plant Operations spares replenishment - Centrifugal Slurry Pump Impeller, High-head, hard metal",MRP_PROCESSING,Critical,863061.55,synthetic,2026-04-02T09:09:36.211764+00:00,2026-08-25T09:09:36.211764+00:00
494,RR-1494,9,Gamsberg,Processing / Plant Operations,2025-12-31,2026-02-09,"Processing / Plant Operations spares replenishment - Butterfly Valve, 100mm (4""), wafer type",COMPLETED,High,6671624.38,synthetic,2025-12-31T02:09:36.211764+00:00,2026-08-25T09:09:36.211764+00:00
495,RR-1495,20,Gamsberg,Mining Operations,2026-07-10,2026-08-02,"Mining Operations spares replenishment - Mechanical Seal, shaft 80mm, tungsten carbide faces",COMPLETED,Normal,3697348.11,synthetic,2026-07-10T16:09:36.211764+00:00,2026-08-25T09:09:36.211764+00:00
496,RR-1496,24,Gamsberg,Mining Operations,2026-08-01,2026-09-11,"Mining Operations spares replenishment - SAG Mill Liner Plate, lifter bar, chrome-moly steel",COMPLETED,High,1600095.96,synthetic,2026-08-01T00:09:36.211764+00:00,2026-08-25T09:09:36.211764+00:00
497,RR-1497,14,Gamsberg,Procurement,2026-01-10,2026-02-05,"Procurement spares replenishment - Deep Groove Ball Bearing 6260-2RS, 60mm bore",COMPLETED,Normal,860720.0,synthetic,2026-01-10T11:09:36.211764+00:00,2026-08-25T09:09:36.211764+00:00
498,RR-1498,6,BMM,Instrumentation & Electrical,2026-07-11,2026-08-15,"Instrumentation & Electrical spares replenishment - TEFC Induction Motor, 7.5kW, 4-pole, IE3",COMPLETED,High,492298.45,synthetic,2026-07-11T14:09:36.211764+00:00,2026-08-25T09:09:36.211764+00:00
499,RR-1499,18,Gamsberg,Procurement,2026-08-08,2026-08-28,"Procurement spares replenishment - Centrifugal Slurry Pump Impeller, Light duty, hard metal",COMPLETED,Normal,3746734.87,synthetic,2026-08-08T08:09:36.211764+00:00,2026-08-25T09:09:36.211764+00:00
500,RR-1500,5,Gamsberg,Procurement,2026-04-09,2026-05-07,"Procurement spares replenishment - TEFC Induction Motor, 15kW, 4-pole, IE3",COMPLETED,Normal,1885306.89,synthetic,2026-04-09T21:09:36.211764+00:00,2026-08-25T09:09:36.211764+00:00
501,RR-1501,1,Gamsberg,Instrumentation & Electrical,2026-02-13,2026-03-09,"Instrumentation & Electrical spares replenishment - Flotation Cell Impeller, medium cell, rubber coated",COMPLETED,Normal,991136.8,synthetic,2026-02-13T13:09:36.211764+00:00,2026-08-25T09:09:36.211764+00:00
502,RR-1502,6,BMM,Instrumentation & Electrical,2026-02-28,2026-04-01,"Instrumentation & Electrical spares replenishment - Centrifugal Slurry Pump Casing Liner, Light duty",COMPLETED,High,527351.74,synthetic,2026-02-28T00:09:36.211764+00:00,2026-08-25T09:09:36.211764+00:00
503,RR-1503,1,Gamsberg,Instrumentation & Electrical,2026-01-06,2026-03-01,"Instrumentation & Electrical spares replenishment - Circuit Breaker, MCCB, 1000A",COMPLETED,Normal,91992.94,synthetic,2026-01-06T14:09:36.211764+00:00,2026-08-25T09:09:36.211764+00:00
504,RR-1504,4,Gamsberg,Instrumentation & Electrical,2026-03-09,2026-04-23,"Instrumentation & Electrical spares replenishment - Pillow Block Bearing Unit UCP230, 30mm shaft",COMPLETED,Normal,104417.32,synthetic,2026-03-09T10:09:36.211764+00:00,2026-08-25T09:09:36.211764+00:00
505,RR-1505,15,Gamsberg,Processing / Plant Operations,2026-03-15,2026-04-25,"Processing / Plant Operations spares replenishment - Centrifugal Slurry Pump Casing Liner, Low-flow metering",COMPLETED,High,475815.48,synthetic,2026-03-15T11:09:36.211764+00:00,2026-08-25T09:09:36.211764+00:00
506,RR-1506,2,BMM,Warehouse & Stores,2026-08-14,2026-09-17,"Warehouse & Stores spares replenishment - MCC Contactor, 95A, 3-pole",COMPLETED,Normal,295846.38,synthetic,2026-08-14T01:09:36.211764+00:00,2026-08-25T09:09:36.211764+00:00
507,RR-1507,4,Gamsberg,Instrumentation & Electrical,2026-01-17,2026-03-11,"Instrumentation & Electrical spares replenishment - Motor Drive Coupling, elastomeric, rated for 15kW",COMPLETED,Normal,478639.65,synthetic,2026-01-17T20:09:36.211764+00:00,2026-08-25T09:09:36.211764+00:00
508,RR-1508,19,BMM,Mechanical Engineering,2026-05-27,2026-07-24,"Mechanical Engineering spares replenishment - Tapered Roller Bearing 32090, 90mm bore",WAITING_DOA,Normal,34741.48,synthetic,2026-05-27T10:09:36.211764+00:00,2026-08-25T09:09:36.211764+00:00
509,RR-1509,9,Gamsberg,Processing / Plant Operations,2026-06-27,2026-07-24,"Processing / Plant Operations spares replenishment - Deep Groove Ball Bearing 6260-2RS, 60mm bore",COMPLETED,Normal,7928.32,synthetic,2026-06-27T17:09:36.211764+00:00,2026-08-25T09:09:36.211764+00:00
510,RR-1510,10,BMM,Mechanical Engineering,2026-05-31,2026-06-14,"Mechanical Engineering spares replenishment - SAG Mill Liner Plate, lifter bar, chrome-moly steel",COMPLETED,High,358360.6,synthetic,2026-05-31T18:09:36.211764+00:00,2026-08-25T09:09:36.211764+00:00
511,RR-1511,2,BMM,Warehouse & Stores,2026-01-20,2026-02-10,"Warehouse & Stores spares replenishment - MCC Contactor, 225A, 3-pole",COMPLETED,High,2017734.34,synthetic,2026-01-20T01:09:36.211764+00:00,2026-08-25T09:09:36.211764+00:00
512,RR-1512,8,BMM,Plant Maintenance,2026-04-30,2026-06-19,"Plant Maintenance spares replenishment - Tapered Roller Bearing 32020, 20mm bore",COMPLETED,Normal,2211706.91,synthetic,2026-04-30T07:09:36.211764+00:00,2026-08-25T09:09:36.211764+00:00
513,RR-1513,5,Gamsberg,Procurement,2026-04-23,2026-06-02,"Procurement spares replenishment - Spherical Roller Bearing 22290, 90mm bore",COMPLETED,Normal,28539.64,synthetic,2026-04-23T14:09:36.211764+00:00,2026-08-25T09:09:36.211764+00:00
514,RR-1514,6,BMM,Instrumentation & Electrical,2025-12-18,2026-01-24,"Instrumentation & Electrical spares replenishment - Belt Scraper Blade Set, 1000mm width, tungsten tip",COMPLETED,Normal,596128.57,synthetic,2025-12-18T05:09:36.211764+00:00,2026-08-25T09:09:36.211764+00:00
515,RR-1515,11,Gamsberg,Instrumentation & Electrical,2026-07-04,2026-08-16,"Instrumentation & Electrical spares replenishment - Spherical Roller Bearing 22225, 25mm bore",COMPLETED,Normal,115575.16,synthetic,2026-07-04T10:09:36.211764+00:00,2026-08-25T09:09:36.211764+00:00
516,RR-1516,20,Gamsberg,Mining Operations,2026-08-15,2026-10-12,"Mining Operations spares replenishment - Cone Crusher Mantle, extra-coarse profile",COMPLETED,Normal,2698914.2,synthetic,2026-08-15T19:09:36.211764+00:00,2026-08-25T09:09:36.211764+00:00
517,RR-1517,16,Gamsberg,Mining Operations,2025-12-07,2026-01-16,"Mining Operations spares replenishment - Ball Valve, 25mm (1""), full bore, stainless trim",COMPLETED,Normal,24438.54,synthetic,2025-12-07T20:09:36.211764+00:00,2026-08-25T09:09:36.211764+00:00
518,RR-1518,20,Gamsberg,Mining Operations,2026-02-16,2026-03-17,"Mining Operations spares replenishment - Spherical Roller Bearing 22240, 40mm bore",COMPLETED,High,3153656.72,synthetic,2026-02-16T01:09:36.211764+00:00,2026-08-25T09:09:36.211764+00:00
519,RR-1519,23,BMM,Processing / Plant Operations,2026-05-25,2026-06-18,"Processing / Plant Operations spares replenishment - Power Cable, XLPE armoured, 4-core 35mm2",COMPLETED,Critical,616440.23,synthetic,2026-05-25T18:09:36.211764+00:00,2026-08-25T09:09:36.211764+00:00
520,RR-1520,8,BMM,Plant Maintenance,2026-02-05,2026-02-20,"Plant Maintenance spares replenishment - Troughing Idler Set, 800mm belt width, 3-roll",REJECTED,Normal,347651.41,synthetic,2026-02-05T22:09:36.211764+00:00,2026-08-25T09:09:36.211764+00:00
521,RR-1521,11,Gamsberg,Instrumentation & Electrical,2026-07-18,2026-09-01,"Instrumentation & Electrical spares replenishment - Variable Speed Drive, 55kW",COMPLETED,Normal,3506657.21,synthetic,2026-07-18T06:09:36.211764+00:00,2026-08-25T09:09:36.211764+00:00
522,RR-1522,22,BMM,Safety & SHEQ,2026-01-28,2026-02-24,Safety & SHEQ spares replenishment - misc parts,COMPLETED,Normal,63171.74,synthetic,2026-01-28T14:09:36.211764+00:00,2026-08-25T09:09:36.211764+00:00
523,RR-1523,4,Gamsberg,Instrumentation & Electrical,2026-07-13,2026-09-09,"Instrumentation & Electrical spares replenishment - Density Meter, nuclear, 50mm (2"") pipe",COMPLETED,Normal,1781791.46,synthetic,2026-07-13T20:09:36.211764+00:00,2026-08-25T09:09:36.211764+00:00
524,RR-1524,5,Gamsberg,Procurement,2026-06-23,2026-08-01,"Procurement spares replenishment - Slip Ring Induction Motor, 7.5kW, 6-pole",WAITING_DOA,Critical,472174.76,synthetic,2026-06-23T00:09:36.211764+00:00,2026-08-25T09:09:36.211764+00:00
525,RR-1525,9,Gamsberg,Processing / Plant Operations,2026-03-15,2026-04-18,Processing / Plant Operations spares replenishment - items per attached list,COMPLETED,Critical,247483.59,synthetic,2026-03-15T12:09:36.211764+00:00,2026-08-25T09:09:36.211764+00:00
526,RR-1526,4,Gamsberg,Instrumentation & Electrical,2026-08-02,2026-08-22,"Instrumentation & Electrical spares replenishment - Deep Groove Ball Bearing 6275-2RS, 75mm bore",COMPLETED,Normal,261072.05,synthetic,2026-08-02T06:09:36.211764+00:00,2026-08-25T09:09:36.211764+00:00
527,RR-1527,16,Gamsberg,Mining Operations,2026-06-27,2026-08-03,"Mining Operations spares replenishment - Mill Trunnion Bearing Liner, discharge end",COMPLETED,Normal,2999565.3,synthetic,2026-06-27T10:09:36.211764+00:00,2026-08-25T09:09:36.211764+00:00
528,RR-1528,13,Gamsberg,Plant Maintenance,2026-02-15,2026-03-16,"Plant Maintenance spares replenishment - SAG Mill Liner Plate, head, chrome-moly steel",COMPLETED,Normal,270132.64,synthetic,2026-02-15T19:09:36.211764+00:00,2026-08-25T09:09:36.211764+00:00
529,RR-1529,7,Gamsberg,Mining Operations,2026-07-15,2026-09-13,"Mining Operations spares replenishment - Flotation Cell Impeller, tank cell, rubber coated",COMPLETED,Normal,1234679.44,synthetic,2026-07-15T15:09:36.211764+00:00,2026-08-25T09:09:36.211764+00:00
530,RR-1530,13,Gamsberg,Plant Maintenance,2026-06-10,2026-07-09,"Plant Maintenance spares replenishment - Variable Speed Drive, 7.5kW",COMPLETED,High,467225.38,synthetic,2026-06-10T08:09:36.211764+00:00,2026-08-25T09:09:36.211764+00:00
531,RR-1531,2,BMM,Warehouse & Stores,2026-01-04,2026-02-22,"Warehouse & Stores spares replenishment - Flotation Cell Stator, tank cell",COMPLETED,Normal,3176545.1,synthetic,2026-01-04T20:09:36.211764+00:00,2026-08-25T09:09:36.211764+00:00
532,RR-1532,23,BMM,Processing / Plant Operations,2026-07-14,2026-09-01,"Processing / Plant Operations spares replenishment - Belt Scraper Blade Set, 1400mm width, tungsten tip",COMPLETED,Normal,170898.84,synthetic,2026-07-14T05:09:36.211764+00:00,2026-08-25T09:09:36.211764+00:00
533,RR-1533,19,BMM,Mechanical Engineering,2026-07-05,2026-07-27,"Mechanical Engineering spares replenishment - Butterfly Valve, 40mm (1.5""), wafer type",COMPLETED,Normal,123391.29,synthetic,2026-07-05T08:09:36.211764+00:00,2026-08-25T09:09:36.211764+00:00
534,RR-1534,14,Gamsberg,Procurement,2026-07-24,2026-08-21,"Procurement spares replenishment - Knife Gate Valve, 100mm (4""), rubber lined",COMPLETED,High,972258.17,synthetic,2026-07-24T05:09:36.211764+00:00,2026-08-25T09:09:36.211764+00:00
535,RR-1535,6,BMM,Instrumentation & Electrical,2026-01-10,2026-01-26,"Instrumentation & Electrical spares replenishment - Seal Support System, API Plan 32, shaft 50mm",COMPLETED,Normal,2845293.18,synthetic,2026-01-10T08:09:36.211764+00:00,2026-08-25T09:09:36.211764+00:00
536,RR-1536,6,BMM,Instrumentation & Electrical,2026-01-21,2026-03-08,Instrumentation & Electrical spares replenishment - spares as required,COMPLETED,Normal,11838855.7,synthetic,2026-01-21T20:09:36.211764+00:00,2026-08-25T09:09:36.211764+00:00
537,RR-1537,19,BMM,Mechanical Engineering,2026-06-12,2026-08-02,"Mechanical Engineering spares replenishment - Butterfly Valve, 150mm (6""), wafer type",COMPLETED,Critical,597831.65,synthetic,2026-06-12T15:09:36.211764+00:00,2026-08-25T09:09:36.211764+00:00
538,RR-1538,23,BMM,Processing / Plant Operations,2026-08-03,2026-09-13,"Processing / Plant Operations spares replenishment - Troughing Idler Set, 1400mm belt width, 3-roll",COMPLETED,Normal,64767.08,synthetic,2026-08-03T00:09:36.211764+00:00,2026-08-25T09:09:36.211764+00:00
539,RR-1539,15,Gamsberg,Processing / Plant Operations,2026-07-29,2026-08-17,"Processing / Plant Operations spares replenishment - Flow Meter, magnetic, 25mm (1"")",COMPLETED,Normal,2646774.52,synthetic,2026-07-29T12:09:36.211764+00:00,2026-08-25T09:09:36.211764+00:00
540,RR-1540,23,BMM,Processing / Plant Operations,2026-01-20,2026-03-15,"Processing / Plant Operations spares replenishment - Deep Groove Ball Bearing 6235-2RS, 35mm bore",COMPLETED,High,4426018.43,synthetic,2026-01-20T15:09:36.211764+00:00,2026-08-25T09:09:36.211764+00:00
541,RR-1541,6,BMM,Instrumentation & Electrical,2026-06-27,2026-07-20,"Instrumentation & Electrical spares replenishment - Level Transmitter, ultrasonic, 0-10m range",COMPLETED,Normal,383512.55,synthetic,2026-06-27T18:09:36.211764+00:00,2026-08-25T09:09:36.211764+00:00
542,RR-1542,21,BMM,Plant Maintenance,2026-02-06,2026-04-01,"Plant Maintenance spares replenishment - Knife Gate Valve, 150mm (6""), rubber lined",COMPLETED,Normal,1208390.0,synthetic,2026-02-06T12:09:36.211764+00:00,2026-08-25T09:09:36.211764+00:00
543,RR-1543,9,Gamsberg,Processing / Plant Operations,2026-04-26,2026-06-22,"Processing / Plant Operations spares replenishment - Belt Scraper Blade Set, 650mm width, tungsten tip",COMPLETED,Normal,772033.78,synthetic,2026-04-26T02:09:36.211764+00:00,2026-08-25T09:09:36.211764+00:00
544,RR-1544,6,BMM,Instrumentation & Electrical,2026-07-13,2026-08-20,"Instrumentation & Electrical spares replenishment - Level Transmitter, ultrasonic, 0-10m range",COMPLETED,Normal,347547.53,synthetic,2026-07-13T00:09:36.211764+00:00,2026-08-25T09:09:36.211764+00:00
545,RR-1545,6,BMM,Instrumentation & Electrical,2026-03-25,2026-04-24,"Instrumentation & Electrical spares replenishment - Gland Packing Set, shaft 65mm, PTFE impregnated",COMPLETED,Normal,877117.44,synthetic,2026-03-25T19:09:36.211764+00:00,2026-08-25T09:09:36.211764+00:00
546,RR-1546,20,Gamsberg,Mining Operations,2026-08-01,2026-09-03,"Mining Operations spares replenishment - Flotation Cell Stator, medium cell",COMPLETED,Normal,489945.2,synthetic,2026-08-01T18:09:36.211764+00:00,2026-08-25T09:09:36.211764+00:00
547,RR-1547,16,Gamsberg,Mining Operations,2025-12-01,2026-01-01,"Mining Operations spares replenishment - Flotation Cell Stator, large cell",COMPLETED,High,1854064.39,synthetic,2025-12-01T06:09:36.211764+00:00,2026-08-25T09:09:36.211764+00:00
548,RR-1548,13,Gamsberg,Plant Maintenance,2026-03-15,2026-05-04,"Plant Maintenance spares replenishment - MCC Contactor, 32A, 3-pole",COMPLETED,Normal,339256.78,synthetic,2026-03-15T12:09:36.211764+00:00,2026-08-25T09:09:36.211764+00:00
549,RR-1549,18,Gamsberg,Procurement,2026-06-29,2026-07-23,"Procurement spares replenishment - MCC Contactor, 32A, 3-pole",COMPLETED,High,1137411.43,synthetic,2026-06-29T11:09:36.211764+00:00,2026-08-25T09:09:36.211764+00:00
550,RR-1550,2,BMM,Warehouse & Stores,2025-12-19,2026-02-12,"Warehouse & Stores spares replenishment - Gland Packing Set, shaft 38mm, PTFE impregnated",COMPLETED,Normal,21457.46,synthetic,2025-12-19T08:09:36.211764+00:00,2026-08-25T09:09:36.211764+00:00
551,RR-1551,8,BMM,Plant Maintenance,2026-05-07,2026-05-21,"Plant Maintenance spares replenishment - Pinch Valve, 150mm (6""), slurry service",WAITING_DOA,Normal,1783569.56,synthetic,2026-05-07T06:09:36.211764+00:00,2026-08-25T09:09:36.211764+00:00
552,RR-1552,19,BMM,Mechanical Engineering,2026-02-11,2026-02-27,"Mechanical Engineering spares replenishment - Gland Packing Set, shaft 25mm, PTFE impregnated",COMPLETED,High,60231.52,synthetic,2026-02-11T12:09:36.211764+00:00,2026-08-25T09:09:36.211764+00:00
553,RR-1553,11,Gamsberg,Instrumentation & Electrical,2025-12-07,2026-01-16,"Instrumentation & Electrical spares replenishment - Ball Mill Grinding Media, 60mm, forged steel balls",COMPLETED,Normal,318024.7,synthetic,2025-12-07T14:09:36.211764+00:00,2026-08-25T09:09:36.211764+00:00
554,RR-1554,14,Gamsberg,Procurement,2026-03-17,2026-04-03,"Procurement spares replenishment - MCC Contactor, 225A, 3-pole",COMPLETED,High,61631.4,synthetic,2026-03-17T00:09:36.211764+00:00,2026-08-25T09:09:36.211764+00:00
555,RR-1555,21,BMM,Plant Maintenance,2026-04-29,2026-05-22,"Plant Maintenance spares replenishment - Variable Speed Drive, 55kW",COMPLETED,Normal,5161394.0,synthetic,2026-04-29T12:09:36.211764+00:00,2026-08-25T09:09:36.211764+00:00
556,RR-1556,14,Gamsberg,Procurement,2026-07-10,2026-07-26,"Procurement spares replenishment - Flotation Cell Impeller, tank cell, rubber coated",COMPLETED,Critical,1364470.46,synthetic,2026-07-10T04:09:36.211764+00:00,2026-08-25T09:09:36.211764+00:00
557,RR-1557,11,Gamsberg,Instrumentation & Electrical,2026-08-18,2026-10-05,"Instrumentation & Electrical spares replenishment - Ball Mill Grinding Media, 60mm, forged steel balls",COMPLETED,High,1748622.04,synthetic,2026-08-18T20:09:36.211764+00:00,2026-08-25T09:09:36.211764+00:00
558,RR-1558,18,Gamsberg,Procurement,2026-06-10,2026-06-26,"Procurement spares replenishment - Deep Groove Ball Bearing 6235-2RS, 35mm bore",WAITING_DOA,Critical,1403729.4,synthetic,2026-06-10T22:09:36.211764+00:00,2026-08-25T09:09:36.211764+00:00
559,RR-1559,14,Gamsberg,Procurement,2026-08-11,2026-09-19,"Procurement spares replenishment - Flotation Cell Impeller, medium cell, rubber coated",COMPLETED,Critical,378145.45,synthetic,2026-08-11T21:09:36.211764+00:00,2026-08-25T09:09:36.211764+00:00
560,RR-1560,3,BMM,Processing / Plant Operations,2026-02-07,2026-02-28,"Processing / Plant Operations spares replenishment - Variable Speed Drive, 45kW",COMPLETED,Normal,1218495.29,synthetic,2026-02-07T00:09:36.211764+00:00,2026-08-25T09:09:36.211764+00:00
561,RR-1561,9,Gamsberg,Processing / Plant Operations,2026-04-26,2026-06-16,"Processing / Plant Operations spares replenishment - Belt Scraper Blade Set, 1200mm width, tungsten tip",COMPLETED,Normal,1920761.13,synthetic,2026-04-26T05:09:36.211764+00:00,2026-08-25T09:09:36.211764+00:00
562,RR-1562,8,BMM,Plant Maintenance,2026-04-21,2026-06-12,"Plant Maintenance spares replenishment - Motor Drive Coupling, elastomeric, rated for 90kW",COMPLETED,High,74505.76,synthetic,2026-04-21T15:09:36.211764+00:00,2026-08-25T09:09:36.211764+00:00
563,RR-1563,9,Gamsberg,Processing / Plant Operations,2026-01-02,2026-02-24,"Processing / Plant Operations spares replenishment - Pillow Block Bearing Unit UCP225, 25mm shaft",COMPLETED,Normal,983414.61,synthetic,2026-01-02T16:09:36.211764+00:00,2026-08-25T09:09:36.211764+00:00
564,RR-1564,5,Gamsberg,Procurement,2025-12-07,2025-12-26,"Procurement spares replenishment - Ball Mill Grinding Media, 80mm, forged steel balls",COMPLETED,Normal,215807.5,synthetic,2025-12-07T22:09:36.211764+00:00,2026-08-25T09:09:36.211764+00:00
565,RR-1565,1,Gamsberg,Instrumentation & Electrical,2026-08-03,2026-09-01,"Instrumentation & Electrical spares replenishment - Knife Gate Valve, 150mm (6""), rubber lined",COMPLETED,Normal,747879.21,synthetic,2026-08-03T02:09:36.211764+00:00,2026-08-25T09:09:36.211764+00:00
566,RR-1566,20,Gamsberg,Mining Operations,2026-07-05,2026-07-27,"Mining Operations spares replenishment - Knife Gate Valve, 80mm (3""), rubber lined",COMPLETED,High,1260327.82,synthetic,2026-07-05T22:09:36.211764+00:00,2026-08-25T09:09:36.211764+00:00
567,RR-1567,7,Gamsberg,Mining Operations,2026-04-19,2026-05-20,"Mining Operations spares replenishment - Tapered Roller Bearing 32090, 90mm bore",WAITING_DOA,Normal,59512.67,synthetic,2026-04-19T04:09:36.211764+00:00,2026-08-25T09:09:36.211764+00:00
568,RR-1568,10,BMM,Mechanical Engineering,2025-11-27,2026-01-09,"Mechanical Engineering spares replenishment - Motor Drive Coupling, elastomeric, rated for 7.5kW",COMPLETED,Normal,2837564.74,synthetic,2025-11-27T21:09:36.211764+00:00,2026-08-25T09:09:36.211764+00:00
569,RR-1569,14,Gamsberg,Procurement,2026-05-17,2026-06-26,"Procurement spares replenishment - SAG Mill Liner Plate, discharge grate, chrome-moly steel",COMPLETED,Normal,1072001.69,synthetic,2026-05-17T22:09:36.211764+00:00,2026-08-25T09:09:36.211764+00:00
570,RR-1570,16,Gamsberg,Mining Operations,2026-07-19,2026-08-09,"Mining Operations spares replenishment - Deep Groove Ball Bearing 6240-2RS, 40mm bore",COMPLETED,Critical,31405.97,synthetic,2026-07-19T04:09:36.211764+00:00,2026-08-25T09:09:36.211764+00:00
571,RR-1571,20,Gamsberg,Mining Operations,2026-03-11,2026-04-03,"Mining Operations spares replenishment - Seal Support System, API Plan 32, shaft 65mm",COMPLETED,Normal,249406.32,synthetic,2026-03-11T15:09:36.211764+00:00,2026-08-25T09:09:36.211764+00:00
572,RR-1572,20,Gamsberg,Mining Operations,2026-06-02,2026-07-03,"Mining Operations spares replenishment - Tapered Roller Bearing 32017, 17mm bore",WAITING_DOA,High,33646.32,synthetic,2026-06-02T03:09:36.211764+00:00,2026-08-25T09:09:36.211764+00:00
573,RR-1573,18,Gamsberg,Procurement,2026-07-12,2026-08-17,"Procurement spares replenishment - Pillow Block Bearing Unit UCP240, 40mm shaft",COMPLETED,Normal,534524.35,synthetic,2026-07-12T02:09:36.211764+00:00,2026-08-25T09:09:36.211764+00:00
574,RR-1574,22,BMM,Safety & SHEQ,2026-01-07,2026-02-23,"Safety & SHEQ spares replenishment - Deep Groove Ball Bearing 6220-2RS, 20mm bore",COMPLETED,Normal,35822.0,synthetic,2026-01-07T21:09:36.211764+00:00,2026-08-25T09:09:36.211764+00:00
575,RR-1575,12,Gamsberg,Mining Operations,2026-02-01,2026-03-07,"Mining Operations spares replenishment - SAG Mill Liner Plate, shell, chrome-moly steel",COMPLETED,High,1021371.12,synthetic,2026-02-01T14:09:36.211764+00:00,2026-08-25T09:09:36.211764+00:00
576,RR-1576,8,BMM,Plant Maintenance,2026-03-14,2026-04-30,"Plant Maintenance spares replenishment - Knife Gate Valve, 80mm (3""), rubber lined",COMPLETED,High,1107698.76,synthetic,2026-03-14T17:09:36.211764+00:00,2026-08-25T09:09:36.211764+00:00
577,RR-1577,15,Gamsberg,Processing / Plant Operations,2026-01-02,2026-02-22,"Processing / Plant Operations spares replenishment - Ball Mill Grinding Media, 80mm, forged steel balls",COMPLETED,Normal,277625.75,synthetic,2026-01-02T02:09:36.211764+00:00,2026-08-25T09:09:36.211764+00:00
578,RR-1578,17,Gamsberg,Mechanical Engineering,2026-03-27,2026-05-22,"Mechanical Engineering spares replenishment - Tapered Roller Bearing 32050, 50mm bore",COMPLETED,Normal,1064421.12,synthetic,2026-03-27T20:09:36.211764+00:00,2026-08-25T09:09:36.211764+00:00
579,RR-1579,15,Gamsberg,Processing / Plant Operations,2026-06-10,2026-07-28,"Processing / Plant Operations spares replenishment - Troughing Idler Set, 650mm belt width, 3-roll",COMPLETED,Normal,36147.94,synthetic,2026-06-10T09:09:36.211764+00:00,2026-08-25T09:09:36.211764+00:00
580,RR-1580,11,Gamsberg,Instrumentation & Electrical,2026-08-22,2026-09-17,"Instrumentation & Electrical spares replenishment - Deep Groove Ball Bearing 6220-2RS, 20mm bore",COMPLETED,Normal,100135.52,synthetic,2026-08-22T06:09:36.211764+00:00,2026-08-25T09:09:36.211764+00:00
581,RR-1581,19,BMM,Mechanical Engineering,2026-06-01,2026-07-20,"Mechanical Engineering spares replenishment - Spherical Roller Bearing 22235, 35mm bore",COMPLETED,Normal,470526.16,synthetic,2026-06-01T04:09:36.211764+00:00,2026-08-25T09:09:36.211764+00:00
582,RR-1582,5,Gamsberg,Procurement,2026-03-31,2026-05-23,"Procurement spares replenishment - Belt Scraper Blade Set, 1600mm width, tungsten tip",COMPLETED,Normal,252413.67,synthetic,2026-03-31T14:09:36.211764+00:00,2026-08-25T09:09:36.211764+00:00
583,RR-1583,3,BMM,Processing / Plant Operations,2026-05-15,2026-07-04,"Processing / Plant Operations spares replenishment - Crusher Toggle Plate, standard rating",COMPLETED,Normal,744267.3,synthetic,2026-05-15T17:09:36.211764+00:00,2026-08-25T09:09:36.211764+00:00
584,RR-1584,19,BMM,Mechanical Engineering,2026-04-01,2026-04-22,"Mechanical Engineering spares replenishment - Flotation Cell Impeller, small cell, rubber coated",COMPLETED,Normal,2183723.59,synthetic,2026-04-01T10:09:36.211764+00:00,2026-08-25T09:09:36.211764+00:00
585,RR-1585,22,BMM,Safety & SHEQ,2026-01-11,2026-01-28,Safety & SHEQ spares replenishment - as discussed,COMPLETED,Normal,5619627.87,synthetic,2026-01-11T21:09:36.211764+00:00,2026-08-25T09:09:36.211764+00:00
586,RR-1586,13,Gamsberg,Plant Maintenance,2026-03-28,2026-04-11,"Plant Maintenance spares replenishment - TEFC Induction Motor, 11kW, 4-pole, IE3",COMPLETED,Normal,1766368.65,synthetic,2026-03-28T03:09:36.211764+00:00,2026-08-25T09:09:36.211764+00:00
587,RR-1587,6,BMM,Instrumentation & Electrical,2026-03-18,2026-05-04,"Instrumentation & Electrical spares replenishment - MCC Contactor, 65A, 3-pole",COMPLETED,Normal,418631.28,synthetic,2026-03-18T06:09:36.211764+00:00,2026-08-25T09:09:36.211764+00:00
588,RR-1588,11,Gamsberg,Instrumentation & Electrical,2026-01-12,2026-01-29,"Instrumentation & Electrical spares replenishment - Deep Groove Ball Bearing 6220-2RS, 20mm bore",COMPLETED,Normal,14450.48,synthetic,2026-01-12T03:09:36.211764+00:00,2026-08-25T09:09:36.211764+00:00
589,RR-1589,23,BMM,Processing / Plant Operations,2026-03-27,2026-05-16,"Processing / Plant Operations spares replenishment - Cone Crusher Concave Ring, standard profile",COMPLETED,High,774933.94,synthetic,2026-03-27T23:09:36.211764+00:00,2026-08-25T09:09:36.211764+00:00
590,RR-1590,14,Gamsberg,Procurement,2026-04-17,2026-05-17,"Procurement spares replenishment - Variable Speed Drive, 30kW",COMPLETED,Normal,3089945.17,synthetic,2026-04-17T23:09:36.211764+00:00,2026-08-25T09:09:36.211764+00:00
591,RR-1591,15,Gamsberg,Processing / Plant Operations,2026-05-08,2026-06-21,"Processing / Plant Operations spares replenishment - Mechanical Seal, shaft 50mm, tungsten carbide faces",WAITING_DOA,Critical,561742.06,synthetic,2026-05-08T16:09:36.211764+00:00,2026-08-25T09:09:36.211764+00:00
592,RR-1592,11,Gamsberg,Instrumentation & Electrical,2025-12-23,2026-02-04,"Instrumentation & Electrical spares replenishment - Deep Groove Ball Bearing 6220-2RS, 20mm bore",COMPLETED,Normal,12751.16,synthetic,2025-12-23T03:09:36.211764+00:00,2026-08-25T09:09:36.211764+00:00
593,RR-1593,19,BMM,Mechanical Engineering,2026-07-31,2026-09-07,"Mechanical Engineering spares replenishment - Cone Crusher Mantle, extra-coarse profile",COMPLETED,High,5014297.75,synthetic,2026-07-31T10:09:36.211764+00:00,2026-08-25T09:09:36.211764+00:00
594,RR-1594,20,Gamsberg,Mining Operations,2026-04-16,2026-05-02,"Mining Operations spares replenishment - Flow Meter, magnetic, 100mm (4"")",COMPLETED,Normal,3772608.34,synthetic,2026-04-16T18:09:36.211764+00:00,2026-08-25T09:09:36.211764+00:00
595,RR-1595,3,BMM,Processing / Plant Operations,2026-01-23,2026-02-10,"Processing / Plant Operations spares replenishment - Variable Speed Drive, 45kW",COMPLETED,Normal,4150101.1,synthetic,2026-01-23T12:09:36.211764+00:00,2026-08-25T09:09:36.211764+00:00
596,RR-1596,13,Gamsberg,Plant Maintenance,2026-07-02,2026-08-26,"Plant Maintenance spares replenishment - Vertical Sump Pump Shaft Assembly, High-head",WAITING_DOA,Normal,1673840.4,synthetic,2026-07-02T06:09:36.211764+00:00,2026-08-25T09:09:36.211764+00:00
597,RR-1597,1,Gamsberg,Instrumentation & Electrical,2026-01-29,2026-03-17,"Instrumentation & Electrical spares replenishment - Butterfly Valve, 25mm (1""), wafer type",COMPLETED,Normal,29177.19,synthetic,2026-01-29T21:09:36.211764+00:00,2026-08-25T09:09:36.211764+00:00
598,RR-1598,9,Gamsberg,Processing / Plant Operations,2026-06-27,2026-08-12,"Processing / Plant Operations spares replenishment - Seal Support System, API Plan 32, shaft 100mm",COMPLETED,Normal,6130799.72,synthetic,2026-06-27T15:09:36.211764+00:00,2026-08-25T09:09:36.211764+00:00
599,RR-1599,14,Gamsberg,Procurement,2025-12-09,2026-01-28,"Procurement spares replenishment - Conveyor Belt, steel cord, 650mm width",COMPLETED,Normal,16222.18,synthetic,2025-12-09T03:09:36.211764+00:00,2026-08-25T09:09:36.211764+00:00
600,RR-1600,20,Gamsberg,Mining Operations,2026-03-24,2026-04-12,"Mining Operations spares replenishment - SAG Mill Liner Plate, shell, chrome-moly steel",COMPLETED,Normal,1737474.52,synthetic,2026-03-24T23:09:36.211764+00:00,2026-08-25T09:09:36.211764+00:00
601,RR-1601,10,BMM,Mechanical Engineering,2026-05-01,2026-06-05,"Mechanical Engineering spares replenishment - Froth Paddle Assembly, medium cell",COMPLETED,Normal,481906.19,synthetic,2026-05-01T15:09:36.211764+00:00,2026-08-25T09:09:36.211764+00:00
602,RR-1602,24,Gamsberg,Mining Operations,2026-01-03,2026-02-01,"Mining Operations spares replenishment - Knife Gate Valve, 80mm (3""), rubber lined",REJECTED,Normal,1439803.27,synthetic,2026-01-03T06:09:36.211764+00:00,2026-08-25T09:09:36.211764+00:00
603,RR-1603,12,Gamsberg,Mining Operations,2026-02-14,2026-04-03,"Mining Operations spares replenishment - Impact Idler, 1400mm belt width, rubber disc",REJECTED,Normal,54296.85,synthetic,2026-02-14T01:09:36.211764+00:00,2026-08-25T09:09:36.211764+00:00
604,RR-1604,12,Gamsberg,Mining Operations,2026-01-17,2026-02-26,"Mining Operations spares replenishment - Motor Drive Coupling, elastomeric, rated for 30kW",COMPLETED,Critical,10238.99,synthetic,2026-01-17T16:09:36.211764+00:00,2026-08-25T09:09:36.211764+00:00
605,RR-1605,17,Gamsberg,Mechanical Engineering,2026-05-22,2026-07-02,"Mechanical Engineering spares replenishment - Variable Speed Drive, 75kW",COMPLETED,Normal,1449696.71,synthetic,2026-05-22T22:09:36.211764+00:00,2026-08-25T09:09:36.211764+00:00
606,RR-1606,5,Gamsberg,Procurement,2026-08-02,2026-08-16,"Procurement spares replenishment - Cone Crusher Mantle, fine profile",WAITING_DOA,Normal,616914.24,synthetic,2026-08-02T07:09:36.211764+00:00,2026-08-25T09:09:36.211764+00:00
607,RR-1607,7,Gamsberg,Mining Operations,2026-07-01,2026-08-21,"Mining Operations spares replenishment - Pillow Block Bearing Unit UCP230, 30mm shaft",WAITING_DOA,Normal,32679.45,synthetic,2026-07-01T16:09:36.211764+00:00,2026-08-25T09:09:36.211764+00:00
608,RR-1608,20,Gamsberg,Mining Operations,2026-05-28,2026-06-26,"Mining Operations spares replenishment - Vertical Sump Pump Shaft Assembly, Heavy duty slurry",COMPLETED,High,214637.86,synthetic,2026-05-28T15:09:36.211764+00:00,2026-08-25T09:09:36.211764+00:00
609,RR-1609,12,Gamsberg,Mining Operations,2025-12-16,2026-01-10,"Mining Operations spares replenishment - Deep Groove Ball Bearing 6240-2RS, 40mm bore",COMPLETED,High,284723.09,synthetic,2025-12-16T11:09:36.211764+00:00,2026-08-25T09:09:36.211764+00:00
610,RR-1610,16,Gamsberg,Mining Operations,2026-04-02,2026-04-17,Mining Operations spares replenishment - spares as required,MRP_PROCESSING,Normal,787420.95,synthetic,2026-04-02T15:09:36.211764+00:00,2026-08-25T09:09:36.211764+00:00
611,RR-1611,1,Gamsberg,Instrumentation & Electrical,2026-03-29,2026-05-24,"Instrumentation & Electrical spares replenishment - Froth Paddle Assembly, medium cell",MRP_PROCESSING,Normal,427217.25,synthetic,2026-03-29T06:09:36.211764+00:00,2026-08-25T09:09:36.211764+00:00
612,RR-1612,3,BMM,Processing / Plant Operations,2026-05-08,2026-06-30,"Processing / Plant Operations spares replenishment - Jaw Crusher Fixed Jaw Plate, corrugated, manganese steel",COMPLETED,Normal,73638.48,synthetic,2026-05-08T18:09:36.211764+00:00,2026-08-25T09:09:36.211764+00:00
613,RR-1613,18,Gamsberg,Procurement,2026-01-09,2026-02-22,"Procurement spares replenishment - Belt Scraper Blade Set, 1400mm width, tungsten tip",ESCALATED,High,189056.94,synthetic,2026-01-09T02:09:36.211764+00:00,2026-08-25T09:09:36.211764+00:00
614,RR-1614,23,BMM,Processing / Plant Operations,2026-04-26,2026-06-18,"Processing / Plant Operations spares replenishment - Mill Trunnion Bearing Liner, feed end",COMPLETED,High,8419943.43,synthetic,2026-04-26T00:09:36.211764+00:00,2026-08-25T09:09:36.211764+00:00
615,RR-1615,24,Gamsberg,Mining Operations,2026-01-31,2026-02-25,"Mining Operations spares replenishment - Impact Idler, 1600mm belt width, rubber disc",COMPLETED,Normal,131423.18,synthetic,2026-01-31T03:09:36.211764+00:00,2026-08-25T09:09:36.211764+00:00
616,RR-1616,11,Gamsberg,Instrumentation & Electrical,2026-02-13,2026-04-11,"Instrumentation & Electrical spares replenishment - Pressure Transmitter, 0-100 bar range, 4-20mA",COMPLETED,Normal,1162147.6,synthetic,2026-02-13T07:09:36.211764+00:00,2026-08-25T09:09:36.211764+00:00
617,RR-1617,16,Gamsberg,Mining Operations,2026-02-27,2026-03-21,"Mining Operations spares replenishment - Tapered Roller Bearing 32020, 20mm bore",COMPLETED,Normal,281891.36,synthetic,2026-02-27T04:09:36.211764+00:00,2026-08-25T09:09:36.211764+00:00
618,RR-1618,7,Gamsberg,Mining Operations,2026-02-17,2026-04-07,"Mining Operations spares replenishment - Impact Idler, 1000mm belt width, rubber disc",COMPLETED,Critical,467180.15,synthetic,2026-02-17T21:09:36.211764+00:00,2026-08-25T09:09:36.211764+00:00
619,RR-1619,17,Gamsberg,Mechanical Engineering,2026-04-06,2026-05-28,"Mechanical Engineering spares replenishment - Pressure Transmitter, 0-10 bar range, 4-20mA",COMPLETED,Critical,199828.53,synthetic,2026-04-06T16:09:36.211764+00:00,2026-08-25T09:09:36.211764+00:00
620,RR-1620,22,BMM,Safety & SHEQ,2026-01-20,2026-03-12,"Safety & SHEQ spares replenishment - Deep Groove Ball Bearing 6275-2RS, 75mm bore",COMPLETED,High,1541225.1,synthetic,2026-01-20T01:09:36.211764+00:00,2026-08-25T09:09:36.211764+00:00
621,RR-1621,16,Gamsberg,Mining Operations,2026-07-03,2026-07-20,"Mining Operations spares replenishment - MCC Contactor, 32A, 3-pole",WAITING_DOA,Normal,144787.3,synthetic,2026-07-03T16:09:36.211764+00:00,2026-08-25T09:09:36.211764+00:00
622,RR-1622,20,Gamsberg,Mining Operations,2026-01-11,2026-03-12,"Mining Operations spares replenishment - Flow Meter, magnetic, 25mm (1"")",COMPLETED,Normal,3081487.88,synthetic,2026-01-11T11:09:36.211764+00:00,2026-08-25T09:09:36.211764+00:00
623,RR-1623,4,Gamsberg,Instrumentation & Electrical,2026-05-18,2026-06-06,"Instrumentation & Electrical spares replenishment - Motor Drive Coupling, elastomeric, rated for 75kW",COMPLETED,High,385387.32,synthetic,2026-05-18T08:09:36.211764+00:00,2026-08-25T09:09:36.211764+00:00
624,RR-1624,23,BMM,Processing / Plant Operations,2025-12-21,2026-01-18,"Processing / Plant Operations spares replenishment - Cone Crusher Mantle, fine profile",COMPLETED,High,1275928.55,synthetic,2025-12-21T10:09:36.211764+00:00,2026-08-25T09:09:36.211764+00:00
625,RR-1625,14,Gamsberg,Procurement,2026-04-18,2026-05-13,Procurement spares replenishment - spares as required,COMPLETED,High,122124.07,synthetic,2026-04-18T00:09:36.211764+00:00,2026-08-25T09:09:36.211764+00:00
626,RR-1626,13,Gamsberg,Plant Maintenance,2026-04-01,2026-05-11,"Plant Maintenance spares replenishment - Butterfly Valve, 100mm (4""), wafer type",COMPLETED,Normal,104218.76,synthetic,2026-04-01T21:09:36.211764+00:00,2026-08-25T09:09:36.211764+00:00
627,RR-1627,8,BMM,Plant Maintenance,2026-05-10,2026-07-05,"Plant Maintenance spares replenishment - Tapered Roller Bearing 32090, 90mm bore",COMPLETED,Normal,164030.4,synthetic,2026-05-10T17:09:36.211764+00:00,2026-08-25T09:09:36.211764+00:00
628,RR-1628,11,Gamsberg,Instrumentation & Electrical,2026-04-20,2026-06-11,"Instrumentation & Electrical spares replenishment - Seal Support System, API Plan 32, shaft 65mm",COMPLETED,Normal,5605782.01,synthetic,2026-04-20T08:09:36.211764+00:00,2026-08-25T09:09:36.211764+00:00
629,RR-1629,7,Gamsberg,Mining Operations,2026-04-27,2026-06-15,"Mining Operations spares replenishment - Flow Meter, magnetic, 25mm (1"")",COMPLETED,Normal,1127116.76,synthetic,2026-04-27T04:09:36.211764+00:00,2026-08-25T09:09:36.211764+00:00
630,RR-1630,13,Gamsberg,Plant Maintenance,2026-04-05,2026-06-03,"Plant Maintenance spares replenishment - Spherical Roller Bearing 22260, 60mm bore",COMPLETED,High,703270.64,synthetic,2026-04-05T15:09:36.211764+00:00,2026-08-25T09:09:36.211764+00:00
631,RR-1631,8,BMM,Plant Maintenance,2026-02-26,2026-03-24,"Plant Maintenance spares replenishment - Froth Paddle Assembly, medium cell",COMPLETED,High,310928.92,synthetic,2026-02-26T00:09:36.211764+00:00,2026-08-25T09:09:36.211764+00:00
632,RR-1632,11,Gamsberg,Instrumentation & Electrical,2026-02-19,2026-03-23,"Instrumentation & Electrical spares replenishment - Conveyor Belt, steel cord, 1400mm width",COMPLETED,High,8223.39,synthetic,2026-02-19T23:09:36.211764+00:00,2026-08-25T09:09:36.211764+00:00
633,RR-1633,7,Gamsberg,Mining Operations,2026-08-08,2026-09-23,"Mining Operations spares replenishment - Conveyor Belt, steel cord, 800mm width",ESCALATED,Critical,3641425.68,synthetic,2026-08-08T22:09:36.211764+00:00,2026-08-25T09:09:36.211764+00:00
634,RR-1634,23,BMM,Processing / Plant Operations,2026-06-28,2026-08-05,"Processing / Plant Operations spares replenishment - TEFC Induction Motor, 7.5kW, 4-pole, IE3",COMPLETED,Normal,229578.03,synthetic,2026-06-28T05:09:36.211764+00:00,2026-08-25T09:09:36.211764+00:00
635,RR-1635,24,Gamsberg,Mining Operations,2026-05-31,2026-07-20,"Mining Operations spares replenishment - Slip Ring Induction Motor, 22kW, 6-pole",COMPLETED,Normal,4436462.41,synthetic,2026-05-31T14:09:36.211764+00:00,2026-08-25T09:09:36.211764+00:00
636,RR-1636,22,BMM,Safety & SHEQ,2026-07-12,2026-08-02,"Safety & SHEQ spares replenishment - Slip Ring Induction Motor, 15kW, 6-pole",COMPLETED,Normal,5647686.12,synthetic,2026-07-12T13:09:36.211764+00:00,2026-08-25T09:09:36.211764+00:00
637,RR-1637,8,BMM,Plant Maintenance,2026-07-27,2026-09-10,Plant Maintenance spares replenishment - misc parts,WAITING_DOA,High,362044.62,synthetic,2026-07-27T18:09:36.211764+00:00,2026-08-25T09:09:36.211764+00:00
638,RR-1638,24,Gamsberg,Mining Operations,2026-05-08,2026-05-27,"Mining Operations spares replenishment - Deep Groove Ball Bearing 6240-2RS, 40mm bore",WAITING_DOA,Normal,10327.62,synthetic,2026-05-08T18:09:36.211764+00:00,2026-08-25T09:09:36.211764+00:00
639,RR-1639,18,Gamsberg,Procurement,2025-12-03,2026-01-22,"Procurement spares replenishment - Jaw Crusher Fixed Jaw Plate, standard, manganese steel",COMPLETED,Normal,602777.96,synthetic,2025-12-03T06:09:36.211764+00:00,2026-08-25T09:09:36.211764+00:00
640,RR-1640,16,Gamsberg,Mining Operations,2026-07-30,2026-09-02,"Mining Operations spares replenishment - MCC Contactor, 150A, 3-pole",COMPLETED,Critical,1170334.12,synthetic,2026-07-30T02:09:36.211764+00:00,2026-08-25T09:09:36.211764+00:00
641,RR-1641,22,BMM,Safety & SHEQ,2026-07-10,2026-09-01,"Safety & SHEQ spares replenishment - TEFC Induction Motor, 45kW, 4-pole, IE3",WAITING_DOA,Normal,552690.72,synthetic,2026-07-10T07:09:36.211764+00:00,2026-08-25T09:09:36.211764+00:00
642,RR-1642,20,Gamsberg,Mining Operations,2026-04-03,2026-05-03,"Mining Operations spares replenishment - Conveyor Belt, steel cord, 1600mm width",COMPLETED,Normal,986.37,synthetic,2026-04-03T05:09:36.211764+00:00,2026-08-25T09:09:36.211764+00:00
643,RR-1643,2,BMM,Warehouse & Stores,2026-01-13,2026-02-19,"Warehouse & Stores spares replenishment - Cone Crusher Mantle, coarse profile",ESCALATED,Normal,632940.57,synthetic,2026-01-13T16:09:36.211764+00:00,2026-08-25T09:09:36.211764+00:00
644,RR-1644,18,Gamsberg,Procurement,2026-01-31,2026-03-14,"Procurement spares replenishment - Flotation Cell Impeller, medium cell, rubber coated",COMPLETED,Normal,1299255.11,synthetic,2026-01-31T23:09:36.211764+00:00,2026-08-25T09:09:36.211764+00:00
645,RR-1645,5,Gamsberg,Procurement,2026-01-24,2026-03-16,"Procurement spares replenishment - Slip Ring Induction Motor, 11kW, 6-pole",COMPLETED,Normal,3514431.51,synthetic,2026-01-24T18:09:36.211764+00:00,2026-08-25T09:09:36.211764+00:00
646,RR-1646,9,Gamsberg,Processing / Plant Operations,2026-06-20,2026-07-16,"Processing / Plant Operations spares replenishment - Slip Ring Induction Motor, 11kW, 6-pole",WAITING_DOA,Normal,5158953.16,synthetic,2026-06-20T10:09:36.211764+00:00,2026-08-25T09:09:36.211764+00:00
647,RR-1647,15,Gamsberg,Processing / Plant Operations,2026-05-08,2026-06-02,"Processing / Plant Operations spares replenishment - Slip Ring Induction Motor, 22kW, 6-pole",COMPLETED,Critical,2328364.62,synthetic,2026-05-08T20:09:36.211764+00:00,2026-08-25T09:09:36.211764+00:00
648,RR-1648,22,BMM,Safety & SHEQ,2026-05-06,2026-06-30,"Safety & SHEQ spares replenishment - Deep Groove Ball Bearing 6225-2RS, 25mm bore",COMPLETED,Normal,228332.03,synthetic,2026-05-06T12:09:36.211764+00:00,2026-08-25T09:09:36.211764+00:00
649,RR-1649,4,Gamsberg,Instrumentation & Electrical,2026-04-09,2026-05-23,"Instrumentation & Electrical spares replenishment - Flow Meter, magnetic, 25mm (1"")",COMPLETED,Critical,1637682.6,synthetic,2026-04-09T23:09:36.211764+00:00,2026-08-25T09:09:36.211764+00:00
650,RR-1650,4,Gamsberg,Instrumentation & Electrical,2026-04-19,2026-05-25,"Instrumentation & Electrical spares replenishment - Slip Ring Induction Motor, 75kW, 6-pole",COMPLETED,Normal,5914348.14,synthetic,2026-04-19T18:09:36.211764+00:00,2026-08-25T09:09:36.211764+00:00
