id,rr_id,line_number,material_id,quantity,estimated_unit_price,service_code,description,quality_status
1,1,1,27,2.0,1501.42,,"Gland Packing Set, shaft 50mm, PTFE impregnated",OK
2,1,2,148,1.0,259436.02,,"Cone Crusher Concave Ring, coarse profile",OK
3,2,1,106,20.0,662.19,,"Deep Groove Ball Bearing 6235-2RS, 35mm bore",OK
4,2,2,116,1.0,150033.58,,"Slip Ring Induction Motor, 55kW, 6-pole",OK
5,3,1,52,9.0,57802.05,,"Jaw Crusher Fixed Jaw Plate, high-manganese, manganese steel",OK
6,3,2,143,18.0,12845.28,,"MCC Contactor, 150A, 3-pole",OK
7,3,3,22,16.0,20142.9,,"Ball Mill Grinding Media, 80mm, forged steel balls",OK
8,4,1,145,7.0,30071.3,,"Vertical Sump Pump Shaft Assembly, Medium duty",OK
9,4,2,56,3.0,11789.63,,"MCC Contactor, 225A, 3-pole",OK
10,4,3,101,10.0,2317.43,,"Conveyor Belt, steel cord, 1200mm width",OK
11,5,1,12,1.0,11925.64,,"Belt Scraper Blade Set, 1600mm width, tungsten tip",OK
12,6,1,5,1.0,89713.32,,"Flow Meter, magnetic, 150mm (6"")",OK
13,7,1,88,4.0,22792.22,,"Circuit Breaker, MCCB, 400A",MISSING_SERVICE_CODE
14,8,1,213,2.0,30571.44,SVC-CAL-02,Cal Service - contracted field technician,OK
15,8,2,219,5.0,35221.23,SVC-REF-02,Ref Service - contracted field technician,OK
16,8,3,218,5.0,41933.1,,Ref Service - contracted field technician,MISSING_SERVICE_CODE
17,9,1,1,10.0,140048.33,,"Density Meter, nuclear, 200mm (8"") pipe",OK
18,9,2,56,5.0,11880.3,,"MCC Contactor, 225A, 3-pole",OK
19,9,3,46,14.0,195129.53,,"Cone Crusher Concave Ring, fine profile",OK
20,10,1,183,16.0,9474.2,,"Pillow Block Bearing Unit UCP235, 35mm shaft",OK
21,11,1,73,13.0,34618.76,,"Flotation Cell Impeller, medium cell, rubber coated",OK
22,11,2,64,10.0,1490.2,,"Deep Groove Ball Bearing 6225-2RS, 25mm bore",OK
23,11,3,105,6.0,12782.0,,"Belt Scraper Blade Set, 650mm width, tungsten tip",OK
24,12,1,167,16.0,29198.25,,"Froth Paddle Assembly, medium cell",OK
25,12,2,166,3.0,102113.6,,"Variable Speed Drive, 7.5kW",OK
26,13,1,75,17.0,80484.54,,"TEFC Induction Motor, 22kW, 4-pole, IE3",OK
27,13,2,119,10.0,19997.82,,"Tapered Roller Bearing 32017, 17mm bore",OK
28,13,3,114,12.0,8005.52,,"Tapered Roller Bearing 32090, 90mm bore",OK
29,14,1,151,14.0,43618.92,,"Mechanical Seal, shaft 38mm, tungsten carbide faces",OK
30,14,2,69,16.0,1498.74,,"Deep Groove Ball Bearing 6230-2RS, 30mm bore",OK
31,15,1,27,8.0,1753.26,,"Gland Packing Set, shaft 50mm, PTFE impregnated",OK
32,15,2,189,13.0,33874.79,,"Flow Meter, magnetic, 40mm (1.5"")",OK
33,16,1,14,4.0,20848.97,,"Motor Drive Coupling, elastomeric, rated for 30kW",OK
34,16,2,191,4.0,11548.5,,"Spherical Roller Bearing 22260, 60mm bore",OK
35,16,3,187,3.0,22243.12,,as discussed,VAGUE_DESCRIPTION
36,16,4,71,18.0,2058.62,,"Conveyor Belt, steel cord, 1000mm width",OK
37,16,5,87,12.0,59100.87,,"Flotation Cell Impeller, tank cell, rubber coated",OK
38,16,6,138,8.0,27783.86,,"Centrifugal Slurry Pump Casing Liner, High-head",OK
39,16,7,1,9.0,137554.27,,"Density Meter, nuclear, 200mm (8"") pipe",OK
40,16,8,180,18.0,12488.71,,"Pressure Transmitter, 0-40 bar range, 4-20mA",OK
41,16,9,161,3.0,16936.9,,"Pressure Transmitter, 0-100 bar range, 4-20mA",OK
42,16,10,87,18.0,51336.83,,"Flotation Cell Impeller, tank cell, rubber coated",OK
43,16,11,172,3.0,20643.31,,"Knife Gate Valve, 200mm (8""), rubber lined",OK
44,16,12,174,8.0,91057.07,,"Flotation Cell Stator, medium cell",OK
45,17,1,116,13.0,157886.12,,"Slip Ring Induction Motor, 55kW, 6-pole",OK
46,18,1,69,12.0,1830.49,,"Deep Groove Ball Bearing 6230-2RS, 30mm bore",OK
47,18,2,200,13.0,15412.97,,"Froth Paddle Assembly, small cell",MISSING_SERVICE_CODE
48,18,3,56,7.0,13946.35,,"MCC Contactor, 225A, 3-pole",OK
49,19,1,78,14.0,44066.89,,"Flotation Cell Stator, tank cell",OK
50,20,1,103,16.0,49634.04,,"Diaphragm Dosing Pump Head Assembly, Light duty",OK
51,20,2,115,19.0,22242.56,,"Ball Mill Grinding Media, 100mm, forged steel balls",OK
52,20,3,66,16.0,84615.77,,"Variable Speed Drive, 22kW",OK
53,21,1,61,9.0,12834.69,,"Belt Scraper Blade Set, 1000mm width, tungsten tip",OK
54,21,2,92,2.0,30584.15,,"Pinch Valve, 40mm (1.5""), slurry service",OK
55,21,3,14,11.0,20297.8,,"Motor Drive Coupling, elastomeric, rated for 30kW",OK
56,22,1,108,3.0,32526.98,,"Spherical Roller Bearing 22235, 35mm bore",OK
57,22,2,28,13.0,46428.78,,"Variable Speed Drive, 30kW",OK
58,23,1,96,5.0,32109.94,,"Circuit Breaker, MCCB, 100A",OK
59,24,1,198,13.0,8164.98,,"Knife Gate Valve, 80mm (3""), rubber lined",OK
60,25,1,136,4.0,5902.49,,"Troughing Idler Set, 800mm belt width, 3-roll",OK
61,26,1,216,6.0,8468.7,SVC-INS-02,Ins Service - contracted field technician,OK
62,26,2,207,19.0,41768.68,SVC-REP-02,Rep Service - contracted field technician,OK
63,27,1,43,13.0,19802.94,,"Ball Valve, 150mm (6""), full bore, stainless trim",OK
64,27,2,37,2.0,60640.77,,"Centrifugal Slurry Pump Impeller, Low-flow metering, hard metal",OK
65,28,1,146,12.0,3395.92,,"Deep Groove Ball Bearing 6260-2RS, 60mm bore",OK
66,29,1,208,20.0,45812.45,SVC-REP-03,Rep Service - contracted field technician,OK
67,29,2,212,18.0,33717.77,SVC-CAL-01,Cal Service - contracted field technician,OK
68,29,3,211,20.0,26100.53,SVC-INS-03,Ins Service - contracted field technician,OK
69,30,1,150,13.0,1599.88,,"Conveyor Belt, steel cord, 1400mm width",MISSING_SERVICE_CODE
70,30,2,67,18.0,26684.74,,"Variable Speed Drive, 15kW",OK
71,30,3,39,7.0,20197.07,,"Spherical Roller Bearing 22230, 30mm bore",OK
72,31,1,21,3.0,3917.6,,"Pillow Block Bearing Unit UCP240, 40mm shaft",OK
73,31,2,22,2.0,22237.5,,"Ball Mill Grinding Media, 80mm, forged steel balls",OK
74,31,3,194,19.0,84802.85,,"Flow Meter, magnetic, 25mm (1"")",OK
75,32,1,36,9.0,98793.51,,"SAG Mill Liner Plate, head, chrome-moly steel",OK
76,33,1,125,17.0,12074.33,,"Level Transmitter, ultrasonic, 0-10m range",OK
77,33,2,16,5.0,4667.48,,"Tapered Roller Bearing 32025, 25mm bore",OK
78,34,1,207,7.0,50306.34,SVC-REP-02,Rep Service - contracted field technician,OK
79,34,2,214,20.0,10473.62,SVC-CAL-03,Cal Service - contracted field technician,OK
80,35,1,118,9.0,28030.75,,"Spherical Roller Bearing 22217, 17mm bore",OK
81,35,2,125,15.0,12314.16,,"Level Transmitter, ultrasonic, 0-10m range",MISSING_SERVICE_CODE
82,35,3,55,19.0,216.54,,"Power Cable, XLPE armoured, 4-core 16mm2",OK
83,36,1,200,3.0,15725.69,,"Froth Paddle Assembly, small cell",OK
84,36,2,79,5.0,62953.67,,"Flotation Cell Stator, small cell",OK
85,36,3,200,12.0,17516.55,,"Froth Paddle Assembly, small cell",OK
86,36,4,54,1.0,2639.68,,"Deep Groove Ball Bearing 6275-2RS, 75mm bore",OK
87,36,5,106,10.0,607.4,,"Deep Groove Ball Bearing 6235-2RS, 35mm bore",OK
88,36,6,157,9.0,64201.02,,"TEFC Induction Motor, 55kW, 4-pole, IE3",OK
89,36,7,108,12.0,28776.83,,"Spherical Roller Bearing 22235, 35mm bore",OK
90,36,8,24,7.0,79855.76,,as discussed,VAGUE_DESCRIPTION
91,36,9,137,14.0,26709.42,,items per attached list,VAGUE_DESCRIPTION
92,36,10,67,3.0,30374.25,,"Variable Speed Drive, 15kW",OK
93,37,1,38,12.0,59644.85,,"Mechanical Seal, shaft 50mm, tungsten carbide faces",OK
94,38,1,86,10.0,328412.55,,spares as required,VAGUE_DESCRIPTION
95,39,1,11,12.0,131908.53,,"Slip Ring Induction Motor, 110kW, 6-pole",OK
96,39,2,89,17.0,6407.32,,"Pillow Block Bearing Unit UCP250, 50mm shaft",OK
97,40,1,206,14.0,40753.53,SVC-REP-01,Rep Service - contracted field technician,OK
98,41,1,121,18.0,35624.49,,"Circuit Breaker, MCCB, 250A",OK
99,41,2,100,4.0,248041.51,,"Variable Speed Drive, 75kW",OK
100,42,1,17,1.0,6248.27,,"Belt Scraper Blade Set, 1400mm width, tungsten tip",OK
101,42,2,37,17.0,65738.88,,"Centrifugal Slurry Pump Impeller, Low-flow metering, hard metal",OK
102,43,1,55,5.0,232.11,,"Power Cable, XLPE armoured, 4-core 16mm2",OK
103,43,2,21,9.0,3466.89,,"Pillow Block Bearing Unit UCP240, 40mm shaft",OK
104,44,1,166,15.0,110659.0,,"Variable Speed Drive, 7.5kW",OK
105,44,2,94,13.0,6350.8,,misc parts,VAGUE_DESCRIPTION
106,45,1,60,15.0,15177.86,,"Circuit Breaker, MCCB, 630A",OK
107,45,2,54,19.0,2473.76,,"Deep Groove Ball Bearing 6275-2RS, 75mm bore",OK
108,46,1,210,10.0,40165.1,SVC-INS-02,Ins Service - contracted field technician,OK
109,46,2,210,19.0,42032.58,SVC-INS-02,Ins Service - contracted field technician,OK
110,46,3,210,6.0,42055.41,SVC-INS-02,Ins Service - contracted field technician,OK
111,47,1,184,12.0,35458.44,,"Diaphragm Dosing Pump Head Assembly, Medium duty",OK
112,48,1,37,12.0,57520.85,,"Centrifugal Slurry Pump Impeller, Low-flow metering, hard metal",OK
113,48,2,162,9.0,879.34,,"Pillow Block Bearing Unit UCP290, 90mm shaft",OK
114,48,3,109,12.0,6292.28,,"Troughing Idler Set, 1200mm belt width, 3-roll",OK
115,49,1,150,15.0,1613.49,,"Conveyor Belt, steel cord, 1400mm width",OK
116,50,1,34,5.0,40996.26,,"Knife Gate Valve, 40mm (1.5""), rubber lined",OK
117,51,1,216,16.0,9584.96,SVC-INS-02,Ins Service - contracted field technician,OK
118,51,2,216,3.0,8623.32,SVC-INS-02,Ins Service - contracted field technician,OK
119,52,1,141,6.0,19310.2,,"Tapered Roller Bearing 32020, 20mm bore",MISSING_SERVICE_CODE
120,52,2,6,11.0,12991.38,,spares as required,VAGUE_DESCRIPTION
121,52,3,37,1.0,57543.9,,"Centrifugal Slurry Pump Impeller, Low-flow metering, hard metal",OK
122,53,1,166,7.0,115007.01,,"Variable Speed Drive, 7.5kW",OK
123,53,2,18,4.0,30477.97,,"Flotation Cell Impeller, small cell, rubber coated",MISSING_SERVICE_CODE
124,54,1,188,7.0,55141.61,,"Centrifugal Slurry Pump Casing Liner, Low-flow metering",OK
125,55,1,100,3.0,259812.96,,"Variable Speed Drive, 75kW",OK
126,55,2,6,6.0,13851.18,,"MCC Contactor, 95A, 3-pole",OK
127,55,3,159,15.0,25523.08,,"Pinch Valve, 80mm (3""), slurry service",OK
128,56,1,26,3.0,203970.03,,"Cone Crusher Mantle, extra-coarse profile",OK
129,56,2,106,10.0,566.67,,"Deep Groove Ball Bearing 6235-2RS, 35mm bore",OK
130,57,1,144,20.0,19332.65,,"TEFC Induction Motor, 7.5kW, 4-pole, IE3",MISSING_SERVICE_CODE
131,57,2,201,18.0,267519.79,,"Cone Crusher Mantle, standard profile",OK
132,57,3,196,6.0,2852.39,,"Impact Idler, 800mm belt width, rubber disc",OK
133,58,1,212,13.0,30856.32,SVC-CAL-01,Cal Service - contracted field technician,OK
134,59,1,216,14.0,10168.53,SVC-INS-02,Ins Service - contracted field technician,OK
135,59,2,209,16.0,31941.25,SVC-INS-01,Ins Service - contracted field technician,OK
136,59,3,218,14.0,42226.03,SVC-REF-01,Ref Service - contracted field technician,OK
137,60,1,80,14.0,3118.61,,"MCC Contactor, 32A, 3-pole",OK
138,60,2,90,19.0,1548.52,,"Conveyor Belt, steel cord, 650mm width",OK
139,60,3,119,4.0,20025.07,,"Tapered Roller Bearing 32017, 17mm bore",OK
140,61,1,9,8.0,325674.9,,"Cone Crusher Concave Ring, standard profile",OK
141,62,1,172,11.0,20622.56,,"Knife Gate Valve, 200mm (8""), rubber lined",OK
142,62,2,32,7.0,32012.08,,"Variable Speed Drive, 45kW",OK
143,63,1,140,5.0,3333.87,,"Gland Packing Set, shaft 25mm, PTFE impregnated",OK
144,64,1,193,16.0,20585.37,,misc parts,VAGUE_DESCRIPTION
145,64,2,176,10.0,1597.03,,"Gland Packing Set, shaft 65mm, PTFE impregnated",OK
146,64,3,18,17.0,27085.72,,"Flotation Cell Impeller, small cell, rubber coated",OK
147,64,4,66,9.0,93750.71,,"Variable Speed Drive, 22kW",OK
148,64,5,163,16.0,94050.79,,"Variable Speed Drive, 55kW",OK
149,64,6,57,9.0,1265.31,,"Conveyor Belt, steel cord, 800mm width",OK
150,64,7,184,12.0,35620.87,,"Diaphragm Dosing Pump Head Assembly, Medium duty",OK
151,65,1,87,9.0,51593.37,,spares as required,VAGUE_DESCRIPTION
152,65,2,37,2.0,57454.1,,"Centrifugal Slurry Pump Impeller, Low-flow metering, hard metal",OK
153,65,3,104,2.0,177551.44,,as discussed,VAGUE_DESCRIPTION
154,66,1,210,17.0,38427.02,SVC-INS-02,Ins Service - contracted field technician,OK
155,66,2,214,8.0,10669.67,SVC-CAL-03,Cal Service - contracted field technician,OK
156,66,3,216,11.0,8863.95,SVC-INS-02,Ins Service - contracted field technician,OK
157,67,1,30,6.0,67785.2,,"Knife Gate Valve, 25mm (1""), rubber lined",OK
158,67,2,144,12.0,20140.39,,"TEFC Induction Motor, 7.5kW, 4-pole, IE3",OK
159,67,3,65,6.0,142850.74,,"TEFC Induction Motor, 15kW, 4-pole, IE3",OK
160,68,1,209,6.0,38262.94,SVC-INS-01,Ins Service - contracted field technician,OK
161,68,2,220,7.0,42371.12,SVC-REF-03,Ref Service - contracted field technician,OK
162,68,3,217,20.0,20666.26,SVC-INS-03,Ins Service - contracted field technician,OK
163,69,1,173,15.0,21469.44,,"Spherical Roller Bearing 22240, 40mm bore",OK
164,69,2,67,6.0,29707.39,,"Variable Speed Drive, 15kW",OK
165,69,3,71,2.0,2011.12,,"Conveyor Belt, steel cord, 1000mm width",OK
166,70,1,79,17.0,66549.59,,"Flotation Cell Stator, small cell",OK
167,70,2,40,8.0,13829.59,,"Motor Drive Coupling, elastomeric, rated for 22kW",OK
168,70,3,44,8.0,153429.12,,"Density Meter, nuclear, 150mm (6"") pipe",OK
169,71,1,31,4.0,14534.51,,"Ball Valve, 25mm (1""), full bore, stainless trim",OK
170,71,2,165,16.0,12267.66,,"Tapered Roller Bearing 32060, 60mm bore",OK
171,72,1,178,14.0,4781.35,,"Butterfly Valve, 25mm (1""), wafer type",OK
172,72,2,42,15.0,6126.17,,"MCC Contactor, 65A, 3-pole",OK
173,72,3,159,15.0,22895.03,,"Pinch Valve, 80mm (3""), slurry service",OK
174,73,1,113,9.0,57869.61,,"Centrifugal Slurry Pump Impeller, Heavy duty slurry, hard metal",OK
175,74,1,187,11.0,19860.27,,"Ball Mill Grinding Media, 40mm, forged steel balls",OK
176,75,1,61,6.0,14060.75,,"Belt Scraper Blade Set, 1000mm width, tungsten tip",OK
177,76,1,74,8.0,52599.81,,"Seal Support System, API Plan 32, shaft 25mm",OK
178,77,1,188,10.0,52516.09,,"Centrifugal Slurry Pump Casing Liner, Low-flow metering",OK
179,78,1,32,2.0,30112.28,,"Variable Speed Drive, 45kW",OK
180,78,2,2,2.0,42982.21,,"Flow Meter, magnetic, 100mm (4"")",OK
181,79,1,95,19.0,5929.87,,"Tapered Roller Bearing 32050, 50mm bore",OK
182,79,2,124,18.0,57308.5,,"Slip Ring Induction Motor, 15kW, 6-pole",MISSING_SERVICE_CODE
183,79,3,195,1.0,24120.45,,items per attached list,VAGUE_DESCRIPTION
184,80,1,91,3.0,183.2,,"Power Cable, XLPE armoured, 4-core 70mm2",OK
185,81,1,215,12.0,31698.21,SVC-INS-01,Ins Service - contracted field technician,OK
186,81,2,216,13.0,9605.17,SVC-INS-02,Ins Service - contracted field technician,OK
187,82,1,212,10.0,29084.3,SVC-CAL-01,Cal Service - contracted field technician,OK
188,82,2,208,15.0,43879.81,SVC-REP-03,Rep Service - contracted field technician,OK
189,83,1,109,15.0,6356.36,,"Troughing Idler Set, 1200mm belt width, 3-roll",OK
190,84,1,142,4.0,64414.65,,"Seal Support System, API Plan 32, shaft 100mm",OK
191,85,1,215,1.0,35413.8,SVC-INS-01,Ins Service - contracted field technician,OK
192,86,1,138,18.0,23805.54,,"Centrifugal Slurry Pump Casing Liner, High-head",OK
193,86,2,88,1.0,22572.19,,"Circuit Breaker, MCCB, 400A",OK
194,86,3,176,5.0,1777.9,,"Gland Packing Set, shaft 65mm, PTFE impregnated",MISSING_SERVICE_CODE
195,87,1,94,12.0,6694.88,,"Pillow Block Bearing Unit UCP230, 30mm shaft",OK
196,87,2,74,12.0,52722.72,,"Seal Support System, API Plan 32, shaft 25mm",OK
197,87,3,32,1.0,29392.1,,"Variable Speed Drive, 45kW",OK
198,88,1,7,18.0,12064.97,,"Ball Valve, 200mm (8""), full bore, stainless trim",OK
199,88,2,166,5.0,109104.97,,"Variable Speed Drive, 7.5kW",OK
200,88,3,4,14.0,4421.39,,"Gland Packing Set, shaft 100mm, PTFE impregnated",OK
201,89,1,43,9.0,19757.58,,"Ball Valve, 150mm (6""), full bore, stainless trim",OK
202,89,2,82,10.0,9656.82,,"Knife Gate Valve, 100mm (4""), rubber lined",OK
203,90,1,110,6.0,3174.26,,"Deep Groove Ball Bearing 6220-2RS, 20mm bore",OK
204,90,2,160,6.0,1114.83,,"Deep Groove Ball Bearing 6290-2RS, 90mm bore",MISSING_SERVICE_CODE
205,90,3,102,2.0,69143.92,,"Centrifugal Slurry Pump Impeller, Light duty, hard metal",OK
206,91,1,158,10.0,22750.03,,"Motor Drive Coupling, elastomeric, rated for 45kW",OK
207,91,2,83,16.0,97611.08,,"SAG Mill Liner Plate, discharge grate, chrome-moly steel",OK
208,91,3,56,5.0,13543.64,,"MCC Contactor, 225A, 3-pole",OK
209,92,1,163,1.0,92626.4,,"Variable Speed Drive, 55kW",MISSING_SERVICE_CODE
210,93,1,208,12.0,39753.49,SVC-REP-03,Rep Service - contracted field technician,OK
211,93,2,216,5.0,9632.62,SVC-INS-02,Ins Service - contracted field technician,OK
212,94,1,138,5.0,25780.98,,"Centrifugal Slurry Pump Casing Liner, High-head",OK
213,94,2,82,17.0,8968.39,,"Knife Gate Valve, 100mm (4""), rubber lined",OK
214,95,1,152,16.0,25791.51,,"Butterfly Valve, 150mm (6""), wafer type",OK
215,95,2,189,19.0,40701.57,,"Flow Meter, magnetic, 40mm (1.5"")",OK
216,95,3,83,4.0,100228.28,,"SAG Mill Liner Plate, discharge grate, chrome-moly steel",OK
217,96,1,201,8.0,262934.47,,"Cone Crusher Mantle, standard profile",OK
218,97,1,111,20.0,1070.37,,items per attached list,VAGUE_DESCRIPTION
219,97,2,27,10.0,1775.32,,"Gland Packing Set, shaft 50mm, PTFE impregnated",OK
220,97,3,150,5.0,1583.93,,"Conveyor Belt, steel cord, 1400mm width",OK
221,98,1,106,18.0,550.58,,"Deep Groove Ball Bearing 6235-2RS, 35mm bore",OK
222,99,1,66,13.0,100585.15,,"Variable Speed Drive, 22kW",OK
223,100,1,42,10.0,5303.09,,"MCC Contactor, 65A, 3-pole",OK
224,100,2,164,13.0,25369.4,,"Ball Mill Grinding Media, 60mm, forged steel balls",OK
225,100,3,168,1.0,8030.38,,"Circuit Breaker, MCCB, 1000A",OK
226,101,1,134,14.0,44378.03,,"Pinch Valve, 50mm (2""), slurry service",OK
227,101,2,11,15.0,129824.6,,"Slip Ring Induction Motor, 110kW, 6-pole",OK
228,101,3,14,13.0,20178.99,,"Motor Drive Coupling, elastomeric, rated for 30kW",OK
229,102,1,204,9.0,173525.11,,"Slip Ring Induction Motor, 22kW, 6-pole",OK
230,102,2,142,5.0,63748.4,,"Seal Support System, API Plan 32, shaft 100mm",OK
231,102,3,126,15.0,4731.61,,"Gland Packing Set, shaft 80mm, PTFE impregnated",OK
232,103,1,50,17.0,8988.32,,"Butterfly Valve, 80mm (3""), wafer type",OK
233,104,1,85,7.0,425684.15,,items per attached list,VAGUE_DESCRIPTION
234,105,1,208,18.0,39986.05,SVC-REP-03,Rep Service - contracted field technician,OK
235,105,2,215,12.0,36868.3,SVC-INS-01,Ins Service - contracted field technician,OK
236,105,3,216,11.0,9578.81,SVC-INS-02,items per attached list,VAGUE_DESCRIPTION
237,106,1,157,5.0,75994.65,,"TEFC Induction Motor, 55kW, 4-pole, IE3",OK
238,106,2,156,1.0,267897.54,,spares as required,VAGUE_DESCRIPTION
239,106,3,92,15.0,28258.09,,"Pinch Valve, 40mm (1.5""), slurry service",OK
240,107,1,190,20.0,114464.57,,items per attached list,VAGUE_DESCRIPTION
241,108,1,216,7.0,9992.1,SVC-INS-02,Ins Service - contracted field technician,OK
242,108,2,206,19.0,36084.46,SVC-REP-01,Rep Service - contracted field technician,OK
243,108,3,210,17.0,44338.91,SVC-INS-02,Ins Service - contracted field technician,OK
244,109,1,15,11.0,109061.33,,"Jaw Crusher Fixed Jaw Plate, standard, manganese steel",OK
245,109,2,194,5.0,88301.22,,"Flow Meter, magnetic, 25mm (1"")",OK
246,110,1,7,15.0,11024.63,,"Ball Valve, 200mm (8""), full bore, stainless trim",OK
247,110,2,205,8.0,79036.56,,"Centrifugal Slurry Pump Casing Liner, Light duty",OK
248,111,1,115,16.0,26746.66,,"Ball Mill Grinding Media, 100mm, forged steel balls",OK
249,111,2,154,6.0,2564.22,,"Motor Drive Coupling, elastomeric, rated for 55kW",OK
250,111,3,125,9.0,10487.54,,"Level Transmitter, ultrasonic, 0-10m range",OK
251,112,1,219,14.0,31611.52,SVC-REF-02,Ref Service - contracted field technician,OK
252,112,2,208,20.0,47027.89,,Rep Service - contracted field technician,MISSING_SERVICE_CODE
253,112,3,220,16.0,42066.23,SVC-REF-03,Ref Service - contracted field technician,OK
254,113,1,120,9.0,153312.71,,"Density Meter, nuclear, 50mm (2"") pipe",OK
255,113,2,65,10.0,136595.1,,"TEFC Induction Motor, 15kW, 4-pole, IE3",OK
256,113,3,18,3.0,25957.87,,"Flotation Cell Impeller, small cell, rubber coated",OK
257,114,1,208,3.0,44687.97,SVC-REP-03,Rep Service - contracted field technician,OK
258,114,2,220,14.0,41448.37,SVC-REF-03,Ref Service - contracted field technician,OK
259,115,1,87,11.0,62502.27,,"Flotation Cell Impeller, tank cell, rubber coated",OK
260,115,2,71,18.0,2256.57,,"Conveyor Belt, steel cord, 1000mm width",OK
261,115,3,8,19.0,15543.32,,"Ball Valve, 40mm (1.5""), full bore, stainless trim",OK
262,116,1,136,7.0,6337.75,,"Troughing Idler Set, 800mm belt width, 3-roll",OK
263,117,1,211,17.0,29923.69,SVC-INS-03,Ins Service - contracted field technician,OK
264,117,2,218,3.0,42034.77,SVC-REF-01,Ref Service - contracted field technician,OK
265,118,1,176,17.0,1897.36,,"Gland Packing Set, shaft 65mm, PTFE impregnated",OK
266,119,1,119,13.0,16547.9,,"Tapered Roller Bearing 32017, 17mm bore",OK
267,119,2,3,7.0,219709.18,,"Variable Speed Drive, 11kW",OK
268,119,3,10,3.0,13424.54,,"Froth Paddle Assembly, large cell",OK
269,119,4,98,17.0,33697.58,,"Level Transmitter, ultrasonic, 0-15m range",OK
270,119,5,163,1.0,97385.97,,"Variable Speed Drive, 55kW",OK
271,120,1,82,2.0,8722.89,,"Knife Gate Valve, 100mm (4""), rubber lined",OK
272,121,1,135,19.0,40269.4,,"Level Transmitter, ultrasonic, 0-20m range",OK
273,121,2,2,7.0,46795.85,,"Flow Meter, magnetic, 100mm (4"")",OK
274,122,1,26,4.0,199769.18,,"Cone Crusher Mantle, extra-coarse profile",MISSING_SERVICE_CODE
275,122,2,73,11.0,38056.0,,"Flotation Cell Impeller, medium cell, rubber coated",OK
276,123,1,139,1.0,3761.25,,"Tapered Roller Bearing 32075, 75mm bore",OK
277,123,2,87,1.0,57801.29,,"Flotation Cell Impeller, tank cell, rubber coated",OK
278,124,1,144,4.0,21170.36,,"TEFC Induction Motor, 7.5kW, 4-pole, IE3",OK
279,125,1,69,10.0,1593.74,,"Deep Groove Ball Bearing 6230-2RS, 30mm bore",OK
280,126,1,213,16.0,29214.28,SVC-CAL-02,Cal Service - contracted field technician,OK
281,127,1,187,11.0,23124.38,,"Ball Mill Grinding Media, 40mm, forged steel balls",OK
282,128,1,156,12.0,298460.92,,"Slip Ring Induction Motor, 30kW, 6-pole",OK
283,128,2,77,12.0,140340.95,,"TEFC Induction Motor, 90kW, 4-pole, IE3",OK
284,128,3,54,7.0,2693.22,,"Deep Groove Ball Bearing 6275-2RS, 75mm bore",OK
285,129,1,213,16.0,31532.77,SVC-CAL-02,Cal Service - contracted field technician,OK
286,130,1,22,4.0,23413.48,,"Ball Mill Grinding Media, 80mm, forged steel balls",OK
287,130,2,136,6.0,5229.06,,"Troughing Idler Set, 800mm belt width, 3-roll",OK
288,130,3,40,10.0,16510.64,,"Motor Drive Coupling, elastomeric, rated for 22kW",OK
289,130,4,185,16.0,563.17,,"Power Cable, XLPE armoured, 4-core 35mm2",OK
290,130,5,170,7.0,10932.61,,"Spherical Roller Bearing 22220, 20mm bore",OK
291,131,1,133,10.0,126485.85,,"TEFC Induction Motor, 11kW, 4-pole, IE3",OK
292,132,1,186,19.0,70791.12,,"SAG Mill Liner Plate, lifter bar, chrome-moly steel",OK
293,133,1,13,11.0,105149.91,,"Vertical Sump Pump Shaft Assembly, Heavy duty slurry",OK
294,133,2,151,20.0,47915.72,,"Mechanical Seal, shaft 38mm, tungsten carbide faces",OK
295,133,3,180,14.0,11684.81,,items per attached list,VAGUE_DESCRIPTION
296,134,1,182,8.0,1672.6,,"Impact Idler, 1600mm belt width, rubber disc",OK
297,134,2,100,6.0,252375.69,,"Variable Speed Drive, 75kW",OK
298,135,1,217,14.0,25201.27,SVC-INS-03,Ins Service - contracted field technician,OK
299,135,2,218,4.0,41046.97,SVC-REF-01,Ref Service - contracted field technician,OK
300,135,3,215,17.0,34305.47,SVC-INS-01,Ins Service - contracted field technician,OK
301,136,1,52,3.0,60655.38,,"Jaw Crusher Fixed Jaw Plate, high-manganese, manganese steel",OK
302,137,1,159,16.0,25432.1,,"Pinch Valve, 80mm (3""), slurry service",OK
303,138,1,171,16.0,12828.93,,"Motor Drive Coupling, elastomeric, rated for 11kW",OK
304,139,1,90,16.0,1315.42,,"Conveyor Belt, steel cord, 650mm width",OK
305,139,2,3,18.0,217397.51,,"Variable Speed Drive, 11kW",OK
306,140,1,107,6.0,55106.03,,"Knife Gate Valve, 150mm (6""), rubber lined",OK
307,140,2,87,8.0,53499.06,,"Flotation Cell Impeller, tank cell, rubber coated",OK
308,141,1,126,18.0,4469.92,,"Gland Packing Set, shaft 80mm, PTFE impregnated",OK
309,142,1,5,10.0,89771.63,,"Flow Meter, magnetic, 150mm (6"")",OK
310,142,2,101,19.0,2411.03,,"Conveyor Belt, steel cord, 1200mm width",OK
311,142,3,204,4.0,170652.31,,misc parts,VAGUE_DESCRIPTION
312,143,1,179,18.0,101938.47,,"Jaw Crusher Fixed Jaw Plate, corrugated, manganese steel",OK
313,143,2,143,13.0,12540.47,,"MCC Contactor, 150A, 3-pole",OK
314,144,1,7,15.0,9795.5,,"Ball Valve, 200mm (8""), full bore, stainless trim",MISSING_SERVICE_CODE
315,144,2,60,15.0,14858.11,,"Circuit Breaker, MCCB, 630A",OK
316,145,1,40,10.0,14871.41,,"Motor Drive Coupling, elastomeric, rated for 22kW",MISSING_SERVICE_CODE
317,146,1,208,14.0,41746.28,SVC-REP-03,Rep Service - contracted field technician,OK
318,146,2,218,4.0,47023.49,SVC-REF-01,Ref Service - contracted field technician,OK
319,147,1,82,17.0,8998.96,,"Knife Gate Valve, 100mm (4""), rubber lined",OK
320,148,1,30,17.0,72167.78,,"Knife Gate Valve, 25mm (1""), rubber lined",OK
321,149,1,72,4.0,88001.92,,"Vertical Sump Pump Shaft Assembly, High-head",OK
322,149,2,133,17.0,136851.47,,"TEFC Induction Motor, 11kW, 4-pole, IE3",OK
323,150,1,93,14.0,35112.87,,"Pinch Valve, 150mm (6""), slurry service",OK
324,151,1,150,10.0,1425.11,,"Conveyor Belt, steel cord, 1400mm width",OK
325,151,2,200,20.0,16354.64,,"Froth Paddle Assembly, small cell",OK
326,151,3,8,16.0,16048.25,,"Ball Valve, 40mm (1.5""), full bore, stainless trim",MISSING_SERVICE_CODE
327,152,1,11,15.0,153398.6,,"Slip Ring Induction Motor, 110kW, 6-pole",OK
328,152,2,113,1.0,68016.35,,"Centrifugal Slurry Pump Impeller, Heavy duty slurry, hard metal",OK
329,153,1,115,20.0,26235.49,,"Ball Mill Grinding Media, 100mm, forged steel balls",OK
330,153,2,76,8.0,21237.88,,"Butterfly Valve, 40mm (1.5""), wafer type",OK
331,153,3,57,17.0,1216.6,,"Conveyor Belt, steel cord, 800mm width",OK
332,154,1,102,10.0,60467.33,,"Centrifugal Slurry Pump Impeller, Light duty, hard metal",OK
333,155,1,111,17.0,907.69,,"Tapered Roller Bearing 32040, 40mm bore",OK
334,156,1,218,3.0,40946.83,SVC-REF-01,Ref Service - contracted field technician,OK
335,156,2,208,7.0,44523.28,SVC-REP-03,Rep Service - contracted field technician,OK
336,157,1,124,2.0,61944.91,,"Slip Ring Induction Motor, 15kW, 6-pole",OK
337,158,1,25,17.0,1969.27,,"Conveyor Belt, steel cord, 1600mm width",OK
338,158,2,42,7.0,5316.95,,"MCC Contactor, 65A, 3-pole",OK
339,159,1,90,7.0,1409.63,,"Conveyor Belt, steel cord, 650mm width",OK
340,159,2,99,9.0,94596.28,,"Cone Crusher Mantle, coarse profile",OK
341,159,3,73,20.0,34200.45,,"Flotation Cell Impeller, medium cell, rubber coated",OK
342,160,1,208,10.0,40668.61,SVC-REP-03,Rep Service - contracted field technician,OK
343,161,1,214,19.0,9646.51,SVC-CAL-03,Cal Service - contracted field technician,OK
344,162,1,11,5.0,143274.3,,"Slip Ring Induction Motor, 110kW, 6-pole",OK
345,163,1,38,3.0,61875.28,,"Mechanical Seal, shaft 50mm, tungsten carbide faces",OK
346,163,2,159,8.0,23742.12,,"Pinch Valve, 80mm (3""), slurry service",OK
347,164,1,81,19.0,53592.69,,"Seal Support System, API Plan 32, shaft 50mm",OK
348,164,2,85,7.0,446105.58,,"Cone Crusher Mantle, fine profile",OK
349,165,1,128,5.0,24009.4,,"Spherical Roller Bearing 22290, 90mm bore",OK
350,165,2,36,18.0,101553.03,,"SAG Mill Liner Plate, head, chrome-moly steel",OK
351,166,1,80,15.0,3158.91,,"MCC Contactor, 32A, 3-pole",OK
352,167,1,214,4.0,9222.98,SVC-CAL-03,Cal Service - contracted field technician,OK
353,167,2,216,19.0,10121.18,SVC-INS-02,Ins Service - contracted field technician,OK
354,168,1,34,11.0,35256.32,,"Knife Gate Valve, 40mm (1.5""), rubber lined",OK
355,168,2,116,10.0,155861.8,,"Slip Ring Induction Motor, 55kW, 6-pole",OK
356,169,1,199,3.0,1608.88,,"Impact Idler, 1000mm belt width, rubber disc",OK
357,169,2,58,16.0,75048.53,,"Pinch Valve, 100mm (4""), slurry service",OK
358,169,3,72,17.0,83868.93,,"Vertical Sump Pump Shaft Assembly, High-head",OK
359,170,1,32,3.0,31239.66,,"Variable Speed Drive, 45kW",OK
360,170,2,49,8.0,80002.21,,spares as required,VAGUE_DESCRIPTION
361,170,3,135,12.0,34581.0,,"Level Transmitter, ultrasonic, 0-20m range",OK
362,171,1,220,16.0,44663.87,SVC-REF-03,Ref Service - contracted field technician,OK
363,172,1,8,5.0,17120.42,,"Ball Valve, 40mm (1.5""), full bore, stainless trim",OK
364,173,1,141,20.0,17938.12,,"Tapered Roller Bearing 32020, 20mm bore",OK
365,173,2,39,6.0,18579.38,,spares as required,VAGUE_DESCRIPTION
366,173,3,195,15.0,22026.49,,"Froth Paddle Assembly, tank cell",OK
367,174,1,47,19.0,4514.23,,"Pillow Block Bearing Unit UCP220, 20mm shaft",OK
368,175,1,173,15.0,21946.72,,"Spherical Roller Bearing 22240, 40mm bore",OK
369,175,2,17,7.0,6537.06,,"Belt Scraper Blade Set, 1400mm width, tungsten tip",OK
370,175,3,44,16.0,165793.43,,"Density Meter, nuclear, 150mm (6"") pipe",OK
371,176,1,215,19.0,32791.64,SVC-INS-01,Ins Service - contracted field technician,OK
372,176,2,217,17.0,24966.42,SVC-INS-03,Ins Service - contracted field technician,OK
373,177,1,148,12.0,248441.07,,"Cone Crusher Concave Ring, coarse profile",OK
374,177,2,166,19.0,97544.58,,"Variable Speed Drive, 7.5kW",OK
375,177,3,181,3.0,41372.1,,"Seal Support System, API Plan 32, shaft 65mm",OK
376,178,1,190,9.0,115237.79,,"Mill Trunnion Bearing Liner, feed end",OK
377,178,2,122,20.0,2364.15,,"Deep Groove Ball Bearing 6240-2RS, 40mm bore",OK
378,178,3,87,18.0,61425.07,,"Flotation Cell Impeller, tank cell, rubber coated",OK
379,178,4,143,5.0,12522.63,,"MCC Contactor, 150A, 3-pole",OK
380,178,5,125,12.0,11886.31,,"Level Transmitter, ultrasonic, 0-10m range",OK
381,179,1,220,4.0,36181.03,SVC-REF-03,Ref Service - contracted field technician,OK
382,179,2,211,1.0,26123.42,SVC-INS-03,Ins Service - contracted field technician,OK
383,179,3,218,19.0,47414.77,SVC-REF-01,Ref Service - contracted field technician,OK
384,180,1,209,12.0,38258.55,SVC-INS-01,Ins Service - contracted field technician,OK
385,180,2,208,18.0,41372.94,SVC-REP-03,Rep Service - contracted field technician,OK
386,180,3,207,15.0,43889.55,SVC-REP-02,Rep Service - contracted field technician,OK
387,181,1,211,15.0,24774.43,SVC-INS-03,Ins Service - contracted field technician,OK
388,181,2,220,16.0,44274.26,,Ref Service - contracted field technician,MISSING_SERVICE_CODE
389,182,1,171,13.0,11201.61,,"Motor Drive Coupling, elastomeric, rated for 11kW",OK
390,182,2,192,4.0,9801.48,,"Pillow Block Bearing Unit UCP217, 17mm shaft",OK
391,183,1,210,14.0,38553.74,SVC-INS-02,Ins Service - contracted field technician,OK
392,183,2,212,4.0,32254.02,SVC-CAL-01,misc parts,VAGUE_DESCRIPTION
393,183,3,209,14.0,31073.33,SVC-INS-01,Ins Service - contracted field technician,OK
394,183,4,215,10.0,33778.89,,Ins Service - contracted field technician,MISSING_SERVICE_CODE
395,183,5,212,4.0,35654.65,SVC-CAL-01,Cal Service - contracted field technician,OK
396,183,6,211,20.0,28509.09,,Ins Service - contracted field technician,MISSING_SERVICE_CODE
397,183,7,213,14.0,31365.55,SVC-CAL-02,Cal Service - contracted field technician,OK
398,183,8,213,8.0,27105.7,SVC-CAL-02,Cal Service - contracted field technician,OK
399,183,9,211,11.0,28139.71,SVC-INS-03,Ins Service - contracted field technician,OK
400,184,1,35,4.0,3227.28,,"Impact Idler, 1400mm belt width, rubber disc",OK
401,184,2,25,10.0,2032.26,,"Conveyor Belt, steel cord, 1600mm width",OK
402,185,1,207,18.0,50202.59,SVC-REP-02,Rep Service - contracted field technician,OK
403,185,2,209,16.0,34432.52,SVC-INS-01,Ins Service - contracted field technician,OK
404,186,1,104,5.0,172558.79,,"Centrifugal Slurry Pump Impeller, High-head, hard metal",MISSING_SERVICE_CODE
405,187,1,71,17.0,2155.77,,"Conveyor Belt, steel cord, 1000mm width",OK
406,188,1,157,20.0,65969.09,,"TEFC Induction Motor, 55kW, 4-pole, IE3",OK
407,188,2,62,20.0,3595.95,,"Troughing Idler Set, 1400mm belt width, 3-roll",OK
408,189,1,108,15.0,33345.81,,"Spherical Roller Bearing 22235, 35mm bore",OK
409,189,2,8,11.0,15497.94,,"Ball Valve, 40mm (1.5""), full bore, stainless trim",OK
410,189,3,6,4.0,14449.31,,"MCC Contactor, 95A, 3-pole",OK
411,190,1,55,15.0,237.96,,"Power Cable, XLPE armoured, 4-core 16mm2",OK
412,190,2,19,3.0,109486.08,,"Density Meter, nuclear, 25mm (1"") pipe",OK
413,190,3,134,8.0,41813.95,,"Pinch Valve, 50mm (2""), slurry service",OK
414,190,4,32,8.0,26411.81,,"Variable Speed Drive, 45kW",OK
415,190,5,184,19.0,32282.09,,"Diaphragm Dosing Pump Head Assembly, Medium duty",OK
416,190,6,115,13.0,22632.77,,"Ball Mill Grinding Media, 100mm, forged steel balls",OK
417,190,7,100,11.0,287082.39,,items per attached list,VAGUE_DESCRIPTION
418,190,8,72,10.0,91900.4,,"Vertical Sump Pump Shaft Assembly, High-head",OK
419,190,9,145,14.0,33675.93,,"Vertical Sump Pump Shaft Assembly, Medium duty",OK
420,191,1,65,8.0,149987.37,,"TEFC Induction Motor, 15kW, 4-pole, IE3",OK
421,191,2,34,19.0,34291.67,,misc parts,VAGUE_DESCRIPTION
422,192,1,38,19.0,61311.87,,"Mechanical Seal, shaft 50mm, tungsten carbide faces",OK
423,192,2,85,2.0,450256.99,,"Cone Crusher Mantle, fine profile",OK
424,192,3,31,1.0,16787.84,,"Ball Valve, 25mm (1""), full bore, stainless trim",MISSING_SERVICE_CODE
425,193,1,132,14.0,24065.67,,"Diaphragm Dosing Pump Head Assembly, High-head",OK
426,193,2,81,12.0,53543.49,,"Seal Support System, API Plan 32, shaft 50mm",OK
427,194,1,13,13.0,96084.92,,"Vertical Sump Pump Shaft Assembly, Heavy duty slurry",OK
428,194,2,195,11.0,19359.62,,"Froth Paddle Assembly, tank cell",OK
429,194,3,25,5.0,2262.45,,"Conveyor Belt, steel cord, 1600mm width",OK
430,195,1,131,17.0,15931.63,,"Butterfly Valve, 50mm (2""), wafer type",OK
431,195,2,46,5.0,194508.12,,"Cone Crusher Concave Ring, fine profile",OK
432,196,1,25,17.0,2127.45,,"Conveyor Belt, steel cord, 1600mm width",OK
433,197,1,3,4.0,215613.66,,"Variable Speed Drive, 11kW",OK
434,197,2,113,15.0,60088.81,,"Centrifugal Slurry Pump Impeller, Heavy duty slurry, hard metal",OK
435,198,1,79,19.0,56688.05,,"Flotation Cell Stator, small cell",OK
436,198,2,72,9.0,92172.08,,"Vertical Sump Pump Shaft Assembly, High-head",OK
437,198,3,176,12.0,1677.27,,"Gland Packing Set, shaft 65mm, PTFE impregnated",OK
438,199,1,140,13.0,3003.99,,"Gland Packing Set, shaft 25mm, PTFE impregnated",OK
439,199,2,201,15.0,224736.46,,spares as required,VAGUE_DESCRIPTION
440,200,1,194,17.0,75126.31,,"Flow Meter, magnetic, 25mm (1"")",OK
441,201,1,212,18.0,30258.47,SVC-CAL-01,Cal Service - contracted field technician,OK
442,201,2,215,14.0,35737.9,SVC-INS-01,Ins Service - contracted field technician,OK
443,202,1,21,5.0,3859.85,,items per attached list,VAGUE_DESCRIPTION
444,202,2,203,4.0,113420.04,,"Density Meter, nuclear, 100mm (4"") pipe",OK
445,203,1,217,14.0,22595.84,SVC-INS-03,Ins Service - contracted field technician,OK
446,204,1,53,7.0,2536.74,,"Gland Packing Set, shaft 38mm, PTFE impregnated",OK
447,205,1,209,13.0,33524.58,SVC-INS-01,Ins Service - contracted field technician,OK
448,205,2,211,16.0,30243.26,SVC-INS-03,Ins Service - contracted field technician,OK
449,206,1,58,13.0,68515.72,,"Pinch Valve, 100mm (4""), slurry service",OK
450,207,1,51,18.0,164261.37,,"Mill Trunnion Bearing Liner, discharge end",OK
451,208,1,192,18.0,10922.66,,"Pillow Block Bearing Unit UCP217, 17mm shaft",OK
452,208,2,10,4.0,13397.51,,"Froth Paddle Assembly, large cell",OK
453,209,1,211,3.0,29532.69,SVC-INS-03,Ins Service - contracted field technician,OK
454,209,2,215,7.0,37846.33,SVC-INS-01,Ins Service - contracted field technician,OK
455,209,3,211,14.0,28812.77,SVC-INS-03,Ins Service - contracted field technician,OK
456,210,1,146,3.0,3094.2,,"Deep Groove Ball Bearing 6260-2RS, 60mm bore",OK
457,211,1,171,8.0,11334.42,,"Motor Drive Coupling, elastomeric, rated for 11kW",OK
458,212,1,24,4.0,83426.45,,misc parts,VAGUE_DESCRIPTION
459,213,1,117,10.0,38286.4,,"Spherical Roller Bearing 22275, 75mm bore",OK
460,213,2,46,11.0,192403.9,,"Cone Crusher Concave Ring, fine profile",OK
461,213,3,42,6.0,5444.76,,"MCC Contactor, 65A, 3-pole",OK
462,213,4,188,18.0,54520.38,,"Centrifugal Slurry Pump Casing Liner, Low-flow metering",OK
463,213,5,198,4.0,9065.09,,"Knife Gate Valve, 80mm (3""), rubber lined",OK
464,213,6,123,12.0,23729.99,,"Motor Drive Coupling, elastomeric, rated for 15kW",OK
465,213,7,143,14.0,13366.54,,"MCC Contactor, 150A, 3-pole",OK
466,213,8,163,16.0,109836.4,,"Variable Speed Drive, 55kW",OK
467,214,1,49,17.0,75652.3,,"Vertical Sump Pump Shaft Assembly, Light duty",OK
468,214,2,37,7.0,64732.48,,"Centrifugal Slurry Pump Impeller, Low-flow metering, hard metal",OK
469,215,1,111,1.0,933.33,,"Tapered Roller Bearing 32040, 40mm bore",MISSING_SERVICE_CODE
470,216,1,83,9.0,104745.32,,"SAG Mill Liner Plate, discharge grate, chrome-moly steel",OK
471,216,2,153,16.0,213693.06,,"Density Meter, nuclear, 40mm (1.5"") pipe",OK
472,216,3,68,7.0,4995.11,,"Troughing Idler Set, 650mm belt width, 3-roll",OK
473,216,4,195,8.0,22799.55,,"Froth Paddle Assembly, tank cell",OK
474,216,5,98,4.0,30585.23,,"Level Transmitter, ultrasonic, 0-15m range",OK
475,216,6,52,20.0,55587.4,,"Jaw Crusher Fixed Jaw Plate, high-manganese, manganese steel",OK
476,216,7,49,16.0,87033.81,,"Vertical Sump Pump Shaft Assembly, Light duty",OK
477,216,8,136,10.0,6157.39,,"Troughing Idler Set, 800mm belt width, 3-roll",OK
478,216,9,77,15.0,155153.73,,"TEFC Induction Motor, 90kW, 4-pole, IE3",OK
479,216,10,121,17.0,37197.03,,items per attached list,VAGUE_DESCRIPTION
480,216,11,51,2.0,162807.12,,"Mill Trunnion Bearing Liner, discharge end",OK
481,217,1,51,3.0,148915.32,,"Mill Trunnion Bearing Liner, discharge end",OK
482,217,2,103,19.0,49053.74,,"Diaphragm Dosing Pump Head Assembly, Light duty",OK
483,218,1,80,12.0,3247.1,,"MCC Contactor, 32A, 3-pole",OK
484,219,1,50,15.0,8747.47,,"Butterfly Valve, 80mm (3""), wafer type",OK
485,219,2,66,6.0,92556.37,,"Variable Speed Drive, 22kW",OK
486,219,3,121,9.0,37300.88,,"Circuit Breaker, MCCB, 250A",OK
487,220,1,38,16.0,61547.95,,"Mechanical Seal, shaft 50mm, tungsten carbide faces",OK
488,221,1,64,16.0,1356.67,,"Deep Groove Ball Bearing 6225-2RS, 25mm bore",OK
489,221,2,42,18.0,5598.21,,"MCC Contactor, 65A, 3-pole",OK
490,222,1,210,20.0,37005.1,SVC-INS-02,Ins Service - contracted field technician,OK
491,222,2,210,6.0,42572.54,SVC-INS-02,spares as required,VAGUE_DESCRIPTION
492,222,3,215,8.0,37829.07,SVC-INS-01,Ins Service - contracted field technician,OK
493,223,1,199,19.0,1551.06,,"Impact Idler, 1000mm belt width, rubber disc",OK
494,224,1,41,10.0,244109.8,,"Variable Speed Drive, 110kW",OK
495,224,2,107,4.0,58129.05,,"Knife Gate Valve, 150mm (6""), rubber lined",OK
496,225,1,58,15.0,71251.49,,"Pinch Valve, 100mm (4""), slurry service",OK
497,226,1,187,4.0,19318.29,,"Ball Mill Grinding Media, 40mm, forged steel balls",OK
498,227,1,17,2.0,7031.72,,"Belt Scraper Blade Set, 1400mm width, tungsten tip",OK
499,227,2,6,13.0,13339.59,,"MCC Contactor, 95A, 3-pole",OK
500,228,1,218,1.0,44329.92,SVC-REF-01,Ref Service - contracted field technician,OK
501,229,1,187,2.0,22185.12,,"Ball Mill Grinding Media, 40mm, forged steel balls",OK
502,229,2,117,4.0,33407.57,,"Spherical Roller Bearing 22275, 75mm bore",OK
503,230,1,63,6.0,127476.52,,"TEFC Induction Motor, 30kW, 4-pole, IE3",OK
504,230,2,135,8.0,40696.7,,"Level Transmitter, ultrasonic, 0-20m range",OK
505,231,1,43,5.0,19686.65,,"Ball Valve, 150mm (6""), full bore, stainless trim",OK
506,232,1,35,18.0,2789.08,,"Impact Idler, 1400mm belt width, rubber disc",OK
507,232,2,119,17.0,16733.39,,"Tapered Roller Bearing 32017, 17mm bore",OK
508,233,1,58,3.0,68057.31,,"Pinch Valve, 100mm (4""), slurry service",OK
509,233,2,76,1.0,19735.46,,"Butterfly Valve, 40mm (1.5""), wafer type",OK
510,233,3,3,18.0,261266.64,,"Variable Speed Drive, 11kW",OK
511,234,1,140,13.0,3390.09,,"Gland Packing Set, shaft 25mm, PTFE impregnated",OK
512,235,1,211,5.0,26382.31,SVC-INS-03,Ins Service - contracted field technician,OK
513,235,2,208,18.0,41107.52,SVC-REP-03,Rep Service - contracted field technician,OK
514,235,3,219,5.0,31831.2,SVC-REF-02,Ref Service - contracted field technician,OK
515,236,1,198,1.0,7970.38,,"Knife Gate Valve, 80mm (3""), rubber lined",OK
516,236,2,30,18.0,71496.45,,"Knife Gate Valve, 25mm (1""), rubber lined",OK
517,237,1,58,2.0,67671.37,,"Pinch Valve, 100mm (4""), slurry service",OK
518,238,1,208,14.0,42169.29,SVC-REP-03,Rep Service - contracted field technician,OK
519,238,2,208,1.0,39798.72,SVC-REP-03,Rep Service - contracted field technician,OK
520,238,3,215,3.0,33643.48,SVC-INS-01,Ins Service - contracted field technician,OK
521,238,4,217,12.0,24661.67,SVC-INS-03,Ins Service - contracted field technician,OK
522,238,5,211,12.0,28459.72,SVC-INS-03,Ins Service - contracted field technician,OK
523,238,6,212,8.0,29383.51,SVC-CAL-01,Cal Service - contracted field technician,OK
524,238,7,213,5.0,26425.81,SVC-CAL-02,Cal Service - contracted field technician,OK
525,238,8,212,12.0,29800.09,SVC-CAL-01,Cal Service - contracted field technician,OK
526,238,9,217,12.0,20822.3,SVC-INS-03,Ins Service - contracted field technician,OK
527,238,10,211,14.0,26170.62,SVC-INS-03,Ins Service - contracted field technician,OK
528,239,1,51,7.0,163766.39,,"Mill Trunnion Bearing Liner, discharge end",OK
529,240,1,82,2.0,9040.13,,"Knife Gate Valve, 100mm (4""), rubber lined",OK
530,241,1,169,3.0,129043.23,,"TEFC Induction Motor, 45kW, 4-pole, IE3",OK
531,241,2,54,19.0,2459.89,,"Deep Groove Ball Bearing 6275-2RS, 75mm bore",OK
532,241,3,141,5.0,17362.72,,"Tapered Roller Bearing 32020, 20mm bore",OK
533,242,1,129,12.0,133324.03,,"Slip Ring Induction Motor, 11kW, 6-pole",OK
534,242,2,152,11.0,24447.03,,"Butterfly Valve, 150mm (6""), wafer type",MISSING_SERVICE_CODE
535,242,3,101,4.0,2369.13,,"Conveyor Belt, steel cord, 1200mm width",OK
536,243,1,69,18.0,1839.94,,"Deep Groove Ball Bearing 6230-2RS, 30mm bore",OK
537,243,2,128,1.0,25205.61,,"Spherical Roller Bearing 22290, 90mm bore",OK
538,244,1,39,13.0,18472.88,,"Spherical Roller Bearing 22230, 30mm bore",OK
539,245,1,190,16.0,113149.66,,"Mill Trunnion Bearing Liner, feed end",OK
540,246,1,219,13.0,36046.86,SVC-REF-02,Ref Service - contracted field technician,OK
541,247,1,7,3.0,10582.2,,"Ball Valve, 200mm (8""), full bore, stainless trim",OK
542,247,2,60,13.0,16329.72,,"Circuit Breaker, MCCB, 630A",OK
543,248,1,121,16.0,40122.68,,"Circuit Breaker, MCCB, 250A",OK
544,248,2,168,13.0,7846.23,,"Circuit Breaker, MCCB, 1000A",OK
545,248,3,38,8.0,58425.63,,"Mechanical Seal, shaft 50mm, tungsten carbide faces",OK
546,249,1,15,18.0,104228.57,,"Jaw Crusher Fixed Jaw Plate, standard, manganese steel",OK
547,250,1,159,6.0,24456.95,,"Pinch Valve, 80mm (3""), slurry service",OK
548,250,2,124,4.0,55857.49,,"Slip Ring Induction Motor, 15kW, 6-pole",OK
549,250,3,181,14.0,39752.37,,"Seal Support System, API Plan 32, shaft 65mm",OK
550,251,1,40,15.0,15485.63,,"Motor Drive Coupling, elastomeric, rated for 22kW",OK
551,252,1,159,5.0,21653.52,,"Pinch Valve, 80mm (3""), slurry service",OK
552,252,2,135,6.0,39093.09,,"Level Transmitter, ultrasonic, 0-20m range",OK
553,252,3,199,3.0,1515.19,,"Impact Idler, 1000mm belt width, rubber disc",OK
554,253,1,140,17.0,3509.61,,"Gland Packing Set, shaft 25mm, PTFE impregnated",OK
555,253,2,56,7.0,12908.01,,"MCC Contactor, 225A, 3-pole",OK
556,254,1,118,3.0,27067.7,,"Spherical Roller Bearing 22217, 17mm bore",OK
557,255,1,1,3.0,118763.7,,"Density Meter, nuclear, 200mm (8"") pipe",OK
558,255,2,172,9.0,21080.33,,"Knife Gate Valve, 200mm (8""), rubber lined",OK
559,255,3,15,11.0,90241.27,,"Jaw Crusher Fixed Jaw Plate, standard, manganese steel",OK
560,256,1,212,12.0,35666.4,SVC-CAL-01,Cal Service - contracted field technician,OK
561,257,1,93,18.0,33114.56,,"Pinch Valve, 150mm (6""), slurry service",OK
562,257,2,81,6.0,45246.1,,"Seal Support System, API Plan 32, shaft 50mm",MISSING_SERVICE_CODE
563,258,1,208,11.0,38788.1,SVC-REP-03,Rep Service - contracted field technician,OK
564,259,1,180,13.0,11803.43,,"Pressure Transmitter, 0-40 bar range, 4-20mA",OK
565,260,1,144,12.0,21879.57,,"TEFC Induction Motor, 7.5kW, 4-pole, IE3",OK
566,261,1,164,9.0,22753.99,,"Ball Mill Grinding Media, 60mm, forged steel balls",OK
567,262,1,218,7.0,45357.71,SVC-REF-01,Ref Service - contracted field technician,OK
568,262,2,217,3.0,22261.03,SVC-INS-03,Ins Service - contracted field technician,OK
569,263,1,162,12.0,941.45,,"Pillow Block Bearing Unit UCP290, 90mm shaft",OK
570,264,1,28,11.0,46489.2,,"Variable Speed Drive, 30kW",OK
571,265,1,41,16.0,277066.08,,"Variable Speed Drive, 110kW",OK
572,265,2,93,16.0,35240.15,,"Pinch Valve, 150mm (6""), slurry service",OK
573,266,1,17,16.0,6697.51,,items per attached list,VAGUE_DESCRIPTION
574,266,2,89,15.0,7813.14,,"Pillow Block Bearing Unit UCP250, 50mm shaft",OK
575,266,3,132,6.0,24753.34,,"Diaphragm Dosing Pump Head Assembly, High-head",OK
576,267,1,36,10.0,93986.88,,items per attached list,VAGUE_DESCRIPTION
577,267,2,99,11.0,93626.46,,"Cone Crusher Mantle, coarse profile",OK
578,267,3,159,6.0,25074.45,,"Pinch Valve, 80mm (3""), slurry service",OK
579,268,1,208,6.0,40954.66,SVC-REP-03,Rep Service - contracted field technician,OK
580,268,2,206,18.0,37721.72,SVC-REP-01,Rep Service - contracted field technician,OK
581,268,3,219,9.0,31733.6,,Ref Service - contracted field technician,MISSING_SERVICE_CODE
582,269,1,211,20.0,28735.73,SVC-INS-03,Ins Service - contracted field technician,OK
583,269,2,209,16.0,37609.99,SVC-INS-01,Ins Service - contracted field technician,OK
584,269,3,213,5.0,28344.31,SVC-CAL-02,Cal Service - contracted field technician,OK
585,270,1,60,20.0,13569.11,,"Circuit Breaker, MCCB, 630A",OK
586,271,1,14,17.0,17740.83,,"Motor Drive Coupling, elastomeric, rated for 30kW",OK
587,271,2,17,2.0,6773.46,,"Belt Scraper Blade Set, 1400mm width, tungsten tip",OK
588,272,1,36,20.0,99203.32,,"SAG Mill Liner Plate, head, chrome-moly steel",OK
589,272,2,70,16.0,28756.77,,"Jaw Crusher Fixed Jaw Plate, wave-profile, manganese steel",OK
590,273,1,118,11.0,31626.22,,"Spherical Roller Bearing 22217, 17mm bore",OK
591,273,2,117,7.0,39186.29,,"Spherical Roller Bearing 22275, 75mm bore",OK
592,274,1,67,20.0,27175.21,,"Variable Speed Drive, 15kW",OK
593,274,2,43,7.0,19594.03,,"Ball Valve, 150mm (6""), full bore, stainless trim",OK
594,275,1,97,9.0,17926.94,,"Motor Drive Coupling, elastomeric, rated for 7.5kW",OK
595,275,2,49,16.0,80156.17,,"Vertical Sump Pump Shaft Assembly, Light duty",OK
596,276,1,214,18.0,10600.67,SVC-CAL-03,Cal Service - contracted field technician,OK
597,276,2,214,12.0,9456.56,SVC-CAL-03,Cal Service - contracted field technician,OK
598,276,3,208,5.0,38622.64,SVC-REP-03,Rep Service - contracted field technician,OK
599,277,1,139,8.0,3526.63,,"Tapered Roller Bearing 32075, 75mm bore",OK
600,278,1,70,17.0,27566.56,,"Jaw Crusher Fixed Jaw Plate, wave-profile, manganese steel",OK
601,279,1,82,10.0,10237.2,,"Knife Gate Valve, 100mm (4""), rubber lined",OK
602,279,2,119,11.0,17804.5,,"Tapered Roller Bearing 32017, 17mm bore",OK
603,279,3,23,18.0,16749.27,,"Motor Drive Coupling, elastomeric, rated for 90kW",OK
604,279,4,18,14.0,29455.48,,"Flotation Cell Impeller, small cell, rubber coated",OK
605,279,5,141,1.0,17279.31,,"Tapered Roller Bearing 32020, 20mm bore",OK
606,280,1,3,13.0,224367.22,,"Variable Speed Drive, 11kW",OK
607,280,2,82,14.0,8917.2,,"Knife Gate Valve, 100mm (4""), rubber lined",OK
608,280,3,118,9.0,28359.68,,"Spherical Roller Bearing 22217, 17mm bore",OK
609,281,1,51,14.0,142107.21,,"Mill Trunnion Bearing Liner, discharge end",OK
610,282,1,143,3.0,12232.82,,"MCC Contactor, 150A, 3-pole",MISSING_SERVICE_CODE
611,282,2,46,8.0,160252.68,,"Cone Crusher Concave Ring, fine profile",OK
612,282,3,2,11.0,43479.83,,misc parts,VAGUE_DESCRIPTION
613,283,1,208,1.0,44755.8,SVC-REP-03,Rep Service - contracted field technician,OK
614,284,1,153,5.0,206373.3,,"Density Meter, nuclear, 40mm (1.5"") pipe",OK
615,284,2,58,7.0,68080.65,,"Pinch Valve, 100mm (4""), slurry service",OK
616,284,3,39,16.0,18780.77,,"Spherical Roller Bearing 22230, 30mm bore",OK
617,285,1,83,16.0,95061.2,,"SAG Mill Liner Plate, discharge grate, chrome-moly steel",OK
618,285,2,82,3.0,8537.22,,"Knife Gate Valve, 100mm (4""), rubber lined",OK
619,285,3,70,18.0,31224.85,,"Jaw Crusher Fixed Jaw Plate, wave-profile, manganese steel",OK
620,286,1,206,2.0,40353.95,SVC-REP-01,Rep Service - contracted field technician,OK
621,287,1,209,9.0,34655.12,SVC-INS-01,Ins Service - contracted field technician,OK
622,287,2,209,5.0,36879.1,SVC-INS-01,Ins Service - contracted field technician,OK
623,288,1,150,11.0,1590.98,,"Conveyor Belt, steel cord, 1400mm width",OK
624,288,2,1,17.0,123431.75,,"Density Meter, nuclear, 200mm (8"") pipe",OK
625,288,3,160,13.0,1197.43,,"Deep Groove Ball Bearing 6290-2RS, 90mm bore",OK
626,289,1,149,20.0,6307.18,,"Spherical Roller Bearing 22225, 25mm bore",OK
627,289,2,68,8.0,4413.47,,"Troughing Idler Set, 650mm belt width, 3-roll",OK
628,290,1,162,16.0,1017.59,,items per attached list,VAGUE_DESCRIPTION
629,290,2,132,4.0,27093.35,,"Diaphragm Dosing Pump Head Assembly, High-head",OK
630,291,1,44,5.0,160311.11,,"Density Meter, nuclear, 150mm (6"") pipe",OK
631,291,2,170,15.0,11910.67,,"Spherical Roller Bearing 22220, 20mm bore",OK
632,291,3,122,17.0,2757.75,,"Deep Groove Ball Bearing 6240-2RS, 40mm bore",OK
633,292,1,196,5.0,2643.16,,"Impact Idler, 800mm belt width, rubber disc",OK
634,293,1,108,2.0,27960.33,,"Spherical Roller Bearing 22235, 35mm bore",OK
635,293,2,18,8.0,31274.58,,"Flotation Cell Impeller, small cell, rubber coated",OK
636,293,3,186,5.0,62782.16,,"SAG Mill Liner Plate, lifter bar, chrome-moly steel",MISSING_SERVICE_CODE
637,294,1,132,9.0,26999.76,,"Diaphragm Dosing Pump Head Assembly, High-head",OK
638,294,2,134,1.0,48297.05,,"Pinch Valve, 50mm (2""), slurry service",OK
639,295,1,99,20.0,79975.3,,"Cone Crusher Mantle, coarse profile",OK
640,295,2,34,11.0,34731.0,,"Knife Gate Valve, 40mm (1.5""), rubber lined",OK
641,295,3,108,16.0,32027.57,,"Spherical Roller Bearing 22235, 35mm bore",OK
642,296,1,44,10.0,177715.5,,"Density Meter, nuclear, 150mm (6"") pipe",OK
643,297,1,37,11.0,60660.58,,as discussed,VAGUE_DESCRIPTION
644,298,1,29,6.0,25707.59,,"Mechanical Seal, shaft 80mm, tungsten carbide faces",OK
645,298,2,89,19.0,6670.1,,"Pillow Block Bearing Unit UCP250, 50mm shaft",OK
646,298,3,149,13.0,6204.8,,"Spherical Roller Bearing 22225, 25mm bore",OK
647,299,1,214,8.0,9856.63,SVC-CAL-03,Cal Service - contracted field technician,OK
648,300,1,110,2.0,3007.75,,"Deep Groove Ball Bearing 6220-2RS, 20mm bore",OK
649,300,2,78,8.0,42573.26,,"Flotation Cell Stator, tank cell",OK
650,301,1,171,12.0,12112.96,,"Motor Drive Coupling, elastomeric, rated for 11kW",OK
651,302,1,176,3.0,1620.22,,"Gland Packing Set, shaft 65mm, PTFE impregnated",OK
652,303,1,210,12.0,40732.36,SVC-INS-02,Ins Service - contracted field technician,OK
653,303,2,210,5.0,37082.16,SVC-INS-02,Ins Service - contracted field technician,OK
654,304,1,153,5.0,206976.03,,"Density Meter, nuclear, 40mm (1.5"") pipe",OK
655,304,2,78,9.0,45855.45,,"Flotation Cell Stator, tank cell",OK
656,305,1,88,19.0,19687.06,,"Circuit Breaker, MCCB, 400A",OK
657,305,2,9,16.0,307874.21,,"Cone Crusher Concave Ring, standard profile",OK
658,306,1,57,10.0,1270.98,,"Conveyor Belt, steel cord, 800mm width",OK
659,307,1,87,10.0,59748.72,,"Flotation Cell Impeller, tank cell, rubber coated",OK
660,307,2,14,2.0,21161.81,,"Motor Drive Coupling, elastomeric, rated for 30kW",MISSING_SERVICE_CODE
661,307,3,15,9.0,96835.26,,"Jaw Crusher Fixed Jaw Plate, standard, manganese steel",MISSING_SERVICE_CODE
662,308,1,217,6.0,23167.82,SVC-INS-03,Ins Service - contracted field technician,OK
663,309,1,211,6.0,28091.89,SVC-INS-03,Ins Service - contracted field technician,OK
664,309,2,213,2.0,27789.92,SVC-CAL-02,Cal Service - contracted field technician,OK
665,309,3,206,17.0,38428.14,SVC-REP-01,Rep Service - contracted field technician,OK
666,309,4,218,5.0,46361.09,SVC-REF-01,Ref Service - contracted field technician,OK
667,309,5,209,18.0,33983.14,SVC-INS-01,Ins Service - contracted field technician,OK
668,309,6,215,13.0,31499.42,SVC-INS-01,Ins Service - contracted field technician,OK
669,309,7,210,14.0,40681.21,SVC-INS-02,Ins Service - contracted field technician,OK
670,309,8,214,20.0,9405.6,SVC-CAL-03,Cal Service - contracted field technician,OK
671,309,9,208,18.0,45380.59,SVC-REP-03,Rep Service - contracted field technician,OK
672,309,10,208,13.0,45687.8,SVC-REP-03,Rep Service - contracted field technician,OK
673,309,11,207,6.0,47736.71,SVC-REP-02,Rep Service - contracted field technician,OK
674,310,1,211,4.0,29610.88,SVC-INS-03,Ins Service - contracted field technician,OK
675,311,1,162,9.0,921.9,,"Pillow Block Bearing Unit UCP290, 90mm shaft",OK
676,311,2,106,12.0,662.53,,"Deep Groove Ball Bearing 6235-2RS, 35mm bore",OK
677,312,1,220,9.0,40781.86,SVC-REF-03,Ref Service - contracted field technician,OK
678,312,2,206,20.0,38220.74,SVC-REP-01,Rep Service - contracted field technician,OK
679,312,3,217,5.0,22452.0,SVC-INS-03,Ins Service - contracted field technician,OK
680,313,1,184,6.0,33226.28,,"Diaphragm Dosing Pump Head Assembly, Medium duty",OK
681,314,1,212,19.0,30508.13,SVC-CAL-01,Cal Service - contracted field technician,OK
682,315,1,189,10.0,35471.34,,"Flow Meter, magnetic, 40mm (1.5"")",OK
683,315,2,202,16.0,102013.34,,"Flow Meter, magnetic, 80mm (3"")",OK
684,315,3,162,20.0,963.38,,"Pillow Block Bearing Unit UCP290, 90mm shaft",OK
685,316,1,172,11.0,21626.73,,"Knife Gate Valve, 200mm (8""), rubber lined",MISSING_SERVICE_CODE
686,317,1,62,2.0,3479.6,,"Troughing Idler Set, 1400mm belt width, 3-roll",OK
687,318,1,126,5.0,4460.88,,"Gland Packing Set, shaft 80mm, PTFE impregnated",OK
688,318,2,157,7.0,67770.17,,"TEFC Induction Motor, 55kW, 4-pole, IE3",OK
689,319,1,149,2.0,6574.18,,as discussed,VAGUE_DESCRIPTION
690,319,2,80,13.0,2896.86,,"MCC Contactor, 32A, 3-pole",OK
691,319,3,183,14.0,8445.45,,"Pillow Block Bearing Unit UCP235, 35mm shaft",OK
692,320,1,139,12.0,3669.26,,"Tapered Roller Bearing 32075, 75mm bore",OK
693,320,2,95,11.0,6882.33,,"Tapered Roller Bearing 32050, 50mm bore",OK
694,320,3,100,1.0,271277.08,,"Variable Speed Drive, 75kW",OK
695,321,1,142,7.0,68508.63,,"Seal Support System, API Plan 32, shaft 100mm",OK
696,322,1,104,15.0,153304.7,,"Centrifugal Slurry Pump Impeller, High-head, hard metal",OK
697,323,1,146,14.0,3014.44,,"Deep Groove Ball Bearing 6260-2RS, 60mm bore",OK
698,324,1,104,9.0,175263.16,,"Centrifugal Slurry Pump Impeller, High-head, hard metal",MISSING_SERVICE_CODE
699,324,2,114,13.0,7704.98,,"Tapered Roller Bearing 32090, 90mm bore",OK
700,324,3,91,16.0,185.52,,"Power Cable, XLPE armoured, 4-core 70mm2",OK
701,325,1,197,15.0,259684.35,,"Slip Ring Induction Motor, 75kW, 6-pole",OK
702,325,2,188,14.0,54554.67,,"Centrifugal Slurry Pump Casing Liner, Low-flow metering",OK
703,325,3,67,18.0,31126.34,,"Variable Speed Drive, 15kW",OK
704,326,1,179,17.0,93070.89,,"Jaw Crusher Fixed Jaw Plate, corrugated, manganese steel",OK
705,327,1,135,6.0,40798.24,,"Level Transmitter, ultrasonic, 0-20m range",OK
706,327,2,118,17.0,32570.44,,"Spherical Roller Bearing 22217, 17mm bore",OK
707,328,1,32,14.0,29839.69,,"Variable Speed Drive, 45kW",OK
708,328,2,177,16.0,8671.02,,"Pillow Block Bearing Unit UCP225, 25mm shaft",OK
709,328,3,1,17.0,121710.11,,"Density Meter, nuclear, 200mm (8"") pipe",OK
710,329,1,150,15.0,1601.95,,"Conveyor Belt, steel cord, 1400mm width",OK
711,329,2,27,1.0,1690.25,,"Gland Packing Set, shaft 50mm, PTFE impregnated",OK
712,329,3,43,12.0,17732.27,,"Ball Valve, 150mm (6""), full bore, stainless trim",OK
713,330,1,208,9.0,45044.96,SVC-REP-03,Rep Service - contracted field technician,OK
714,331,1,215,12.0,31278.68,SVC-INS-01,Ins Service - contracted field technician,OK
715,332,1,91,17.0,176.69,,"Power Cable, XLPE armoured, 4-core 70mm2",OK
716,333,1,6,20.0,13069.4,,"MCC Contactor, 95A, 3-pole",OK
717,333,2,94,1.0,6474.58,,"Pillow Block Bearing Unit UCP230, 30mm shaft",OK
718,333,3,66,11.0,87073.1,,"Variable Speed Drive, 22kW",OK
719,334,1,214,8.0,10070.29,SVC-CAL-03,Cal Service - contracted field technician,OK
720,334,2,209,13.0,32070.55,SVC-INS-01,Ins Service - contracted field technician,OK
721,335,1,211,8.0,29620.02,SVC-INS-03,Ins Service - contracted field technician,OK
722,335,2,215,12.0,30942.17,SVC-INS-01,Ins Service - contracted field technician,OK
723,335,3,212,18.0,30840.41,SVC-CAL-01,Cal Service - contracted field technician,OK
724,336,1,26,12.0,230864.64,,"Cone Crusher Mantle, extra-coarse profile",OK
725,337,1,180,20.0,10150.45,,"Pressure Transmitter, 0-40 bar range, 4-20mA",OK
726,338,1,36,19.0,96798.5,,"SAG Mill Liner Plate, head, chrome-moly steel",OK
727,339,1,25,19.0,2041.82,,"Conveyor Belt, steel cord, 1600mm width",OK
728,340,1,37,20.0,57687.14,,spares as required,VAGUE_DESCRIPTION
729,341,1,120,1.0,163866.2,,"Density Meter, nuclear, 50mm (2"") pipe",OK
730,341,2,36,3.0,88445.66,,"SAG Mill Liner Plate, head, chrome-moly steel",MISSING_SERVICE_CODE
731,342,1,171,17.0,11665.89,,"Motor Drive Coupling, elastomeric, rated for 11kW",OK
732,343,1,146,18.0,2929.91,,"Deep Groove Ball Bearing 6260-2RS, 60mm bore",OK
733,344,1,99,4.0,82428.9,,misc parts,VAGUE_DESCRIPTION
734,344,2,23,14.0,17412.89,,"Motor Drive Coupling, elastomeric, rated for 90kW",OK
735,344,3,142,5.0,66112.19,,"Seal Support System, API Plan 32, shaft 100mm",OK
736,345,1,130,14.0,22879.51,,"Butterfly Valve, 200mm (8""), wafer type",OK
737,346,1,74,4.0,63162.41,,"Seal Support System, API Plan 32, shaft 25mm",OK
738,347,1,13,15.0,101194.89,,"Vertical Sump Pump Shaft Assembly, Heavy duty slurry",OK
739,347,2,28,11.0,45136.24,,"Variable Speed Drive, 30kW",OK
740,347,3,39,9.0,21159.15,,"Spherical Roller Bearing 22230, 30mm bore",OK
741,348,1,68,16.0,5009.43,,"Troughing Idler Set, 650mm belt width, 3-roll",OK
742,348,2,108,5.0,27703.36,,"Spherical Roller Bearing 22235, 35mm bore",MISSING_SERVICE_CODE
743,348,3,151,7.0,42890.26,,"Mechanical Seal, shaft 38mm, tungsten carbide faces",OK
744,349,1,80,4.0,3423.51,,"MCC Contactor, 32A, 3-pole",MISSING_SERVICE_CODE
745,350,1,41,17.0,255152.22,,"Variable Speed Drive, 110kW",OK
746,350,2,67,3.0,32247.1,,items per attached list,VAGUE_DESCRIPTION
747,350,3,161,16.0,18197.13,,"Pressure Transmitter, 0-100 bar range, 4-20mA",OK
748,350,4,160,17.0,992.46,,"Deep Groove Ball Bearing 6290-2RS, 90mm bore",OK
749,350,5,124,11.0,63541.59,,"Slip Ring Induction Motor, 15kW, 6-pole",MISSING_SERVICE_CODE
750,350,6,201,15.0,255743.27,,"Cone Crusher Mantle, standard profile",OK
751,350,7,84,19.0,121544.74,,"SAG Mill Liner Plate, shell, chrome-moly steel",OK
752,350,8,133,15.0,150019.9,,"TEFC Induction Motor, 11kW, 4-pole, IE3",OK
753,350,9,152,9.0,28110.06,,"Butterfly Valve, 150mm (6""), wafer type",OK
754,350,10,57,17.0,1151.75,,"Conveyor Belt, steel cord, 800mm width",OK
755,350,11,42,20.0,5531.71,,"MCC Contactor, 65A, 3-pole",OK
756,351,1,123,1.0,20839.38,,"Motor Drive Coupling, elastomeric, rated for 15kW",OK
757,352,1,180,15.0,11990.49,,"Pressure Transmitter, 0-40 bar range, 4-20mA",OK
758,352,2,21,14.0,3631.28,,"Pillow Block Bearing Unit UCP240, 40mm shaft",OK
759,353,1,158,17.0,19746.23,,"Motor Drive Coupling, elastomeric, rated for 45kW",OK
760,354,1,52,16.0,55883.6,,"Jaw Crusher Fixed Jaw Plate, high-manganese, manganese steel",OK
761,354,2,147,16.0,231770.8,,"Cone Crusher Concave Ring, extra-coarse profile",OK
762,355,1,211,4.0,30097.6,SVC-INS-03,Ins Service - contracted field technician,OK
763,355,2,220,12.0,44205.31,SVC-REF-03,Ref Service - contracted field technician,OK
764,356,1,176,13.0,1930.95,,"Gland Packing Set, shaft 65mm, PTFE impregnated",OK
765,356,2,74,2.0,59090.26,,"Seal Support System, API Plan 32, shaft 25mm",OK
766,356,3,81,15.0,50656.68,,"Seal Support System, API Plan 32, shaft 50mm",OK
767,357,1,124,3.0,54807.66,,"Slip Ring Induction Motor, 15kW, 6-pole",OK
768,357,2,55,1.0,205.74,,"Power Cable, XLPE armoured, 4-core 16mm2",OK
769,357,3,141,3.0,19203.48,,"Tapered Roller Bearing 32020, 20mm bore",OK
770,358,1,96,8.0,32856.56,,"Circuit Breaker, MCCB, 100A",OK
771,358,2,161,15.0,15124.86,,"Pressure Transmitter, 0-100 bar range, 4-20mA",OK
772,359,1,184,14.0,33415.58,,"Diaphragm Dosing Pump Head Assembly, Medium duty",OK
773,360,1,123,12.0,25424.49,,"Motor Drive Coupling, elastomeric, rated for 15kW",OK
774,361,1,34,1.0,40152.3,,"Knife Gate Valve, 40mm (1.5""), rubber lined",OK
775,362,1,145,4.0,31113.33,,"Vertical Sump Pump Shaft Assembly, Medium duty",OK
776,362,2,23,1.0,15650.47,,"Motor Drive Coupling, elastomeric, rated for 90kW",MISSING_SERVICE_CODE
777,362,3,182,20.0,1709.98,,"Impact Idler, 1600mm belt width, rubber disc",OK
778,363,1,83,12.0,98256.09,,"SAG Mill Liner Plate, discharge grate, chrome-moly steel",OK
779,363,2,35,16.0,2752.04,,"Impact Idler, 1400mm belt width, rubber disc",OK
780,363,3,171,16.0,11107.58,,"Motor Drive Coupling, elastomeric, rated for 11kW",OK
781,364,1,217,20.0,25337.37,SVC-INS-03,Ins Service - contracted field technician,OK
782,365,1,155,12.0,16674.04,,as discussed,VAGUE_DESCRIPTION
783,366,1,213,5.0,30111.57,SVC-CAL-02,Cal Service - contracted field technician,OK
784,367,1,213,5.0,31903.08,SVC-CAL-02,items per attached list,VAGUE_DESCRIPTION
785,367,2,213,4.0,31716.49,SVC-CAL-02,Cal Service - contracted field technician,OK
786,367,3,220,5.0,39435.98,SVC-REF-03,Ref Service - contracted field technician,OK
787,368,1,99,18.0,89986.78,,"Cone Crusher Mantle, coarse profile",OK
788,369,1,150,8.0,1645.19,,"Conveyor Belt, steel cord, 1400mm width",OK
789,370,1,145,20.0,31905.46,,"Vertical Sump Pump Shaft Assembly, Medium duty",OK
790,370,2,71,4.0,1910.6,,"Conveyor Belt, steel cord, 1000mm width",OK
791,370,3,46,20.0,190428.02,,"Cone Crusher Concave Ring, fine profile",OK
792,371,1,72,14.0,95180.67,,"Vertical Sump Pump Shaft Assembly, High-head",OK
793,371,2,42,11.0,5918.65,,"MCC Contactor, 65A, 3-pole",OK
794,371,3,54,2.0,2614.29,,"Deep Groove Ball Bearing 6275-2RS, 75mm bore",OK
795,372,1,26,5.0,209956.4,,"Cone Crusher Mantle, extra-coarse profile",OK
796,372,2,156,20.0,295312.66,,"Slip Ring Induction Motor, 30kW, 6-pole",OK
797,372,3,177,18.0,7569.17,,"Pillow Block Bearing Unit UCP225, 25mm shaft",OK
798,373,1,17,19.0,6047.61,,"Belt Scraper Blade Set, 1400mm width, tungsten tip",OK
799,374,1,100,9.0,253232.96,,"Variable Speed Drive, 75kW",OK
800,375,1,219,10.0,30953.09,SVC-REF-02,Ref Service - contracted field technician,OK
801,376,1,17,4.0,6294.71,,"Belt Scraper Blade Set, 1400mm width, tungsten tip",OK
802,377,1,82,10.0,8940.81,,"Knife Gate Valve, 100mm (4""), rubber lined",OK
803,377,2,106,12.0,597.64,,"Deep Groove Ball Bearing 6235-2RS, 35mm bore",OK
804,377,3,47,18.0,4401.09,,"Pillow Block Bearing Unit UCP220, 20mm shaft",OK
805,378,1,129,13.0,142225.25,,"Slip Ring Induction Motor, 11kW, 6-pole",OK
806,379,1,211,10.0,29226.84,SVC-INS-03,Ins Service - contracted field technician,OK
807,379,2,217,20.0,24460.68,SVC-INS-03,Ins Service - contracted field technician,OK
808,380,1,156,5.0,268465.8,,"Slip Ring Induction Motor, 30kW, 6-pole",OK
809,380,2,121,2.0,41234.22,,"Circuit Breaker, MCCB, 250A",MISSING_SERVICE_CODE
810,381,1,20,12.0,40928.28,,"Flotation Cell Stator, large cell",MISSING_SERVICE_CODE
811,381,2,146,5.0,3325.15,,"Deep Groove Ball Bearing 6260-2RS, 60mm bore",MISSING_SERVICE_CODE
812,382,1,59,16.0,74351.17,,"TEFC Induction Motor, 110kW, 4-pole, IE3",OK
813,383,1,107,7.0,48555.47,,"Knife Gate Valve, 150mm (6""), rubber lined",OK
814,383,2,81,16.0,50653.95,,"Seal Support System, API Plan 32, shaft 50mm",OK
815,384,1,194,4.0,88052.37,,"Flow Meter, magnetic, 25mm (1"")",OK
816,385,1,27,20.0,1680.25,,"Gland Packing Set, shaft 50mm, PTFE impregnated",OK
817,385,2,204,19.0,164838.41,,"Slip Ring Induction Motor, 22kW, 6-pole",OK
818,386,1,4,9.0,4778.01,,"Gland Packing Set, shaft 100mm, PTFE impregnated",OK
819,386,2,64,8.0,1405.25,,"Deep Groove Ball Bearing 6225-2RS, 25mm bore",OK
820,387,1,77,8.0,147250.03,,"TEFC Induction Motor, 90kW, 4-pole, IE3",OK
821,387,2,56,18.0,12305.7,,"MCC Contactor, 225A, 3-pole",OK
822,387,3,49,8.0,78139.63,,"Vertical Sump Pump Shaft Assembly, Light duty",OK
823,388,1,15,3.0,89786.6,,"Jaw Crusher Fixed Jaw Plate, standard, manganese steel",OK
824,388,2,186,14.0,63910.15,,"SAG Mill Liner Plate, lifter bar, chrome-moly steel",OK
825,388,3,36,11.0,99797.92,,"SAG Mill Liner Plate, head, chrome-moly steel",OK
826,389,1,129,9.0,144118.93,,"Slip Ring Induction Motor, 11kW, 6-pole",OK
827,389,2,69,17.0,1488.32,,"Deep Groove Ball Bearing 6230-2RS, 30mm bore",MISSING_SERVICE_CODE
828,390,1,212,17.0,30284.08,SVC-CAL-01,Cal Service - contracted field technician,OK
829,391,1,206,18.0,37328.76,,Rep Service - contracted field technician,MISSING_SERVICE_CODE
830,391,2,209,12.0,37404.31,SVC-INS-01,Ins Service - contracted field technician,OK
831,391,3,207,16.0,42806.46,SVC-REP-02,Rep Service - contracted field technician,OK
832,392,1,6,18.0,14496.91,,items per attached list,VAGUE_DESCRIPTION
833,392,2,118,19.0,31408.94,,"Spherical Roller Bearing 22217, 17mm bore",OK
834,393,1,145,12.0,36538.91,,"Vertical Sump Pump Shaft Assembly, Medium duty",OK
835,394,1,160,2.0,1050.89,,"Deep Groove Ball Bearing 6290-2RS, 90mm bore",OK
836,395,1,189,17.0,34671.68,,"Flow Meter, magnetic, 40mm (1.5"")",OK
837,396,1,172,9.0,22920.86,,"Knife Gate Valve, 200mm (8""), rubber lined",OK
838,396,2,29,15.0,24671.15,,"Mechanical Seal, shaft 80mm, tungsten carbide faces",OK
839,397,1,212,15.0,30482.85,SVC-CAL-01,Cal Service - contracted field technician,OK
840,398,1,218,1.0,49470.02,SVC-REF-01,Ref Service - contracted field technician,OK
841,398,2,211,13.0,27389.88,SVC-INS-03,Ins Service - contracted field technician,OK
842,398,3,218,11.0,44094.45,SVC-REF-01,Ref Service - contracted field technician,OK
843,398,4,212,18.0,34064.22,SVC-CAL-01,Cal Service - contracted field technician,OK
844,398,5,215,18.0,33510.71,SVC-INS-01,Ins Service - contracted field technician,OK
845,398,6,210,2.0,40657.83,SVC-INS-02,Ins Service - contracted field technician,OK
846,399,1,127,5.0,55926.41,,"Crusher Toggle Plate, standard rating",OK
847,399,2,85,6.0,453915.38,,as discussed,VAGUE_DESCRIPTION
848,400,1,142,9.0,66301.09,,"Seal Support System, API Plan 32, shaft 100mm",OK
849,400,2,72,3.0,88610.6,,"Vertical Sump Pump Shaft Assembly, High-head",OK
850,401,1,80,14.0,3141.03,,"MCC Contactor, 32A, 3-pole",OK
851,402,1,197,6.0,234865.35,,"Slip Ring Induction Motor, 75kW, 6-pole",MISSING_SERVICE_CODE
852,402,2,194,11.0,87084.76,,"Flow Meter, magnetic, 25mm (1"")",OK
853,402,3,91,4.0,213.69,,"Power Cable, XLPE armoured, 4-core 70mm2",OK
854,403,1,200,8.0,15435.49,,"Froth Paddle Assembly, small cell",OK
855,403,2,72,7.0,80698.2,,"Vertical Sump Pump Shaft Assembly, High-head",OK
856,403,3,104,12.0,172535.67,,"Centrifugal Slurry Pump Impeller, High-head, hard metal",OK
857,404,1,183,19.0,8377.71,,"Pillow Block Bearing Unit UCP235, 35mm shaft",OK
858,404,2,22,11.0,22805.07,,"Ball Mill Grinding Media, 80mm, forged steel balls",OK
859,404,3,139,9.0,3704.18,,"Tapered Roller Bearing 32075, 75mm bore",OK
860,405,1,96,20.0,34331.18,,"Circuit Breaker, MCCB, 100A",OK
861,406,1,5,7.0,96202.6,,"Flow Meter, magnetic, 150mm (6"")",OK
862,406,2,58,9.0,75561.34,,"Pinch Valve, 100mm (4""), slurry service",OK
863,406,3,59,11.0,73367.24,,"TEFC Induction Motor, 110kW, 4-pole, IE3",OK
864,407,1,41,3.0,280914.35,,"Variable Speed Drive, 110kW",OK
865,407,2,190,13.0,111860.11,,"Mill Trunnion Bearing Liner, feed end",OK
866,407,3,109,5.0,5358.1,,"Troughing Idler Set, 1200mm belt width, 3-roll",OK
867,408,1,8,3.0,15130.7,,"Ball Valve, 40mm (1.5""), full bore, stainless trim",OK
868,409,1,72,3.0,86420.37,,"Vertical Sump Pump Shaft Assembly, High-head",OK
869,409,2,139,17.0,3860.12,,"Tapered Roller Bearing 32075, 75mm bore",OK
870,409,3,12,17.0,12354.12,,"Belt Scraper Blade Set, 1600mm width, tungsten tip",OK
871,410,1,136,2.0,5609.72,,"Troughing Idler Set, 800mm belt width, 3-roll",OK
872,410,2,201,18.0,221228.43,,"Cone Crusher Mantle, standard profile",OK
873,410,3,104,13.0,158989.43,,"Centrifugal Slurry Pump Impeller, High-head, hard metal",OK
874,410,4,141,4.0,19200.11,,"Tapered Roller Bearing 32020, 20mm bore",OK
875,410,5,138,16.0,27714.59,,"Centrifugal Slurry Pump Casing Liner, High-head",OK
876,410,6,2,9.0,41000.44,,"Flow Meter, magnetic, 100mm (4"")",OK
877,411,1,35,7.0,2716.67,,"Impact Idler, 1400mm belt width, rubber disc",OK
878,412,1,170,8.0,13062.12,,"Spherical Roller Bearing 22220, 20mm bore",OK
879,412,2,53,7.0,2889.44,,"Gland Packing Set, shaft 38mm, PTFE impregnated",OK
880,412,3,169,10.0,135940.44,,"TEFC Induction Motor, 45kW, 4-pole, IE3",OK
881,413,1,32,8.0,27955.77,,"Variable Speed Drive, 45kW",OK
882,413,2,177,3.0,8959.24,,"Pillow Block Bearing Unit UCP225, 25mm shaft",OK
883,413,3,155,3.0,17410.58,,"Butterfly Valve, 100mm (4""), wafer type",OK
884,414,1,162,10.0,986.08,,"Pillow Block Bearing Unit UCP290, 90mm shaft",OK
885,415,1,123,16.0,22786.04,,as discussed,VAGUE_DESCRIPTION
886,415,2,134,14.0,46317.35,,"Pinch Valve, 50mm (2""), slurry service",OK
887,416,1,109,13.0,5966.66,,"Troughing Idler Set, 1200mm belt width, 3-roll",OK
888,416,2,151,10.0,48103.69,,"Mechanical Seal, shaft 38mm, tungsten carbide faces",OK
889,416,3,155,18.0,17381.74,,"Butterfly Valve, 100mm (4""), wafer type",OK
890,417,1,201,14.0,265417.72,,"Cone Crusher Mantle, standard profile",OK
891,418,1,58,7.0,64376.9,,"Pinch Valve, 100mm (4""), slurry service",OK
892,418,2,38,12.0,57851.88,,"Mechanical Seal, shaft 50mm, tungsten carbide faces",OK
893,418,3,159,10.0,25316.33,,"Pinch Valve, 80mm (3""), slurry service",OK
894,419,1,33,8.0,10117.74,,"Motor Drive Coupling, elastomeric, rated for 75kW",OK
895,419,2,14,5.0,17527.8,,spares as required,VAGUE_DESCRIPTION
896,420,1,218,7.0,43037.18,SVC-REF-01,Ref Service - contracted field technician,OK
897,421,1,182,11.0,1901.58,,"Impact Idler, 1600mm belt width, rubber disc",OK
898,421,2,186,7.0,71360.17,,spares as required,VAGUE_DESCRIPTION
899,421,3,10,7.0,15922.75,,"Froth Paddle Assembly, large cell",OK
900,422,1,74,17.0,58133.39,,"Seal Support System, API Plan 32, shaft 25mm",OK
901,423,1,206,3.0,38127.98,SVC-REP-01,Rep Service - contracted field technician,OK
902,423,2,220,12.0,43448.72,SVC-REF-03,Ref Service - contracted field technician,OK
903,423,3,214,3.0,11253.94,SVC-CAL-03,Cal Service - contracted field technician,OK
904,424,1,179,11.0,107139.84,,"Jaw Crusher Fixed Jaw Plate, corrugated, manganese steel",OK
905,424,2,120,16.0,136466.44,,"Density Meter, nuclear, 50mm (2"") pipe",OK
906,424,3,181,18.0,36457.7,,"Seal Support System, API Plan 32, shaft 65mm",OK
907,425,1,185,20.0,513.47,,"Power Cable, XLPE armoured, 4-core 35mm2",OK
908,425,2,57,3.0,1040.03,,"Conveyor Belt, steel cord, 800mm width",OK
909,426,1,47,15.0,4796.79,,"Pillow Block Bearing Unit UCP220, 20mm shaft",OK
910,427,1,143,17.0,14524.59,,"MCC Contactor, 150A, 3-pole",OK
911,428,1,185,14.0,588.77,,"Power Cable, XLPE armoured, 4-core 35mm2",OK
912,429,1,83,16.0,88503.04,,"SAG Mill Liner Plate, discharge grate, chrome-moly steel",OK
913,429,2,2,17.0,41332.44,,"Flow Meter, magnetic, 100mm (4"")",OK
914,429,3,138,4.0,25768.33,,"Centrifugal Slurry Pump Casing Liner, High-head",OK
915,430,1,133,15.0,146127.09,,"TEFC Induction Motor, 11kW, 4-pole, IE3",OK
916,430,2,76,4.0,17781.86,,"Butterfly Valve, 40mm (1.5""), wafer type",OK
917,430,3,53,16.0,2691.51,,items per attached list,VAGUE_DESCRIPTION
918,430,4,17,4.0,5942.19,,"Belt Scraper Blade Set, 1400mm width, tungsten tip",OK
919,430,5,103,10.0,54773.67,,"Diaphragm Dosing Pump Head Assembly, Light duty",OK
920,430,6,137,16.0,31871.58,,"Pressure Transmitter, 0-10 bar range, 4-20mA",OK
921,430,7,45,18.0,20280.46,,"Level Transmitter, ultrasonic, 0-5m range",OK
922,430,8,159,12.0,21916.93,,"Pinch Valve, 80mm (3""), slurry service",OK
923,430,9,59,7.0,87015.15,,"TEFC Induction Motor, 110kW, 4-pole, IE3",OK
924,430,10,62,4.0,3202.6,,"Troughing Idler Set, 1400mm belt width, 3-roll",OK
925,431,1,30,10.0,69548.75,,"Knife Gate Valve, 25mm (1""), rubber lined",MISSING_SERVICE_CODE
926,432,1,181,11.0,39115.64,,"Seal Support System, API Plan 32, shaft 65mm",OK
927,432,2,6,4.0,14995.89,,"MCC Contactor, 95A, 3-pole",OK
928,433,1,210,20.0,40548.57,SVC-INS-02,Ins Service - contracted field technician,OK
929,433,2,220,1.0,42412.13,SVC-REF-03,Ref Service - contracted field technician,OK
930,433,3,216,4.0,10381.57,SVC-INS-02,Ins Service - contracted field technician,OK
931,434,1,14,20.0,20697.81,,"Motor Drive Coupling, elastomeric, rated for 30kW",OK
932,435,1,59,19.0,81022.51,,"TEFC Induction Motor, 110kW, 4-pole, IE3",OK
933,435,2,82,8.0,9888.08,,"Knife Gate Valve, 100mm (4""), rubber lined",OK
934,436,1,86,1.0,315868.54,,"Slip Ring Induction Motor, 7.5kW, 6-pole",OK
935,436,2,15,6.0,107800.53,,"Jaw Crusher Fixed Jaw Plate, standard, manganese steel",OK
936,436,3,197,3.0,218240.51,,"Slip Ring Induction Motor, 75kW, 6-pole",OK
937,437,1,48,19.0,16448.64,,"Belt Scraper Blade Set, 1200mm width, tungsten tip",OK
938,438,1,120,20.0,141307.03,,"Density Meter, nuclear, 50mm (2"") pipe",OK
939,438,2,124,4.0,65517.65,,"Slip Ring Induction Motor, 15kW, 6-pole",OK
940,438,3,85,7.0,432172.6,,"Cone Crusher Mantle, fine profile",OK
941,439,1,202,13.0,89653.5,,"Flow Meter, magnetic, 80mm (3"")",OK
942,440,1,141,14.0,20439.5,,"Tapered Roller Bearing 32020, 20mm bore",OK
943,440,2,155,10.0,17174.63,,misc parts,VAGUE_DESCRIPTION
944,440,3,201,7.0,221501.18,,"Cone Crusher Mantle, standard profile",OK
945,441,1,52,18.0,50199.25,,"Jaw Crusher Fixed Jaw Plate, high-manganese, manganese steel",OK
946,442,1,64,6.0,1559.61,,"Deep Groove Ball Bearing 6225-2RS, 25mm bore",OK
947,443,1,154,16.0,2491.77,,"Motor Drive Coupling, elastomeric, rated for 55kW",OK
948,443,2,101,11.0,2250.18,,"Conveyor Belt, steel cord, 1200mm width",OK
949,443,3,142,12.0,62404.4,,"Seal Support System, API Plan 32, shaft 100mm",OK
950,443,4,165,17.0,13916.36,,"Tapered Roller Bearing 32060, 60mm bore",OK
951,443,5,98,13.0,34371.82,,"Level Transmitter, ultrasonic, 0-15m range",OK
952,443,6,188,9.0,59472.45,,"Centrifugal Slurry Pump Casing Liner, Low-flow metering",OK
953,444,1,211,7.0,24685.25,SVC-INS-03,Ins Service - contracted field technician,OK
954,444,2,217,17.0,23746.43,SVC-INS-03,Ins Service - contracted field technician,OK
955,444,3,213,17.0,28763.78,SVC-CAL-02,Cal Service - contracted field technician,OK
956,445,1,114,16.0,9051.84,,"Tapered Roller Bearing 32090, 90mm bore",OK
957,446,1,171,5.0,11229.18,,"Motor Drive Coupling, elastomeric, rated for 11kW",OK
958,446,2,88,19.0,19165.8,,"Circuit Breaker, MCCB, 400A",OK
959,447,1,56,6.0,11442.15,,"MCC Contactor, 225A, 3-pole",OK
960,447,2,112,5.0,41458.01,,"Diaphragm Dosing Pump Head Assembly, Low-flow metering",OK
961,448,1,142,18.0,65748.07,,"Seal Support System, API Plan 32, shaft 100mm",OK
962,449,1,76,12.0,20325.14,,"Butterfly Valve, 40mm (1.5""), wafer type",OK
963,449,2,143,2.0,12710.89,,"MCC Contactor, 150A, 3-pole",OK
964,449,3,9,1.0,307492.06,,"Cone Crusher Concave Ring, standard profile",OK
965,450,1,161,5.0,15838.55,,"Pressure Transmitter, 0-100 bar range, 4-20mA",OK
966,450,2,108,14.0,29286.93,,"Spherical Roller Bearing 22235, 35mm bore",OK
967,450,3,149,1.0,6696.46,,"Spherical Roller Bearing 22225, 25mm bore",OK
968,451,1,146,14.0,3034.08,,"Deep Groove Ball Bearing 6260-2RS, 60mm bore",OK
969,451,2,96,8.0,32181.83,,"Circuit Breaker, MCCB, 100A",OK
970,452,1,34,11.0,35720.93,,"Knife Gate Valve, 40mm (1.5""), rubber lined",OK
971,453,1,214,16.0,10418.88,SVC-CAL-03,Cal Service - contracted field technician,OK
972,453,2,207,2.0,44535.78,SVC-REP-02,Rep Service - contracted field technician,OK
973,453,3,212,4.0,31526.85,SVC-CAL-01,Cal Service - contracted field technician,OK
974,454,1,129,20.0,131913.06,,"Slip Ring Induction Motor, 11kW, 6-pole",OK
975,454,2,98,12.0,32289.39,,"Level Transmitter, ultrasonic, 0-15m range",OK
976,454,3,186,20.0,72880.46,,"SAG Mill Liner Plate, lifter bar, chrome-moly steel",OK
977,455,1,90,13.0,1451.05,,"Conveyor Belt, steel cord, 650mm width",OK
978,455,2,84,6.0,107361.58,,"SAG Mill Liner Plate, shell, chrome-moly steel",OK
979,455,3,174,13.0,85252.31,,"Flotation Cell Stator, medium cell",OK
980,456,1,184,13.0,31900.67,,"Diaphragm Dosing Pump Head Assembly, Medium duty",OK
981,457,1,180,4.0,12140.76,,"Pressure Transmitter, 0-40 bar range, 4-20mA",OK
982,457,2,118,11.0,28810.24,,"Spherical Roller Bearing 22217, 17mm bore",OK
983,458,1,206,17.0,40486.74,SVC-REP-01,Rep Service - contracted field technician,OK
984,459,1,151,7.0,43500.23,,misc parts,VAGUE_DESCRIPTION
985,459,2,79,19.0,66590.89,,"Flotation Cell Stator, small cell",OK
986,460,1,25,4.0,1945.67,,"Conveyor Belt, steel cord, 1600mm width",OK
987,460,2,201,7.0,262487.2,,"Cone Crusher Mantle, standard profile",OK
988,460,3,200,19.0,16152.92,,"Froth Paddle Assembly, small cell",OK
989,461,1,186,18.0,67135.32,,"SAG Mill Liner Plate, lifter bar, chrome-moly steel",OK
990,462,1,198,18.0,8520.09,,"Knife Gate Valve, 80mm (3""), rubber lined",OK
991,462,2,30,4.0,71738.52,,"Knife Gate Valve, 25mm (1""), rubber lined",OK
992,462,3,97,1.0,17644.78,,"Motor Drive Coupling, elastomeric, rated for 7.5kW",OK
993,463,1,211,5.0,24534.0,SVC-INS-03,Ins Service - contracted field technician,OK
994,463,2,208,2.0,44685.93,SVC-REP-03,Rep Service - contracted field technician,OK
995,463,3,220,11.0,39225.66,SVC-REF-03,Ref Service - contracted field technician,OK
996,463,4,206,20.0,35514.42,SVC-REP-01,Rep Service - contracted field technician,OK
997,463,5,210,15.0,41617.05,SVC-INS-02,Ins Service - contracted field technician,OK
998,463,6,220,17.0,40026.13,SVC-REF-03,Ref Service - contracted field technician,OK
999,464,1,19,19.0,100921.08,,"Density Meter, nuclear, 25mm (1"") pipe",OK
1000,465,1,50,5.0,8357.23,,misc parts,VAGUE_DESCRIPTION
1001,465,2,95,6.0,7323.08,,"Tapered Roller Bearing 32050, 50mm bore",OK
1002,465,3,197,11.0,259922.64,,"Slip Ring Induction Motor, 75kW, 6-pole",OK
1003,466,1,175,1.0,4399.52,,"Impact Idler, 650mm belt width, rubber disc",OK
1004,466,2,13,4.0,85942.97,,"Vertical Sump Pump Shaft Assembly, Heavy duty slurry",OK
1005,466,3,204,14.0,180045.08,,"Slip Ring Induction Motor, 22kW, 6-pole",OK
1006,467,1,132,7.0,28195.18,,"Diaphragm Dosing Pump Head Assembly, High-head",OK
1007,468,1,214,10.0,10046.83,SVC-CAL-03,Cal Service - contracted field technician,OK
1008,469,1,98,2.0,32322.23,,"Level Transmitter, ultrasonic, 0-15m range",OK
1009,470,1,198,16.0,7804.11,,"Knife Gate Valve, 80mm (3""), rubber lined",OK
1010,470,2,25,14.0,1843.42,,as discussed,VAGUE_DESCRIPTION
1011,471,1,197,11.0,232249.56,,"Slip Ring Induction Motor, 75kW, 6-pole",OK
1012,471,2,84,16.0,123216.09,,"SAG Mill Liner Plate, shell, chrome-moly steel",OK
1013,471,3,5,3.0,103602.3,,"Flow Meter, magnetic, 150mm (6"")",OK
1014,472,1,89,10.0,7886.73,,"Pillow Block Bearing Unit UCP250, 50mm shaft",OK
1015,473,1,167,1.0,31881.89,,"Froth Paddle Assembly, medium cell",OK
1016,473,2,44,13.0,165718.68,,"Density Meter, nuclear, 150mm (6"") pipe",OK
1017,474,1,101,2.0,2316.29,,"Conveyor Belt, steel cord, 1200mm width",OK
1018,474,2,63,20.0,119480.58,,"TEFC Induction Motor, 30kW, 4-pole, IE3",OK
1019,475,1,211,10.0,30176.28,,Ins Service - contracted field technician,MISSING_SERVICE_CODE
1020,475,2,217,19.0,20706.22,SVC-INS-03,Ins Service - contracted field technician,OK
1021,476,1,217,5.0,21469.41,SVC-INS-03,Ins Service - contracted field technician,OK
1022,476,2,218,4.0,50041.37,SVC-REF-01,Ref Service - contracted field technician,OK
1023,476,3,210,15.0,37942.64,,Ins Service - contracted field technician,MISSING_SERVICE_CODE
1024,477,1,108,10.0,32876.51,,"Spherical Roller Bearing 22235, 35mm bore",OK
1025,477,2,196,13.0,2927.03,,"Impact Idler, 800mm belt width, rubber disc",OK
1026,477,3,38,5.0,50488.36,,"Mechanical Seal, shaft 50mm, tungsten carbide faces",MISSING_SERVICE_CODE
1027,478,1,103,15.0,56517.39,,"Diaphragm Dosing Pump Head Assembly, Light duty",MISSING_SERVICE_CODE
1028,478,2,109,18.0,5664.0,,"Troughing Idler Set, 1200mm belt width, 3-roll",OK
1029,478,3,28,7.0,47986.1,,"Variable Speed Drive, 30kW",OK
1030,479,1,68,17.0,4907.77,,"Troughing Idler Set, 650mm belt width, 3-roll",OK
1031,479,2,155,10.0,16982.25,,"Butterfly Valve, 100mm (4""), wafer type",OK
1032,479,3,10,14.0,13598.4,,"Froth Paddle Assembly, large cell",OK
1033,480,1,212,8.0,34015.94,SVC-CAL-01,Cal Service - contracted field technician,OK
1034,480,2,219,14.0,37820.65,SVC-REF-02,Ref Service - contracted field technician,OK
1035,481,1,180,20.0,10442.46,,"Pressure Transmitter, 0-40 bar range, 4-20mA",OK
1036,482,1,96,12.0,33360.38,,"Circuit Breaker, MCCB, 100A",OK
1037,483,1,70,9.0,26928.25,,"Jaw Crusher Fixed Jaw Plate, wave-profile, manganese steel",OK
1038,484,1,157,12.0,77252.22,,"TEFC Induction Motor, 55kW, 4-pole, IE3",OK
1039,484,2,182,14.0,1912.63,,"Impact Idler, 1600mm belt width, rubber disc",OK
1040,484,3,32,12.0,31986.6,,"Variable Speed Drive, 45kW",OK
1041,485,1,26,9.0,218500.7,,"Cone Crusher Mantle, extra-coarse profile",OK
1042,485,2,179,1.0,105948.63,,"Jaw Crusher Fixed Jaw Plate, corrugated, manganese steel",OK
1043,485,3,186,1.0,71534.75,,"SAG Mill Liner Plate, lifter bar, chrome-moly steel",OK
1044,486,1,128,17.0,25419.99,,"Spherical Roller Bearing 22290, 90mm bore",OK
1045,486,2,31,14.0,13497.68,,"Ball Valve, 25mm (1""), full bore, stainless trim",OK
1046,486,3,191,19.0,12664.78,,"Spherical Roller Bearing 22260, 60mm bore",OK
1047,487,1,42,2.0,5341.72,,"MCC Contactor, 65A, 3-pole",OK
1048,487,2,36,20.0,96774.23,,"SAG Mill Liner Plate, head, chrome-moly steel",OK
1049,487,3,13,10.0,89967.42,,"Vertical Sump Pump Shaft Assembly, Heavy duty slurry",OK
1050,487,4,92,17.0,25556.71,,"Pinch Valve, 40mm (1.5""), slurry service",OK
1051,487,5,58,7.0,77073.22,,"Pinch Valve, 100mm (4""), slurry service",OK
1052,487,6,9,10.0,330559.78,,"Cone Crusher Concave Ring, standard profile",OK
1053,487,7,179,18.0,110992.49,,"Jaw Crusher Fixed Jaw Plate, corrugated, manganese steel",OK
1054,487,8,128,17.0,27663.72,,"Spherical Roller Bearing 22290, 90mm bore",OK
1055,487,9,78,10.0,48662.04,,"Flotation Cell Stator, tank cell",OK
1056,487,10,53,15.0,2944.47,,"Gland Packing Set, shaft 38mm, PTFE impregnated",OK
1057,487,11,65,9.0,131402.31,,misc parts,VAGUE_DESCRIPTION
1058,487,12,106,7.0,649.84,,"Deep Groove Ball Bearing 6235-2RS, 35mm bore",OK
1059,488,1,207,20.0,43014.45,SVC-REP-02,Rep Service - contracted field technician,OK
1060,488,2,207,6.0,47255.32,SVC-REP-02,Rep Service - contracted field technician,OK
1061,489,1,208,13.0,43481.32,SVC-REP-03,Rep Service - contracted field technician,OK
1062,490,1,31,3.0,14855.92,,"Ball Valve, 25mm (1""), full bore, stainless trim",OK
1063,490,2,120,18.0,156256.44,,"Density Meter, nuclear, 50mm (2"") pipe",OK
1064,490,3,143,11.0,13185.71,,"MCC Contactor, 150A, 3-pole",OK
1065,491,1,113,20.0,57237.08,,"Centrifugal Slurry Pump Impeller, Heavy duty slurry, hard metal",OK
1066,491,2,84,7.0,119850.51,,"SAG Mill Liner Plate, shell, chrome-moly steel",MISSING_SERVICE_CODE
1067,492,1,44,10.0,165489.89,,"Density Meter, nuclear, 150mm (6"") pipe",OK
1068,493,1,37,4.0,55278.88,,"Centrifugal Slurry Pump Impeller, Low-flow metering, hard metal",OK
1069,494,1,82,4.0,8534.95,,"Knife Gate Valve, 100mm (4""), rubber lined",OK
1070,495,1,202,4.0,100890.95,,"Flow Meter, magnetic, 80mm (3"")",OK
1071,495,2,79,10.0,67135.61,,"Flotation Cell Stator, small cell",OK
1072,495,3,54,10.0,2354.16,,"Deep Groove Ball Bearing 6275-2RS, 75mm bore",OK
1073,495,4,198,18.0,8163.1,,"Knife Gate Valve, 80mm (3""), rubber lined",OK
1074,495,5,112,16.0,38959.2,,"Diaphragm Dosing Pump Head Assembly, Low-flow metering",OK
1075,495,6,151,6.0,48443.24,,"Mechanical Seal, shaft 38mm, tungsten carbide faces",OK
1076,495,7,49,6.0,79090.54,,"Vertical Sump Pump Shaft Assembly, Light duty",OK
1077,495,8,106,15.0,549.28,,"Deep Groove Ball Bearing 6235-2RS, 35mm bore",OK
1078,495,9,33,20.0,11631.05,,"Motor Drive Coupling, elastomeric, rated for 75kW",OK
1079,495,10,105,5.0,13504.96,,"Belt Scraper Blade Set, 650mm width, tungsten tip",OK
1080,495,11,95,15.0,6277.89,,misc parts,VAGUE_DESCRIPTION
1081,495,12,10,19.0,13331.29,,"Froth Paddle Assembly, large cell",OK
1082,496,1,90,7.0,1475.65,,"Conveyor Belt, steel cord, 650mm width",OK
1083,496,2,132,18.0,25718.07,,"Diaphragm Dosing Pump Head Assembly, High-head",OK
1084,497,1,28,13.0,43717.83,,"Variable Speed Drive, 30kW",OK
1085,498,1,181,18.0,38739.95,,"Seal Support System, API Plan 32, shaft 65mm",OK
1086,499,1,214,18.0,11291.34,SVC-CAL-03,Cal Service - contracted field technician,OK
1087,500,1,146,20.0,3234.57,,"Deep Groove Ball Bearing 6260-2RS, 60mm bore",OK
1088,501,1,106,1.0,550.58,,"Deep Groove Ball Bearing 6235-2RS, 35mm bore",OK
1089,501,2,79,6.0,65407.45,,"Flotation Cell Stator, small cell",OK
1090,501,3,177,6.0,8560.86,,"Pillow Block Bearing Unit UCP225, 25mm shaft",OK
1091,502,1,206,7.0,38523.71,,Rep Service - contracted field technician,MISSING_SERVICE_CODE
1092,502,2,217,18.0,24162.46,SVC-INS-03,Ins Service - contracted field technician,OK
1093,503,1,137,3.0,26086.3,,misc parts,VAGUE_DESCRIPTION
1094,503,2,98,3.0,29552.51,,"Level Transmitter, ultrasonic, 0-15m range",OK
1095,504,1,162,14.0,879.15,,"Pillow Block Bearing Unit UCP290, 90mm shaft",OK
1096,505,1,5,11.0,95979.56,,"Flow Meter, magnetic, 150mm (6"")",MISSING_SERVICE_CODE
1097,506,1,11,7.0,157325.32,,"Slip Ring Induction Motor, 110kW, 6-pole",OK
1098,506,2,131,3.0,16179.54,,"Butterfly Valve, 50mm (2""), wafer type",MISSING_SERVICE_CODE
1099,507,1,208,16.0,40788.17,SVC-REP-03,Rep Service - contracted field technician,OK
1100,508,1,190,11.0,108959.38,,"Mill Trunnion Bearing Liner, feed end",OK
1101,508,2,35,15.0,3085.81,,"Impact Idler, 1400mm belt width, rubber disc",OK
1102,508,3,100,14.0,270969.75,,"Variable Speed Drive, 75kW",OK
1103,509,1,57,15.0,1226.41,,"Conveyor Belt, steel cord, 800mm width",OK
1104,509,2,188,18.0,52001.41,,"Centrifugal Slurry Pump Casing Liner, Low-flow metering",OK
1105,509,3,87,19.0,61118.08,,"Flotation Cell Impeller, tank cell, rubber coated",OK
1106,510,1,1,18.0,117214.13,,"Density Meter, nuclear, 200mm (8"") pipe",OK
1107,510,2,92,4.0,28689.87,,"Pinch Valve, 40mm (1.5""), slurry service",OK
1108,510,3,158,14.0,21544.95,,"Motor Drive Coupling, elastomeric, rated for 45kW",OK
1109,511,1,121,1.0,35298.1,,"Circuit Breaker, MCCB, 250A",OK
1110,511,2,3,20.0,219746.34,,"Variable Speed Drive, 11kW",OK
1111,512,1,208,14.0,39421.77,SVC-REP-03,Rep Service - contracted field technician,OK
1112,512,2,209,20.0,34510.04,,Ins Service - contracted field technician,MISSING_SERVICE_CODE
1113,512,3,218,8.0,41656.43,SVC-REF-01,Ref Service - contracted field technician,OK
1114,513,1,206,4.0,34482.79,SVC-REP-01,Rep Service - contracted field technician,OK
1115,514,1,157,4.0,73931.06,,"TEFC Induction Motor, 55kW, 4-pole, IE3",OK
1116,514,2,143,9.0,14814.18,,"MCC Contactor, 150A, 3-pole",OK
1117,514,3,100,2.0,252899.84,,"Variable Speed Drive, 75kW",OK
1118,515,1,2,8.0,41473.99,,"Flow Meter, magnetic, 100mm (4"")",OK
1119,515,2,148,3.0,253677.34,,"Cone Crusher Concave Ring, coarse profile",MISSING_SERVICE_CODE
1120,516,1,208,3.0,44038.86,SVC-REP-03,Rep Service - contracted field technician,OK
1121,516,2,216,14.0,9047.49,SVC-INS-02,Ins Service - contracted field technician,OK
1122,516,3,215,6.0,36746.09,SVC-INS-01,spares as required,VAGUE_DESCRIPTION
1123,517,1,202,19.0,88820.65,,"Flow Meter, magnetic, 80mm (3"")",OK
1124,517,2,41,1.0,292801.93,,"Variable Speed Drive, 110kW",OK
1125,518,1,9,3.0,281670.25,,"Cone Crusher Concave Ring, standard profile",OK
1126,519,1,64,11.0,1483.15,,"Deep Groove Ball Bearing 6225-2RS, 25mm bore",OK
1127,519,2,16,13.0,4965.12,,"Tapered Roller Bearing 32025, 25mm bore",OK
1128,520,1,157,12.0,63654.81,,items per attached list,VAGUE_DESCRIPTION
1129,521,1,16,19.0,5261.35,,"Tapered Roller Bearing 32025, 25mm bore",OK
1130,522,1,35,1.0,2606.2,,"Impact Idler, 1400mm belt width, rubber disc",OK
1131,522,2,14,15.0,18202.39,,"Motor Drive Coupling, elastomeric, rated for 30kW",MISSING_SERVICE_CODE
1132,523,1,204,8.0,195965.41,,"Slip Ring Induction Motor, 22kW, 6-pole",OK
1133,524,1,211,6.0,26572.91,SVC-INS-03,Ins Service - contracted field technician,OK
1134,525,1,155,18.0,18530.59,,"Butterfly Valve, 100mm (4""), wafer type",OK
1135,525,2,168,2.0,8548.13,,"Circuit Breaker, MCCB, 1000A",OK
1136,525,3,92,1.0,27861.82,,"Pinch Valve, 40mm (1.5""), slurry service",OK
1137,526,1,172,17.0,22168.44,,"Knife Gate Valve, 200mm (8""), rubber lined",OK
1138,526,2,40,18.0,16168.93,,"Motor Drive Coupling, elastomeric, rated for 22kW",OK
1139,526,3,184,7.0,35881.89,,"Diaphragm Dosing Pump Head Assembly, Medium duty",OK
1140,527,1,24,12.0,78993.71,,"Seal Support System, API Plan 32, shaft 80mm",OK
1141,527,2,191,5.0,14073.55,,"Spherical Roller Bearing 22260, 60mm bore",OK
1142,528,1,59,8.0,75979.2,,"TEFC Induction Motor, 110kW, 4-pole, IE3",OK
1143,529,1,56,5.0,12028.43,,"MCC Contactor, 225A, 3-pole",OK
1144,530,1,20,16.0,38472.44,,"Flotation Cell Stator, large cell",MISSING_SERVICE_CODE
1145,530,2,16,1.0,4805.77,,"Tapered Roller Bearing 32025, 25mm bore",OK
1146,531,1,56,12.0,11400.76,,"MCC Contactor, 225A, 3-pole",OK
1147,531,2,59,9.0,76257.37,,"TEFC Induction Motor, 110kW, 4-pole, IE3",OK
1148,531,3,114,15.0,8480.19,,"Tapered Roller Bearing 32090, 90mm bore",OK
1149,532,1,212,10.0,29541.35,SVC-CAL-01,Cal Service - contracted field technician,OK
1150,532,2,216,4.0,9787.42,SVC-INS-02,Ins Service - contracted field technician,OK
1151,532,3,212,7.0,34128.65,SVC-CAL-01,Cal Service - contracted field technician,OK
1152,532,4,212,20.0,34543.35,,Cal Service - contracted field technician,MISSING_SERVICE_CODE
1153,532,5,217,6.0,23315.45,SVC-INS-03,Ins Service - contracted field technician,OK
1154,532,6,216,9.0,9931.44,,Ins Service - contracted field technician,MISSING_SERVICE_CODE
1155,533,1,156,20.0,302520.9,,"Slip Ring Induction Motor, 30kW, 6-pole",OK
1156,533,2,191,1.0,12605.84,,"Spherical Roller Bearing 22260, 60mm bore",OK
1157,533,3,54,18.0,2429.12,,"Deep Groove Ball Bearing 6275-2RS, 75mm bore",OK
1158,534,1,14,11.0,21364.28,,"Motor Drive Coupling, elastomeric, rated for 30kW",OK
1159,535,1,202,20.0,87276.59,,"Flow Meter, magnetic, 80mm (3"")",OK
1160,535,2,175,18.0,3999.62,,"Impact Idler, 650mm belt width, rubber disc",OK
1161,536,1,91,18.0,172.6,,"Power Cable, XLPE armoured, 4-core 70mm2",OK
1162,536,2,183,19.0,9552.26,,"Pillow Block Bearing Unit UCP235, 35mm shaft",MISSING_SERVICE_CODE
1163,537,1,105,10.0,13143.64,,"Belt Scraper Blade Set, 650mm width, tungsten tip",OK
1164,537,2,130,6.0,26083.36,,"Butterfly Valve, 200mm (8""), wafer type",OK
1165,537,3,1,14.0,138944.02,,spares as required,VAGUE_DESCRIPTION
1166,538,1,217,5.0,22986.14,SVC-INS-03,Ins Service - contracted field technician,OK
1167,538,2,212,1.0,35409.57,,Cal Service - contracted field technician,MISSING_SERVICE_CODE
1168,538,3,206,17.0,38017.37,SVC-REP-01,Rep Service - contracted field technician,OK
1169,539,1,142,11.0,72403.21,,"Seal Support System, API Plan 32, shaft 100mm",OK
1170,540,1,197,11.0,242735.28,,"Slip Ring Induction Motor, 75kW, 6-pole",OK
1171,541,1,206,18.0,41105.18,SVC-REP-01,Rep Service - contracted field technician,OK
1172,542,1,141,4.0,18012.43,,"Tapered Roller Bearing 32020, 20mm bore",MISSING_SERVICE_CODE
1173,543,1,51,18.0,151246.7,,"Mill Trunnion Bearing Liner, discharge end",OK
1174,543,2,65,18.0,133542.5,,"TEFC Induction Motor, 15kW, 4-pole, IE3",OK
1175,544,1,35,2.0,2959.78,,"Impact Idler, 1400mm belt width, rubber disc",OK
1176,545,1,130,20.0,24480.48,,"Butterfly Valve, 200mm (8""), wafer type",OK
1177,545,2,178,2.0,5432.72,,"Butterfly Valve, 25mm (1""), wafer type",OK
1178,545,3,90,11.0,1361.3,,"Conveyor Belt, steel cord, 650mm width",OK
1179,546,1,209,13.0,31046.05,SVC-INS-01,Ins Service - contracted field technician,OK
1180,546,2,210,11.0,42661.03,SVC-INS-02,Ins Service - contracted field technician,OK
1181,546,3,214,2.0,10734.23,SVC-CAL-03,Cal Service - contracted field technician,OK
1182,547,1,95,19.0,6098.25,,"Tapered Roller Bearing 32050, 50mm bore",OK
1183,548,1,126,9.0,5091.25,,"Gland Packing Set, shaft 80mm, PTFE impregnated",OK
1184,548,2,117,12.0,35397.74,,"Spherical Roller Bearing 22275, 75mm bore",OK
1185,548,3,24,3.0,90831.23,,"Seal Support System, API Plan 32, shaft 80mm",MISSING_SERVICE_CODE
1186,549,1,127,4.0,49505.13,,"Crusher Toggle Plate, standard rating",OK
1187,549,2,178,17.0,4820.12,,"Butterfly Valve, 25mm (1""), wafer type",OK
1188,549,3,18,9.0,28227.61,,"Flotation Cell Impeller, small cell, rubber coated",OK
1189,550,1,203,16.0,138232.31,,"Density Meter, nuclear, 100mm (4"") pipe",OK
1190,550,2,32,18.0,30148.15,,"Variable Speed Drive, 45kW",OK
1191,550,3,163,15.0,94910.67,,"Variable Speed Drive, 55kW",OK
1192,551,1,107,2.0,58072.82,,"Knife Gate Valve, 150mm (6""), rubber lined",OK
1193,551,2,148,19.0,261773.55,,"Cone Crusher Concave Ring, coarse profile",OK
1194,551,3,142,2.0,61818.53,,"Seal Support System, API Plan 32, shaft 100mm",OK
1195,552,1,156,11.0,273892.23,,"Slip Ring Induction Motor, 30kW, 6-pole",OK
1196,552,2,102,1.0,73642.72,,"Centrifugal Slurry Pump Impeller, Light duty, hard metal",OK
1197,552,3,162,20.0,947.01,,"Pillow Block Bearing Unit UCP290, 90mm shaft",OK
1198,553,1,153,16.0,193681.2,,"Density Meter, nuclear, 40mm (1.5"") pipe",OK
1199,553,2,137,18.0,27776.66,,as discussed,VAGUE_DESCRIPTION
1200,553,3,160,3.0,1149.34,,"Deep Groove Ball Bearing 6290-2RS, 90mm bore",OK
1201,554,1,173,14.0,19897.33,,"Spherical Roller Bearing 22240, 40mm bore",OK
1202,555,1,173,3.0,21287.24,,"Spherical Roller Bearing 22240, 40mm bore",OK
1203,555,2,153,16.0,210262.5,,"Density Meter, nuclear, 40mm (1.5"") pipe",OK
1204,556,1,209,6.0,30910.58,SVC-INS-01,Ins Service - contracted field technician,OK
1205,557,1,135,15.0,39088.39,,"Level Transmitter, ultrasonic, 0-20m range",OK
1206,557,2,174,13.0,100022.33,,"Flotation Cell Stator, medium cell",OK
1207,557,3,133,3.0,124379.09,,"TEFC Induction Motor, 11kW, 4-pole, IE3",OK
1208,558,1,205,8.0,81400.83,,"Centrifugal Slurry Pump Casing Liner, Light duty",OK
1209,559,1,207,14.0,41423.61,SVC-REP-02,Rep Service - contracted field technician,OK
1210,559,2,213,16.0,27842.21,SVC-CAL-02,Cal Service - contracted field technician,OK
1211,560,1,55,6.0,229.63,,"Power Cable, XLPE armoured, 4-core 16mm2",OK
1212,560,2,56,18.0,13188.07,,"MCC Contactor, 225A, 3-pole",OK
1213,560,3,69,7.0,1544.64,,"Deep Groove Ball Bearing 6230-2RS, 30mm bore",OK
1214,560,4,78,17.0,49569.15,,"Flotation Cell Stator, tank cell",OK
1215,560,5,158,18.0,20316.63,,"Motor Drive Coupling, elastomeric, rated for 45kW",OK
1216,560,6,96,2.0,34380.02,,"Circuit Breaker, MCCB, 100A",OK
1217,560,7,91,3.0,174.04,,"Power Cable, XLPE armoured, 4-core 70mm2",OK
1218,561,1,38,10.0,60257.29,,"Mechanical Seal, shaft 50mm, tungsten carbide faces",OK
1219,561,2,60,8.0,15170.78,,"Circuit Breaker, MCCB, 630A",OK
1220,561,3,187,13.0,20637.84,,"Ball Mill Grinding Media, 40mm, forged steel balls",OK
1221,562,1,19,7.0,103137.39,,"Density Meter, nuclear, 25mm (1"") pipe",MISSING_SERVICE_CODE
1222,562,2,114,2.0,9253.02,,"Tapered Roller Bearing 32090, 90mm bore",OK
1223,563,1,207,3.0,46674.17,SVC-REP-02,Rep Service - contracted field technician,OK
1224,564,1,152,7.0,26572.98,,"Butterfly Valve, 150mm (6""), wafer type",OK
1225,564,2,12,7.0,11729.13,,as discussed,VAGUE_DESCRIPTION
1226,564,3,118,1.0,32364.31,,"Spherical Roller Bearing 22217, 17mm bore",OK
1227,565,1,175,13.0,4314.77,,as discussed,VAGUE_DESCRIPTION
1228,566,1,140,2.0,3495.37,,"Gland Packing Set, shaft 25mm, PTFE impregnated",OK
1229,567,1,214,20.0,10215.8,SVC-CAL-03,Cal Service - contracted field technician,OK
1230,567,2,216,10.0,10318.92,SVC-INS-02,Ins Service - contracted field technician,OK
1231,568,1,210,15.0,42738.04,,Ins Service - contracted field technician,MISSING_SERVICE_CODE
1232,568,2,220,20.0,43381.34,SVC-REF-03,Ref Service - contracted field technician,OK
1233,568,3,215,5.0,34113.84,SVC-INS-01,spares as required,VAGUE_DESCRIPTION
1234,569,1,154,16.0,2510.93,,"Motor Drive Coupling, elastomeric, rated for 55kW",OK
1235,569,2,130,7.0,24136.12,,"Butterfly Valve, 200mm (8""), wafer type",MISSING_SERVICE_CODE
1236,569,3,90,13.0,1393.43,,"Conveyor Belt, steel cord, 650mm width",MISSING_SERVICE_CODE
1237,570,1,14,3.0,19116.73,,"Motor Drive Coupling, elastomeric, rated for 30kW",OK
1238,570,2,88,15.0,23413.59,,"Circuit Breaker, MCCB, 400A",OK
1239,571,1,209,5.0,36485.9,SVC-INS-01,Ins Service - contracted field technician,OK
1240,572,1,44,14.0,170302.2,,"Density Meter, nuclear, 150mm (6"") pipe",OK
1241,572,2,163,20.0,109817.51,,"Variable Speed Drive, 55kW",OK
1242,572,3,156,18.0,281299.23,,"Slip Ring Induction Motor, 30kW, 6-pole",MISSING_SERVICE_CODE
1243,573,1,219,19.0,32152.16,SVC-REF-02,Ref Service - contracted field technician,OK
1244,574,1,217,3.0,21648.33,SVC-INS-03,Ins Service - contracted field technician,OK
1245,574,2,214,19.0,9795.03,SVC-CAL-03,Cal Service - contracted field technician,OK
1246,574,3,206,13.0,36140.15,SVC-REP-01,Rep Service - contracted field technician,OK
1247,574,4,208,5.0,38403.94,SVC-REP-03,as discussed,VAGUE_DESCRIPTION
1248,574,5,218,5.0,49758.56,SVC-REF-01,Ref Service - contracted field technician,OK
1249,574,6,207,1.0,46762.53,SVC-REP-02,Rep Service - contracted field technician,OK
1250,574,7,216,6.0,9964.13,SVC-INS-02,Ins Service - contracted field technician,OK
1251,574,8,212,15.0,31515.44,SVC-CAL-01,Cal Service - contracted field technician,OK
1252,574,9,214,19.0,9914.85,SVC-CAL-03,Cal Service - contracted field technician,OK
1253,574,10,214,4.0,9915.58,SVC-CAL-03,Cal Service - contracted field technician,OK
1254,574,11,220,8.0,39707.27,SVC-REF-03,Ref Service - contracted field technician,OK
1255,574,12,209,10.0,31152.14,SVC-INS-01,Ins Service - contracted field technician,OK
1256,575,1,50,8.0,8730.86,,"Butterfly Valve, 80mm (3""), wafer type",OK
1257,575,2,33,12.0,9687.98,,"Motor Drive Coupling, elastomeric, rated for 75kW",OK
1258,575,3,53,7.0,2675.11,,"Gland Packing Set, shaft 38mm, PTFE impregnated",OK
1259,576,1,211,13.0,24528.6,SVC-INS-03,Ins Service - contracted field technician,OK
1260,576,2,213,14.0,31039.36,SVC-CAL-02,Cal Service - contracted field technician,OK
1261,576,3,212,5.0,35357.46,,Cal Service - contracted field technician,MISSING_SERVICE_CODE
1262,577,1,126,20.0,4557.76,,"Gland Packing Set, shaft 80mm, PTFE impregnated",OK
1263,577,2,166,19.0,100130.3,,spares as required,VAGUE_DESCRIPTION
1264,578,1,188,19.0,55915.92,,"Centrifugal Slurry Pump Casing Liner, Low-flow metering",OK
1265,579,1,201,6.0,274281.15,,"Cone Crusher Mantle, standard profile",OK
1266,579,2,120,5.0,138980.88,,"Density Meter, nuclear, 50mm (2"") pipe",OK
1267,579,3,147,15.0,227662.05,,"Cone Crusher Concave Ring, extra-coarse profile",OK
1268,580,1,113,17.0,58563.25,,"Centrifugal Slurry Pump Impeller, Heavy duty slurry, hard metal",OK
1269,581,1,78,12.0,51196.44,,"Flotation Cell Stator, tank cell",OK
1270,582,1,2,8.0,41197.11,,"Flow Meter, magnetic, 100mm (4"")",OK
1271,582,2,10,2.0,15184.81,,"Froth Paddle Assembly, large cell",OK
1272,582,3,98,15.0,29702.57,,"Level Transmitter, ultrasonic, 0-15m range",OK
1273,583,1,219,1.0,35831.79,SVC-REF-02,Ref Service - contracted field technician,OK
1274,584,1,78,6.0,50104.55,,"Flotation Cell Stator, tank cell",OK
1275,585,1,193,16.0,21664.49,,"Ball Valve, 50mm (2""), full bore, stainless trim",OK
1276,585,2,84,5.0,115382.14,,"SAG Mill Liner Plate, shell, chrome-moly steel",OK
1277,585,3,36,1.0,95356.95,,"SAG Mill Liner Plate, head, chrome-moly steel",OK
1278,586,1,175,14.0,3933.91,,"Impact Idler, 650mm belt width, rubber disc",OK
1279,586,2,54,3.0,2634.47,,"Deep Groove Ball Bearing 6275-2RS, 75mm bore",OK
1280,586,3,120,10.0,153025.55,,"Density Meter, nuclear, 50mm (2"") pipe",OK
1281,587,1,15,9.0,108151.02,,"Jaw Crusher Fixed Jaw Plate, standard, manganese steel",OK
1282,587,2,57,5.0,1101.43,,"Conveyor Belt, steel cord, 800mm width",OK
1283,587,3,107,8.0,53109.05,,"Knife Gate Valve, 150mm (6""), rubber lined",OK
1284,588,1,148,20.0,265440.35,,"Cone Crusher Concave Ring, coarse profile",OK
1285,588,2,121,13.0,37416.6,,"Circuit Breaker, MCCB, 250A",OK
1286,589,1,156,16.0,292513.86,,as discussed,VAGUE_DESCRIPTION
1287,589,2,149,17.0,6625.15,,"Spherical Roller Bearing 22225, 25mm bore",OK
1288,589,3,158,18.0,19094.98,,"Motor Drive Coupling, elastomeric, rated for 45kW",OK
1289,590,1,17,10.0,6413.9,,spares as required,VAGUE_DESCRIPTION
1290,590,2,50,1.0,8224.79,,"Butterfly Valve, 80mm (3""), wafer type",OK
1291,591,1,182,19.0,1891.39,,"Impact Idler, 1600mm belt width, rubber disc",OK
1292,591,2,27,5.0,1621.46,,"Gland Packing Set, shaft 50mm, PTFE impregnated",OK
1293,591,3,175,6.0,4062.36,,"Impact Idler, 650mm belt width, rubber disc",OK
1294,592,1,3,12.0,239681.95,,"Variable Speed Drive, 11kW",MISSING_SERVICE_CODE
1295,592,2,140,18.0,3115.57,,items per attached list,VAGUE_DESCRIPTION
1296,593,1,100,2.0,307081.75,,"Variable Speed Drive, 75kW",OK
1297,593,2,12,20.0,10865.36,,"Belt Scraper Blade Set, 1600mm width, tungsten tip",OK
1298,594,1,203,3.0,119987.43,,"Density Meter, nuclear, 100mm (4"") pipe",OK
1299,594,2,123,20.0,24623.17,,"Motor Drive Coupling, elastomeric, rated for 15kW",OK
1300,594,3,144,12.0,19364.22,,misc parts,VAGUE_DESCRIPTION
1301,595,1,218,3.0,46109.38,SVC-REF-01,Ref Service - contracted field technician,OK
1302,595,2,209,8.0,32117.08,SVC-INS-01,Ins Service - contracted field technician,OK
1303,595,3,218,5.0,46391.95,SVC-REF-01,Ref Service - contracted field technician,OK
1304,595,4,219,8.0,36764.21,SVC-REF-02,Ref Service - contracted field technician,OK
1305,595,5,213,6.0,27845.18,SVC-CAL-02,Cal Service - contracted field technician,OK
1306,595,6,207,14.0,44285.54,SVC-REP-02,Rep Service - contracted field technician,OK
1307,595,7,211,2.0,29285.49,SVC-INS-03,Ins Service - contracted field technician,OK
1308,595,8,213,14.0,27156.62,SVC-CAL-02,Cal Service - contracted field technician,OK
1309,595,9,214,1.0,11357.96,SVC-CAL-03,Cal Service - contracted field technician,OK
1310,595,10,215,3.0,32414.5,SVC-INS-01,Ins Service - contracted field technician,OK
1311,596,1,101,3.0,2233.85,,"Conveyor Belt, steel cord, 1200mm width",OK
1312,597,1,219,5.0,36282.7,SVC-REF-02,Ref Service - contracted field technician,OK
1313,598,1,135,13.0,40922.68,,"Level Transmitter, ultrasonic, 0-20m range",OK
1314,598,2,153,19.0,209604.18,,"Density Meter, nuclear, 40mm (1.5"") pipe",OK
1315,598,3,186,12.0,71549.85,,"SAG Mill Liner Plate, lifter bar, chrome-moly steel",OK
1316,599,1,183,9.0,7798.0,,"Pillow Block Bearing Unit UCP235, 35mm shaft",OK
1317,599,2,24,10.0,83041.98,,"Seal Support System, API Plan 32, shaft 80mm",OK
1318,599,3,135,8.0,39867.31,,"Level Transmitter, ultrasonic, 0-20m range",OK
1319,600,1,217,1.0,22288.72,SVC-INS-03,Ins Service - contracted field technician,OK
1320,601,1,11,8.0,144956.68,,"Slip Ring Induction Motor, 110kW, 6-pole",OK
1321,601,2,70,4.0,27530.9,,"Jaw Crusher Fixed Jaw Plate, wave-profile, manganese steel",OK
1322,602,1,121,1.0,38729.45,,"Circuit Breaker, MCCB, 250A",OK
1323,603,1,38,6.0,54623.29,,"Mechanical Seal, shaft 50mm, tungsten carbide faces",OK
1324,604,1,178,12.0,5096.56,,"Butterfly Valve, 25mm (1""), wafer type",OK
1325,604,2,202,17.0,104109.56,,"Flow Meter, magnetic, 80mm (3"")",OK
1326,605,1,183,3.0,7969.61,,"Pillow Block Bearing Unit UCP235, 35mm shaft",OK
1327,605,2,83,13.0,96572.73,,"SAG Mill Liner Plate, discharge grate, chrome-moly steel",OK
1328,606,1,214,5.0,9506.24,SVC-CAL-03,Cal Service - contracted field technician,OK
1329,606,2,216,17.0,9406.31,SVC-INS-02,Ins Service - contracted field technician,OK
1330,606,3,211,8.0,27091.01,SVC-INS-03,Ins Service - contracted field technician,OK
1331,607,1,116,20.0,158023.73,,"Slip Ring Induction Motor, 55kW, 6-pole",OK
1332,608,1,53,12.0,2638.33,,"Gland Packing Set, shaft 38mm, PTFE impregnated",OK
1333,608,2,112,6.0,42868.83,,"Diaphragm Dosing Pump Head Assembly, Low-flow metering",OK
1334,608,3,91,14.0,209.84,,"Power Cable, XLPE armoured, 4-core 70mm2",OK
1335,609,1,75,14.0,75201.84,,"TEFC Induction Motor, 22kW, 4-pole, IE3",OK
1336,609,2,184,20.0,35359.97,,"Diaphragm Dosing Pump Head Assembly, Medium duty",OK
1337,609,3,10,2.0,13613.55,,"Froth Paddle Assembly, large cell",OK
1338,610,1,175,2.0,4487.43,,"Impact Idler, 650mm belt width, rubber disc",OK
1339,610,2,114,7.0,8502.51,,"Tapered Roller Bearing 32090, 90mm bore",OK
1340,610,3,131,4.0,14841.89,,"Butterfly Valve, 50mm (2""), wafer type",OK
1341,611,1,51,13.0,144946.17,,"Mill Trunnion Bearing Liner, discharge end",OK
1342,612,1,161,16.0,18160.49,,"Pressure Transmitter, 0-100 bar range, 4-20mA",OK
1343,613,1,80,5.0,3131.77,,"MCC Contactor, 32A, 3-pole",OK
1344,614,1,132,10.0,28726.7,,"Diaphragm Dosing Pump Head Assembly, High-head",OK
1345,614,2,89,5.0,7866.11,,"Pillow Block Bearing Unit UCP250, 50mm shaft",OK
1346,614,3,198,9.0,8060.53,,"Knife Gate Valve, 80mm (3""), rubber lined",OK
1347,615,1,217,15.0,20560.87,SVC-INS-03,items per attached list,VAGUE_DESCRIPTION
1348,615,2,211,12.0,29608.51,SVC-INS-03,Ins Service - contracted field technician,OK
1349,616,1,88,17.0,22161.07,,"Circuit Breaker, MCCB, 400A",OK
1350,616,2,81,12.0,51946.33,,"Seal Support System, API Plan 32, shaft 50mm",OK
1351,616,3,184,13.0,33548.69,,misc parts,VAGUE_DESCRIPTION
1352,616,4,195,18.0,19620.82,,misc parts,VAGUE_DESCRIPTION
1353,616,5,141,19.0,20875.68,,items per attached list,VAGUE_DESCRIPTION
1354,617,1,51,7.0,149773.67,,"Mill Trunnion Bearing Liner, discharge end",OK
1355,618,1,98,9.0,29302.44,,"Level Transmitter, ultrasonic, 0-15m range",OK
1356,619,1,166,15.0,120853.28,,"Variable Speed Drive, 7.5kW",OK
1357,619,2,19,1.0,99483.2,,"Density Meter, nuclear, 25mm (1"") pipe",OK
1358,620,1,27,13.0,1645.71,,"Gland Packing Set, shaft 50mm, PTFE impregnated",OK
1359,620,2,72,18.0,93279.64,,"Vertical Sump Pump Shaft Assembly, High-head",OK
1360,620,3,129,3.0,129995.1,,"Slip Ring Induction Motor, 11kW, 6-pole",OK
1361,621,1,120,13.0,157050.36,,"Density Meter, nuclear, 50mm (2"") pipe",OK
1362,621,2,125,8.0,10488.42,,"Level Transmitter, ultrasonic, 0-10m range",OK
1363,621,3,1,14.0,116607.86,,"Density Meter, nuclear, 200mm (8"") pipe",MISSING_SERVICE_CODE
1364,622,1,212,13.0,32724.83,SVC-CAL-01,Cal Service - contracted field technician,OK
1365,622,2,214,14.0,9870.44,SVC-CAL-03,Cal Service - contracted field technician,OK
1366,622,3,208,7.0,42502.95,SVC-REP-03,Rep Service - contracted field technician,OK
1367,623,1,215,6.0,32772.2,SVC-INS-01,Ins Service - contracted field technician,OK
1368,623,2,206,20.0,37800.36,SVC-REP-01,Rep Service - contracted field technician,OK
1369,624,1,161,2.0,18372.57,,"Pressure Transmitter, 0-100 bar range, 4-20mA",OK
1370,624,2,94,15.0,7687.79,,"Pillow Block Bearing Unit UCP230, 30mm shaft",OK
1371,625,1,60,17.0,15355.34,,"Circuit Breaker, MCCB, 630A",OK
1372,625,2,200,14.0,16236.8,,"Froth Paddle Assembly, small cell",OK
1373,626,1,158,13.0,21298.97,,"Motor Drive Coupling, elastomeric, rated for 45kW",OK
1374,626,2,107,9.0,49847.87,,"Knife Gate Valve, 150mm (6""), rubber lined",OK
1375,626,3,203,16.0,112424.74,,"Density Meter, nuclear, 100mm (4"") pipe",OK
1376,627,1,194,15.0,84170.51,,"Flow Meter, magnetic, 25mm (1"")",OK
1377,628,1,74,2.0,51421.43,,"Seal Support System, API Plan 32, shaft 25mm",OK
1378,629,1,142,1.0,59509.44,,"Seal Support System, API Plan 32, shaft 100mm",OK
1379,630,1,46,13.0,197376.11,,"Cone Crusher Concave Ring, fine profile",OK
1380,630,2,181,11.0,35655.13,,"Seal Support System, API Plan 32, shaft 65mm",OK
1381,631,1,51,1.0,146145.81,,"Mill Trunnion Bearing Liner, discharge end",OK
1382,632,1,98,17.0,36473.95,,"Level Transmitter, ultrasonic, 0-15m range",MISSING_SERVICE_CODE
1383,632,2,48,11.0,14074.23,,"Belt Scraper Blade Set, 1200mm width, tungsten tip",OK
1384,632,3,145,18.0,31835.62,,"Vertical Sump Pump Shaft Assembly, Medium duty",OK
1385,632,4,135,16.0,35609.46,,as discussed,VAGUE_DESCRIPTION
1386,632,5,1,12.0,115502.4,,"Density Meter, nuclear, 200mm (8"") pipe",OK
1387,632,6,167,13.0,31608.46,,"Froth Paddle Assembly, medium cell",OK
1388,632,7,185,18.0,517.16,,"Power Cable, XLPE armoured, 4-core 35mm2",OK
1389,632,8,119,4.0,17846.37,,"Tapered Roller Bearing 32017, 17mm bore",OK
1390,633,1,206,9.0,33575.55,SVC-REP-01,Rep Service - contracted field technician,OK
1391,633,2,208,20.0,43972.19,SVC-REP-03,Rep Service - contracted field technician,OK
1392,634,1,92,3.0,25265.13,,"Pinch Valve, 40mm (1.5""), slurry service",OK
1393,635,1,160,18.0,1111.41,,"Deep Groove Ball Bearing 6290-2RS, 90mm bore",OK
1394,636,1,216,20.0,10188.13,SVC-INS-02,Ins Service - contracted field technician,OK
1395,636,2,212,1.0,30490.42,SVC-CAL-01,Cal Service - contracted field technician,OK
1396,636,3,213,1.0,30594.97,SVC-CAL-02,Cal Service - contracted field technician,OK
1397,637,1,123,17.0,24718.48,,"Motor Drive Coupling, elastomeric, rated for 15kW",OK
1398,637,2,139,7.0,3888.11,,"Tapered Roller Bearing 32075, 75mm bore",OK
1399,637,3,169,17.0,128075.48,,"TEFC Induction Motor, 45kW, 4-pole, IE3",OK
1400,638,1,138,10.0,27715.05,,"Centrifugal Slurry Pump Casing Liner, High-head",OK
1401,639,1,141,7.0,19769.72,,"Tapered Roller Bearing 32020, 20mm bore",OK
1402,639,2,153,4.0,212575.84,,"Density Meter, nuclear, 40mm (1.5"") pipe",OK
1403,640,1,211,18.0,25402.44,SVC-INS-03,Ins Service - contracted field technician,OK
1404,640,2,217,19.0,22384.08,SVC-INS-03,Ins Service - contracted field technician,OK
1405,640,3,220,5.0,43737.73,SVC-REF-03,Ref Service - contracted field technician,OK
1406,641,1,185,15.0,583.09,,"Power Cable, XLPE armoured, 4-core 35mm2",OK
1407,641,2,141,6.0,17084.35,,"Tapered Roller Bearing 32020, 20mm bore",OK
1408,641,3,46,3.0,197344.67,,"Cone Crusher Concave Ring, fine profile",OK
1409,642,1,2,8.0,48762.45,,"Flow Meter, magnetic, 100mm (4"")",OK
1410,643,1,192,12.0,9575.22,,"Pillow Block Bearing Unit UCP217, 17mm shaft",OK
1411,643,2,186,11.0,72194.59,,"SAG Mill Liner Plate, lifter bar, chrome-moly steel",OK
1412,644,1,32,18.0,28800.65,,"Variable Speed Drive, 45kW",OK
1413,645,1,133,8.0,145709.11,,"TEFC Induction Motor, 11kW, 4-pole, IE3",OK
1414,645,2,88,14.0,23367.3,,"Circuit Breaker, MCCB, 400A",OK
1415,645,3,126,9.0,5458.49,,"Gland Packing Set, shaft 80mm, PTFE impregnated",OK
1416,646,1,153,2.0,191367.42,,"Density Meter, nuclear, 40mm (1.5"") pipe",OK
1417,646,2,10,6.0,13806.11,,"Froth Paddle Assembly, large cell",OK
1418,647,1,207,9.0,42080.31,SVC-REP-02,Rep Service - contracted field technician,OK
1419,647,2,208,6.0,46764.72,SVC-REP-03,Rep Service - contracted field technician,OK
1420,647,3,215,12.0,34926.37,SVC-INS-01,items per attached list,VAGUE_DESCRIPTION
1421,648,1,75,15.0,82225.44,,"TEFC Induction Motor, 22kW, 4-pole, IE3",OK
1422,649,1,118,6.0,33012.95,,"Spherical Roller Bearing 22217, 17mm bore",OK
1423,650,1,60,3.0,13873.36,,misc parts,VAGUE_DESCRIPTION
1424,650,2,75,12.0,71355.13,,"TEFC Induction Motor, 22kW, 4-pole, IE3",OK
1425,651,1,51,5.0,142107.21,,"Mill Trunnion Bearing Liner, discharge end",OK
1426,652,1,70,4.0,27566.56,,"Jaw Crusher Fixed Jaw Plate, wave-profile, manganese steel",OK
