approval_id,recommendation_id,approver_role,approver_user,decision,decision_date,comment
APR-000001,REC-000001,Commercial Head,VZIINV01,APPROVED,2026-06-04,Approved; to be applied in SAP by VZI.
APR-000002,REC-000002,Commercial Head,VZIINV01,REJECTED,2026-09-07,Consumption not considered representative.
APR-000003,REC-000003,Commercial Head,VZIINV02,APPROVED,2026-08-06,Approved; to be applied in SAP by VZI.
APR-000004,REC-000004,Inventory Controller,VZIINV02,APPROVED,2026-06-16,Approved; to be applied in SAP by VZI.
APR-000005,REC-000005,Engineering Head,VZIINV01,APPROVED,2026-08-26,Approved; to be applied in SAP by VZI.
APR-000006,REC-000006,Inventory Controller,VZIINV01,APPROVED,2026-09-02,Approved; to be applied in SAP by VZI.
APR-000007,REC-000007,Engineering Head,VZIINV02,APPROVED,2026-08-17,Approved; to be applied in SAP by VZI.
APR-000008,REC-000010,Inventory Controller,VZIINV01,REJECTED,2026-07-16,Consumption not considered representative.
APR-000009,REC-000011,Inventory Controller,VZIINV01,APPROVED,2026-06-01,Approved; to be applied in SAP by VZI.
APR-000010,REC-000013,Inventory Controller,VZIINV02,APPROVED,2026-06-21,Approved; to be applied in SAP by VZI.
APR-000011,REC-000015,Engineering Head,VZIINV02,APPROVED,2026-08-11,Approved; to be applied in SAP by VZI.
APR-000012,REC-000016,Engineering Head,VZIINV02,REJECTED,2026-08-07,Consumption not considered representative.
APR-000013,REC-000017,Engineering Head,VZIINV02,APPROVED,2026-07-15,Approved; to be applied in SAP by VZI.
APR-000014,REC-000018,Inventory Controller,VZIINV01,REJECTED,2026-07-13,Consumption not considered representative.
APR-000015,REC-000019,Plant Head,VZIINV02,APPROVED,2026-08-18,Approved; to be applied in SAP by VZI.
APR-000016,REC-000020,Commercial Head,VZIINV01,REJECTED,2026-08-30,Consumption not considered representative.
APR-000017,REC-000021,Commercial Head,VZIINV01,REJECTED,2026-07-13,Consumption not considered representative.
APR-000018,REC-000022,Plant Head,VZIINV02,APPROVED,2026-05-30,Approved; to be applied in SAP by VZI.
APR-000019,REC-000024,Commercial Head,VZIINV02,APPROVED,2026-08-01,Approved; to be applied in SAP by VZI.
APR-000020,REC-000025,Plant Head,VZIINV02,APPROVED,2026-06-19,Approved; to be applied in SAP by VZI.
APR-000021,REC-000026,Commercial Head,VZIINV02,APPROVED,2026-09-07,Approved; to be applied in SAP by VZI.
APR-000022,REC-000027,Inventory Controller,VZIINV01,REJECTED,2026-07-24,Consumption not considered representative.
APR-000023,REC-000028,Engineering Head,VZIINV01,APPROVED,2026-06-24,Approved; to be applied in SAP by VZI.
APR-000024,REC-000030,Plant Head,VZIINV02,APPROVED,2026-08-01,Approved; to be applied in SAP by VZI.
APR-000025,REC-000031,Inventory Controller,VZIINV01,APPROVED,2026-06-07,Approved; to be applied in SAP by VZI.
APR-000026,REC-000032,Engineering Head,VZIINV01,APPROVED,2026-08-18,Approved; to be applied in SAP by VZI.
APR-000027,REC-000033,Engineering Head,VZIINV02,APPROVED,2026-05-26,Approved; to be applied in SAP by VZI.
APR-000028,REC-000035,Engineering Head,VZIINV02,REJECTED,2026-09-07,Consumption not considered representative.
APR-000029,REC-000037,Inventory Controller,VZIINV01,HELD,2026-06-08,Held pending further consumption evidence.
APR-000030,REC-000038,Inventory Controller,VZIINV02,REJECTED,2026-07-28,Consumption not considered representative.
APR-000031,REC-000039,Plant Head,VZIINV01,APPROVED,2026-09-01,Approved; to be applied in SAP by VZI.
APR-000032,REC-000040,Plant Head,VZIINV01,REJECTED,2026-09-07,Consumption not considered representative.
APR-000033,REC-000041,Plant Head,VZIINV02,APPROVED,2026-06-18,Approved; to be applied in SAP by VZI.
APR-000034,REC-000042,Inventory Controller,VZIINV02,APPROVED,2026-09-07,Approved; to be applied in SAP by VZI.
APR-000035,REC-000044,Plant Head,VZIINV01,APPROVED,2026-08-23,Approved; to be applied in SAP by VZI.
APR-000036,REC-000047,Commercial Head,VZIINV01,HELD,2026-07-18,Held pending further consumption evidence.
APR-000037,REC-000049,Engineering Head,VZIINV01,REJECTED,2026-09-04,Consumption not considered representative.
APR-000038,REC-000050,Inventory Controller,VZIINV01,HELD,2026-07-24,Held pending further consumption evidence.
APR-000039,REC-000052,Inventory Controller,VZIINV02,REJECTED,2026-08-10,Consumption not considered representative.
APR-000040,REC-000053,Inventory Controller,VZIINV02,APPROVED,2026-06-07,Approved; to be applied in SAP by VZI.
APR-000041,REC-000056,Commercial Head,VZIINV02,HELD,2026-08-06,Held pending further consumption evidence.
APR-000042,REC-000057,Plant Head,VZIINV01,HELD,2026-06-24,Held pending further consumption evidence.
APR-000043,REC-000058,Plant Head,VZIINV02,APPROVED,2026-05-29,Approved; to be applied in SAP by VZI.
APR-000044,REC-000060,Commercial Head,VZIINV02,APPROVED,2026-08-26,Approved; to be applied in SAP by VZI.
APR-000045,REC-000061,Engineering Head,VZIINV02,APPROVED,2026-08-05,Approved; to be applied in SAP by VZI.
APR-000046,REC-000062,Engineering Head,VZIINV01,APPROVED,2026-06-16,Approved; to be applied in SAP by VZI.
APR-000047,REC-000065,Inventory Controller,VZIINV01,HELD,2026-08-28,Held pending further consumption evidence.
APR-000048,REC-000066,Commercial Head,VZIINV02,APPROVED,2026-06-02,Approved; to be applied in SAP by VZI.
APR-000049,REC-000067,Plant Head,VZIINV02,APPROVED,2026-05-21,Approved; to be applied in SAP by VZI.
APR-000050,REC-000070,Plant Head,VZIINV02,APPROVED,2026-08-16,Approved; to be applied in SAP by VZI.
APR-000051,REC-000071,Engineering Head,VZIINV02,APPROVED,2026-08-03,Approved; to be applied in SAP by VZI.
APR-000052,REC-000072,Engineering Head,VZIINV02,REJECTED,2026-07-13,Consumption not considered representative.
APR-000053,REC-000073,Engineering Head,VZIINV02,REJECTED,2026-07-21,Consumption not considered representative.
APR-000054,REC-000074,Plant Head,VZIINV01,APPROVED,2026-07-19,Approved; to be applied in SAP by VZI.
APR-000055,REC-000075,Plant Head,VZIINV02,REJECTED,2026-08-02,Consumption not considered representative.
APR-000056,REC-000077,Inventory Controller,VZIINV01,HELD,2026-06-08,Held pending further consumption evidence.
APR-000057,REC-000078,Engineering Head,VZIINV01,REJECTED,2026-08-19,Consumption not considered representative.
APR-000058,REC-000080,Plant Head,VZIINV02,APPROVED,2026-08-30,Approved; to be applied in SAP by VZI.
APR-000059,REC-000081,Plant Head,VZIINV01,APPROVED,2026-08-14,Approved; to be applied in SAP by VZI.
APR-000060,REC-000082,Plant Head,VZIINV02,APPROVED,2026-09-07,Approved; to be applied in SAP by VZI.
APR-000061,REC-000083,Plant Head,VZIINV01,APPROVED,2026-07-18,Approved; to be applied in SAP by VZI.
APR-000062,REC-000084,Engineering Head,VZIINV01,APPROVED,2026-07-09,Approved; to be applied in SAP by VZI.
APR-000063,REC-000086,Inventory Controller,VZIINV01,APPROVED,2026-08-11,Approved; to be applied in SAP by VZI.
APR-000064,REC-000087,Inventory Controller,VZIINV01,APPROVED,2026-05-21,Approved; to be applied in SAP by VZI.
APR-000065,REC-000089,Plant Head,VZIINV01,REJECTED,2026-08-06,Consumption not considered representative.
APR-000066,REC-000090,Engineering Head,VZIINV01,HELD,2026-05-24,Held pending further consumption evidence.
APR-000067,REC-000091,Plant Head,VZIINV02,APPROVED,2026-06-21,Approved; to be applied in SAP by VZI.
APR-000068,REC-000092,Engineering Head,VZIINV02,HELD,2026-08-30,Held pending further consumption evidence.
APR-000069,REC-000095,Plant Head,VZIINV02,APPROVED,2026-07-18,Approved; to be applied in SAP by VZI.
APR-000070,REC-000096,Plant Head,VZIINV02,HELD,2026-07-24,Held pending further consumption evidence.
APR-000071,REC-000100,Plant Head,VZIINV01,REJECTED,2026-09-07,Consumption not considered representative.
APR-000072,REC-000101,Plant Head,VZIINV01,APPROVED,2026-08-11,Approved; to be applied in SAP by VZI.
APR-000073,REC-000102,Plant Head,VZIINV02,APPROVED,2026-08-04,Approved; to be applied in SAP by VZI.
APR-000074,REC-000103,Plant Head,VZIINV01,APPROVED,2026-06-29,Approved; to be applied in SAP by VZI.
APR-000075,REC-000104,Inventory Controller,VZIINV02,APPROVED,2026-08-31,Approved; to be applied in SAP by VZI.
APR-000076,REC-000105,Inventory Controller,VZIINV02,APPROVED,2026-05-31,Approved; to be applied in SAP by VZI.
APR-000077,REC-000106,Plant Head,VZIINV02,HELD,2026-09-07,Held pending further consumption evidence.
APR-000078,REC-000107,Inventory Controller,VZIINV01,REJECTED,2026-08-14,Consumption not considered representative.
APR-000079,REC-000108,Inventory Controller,VZIINV02,APPROVED,2026-09-07,Approved; to be applied in SAP by VZI.
APR-000080,REC-000109,Engineering Head,VZIINV01,HELD,2026-06-05,Held pending further consumption evidence.
APR-000081,REC-000110,Engineering Head,VZIINV01,REJECTED,2026-08-17,Consumption not considered representative.
APR-000082,REC-000111,Engineering Head,VZIINV01,HELD,2026-07-27,Held pending further consumption evidence.
APR-000083,REC-000112,Plant Head,VZIINV01,APPROVED,2026-07-07,Approved; to be applied in SAP by VZI.
APR-000084,REC-000113,Plant Head,VZIINV01,HELD,2026-08-19,Held pending further consumption evidence.
APR-000085,REC-000114,Plant Head,VZIINV02,APPROVED,2026-07-30,Approved; to be applied in SAP by VZI.
APR-000086,REC-000115,Plant Head,VZIINV02,APPROVED,2026-06-02,Approved; to be applied in SAP by VZI.
APR-000087,REC-000117,Inventory Controller,VZIINV01,REJECTED,2026-08-15,Consumption not considered representative.
APR-000088,REC-000118,Engineering Head,VZIINV02,APPROVED,2026-07-27,Approved; to be applied in SAP by VZI.
APR-000089,REC-000119,Engineering Head,VZIINV01,APPROVED,2026-08-16,Approved; to be applied in SAP by VZI.
APR-000090,REC-000120,Inventory Controller,VZIINV01,REJECTED,2026-09-07,Consumption not considered representative.
APR-000091,REC-000121,Commercial Head,VZIINV02,REJECTED,2026-07-17,Consumption not considered representative.
APR-000092,REC-000123,Plant Head,VZIINV01,APPROVED,2026-09-01,Approved; to be applied in SAP by VZI.
APR-000093,REC-000127,Inventory Controller,VZIINV02,APPROVED,2026-07-03,Approved; to be applied in SAP by VZI.
APR-000094,REC-000128,Engineering Head,VZIINV01,HELD,2026-08-12,Held pending further consumption evidence.
APR-000095,REC-000129,Engineering Head,VZIINV01,APPROVED,2026-07-09,Approved; to be applied in SAP by VZI.
APR-000096,REC-000130,Plant Head,VZIINV01,HELD,2026-06-08,Held pending further consumption evidence.
APR-000097,REC-000131,Inventory Controller,VZIINV01,HELD,2026-07-05,Held pending further consumption evidence.
APR-000098,REC-000132,Inventory Controller,VZIINV01,APPROVED,2026-06-03,Approved; to be applied in SAP by VZI.
APR-000099,REC-000133,Plant Head,VZIINV02,APPROVED,2026-06-02,Approved; to be applied in SAP by VZI.
APR-000100,REC-000135,Inventory Controller,VZIINV02,APPROVED,2026-07-24,Approved; to be applied in SAP by VZI.
APR-000101,REC-000136,Inventory Controller,VZIINV01,REJECTED,2026-06-11,Consumption not considered representative.
APR-000102,REC-000138,Engineering Head,VZIINV01,APPROVED,2026-06-13,Approved; to be applied in SAP by VZI.
APR-000103,REC-000139,Engineering Head,VZIINV02,APPROVED,2026-06-23,Approved; to be applied in SAP by VZI.
APR-000104,REC-000140,Engineering Head,VZIINV02,REJECTED,2026-06-18,Consumption not considered representative.
APR-000105,REC-000145,Plant Head,VZIINV01,APPROVED,2026-09-07,Approved; to be applied in SAP by VZI.
APR-000106,REC-000146,Plant Head,VZIINV02,APPROVED,2026-06-20,Approved; to be applied in SAP by VZI.
APR-000107,REC-000148,Inventory Controller,VZIINV01,REJECTED,2026-07-24,Consumption not considered representative.
APR-000108,REC-000151,Engineering Head,VZIINV01,APPROVED,2026-06-11,Approved; to be applied in SAP by VZI.
APR-000109,REC-000152,Commercial Head,VZIINV02,REJECTED,2026-06-29,Consumption not considered representative.
APR-000110,REC-000155,Engineering Head,VZIINV01,REJECTED,2026-06-28,Consumption not considered representative.
APR-000111,REC-000156,Plant Head,VZIINV02,REJECTED,2026-06-23,Consumption not considered representative.
APR-000112,REC-000158,Commercial Head,VZIINV01,REJECTED,2026-08-31,Consumption not considered representative.
APR-000113,REC-000162,Plant Head,VZIINV01,APPROVED,2026-06-28,Approved; to be applied in SAP by VZI.
APR-000114,REC-000163,Plant Head,VZIINV01,REJECTED,2026-06-05,Consumption not considered representative.
APR-000115,REC-000164,Inventory Controller,VZIINV01,APPROVED,2026-09-07,Approved; to be applied in SAP by VZI.
APR-000116,REC-000165,Inventory Controller,VZIINV01,REJECTED,2026-09-04,Consumption not considered representative.
APR-000117,REC-000166,Inventory Controller,VZIINV01,REJECTED,2026-06-25,Consumption not considered representative.
APR-000118,REC-000167,Commercial Head,VZIINV02,APPROVED,2026-08-01,Approved; to be applied in SAP by VZI.
APR-000119,REC-000168,Inventory Controller,VZIINV01,APPROVED,2026-07-28,Approved; to be applied in SAP by VZI.
APR-000120,REC-000169,Engineering Head,VZIINV02,APPROVED,2026-08-02,Approved; to be applied in SAP by VZI.
APR-000121,REC-000171,Inventory Controller,VZIINV01,APPROVED,2026-07-08,Approved; to be applied in SAP by VZI.
APR-000122,REC-000172,Inventory Controller,VZIINV01,REJECTED,2026-05-30,Consumption not considered representative.
APR-000123,REC-000174,Engineering Head,VZIINV02,APPROVED,2026-06-07,Approved; to be applied in SAP by VZI.
APR-000124,REC-000177,Inventory Controller,VZIINV01,APPROVED,2026-06-07,Approved; to be applied in SAP by VZI.
APR-000125,REC-000183,Plant Head,VZIINV01,APPROVED,2026-07-28,Approved; to be applied in SAP by VZI.
APR-000126,REC-000184,Plant Head,VZIINV01,APPROVED,2026-06-22,Approved; to be applied in SAP by VZI.
APR-000127,REC-000185,Engineering Head,VZIINV02,REJECTED,2026-05-25,Consumption not considered representative.
APR-000128,REC-000187,Inventory Controller,VZIINV01,REJECTED,2026-09-07,Consumption not considered representative.
APR-000129,REC-000188,Engineering Head,VZIINV02,APPROVED,2026-05-19,Approved; to be applied in SAP by VZI.
APR-000130,REC-000189,Inventory Controller,VZIINV01,APPROVED,2026-05-27,Approved; to be applied in SAP by VZI.
APR-000131,REC-000190,Plant Head,VZIINV01,APPROVED,2026-07-23,Approved; to be applied in SAP by VZI.
APR-000132,REC-000191,Plant Head,VZIINV02,REJECTED,2026-09-02,Consumption not considered representative.
APR-000133,REC-000192,Plant Head,VZIINV01,REJECTED,2026-07-23,Consumption not considered representative.
APR-000134,REC-000194,Inventory Controller,VZIINV02,REJECTED,2026-06-10,Consumption not considered representative.
APR-000135,REC-000195,Inventory Controller,VZIINV02,APPROVED,2026-08-23,Approved; to be applied in SAP by VZI.
APR-000136,REC-000196,Plant Head,VZIINV01,HELD,2026-05-30,Held pending further consumption evidence.
APR-000137,REC-000200,Engineering Head,VZIINV02,APPROVED,2026-07-14,Approved; to be applied in SAP by VZI.
APR-000138,REC-000201,Plant Head,VZIINV01,REJECTED,2026-08-28,Consumption not considered representative.
APR-000139,REC-000202,Inventory Controller,VZIINV01,HELD,2026-09-07,Held pending further consumption evidence.
APR-000140,REC-000203,Commercial Head,VZIINV01,REJECTED,2026-07-14,Consumption not considered representative.
APR-000141,REC-000204,Inventory Controller,VZIINV02,APPROVED,2026-07-29,Approved; to be applied in SAP by VZI.
APR-000142,REC-000206,Plant Head,VZIINV01,HELD,2026-05-27,Held pending further consumption evidence.
APR-000143,REC-000207,Plant Head,VZIINV01,REJECTED,2026-09-02,Consumption not considered representative.
APR-000144,REC-000209,Inventory Controller,VZIINV02,APPROVED,2026-07-10,Approved; to be applied in SAP by VZI.
APR-000145,REC-000210,Inventory Controller,VZIINV02,APPROVED,2026-09-07,Approved; to be applied in SAP by VZI.
APR-000146,REC-000212,Plant Head,VZIINV02,REJECTED,2026-07-01,Consumption not considered representative.
APR-000147,REC-000213,Commercial Head,VZIINV01,APPROVED,2026-07-11,Approved; to be applied in SAP by VZI.
APR-000148,REC-000214,Engineering Head,VZIINV01,APPROVED,2026-09-03,Approved; to be applied in SAP by VZI.
APR-000149,REC-000215,Inventory Controller,VZIINV02,APPROVED,2026-09-01,Approved; to be applied in SAP by VZI.
APR-000150,REC-000219,Plant Head,VZIINV02,HELD,2026-07-10,Held pending further consumption evidence.
APR-000151,REC-000220,Plant Head,VZIINV01,HELD,2026-05-25,Held pending further consumption evidence.
APR-000152,REC-000221,Engineering Head,VZIINV01,APPROVED,2026-08-20,Approved; to be applied in SAP by VZI.
APR-000153,REC-000224,Engineering Head,VZIINV01,APPROVED,2026-09-07,Approved; to be applied in SAP by VZI.
APR-000154,REC-000226,Inventory Controller,VZIINV02,APPROVED,2026-07-20,Approved; to be applied in SAP by VZI.
APR-000155,REC-000229,Engineering Head,VZIINV01,APPROVED,2026-08-25,Approved; to be applied in SAP by VZI.
APR-000156,REC-000231,Plant Head,VZIINV02,REJECTED,2026-05-23,Consumption not considered representative.
APR-000157,REC-000233,Engineering Head,VZIINV02,APPROVED,2026-06-18,Approved; to be applied in SAP by VZI.
APR-000158,REC-000234,Engineering Head,VZIINV02,REJECTED,2026-07-09,Consumption not considered representative.
APR-000159,REC-000235,Engineering Head,VZIINV01,APPROVED,2026-06-01,Approved; to be applied in SAP by VZI.
APR-000160,REC-000237,Plant Head,VZIINV01,APPROVED,2026-09-01,Approved; to be applied in SAP by VZI.
APR-000161,REC-000238,Plant Head,VZIINV02,REJECTED,2026-05-24,Consumption not considered representative.
APR-000162,REC-000239,Inventory Controller,VZIINV01,APPROVED,2026-05-28,Approved; to be applied in SAP by VZI.
APR-000163,REC-000241,Plant Head,VZIINV01,APPROVED,2026-07-26,Approved; to be applied in SAP by VZI.
APR-000164,REC-000243,Inventory Controller,VZIINV02,APPROVED,2026-07-25,Approved; to be applied in SAP by VZI.
APR-000165,REC-000244,Plant Head,VZIINV01,APPROVED,2026-07-21,Approved; to be applied in SAP by VZI.
APR-000166,REC-000245,Inventory Controller,VZIINV02,APPROVED,2026-07-23,Approved; to be applied in SAP by VZI.
APR-000167,REC-000246,Inventory Controller,VZIINV02,APPROVED,2026-07-23,Approved; to be applied in SAP by VZI.
APR-000168,REC-000251,Plant Head,VZIINV02,REJECTED,2026-06-20,Consumption not considered representative.
APR-000169,REC-000252,Plant Head,VZIINV02,APPROVED,2026-08-21,Approved; to be applied in SAP by VZI.
APR-000170,REC-000253,Engineering Head,VZIINV01,APPROVED,2026-07-22,Approved; to be applied in SAP by VZI.
APR-000171,REC-000257,Engineering Head,VZIINV02,HELD,2026-07-15,Held pending further consumption evidence.
APR-000172,REC-000258,Engineering Head,VZIINV01,APPROVED,2026-06-02,Approved; to be applied in SAP by VZI.
APR-000173,REC-000259,Plant Head,VZIINV02,HELD,2026-07-31,Held pending further consumption evidence.
APR-000174,REC-000261,Inventory Controller,VZIINV01,APPROVED,2026-06-14,Approved; to be applied in SAP by VZI.
APR-000175,REC-000264,Engineering Head,VZIINV02,APPROVED,2026-08-15,Approved; to be applied in SAP by VZI.
APR-000176,REC-000266,Commercial Head,VZIINV02,HELD,2026-07-15,Held pending further consumption evidence.
APR-000177,REC-000270,Plant Head,VZIINV02,APPROVED,2026-07-10,Approved; to be applied in SAP by VZI.
APR-000178,REC-000271,Plant Head,VZIINV02,APPROVED,2026-08-22,Approved; to be applied in SAP by VZI.
APR-000179,REC-000272,Plant Head,VZIINV02,HELD,2026-08-18,Held pending further consumption evidence.
APR-000180,REC-000274,Engineering Head,VZIINV02,HELD,2026-06-30,Held pending further consumption evidence.
APR-000181,REC-000275,Plant Head,VZIINV01,REJECTED,2026-05-30,Consumption not considered representative.
APR-000182,REC-000276,Engineering Head,VZIINV01,APPROVED,2026-06-23,Approved; to be applied in SAP by VZI.
APR-000183,REC-000277,Engineering Head,VZIINV02,REJECTED,2026-09-07,Consumption not considered representative.
APR-000184,REC-000278,Inventory Controller,VZIINV02,REJECTED,2026-06-20,Consumption not considered representative.
APR-000185,REC-000279,Inventory Controller,VZIINV01,APPROVED,2026-08-24,Approved; to be applied in SAP by VZI.
APR-000186,REC-000280,Inventory Controller,VZIINV02,APPROVED,2026-09-06,Approved; to be applied in SAP by VZI.
APR-000187,REC-000282,Plant Head,VZIINV01,APPROVED,2026-06-12,Approved; to be applied in SAP by VZI.
APR-000188,REC-000283,Engineering Head,VZIINV01,APPROVED,2026-06-27,Approved; to be applied in SAP by VZI.
APR-000189,REC-000284,Engineering Head,VZIINV02,REJECTED,2026-09-07,Consumption not considered representative.
APR-000190,REC-000285,Engineering Head,VZIINV02,APPROVED,2026-07-02,Approved; to be applied in SAP by VZI.
APR-000191,REC-000286,Plant Head,VZIINV01,APPROVED,2026-06-28,Approved; to be applied in SAP by VZI.
APR-000192,REC-000287,Plant Head,VZIINV02,APPROVED,2026-08-07,Approved; to be applied in SAP by VZI.
APR-000193,REC-000288,Plant Head,VZIINV02,HELD,2026-06-19,Held pending further consumption evidence.
APR-000194,REC-000289,Engineering Head,VZIINV01,APPROVED,2026-09-05,Approved; to be applied in SAP by VZI.
APR-000195,REC-000290,Inventory Controller,VZIINV02,APPROVED,2026-06-09,Approved; to be applied in SAP by VZI.
APR-000196,REC-000291,Commercial Head,VZIINV02,APPROVED,2026-06-23,Approved; to be applied in SAP by VZI.
APR-000197,REC-000293,Inventory Controller,VZIINV01,APPROVED,2026-07-31,Approved; to be applied in SAP by VZI.
APR-000198,REC-000295,Plant Head,VZIINV01,HELD,2026-06-21,Held pending further consumption evidence.
APR-000199,REC-000296,Plant Head,VZIINV01,HELD,2026-08-19,Held pending further consumption evidence.
APR-000200,REC-000297,Plant Head,VZIINV02,APPROVED,2026-06-17,Approved; to be applied in SAP by VZI.
APR-000201,REC-000298,Commercial Head,VZIINV01,HELD,2026-09-07,Held pending further consumption evidence.
APR-000202,REC-000299,Commercial Head,VZIINV02,APPROVED,2026-06-13,Approved; to be applied in SAP by VZI.
APR-000203,REC-000302,Plant Head,VZIINV02,REJECTED,2026-07-16,Consumption not considered representative.
APR-000204,REC-000303,Plant Head,VZIINV01,REJECTED,2026-07-18,Consumption not considered representative.
APR-000205,REC-000304,Engineering Head,VZIINV02,APPROVED,2026-09-07,Approved; to be applied in SAP by VZI.
APR-000206,REC-000305,Inventory Controller,VZIINV02,REJECTED,2026-06-02,Consumption not considered representative.
APR-000207,REC-000307,Inventory Controller,VZIINV01,REJECTED,2026-08-13,Consumption not considered representative.
APR-000208,REC-000309,Commercial Head,VZIINV01,APPROVED,2026-09-02,Approved; to be applied in SAP by VZI.
APR-000209,REC-000310,Commercial Head,VZIINV02,APPROVED,2026-08-27,Approved; to be applied in SAP by VZI.
APR-000210,REC-000312,Inventory Controller,VZIINV01,APPROVED,2026-05-29,Approved; to be applied in SAP by VZI.
APR-000211,REC-000313,Commercial Head,VZIINV01,APPROVED,2026-07-28,Approved; to be applied in SAP by VZI.
APR-000212,REC-000314,Inventory Controller,VZIINV02,REJECTED,2026-05-18,Consumption not considered representative.
APR-000213,REC-000315,Inventory Controller,VZIINV02,REJECTED,2026-08-20,Consumption not considered representative.
APR-000214,REC-000317,Engineering Head,VZIINV01,APPROVED,2026-08-06,Approved; to be applied in SAP by VZI.
APR-000215,REC-000319,Inventory Controller,VZIINV01,APPROVED,2026-06-12,Approved; to be applied in SAP by VZI.
APR-000216,REC-000320,Plant Head,VZIINV01,REJECTED,2026-09-07,Consumption not considered representative.
APR-000217,REC-000321,Engineering Head,VZIINV01,APPROVED,2026-08-30,Approved; to be applied in SAP by VZI.
APR-000218,REC-000322,Engineering Head,VZIINV01,APPROVED,2026-05-14,Approved; to be applied in SAP by VZI.
APR-000219,REC-000323,Inventory Controller,VZIINV01,APPROVED,2026-06-13,Approved; to be applied in SAP by VZI.
APR-000220,REC-000325,Plant Head,VZIINV02,APPROVED,2026-05-27,Approved; to be applied in SAP by VZI.
APR-000221,REC-000326,Plant Head,VZIINV02,APPROVED,2026-08-23,Approved; to be applied in SAP by VZI.
APR-000222,REC-000328,Inventory Controller,VZIINV01,APPROVED,2026-05-24,Approved; to be applied in SAP by VZI.
APR-000223,REC-000331,Plant Head,VZIINV02,APPROVED,2026-08-12,Approved; to be applied in SAP by VZI.
APR-000224,REC-000333,Inventory Controller,VZIINV02,APPROVED,2026-08-10,Approved; to be applied in SAP by VZI.
APR-000225,REC-000334,Plant Head,VZIINV01,HELD,2026-08-20,Held pending further consumption evidence.
APR-000226,REC-000335,Engineering Head,VZIINV01,REJECTED,2026-06-18,Consumption not considered representative.
APR-000227,REC-000336,Plant Head,VZIINV02,APPROVED,2026-06-01,Approved; to be applied in SAP by VZI.
APR-000228,REC-000337,Plant Head,VZIINV02,APPROVED,2026-07-09,Approved; to be applied in SAP by VZI.
APR-000229,REC-000340,Engineering Head,VZIINV01,APPROVED,2026-07-08,Approved; to be applied in SAP by VZI.
APR-000230,REC-000341,Inventory Controller,VZIINV01,APPROVED,2026-08-13,Approved; to be applied in SAP by VZI.
APR-000231,REC-000343,Engineering Head,VZIINV01,HELD,2026-05-29,Held pending further consumption evidence.
APR-000232,REC-000344,Engineering Head,VZIINV01,REJECTED,2026-09-02,Consumption not considered representative.
APR-000233,REC-000346,Commercial Head,VZIINV01,REJECTED,2026-09-07,Consumption not considered representative.
APR-000234,REC-000348,Engineering Head,VZIINV02,APPROVED,2026-08-10,Approved; to be applied in SAP by VZI.
APR-000235,REC-000349,Commercial Head,VZIINV01,REJECTED,2026-07-21,Consumption not considered representative.
APR-000236,REC-000352,Plant Head,VZIINV02,APPROVED,2026-06-02,Approved; to be applied in SAP by VZI.
APR-000237,REC-000353,Commercial Head,VZIINV02,HELD,2026-09-07,Held pending further consumption evidence.
APR-000238,REC-000355,Commercial Head,VZIINV02,APPROVED,2026-08-10,Approved; to be applied in SAP by VZI.
APR-000239,REC-000357,Plant Head,VZIINV01,APPROVED,2026-09-03,Approved; to be applied in SAP by VZI.
APR-000240,REC-000358,Plant Head,VZIINV02,APPROVED,2026-07-07,Approved; to be applied in SAP by VZI.
APR-000241,REC-000359,Plant Head,VZIINV02,REJECTED,2026-08-07,Consumption not considered representative.
APR-000242,REC-000360,Plant Head,VZIINV01,APPROVED,2026-07-29,Approved; to be applied in SAP by VZI.
APR-000243,REC-000361,Inventory Controller,VZIINV02,APPROVED,2026-09-07,Approved; to be applied in SAP by VZI.
APR-000244,REC-000362,Inventory Controller,VZIINV01,APPROVED,2026-07-14,Approved; to be applied in SAP by VZI.
APR-000245,REC-000363,Inventory Controller,VZIINV01,APPROVED,2026-08-23,Approved; to be applied in SAP by VZI.
APR-000246,REC-000364,Inventory Controller,VZIINV02,REJECTED,2026-07-27,Consumption not considered representative.
APR-000247,REC-000365,Commercial Head,VZIINV02,APPROVED,2026-07-08,Approved; to be applied in SAP by VZI.
APR-000248,REC-000367,Commercial Head,VZIINV02,APPROVED,2026-07-29,Approved; to be applied in SAP by VZI.
APR-000249,REC-000368,Inventory Controller,VZIINV02,APPROVED,2026-08-13,Approved; to be applied in SAP by VZI.
APR-000250,REC-000369,Plant Head,VZIINV01,REJECTED,2026-07-04,Consumption not considered representative.
APR-000251,REC-000370,Plant Head,VZIINV02,APPROVED,2026-08-23,Approved; to be applied in SAP by VZI.
APR-000252,REC-000371,Commercial Head,VZIINV01,HELD,2026-08-18,Held pending further consumption evidence.
APR-000253,REC-000372,Inventory Controller,VZIINV02,APPROVED,2026-08-25,Approved; to be applied in SAP by VZI.
APR-000254,REC-000374,Inventory Controller,VZIINV02,APPROVED,2026-06-03,Approved; to be applied in SAP by VZI.
APR-000255,REC-000375,Inventory Controller,VZIINV02,APPROVED,2026-05-27,Approved; to be applied in SAP by VZI.
APR-000256,REC-000376,Inventory Controller,VZIINV02,APPROVED,2026-05-29,Approved; to be applied in SAP by VZI.
APR-000257,REC-000377,Engineering Head,VZIINV01,REJECTED,2026-07-06,Consumption not considered representative.
APR-000258,REC-000378,Commercial Head,VZIINV02,APPROVED,2026-05-31,Approved; to be applied in SAP by VZI.
APR-000259,REC-000379,Engineering Head,VZIINV01,APPROVED,2026-07-26,Approved; to be applied in SAP by VZI.
APR-000260,REC-000381,Commercial Head,VZIINV02,HELD,2026-08-12,Held pending further consumption evidence.
APR-000261,REC-000382,Engineering Head,VZIINV01,HELD,2026-06-21,Held pending further consumption evidence.
APR-000262,REC-000386,Inventory Controller,VZIINV02,HELD,2026-08-23,Held pending further consumption evidence.
APR-000263,REC-000388,Engineering Head,VZIINV01,APPROVED,2026-08-11,Approved; to be applied in SAP by VZI.
APR-000264,REC-000389,Engineering Head,VZIINV01,APPROVED,2026-05-26,Approved; to be applied in SAP by VZI.
APR-000265,REC-000390,Plant Head,VZIINV01,HELD,2026-06-04,Held pending further consumption evidence.
APR-000266,REC-000391,Plant Head,VZIINV02,APPROVED,2026-07-10,Approved; to be applied in SAP by VZI.
APR-000267,REC-000392,Engineering Head,VZIINV02,HELD,2026-08-14,Held pending further consumption evidence.
APR-000268,REC-000395,Inventory Controller,VZIINV02,APPROVED,2026-08-26,Approved; to be applied in SAP by VZI.
APR-000269,REC-000397,Engineering Head,VZIINV02,APPROVED,2026-06-24,Approved; to be applied in SAP by VZI.
APR-000270,REC-000399,Plant Head,VZIINV02,REJECTED,2026-07-27,Consumption not considered representative.
APR-000271,REC-000400,Commercial Head,VZIINV01,HELD,2026-08-13,Held pending further consumption evidence.
APR-000272,REC-000401,Plant Head,VZIINV01,HELD,2026-08-08,Held pending further consumption evidence.
APR-000273,REC-000402,Engineering Head,VZIINV01,APPROVED,2026-06-10,Approved; to be applied in SAP by VZI.
APR-000274,REC-000403,Engineering Head,VZIINV01,HELD,2026-06-28,Held pending further consumption evidence.
APR-000275,REC-000404,Inventory Controller,VZIINV02,APPROVED,2026-09-04,Approved; to be applied in SAP by VZI.
APR-000276,REC-000405,Plant Head,VZIINV02,APPROVED,2026-07-15,Approved; to be applied in SAP by VZI.
APR-000277,REC-000406,Inventory Controller,VZIINV02,APPROVED,2026-06-20,Approved; to be applied in SAP by VZI.
APR-000278,REC-000407,Inventory Controller,VZIINV01,APPROVED,2026-08-25,Approved; to be applied in SAP by VZI.
APR-000279,REC-000408,Engineering Head,VZIINV01,APPROVED,2026-06-10,Approved; to be applied in SAP by VZI.
APR-000280,REC-000411,Commercial Head,VZIINV02,HELD,2026-09-01,Held pending further consumption evidence.
APR-000281,REC-000412,Plant Head,VZIINV01,APPROVED,2026-08-18,Approved; to be applied in SAP by VZI.
APR-000282,REC-000414,Plant Head,VZIINV01,APPROVED,2026-05-16,Approved; to be applied in SAP by VZI.
APR-000283,REC-000415,Commercial Head,VZIINV02,APPROVED,2026-06-02,Approved; to be applied in SAP by VZI.
APR-000284,REC-000416,Plant Head,VZIINV01,APPROVED,2026-07-01,Approved; to be applied in SAP by VZI.
APR-000285,REC-000417,Plant Head,VZIINV02,REJECTED,2026-06-30,Consumption not considered representative.
APR-000286,REC-000419,Inventory Controller,VZIINV02,APPROVED,2026-09-03,Approved; to be applied in SAP by VZI.
APR-000287,REC-000420,Inventory Controller,VZIINV02,HELD,2026-07-19,Held pending further consumption evidence.
APR-000288,REC-000421,Plant Head,VZIINV01,REJECTED,2026-09-07,Consumption not considered representative.
APR-000289,REC-000423,Engineering Head,VZIINV01,APPROVED,2026-08-07,Approved; to be applied in SAP by VZI.
APR-000290,REC-000424,Engineering Head,VZIINV01,APPROVED,2026-07-20,Approved; to be applied in SAP by VZI.
APR-000291,REC-000425,Inventory Controller,VZIINV01,APPROVED,2026-07-28,Approved; to be applied in SAP by VZI.
APR-000292,REC-000426,Commercial Head,VZIINV01,APPROVED,2026-09-07,Approved; to be applied in SAP by VZI.
APR-000293,REC-000429,Inventory Controller,VZIINV01,APPROVED,2026-07-03,Approved; to be applied in SAP by VZI.
APR-000294,REC-000430,Inventory Controller,VZIINV01,APPROVED,2026-06-18,Approved; to be applied in SAP by VZI.
APR-000295,REC-000431,Commercial Head,VZIINV01,APPROVED,2026-07-20,Approved; to be applied in SAP by VZI.
APR-000296,REC-000432,Commercial Head,VZIINV02,APPROVED,2026-07-24,Approved; to be applied in SAP by VZI.
APR-000297,REC-000435,Inventory Controller,VZIINV01,APPROVED,2026-08-24,Approved; to be applied in SAP by VZI.
APR-000298,REC-000436,Inventory Controller,VZIINV01,APPROVED,2026-06-05,Approved; to be applied in SAP by VZI.
APR-000299,REC-000438,Plant Head,VZIINV01,APPROVED,2026-07-19,Approved; to be applied in SAP by VZI.
APR-000300,REC-000439,Plant Head,VZIINV02,APPROVED,2026-06-18,Approved; to be applied in SAP by VZI.
APR-000301,REC-000440,Plant Head,VZIINV02,REJECTED,2026-09-04,Consumption not considered representative.
APR-000302,REC-000441,Plant Head,VZIINV01,APPROVED,2026-08-11,Approved; to be applied in SAP by VZI.
APR-000303,REC-000442,Commercial Head,VZIINV01,APPROVED,2026-06-16,Approved; to be applied in SAP by VZI.
APR-000304,REC-000443,Plant Head,VZIINV02,APPROVED,2026-06-22,Approved; to be applied in SAP by VZI.
APR-000305,REC-000444,Plant Head,VZIINV02,APPROVED,2026-07-14,Approved; to be applied in SAP by VZI.
APR-000306,REC-000447,Plant Head,VZIINV01,APPROVED,2026-06-05,Approved; to be applied in SAP by VZI.
APR-000307,REC-000448,Plant Head,VZIINV02,APPROVED,2026-08-07,Approved; to be applied in SAP by VZI.
APR-000308,REC-000449,Inventory Controller,VZIINV01,REJECTED,2026-08-13,Consumption not considered representative.
APR-000309,REC-000450,Plant Head,VZIINV02,REJECTED,2026-06-22,Consumption not considered representative.
APR-000310,REC-000451,Commercial Head,VZIINV01,APPROVED,2026-09-01,Approved; to be applied in SAP by VZI.
APR-000311,REC-000452,Commercial Head,VZIINV02,REJECTED,2026-08-06,Consumption not considered representative.
APR-000312,REC-000453,Engineering Head,VZIINV02,APPROVED,2026-07-13,Approved; to be applied in SAP by VZI.
APR-000313,REC-000458,Inventory Controller,VZIINV01,REJECTED,2026-07-04,Consumption not considered representative.
APR-000314,REC-000459,Inventory Controller,VZIINV02,HELD,2026-06-16,Held pending further consumption evidence.
APR-000315,REC-000460,Commercial Head,VZIINV01,APPROVED,2026-07-26,Approved; to be applied in SAP by VZI.
APR-000316,REC-000462,Engineering Head,VZIINV02,REJECTED,2026-05-20,Consumption not considered representative.
APR-000317,REC-000464,Plant Head,VZIINV02,APPROVED,2026-09-07,Approved; to be applied in SAP by VZI.
APR-000318,REC-000465,Engineering Head,VZIINV02,REJECTED,2026-08-15,Consumption not considered representative.
APR-000319,REC-000466,Engineering Head,VZIINV02,HELD,2026-07-14,Held pending further consumption evidence.
APR-000320,REC-000467,Inventory Controller,VZIINV02,REJECTED,2026-06-07,Consumption not considered representative.
APR-000321,REC-000468,Inventory Controller,VZIINV02,APPROVED,2026-07-22,Approved; to be applied in SAP by VZI.
APR-000322,REC-000470,Engineering Head,VZIINV01,REJECTED,2026-08-01,Consumption not considered representative.
APR-000323,REC-000471,Engineering Head,VZIINV02,APPROVED,2026-08-27,Approved; to be applied in SAP by VZI.
APR-000324,REC-000474,Plant Head,VZIINV02,APPROVED,2026-09-06,Approved; to be applied in SAP by VZI.
APR-000325,REC-000475,Inventory Controller,VZIINV02,APPROVED,2026-06-13,Approved; to be applied in SAP by VZI.
APR-000326,REC-000476,Inventory Controller,VZIINV02,APPROVED,2026-07-09,Approved; to be applied in SAP by VZI.
APR-000327,REC-000477,Inventory Controller,VZIINV01,APPROVED,2026-08-04,Approved; to be applied in SAP by VZI.
APR-000328,REC-000478,Engineering Head,VZIINV02,APPROVED,2026-09-07,Approved; to be applied in SAP by VZI.
APR-000329,REC-000479,Engineering Head,VZIINV02,APPROVED,2026-08-01,Approved; to be applied in SAP by VZI.
APR-000330,REC-000480,Inventory Controller,VZIINV02,APPROVED,2026-08-21,Approved; to be applied in SAP by VZI.
APR-000331,REC-000481,Commercial Head,VZIINV02,APPROVED,2026-06-25,Approved; to be applied in SAP by VZI.
APR-000332,REC-000482,Plant Head,VZIINV01,REJECTED,2026-07-26,Consumption not considered representative.
APR-000333,REC-000483,Plant Head,VZIINV02,HELD,2026-08-22,Held pending further consumption evidence.
APR-000334,REC-000484,Inventory Controller,VZIINV01,HELD,2026-08-02,Held pending further consumption evidence.
APR-000335,REC-000485,Plant Head,VZIINV01,APPROVED,2026-05-31,Approved; to be applied in SAP by VZI.
APR-000336,REC-000487,Inventory Controller,VZIINV02,HELD,2026-07-02,Held pending further consumption evidence.
APR-000337,REC-000488,Plant Head,VZIINV01,APPROVED,2026-07-17,Approved; to be applied in SAP by VZI.
APR-000338,REC-000489,Commercial Head,VZIINV01,REJECTED,2026-06-30,Consumption not considered representative.
APR-000339,REC-000490,Plant Head,VZIINV01,HELD,2026-08-16,Held pending further consumption evidence.
APR-000340,REC-000491,Plant Head,VZIINV02,HELD,2026-05-20,Held pending further consumption evidence.
APR-000341,REC-000492,Inventory Controller,VZIINV01,REJECTED,2026-09-07,Consumption not considered representative.
APR-000342,REC-000493,Inventory Controller,VZIINV01,APPROVED,2026-07-19,Approved; to be applied in SAP by VZI.
APR-000343,REC-000495,Plant Head,VZIINV02,REJECTED,2026-08-16,Consumption not considered representative.
APR-000344,REC-000496,Plant Head,VZIINV01,APPROVED,2026-05-20,Approved; to be applied in SAP by VZI.
APR-000345,REC-000497,Inventory Controller,VZIINV02,APPROVED,2026-09-07,Approved; to be applied in SAP by VZI.
APR-000346,REC-000498,Inventory Controller,VZIINV02,APPROVED,2026-07-26,Approved; to be applied in SAP by VZI.
APR-000347,REC-000500,Commercial Head,VZIINV01,APPROVED,2026-07-21,Approved; to be applied in SAP by VZI.
APR-000348,REC-000501,Commercial Head,VZIINV01,APPROVED,2026-08-20,Approved; to be applied in SAP by VZI.
APR-000349,REC-000503,Inventory Controller,VZIINV01,HELD,2026-07-23,Held pending further consumption evidence.
APR-000350,REC-000504,Inventory Controller,VZIINV02,HELD,2026-07-25,Held pending further consumption evidence.
APR-000351,REC-000505,Inventory Controller,VZIINV02,APPROVED,2026-07-27,Approved; to be applied in SAP by VZI.
APR-000352,REC-000506,Plant Head,VZIINV01,APPROVED,2026-06-06,Approved; to be applied in SAP by VZI.
APR-000353,REC-000507,Inventory Controller,VZIINV01,APPROVED,2026-05-13,Approved; to be applied in SAP by VZI.
APR-000354,REC-000508,Inventory Controller,VZIINV02,APPROVED,2026-07-21,Approved; to be applied in SAP by VZI.
APR-000355,REC-000509,Inventory Controller,VZIINV02,REJECTED,2026-08-18,Consumption not considered representative.
APR-000356,REC-000510,Inventory Controller,VZIINV02,APPROVED,2026-08-08,Approved; to be applied in SAP by VZI.
APR-000357,REC-000511,Engineering Head,VZIINV01,HELD,2026-06-30,Held pending further consumption evidence.
APR-000358,REC-000512,Engineering Head,VZIINV02,HELD,2026-09-07,Held pending further consumption evidence.
APR-000359,REC-000514,Commercial Head,VZIINV02,APPROVED,2026-07-10,Approved; to be applied in SAP by VZI.
APR-000360,REC-000515,Commercial Head,VZIINV01,APPROVED,2026-09-01,Approved; to be applied in SAP by VZI.
APR-000361,REC-000516,Inventory Controller,VZIINV02,REJECTED,2026-05-25,Consumption not considered representative.
APR-000362,REC-000517,Plant Head,VZIINV02,REJECTED,2026-07-18,Consumption not considered representative.
APR-000363,REC-000518,Plant Head,VZIINV02,HELD,2026-07-06,Held pending further consumption evidence.
APR-000364,REC-000519,Inventory Controller,VZIINV02,APPROVED,2026-07-07,Approved; to be applied in SAP by VZI.
APR-000365,REC-000520,Inventory Controller,VZIINV02,APPROVED,2026-06-06,Approved; to be applied in SAP by VZI.
APR-000366,REC-000521,Commercial Head,VZIINV01,APPROVED,2026-07-14,Approved; to be applied in SAP by VZI.
APR-000367,REC-000523,Inventory Controller,VZIINV02,APPROVED,2026-07-06,Approved; to be applied in SAP by VZI.
APR-000368,REC-000524,Inventory Controller,VZIINV01,APPROVED,2026-05-30,Approved; to be applied in SAP by VZI.
APR-000369,REC-000525,Inventory Controller,VZIINV01,APPROVED,2026-09-01,Approved; to be applied in SAP by VZI.
APR-000370,REC-000527,Plant Head,VZIINV01,APPROVED,2026-09-07,Approved; to be applied in SAP by VZI.
APR-000371,REC-000528,Commercial Head,VZIINV02,APPROVED,2026-07-30,Approved; to be applied in SAP by VZI.
APR-000372,REC-000529,Commercial Head,VZIINV02,REJECTED,2026-09-07,Consumption not considered representative.
APR-000373,REC-000531,Inventory Controller,VZIINV02,APPROVED,2026-06-05,Approved; to be applied in SAP by VZI.
APR-000374,REC-000532,Inventory Controller,VZIINV02,REJECTED,2026-06-04,Consumption not considered representative.
APR-000375,REC-000533,Inventory Controller,VZIINV02,APPROVED,2026-06-15,Approved; to be applied in SAP by VZI.
APR-000376,REC-000534,Inventory Controller,VZIINV02,APPROVED,2026-08-14,Approved; to be applied in SAP by VZI.
APR-000377,REC-000535,Commercial Head,VZIINV02,REJECTED,2026-05-29,Consumption not considered representative.
APR-000378,REC-000536,Inventory Controller,VZIINV02,APPROVED,2026-06-07,Approved; to be applied in SAP by VZI.
APR-000379,REC-000537,Plant Head,VZIINV02,REJECTED,2026-07-05,Consumption not considered representative.
APR-000380,REC-000538,Plant Head,VZIINV01,REJECTED,2026-08-20,Consumption not considered representative.
APR-000381,REC-000539,Inventory Controller,VZIINV01,APPROVED,2026-07-05,Approved; to be applied in SAP by VZI.
APR-000382,REC-000540,Inventory Controller,VZIINV02,APPROVED,2026-08-04,Approved; to be applied in SAP by VZI.
APR-000383,REC-000541,Plant Head,VZIINV01,REJECTED,2026-08-07,Consumption not considered representative.
APR-000384,REC-000542,Plant Head,VZIINV02,APPROVED,2026-07-25,Approved; to be applied in SAP by VZI.
APR-000385,REC-000543,Plant Head,VZIINV02,REJECTED,2026-08-05,Consumption not considered representative.
APR-000386,REC-000544,Plant Head,VZIINV01,APPROVED,2026-07-16,Approved; to be applied in SAP by VZI.
APR-000387,REC-000546,Plant Head,VZIINV01,HELD,2026-06-07,Held pending further consumption evidence.
APR-000388,REC-000549,Commercial Head,VZIINV01,APPROVED,2026-09-02,Approved; to be applied in SAP by VZI.
APR-000389,REC-000552,Plant Head,VZIINV02,APPROVED,2026-07-15,Approved; to be applied in SAP by VZI.
APR-000390,REC-000553,Engineering Head,VZIINV02,HELD,2026-08-03,Held pending further consumption evidence.
APR-000391,REC-000554,Commercial Head,VZIINV01,APPROVED,2026-07-05,Approved; to be applied in SAP by VZI.
APR-000392,REC-000556,Inventory Controller,VZIINV02,REJECTED,2026-07-28,Consumption not considered representative.
APR-000393,REC-000557,Engineering Head,VZIINV02,APPROVED,2026-08-24,Approved; to be applied in SAP by VZI.
APR-000394,REC-000558,Plant Head,VZIINV01,REJECTED,2026-07-01,Consumption not considered representative.
APR-000395,REC-000559,Plant Head,VZIINV02,APPROVED,2026-07-15,Approved; to be applied in SAP by VZI.
APR-000396,REC-000560,Plant Head,VZIINV01,REJECTED,2026-09-07,Consumption not considered representative.
APR-000397,REC-000562,Inventory Controller,VZIINV01,APPROVED,2026-05-18,Approved; to be applied in SAP by VZI.
APR-000398,REC-000563,Inventory Controller,VZIINV01,HELD,2026-06-26,Held pending further consumption evidence.
APR-000399,REC-000564,Plant Head,VZIINV01,HELD,2026-09-02,Held pending further consumption evidence.
APR-000400,REC-000565,Commercial Head,VZIINV01,APPROVED,2026-08-12,Approved; to be applied in SAP by VZI.
APR-000401,REC-000566,Plant Head,VZIINV01,APPROVED,2026-07-03,Approved; to be applied in SAP by VZI.
APR-000402,REC-000567,Plant Head,VZIINV01,APPROVED,2026-06-24,Approved; to be applied in SAP by VZI.
APR-000403,REC-000568,Commercial Head,VZIINV01,APPROVED,2026-05-20,Approved; to be applied in SAP by VZI.
APR-000404,REC-000570,Inventory Controller,VZIINV02,APPROVED,2026-06-03,Approved; to be applied in SAP by VZI.
APR-000405,REC-000572,Plant Head,VZIINV02,HELD,2026-07-04,Held pending further consumption evidence.
APR-000406,REC-000573,Engineering Head,VZIINV01,APPROVED,2026-08-28,Approved; to be applied in SAP by VZI.
APR-000407,REC-000574,Inventory Controller,VZIINV01,REJECTED,2026-06-12,Consumption not considered representative.
APR-000408,REC-000575,Inventory Controller,VZIINV01,HELD,2026-08-24,Held pending further consumption evidence.
APR-000409,REC-000576,Commercial Head,VZIINV01,REJECTED,2026-09-05,Consumption not considered representative.
APR-000410,REC-000577,Engineering Head,VZIINV01,REJECTED,2026-08-01,Consumption not considered representative.
APR-000411,REC-000580,Plant Head,VZIINV01,HELD,2026-05-29,Held pending further consumption evidence.
APR-000412,REC-000581,Inventory Controller,VZIINV02,APPROVED,2026-09-07,Approved; to be applied in SAP by VZI.
APR-000413,REC-000582,Engineering Head,VZIINV02,APPROVED,2026-05-29,Approved; to be applied in SAP by VZI.
APR-000414,REC-000583,Inventory Controller,VZIINV02,APPROVED,2026-06-27,Approved; to be applied in SAP by VZI.
APR-000415,REC-000585,Plant Head,VZIINV02,APPROVED,2026-08-30,Approved; to be applied in SAP by VZI.
APR-000416,REC-000587,Inventory Controller,VZIINV01,HELD,2026-07-25,Held pending further consumption evidence.
APR-000417,REC-000588,Plant Head,VZIINV01,HELD,2026-07-24,Held pending further consumption evidence.
APR-000418,REC-000590,Engineering Head,VZIINV02,APPROVED,2026-08-29,Approved; to be applied in SAP by VZI.
APR-000419,REC-000591,Engineering Head,VZIINV01,HELD,2026-08-13,Held pending further consumption evidence.
APR-000420,REC-000592,Plant Head,VZIINV02,APPROVED,2026-08-05,Approved; to be applied in SAP by VZI.
APR-000421,REC-000594,Inventory Controller,VZIINV01,REJECTED,2026-05-19,Consumption not considered representative.
APR-000422,REC-000595,Inventory Controller,VZIINV02,APPROVED,2026-07-21,Approved; to be applied in SAP by VZI.
APR-000423,REC-000600,Engineering Head,VZIINV01,HELD,2026-08-17,Held pending further consumption evidence.
APR-000424,REC-000601,Engineering Head,VZIINV01,REJECTED,2026-07-03,Consumption not considered representative.
APR-000425,REC-000602,Engineering Head,VZIINV01,APPROVED,2026-06-24,Approved; to be applied in SAP by VZI.
APR-000426,REC-000604,Plant Head,VZIINV01,APPROVED,2026-06-18,Approved; to be applied in SAP by VZI.
APR-000427,REC-000605,Inventory Controller,VZIINV01,REJECTED,2026-07-08,Consumption not considered representative.
APR-000428,REC-000606,Commercial Head,VZIINV01,REJECTED,2026-06-12,Consumption not considered representative.
APR-000429,REC-000607,Engineering Head,VZIINV01,APPROVED,2026-06-25,Approved; to be applied in SAP by VZI.
APR-000430,REC-000608,Engineering Head,VZIINV01,APPROVED,2026-07-21,Approved; to be applied in SAP by VZI.
APR-000431,REC-000609,Plant Head,VZIINV02,APPROVED,2026-07-11,Approved; to be applied in SAP by VZI.
APR-000432,REC-000610,Plant Head,VZIINV02,HELD,2026-08-07,Held pending further consumption evidence.
APR-000433,REC-000612,Plant Head,VZIINV01,APPROVED,2026-06-07,Approved; to be applied in SAP by VZI.
APR-000434,REC-000614,Engineering Head,VZIINV01,APPROVED,2026-08-06,Approved; to be applied in SAP by VZI.
APR-000435,REC-000615,Engineering Head,VZIINV02,REJECTED,2026-08-12,Consumption not considered representative.
APR-000436,REC-000616,Engineering Head,VZIINV01,APPROVED,2026-09-05,Approved; to be applied in SAP by VZI.
APR-000437,REC-000617,Engineering Head,VZIINV01,REJECTED,2026-06-09,Consumption not considered representative.
APR-000438,REC-000618,Engineering Head,VZIINV01,HELD,2026-06-03,Held pending further consumption evidence.
APR-000439,REC-000619,Engineering Head,VZIINV01,APPROVED,2026-05-29,Approved; to be applied in SAP by VZI.
APR-000440,REC-000620,Engineering Head,VZIINV02,APPROVED,2026-07-18,Approved; to be applied in SAP by VZI.
APR-000441,REC-000621,Plant Head,VZIINV02,APPROVED,2026-08-25,Approved; to be applied in SAP by VZI.
APR-000442,REC-000622,Engineering Head,VZIINV02,APPROVED,2026-06-16,Approved; to be applied in SAP by VZI.
APR-000443,REC-000624,Plant Head,VZIINV01,HELD,2026-07-16,Held pending further consumption evidence.
APR-000444,REC-000625,Plant Head,VZIINV02,APPROVED,2026-08-27,Approved; to be applied in SAP by VZI.
APR-000445,REC-000629,Inventory Controller,VZIINV02,HELD,2026-05-23,Held pending further consumption evidence.
APR-000446,REC-000630,Inventory Controller,VZIINV01,REJECTED,2026-08-29,Consumption not considered representative.
APR-000447,REC-000632,Engineering Head,VZIINV01,APPROVED,2026-07-12,Approved; to be applied in SAP by VZI.
APR-000448,REC-000634,Plant Head,VZIINV02,REJECTED,2026-08-11,Consumption not considered representative.
APR-000449,REC-000635,Plant Head,VZIINV02,APPROVED,2026-06-15,Approved; to be applied in SAP by VZI.
APR-000450,REC-000636,Plant Head,VZIINV02,APPROVED,2026-07-24,Approved; to be applied in SAP by VZI.
APR-000451,REC-000637,Commercial Head,VZIINV02,HELD,2026-07-23,Held pending further consumption evidence.
APR-000452,REC-000638,Plant Head,VZIINV02,REJECTED,2026-05-22,Consumption not considered representative.
APR-000453,REC-000639,Engineering Head,VZIINV02,APPROVED,2026-09-04,Approved; to be applied in SAP by VZI.
APR-000454,REC-000641,Plant Head,VZIINV01,REJECTED,2026-05-25,Consumption not considered representative.
APR-000455,REC-000642,Plant Head,VZIINV01,REJECTED,2026-07-04,Consumption not considered representative.
APR-000456,REC-000646,Plant Head,VZIINV01,APPROVED,2026-09-07,Approved; to be applied in SAP by VZI.
APR-000457,REC-000647,Plant Head,VZIINV01,REJECTED,2026-07-05,Consumption not considered representative.
APR-000458,REC-000648,Plant Head,VZIINV01,APPROVED,2026-08-03,Approved; to be applied in SAP by VZI.
APR-000459,REC-000649,Plant Head,VZIINV02,APPROVED,2026-06-11,Approved; to be applied in SAP by VZI.
APR-000460,REC-000650,Plant Head,VZIINV02,HELD,2026-05-27,Held pending further consumption evidence.
APR-000461,REC-000651,Plant Head,VZIINV02,HELD,2026-07-03,Held pending further consumption evidence.
APR-000462,REC-000652,Plant Head,VZIINV01,APPROVED,2026-08-19,Approved; to be applied in SAP by VZI.
APR-000463,REC-000653,Commercial Head,VZIINV01,REJECTED,2026-05-30,Consumption not considered representative.
APR-000464,REC-000654,Commercial Head,VZIINV01,REJECTED,2026-07-04,Consumption not considered representative.
APR-000465,REC-000655,Inventory Controller,VZIINV01,APPROVED,2026-09-07,Approved; to be applied in SAP by VZI.
APR-000466,REC-000656,Inventory Controller,VZIINV01,APPROVED,2026-08-06,Approved; to be applied in SAP by VZI.
APR-000467,REC-000657,Inventory Controller,VZIINV02,REJECTED,2026-08-11,Consumption not considered representative.
APR-000468,REC-000659,Plant Head,VZIINV01,HELD,2026-06-18,Held pending further consumption evidence.
APR-000469,REC-000660,Commercial Head,VZIINV01,APPROVED,2026-06-03,Approved; to be applied in SAP by VZI.
APR-000470,REC-000661,Plant Head,VZIINV01,APPROVED,2026-06-26,Approved; to be applied in SAP by VZI.
APR-000471,REC-000663,Engineering Head,VZIINV02,APPROVED,2026-08-25,Approved; to be applied in SAP by VZI.
APR-000472,REC-000664,Engineering Head,VZIINV02,REJECTED,2026-07-14,Consumption not considered representative.
APR-000473,REC-000665,Plant Head,VZIINV01,REJECTED,2026-08-09,Consumption not considered representative.
APR-000474,REC-000666,Inventory Controller,VZIINV02,REJECTED,2026-08-28,Consumption not considered representative.
APR-000475,REC-000667,Engineering Head,VZIINV01,REJECTED,2026-06-17,Consumption not considered representative.
APR-000476,REC-000669,Inventory Controller,VZIINV02,APPROVED,2026-06-27,Approved; to be applied in SAP by VZI.
APR-000477,REC-000670,Plant Head,VZIINV01,APPROVED,2026-08-18,Approved; to be applied in SAP by VZI.
APR-000478,REC-000671,Inventory Controller,VZIINV01,APPROVED,2026-07-10,Approved; to be applied in SAP by VZI.
APR-000479,REC-000673,Inventory Controller,VZIINV01,REJECTED,2026-07-18,Consumption not considered representative.
APR-000480,REC-000675,Plant Head,VZIINV01,APPROVED,2026-09-07,Approved; to be applied in SAP by VZI.
APR-000481,REC-000676,Plant Head,VZIINV02,REJECTED,2026-09-05,Consumption not considered representative.
APR-000482,REC-000678,Engineering Head,VZIINV02,APPROVED,2026-07-14,Approved; to be applied in SAP by VZI.
APR-000483,REC-000679,Commercial Head,VZIINV01,APPROVED,2026-08-25,Approved; to be applied in SAP by VZI.
APR-000484,REC-000680,Plant Head,VZIINV01,REJECTED,2026-09-07,Consumption not considered representative.
APR-000485,REC-000681,Plant Head,VZIINV01,APPROVED,2026-08-14,Approved; to be applied in SAP by VZI.
APR-000486,REC-000683,Plant Head,VZIINV01,APPROVED,2026-07-09,Approved; to be applied in SAP by VZI.
APR-000487,REC-000685,Inventory Controller,VZIINV01,APPROVED,2026-08-28,Approved; to be applied in SAP by VZI.
APR-000488,REC-000686,Inventory Controller,VZIINV01,APPROVED,2026-06-07,Approved; to be applied in SAP by VZI.
APR-000489,REC-000687,Engineering Head,VZIINV02,REJECTED,2026-07-10,Consumption not considered representative.
APR-000490,REC-000688,Commercial Head,VZIINV01,APPROVED,2026-07-16,Approved; to be applied in SAP by VZI.
APR-000491,REC-000689,Commercial Head,VZIINV02,REJECTED,2026-06-04,Consumption not considered representative.
APR-000492,REC-000690,Commercial Head,VZIINV02,REJECTED,2026-06-12,Consumption not considered representative.
APR-000493,REC-000692,Commercial Head,VZIINV01,APPROVED,2026-07-21,Approved; to be applied in SAP by VZI.
APR-000494,REC-000693,Inventory Controller,VZIINV02,APPROVED,2026-06-09,Approved; to be applied in SAP by VZI.
APR-000495,REC-000694,Commercial Head,VZIINV01,APPROVED,2026-06-03,Approved; to be applied in SAP by VZI.
APR-000496,REC-000695,Engineering Head,VZIINV01,REJECTED,2026-06-04,Consumption not considered representative.
APR-000497,REC-000698,Inventory Controller,VZIINV02,APPROVED,2026-06-13,Approved; to be applied in SAP by VZI.
APR-000498,REC-000699,Plant Head,VZIINV02,APPROVED,2026-06-02,Approved; to be applied in SAP by VZI.
APR-000499,REC-000700,Plant Head,VZIINV01,REJECTED,2026-07-08,Consumption not considered representative.
APR-000500,REC-000701,Inventory Controller,VZIINV01,REJECTED,2026-05-12,Consumption not considered representative.
APR-000501,REC-000702,Engineering Head,VZIINV02,HELD,2026-05-27,Held pending further consumption evidence.
APR-000502,REC-000703,Engineering Head,VZIINV02,APPROVED,2026-07-03,Approved; to be applied in SAP by VZI.
APR-000503,REC-000704,Plant Head,VZIINV02,APPROVED,2026-05-19,Approved; to be applied in SAP by VZI.
APR-000504,REC-000706,Plant Head,VZIINV02,HELD,2026-06-04,Held pending further consumption evidence.
APR-000505,REC-000707,Plant Head,VZIINV02,REJECTED,2026-07-25,Consumption not considered representative.
APR-000506,REC-000708,Plant Head,VZIINV02,APPROVED,2026-07-06,Approved; to be applied in SAP by VZI.
APR-000507,REC-000711,Plant Head,VZIINV01,APPROVED,2026-06-21,Approved; to be applied in SAP by VZI.
APR-000508,REC-000712,Plant Head,VZIINV02,APPROVED,2026-05-26,Approved; to be applied in SAP by VZI.
APR-000509,REC-000714,Inventory Controller,VZIINV01,APPROVED,2026-05-17,Approved; to be applied in SAP by VZI.
APR-000510,REC-000716,Engineering Head,VZIINV02,APPROVED,2026-06-21,Approved; to be applied in SAP by VZI.
APR-000511,REC-000717,Plant Head,VZIINV01,APPROVED,2026-08-24,Approved; to be applied in SAP by VZI.
APR-000512,REC-000718,Inventory Controller,VZIINV01,APPROVED,2026-05-26,Approved; to be applied in SAP by VZI.
APR-000513,REC-000719,Inventory Controller,VZIINV02,HELD,2026-06-26,Held pending further consumption evidence.
APR-000514,REC-000720,Inventory Controller,VZIINV01,APPROVED,2026-08-25,Approved; to be applied in SAP by VZI.
APR-000515,REC-000723,Engineering Head,VZIINV01,APPROVED,2026-09-07,Approved; to be applied in SAP by VZI.
APR-000516,REC-000724,Plant Head,VZIINV02,APPROVED,2026-06-22,Approved; to be applied in SAP by VZI.
APR-000517,REC-000725,Commercial Head,VZIINV02,REJECTED,2026-09-02,Consumption not considered representative.
APR-000518,REC-000726,Plant Head,VZIINV02,APPROVED,2026-08-05,Approved; to be applied in SAP by VZI.
APR-000519,REC-000727,Plant Head,VZIINV01,APPROVED,2026-06-26,Approved; to be applied in SAP by VZI.
APR-000520,REC-000728,Plant Head,VZIINV01,HELD,2026-09-07,Held pending further consumption evidence.
APR-000521,REC-000729,Engineering Head,VZIINV01,REJECTED,2026-06-13,Consumption not considered representative.
APR-000522,REC-000730,Engineering Head,VZIINV02,HELD,2026-08-19,Held pending further consumption evidence.
APR-000523,REC-000731,Inventory Controller,VZIINV01,APPROVED,2026-09-05,Approved; to be applied in SAP by VZI.
APR-000524,REC-000732,Inventory Controller,VZIINV01,REJECTED,2026-09-07,Consumption not considered representative.
APR-000525,REC-000733,Plant Head,VZIINV02,APPROVED,2026-07-24,Approved; to be applied in SAP by VZI.
APR-000526,REC-000734,Plant Head,VZIINV02,REJECTED,2026-06-17,Consumption not considered representative.
APR-000527,REC-000736,Engineering Head,VZIINV02,REJECTED,2026-08-01,Consumption not considered representative.
APR-000528,REC-000737,Engineering Head,VZIINV02,REJECTED,2026-05-27,Consumption not considered representative.
APR-000529,REC-000738,Engineering Head,VZIINV01,REJECTED,2026-09-04,Consumption not considered representative.
APR-000530,REC-000739,Inventory Controller,VZIINV01,REJECTED,2026-08-07,Consumption not considered representative.
APR-000531,REC-000740,Plant Head,VZIINV01,APPROVED,2026-06-25,Approved; to be applied in SAP by VZI.
APR-000532,REC-000742,Inventory Controller,VZIINV01,APPROVED,2026-07-22,Approved; to be applied in SAP by VZI.
APR-000533,REC-000744,Plant Head,VZIINV01,HELD,2026-06-05,Held pending further consumption evidence.
APR-000534,REC-000745,Commercial Head,VZIINV01,APPROVED,2026-07-30,Approved; to be applied in SAP by VZI.
APR-000535,REC-000746,Commercial Head,VZIINV02,HELD,2026-08-24,Held pending further consumption evidence.
APR-000536,REC-000748,Plant Head,VZIINV02,APPROVED,2026-08-06,Approved; to be applied in SAP by VZI.
APR-000537,REC-000750,Plant Head,VZIINV02,APPROVED,2026-08-01,Approved; to be applied in SAP by VZI.
APR-000538,REC-000752,Inventory Controller,VZIINV01,APPROVED,2026-07-28,Approved; to be applied in SAP by VZI.
APR-000539,REC-000754,Plant Head,VZIINV02,REJECTED,2026-05-22,Consumption not considered representative.
APR-000540,REC-000755,Engineering Head,VZIINV02,APPROVED,2026-08-05,Approved; to be applied in SAP by VZI.
APR-000541,REC-000756,Inventory Controller,VZIINV01,APPROVED,2026-08-31,Approved; to be applied in SAP by VZI.
APR-000542,REC-000757,Inventory Controller,VZIINV01,APPROVED,2026-08-02,Approved; to be applied in SAP by VZI.
APR-000543,REC-000758,Engineering Head,VZIINV01,APPROVED,2026-08-02,Approved; to be applied in SAP by VZI.
APR-000544,REC-000759,Engineering Head,VZIINV01,APPROVED,2026-05-29,Approved; to be applied in SAP by VZI.
APR-000545,REC-000760,Plant Head,VZIINV02,APPROVED,2026-05-28,Approved; to be applied in SAP by VZI.
APR-000546,REC-000761,Inventory Controller,VZIINV01,REJECTED,2026-08-29,Consumption not considered representative.
APR-000547,REC-000762,Plant Head,VZIINV01,REJECTED,2026-07-16,Consumption not considered representative.
APR-000548,REC-000765,Inventory Controller,VZIINV02,HELD,2026-06-14,Held pending further consumption evidence.
APR-000549,REC-000766,Inventory Controller,VZIINV02,APPROVED,2026-08-25,Approved; to be applied in SAP by VZI.
APR-000550,REC-000767,Plant Head,VZIINV02,APPROVED,2026-05-28,Approved; to be applied in SAP by VZI.
APR-000551,REC-000768,Plant Head,VZIINV02,HELD,2026-05-24,Held pending further consumption evidence.
APR-000552,REC-000769,Plant Head,VZIINV01,APPROVED,2026-08-08,Approved; to be applied in SAP by VZI.
APR-000553,REC-000770,Plant Head,VZIINV02,APPROVED,2026-08-18,Approved; to be applied in SAP by VZI.
APR-000554,REC-000771,Engineering Head,VZIINV02,APPROVED,2026-06-24,Approved; to be applied in SAP by VZI.
APR-000555,REC-000772,Inventory Controller,VZIINV02,APPROVED,2026-06-02,Approved; to be applied in SAP by VZI.
APR-000556,REC-000773,Engineering Head,VZIINV01,APPROVED,2026-09-05,Approved; to be applied in SAP by VZI.
APR-000557,REC-000774,Inventory Controller,VZIINV02,APPROVED,2026-06-25,Approved; to be applied in SAP by VZI.
APR-000558,REC-000775,Inventory Controller,VZIINV01,APPROVED,2026-08-23,Approved; to be applied in SAP by VZI.
APR-000559,REC-000776,Plant Head,VZIINV01,APPROVED,2026-08-03,Approved; to be applied in SAP by VZI.
APR-000560,REC-000777,Inventory Controller,VZIINV02,APPROVED,2026-06-20,Approved; to be applied in SAP by VZI.
APR-000561,REC-000779,Inventory Controller,VZIINV01,REJECTED,2026-09-07,Consumption not considered representative.
APR-000562,REC-000780,Engineering Head,VZIINV02,REJECTED,2026-06-07,Consumption not considered representative.
APR-000563,REC-000781,Commercial Head,VZIINV01,APPROVED,2026-07-01,Approved; to be applied in SAP by VZI.
APR-000564,REC-000784,Engineering Head,VZIINV01,APPROVED,2026-07-13,Approved; to be applied in SAP by VZI.
APR-000565,REC-000785,Engineering Head,VZIINV01,REJECTED,2026-06-23,Consumption not considered representative.
APR-000566,REC-000787,Inventory Controller,VZIINV02,APPROVED,2026-07-29,Approved; to be applied in SAP by VZI.
APR-000567,REC-000790,Plant Head,VZIINV01,HELD,2026-06-06,Held pending further consumption evidence.
APR-000568,REC-000792,Plant Head,VZIINV02,HELD,2026-07-11,Held pending further consumption evidence.
APR-000569,REC-000793,Plant Head,VZIINV01,APPROVED,2026-08-18,Approved; to be applied in SAP by VZI.
APR-000570,REC-000794,Commercial Head,VZIINV01,REJECTED,2026-07-13,Consumption not considered representative.
APR-000571,REC-000795,Commercial Head,VZIINV02,HELD,2026-08-01,Held pending further consumption evidence.
APR-000572,REC-000796,Plant Head,VZIINV01,APPROVED,2026-06-28,Approved; to be applied in SAP by VZI.
APR-000573,REC-000797,Commercial Head,VZIINV02,REJECTED,2026-08-03,Consumption not considered representative.
APR-000574,REC-000798,Commercial Head,VZIINV01,HELD,2026-08-04,Held pending further consumption evidence.
APR-000575,REC-000799,Plant Head,VZIINV02,APPROVED,2026-07-31,Approved; to be applied in SAP by VZI.
APR-000576,REC-000803,Engineering Head,VZIINV01,APPROVED,2026-09-03,Approved; to be applied in SAP by VZI.
APR-000577,REC-000804,Engineering Head,VZIINV01,APPROVED,2026-08-11,Approved; to be applied in SAP by VZI.
APR-000578,REC-000806,Plant Head,VZIINV02,APPROVED,2026-08-24,Approved; to be applied in SAP by VZI.
APR-000579,REC-000807,Plant Head,VZIINV01,APPROVED,2026-05-25,Approved; to be applied in SAP by VZI.
APR-000580,REC-000808,Plant Head,VZIINV01,REJECTED,2026-06-10,Consumption not considered representative.
APR-000581,REC-000810,Engineering Head,VZIINV01,APPROVED,2026-05-21,Approved; to be applied in SAP by VZI.
APR-000582,REC-000811,Commercial Head,VZIINV01,HELD,2026-05-21,Held pending further consumption evidence.
APR-000583,REC-000812,Plant Head,VZIINV02,APPROVED,2026-06-17,Approved; to be applied in SAP by VZI.
APR-000584,REC-000813,Plant Head,VZIINV01,HELD,2026-08-08,Held pending further consumption evidence.
APR-000585,REC-000814,Engineering Head,VZIINV01,APPROVED,2026-08-24,Approved; to be applied in SAP by VZI.
APR-000586,REC-000815,Engineering Head,VZIINV01,HELD,2026-09-07,Held pending further consumption evidence.
APR-000587,REC-000817,Plant Head,VZIINV02,HELD,2026-07-12,Held pending further consumption evidence.
APR-000588,REC-000818,Commercial Head,VZIINV02,APPROVED,2026-09-06,Approved; to be applied in SAP by VZI.
APR-000589,REC-000819,Inventory Controller,VZIINV02,APPROVED,2026-07-20,Approved; to be applied in SAP by VZI.
APR-000590,REC-000820,Commercial Head,VZIINV01,APPROVED,2026-08-30,Approved; to be applied in SAP by VZI.
APR-000591,REC-000822,Engineering Head,VZIINV02,REJECTED,2026-08-14,Consumption not considered representative.
APR-000592,REC-000823,Commercial Head,VZIINV01,REJECTED,2026-06-12,Consumption not considered representative.
APR-000593,REC-000827,Engineering Head,VZIINV02,APPROVED,2026-06-04,Approved; to be applied in SAP by VZI.
APR-000594,REC-000828,Plant Head,VZIINV02,APPROVED,2026-09-07,Approved; to be applied in SAP by VZI.
APR-000595,REC-000829,Plant Head,VZIINV01,REJECTED,2026-07-02,Consumption not considered representative.
APR-000596,REC-000830,Engineering Head,VZIINV01,APPROVED,2026-07-25,Approved; to be applied in SAP by VZI.
APR-000597,REC-000832,Plant Head,VZIINV02,HELD,2026-08-11,Held pending further consumption evidence.
APR-000598,REC-000833,Plant Head,VZIINV01,APPROVED,2026-07-25,Approved; to be applied in SAP by VZI.
APR-000599,REC-000835,Engineering Head,VZIINV02,REJECTED,2026-07-04,Consumption not considered representative.
APR-000600,REC-000836,Plant Head,VZIINV02,REJECTED,2026-06-25,Consumption not considered representative.
APR-000601,REC-000837,Inventory Controller,VZIINV02,REJECTED,2026-07-06,Consumption not considered representative.
APR-000602,REC-000838,Plant Head,VZIINV02,HELD,2026-09-04,Held pending further consumption evidence.
APR-000603,REC-000840,Plant Head,VZIINV02,HELD,2026-07-04,Held pending further consumption evidence.
APR-000604,REC-000842,Plant Head,VZIINV02,APPROVED,2026-09-07,Approved; to be applied in SAP by VZI.
APR-000605,REC-000843,Plant Head,VZIINV01,HELD,2026-07-28,Held pending further consumption evidence.
APR-000606,REC-000845,Plant Head,VZIINV01,REJECTED,2026-09-01,Consumption not considered representative.
APR-000607,REC-000846,Commercial Head,VZIINV01,APPROVED,2026-09-07,Approved; to be applied in SAP by VZI.
APR-000608,REC-000847,Plant Head,VZIINV01,HELD,2026-08-16,Held pending further consumption evidence.
APR-000609,REC-000848,Engineering Head,VZIINV01,HELD,2026-07-31,Held pending further consumption evidence.
APR-000610,REC-000849,Plant Head,VZIINV02,REJECTED,2026-06-14,Consumption not considered representative.
APR-000611,REC-000850,Plant Head,VZIINV02,REJECTED,2026-06-08,Consumption not considered representative.
APR-000612,REC-000851,Commercial Head,VZIINV01,APPROVED,2026-07-17,Approved; to be applied in SAP by VZI.
APR-000613,REC-000852,Commercial Head,VZIINV01,HELD,2026-05-29,Held pending further consumption evidence.
APR-000614,REC-000854,Engineering Head,VZIINV02,APPROVED,2026-08-18,Approved; to be applied in SAP by VZI.
APR-000615,REC-000855,Inventory Controller,VZIINV01,REJECTED,2026-06-12,Consumption not considered representative.
APR-000616,REC-000856,Inventory Controller,VZIINV02,APPROVED,2026-09-05,Approved; to be applied in SAP by VZI.
APR-000617,REC-000857,Engineering Head,VZIINV01,APPROVED,2026-09-07,Approved; to be applied in SAP by VZI.
APR-000618,REC-000859,Plant Head,VZIINV02,HELD,2026-08-19,Held pending further consumption evidence.
APR-000619,REC-000860,Plant Head,VZIINV02,HELD,2026-08-20,Held pending further consumption evidence.
APR-000620,REC-000861,Engineering Head,VZIINV02,APPROVED,2026-08-31,Approved; to be applied in SAP by VZI.
APR-000621,REC-000863,Inventory Controller,VZIINV01,REJECTED,2026-08-05,Consumption not considered representative.
APR-000622,REC-000864,Plant Head,VZIINV02,APPROVED,2026-08-18,Approved; to be applied in SAP by VZI.
APR-000623,REC-000865,Commercial Head,VZIINV01,APPROVED,2026-05-26,Approved; to be applied in SAP by VZI.
APR-000624,REC-000866,Commercial Head,VZIINV01,APPROVED,2026-05-27,Approved; to be applied in SAP by VZI.
APR-000625,REC-000868,Engineering Head,VZIINV02,APPROVED,2026-06-18,Approved; to be applied in SAP by VZI.
APR-000626,REC-000869,Commercial Head,VZIINV01,APPROVED,2026-09-07,Approved; to be applied in SAP by VZI.
APR-000627,REC-000870,Engineering Head,VZIINV02,HELD,2026-09-02,Held pending further consumption evidence.
APR-000628,REC-000871,Engineering Head,VZIINV02,APPROVED,2026-08-08,Approved; to be applied in SAP by VZI.
APR-000629,REC-000872,Plant Head,VZIINV01,REJECTED,2026-07-31,Consumption not considered representative.
APR-000630,REC-000873,Inventory Controller,VZIINV01,APPROVED,2026-07-08,Approved; to be applied in SAP by VZI.
APR-000631,REC-000874,Inventory Controller,VZIINV01,APPROVED,2026-08-14,Approved; to be applied in SAP by VZI.
APR-000632,REC-000875,Plant Head,VZIINV01,APPROVED,2026-07-14,Approved; to be applied in SAP by VZI.
APR-000633,REC-000876,Plant Head,VZIINV02,APPROVED,2026-07-29,Approved; to be applied in SAP by VZI.
APR-000634,REC-000877,Plant Head,VZIINV01,REJECTED,2026-06-11,Consumption not considered representative.
APR-000635,REC-000879,Inventory Controller,VZIINV01,APPROVED,2026-06-21,Approved; to be applied in SAP by VZI.
APR-000636,REC-000880,Inventory Controller,VZIINV02,REJECTED,2026-09-06,Consumption not considered representative.
APR-000637,REC-000881,Engineering Head,VZIINV01,APPROVED,2026-06-18,Approved; to be applied in SAP by VZI.
APR-000638,REC-000882,Plant Head,VZIINV01,APPROVED,2026-08-02,Approved; to be applied in SAP by VZI.
APR-000639,REC-000883,Engineering Head,VZIINV02,REJECTED,2026-06-29,Consumption not considered representative.
APR-000640,REC-000884,Engineering Head,VZIINV02,REJECTED,2026-05-27,Consumption not considered representative.
APR-000641,REC-000885,Inventory Controller,VZIINV02,APPROVED,2026-06-11,Approved; to be applied in SAP by VZI.
APR-000642,REC-000889,Plant Head,VZIINV02,APPROVED,2026-06-26,Approved; to be applied in SAP by VZI.
APR-000643,REC-000890,Plant Head,VZIINV02,APPROVED,2026-06-19,Approved; to be applied in SAP by VZI.
APR-000644,REC-000891,Engineering Head,VZIINV02,APPROVED,2026-09-02,Approved; to be applied in SAP by VZI.
APR-000645,REC-000893,Commercial Head,VZIINV02,APPROVED,2026-05-25,Approved; to be applied in SAP by VZI.
APR-000646,REC-000895,Inventory Controller,VZIINV01,REJECTED,2026-06-15,Consumption not considered representative.
APR-000647,REC-000896,Inventory Controller,VZIINV02,REJECTED,2026-08-11,Consumption not considered representative.
APR-000648,REC-000899,Plant Head,VZIINV01,APPROVED,2026-08-23,Approved; to be applied in SAP by VZI.
APR-000649,REC-000900,Engineering Head,VZIINV01,REJECTED,2026-06-01,Consumption not considered representative.
APR-000650,REC-000902,Commercial Head,VZIINV02,APPROVED,2026-07-08,Approved; to be applied in SAP by VZI.
APR-000651,REC-000903,Engineering Head,VZIINV02,APPROVED,2026-09-07,Approved; to be applied in SAP by VZI.
APR-000652,REC-000905,Plant Head,VZIINV02,HELD,2026-06-26,Held pending further consumption evidence.
APR-000653,REC-000906,Commercial Head,VZIINV02,REJECTED,2026-07-18,Consumption not considered representative.
APR-000654,REC-000907,Commercial Head,VZIINV02,REJECTED,2026-06-18,Consumption not considered representative.
APR-000655,REC-000908,Inventory Controller,VZIINV01,APPROVED,2026-06-27,Approved; to be applied in SAP by VZI.
APR-000656,REC-000909,Plant Head,VZIINV02,APPROVED,2026-09-07,Approved; to be applied in SAP by VZI.
APR-000657,REC-000910,Engineering Head,VZIINV01,REJECTED,2026-06-19,Consumption not considered representative.
APR-000658,REC-000912,Inventory Controller,VZIINV02,APPROVED,2026-08-27,Approved; to be applied in SAP by VZI.
APR-000659,REC-000914,Plant Head,VZIINV01,HELD,2026-07-27,Held pending further consumption evidence.
APR-000660,REC-000915,Plant Head,VZIINV01,REJECTED,2026-06-29,Consumption not considered representative.
APR-000661,REC-000916,Engineering Head,VZIINV01,APPROVED,2026-09-02,Approved; to be applied in SAP by VZI.
APR-000662,REC-000919,Commercial Head,VZIINV01,APPROVED,2026-06-03,Approved; to be applied in SAP by VZI.
APR-000663,REC-000922,Engineering Head,VZIINV02,APPROVED,2026-05-15,Approved; to be applied in SAP by VZI.
APR-000664,REC-000923,Engineering Head,VZIINV02,REJECTED,2026-09-07,Consumption not considered representative.
APR-000665,REC-000924,Plant Head,VZIINV02,HELD,2026-09-06,Held pending further consumption evidence.
APR-000666,REC-000926,Commercial Head,VZIINV02,APPROVED,2026-05-31,Approved; to be applied in SAP by VZI.
APR-000667,REC-000927,Inventory Controller,VZIINV01,HELD,2026-05-30,Held pending further consumption evidence.
APR-000668,REC-000928,Inventory Controller,VZIINV01,REJECTED,2026-06-13,Consumption not considered representative.
APR-000669,REC-000929,Commercial Head,VZIINV01,REJECTED,2026-06-16,Consumption not considered representative.
APR-000670,REC-000931,Plant Head,VZIINV01,APPROVED,2026-07-02,Approved; to be applied in SAP by VZI.
APR-000671,REC-000932,Inventory Controller,VZIINV02,APPROVED,2026-08-23,Approved; to be applied in SAP by VZI.
APR-000672,REC-000934,Plant Head,VZIINV02,APPROVED,2026-06-05,Approved; to be applied in SAP by VZI.
APR-000673,REC-000935,Engineering Head,VZIINV02,HELD,2026-07-03,Held pending further consumption evidence.
APR-000674,REC-000936,Inventory Controller,VZIINV02,HELD,2026-07-18,Held pending further consumption evidence.
APR-000675,REC-000937,Commercial Head,VZIINV02,REJECTED,2026-08-11,Consumption not considered representative.
APR-000676,REC-000938,Commercial Head,VZIINV01,REJECTED,2026-08-03,Consumption not considered representative.
APR-000677,REC-000939,Inventory Controller,VZIINV01,REJECTED,2026-07-20,Consumption not considered representative.
APR-000678,REC-000941,Inventory Controller,VZIINV02,APPROVED,2026-06-01,Approved; to be applied in SAP by VZI.
APR-000679,REC-000946,Plant Head,VZIINV02,APPROVED,2026-08-23,Approved; to be applied in SAP by VZI.
APR-000680,REC-000948,Plant Head,VZIINV01,APPROVED,2026-08-03,Approved; to be applied in SAP by VZI.
APR-000681,REC-000950,Inventory Controller,VZIINV02,APPROVED,2026-06-21,Approved; to be applied in SAP by VZI.
APR-000682,REC-000952,Plant Head,VZIINV01,APPROVED,2026-08-19,Approved; to be applied in SAP by VZI.
APR-000683,REC-000956,Commercial Head,VZIINV01,REJECTED,2026-06-06,Consumption not considered representative.
APR-000684,REC-000957,Inventory Controller,VZIINV01,HELD,2026-08-28,Held pending further consumption evidence.
APR-000685,REC-000958,Inventory Controller,VZIINV02,APPROVED,2026-06-27,Approved; to be applied in SAP by VZI.
APR-000686,REC-000959,Commercial Head,VZIINV01,REJECTED,2026-06-30,Consumption not considered representative.
APR-000687,REC-000960,Plant Head,VZIINV01,APPROVED,2026-07-12,Approved; to be applied in SAP by VZI.
APR-000688,REC-000961,Plant Head,VZIINV01,APPROVED,2026-06-04,Approved; to be applied in SAP by VZI.
APR-000689,REC-000967,Engineering Head,VZIINV01,APPROVED,2026-06-16,Approved; to be applied in SAP by VZI.
APR-000690,REC-000968,Engineering Head,VZIINV02,REJECTED,2026-08-26,Consumption not considered representative.
APR-000691,REC-000969,Engineering Head,VZIINV01,APPROVED,2026-07-06,Approved; to be applied in SAP by VZI.
APR-000692,REC-000972,Inventory Controller,VZIINV02,APPROVED,2026-05-14,Approved; to be applied in SAP by VZI.
APR-000693,REC-000973,Engineering Head,VZIINV01,REJECTED,2026-09-07,Consumption not considered representative.
APR-000694,REC-000974,Plant Head,VZIINV01,APPROVED,2026-09-03,Approved; to be applied in SAP by VZI.
APR-000695,REC-000975,Plant Head,VZIINV01,HELD,2026-07-31,Held pending further consumption evidence.
APR-000696,REC-000976,Plant Head,VZIINV01,APPROVED,2026-06-07,Approved; to be applied in SAP by VZI.
APR-000697,REC-000978,Plant Head,VZIINV01,APPROVED,2026-08-05,Approved; to be applied in SAP by VZI.
APR-000698,REC-000979,Plant Head,VZIINV01,APPROVED,2026-06-16,Approved; to be applied in SAP by VZI.
APR-000699,REC-000981,Plant Head,VZIINV01,APPROVED,2026-06-05,Approved; to be applied in SAP by VZI.
APR-000700,REC-000982,Plant Head,VZIINV02,REJECTED,2026-07-06,Consumption not considered representative.
APR-000701,REC-000983,Inventory Controller,VZIINV02,APPROVED,2026-06-14,Approved; to be applied in SAP by VZI.
APR-000702,REC-000984,Commercial Head,VZIINV02,REJECTED,2026-06-20,Consumption not considered representative.
APR-000703,REC-000985,Engineering Head,VZIINV01,APPROVED,2026-08-11,Approved; to be applied in SAP by VZI.
APR-000704,REC-000986,Engineering Head,VZIINV02,APPROVED,2026-06-01,Approved; to be applied in SAP by VZI.
APR-000705,REC-000987,Inventory Controller,VZIINV01,APPROVED,2026-08-03,Approved; to be applied in SAP by VZI.
APR-000706,REC-000990,Commercial Head,VZIINV01,APPROVED,2026-07-08,Approved; to be applied in SAP by VZI.
APR-000707,REC-000991,Plant Head,VZIINV01,APPROVED,2026-05-22,Approved; to be applied in SAP by VZI.
APR-000708,REC-000992,Inventory Controller,VZIINV02,HELD,2026-08-30,Held pending further consumption evidence.
APR-000709,REC-000993,Inventory Controller,VZIINV02,HELD,2026-09-07,Held pending further consumption evidence.
APR-000710,REC-000994,Plant Head,VZIINV02,APPROVED,2026-06-29,Approved; to be applied in SAP by VZI.
APR-000711,REC-000995,Plant Head,VZIINV02,APPROVED,2026-07-04,Approved; to be applied in SAP by VZI.
APR-000712,REC-000996,Inventory Controller,VZIINV01,REJECTED,2026-06-23,Consumption not considered representative.
APR-000713,REC-000998,Engineering Head,VZIINV01,HELD,2026-09-01,Held pending further consumption evidence.
APR-000714,REC-000999,Plant Head,VZIINV01,HELD,2026-08-10,Held pending further consumption evidence.
APR-000715,REC-001000,Engineering Head,VZIINV01,APPROVED,2026-05-26,Approved; to be applied in SAP by VZI.
APR-000716,REC-001001,Engineering Head,VZIINV02,APPROVED,2026-09-05,Approved; to be applied in SAP by VZI.
APR-000717,REC-001002,Engineering Head,VZIINV01,APPROVED,2026-06-30,Approved; to be applied in SAP by VZI.
APR-000718,REC-001004,Commercial Head,VZIINV02,APPROVED,2026-07-23,Approved; to be applied in SAP by VZI.
APR-000719,REC-001005,Commercial Head,VZIINV01,REJECTED,2026-07-05,Consumption not considered representative.
APR-000720,REC-001006,Commercial Head,VZIINV02,APPROVED,2026-07-02,Approved; to be applied in SAP by VZI.
APR-000721,REC-001007,Plant Head,VZIINV02,APPROVED,2026-06-04,Approved; to be applied in SAP by VZI.
APR-000722,REC-001008,Engineering Head,VZIINV01,HELD,2026-08-23,Held pending further consumption evidence.
APR-000723,REC-001010,Commercial Head,VZIINV02,APPROVED,2026-08-14,Approved; to be applied in SAP by VZI.
APR-000724,REC-001011,Inventory Controller,VZIINV02,APPROVED,2026-08-27,Approved; to be applied in SAP by VZI.
APR-000725,REC-001012,Inventory Controller,VZIINV02,APPROVED,2026-09-04,Approved; to be applied in SAP by VZI.
APR-000726,REC-001015,Plant Head,VZIINV01,APPROVED,2026-08-16,Approved; to be applied in SAP by VZI.
APR-000727,REC-001016,Inventory Controller,VZIINV02,APPROVED,2026-07-30,Approved; to be applied in SAP by VZI.
APR-000728,REC-001018,Plant Head,VZIINV02,REJECTED,2026-06-16,Consumption not considered representative.
APR-000729,REC-001019,Plant Head,VZIINV01,APPROVED,2026-09-07,Approved; to be applied in SAP by VZI.
APR-000730,REC-001020,Plant Head,VZIINV01,HELD,2026-06-24,Held pending further consumption evidence.
APR-000731,REC-001021,Engineering Head,VZIINV02,APPROVED,2026-09-07,Approved; to be applied in SAP by VZI.
APR-000732,REC-001023,Plant Head,VZIINV02,APPROVED,2026-08-06,Approved; to be applied in SAP by VZI.
APR-000733,REC-001024,Plant Head,VZIINV02,APPROVED,2026-06-28,Approved; to be applied in SAP by VZI.
APR-000734,REC-001027,Engineering Head,VZIINV02,REJECTED,2026-08-18,Consumption not considered representative.
APR-000735,REC-001028,Engineering Head,VZIINV02,REJECTED,2026-05-30,Consumption not considered representative.
APR-000736,REC-001030,Commercial Head,VZIINV01,APPROVED,2026-07-05,Approved; to be applied in SAP by VZI.
APR-000737,REC-001031,Commercial Head,VZIINV02,REJECTED,2026-06-14,Consumption not considered representative.
APR-000738,REC-001033,Commercial Head,VZIINV01,REJECTED,2026-05-23,Consumption not considered representative.
APR-000739,REC-001035,Plant Head,VZIINV02,REJECTED,2026-07-26,Consumption not considered representative.
APR-000740,REC-001036,Engineering Head,VZIINV01,REJECTED,2026-09-07,Consumption not considered representative.
APR-000741,REC-001037,Inventory Controller,VZIINV01,APPROVED,2026-09-05,Approved; to be applied in SAP by VZI.
APR-000742,REC-001038,Inventory Controller,VZIINV02,APPROVED,2026-09-07,Approved; to be applied in SAP by VZI.
APR-000743,REC-001039,Inventory Controller,VZIINV01,HELD,2026-07-16,Held pending further consumption evidence.
APR-000744,REC-001041,Engineering Head,VZIINV02,APPROVED,2026-05-29,Approved; to be applied in SAP by VZI.
APR-000745,REC-001042,Plant Head,VZIINV01,APPROVED,2026-07-21,Approved; to be applied in SAP by VZI.
APR-000746,REC-001043,Plant Head,VZIINV01,REJECTED,2026-06-21,Consumption not considered representative.
APR-000747,REC-001044,Plant Head,VZIINV01,APPROVED,2026-06-16,Approved; to be applied in SAP by VZI.
APR-000748,REC-001045,Inventory Controller,VZIINV02,REJECTED,2026-06-28,Consumption not considered representative.
APR-000749,REC-001046,Plant Head,VZIINV01,APPROVED,2026-07-03,Approved; to be applied in SAP by VZI.
APR-000750,REC-001047,Inventory Controller,VZIINV01,APPROVED,2026-06-07,Approved; to be applied in SAP by VZI.
APR-000751,REC-001048,Engineering Head,VZIINV01,APPROVED,2026-06-19,Approved; to be applied in SAP by VZI.
APR-000752,REC-001049,Inventory Controller,VZIINV01,HELD,2026-06-20,Held pending further consumption evidence.
APR-000753,REC-001050,Plant Head,VZIINV02,HELD,2026-08-02,Held pending further consumption evidence.
APR-000754,REC-001052,Engineering Head,VZIINV01,REJECTED,2026-06-16,Consumption not considered representative.
APR-000755,REC-001054,Inventory Controller,VZIINV02,APPROVED,2026-06-05,Approved; to be applied in SAP by VZI.
APR-000756,REC-001055,Inventory Controller,VZIINV02,APPROVED,2026-09-07,Approved; to be applied in SAP by VZI.
APR-000757,REC-001056,Inventory Controller,VZIINV01,HELD,2026-07-13,Held pending further consumption evidence.
APR-000758,REC-001059,Plant Head,VZIINV01,APPROVED,2026-08-31,Approved; to be applied in SAP by VZI.
APR-000759,REC-001060,Plant Head,VZIINV01,HELD,2026-05-30,Held pending further consumption evidence.
APR-000760,REC-001062,Inventory Controller,VZIINV02,REJECTED,2026-07-19,Consumption not considered representative.
APR-000761,REC-001063,Inventory Controller,VZIINV01,APPROVED,2026-05-26,Approved; to be applied in SAP by VZI.
APR-000762,REC-001064,Plant Head,VZIINV01,HELD,2026-07-11,Held pending further consumption evidence.
APR-000763,REC-001066,Inventory Controller,VZIINV02,HELD,2026-06-17,Held pending further consumption evidence.
APR-000764,REC-001069,Inventory Controller,VZIINV01,REJECTED,2026-07-02,Consumption not considered representative.
APR-000765,REC-001070,Inventory Controller,VZIINV02,APPROVED,2026-07-28,Approved; to be applied in SAP by VZI.
APR-000766,REC-001071,Engineering Head,VZIINV01,APPROVED,2026-09-07,Approved; to be applied in SAP by VZI.
APR-000767,REC-001073,Engineering Head,VZIINV01,HELD,2026-06-13,Held pending further consumption evidence.
APR-000768,REC-001074,Engineering Head,VZIINV02,REJECTED,2026-07-15,Consumption not considered representative.
APR-000769,REC-001075,Commercial Head,VZIINV01,REJECTED,2026-07-08,Consumption not considered representative.
APR-000770,REC-001077,Engineering Head,VZIINV01,REJECTED,2026-07-30,Consumption not considered representative.
APR-000771,REC-001078,Commercial Head,VZIINV02,APPROVED,2026-05-14,Approved; to be applied in SAP by VZI.
APR-000772,REC-001080,Commercial Head,VZIINV01,REJECTED,2026-05-28,Consumption not considered representative.
APR-000773,REC-001084,Engineering Head,VZIINV02,APPROVED,2026-08-14,Approved; to be applied in SAP by VZI.
APR-000774,REC-001086,Plant Head,VZIINV02,APPROVED,2026-06-11,Approved; to be applied in SAP by VZI.
APR-000775,REC-001087,Engineering Head,VZIINV01,HELD,2026-09-07,Held pending further consumption evidence.
APR-000776,REC-001088,Plant Head,VZIINV01,APPROVED,2026-07-19,Approved; to be applied in SAP by VZI.
APR-000777,REC-001090,Inventory Controller,VZIINV01,REJECTED,2026-07-11,Consumption not considered representative.
APR-000778,REC-001091,Engineering Head,VZIINV01,APPROVED,2026-09-07,Approved; to be applied in SAP by VZI.
APR-000779,REC-001092,Engineering Head,VZIINV01,REJECTED,2026-09-05,Consumption not considered representative.
APR-000780,REC-001094,Inventory Controller,VZIINV01,REJECTED,2026-09-02,Consumption not considered representative.
APR-000781,REC-001095,Plant Head,VZIINV01,HELD,2026-09-07,Held pending further consumption evidence.
APR-000782,REC-001096,Engineering Head,VZIINV02,APPROVED,2026-07-15,Approved; to be applied in SAP by VZI.
APR-000783,REC-001098,Plant Head,VZIINV02,APPROVED,2026-08-19,Approved; to be applied in SAP by VZI.
APR-000784,REC-001099,Inventory Controller,VZIINV01,APPROVED,2026-08-21,Approved; to be applied in SAP by VZI.
APR-000785,REC-001100,Plant Head,VZIINV01,APPROVED,2026-06-21,Approved; to be applied in SAP by VZI.
APR-000786,REC-001102,Commercial Head,VZIINV02,APPROVED,2026-06-13,Approved; to be applied in SAP by VZI.
APR-000787,REC-001104,Plant Head,VZIINV02,APPROVED,2026-09-07,Approved; to be applied in SAP by VZI.
APR-000788,REC-001106,Plant Head,VZIINV02,APPROVED,2026-06-20,Approved; to be applied in SAP by VZI.
APR-000789,REC-001108,Plant Head,VZIINV01,REJECTED,2026-08-12,Consumption not considered representative.
APR-000790,REC-001109,Engineering Head,VZIINV02,REJECTED,2026-08-01,Consumption not considered representative.
APR-000791,REC-001110,Commercial Head,VZIINV02,APPROVED,2026-05-19,Approved; to be applied in SAP by VZI.
APR-000792,REC-001113,Plant Head,VZIINV01,APPROVED,2026-05-29,Approved; to be applied in SAP by VZI.
APR-000793,REC-001114,Plant Head,VZIINV01,APPROVED,2026-07-07,Approved; to be applied in SAP by VZI.
APR-000794,REC-001115,Plant Head,VZIINV01,APPROVED,2026-07-11,Approved; to be applied in SAP by VZI.
APR-000795,REC-001118,Inventory Controller,VZIINV01,APPROVED,2026-07-04,Approved; to be applied in SAP by VZI.
APR-000796,REC-001121,Inventory Controller,VZIINV02,APPROVED,2026-05-24,Approved; to be applied in SAP by VZI.
APR-000797,REC-001123,Engineering Head,VZIINV02,APPROVED,2026-08-01,Approved; to be applied in SAP by VZI.
APR-000798,REC-001125,Inventory Controller,VZIINV01,REJECTED,2026-08-28,Consumption not considered representative.
APR-000799,REC-001126,Plant Head,VZIINV02,HELD,2026-09-07,Held pending further consumption evidence.
APR-000800,REC-001127,Inventory Controller,VZIINV01,APPROVED,2026-08-02,Approved; to be applied in SAP by VZI.
APR-000801,REC-001128,Inventory Controller,VZIINV01,APPROVED,2026-09-07,Approved; to be applied in SAP by VZI.
APR-000802,REC-001130,Plant Head,VZIINV02,REJECTED,2026-07-02,Consumption not considered representative.
APR-000803,REC-001131,Plant Head,VZIINV01,REJECTED,2026-06-16,Consumption not considered representative.
APR-000804,REC-001132,Engineering Head,VZIINV01,APPROVED,2026-08-04,Approved; to be applied in SAP by VZI.
APR-000805,REC-001133,Engineering Head,VZIINV01,APPROVED,2026-07-07,Approved; to be applied in SAP by VZI.
APR-000806,REC-001134,Commercial Head,VZIINV01,APPROVED,2026-08-16,Approved; to be applied in SAP by VZI.
APR-000807,REC-001135,Commercial Head,VZIINV02,APPROVED,2026-07-02,Approved; to be applied in SAP by VZI.
APR-000808,REC-001136,Commercial Head,VZIINV02,APPROVED,2026-07-28,Approved; to be applied in SAP by VZI.
APR-000809,REC-001137,Commercial Head,VZIINV02,APPROVED,2026-07-23,Approved; to be applied in SAP by VZI.
APR-000810,REC-001138,Commercial Head,VZIINV02,APPROVED,2026-07-07,Approved; to be applied in SAP by VZI.
APR-000811,REC-001139,Inventory Controller,VZIINV02,APPROVED,2026-06-12,Approved; to be applied in SAP by VZI.
APR-000812,REC-001140,Plant Head,VZIINV02,REJECTED,2026-08-11,Consumption not considered representative.
APR-000813,REC-001141,Plant Head,VZIINV02,APPROVED,2026-07-30,Approved; to be applied in SAP by VZI.
APR-000814,REC-001142,Engineering Head,VZIINV02,APPROVED,2026-07-16,Approved; to be applied in SAP by VZI.
APR-000815,REC-001143,Plant Head,VZIINV01,REJECTED,2026-07-06,Consumption not considered representative.
APR-000816,REC-001144,Plant Head,VZIINV01,REJECTED,2026-07-24,Consumption not considered representative.
APR-000817,REC-001145,Inventory Controller,VZIINV02,REJECTED,2026-09-01,Consumption not considered representative.
APR-000818,REC-001147,Inventory Controller,VZIINV02,APPROVED,2026-07-22,Approved; to be applied in SAP by VZI.
APR-000819,REC-001148,Plant Head,VZIINV01,HELD,2026-08-04,Held pending further consumption evidence.
APR-000820,REC-001149,Inventory Controller,VZIINV01,APPROVED,2026-08-29,Approved; to be applied in SAP by VZI.
APR-000821,REC-001150,Engineering Head,VZIINV02,APPROVED,2026-05-17,Approved; to be applied in SAP by VZI.
APR-000822,REC-001151,Engineering Head,VZIINV01,APPROVED,2026-09-03,Approved; to be applied in SAP by VZI.
APR-000823,REC-001152,Plant Head,VZIINV02,APPROVED,2026-06-04,Approved; to be applied in SAP by VZI.
APR-000824,REC-001154,Plant Head,VZIINV02,APPROVED,2026-08-17,Approved; to be applied in SAP by VZI.
APR-000825,REC-001155,Plant Head,VZIINV02,APPROVED,2026-09-07,Approved; to be applied in SAP by VZI.
APR-000826,REC-001156,Commercial Head,VZIINV02,REJECTED,2026-07-02,Consumption not considered representative.
APR-000827,REC-001157,Plant Head,VZIINV02,APPROVED,2026-08-15,Approved; to be applied in SAP by VZI.
APR-000828,REC-001158,Plant Head,VZIINV02,APPROVED,2026-05-22,Approved; to be applied in SAP by VZI.
APR-000829,REC-001159,Plant Head,VZIINV02,APPROVED,2026-08-05,Approved; to be applied in SAP by VZI.
APR-000830,REC-001160,Commercial Head,VZIINV02,HELD,2026-08-01,Held pending further consumption evidence.
APR-000831,REC-001161,Commercial Head,VZIINV02,HELD,2026-08-24,Held pending further consumption evidence.
APR-000832,REC-001162,Engineering Head,VZIINV02,HELD,2026-09-07,Held pending further consumption evidence.
APR-000833,REC-001164,Engineering Head,VZIINV01,REJECTED,2026-06-06,Consumption not considered representative.
APR-000834,REC-001165,Engineering Head,VZIINV02,APPROVED,2026-09-07,Approved; to be applied in SAP by VZI.
APR-000835,REC-001167,Inventory Controller,VZIINV02,HELD,2026-08-29,Held pending further consumption evidence.
APR-000836,REC-001168,Plant Head,VZIINV01,REJECTED,2026-08-25,Consumption not considered representative.
APR-000837,REC-001169,Plant Head,VZIINV02,APPROVED,2026-08-20,Approved; to be applied in SAP by VZI.
APR-000838,REC-001170,Commercial Head,VZIINV02,REJECTED,2026-06-12,Consumption not considered representative.
APR-000839,REC-001171,Engineering Head,VZIINV01,REJECTED,2026-07-08,Consumption not considered representative.
APR-000840,REC-001172,Plant Head,VZIINV02,APPROVED,2026-07-13,Approved; to be applied in SAP by VZI.
APR-000841,REC-001173,Plant Head,VZIINV01,HELD,2026-09-04,Held pending further consumption evidence.
APR-000842,REC-001174,Inventory Controller,VZIINV01,APPROVED,2026-06-07,Approved; to be applied in SAP by VZI.
APR-000843,REC-001175,Commercial Head,VZIINV02,APPROVED,2026-06-12,Approved; to be applied in SAP by VZI.
APR-000844,REC-001176,Commercial Head,VZIINV02,APPROVED,2026-07-04,Approved; to be applied in SAP by VZI.
APR-000845,REC-001177,Inventory Controller,VZIINV01,APPROVED,2026-08-01,Approved; to be applied in SAP by VZI.
APR-000846,REC-001178,Inventory Controller,VZIINV02,HELD,2026-08-14,Held pending further consumption evidence.
APR-000847,REC-001179,Commercial Head,VZIINV02,APPROVED,2026-08-31,Approved; to be applied in SAP by VZI.
APR-000848,REC-001180,Commercial Head,VZIINV01,HELD,2026-05-29,Held pending further consumption evidence.
APR-000849,REC-001181,Commercial Head,VZIINV01,APPROVED,2026-09-02,Approved; to be applied in SAP by VZI.
APR-000850,REC-001182,Inventory Controller,VZIINV02,APPROVED,2026-05-25,Approved; to be applied in SAP by VZI.
APR-000851,REC-001183,Commercial Head,VZIINV02,REJECTED,2026-07-16,Consumption not considered representative.
APR-000852,REC-001185,Plant Head,VZIINV01,REJECTED,2026-07-12,Consumption not considered representative.
APR-000853,REC-001186,Engineering Head,VZIINV01,APPROVED,2026-08-14,Approved; to be applied in SAP by VZI.
APR-000854,REC-001187,Inventory Controller,VZIINV01,APPROVED,2026-05-14,Approved; to be applied in SAP by VZI.
APR-000855,REC-001188,Inventory Controller,VZIINV01,APPROVED,2026-05-30,Approved; to be applied in SAP by VZI.
APR-000856,REC-001189,Engineering Head,VZIINV01,APPROVED,2026-09-01,Approved; to be applied in SAP by VZI.
APR-000857,REC-001190,Engineering Head,VZIINV02,APPROVED,2026-06-15,Approved; to be applied in SAP by VZI.
APR-000858,REC-001191,Inventory Controller,VZIINV02,APPROVED,2026-07-01,Approved; to be applied in SAP by VZI.
APR-000859,REC-001193,Commercial Head,VZIINV02,APPROVED,2026-08-25,Approved; to be applied in SAP by VZI.
APR-000860,REC-001194,Commercial Head,VZIINV01,APPROVED,2026-09-07,Approved; to be applied in SAP by VZI.
APR-000861,REC-001195,Inventory Controller,VZIINV01,HELD,2026-08-09,Held pending further consumption evidence.
APR-000862,REC-001198,Inventory Controller,VZIINV02,APPROVED,2026-07-16,Approved; to be applied in SAP by VZI.
APR-000863,REC-001199,Commercial Head,VZIINV02,APPROVED,2026-07-09,Approved; to be applied in SAP by VZI.
APR-000864,REC-001201,Engineering Head,VZIINV01,APPROVED,2026-07-11,Approved; to be applied in SAP by VZI.
APR-000865,REC-001202,Engineering Head,VZIINV02,APPROVED,2026-06-16,Approved; to be applied in SAP by VZI.
APR-000866,REC-001203,Commercial Head,VZIINV02,APPROVED,2026-06-09,Approved; to be applied in SAP by VZI.
APR-000867,REC-001204,Plant Head,VZIINV01,REJECTED,2026-07-14,Consumption not considered representative.
APR-000868,REC-001205,Inventory Controller,VZIINV01,APPROVED,2026-07-21,Approved; to be applied in SAP by VZI.
APR-000869,REC-001207,Commercial Head,VZIINV02,APPROVED,2026-06-29,Approved; to be applied in SAP by VZI.
APR-000870,REC-001208,Inventory Controller,VZIINV01,REJECTED,2026-07-20,Consumption not considered representative.
APR-000871,REC-001209,Engineering Head,VZIINV02,APPROVED,2026-09-06,Approved; to be applied in SAP by VZI.
APR-000872,REC-001211,Inventory Controller,VZIINV01,HELD,2026-07-04,Held pending further consumption evidence.
APR-000873,REC-001212,Inventory Controller,VZIINV01,APPROVED,2026-05-24,Approved; to be applied in SAP by VZI.
APR-000874,REC-001213,Engineering Head,VZIINV01,APPROVED,2026-05-29,Approved; to be applied in SAP by VZI.
APR-000875,REC-001215,Inventory Controller,VZIINV02,APPROVED,2026-06-06,Approved; to be applied in SAP by VZI.
APR-000876,REC-001217,Engineering Head,VZIINV02,APPROVED,2026-07-18,Approved; to be applied in SAP by VZI.
APR-000877,REC-001219,Commercial Head,VZIINV01,APPROVED,2026-06-01,Approved; to be applied in SAP by VZI.
APR-000878,REC-001220,Plant Head,VZIINV02,APPROVED,2026-08-05,Approved; to be applied in SAP by VZI.
APR-000879,REC-001222,Plant Head,VZIINV01,APPROVED,2026-06-25,Approved; to be applied in SAP by VZI.
APR-000880,REC-001223,Plant Head,VZIINV01,REJECTED,2026-05-20,Consumption not considered representative.
APR-000881,REC-001225,Plant Head,VZIINV02,REJECTED,2026-08-06,Consumption not considered representative.
APR-000882,REC-001226,Engineering Head,VZIINV01,HELD,2026-07-31,Held pending further consumption evidence.
APR-000883,REC-001227,Plant Head,VZIINV02,REJECTED,2026-08-08,Consumption not considered representative.
APR-000884,REC-001228,Inventory Controller,VZIINV01,HELD,2026-09-04,Held pending further consumption evidence.
APR-000885,REC-001229,Inventory Controller,VZIINV02,APPROVED,2026-06-28,Approved; to be applied in SAP by VZI.
APR-000886,REC-001232,Engineering Head,VZIINV01,APPROVED,2026-05-27,Approved; to be applied in SAP by VZI.
APR-000887,REC-001233,Plant Head,VZIINV02,APPROVED,2026-07-25,Approved; to be applied in SAP by VZI.
APR-000888,REC-001234,Inventory Controller,VZIINV02,APPROVED,2026-05-22,Approved; to be applied in SAP by VZI.
APR-000889,REC-001236,Commercial Head,VZIINV02,APPROVED,2026-05-31,Approved; to be applied in SAP by VZI.
APR-000890,REC-001237,Engineering Head,VZIINV02,APPROVED,2026-05-18,Approved; to be applied in SAP by VZI.
APR-000891,REC-001238,Plant Head,VZIINV01,APPROVED,2026-06-17,Approved; to be applied in SAP by VZI.
APR-000892,REC-001239,Commercial Head,VZIINV01,APPROVED,2026-06-03,Approved; to be applied in SAP by VZI.
APR-000893,REC-001240,Inventory Controller,VZIINV01,REJECTED,2026-06-18,Consumption not considered representative.
APR-000894,REC-001241,Commercial Head,VZIINV02,APPROVED,2026-09-07,Approved; to be applied in SAP by VZI.
APR-000895,REC-001242,Commercial Head,VZIINV02,REJECTED,2026-06-30,Consumption not considered representative.
APR-000896,REC-001243,Inventory Controller,VZIINV02,APPROVED,2026-07-21,Approved; to be applied in SAP by VZI.
APR-000897,REC-001244,Inventory Controller,VZIINV01,REJECTED,2026-07-04,Consumption not considered representative.
APR-000898,REC-001245,Plant Head,VZIINV02,APPROVED,2026-08-23,Approved; to be applied in SAP by VZI.
APR-000899,REC-001246,Plant Head,VZIINV02,APPROVED,2026-07-27,Approved; to be applied in SAP by VZI.
APR-000900,REC-001247,Engineering Head,VZIINV02,APPROVED,2026-06-14,Approved; to be applied in SAP by VZI.
APR-000901,REC-001249,Plant Head,VZIINV01,HELD,2026-08-29,Held pending further consumption evidence.
APR-000902,REC-001250,Inventory Controller,VZIINV01,REJECTED,2026-07-29,Consumption not considered representative.
APR-000903,REC-001251,Inventory Controller,VZIINV01,HELD,2026-06-26,Held pending further consumption evidence.
APR-000904,REC-001252,Plant Head,VZIINV01,REJECTED,2026-09-02,Consumption not considered representative.
APR-000905,REC-001253,Plant Head,VZIINV01,APPROVED,2026-06-27,Approved; to be applied in SAP by VZI.
APR-000906,REC-001255,Plant Head,VZIINV02,APPROVED,2026-08-29,Approved; to be applied in SAP by VZI.
APR-000907,REC-001256,Inventory Controller,VZIINV01,APPROVED,2026-08-21,Approved; to be applied in SAP by VZI.
APR-000908,REC-001257,Plant Head,VZIINV02,APPROVED,2026-08-10,Approved; to be applied in SAP by VZI.
APR-000909,REC-001259,Engineering Head,VZIINV01,APPROVED,2026-06-17,Approved; to be applied in SAP by VZI.
APR-000910,REC-001260,Engineering Head,VZIINV02,HELD,2026-06-05,Held pending further consumption evidence.
APR-000911,REC-001263,Inventory Controller,VZIINV02,APPROVED,2026-07-13,Approved; to be applied in SAP by VZI.
APR-000912,REC-001265,Plant Head,VZIINV01,APPROVED,2026-06-27,Approved; to be applied in SAP by VZI.
APR-000913,REC-001269,Inventory Controller,VZIINV01,REJECTED,2026-05-23,Consumption not considered representative.
APR-000914,REC-001270,Engineering Head,VZIINV01,REJECTED,2026-07-26,Consumption not considered representative.
APR-000915,REC-001272,Plant Head,VZIINV02,APPROVED,2026-08-19,Approved; to be applied in SAP by VZI.
APR-000916,REC-001273,Plant Head,VZIINV02,HELD,2026-08-01,Held pending further consumption evidence.
APR-000917,REC-001274,Inventory Controller,VZIINV02,APPROVED,2026-08-13,Approved; to be applied in SAP by VZI.
APR-000918,REC-001277,Plant Head,VZIINV01,APPROVED,2026-08-03,Approved; to be applied in SAP by VZI.
APR-000919,REC-001279,Commercial Head,VZIINV02,APPROVED,2026-08-03,Approved; to be applied in SAP by VZI.
APR-000920,REC-001280,Engineering Head,VZIINV01,APPROVED,2026-09-07,Approved; to be applied in SAP by VZI.
APR-000921,REC-001281,Engineering Head,VZIINV02,APPROVED,2026-06-07,Approved; to be applied in SAP by VZI.
APR-000922,REC-001284,Engineering Head,VZIINV01,REJECTED,2026-07-21,Consumption not considered representative.
APR-000923,REC-001285,Plant Head,VZIINV02,APPROVED,2026-08-11,Approved; to be applied in SAP by VZI.
APR-000924,REC-001288,Plant Head,VZIINV02,HELD,2026-06-07,Held pending further consumption evidence.
APR-000925,REC-001290,Engineering Head,VZIINV01,APPROVED,2026-09-03,Approved; to be applied in SAP by VZI.
APR-000926,REC-001291,Plant Head,VZIINV02,REJECTED,2026-07-10,Consumption not considered representative.
APR-000927,REC-001292,Plant Head,VZIINV01,REJECTED,2026-08-17,Consumption not considered representative.
APR-000928,REC-001293,Plant Head,VZIINV02,HELD,2026-07-15,Held pending further consumption evidence.
APR-000929,REC-001300,Engineering Head,VZIINV01,HELD,2026-07-08,Held pending further consumption evidence.
APR-000930,REC-001301,Engineering Head,VZIINV01,APPROVED,2026-08-25,Approved; to be applied in SAP by VZI.
APR-000931,REC-001302,Plant Head,VZIINV02,REJECTED,2026-08-13,Consumption not considered representative.
APR-000932,REC-001303,Inventory Controller,VZIINV02,REJECTED,2026-06-10,Consumption not considered representative.
APR-000933,REC-001304,Plant Head,VZIINV01,REJECTED,2026-08-12,Consumption not considered representative.
APR-000934,REC-001305,Plant Head,VZIINV01,APPROVED,2026-06-11,Approved; to be applied in SAP by VZI.
APR-000935,REC-001306,Commercial Head,VZIINV02,APPROVED,2026-07-12,Approved; to be applied in SAP by VZI.
APR-000936,REC-001307,Inventory Controller,VZIINV01,HELD,2026-05-26,Held pending further consumption evidence.
APR-000937,REC-001308,Inventory Controller,VZIINV02,HELD,2026-09-01,Held pending further consumption evidence.
APR-000938,REC-001310,Inventory Controller,VZIINV01,HELD,2026-05-29,Held pending further consumption evidence.
APR-000939,REC-001311,Engineering Head,VZIINV01,APPROVED,2026-06-15,Approved; to be applied in SAP by VZI.
APR-000940,REC-001312,Plant Head,VZIINV01,HELD,2026-08-08,Held pending further consumption evidence.
APR-000941,REC-001313,Plant Head,VZIINV01,REJECTED,2026-05-28,Consumption not considered representative.
APR-000942,REC-001314,Commercial Head,VZIINV02,REJECTED,2026-08-25,Consumption not considered representative.
APR-000943,REC-001316,Inventory Controller,VZIINV02,APPROVED,2026-09-07,Approved; to be applied in SAP by VZI.
APR-000944,REC-001318,Inventory Controller,VZIINV02,APPROVED,2026-08-06,Approved; to be applied in SAP by VZI.
APR-000945,REC-001319,Plant Head,VZIINV02,HELD,2026-09-01,Held pending further consumption evidence.
APR-000946,REC-001321,Engineering Head,VZIINV01,REJECTED,2026-08-05,Consumption not considered representative.
APR-000947,REC-001322,Inventory Controller,VZIINV01,REJECTED,2026-05-18,Consumption not considered representative.
APR-000948,REC-001325,Inventory Controller,VZIINV01,APPROVED,2026-08-22,Approved; to be applied in SAP by VZI.
APR-000949,REC-001326,Inventory Controller,VZIINV01,APPROVED,2026-05-31,Approved; to be applied in SAP by VZI.
APR-000950,REC-001327,Plant Head,VZIINV01,APPROVED,2026-06-26,Approved; to be applied in SAP by VZI.
APR-000951,REC-001328,Commercial Head,VZIINV01,REJECTED,2026-08-13,Consumption not considered representative.
APR-000952,REC-001329,Commercial Head,VZIINV02,APPROVED,2026-08-21,Approved; to be applied in SAP by VZI.
APR-000953,REC-001331,Plant Head,VZIINV02,REJECTED,2026-07-10,Consumption not considered representative.
APR-000954,REC-001336,Engineering Head,VZIINV01,APPROVED,2026-08-02,Approved; to be applied in SAP by VZI.
APR-000955,REC-001337,Plant Head,VZIINV02,HELD,2026-06-30,Held pending further consumption evidence.
APR-000956,REC-001338,Inventory Controller,VZIINV02,APPROVED,2026-07-16,Approved; to be applied in SAP by VZI.
APR-000957,REC-001339,Commercial Head,VZIINV01,REJECTED,2026-06-14,Consumption not considered representative.
APR-000958,REC-001340,Plant Head,VZIINV02,HELD,2026-08-11,Held pending further consumption evidence.
APR-000959,REC-001341,Inventory Controller,VZIINV01,APPROVED,2026-06-07,Approved; to be applied in SAP by VZI.
APR-000960,REC-001343,Inventory Controller,VZIINV02,HELD,2026-06-17,Held pending further consumption evidence.
APR-000961,REC-001344,Inventory Controller,VZIINV02,APPROVED,2026-09-07,Approved; to be applied in SAP by VZI.
APR-000962,REC-001346,Plant Head,VZIINV01,REJECTED,2026-08-16,Consumption not considered representative.
APR-000963,REC-001348,Engineering Head,VZIINV01,APPROVED,2026-07-21,Approved; to be applied in SAP by VZI.
APR-000964,REC-001351,Commercial Head,VZIINV02,HELD,2026-05-26,Held pending further consumption evidence.
APR-000965,REC-001356,Engineering Head,VZIINV02,APPROVED,2026-09-01,Approved; to be applied in SAP by VZI.
APR-000966,REC-001361,Plant Head,VZIINV01,REJECTED,2026-06-28,Consumption not considered representative.
APR-000967,REC-001364,Plant Head,VZIINV01,APPROVED,2026-08-18,Approved; to be applied in SAP by VZI.
APR-000968,REC-001366,Commercial Head,VZIINV02,APPROVED,2026-05-21,Approved; to be applied in SAP by VZI.
APR-000969,REC-001367,Plant Head,VZIINV01,HELD,2026-07-21,Held pending further consumption evidence.
APR-000970,REC-001369,Inventory Controller,VZIINV02,APPROVED,2026-07-18,Approved; to be applied in SAP by VZI.
APR-000971,REC-001370,Commercial Head,VZIINV01,HELD,2026-07-29,Held pending further consumption evidence.
APR-000972,REC-001371,Inventory Controller,VZIINV02,APPROVED,2026-06-08,Approved; to be applied in SAP by VZI.
APR-000973,REC-001372,Inventory Controller,VZIINV02,APPROVED,2026-09-07,Approved; to be applied in SAP by VZI.
APR-000974,REC-001374,Plant Head,VZIINV01,REJECTED,2026-07-02,Consumption not considered representative.
APR-000975,REC-001375,Commercial Head,VZIINV01,HELD,2026-07-29,Held pending further consumption evidence.
APR-000976,REC-001376,Inventory Controller,VZIINV02,REJECTED,2026-07-15,Consumption not considered representative.
APR-000977,REC-001381,Engineering Head,VZIINV02,APPROVED,2026-06-12,Approved; to be applied in SAP by VZI.
APR-000978,REC-001382,Inventory Controller,VZIINV02,HELD,2026-08-18,Held pending further consumption evidence.
APR-000979,REC-001383,Inventory Controller,VZIINV02,APPROVED,2026-06-10,Approved; to be applied in SAP by VZI.
APR-000980,REC-001384,Engineering Head,VZIINV01,REJECTED,2026-09-07,Consumption not considered representative.
APR-000981,REC-001386,Engineering Head,VZIINV02,APPROVED,2026-06-06,Approved; to be applied in SAP by VZI.
APR-000982,REC-001387,Plant Head,VZIINV01,APPROVED,2026-07-01,Approved; to be applied in SAP by VZI.
APR-000983,REC-001388,Plant Head,VZIINV01,APPROVED,2026-08-05,Approved; to be applied in SAP by VZI.
APR-000984,REC-001390,Commercial Head,VZIINV02,APPROVED,2026-08-15,Approved; to be applied in SAP by VZI.
APR-000985,REC-001391,Inventory Controller,VZIINV02,REJECTED,2026-06-21,Consumption not considered representative.
APR-000986,REC-001392,Inventory Controller,VZIINV01,APPROVED,2026-07-13,Approved; to be applied in SAP by VZI.
APR-000987,REC-001394,Inventory Controller,VZIINV01,REJECTED,2026-05-24,Consumption not considered representative.
APR-000988,REC-001395,Inventory Controller,VZIINV02,APPROVED,2026-06-13,Approved; to be applied in SAP by VZI.
APR-000989,REC-001397,Engineering Head,VZIINV01,APPROVED,2026-07-28,Approved; to be applied in SAP by VZI.
APR-000990,REC-001398,Plant Head,VZIINV02,APPROVED,2026-08-25,Approved; to be applied in SAP by VZI.
APR-000991,REC-001400,Plant Head,VZIINV01,REJECTED,2026-06-24,Consumption not considered representative.
APR-000992,REC-001401,Plant Head,VZIINV01,REJECTED,2026-08-11,Consumption not considered representative.
APR-000993,REC-001402,Plant Head,VZIINV02,REJECTED,2026-08-18,Consumption not considered representative.
APR-000994,REC-001403,Plant Head,VZIINV01,HELD,2026-08-25,Held pending further consumption evidence.
APR-000995,REC-001406,Engineering Head,VZIINV02,HELD,2026-08-16,Held pending further consumption evidence.
APR-000996,REC-001407,Plant Head,VZIINV01,APPROVED,2026-08-21,Approved; to be applied in SAP by VZI.
APR-000997,REC-001408,Plant Head,VZIINV02,REJECTED,2026-08-13,Consumption not considered representative.
APR-000998,REC-001409,Inventory Controller,VZIINV02,APPROVED,2026-07-22,Approved; to be applied in SAP by VZI.
APR-000999,REC-001410,Engineering Head,VZIINV02,APPROVED,2026-09-05,Approved; to be applied in SAP by VZI.
APR-001000,REC-001411,Engineering Head,VZIINV01,APPROVED,2026-06-09,Approved; to be applied in SAP by VZI.
APR-001001,REC-001412,Commercial Head,VZIINV01,REJECTED,2026-08-12,Consumption not considered representative.
APR-001002,REC-001415,Plant Head,VZIINV02,APPROVED,2026-08-14,Approved; to be applied in SAP by VZI.
APR-001003,REC-001416,Plant Head,VZIINV02,APPROVED,2026-08-26,Approved; to be applied in SAP by VZI.
APR-001004,REC-001417,Commercial Head,VZIINV01,APPROVED,2026-08-04,Approved; to be applied in SAP by VZI.
APR-001005,REC-001419,Engineering Head,VZIINV01,APPROVED,2026-06-22,Approved; to be applied in SAP by VZI.
APR-001006,REC-001421,Plant Head,VZIINV02,APPROVED,2026-07-23,Approved; to be applied in SAP by VZI.
APR-001007,REC-001422,Commercial Head,VZIINV01,REJECTED,2026-08-08,Consumption not considered representative.
APR-001008,REC-001423,Commercial Head,VZIINV01,REJECTED,2026-06-06,Consumption not considered representative.
APR-001009,REC-001424,Engineering Head,VZIINV01,APPROVED,2026-05-16,Approved; to be applied in SAP by VZI.
APR-001010,REC-001426,Inventory Controller,VZIINV02,REJECTED,2026-08-31,Consumption not considered representative.
APR-001011,REC-001427,Commercial Head,VZIINV01,REJECTED,2026-07-09,Consumption not considered representative.
APR-001012,REC-001428,Plant Head,VZIINV02,APPROVED,2026-06-15,Approved; to be applied in SAP by VZI.
APR-001013,REC-001430,Commercial Head,VZIINV02,APPROVED,2026-07-16,Approved; to be applied in SAP by VZI.
APR-001014,REC-001431,Commercial Head,VZIINV01,APPROVED,2026-09-03,Approved; to be applied in SAP by VZI.
APR-001015,REC-001433,Inventory Controller,VZIINV02,REJECTED,2026-06-22,Consumption not considered representative.
APR-001016,REC-001434,Inventory Controller,VZIINV02,APPROVED,2026-07-13,Approved; to be applied in SAP by VZI.
APR-001017,REC-001435,Inventory Controller,VZIINV02,HELD,2026-07-18,Held pending further consumption evidence.
APR-001018,REC-001436,Plant Head,VZIINV01,HELD,2026-07-08,Held pending further consumption evidence.
APR-001019,REC-001439,Commercial Head,VZIINV01,REJECTED,2026-08-07,Consumption not considered representative.
APR-001020,REC-001441,Inventory Controller,VZIINV01,APPROVED,2026-09-07,Approved; to be applied in SAP by VZI.
APR-001021,REC-001442,Inventory Controller,VZIINV01,REJECTED,2026-07-25,Consumption not considered representative.
APR-001022,REC-001443,Inventory Controller,VZIINV02,HELD,2026-09-07,Held pending further consumption evidence.
APR-001023,REC-001444,Plant Head,VZIINV02,REJECTED,2026-07-24,Consumption not considered representative.
APR-001024,REC-001446,Inventory Controller,VZIINV02,APPROVED,2026-05-26,Approved; to be applied in SAP by VZI.
APR-001025,REC-001447,Plant Head,VZIINV01,APPROVED,2026-06-24,Approved; to be applied in SAP by VZI.
APR-001026,REC-001448,Commercial Head,VZIINV02,APPROVED,2026-09-07,Approved; to be applied in SAP by VZI.
APR-001027,REC-001449,Plant Head,VZIINV02,REJECTED,2026-05-30,Consumption not considered representative.
APR-001028,REC-001452,Commercial Head,VZIINV02,HELD,2026-07-10,Held pending further consumption evidence.
APR-001029,REC-001453,Commercial Head,VZIINV02,REJECTED,2026-05-18,Consumption not considered representative.
APR-001030,REC-001454,Plant Head,VZIINV02,REJECTED,2026-08-16,Consumption not considered representative.
APR-001031,REC-001458,Engineering Head,VZIINV02,APPROVED,2026-06-16,Approved; to be applied in SAP by VZI.
APR-001032,REC-001460,Engineering Head,VZIINV01,APPROVED,2026-07-16,Approved; to be applied in SAP by VZI.
APR-001033,REC-001462,Commercial Head,VZIINV02,APPROVED,2026-07-23,Approved; to be applied in SAP by VZI.
APR-001034,REC-001463,Commercial Head,VZIINV01,APPROVED,2026-07-11,Approved; to be applied in SAP by VZI.
APR-001035,REC-001465,Commercial Head,VZIINV02,APPROVED,2026-06-09,Approved; to be applied in SAP by VZI.
APR-001036,REC-001466,Commercial Head,VZIINV01,REJECTED,2026-08-30,Consumption not considered representative.
APR-001037,REC-001467,Inventory Controller,VZIINV02,HELD,2026-07-16,Held pending further consumption evidence.
APR-001038,REC-001468,Inventory Controller,VZIINV01,HELD,2026-07-25,Held pending further consumption evidence.
APR-001039,REC-001471,Plant Head,VZIINV02,REJECTED,2026-08-05,Consumption not considered representative.
APR-001040,REC-001472,Engineering Head,VZIINV02,HELD,2026-08-04,Held pending further consumption evidence.
APR-001041,REC-001473,Inventory Controller,VZIINV01,REJECTED,2026-05-27,Consumption not considered representative.
APR-001042,REC-001474,Inventory Controller,VZIINV01,APPROVED,2026-08-11,Approved; to be applied in SAP by VZI.
APR-001043,REC-001478,Plant Head,VZIINV02,HELD,2026-07-08,Held pending further consumption evidence.
APR-001044,REC-001479,Engineering Head,VZIINV02,APPROVED,2026-07-26,Approved; to be applied in SAP by VZI.
APR-001045,REC-001480,Engineering Head,VZIINV01,REJECTED,2026-09-05,Consumption not considered representative.
APR-001046,REC-001481,Engineering Head,VZIINV02,REJECTED,2026-06-24,Consumption not considered representative.
APR-001047,REC-001482,Inventory Controller,VZIINV01,APPROVED,2026-06-06,Approved; to be applied in SAP by VZI.
APR-001048,REC-001483,Engineering Head,VZIINV02,APPROVED,2026-09-07,Approved; to be applied in SAP by VZI.
APR-001049,REC-001485,Engineering Head,VZIINV02,APPROVED,2026-09-07,Approved; to be applied in SAP by VZI.
APR-001050,REC-001486,Engineering Head,VZIINV01,REJECTED,2026-08-22,Consumption not considered representative.
APR-001051,REC-001487,Inventory Controller,VZIINV02,REJECTED,2026-09-07,Consumption not considered representative.
APR-001052,REC-001488,Inventory Controller,VZIINV02,APPROVED,2026-06-13,Approved; to be applied in SAP by VZI.
APR-001053,REC-001489,Engineering Head,VZIINV01,HELD,2026-08-24,Held pending further consumption evidence.
APR-001054,REC-001490,Inventory Controller,VZIINV02,APPROVED,2026-06-27,Approved; to be applied in SAP by VZI.
APR-001055,REC-001491,Plant Head,VZIINV01,APPROVED,2026-08-29,Approved; to be applied in SAP by VZI.
APR-001056,REC-001492,Plant Head,VZIINV02,REJECTED,2026-08-06,Consumption not considered representative.
APR-001057,REC-001493,Inventory Controller,VZIINV02,REJECTED,2026-08-31,Consumption not considered representative.
APR-001058,REC-001494,Engineering Head,VZIINV01,HELD,2026-08-14,Held pending further consumption evidence.
APR-001059,REC-001496,Plant Head,VZIINV02,APPROVED,2026-08-27,Approved; to be applied in SAP by VZI.
APR-001060,REC-001497,Plant Head,VZIINV02,APPROVED,2026-07-06,Approved; to be applied in SAP by VZI.
APR-001061,REC-001498,Engineering Head,VZIINV02,REJECTED,2026-08-08,Consumption not considered representative.
APR-001062,REC-001499,Plant Head,VZIINV01,REJECTED,2026-08-18,Consumption not considered representative.
APR-001063,REC-001501,Plant Head,VZIINV01,REJECTED,2026-06-12,Consumption not considered representative.
APR-001064,REC-001502,Engineering Head,VZIINV01,APPROVED,2026-06-14,Approved; to be applied in SAP by VZI.
APR-001065,REC-001503,Plant Head,VZIINV02,REJECTED,2026-06-29,Consumption not considered representative.
APR-001066,REC-001504,Plant Head,VZIINV01,APPROVED,2026-06-29,Approved; to be applied in SAP by VZI.
APR-001067,REC-001505,Engineering Head,VZIINV01,APPROVED,2026-07-04,Approved; to be applied in SAP by VZI.
APR-001068,REC-001506,Engineering Head,VZIINV01,HELD,2026-06-27,Held pending further consumption evidence.
APR-001069,REC-001510,Engineering Head,VZIINV02,REJECTED,2026-08-18,Consumption not considered representative.
APR-001070,REC-001513,Commercial Head,VZIINV01,REJECTED,2026-08-31,Consumption not considered representative.
APR-001071,REC-001515,Plant Head,VZIINV02,APPROVED,2026-05-31,Approved; to be applied in SAP by VZI.
APR-001072,REC-001516,Commercial Head,VZIINV01,APPROVED,2026-06-27,Approved; to be applied in SAP by VZI.
APR-001073,REC-001517,Plant Head,VZIINV02,REJECTED,2026-05-21,Consumption not considered representative.
APR-001074,REC-001519,Engineering Head,VZIINV02,APPROVED,2026-06-01,Approved; to be applied in SAP by VZI.
APR-001075,REC-001520,Inventory Controller,VZIINV02,APPROVED,2026-05-21,Approved; to be applied in SAP by VZI.
APR-001076,REC-001521,Plant Head,VZIINV02,APPROVED,2026-07-08,Approved; to be applied in SAP by VZI.
APR-001077,REC-001522,Plant Head,VZIINV01,HELD,2026-06-01,Held pending further consumption evidence.
APR-001078,REC-001523,Commercial Head,VZIINV01,HELD,2026-08-26,Held pending further consumption evidence.
APR-001079,REC-001526,Inventory Controller,VZIINV02,APPROVED,2026-05-21,Approved; to be applied in SAP by VZI.
APR-001080,REC-001527,Plant Head,VZIINV02,REJECTED,2026-08-30,Consumption not considered representative.
APR-001081,REC-001528,Plant Head,VZIINV02,APPROVED,2026-08-12,Approved; to be applied in SAP by VZI.
APR-001082,REC-001529,Commercial Head,VZIINV02,HELD,2026-07-29,Held pending further consumption evidence.
APR-001083,REC-001531,Inventory Controller,VZIINV02,REJECTED,2026-05-15,Consumption not considered representative.
APR-001084,REC-001532,Plant Head,VZIINV02,HELD,2026-08-28,Held pending further consumption evidence.
APR-001085,REC-001533,Commercial Head,VZIINV01,APPROVED,2026-07-30,Approved; to be applied in SAP by VZI.
APR-001086,REC-001535,Inventory Controller,VZIINV02,APPROVED,2026-08-21,Approved; to be applied in SAP by VZI.
APR-001087,REC-001536,Inventory Controller,VZIINV01,APPROVED,2026-06-25,Approved; to be applied in SAP by VZI.
APR-001088,REC-001538,Inventory Controller,VZIINV02,APPROVED,2026-08-01,Approved; to be applied in SAP by VZI.
APR-001089,REC-001539,Commercial Head,VZIINV01,REJECTED,2026-06-08,Consumption not considered representative.
APR-001090,REC-001540,Plant Head,VZIINV01,APPROVED,2026-07-02,Approved; to be applied in SAP by VZI.
APR-001091,REC-001541,Plant Head,VZIINV02,REJECTED,2026-06-01,Consumption not considered representative.
APR-001092,REC-001542,Inventory Controller,VZIINV02,APPROVED,2026-06-07,Approved; to be applied in SAP by VZI.
APR-001093,REC-001543,Inventory Controller,VZIINV01,APPROVED,2026-07-24,Approved; to be applied in SAP by VZI.
APR-001094,REC-001544,Commercial Head,VZIINV02,REJECTED,2026-06-29,Consumption not considered representative.
APR-001095,REC-001547,Commercial Head,VZIINV01,APPROVED,2026-06-15,Approved; to be applied in SAP by VZI.
APR-001096,REC-001550,Inventory Controller,VZIINV02,REJECTED,2026-09-07,Consumption not considered representative.
APR-001097,REC-001551,Inventory Controller,VZIINV02,APPROVED,2026-07-16,Approved; to be applied in SAP by VZI.
APR-001098,REC-001552,Engineering Head,VZIINV02,APPROVED,2026-09-03,Approved; to be applied in SAP by VZI.
APR-001099,REC-001553,Inventory Controller,VZIINV02,REJECTED,2026-05-24,Consumption not considered representative.
APR-001100,REC-001554,Engineering Head,VZIINV01,HELD,2026-08-23,Held pending further consumption evidence.
APR-001101,REC-001555,Inventory Controller,VZIINV02,APPROVED,2026-07-13,Approved; to be applied in SAP by VZI.
APR-001102,REC-001556,Commercial Head,VZIINV01,APPROVED,2026-05-14,Approved; to be applied in SAP by VZI.
APR-001103,REC-001557,Inventory Controller,VZIINV01,APPROVED,2026-08-01,Approved; to be applied in SAP by VZI.
APR-001104,REC-001558,Commercial Head,VZIINV02,APPROVED,2026-06-18,Approved; to be applied in SAP by VZI.
APR-001105,REC-001559,Plant Head,VZIINV01,APPROVED,2026-08-19,Approved; to be applied in SAP by VZI.
APR-001106,REC-001560,Plant Head,VZIINV02,APPROVED,2026-06-18,Approved; to be applied in SAP by VZI.
APR-001107,REC-001562,Inventory Controller,VZIINV02,REJECTED,2026-08-25,Consumption not considered representative.
APR-001108,REC-001563,Commercial Head,VZIINV01,APPROVED,2026-07-24,Approved; to be applied in SAP by VZI.
APR-001109,REC-001564,Plant Head,VZIINV01,APPROVED,2026-07-14,Approved; to be applied in SAP by VZI.
APR-001110,REC-001565,Inventory Controller,VZIINV01,HELD,2026-08-26,Held pending further consumption evidence.
APR-001111,REC-001566,Plant Head,VZIINV01,REJECTED,2026-09-07,Consumption not considered representative.
APR-001112,REC-001567,Plant Head,VZIINV02,REJECTED,2026-06-10,Consumption not considered representative.
APR-001113,REC-001568,Inventory Controller,VZIINV02,APPROVED,2026-09-07,Approved; to be applied in SAP by VZI.
APR-001114,REC-001569,Inventory Controller,VZIINV02,APPROVED,2026-07-17,Approved; to be applied in SAP by VZI.
APR-001115,REC-001571,Commercial Head,VZIINV02,APPROVED,2026-08-06,Approved; to be applied in SAP by VZI.
APR-001116,REC-001572,Plant Head,VZIINV02,REJECTED,2026-06-11,Consumption not considered representative.
APR-001117,REC-001573,Plant Head,VZIINV01,APPROVED,2026-06-13,Approved; to be applied in SAP by VZI.
APR-001118,REC-001576,Plant Head,VZIINV02,APPROVED,2026-05-31,Approved; to be applied in SAP by VZI.
APR-001119,REC-001577,Engineering Head,VZIINV02,REJECTED,2026-06-09,Consumption not considered representative.
APR-001120,REC-001578,Commercial Head,VZIINV01,APPROVED,2026-07-22,Approved; to be applied in SAP by VZI.
APR-001121,REC-001579,Inventory Controller,VZIINV01,APPROVED,2026-09-03,Approved; to be applied in SAP by VZI.
APR-001122,REC-001580,Engineering Head,VZIINV01,APPROVED,2026-08-13,Approved; to be applied in SAP by VZI.
APR-001123,REC-001581,Engineering Head,VZIINV01,HELD,2026-07-09,Held pending further consumption evidence.
APR-001124,REC-001585,Commercial Head,VZIINV02,HELD,2026-07-07,Held pending further consumption evidence.
APR-001125,REC-001586,Inventory Controller,VZIINV01,APPROVED,2026-07-01,Approved; to be applied in SAP by VZI.
APR-001126,REC-001589,Plant Head,VZIINV01,APPROVED,2026-09-07,Approved; to be applied in SAP by VZI.
APR-001127,REC-001590,Plant Head,VZIINV01,APPROVED,2026-07-20,Approved; to be applied in SAP by VZI.
APR-001128,REC-001591,Inventory Controller,VZIINV01,REJECTED,2026-09-06,Consumption not considered representative.
APR-001129,REC-001593,Inventory Controller,VZIINV01,APPROVED,2026-08-26,Approved; to be applied in SAP by VZI.
APR-001130,REC-001594,Inventory Controller,VZIINV01,APPROVED,2026-07-17,Approved; to be applied in SAP by VZI.
APR-001131,REC-001595,Plant Head,VZIINV01,REJECTED,2026-08-13,Consumption not considered representative.
APR-001132,REC-001596,Inventory Controller,VZIINV02,APPROVED,2026-07-13,Approved; to be applied in SAP by VZI.
APR-001133,REC-001600,Engineering Head,VZIINV01,APPROVED,2026-09-07,Approved; to be applied in SAP by VZI.
APR-001134,REC-001601,Engineering Head,VZIINV02,REJECTED,2026-07-06,Consumption not considered representative.
APR-001135,REC-001602,Engineering Head,VZIINV02,APPROVED,2026-08-15,Approved; to be applied in SAP by VZI.
APR-001136,REC-001603,Commercial Head,VZIINV02,REJECTED,2026-07-18,Consumption not considered representative.
APR-001137,REC-001604,Plant Head,VZIINV02,APPROVED,2026-06-02,Approved; to be applied in SAP by VZI.
APR-001138,REC-001605,Plant Head,VZIINV01,APPROVED,2026-05-31,Approved; to be applied in SAP by VZI.
APR-001139,REC-001607,Commercial Head,VZIINV01,REJECTED,2026-09-06,Consumption not considered representative.
APR-001140,REC-001608,Engineering Head,VZIINV02,APPROVED,2026-07-10,Approved; to be applied in SAP by VZI.
APR-001141,REC-001609,Plant Head,VZIINV01,APPROVED,2026-08-19,Approved; to be applied in SAP by VZI.
APR-001142,REC-001610,Commercial Head,VZIINV01,APPROVED,2026-07-20,Approved; to be applied in SAP by VZI.
APR-001143,REC-001614,Engineering Head,VZIINV01,APPROVED,2026-08-26,Approved; to be applied in SAP by VZI.
APR-001144,REC-001615,Plant Head,VZIINV01,APPROVED,2026-09-07,Approved; to be applied in SAP by VZI.
APR-001145,REC-001617,Engineering Head,VZIINV02,REJECTED,2026-07-11,Consumption not considered representative.
APR-001146,REC-001620,Plant Head,VZIINV01,APPROVED,2026-07-22,Approved; to be applied in SAP by VZI.
APR-001147,REC-001621,Inventory Controller,VZIINV01,APPROVED,2026-06-12,Approved; to be applied in SAP by VZI.
APR-001148,REC-001622,Inventory Controller,VZIINV02,APPROVED,2026-06-06,Approved; to be applied in SAP by VZI.
APR-001149,REC-001623,Commercial Head,VZIINV01,APPROVED,2026-09-07,Approved; to be applied in SAP by VZI.
APR-001150,REC-001624,Commercial Head,VZIINV02,REJECTED,2026-06-14,Consumption not considered representative.
APR-001151,REC-001625,Inventory Controller,VZIINV02,APPROVED,2026-06-20,Approved; to be applied in SAP by VZI.
APR-001152,REC-001626,Plant Head,VZIINV01,REJECTED,2026-05-29,Consumption not considered representative.
APR-001153,REC-001627,Plant Head,VZIINV02,REJECTED,2026-08-31,Consumption not considered representative.
APR-001154,REC-001629,Commercial Head,VZIINV01,REJECTED,2026-06-13,Consumption not considered representative.
APR-001155,REC-001630,Plant Head,VZIINV02,APPROVED,2026-08-20,Approved; to be applied in SAP by VZI.
APR-001156,REC-001631,Plant Head,VZIINV02,REJECTED,2026-09-07,Consumption not considered representative.
APR-001157,REC-001632,Engineering Head,VZIINV01,HELD,2026-07-29,Held pending further consumption evidence.
APR-001158,REC-001633,Engineering Head,VZIINV02,APPROVED,2026-08-29,Approved; to be applied in SAP by VZI.
APR-001159,REC-001634,Commercial Head,VZIINV01,REJECTED,2026-08-29,Consumption not considered representative.
APR-001160,REC-001637,Engineering Head,VZIINV02,APPROVED,2026-07-21,Approved; to be applied in SAP by VZI.
APR-001161,REC-001638,Engineering Head,VZIINV01,APPROVED,2026-09-05,Approved; to be applied in SAP by VZI.
APR-001162,REC-001639,Engineering Head,VZIINV01,HELD,2026-09-02,Held pending further consumption evidence.
APR-001163,REC-001642,Plant Head,VZIINV02,HELD,2026-06-09,Held pending further consumption evidence.
APR-001164,REC-001643,Plant Head,VZIINV02,APPROVED,2026-06-04,Approved; to be applied in SAP by VZI.
APR-001165,REC-001646,Plant Head,VZIINV02,APPROVED,2026-08-10,Approved; to be applied in SAP by VZI.
APR-001166,REC-001647,Plant Head,VZIINV02,REJECTED,2026-07-26,Consumption not considered representative.
APR-001167,REC-001648,Commercial Head,VZIINV02,HELD,2026-07-03,Held pending further consumption evidence.
APR-001168,REC-001649,Plant Head,VZIINV01,REJECTED,2026-07-29,Consumption not considered representative.
APR-001169,REC-001650,Plant Head,VZIINV02,REJECTED,2026-08-17,Consumption not considered representative.
APR-001170,REC-001651,Plant Head,VZIINV01,APPROVED,2026-05-25,Approved; to be applied in SAP by VZI.
APR-001171,REC-001652,Plant Head,VZIINV02,APPROVED,2026-06-13,Approved; to be applied in SAP by VZI.
APR-001172,REC-001653,Commercial Head,VZIINV02,APPROVED,2026-06-22,Approved; to be applied in SAP by VZI.
APR-001173,REC-001654,Commercial Head,VZIINV02,APPROVED,2026-08-05,Approved; to be applied in SAP by VZI.
APR-001174,REC-001655,Plant Head,VZIINV02,APPROVED,2026-06-30,Approved; to be applied in SAP by VZI.
APR-001175,REC-001656,Plant Head,VZIINV01,APPROVED,2026-06-16,Approved; to be applied in SAP by VZI.
APR-001176,REC-001657,Inventory Controller,VZIINV01,APPROVED,2026-08-30,Approved; to be applied in SAP by VZI.
APR-001177,REC-001658,Inventory Controller,VZIINV01,REJECTED,2026-06-17,Consumption not considered representative.
APR-001178,REC-001659,Plant Head,VZIINV01,REJECTED,2026-08-26,Consumption not considered representative.
APR-001179,REC-001660,Inventory Controller,VZIINV01,APPROVED,2026-06-16,Approved; to be applied in SAP by VZI.
APR-001180,REC-001661,Inventory Controller,VZIINV02,REJECTED,2026-08-17,Consumption not considered representative.
APR-001181,REC-001662,Plant Head,VZIINV02,APPROVED,2026-07-15,Approved; to be applied in SAP by VZI.
APR-001182,REC-001663,Commercial Head,VZIINV01,APPROVED,2026-07-06,Approved; to be applied in SAP by VZI.
APR-001183,REC-001665,Commercial Head,VZIINV01,APPROVED,2026-05-22,Approved; to be applied in SAP by VZI.
APR-001184,REC-001668,Commercial Head,VZIINV01,APPROVED,2026-08-19,Approved; to be applied in SAP by VZI.
APR-001185,REC-001669,Inventory Controller,VZIINV01,APPROVED,2026-08-14,Approved; to be applied in SAP by VZI.
APR-001186,REC-001670,Inventory Controller,VZIINV02,APPROVED,2026-06-28,Approved; to be applied in SAP by VZI.
APR-001187,REC-001671,Commercial Head,VZIINV02,APPROVED,2026-06-03,Approved; to be applied in SAP by VZI.
APR-001188,REC-001674,Inventory Controller,VZIINV01,APPROVED,2026-09-07,Approved; to be applied in SAP by VZI.
APR-001189,REC-001675,Commercial Head,VZIINV01,APPROVED,2026-09-07,Approved; to be applied in SAP by VZI.
APR-001190,REC-001676,Engineering Head,VZIINV02,HELD,2026-07-23,Held pending further consumption evidence.
APR-001191,REC-001678,Commercial Head,VZIINV01,APPROVED,2026-07-02,Approved; to be applied in SAP by VZI.
APR-001192,REC-001679,Commercial Head,VZIINV01,APPROVED,2026-08-22,Approved; to be applied in SAP by VZI.
APR-001193,REC-001680,Commercial Head,VZIINV01,APPROVED,2026-06-12,Approved; to be applied in SAP by VZI.
APR-001194,REC-001682,Plant Head,VZIINV02,APPROVED,2026-09-06,Approved; to be applied in SAP by VZI.
APR-001195,REC-001684,Engineering Head,VZIINV01,HELD,2026-08-18,Held pending further consumption evidence.
APR-001196,REC-001686,Plant Head,VZIINV02,REJECTED,2026-09-07,Consumption not considered representative.
APR-001197,REC-001687,Plant Head,VZIINV01,APPROVED,2026-05-22,Approved; to be applied in SAP by VZI.
APR-001198,REC-001688,Plant Head,VZIINV01,APPROVED,2026-05-19,Approved; to be applied in SAP by VZI.
APR-001199,REC-001689,Inventory Controller,VZIINV02,APPROVED,2026-07-07,Approved; to be applied in SAP by VZI.
APR-001200,REC-001690,Plant Head,VZIINV02,APPROVED,2026-08-28,Approved; to be applied in SAP by VZI.
APR-001201,REC-001691,Plant Head,VZIINV01,REJECTED,2026-08-10,Consumption not considered representative.
APR-001202,REC-001692,Plant Head,VZIINV02,APPROVED,2026-05-27,Approved; to be applied in SAP by VZI.
APR-001203,REC-001693,Inventory Controller,VZIINV01,APPROVED,2026-09-07,Approved; to be applied in SAP by VZI.
APR-001204,REC-001697,Plant Head,VZIINV02,APPROVED,2026-07-13,Approved; to be applied in SAP by VZI.
APR-001205,REC-001698,Engineering Head,VZIINV01,APPROVED,2026-06-06,Approved; to be applied in SAP by VZI.
APR-001206,REC-001700,Inventory Controller,VZIINV02,REJECTED,2026-08-30,Consumption not considered representative.
APR-001207,REC-001701,Inventory Controller,VZIINV01,REJECTED,2026-08-09,Consumption not considered representative.
APR-001208,REC-001702,Inventory Controller,VZIINV01,APPROVED,2026-06-23,Approved; to be applied in SAP by VZI.
APR-001209,REC-001703,Inventory Controller,VZIINV02,HELD,2026-05-28,Held pending further consumption evidence.
APR-001210,REC-001704,Commercial Head,VZIINV01,APPROVED,2026-08-21,Approved; to be applied in SAP by VZI.
APR-001211,REC-001705,Plant Head,VZIINV02,REJECTED,2026-06-25,Consumption not considered representative.
APR-001212,REC-001706,Inventory Controller,VZIINV02,APPROVED,2026-08-28,Approved; to be applied in SAP by VZI.
APR-001213,REC-001708,Inventory Controller,VZIINV02,APPROVED,2026-06-10,Approved; to be applied in SAP by VZI.
APR-001214,REC-001709,Inventory Controller,VZIINV01,REJECTED,2026-08-23,Consumption not considered representative.
APR-001215,REC-001710,Engineering Head,VZIINV01,APPROVED,2026-05-25,Approved; to be applied in SAP by VZI.
APR-001216,REC-001711,Plant Head,VZIINV02,REJECTED,2026-07-14,Consumption not considered representative.
APR-001217,REC-001712,Plant Head,VZIINV02,REJECTED,2026-09-01,Consumption not considered representative.
APR-001218,REC-001713,Engineering Head,VZIINV01,APPROVED,2026-07-27,Approved; to be applied in SAP by VZI.
APR-001219,REC-001715,Commercial Head,VZIINV01,APPROVED,2026-08-03,Approved; to be applied in SAP by VZI.
APR-001220,REC-001716,Commercial Head,VZIINV01,REJECTED,2026-06-29,Consumption not considered representative.
APR-001221,REC-001718,Commercial Head,VZIINV02,REJECTED,2026-07-01,Consumption not considered representative.
APR-001222,REC-001719,Engineering Head,VZIINV02,REJECTED,2026-09-07,Consumption not considered representative.
APR-001223,REC-001720,Inventory Controller,VZIINV02,APPROVED,2026-08-05,Approved; to be applied in SAP by VZI.
APR-001224,REC-001721,Inventory Controller,VZIINV01,APPROVED,2026-07-05,Approved; to be applied in SAP by VZI.
APR-001225,REC-001725,Plant Head,VZIINV02,APPROVED,2026-08-06,Approved; to be applied in SAP by VZI.
APR-001226,REC-001728,Inventory Controller,VZIINV01,REJECTED,2026-09-07,Consumption not considered representative.
APR-001227,REC-001729,Inventory Controller,VZIINV02,APPROVED,2026-07-30,Approved; to be applied in SAP by VZI.
APR-001228,REC-001730,Inventory Controller,VZIINV02,APPROVED,2026-06-28,Approved; to be applied in SAP by VZI.
APR-001229,REC-001731,Engineering Head,VZIINV02,HELD,2026-06-24,Held pending further consumption evidence.
APR-001230,REC-001733,Plant Head,VZIINV01,HELD,2026-06-17,Held pending further consumption evidence.
APR-001231,REC-001734,Plant Head,VZIINV01,HELD,2026-09-07,Held pending further consumption evidence.
APR-001232,REC-001735,Engineering Head,VZIINV02,REJECTED,2026-05-27,Consumption not considered representative.
APR-001233,REC-001737,Engineering Head,VZIINV01,REJECTED,2026-07-12,Consumption not considered representative.
APR-001234,REC-001739,Engineering Head,VZIINV01,APPROVED,2026-08-03,Approved; to be applied in SAP by VZI.
APR-001235,REC-001740,Commercial Head,VZIINV01,APPROVED,2026-08-19,Approved; to be applied in SAP by VZI.
APR-001236,REC-001743,Engineering Head,VZIINV02,APPROVED,2026-06-23,Approved; to be applied in SAP by VZI.
APR-001237,REC-001744,Engineering Head,VZIINV01,APPROVED,2026-08-21,Approved; to be applied in SAP by VZI.
APR-001238,REC-001745,Plant Head,VZIINV01,APPROVED,2026-05-26,Approved; to be applied in SAP by VZI.
APR-001239,REC-001746,Inventory Controller,VZIINV01,APPROVED,2026-08-12,Approved; to be applied in SAP by VZI.
APR-001240,REC-001748,Inventory Controller,VZIINV02,REJECTED,2026-08-10,Consumption not considered representative.
APR-001241,REC-001750,Inventory Controller,VZIINV02,APPROVED,2026-09-07,Approved; to be applied in SAP by VZI.
APR-001242,REC-001751,Inventory Controller,VZIINV02,APPROVED,2026-06-22,Approved; to be applied in SAP by VZI.
APR-001243,REC-001752,Inventory Controller,VZIINV02,HELD,2026-08-06,Held pending further consumption evidence.
APR-001244,REC-001753,Engineering Head,VZIINV02,REJECTED,2026-07-07,Consumption not considered representative.
APR-001245,REC-001754,Inventory Controller,VZIINV02,REJECTED,2026-06-02,Consumption not considered representative.
APR-001246,REC-001755,Inventory Controller,VZIINV01,REJECTED,2026-09-01,Consumption not considered representative.
APR-001247,REC-001758,Plant Head,VZIINV02,APPROVED,2026-07-22,Approved; to be applied in SAP by VZI.
APR-001248,REC-001760,Inventory Controller,VZIINV01,REJECTED,2026-06-20,Consumption not considered representative.
APR-001249,REC-001761,Commercial Head,VZIINV01,APPROVED,2026-08-23,Approved; to be applied in SAP by VZI.
APR-001250,REC-001762,Inventory Controller,VZIINV02,APPROVED,2026-06-14,Approved; to be applied in SAP by VZI.
APR-001251,REC-001764,Plant Head,VZIINV01,APPROVED,2026-07-14,Approved; to be applied in SAP by VZI.
APR-001252,REC-001765,Plant Head,VZIINV01,HELD,2026-06-20,Held pending further consumption evidence.
APR-001253,REC-001767,Engineering Head,VZIINV01,REJECTED,2026-08-03,Consumption not considered representative.
APR-001254,REC-001768,Inventory Controller,VZIINV01,APPROVED,2026-07-20,Approved; to be applied in SAP by VZI.
APR-001255,REC-001769,Engineering Head,VZIINV01,REJECTED,2026-09-05,Consumption not considered representative.
APR-001256,REC-001773,Plant Head,VZIINV01,HELD,2026-08-27,Held pending further consumption evidence.
APR-001257,REC-001774,Plant Head,VZIINV01,REJECTED,2026-07-05,Consumption not considered representative.
APR-001258,REC-001775,Plant Head,VZIINV02,HELD,2026-08-24,Held pending further consumption evidence.
APR-001259,REC-001776,Commercial Head,VZIINV02,REJECTED,2026-07-12,Consumption not considered representative.
APR-001260,REC-001778,Inventory Controller,VZIINV01,REJECTED,2026-07-24,Consumption not considered representative.
APR-001261,REC-001781,Plant Head,VZIINV02,APPROVED,2026-06-04,Approved; to be applied in SAP by VZI.
APR-001262,REC-001782,Plant Head,VZIINV02,HELD,2026-08-24,Held pending further consumption evidence.
APR-001263,REC-001783,Plant Head,VZIINV02,APPROVED,2026-07-04,Approved; to be applied in SAP by VZI.
APR-001264,REC-001784,Inventory Controller,VZIINV02,HELD,2026-06-13,Held pending further consumption evidence.
APR-001265,REC-001785,Inventory Controller,VZIINV02,APPROVED,2026-08-09,Approved; to be applied in SAP by VZI.
APR-001266,REC-001786,Inventory Controller,VZIINV02,APPROVED,2026-08-22,Approved; to be applied in SAP by VZI.
APR-001267,REC-001787,Plant Head,VZIINV02,REJECTED,2026-06-08,Consumption not considered representative.
APR-001268,REC-001788,Engineering Head,VZIINV02,APPROVED,2026-08-09,Approved; to be applied in SAP by VZI.
APR-001269,REC-001789,Plant Head,VZIINV02,APPROVED,2026-07-16,Approved; to be applied in SAP by VZI.
APR-001270,REC-001790,Plant Head,VZIINV02,REJECTED,2026-09-04,Consumption not considered representative.
APR-001271,REC-001791,Engineering Head,VZIINV02,REJECTED,2026-07-26,Consumption not considered representative.
APR-001272,REC-001793,Engineering Head,VZIINV02,APPROVED,2026-08-26,Approved; to be applied in SAP by VZI.
APR-001273,REC-001794,Plant Head,VZIINV02,HELD,2026-07-16,Held pending further consumption evidence.
APR-001274,REC-001795,Plant Head,VZIINV02,APPROVED,2026-05-30,Approved; to be applied in SAP by VZI.
APR-001275,REC-001796,Inventory Controller,VZIINV01,APPROVED,2026-08-19,Approved; to be applied in SAP by VZI.
APR-001276,REC-001799,Plant Head,VZIINV01,REJECTED,2026-07-03,Consumption not considered representative.
APR-001277,REC-001800,Engineering Head,VZIINV01,APPROVED,2026-06-25,Approved; to be applied in SAP by VZI.
APR-001278,REC-001801,Plant Head,VZIINV01,APPROVED,2026-05-30,Approved; to be applied in SAP by VZI.
APR-001279,REC-001802,Commercial Head,VZIINV02,APPROVED,2026-07-01,Approved; to be applied in SAP by VZI.
APR-001280,REC-001803,Engineering Head,VZIINV01,HELD,2026-06-13,Held pending further consumption evidence.
APR-001281,REC-001804,Plant Head,VZIINV02,HELD,2026-06-11,Held pending further consumption evidence.
APR-001282,REC-001806,Plant Head,VZIINV02,HELD,2026-09-06,Held pending further consumption evidence.
APR-001283,REC-001807,Inventory Controller,VZIINV02,APPROVED,2026-06-17,Approved; to be applied in SAP by VZI.
APR-001284,REC-001809,Commercial Head,VZIINV01,APPROVED,2026-07-05,Approved; to be applied in SAP by VZI.
APR-001285,REC-001810,Engineering Head,VZIINV02,REJECTED,2026-08-21,Consumption not considered representative.
APR-001286,REC-001811,Commercial Head,VZIINV01,APPROVED,2026-06-21,Approved; to be applied in SAP by VZI.
APR-001287,REC-001812,Inventory Controller,VZIINV01,APPROVED,2026-05-25,Approved; to be applied in SAP by VZI.
APR-001288,REC-001815,Inventory Controller,VZIINV02,APPROVED,2026-09-05,Approved; to be applied in SAP by VZI.
APR-001289,REC-001819,Inventory Controller,VZIINV01,REJECTED,2026-06-10,Consumption not considered representative.
APR-001290,REC-001821,Inventory Controller,VZIINV01,APPROVED,2026-08-19,Approved; to be applied in SAP by VZI.
APR-001291,REC-001824,Inventory Controller,VZIINV02,APPROVED,2026-07-20,Approved; to be applied in SAP by VZI.
APR-001292,REC-001825,Inventory Controller,VZIINV02,HELD,2026-07-11,Held pending further consumption evidence.
APR-001293,REC-001826,Commercial Head,VZIINV01,HELD,2026-09-05,Held pending further consumption evidence.
APR-001294,REC-001828,Engineering Head,VZIINV01,HELD,2026-08-21,Held pending further consumption evidence.
APR-001295,REC-001835,Plant Head,VZIINV02,APPROVED,2026-07-03,Approved; to be applied in SAP by VZI.
APR-001296,REC-001836,Commercial Head,VZIINV02,APPROVED,2026-06-02,Approved; to be applied in SAP by VZI.
APR-001297,REC-001837,Commercial Head,VZIINV02,APPROVED,2026-07-28,Approved; to be applied in SAP by VZI.
APR-001298,REC-001838,Inventory Controller,VZIINV02,APPROVED,2026-07-20,Approved; to be applied in SAP by VZI.
APR-001299,REC-001839,Engineering Head,VZIINV01,REJECTED,2026-08-19,Consumption not considered representative.
APR-001300,REC-001841,Engineering Head,VZIINV01,HELD,2026-06-06,Held pending further consumption evidence.
APR-001301,REC-001843,Plant Head,VZIINV02,APPROVED,2026-09-07,Approved; to be applied in SAP by VZI.
APR-001302,REC-001844,Engineering Head,VZIINV01,HELD,2026-08-31,Held pending further consumption evidence.
APR-001303,REC-001845,Commercial Head,VZIINV02,APPROVED,2026-06-25,Approved; to be applied in SAP by VZI.
APR-001304,REC-001848,Inventory Controller,VZIINV02,APPROVED,2026-08-24,Approved; to be applied in SAP by VZI.
APR-001305,REC-001849,Plant Head,VZIINV01,HELD,2026-05-27,Held pending further consumption evidence.
APR-001306,REC-001850,Plant Head,VZIINV02,REJECTED,2026-05-24,Consumption not considered representative.
APR-001307,REC-001851,Plant Head,VZIINV01,APPROVED,2026-05-29,Approved; to be applied in SAP by VZI.
APR-001308,REC-001853,Engineering Head,VZIINV02,APPROVED,2026-06-29,Approved; to be applied in SAP by VZI.
APR-001309,REC-001854,Inventory Controller,VZIINV01,APPROVED,2026-09-06,Approved; to be applied in SAP by VZI.
APR-001310,REC-001855,Plant Head,VZIINV02,APPROVED,2026-05-30,Approved; to be applied in SAP by VZI.
APR-001311,REC-001856,Commercial Head,VZIINV01,APPROVED,2026-07-19,Approved; to be applied in SAP by VZI.
APR-001312,REC-001857,Plant Head,VZIINV02,HELD,2026-08-17,Held pending further consumption evidence.
APR-001313,REC-001858,Plant Head,VZIINV01,APPROVED,2026-07-05,Approved; to be applied in SAP by VZI.
APR-001314,REC-001859,Inventory Controller,VZIINV01,APPROVED,2026-08-27,Approved; to be applied in SAP by VZI.
APR-001315,REC-001860,Inventory Controller,VZIINV01,REJECTED,2026-05-24,Consumption not considered representative.
APR-001316,REC-001863,Inventory Controller,VZIINV01,APPROVED,2026-09-07,Approved; to be applied in SAP by VZI.
APR-001317,REC-001864,Inventory Controller,VZIINV01,APPROVED,2026-08-08,Approved; to be applied in SAP by VZI.
APR-001318,REC-001865,Engineering Head,VZIINV01,APPROVED,2026-06-14,Approved; to be applied in SAP by VZI.
APR-001319,REC-001868,Inventory Controller,VZIINV01,APPROVED,2026-09-07,Approved; to be applied in SAP by VZI.
APR-001320,REC-001869,Plant Head,VZIINV02,HELD,2026-07-16,Held pending further consumption evidence.
APR-001321,REC-001870,Plant Head,VZIINV02,APPROVED,2026-07-20,Approved; to be applied in SAP by VZI.
APR-001322,REC-001871,Commercial Head,VZIINV02,REJECTED,2026-08-25,Consumption not considered representative.
APR-001323,REC-001872,Commercial Head,VZIINV02,HELD,2026-06-10,Held pending further consumption evidence.
APR-001324,REC-001873,Engineering Head,VZIINV02,APPROVED,2026-08-20,Approved; to be applied in SAP by VZI.
APR-001325,REC-001875,Plant Head,VZIINV02,REJECTED,2026-05-28,Consumption not considered representative.
APR-001326,REC-001876,Inventory Controller,VZIINV01,APPROVED,2026-08-29,Approved; to be applied in SAP by VZI.
APR-001327,REC-001877,Engineering Head,VZIINV01,APPROVED,2026-06-01,Approved; to be applied in SAP by VZI.
APR-001328,REC-001883,Engineering Head,VZIINV01,REJECTED,2026-08-29,Consumption not considered representative.
APR-001329,REC-001884,Engineering Head,VZIINV02,HELD,2026-05-29,Held pending further consumption evidence.
APR-001330,REC-001885,Plant Head,VZIINV01,REJECTED,2026-08-19,Consumption not considered representative.
APR-001331,REC-001886,Plant Head,VZIINV02,APPROVED,2026-06-06,Approved; to be applied in SAP by VZI.
APR-001332,REC-001887,Commercial Head,VZIINV02,REJECTED,2026-08-12,Consumption not considered representative.
APR-001333,REC-001888,Inventory Controller,VZIINV01,REJECTED,2026-06-08,Consumption not considered representative.
APR-001334,REC-001889,Inventory Controller,VZIINV01,APPROVED,2026-07-08,Approved; to be applied in SAP by VZI.
APR-001335,REC-001891,Commercial Head,VZIINV01,REJECTED,2026-08-13,Consumption not considered representative.
APR-001336,REC-001895,Inventory Controller,VZIINV02,APPROVED,2026-07-12,Approved; to be applied in SAP by VZI.
APR-001337,REC-001896,Plant Head,VZIINV01,HELD,2026-08-08,Held pending further consumption evidence.
APR-001338,REC-001897,Commercial Head,VZIINV02,APPROVED,2026-07-31,Approved; to be applied in SAP by VZI.
APR-001339,REC-001898,Engineering Head,VZIINV02,APPROVED,2026-08-17,Approved; to be applied in SAP by VZI.
APR-001340,REC-001899,Inventory Controller,VZIINV01,REJECTED,2026-08-22,Consumption not considered representative.
APR-001341,REC-001900,Inventory Controller,VZIINV02,REJECTED,2026-05-30,Consumption not considered representative.
APR-001342,REC-001901,Engineering Head,VZIINV01,APPROVED,2026-06-15,Approved; to be applied in SAP by VZI.
APR-001343,REC-001903,Engineering Head,VZIINV01,HELD,2026-08-10,Held pending further consumption evidence.
APR-001344,REC-001904,Inventory Controller,VZIINV01,APPROVED,2026-07-13,Approved; to be applied in SAP by VZI.
APR-001345,REC-001905,Inventory Controller,VZIINV01,APPROVED,2026-07-13,Approved; to be applied in SAP by VZI.
APR-001346,REC-001906,Engineering Head,VZIINV01,HELD,2026-07-03,Held pending further consumption evidence.
APR-001347,REC-001907,Engineering Head,VZIINV01,APPROVED,2026-06-15,Approved; to be applied in SAP by VZI.
APR-001348,REC-001908,Plant Head,VZIINV01,APPROVED,2026-07-19,Approved; to be applied in SAP by VZI.
APR-001349,REC-001909,Plant Head,VZIINV02,APPROVED,2026-08-03,Approved; to be applied in SAP by VZI.
APR-001350,REC-001910,Plant Head,VZIINV02,REJECTED,2026-05-16,Consumption not considered representative.
APR-001351,REC-001911,Inventory Controller,VZIINV01,REJECTED,2026-08-11,Consumption not considered representative.
APR-001352,REC-001912,Inventory Controller,VZIINV01,REJECTED,2026-08-17,Consumption not considered representative.
APR-001353,REC-001913,Inventory Controller,VZIINV02,APPROVED,2026-07-04,Approved; to be applied in SAP by VZI.
APR-001354,REC-001915,Engineering Head,VZIINV01,APPROVED,2026-08-04,Approved; to be applied in SAP by VZI.
APR-001355,REC-001919,Plant Head,VZIINV02,APPROVED,2026-06-30,Approved; to be applied in SAP by VZI.
APR-001356,REC-001920,Plant Head,VZIINV01,HELD,2026-09-07,Held pending further consumption evidence.
APR-001357,REC-001921,Inventory Controller,VZIINV02,HELD,2026-06-12,Held pending further consumption evidence.
APR-001358,REC-001922,Inventory Controller,VZIINV01,REJECTED,2026-08-11,Consumption not considered representative.
APR-001359,REC-001923,Engineering Head,VZIINV01,APPROVED,2026-07-06,Approved; to be applied in SAP by VZI.
APR-001360,REC-001925,Engineering Head,VZIINV02,APPROVED,2026-06-23,Approved; to be applied in SAP by VZI.
APR-001361,REC-001926,Plant Head,VZIINV02,HELD,2026-09-07,Held pending further consumption evidence.
APR-001362,REC-001927,Commercial Head,VZIINV01,APPROVED,2026-08-17,Approved; to be applied in SAP by VZI.
APR-001363,REC-001929,Plant Head,VZIINV01,APPROVED,2026-05-28,Approved; to be applied in SAP by VZI.
APR-001364,REC-001933,Inventory Controller,VZIINV01,APPROVED,2026-08-10,Approved; to be applied in SAP by VZI.
APR-001365,REC-001935,Inventory Controller,VZIINV01,APPROVED,2026-06-03,Approved; to be applied in SAP by VZI.
APR-001366,REC-001936,Inventory Controller,VZIINV02,HELD,2026-09-03,Held pending further consumption evidence.
APR-001367,REC-001939,Plant Head,VZIINV02,REJECTED,2026-07-14,Consumption not considered representative.
APR-001368,REC-001940,Plant Head,VZIINV02,REJECTED,2026-08-24,Consumption not considered representative.
APR-001369,REC-001941,Plant Head,VZIINV02,APPROVED,2026-08-27,Approved; to be applied in SAP by VZI.
APR-001370,REC-001942,Plant Head,VZIINV02,APPROVED,2026-06-25,Approved; to be applied in SAP by VZI.
APR-001371,REC-001943,Plant Head,VZIINV01,APPROVED,2026-09-07,Approved; to be applied in SAP by VZI.
APR-001372,REC-001944,Plant Head,VZIINV02,REJECTED,2026-05-23,Consumption not considered representative.
APR-001373,REC-001945,Commercial Head,VZIINV01,APPROVED,2026-07-20,Approved; to be applied in SAP by VZI.
APR-001374,REC-001946,Inventory Controller,VZIINV01,APPROVED,2026-07-04,Approved; to be applied in SAP by VZI.
APR-001375,REC-001947,Engineering Head,VZIINV02,HELD,2026-08-24,Held pending further consumption evidence.
APR-001376,REC-001948,Engineering Head,VZIINV02,APPROVED,2026-08-31,Approved; to be applied in SAP by VZI.
APR-001377,REC-001949,Plant Head,VZIINV01,REJECTED,2026-05-29,Consumption not considered representative.
APR-001378,REC-001950,Plant Head,VZIINV02,REJECTED,2026-07-02,Consumption not considered representative.
APR-001379,REC-001951,Inventory Controller,VZIINV02,APPROVED,2026-08-02,Approved; to be applied in SAP by VZI.
APR-001380,REC-001952,Inventory Controller,VZIINV01,REJECTED,2026-07-22,Consumption not considered representative.
APR-001381,REC-001953,Inventory Controller,VZIINV01,REJECTED,2026-06-24,Consumption not considered representative.
APR-001382,REC-001954,Inventory Controller,VZIINV02,APPROVED,2026-07-11,Approved; to be applied in SAP by VZI.
APR-001383,REC-001956,Engineering Head,VZIINV02,APPROVED,2026-06-26,Approved; to be applied in SAP by VZI.
APR-001384,REC-001958,Commercial Head,VZIINV01,APPROVED,2026-07-12,Approved; to be applied in SAP by VZI.
APR-001385,REC-001961,Engineering Head,VZIINV01,APPROVED,2026-06-18,Approved; to be applied in SAP by VZI.
APR-001386,REC-001962,Plant Head,VZIINV01,REJECTED,2026-06-18,Consumption not considered representative.
APR-001387,REC-001964,Engineering Head,VZIINV02,REJECTED,2026-06-01,Consumption not considered representative.
APR-001388,REC-001965,Inventory Controller,VZIINV02,REJECTED,2026-08-04,Consumption not considered representative.
APR-001389,REC-001967,Commercial Head,VZIINV02,APPROVED,2026-08-19,Approved; to be applied in SAP by VZI.
APR-001390,REC-001969,Commercial Head,VZIINV02,APPROVED,2026-06-26,Approved; to be applied in SAP by VZI.
APR-001391,REC-001970,Plant Head,VZIINV02,REJECTED,2026-09-04,Consumption not considered representative.
APR-001392,REC-001971,Inventory Controller,VZIINV01,APPROVED,2026-07-15,Approved; to be applied in SAP by VZI.
APR-001393,REC-001973,Inventory Controller,VZIINV02,HELD,2026-08-15,Held pending further consumption evidence.
APR-001394,REC-001974,Plant Head,VZIINV01,REJECTED,2026-05-28,Consumption not considered representative.
APR-001395,REC-001975,Plant Head,VZIINV02,REJECTED,2026-06-14,Consumption not considered representative.
APR-001396,REC-001978,Inventory Controller,VZIINV02,REJECTED,2026-08-05,Consumption not considered representative.
APR-001397,REC-001979,Inventory Controller,VZIINV02,REJECTED,2026-08-11,Consumption not considered representative.
APR-001398,REC-001980,Inventory Controller,VZIINV02,APPROVED,2026-06-25,Approved; to be applied in SAP by VZI.
APR-001399,REC-001981,Inventory Controller,VZIINV02,APPROVED,2026-07-18,Approved; to be applied in SAP by VZI.
APR-001400,REC-001983,Plant Head,VZIINV01,APPROVED,2026-08-09,Approved; to be applied in SAP by VZI.
APR-001401,REC-001986,Inventory Controller,VZIINV02,APPROVED,2026-07-15,Approved; to be applied in SAP by VZI.
APR-001402,REC-001987,Plant Head,VZIINV01,APPROVED,2026-06-30,Approved; to be applied in SAP by VZI.
APR-001403,REC-001990,Commercial Head,VZIINV01,REJECTED,2026-07-27,Consumption not considered representative.
APR-001404,REC-001994,Inventory Controller,VZIINV01,REJECTED,2026-08-15,Consumption not considered representative.
APR-001405,REC-001995,Inventory Controller,VZIINV02,APPROVED,2026-09-07,Approved; to be applied in SAP by VZI.
APR-001406,REC-001996,Inventory Controller,VZIINV02,APPROVED,2026-07-05,Approved; to be applied in SAP by VZI.
APR-001407,REC-001997,Inventory Controller,VZIINV02,REJECTED,2026-06-14,Consumption not considered representative.
APR-001408,REC-001999,Engineering Head,VZIINV02,APPROVED,2026-06-18,Approved; to be applied in SAP by VZI.
APR-001409,REC-002000,Inventory Controller,VZIINV02,REJECTED,2026-08-11,Consumption not considered representative.
APR-001410,REC-002001,Inventory Controller,VZIINV02,APPROVED,2026-06-06,Approved; to be applied in SAP by VZI.
APR-001411,REC-002002,Engineering Head,VZIINV02,REJECTED,2026-07-18,Consumption not considered representative.
APR-001412,REC-002003,Inventory Controller,VZIINV01,APPROVED,2026-08-21,Approved; to be applied in SAP by VZI.
APR-001413,REC-002004,Inventory Controller,VZIINV02,APPROVED,2026-07-30,Approved; to be applied in SAP by VZI.
APR-001414,REC-002005,Engineering Head,VZIINV01,REJECTED,2026-07-11,Consumption not considered representative.
APR-001415,REC-002007,Inventory Controller,VZIINV02,REJECTED,2026-07-15,Consumption not considered representative.
APR-001416,REC-002009,Plant Head,VZIINV02,REJECTED,2026-08-30,Consumption not considered representative.
APR-001417,REC-002010,Plant Head,VZIINV01,APPROVED,2026-07-07,Approved; to be applied in SAP by VZI.
APR-001418,REC-002012,Plant Head,VZIINV02,APPROVED,2026-07-15,Approved; to be applied in SAP by VZI.
APR-001419,REC-002013,Plant Head,VZIINV01,APPROVED,2026-07-31,Approved; to be applied in SAP by VZI.
APR-001420,REC-002014,Inventory Controller,VZIINV01,REJECTED,2026-06-10,Consumption not considered representative.
