recommendation_id,Matnr,Werks,material_description,criticality,demand_pattern,consumptions_12m,lead_time_days,current_rop,recommended_rop,current_safety_stock,recommended_safety_stock,current_max_stock,recommended_max_stock,recommendation_type,reason,status,created_on
REC-000001,000000000010000000,2000,Gearbox Bearing 55KW SKF,INSURANCE,REGULAR,11,58,49.407,65.900,7.381,9.800,264.458,154.200,ROP_MAX_SAFETY_STOCK,Regular consumption of 29.4 per month over 24 months with a 58-day lead time gives a reorder point of 65.9 against the current 49.407.,APPROVED,2026-06-02
REC-000002,000000000010000000,4000,Gearbox Bearing 55KW SKF,INSURANCE,REGULAR,12,58,116.441,95.600,22.068,18.100,272.698,217.600,ROP_MAX_SAFETY_STOCK,"Stock on hand 112 is below the current reorder point 116.441. At the INSURANCE service level of 90% and a 58-day lead time, the reorder point should be 95.6.",REJECTED,2026-08-31
REC-000003,000000000010000001,2000,Thickener Rake Seal Kit 8/6 METSO,INSURANCE,REGULAR,12,61,98.127,73.500,17.862,13.400,214.199,163.500,ROP_MAX_SAFETY_STOCK,"Stock on hand 98 is below the current reorder point 98.127. At the INSURANCE service level of 90% and a 61-day lead time, the reorder point should be 73.5.",APPROVED,2026-07-21
REC-000004,000000000080000000,1000,Screen Exciter Bearing TYPE A ABB,NORMAL,INTERMITTENT,6,58,13.046,9.800,5.711,4.300,20.218,18.400,ROP_MAX_SAFETY_STOCK,Intermittent consumption of 2.9 per month over 24 months with a 58-day lead time gives a reorder point of 9.8 against the current 13.046.,APPROVED,2026-05-29
REC-000005,000000000030000001,2000,Flotation Blower Motor 250KW SIEMENS,IMPACT,ON_DEMAND,1,32,0.000,4.000,0.000,2.800,0.000,7.500,OAR_TO_MIN_MAX,This OAR material is classified IMPACT on the critical parts list. Recommend Min-Max management with a reorder point of 4 and a maximum of 7.5.,APPROVED,2026-08-07
REC-000006,000000000080000001,4000,Gland Packing Seal Ring DN100 FLSM,NORMAL,INTERMITTENT,5,10,1.433,1.100,1.075,0.800,5.613,3.500,ROP_MAX_SAFETY_STOCK,Stock on hand 6 exceeds the current maximum 5.613. Consumption of 0.8 per month supports a maximum of 3.5.,APPROVED,2026-08-27
REC-000007,000000000030000002,2000,Crusher Hydroset Cylinder 10/8 SKF,IMPACT,ON_DEMAND,1,34,0.000,7.100,0.000,4.700,0.000,13.600,OAR_TO_MIN_MAX,This OAR material is classified IMPACT on the critical parts list. Recommend Min-Max management with a reorder point of 7.1 and a maximum of 13.6.,APPROVED,2026-08-05
REC-000008,000000000010000002,2000,Slurry Density Transmitter TYPE B FLSM,IMPACT,INTERMITTENT,2,13,1.969,1.300,1.552,1.000,2.493,3.200,ROP_MAX_SAFETY_STOCK,"Stock on hand 1 is below the current reorder point 1.969. At the IMPACT service level of 95% and a 13-day lead time, the reorder point should be 1.3.",PROPOSED,2026-07-31
REC-000009,000000000010000004,4000,Apron Feeder Gear Reducer TYPE A SKF,IMPACT,REGULAR,12,49,53.574,33.100,9.894,6.100,103.575,83.500,ROP_MAX_SAFETY_STOCK,Regular consumption of 16.8 per month over 24 months with a 49-day lead time gives a reorder point of 33.1 against the current 53.574.,PROPOSED,2026-05-25
REC-000010,000000000010000005,3000,Ball Mill Trunnion Bearing HD KSB,NORMAL,INTERMITTENT,4,59,8.173,5.400,4.653,3.100,12.576,9.000,ROP_MAX_SAFETY_STOCK,Stock on hand 13 exceeds the current maximum 12.576. Consumption of 1.2 per month supports a maximum of 9.,REJECTED,2026-07-15
REC-000011,000000000010000005,1000,Ball Mill Trunnion Bearing HD KSB,NORMAL,INTERMITTENT,3,59,7.095,4.200,4.106,2.400,7.095,7.000,ROP_MAX_SAFETY_STOCK,Stock on hand 9 exceeds the current maximum 7.095. Consumption of 0.9 per month supports a maximum of 7.,APPROVED,2026-05-24
REC-000012,000000000010000007,2000,PLC Digital Output Card 250KW KSB,NORMAL,INTERMITTENT,2,20,1.596,1.500,1.091,1.000,3.105,3.600,ROP_MAX_SAFETY_STOCK,Intermittent consumption of 0.7 per month over 24 months with a 20-day lead time gives a reorder point of 1.5 against the current 1.596.,PROPOSED,2026-08-31
REC-000013,000000000010000007,3000,PLC Digital Output Card 250KW KSB,NORMAL,INTERMITTENT,2,20,2.667,2.100,1.806,1.400,8.243,5.100,ROP_MAX_SAFETY_STOCK,"Stock on hand 1 is below the current reorder point 2.667. At the NORMAL service level of 85% and a 20-day lead time, the reorder point should be 2.1.",APPROVED,2026-06-11
REC-000014,000000000080000002,1000,Gearbox Bearing 200MM SKF,IMPACT,INTERMITTENT,5,21,1.277,2.900,0.918,2.100,10.630,6.500,ROP_MAX_SAFETY_STOCK,Intermittent consumption of 1.2 per month over 24 months with a 21-day lead time gives a reorder point of 2.9 against the current 1.277.,PROPOSED,2026-07-08
REC-000015,000000000080000002,2000,Gearbox Bearing 200MM SKF,IMPACT,INTERMITTENT,5,21,3.953,5.500,2.656,3.700,19.344,13.400,ROP_MAX_SAFETY_STOCK,"Stock on hand 1 is below the current reorder point 3.953. At the IMPACT service level of 95% and a 21-day lead time, the reorder point should be 5.5.",APPROVED,2026-07-24
REC-000016,000000000010000008,3000,Mill Liner 10/8 ABB,IMPACT,REGULAR,10,44,13.338,29.900,3.510,7.900,83.809,75.700,ROP_MAX_SAFETY_STOCK,Regular consumption of 15.2 per month over 24 months with a 44-day lead time gives a reorder point of 29.9 against the current 13.338.,REJECTED,2026-07-25
REC-000017,000000000010000008,4000,Mill Liner 10/8 ABB,IMPACT,REGULAR,12,44,78.667,49.100,17.017,10.600,110.821,129.000,ROP_MAX_SAFETY_STOCK,Regular consumption of 26.6 per month over 24 months with a 44-day lead time gives a reorder point of 49.1 against the current 78.667.,APPROVED,2026-07-04
REC-000018,000000000010000009,3000,Soft Starter Power Module 110KW ABB,NORMAL,REGULAR,12,18,22.134,19.400,5.717,5.000,110.608,92.300,ROP_MAX_SAFETY_STOCK,Regular consumption of 24.3 per month over 24 months with a 18-day lead time gives a reorder point of 19.4 against the current 22.134.,REJECTED,2026-07-07
REC-000019,000000000010000010,4000,Apron Feeder Gear Reducer 6/4 KSB,CRITICAL,SLOW,1,83,1.597,1.800,1.181,1.300,3.456,2.300,ROP_MAX_SAFETY_STOCK,Stock on hand 5 exceeds the current maximum 3.456. Consumption of 0.2 per month supports a maximum of 2.3.,APPROVED,2026-08-09
REC-000020,000000000010000011,1000,Conveyor Drive Motor 250MM SEW,INSURANCE,INTERMITTENT,7,237,6.152,13.200,1.640,3.500,19.316,16.900,ROP_MAX_SAFETY_STOCK,Intermittent consumption of 1.2 per month over 24 months with a 237-day lead time gives a reorder point of 13.2 against the current 6.152.,REJECTED,2026-08-10
REC-000021,000000000010000011,4000,Conveyor Drive Motor 250MM SEW,INSURANCE,INTERMITTENT,8,237,14.986,14.300,3.469,3.300,27.133,18.600,ROP_MAX_SAFETY_STOCK,"Stock on hand 9 is below the current reorder point 14.986. At the INSURANCE service level of 90% and a 237-day lead time, the reorder point should be 14.3.",REJECTED,2026-07-08
REC-000022,000000000010000012,3000,Valve Assembly TYPE A ABB,CRITICAL,INTERMITTENT,0,58,10.010,5.600,6.922,3.900,10.010,8.300,ROP_MAX_SAFETY_STOCK,"Stock on hand 0 is below the current reorder point 10.01. At the CRITICAL service level of 98% and a 58-day lead time, the reorder point should be 5.6.",APPROVED,2026-05-11
REC-000023,000000000010000013,1000,Level Radar Transmitter 6/4 MULTOTEC,CRITICAL,SLOW,3,94,1.905,2.100,1.332,1.500,4.880,2.700,ROP_MAX_SAFETY_STOCK,Stock on hand 5 exceeds the current maximum 4.88. Consumption of 0.2 per month supports a maximum of 2.7.,PROPOSED,2026-09-02
REC-000024,000000000010000014,3000,Valve Assembly HD FLSM,INSURANCE,INTERMITTENT,5,41,8.009,7.600,4.544,4.300,15.179,15.000,ROP_MAX_SAFETY_STOCK,"Stock on hand 8 is below the current reorder point 8.009. At the INSURANCE service level of 90% and a 41-day lead time, the reorder point should be 7.6.",APPROVED,2026-07-13
REC-000025,000000000080000003,1000,Spherical Roller Bearing 10/8 ABB,CRITICAL,INTERMITTENT,5,121,10.224,18.400,5.902,10.600,41.188,24.300,ROP_MAX_SAFETY_STOCK,Intermittent consumption of 2.0 per month over 24 months with a 121-day lead time gives a reorder point of 18.4 against the current 10.224.,APPROVED,2026-06-06
REC-000026,000000000010000015,1000,Gearbox Bearing 6/4 SKF,INSURANCE,INTERMITTENT,4,83,5.034,4.300,3.057,2.600,6.081,6.200,ROP_MAX_SAFETY_STOCK,Intermittent consumption of 0.6 per month over 24 months with a 83-day lead time gives a reorder point of 4.3 against the current 5.034.,APPROVED,2026-09-02
REC-000027,000000000080000004,3000,Variable Speed Drive Unit 200MM ABB,NORMAL,INTERMITTENT,6,32,6.202,5.000,3.470,2.800,16.239,11.200,ROP_MAX_SAFETY_STOCK,Intermittent consumption of 2.1 per month over 24 months with a 32-day lead time gives a reorder point of 5 against the current 6.202.,REJECTED,2026-07-06
REC-000028,000000000080000005,2000,Pump Impeller TYPE B ABB,IMPACT,INTERMITTENT,6,14,1.836,3.200,1.429,2.500,8.076,7.800,ROP_MAX_SAFETY_STOCK,Intermittent consumption of 1.5 per month over 24 months with a 14-day lead time gives a reorder point of 3.2 against the current 1.836.,APPROVED,2026-06-13
REC-000029,000000000010000017,1000,Pressure Transmitter Assembly 150MM,NORMAL,INTERMITTENT,8,12,2.085,1.900,1.312,1.200,8.879,7.200,ROP_MAX_SAFETY_STOCK,Stock on hand 9 exceeds the current maximum 8.879. Consumption of 1.8 per month supports a maximum of 7.2.,PROPOSED,2026-07-03
REC-000030,000000000010000018,3000,MCC Feeder Circuit Breaker 150MM SEW,CRITICAL,INTERMITTENT,5,106,20.711,18.100,10.906,9.500,37.670,25.500,ROP_MAX_SAFETY_STOCK,Intermittent consumption of 2.5 per month over 24 months with a 106-day lead time gives a reorder point of 18.1 against the current 20.711.,APPROVED,2026-07-22
REC-000031,000000000090000000,2000,Pressure Transmitter Assembly 110KW,OBSOLETE,NO_DEMAND,0,37,0.000,,0.000,,1.000,,NO_SAFETY_STOCK,Obsolete material: no safety stock recommended. Candidate for stock reduction review.,APPROVED,2026-05-29
REC-000032,000000000010000019,1000,Thickener Rake Seal Kit 150MM KSB,IMPACT,REGULAR,12,33,49.843,46.500,16.824,15.700,173.463,131.800,ROP_MAX_SAFETY_STOCK,Regular consumption of 28.4 per month over 24 months with a 33-day lead time gives a reorder point of 46.5 against the current 49.843.,APPROVED,2026-08-08
REC-000033,000000000080000006,3000,Valve Assembly TYPE B FLSM,IMPACT,INTERMITTENT,4,9,5.082,2.800,4.020,2.200,10.037,8.800,ROP_MAX_SAFETY_STOCK,Intermittent consumption of 2.0 per month over 24 months with a 9-day lead time gives a reorder point of 2.8 against the current 5.082.,APPROVED,2026-05-14
REC-000034,000000000080000006,4000,Valve Assembly TYPE B FLSM,IMPACT,INTERMITTENT,6,9,1.912,1.500,1.492,1.200,6.748,5.000,ROP_MAX_SAFETY_STOCK,Intermittent consumption of 1.2 per month over 24 months with a 9-day lead time gives a reorder point of 1.5 against the current 1.912.,PROPOSED,2026-08-08
REC-000035,000000000010000020,2000,Centrifugal Pump Casing 250KW SANDVIK,IMPACT,SLOW,4,51,0.847,1.200,0.607,0.900,2.492,1.800,ROP_MAX_SAFETY_STOCK,Slow consumption of 0.2 per month over 24 months with a 51-day lead time gives a reorder point of 1.2 against the current 0.847.,REJECTED,2026-08-23
REC-000036,000000000010000020,4000,Centrifugal Pump Casing 250KW SANDVIK,IMPACT,SLOW,2,51,1.993,1.200,1.429,0.900,3.153,1.800,ROP_MAX_SAFETY_STOCK,Slow consumption of 0.2 per month over 24 months with a 51-day lead time gives a reorder point of 1.2 against the current 1.993.,PROPOSED,2026-08-06
REC-000037,000000000010000021,2000,Flotation Cell Impeller 55KW FLSM,NORMAL,REGULAR,12,60,57.126,37.000,6.841,4.400,130.408,86.600,ROP_MAX_SAFETY_STOCK,"Stock on hand 50 is below the current reorder point 57.126. At the NORMAL service level of 85% and a 60-day lead time, the reorder point should be 37.",HELD,2026-06-03
REC-000038,000000000090000001,1000,Ball Mill Shell Liner Plate 8/6 SEW,OBSOLETE,NO_DEMAND,0,24,0.000,,0.000,,1.000,,NO_SAFETY_STOCK,Obsolete material: no safety stock recommended. Candidate for stock reduction review.,REJECTED,2026-07-17
REC-000039,000000000010000023,3000,Ball Mill Gearbox Assembly DN150 SIEMENS,CRITICAL,INTERMITTENT,0,116,8.166,5.800,5.259,3.700,8.166,7.400,ROP_MAX_SAFETY_STOCK,"Stock on hand 0 is below the current reorder point 8.166. At the CRITICAL service level of 98% and a 116-day lead time, the reorder point should be 5.8.",APPROVED,2026-08-17
REC-000040,000000000010000024,4000,Variable Speed Drive Unit TYPE B KSB,CRITICAL,INTERMITTENT,0,122,10.801,17.800,6.431,10.600,21.071,23.200,ROP_MAX_SAFETY_STOCK,"Stock on hand 0 is below the current reorder point 10.801. At the CRITICAL service level of 98% and a 122-day lead time, the reorder point should be 17.8.",REJECTED,2026-08-28
REC-000041,000000000010000024,1000,Variable Speed Drive Unit TYPE B KSB,CRITICAL,INTERMITTENT,0,122,8.337,7.000,5.358,4.500,8.337,8.900,ROP_MAX_SAFETY_STOCK,"Stock on hand 0 is below the current reorder point 8.337. At the CRITICAL service level of 98% and a 122-day lead time, the reorder point should be 7.",APPROVED,2026-06-15
REC-000042,000000000080000007,3000,Mill Lube Pump Motor 110KW SKF,NORMAL,INTERMITTENT,6,50,2.339,2.000,1.212,1.000,4.294,3.800,ROP_MAX_SAFETY_STOCK,Intermittent consumption of 0.6 per month over 24 months with a 50-day lead time gives a reorder point of 2 against the current 2.339.,APPROVED,2026-08-23
REC-000043,000000000080000008,3000,Ball Mill Trunnion Bearing 8/6 SIEMENS,CRITICAL,INTERMITTENT,3,122,7.446,8.700,4.443,5.200,11.416,11.300,ROP_MAX_SAFETY_STOCK,"Stock on hand 5 is below the current reorder point 7.446. At the CRITICAL service level of 98% and a 122-day lead time, the reorder point should be 8.7.",PROPOSED,2026-08-15
REC-000044,000000000080000008,2000,Ball Mill Trunnion Bearing 8/6 SIEMENS,CRITICAL,INTERMITTENT,2,122,15.944,12.400,11.192,8.700,15.944,15.200,ROP_MAX_SAFETY_STOCK,Stock on hand 18 exceeds the current maximum 15.944. Consumption of 0.9 per month supports a maximum of 15.2.,APPROVED,2026-08-08
REC-000045,000000000010000025,4000,Valve Assembly TYPE B SIEMENS,CRITICAL,INTERMITTENT,0,43,7.282,5.700,5.245,4.100,8.196,9.100,ROP_MAX_SAFETY_STOCK,"Stock on hand 0 is below the current reorder point 7.282. At the CRITICAL service level of 98% and a 43-day lead time, the reorder point should be 5.7.",PROPOSED,2026-07-22
REC-000046,000000000010000026,2000,Hydraulic Pump Assembly TYPE A SKF,CRITICAL,INTERMITTENT,9,155,6.196,9.400,3.114,4.700,16.979,12.200,ROP_MAX_SAFETY_STOCK,Intermittent consumption of 0.9 per month over 24 months with a 155-day lead time gives a reorder point of 9.4 against the current 6.196.,PROPOSED,2026-05-20
REC-000047,000000000010000027,4000,Vertical Sump Pump Column HD KSB,INSURANCE,INTERMITTENT,4,36,4.325,2.700,2.899,1.800,4.325,5.000,ROP_MAX_SAFETY_STOCK,Stock on hand 7 exceeds the current maximum 4.325. Consumption of 0.8 per month supports a maximum of 5.,HELD,2026-07-04
REC-000048,000000000080000009,3000,Flow Meter Sensor Head 250MM MULTOTEC,IMPACT,INTERMITTENT,5,57,7.893,5.500,5.001,3.500,13.215,8.800,ROP_MAX_SAFETY_STOCK,Intermittent consumption of 1.1 per month over 24 months with a 57-day lead time gives a reorder point of 5.5 against the current 7.893.,PROPOSED,2026-07-26
REC-000049,000000000010000028,1000,Crusher Hydroset Cylinder 10/8 SEW,IMPACT,INTERMITTENT,5,60,1.631,2.900,1.023,1.800,7.396,4.500,ROP_MAX_SAFETY_STOCK,Intermittent consumption of 0.5 per month over 24 months with a 60-day lead time gives a reorder point of 2.9 against the current 1.631.,REJECTED,2026-08-27
REC-000050,000000000010000029,2000,Variable Speed Drive Unit 250MM SIEMENS,NORMAL,REGULAR,11,48,69.536,48.100,12.394,8.600,126.273,123.200,ROP_MAX_SAFETY_STOCK,Regular consumption of 25.0 per month over 24 months with a 48-day lead time gives a reorder point of 48.1 against the current 69.536.,HELD,2026-07-16
REC-000051,000000000010000030,1000,Slurry Density Transmitter 55KW WEIR,IMPACT,INTERMITTENT,3,27,1.269,1.500,0.931,1.100,4.394,2.900,ROP_MAX_SAFETY_STOCK,Intermittent consumption of 0.5 per month over 24 months with a 27-day lead time gives a reorder point of 1.5 against the current 1.269.,PROPOSED,2026-05-12
REC-000052,000000000010000031,4000,Variable Speed Drive Unit 250MM ABB,NORMAL,SLOW,2,54,1.582,1.000,0.961,0.600,2.374,1.600,ROP_MAX_SAFETY_STOCK,Slow consumption of 0.2 per month over 24 months with a 54-day lead time gives a reorder point of 1 against the current 1.582.,REJECTED,2026-08-01
REC-000053,000000000010000032,3000,Agitator Shaft Seal 200MM SANDVIK,NORMAL,INTERMITTENT,4,18,1.330,2.200,0.901,1.500,5.889,5.800,ROP_MAX_SAFETY_STOCK,Intermittent consumption of 1.2 per month over 24 months with a 18-day lead time gives a reorder point of 2.2 against the current 1.33.,APPROVED,2026-05-18
REC-000054,000000000010000033,3000,Slurry Pump Mechanical Seal 55KW FLSM,CRITICAL,SLOW,2,39,3.939,2.400,3.085,1.900,3.939,3.600,ROP_MAX_SAFETY_STOCK,Stock on hand 6 exceeds the current maximum 3.939. Consumption of 0.4 per month supports a maximum of 3.6.,PROPOSED,2026-06-09
REC-000055,000000000010000034,1000,Slurry Pump Wet End Assembly 8/6 KSB,INSURANCE,INTERMITTENT,7,125,3.203,5.400,1.380,2.300,7.043,7.700,ROP_MAX_SAFETY_STOCK,"Stock on hand 1 is below the current reorder point 3.203. At the INSURANCE service level of 90% and a 125-day lead time, the reorder point should be 5.4.",PROPOSED,2026-05-18
REC-000056,000000000010000034,4000,Slurry Pump Wet End Assembly 8/6 KSB,INSURANCE,INTERMITTENT,6,125,27.061,16.100,12.116,7.200,27.061,22.600,ROP_MAX_SAFETY_STOCK,"Stock on hand 17 is below the current reorder point 27.061. At the INSURANCE service level of 90% and a 125-day lead time, the reorder point should be 16.1.",HELD,2026-08-04
REC-000057,000000000080000010,3000,Conveyor Take-Up Pulley 250MM KSB,CRITICAL,INTERMITTENT,5,41,12.745,7.400,9.253,5.400,20.704,11.900,ROP_MAX_SAFETY_STOCK,"Stock on hand 8 is below the current reorder point 12.745. At the CRITICAL service level of 98% and a 41-day lead time, the reorder point should be 7.4.",HELD,2026-06-12
REC-000058,000000000080000011,3000,Level Radar Transmitter 250KW MULTOTEC,CRITICAL,INTERMITTENT,5,149,12.114,9.200,6.749,5.100,16.022,11.700,ROP_MAX_SAFETY_STOCK,Intermittent consumption of 0.8 per month over 24 months with a 149-day lead time gives a reorder point of 9.2 against the current 12.114.,APPROVED,2026-05-18
REC-000059,000000000010000036,1000,Flotation Cell Impeller 250MM ABB,CRITICAL,REGULAR,11,77,73.808,42.700,17.494,10.100,97.084,81.300,ROP_MAX_SAFETY_STOCK,"Stock on hand 48 is below the current reorder point 73.808. At the CRITICAL service level of 98% and a 77-day lead time, the reorder point should be 42.7.",PROPOSED,2026-05-11
REC-000060,000000000010000037,3000,Gland Packing Seal Ring DN100 FLSM,INSURANCE,REGULAR,12,63,78.030,57.700,14.313,10.600,143.783,126.000,ROP_MAX_SAFETY_STOCK,"Stock on hand 32 is below the current reorder point 78.03. At the INSURANCE service level of 90% and a 63-day lead time, the reorder point should be 57.7.",APPROVED,2026-08-10
REC-000061,000000000080000012,3000,MCC Feeder Circuit Breaker 6/4 SEW,IMPACT,INTERMITTENT,5,24,1.374,2.100,1.033,1.600,6.826,4.100,ROP_MAX_SAFETY_STOCK,Intermittent consumption of 0.7 per month over 24 months with a 24-day lead time gives a reorder point of 2.1 against the current 1.374.,APPROVED,2026-07-30
REC-000062,000000000010000038,4000,Ball Mill Shell Liner Plate 8/6,IMPACT,INTERMITTENT,6,50,8.875,5.200,5.457,3.200,8.875,8.800,ROP_MAX_SAFETY_STOCK,Stock on hand 13 exceeds the current maximum 8.875. Consumption of 1.2 per month supports a maximum of 8.8.,APPROVED,2026-06-07
REC-000063,000000000010000039,4000,Pump Impeller DN100 ABB,CRITICAL,REGULAR,12,102,112.826,79.100,22.561,15.800,128.753,135.700,ROP_MAX_SAFETY_STOCK,Regular consumption of 18.9 per month over 24 months with a 102-day lead time gives a reorder point of 79.1 against the current 112.826.,PROPOSED,2026-07-22
REC-000064,000000000010000040,4000,Ball Mill Trunnion Bearing DN150 KSB,INSURANCE,INTERMITTENT,6,106,5.953,10.500,2.265,4.000,13.343,16.100,ROP_MAX_SAFETY_STOCK,"Stock on hand 0 is below the current reorder point 5.953. At the INSURANCE service level of 90% and a 106-day lead time, the reorder point should be 10.5.",PROPOSED,2026-07-02
REC-000065,000000000080000013,4000,Flotation Blower Motor TYPE B ABB,NORMAL,INTERMITTENT,1,54,5.037,4.700,3.128,2.900,9.500,7.700,ROP_MAX_SAFETY_STOCK,Intermittent consumption of 1.0 per month over 24 months with a 54-day lead time gives a reorder point of 4.7 against the current 5.037.,HELD,2026-08-14
REC-000066,000000000010000042,4000,Ball Mill Shell Liner Plate 250KW ABB,INSURANCE,REGULAR,12,96,69.992,48.500,10.433,7.200,69.992,87.800,ROP_MAX_SAFETY_STOCK,"Stock on hand 42 is below the current reorder point 69.992. At the INSURANCE service level of 90% and a 96-day lead time, the reorder point should be 48.5.",APPROVED,2026-05-27
REC-000067,000000000030000004,4000,Pressure Transmitter Assembly DN100,CRITICAL,ON_DEMAND,2,73,0.000,11.500,0.000,7.300,0.000,16.800,OAR_TO_MIN_MAX,This OAR material is classified CRITICAL on the critical parts list. Recommend Min-Max management with a reorder point of 11.5 and a maximum of 16.8.,APPROVED,2026-05-12
REC-000068,000000000010000043,4000,Hydraulic Power Pack 55KW FLSM,CRITICAL,INTERMITTENT,0,118,15.320,8.900,9.764,5.700,16.898,11.400,ROP_MAX_SAFETY_STOCK,"Stock on hand 0 is below the current reorder point 15.32. At the CRITICAL service level of 98% and a 118-day lead time, the reorder point should be 8.9.",PROPOSED,2026-05-30
REC-000069,000000000010000044,3000,Level Radar Transmitter 150MM ABB,CRITICAL,SLOW,2,147,7.310,7.000,4.372,4.200,9.327,8.800,ROP_MAX_SAFETY_STOCK,Slow consumption of 0.6 per month over 24 months with a 147-day lead time gives a reorder point of 7 against the current 7.31.,PROPOSED,2026-05-26
REC-000070,000000000010000044,4000,Level Radar Transmitter 150MM ABB,CRITICAL,SLOW,2,147,9.263,6.400,5.772,4.000,12.467,7.900,ROP_MAX_SAFETY_STOCK,Slow consumption of 0.5 per month over 24 months with a 147-day lead time gives a reorder point of 6.4 against the current 9.263.,APPROVED,2026-08-15
REC-000071,000000000080000014,3000,Gearbox Bearing HD SANDVIK,IMPACT,INTERMITTENT,6,14,1.889,1.900,1.468,1.500,3.273,4.700,ROP_MAX_SAFETY_STOCK,Intermittent consumption of 0.9 per month over 24 months with a 14-day lead time gives a reorder point of 1.9 against the current 1.889.,APPROVED,2026-07-19
REC-000072,000000000080000014,1000,Gearbox Bearing HD SANDVIK,IMPACT,INTERMITTENT,2,14,1.053,1.300,0.836,1.000,3.699,3.000,ROP_MAX_SAFETY_STOCK,Intermittent consumption of 0.6 per month over 24 months with a 14-day lead time gives a reorder point of 1.3 against the current 1.053.,REJECTED,2026-06-30
REC-000073,000000000080000015,1000,Level Radar Transmitter TYPE B SANDVIK,IMPACT,INTERMITTENT,4,35,1.673,3.200,1.089,2.100,8.862,6.200,ROP_MAX_SAFETY_STOCK,"Stock on hand 1 is below the current reorder point 1.673. At the IMPACT service level of 95% and a 35-day lead time, the reorder point should be 3.2.",REJECTED,2026-07-05
REC-000074,000000000030000007,2000,Valve Assembly TYPE A METSO,CRITICAL,ON_DEMAND,1,116,0.000,6.500,0.000,3.500,0.000,8.900,OAR_TO_MIN_MAX,This OAR material is classified CRITICAL on the critical parts list. Recommend Min-Max management with a reorder point of 6.5 and a maximum of 8.9.,APPROVED,2026-07-07
REC-000075,000000000010000045,1000,Centrifugal Pump Casing 110KW MULTOTEC,CRITICAL,INTERMITTENT,7,232,28.808,19.200,13.033,8.700,31.076,23.300,ROP_MAX_SAFETY_STOCK,"Stock on hand 13 is below the current reorder point 28.808. At the CRITICAL service level of 98% and a 232-day lead time, the reorder point should be 19.2.",REJECTED,2026-07-19
REC-000076,000000000010000049,4000,Mill Lube Pump Motor DN150 KSB,INSURANCE,INTERMITTENT,4,73,3.226,4.200,1.706,2.200,4.866,6.700,ROP_MAX_SAFETY_STOCK,"Stock on hand 2 is below the current reorder point 3.226. At the INSURANCE service level of 90% and a 73-day lead time, the reorder point should be 4.2.",PROPOSED,2026-06-11
REC-000077,000000000090000002,2000,Flotation Blower Motor 6/4 SANDVIK,OBSOLETE,NO_DEMAND,0,38,0.000,,0.000,,1.000,,NO_SAFETY_STOCK,Obsolete material: no safety stock recommended. Candidate for stock reduction review.,HELD,2026-05-21
REC-000078,000000000080000016,3000,Slurry Pump Mechanical Seal 250MM ABB,IMPACT,INTERMITTENT,5,27,6.948,5.900,4.574,3.900,10.883,12.800,ROP_MAX_SAFETY_STOCK,Stock on hand 16 exceeds the current maximum 10.883. Consumption of 2.3 per month supports a maximum of 12.8.,REJECTED,2026-08-02
REC-000079,000000000010000050,1000,Cyclone Apex Liner 6/4 KSB,CRITICAL,INTERMITTENT,0,99,6.955,8.900,4.745,6.100,10.504,11.500,ROP_MAX_SAFETY_STOCK,"Stock on hand 0 is below the current reorder point 6.955. At the CRITICAL service level of 98% and a 99-day lead time, the reorder point should be 8.9.",PROPOSED,2026-07-21
REC-000080,000000000010000050,4000,Cyclone Apex Liner 6/4 KSB,CRITICAL,INTERMITTENT,0,99,3.781,8.500,2.145,4.800,14.283,11.900,ROP_MAX_SAFETY_STOCK,"Stock on hand 0 is below the current reorder point 3.781. At the CRITICAL service level of 98% and a 99-day lead time, the reorder point should be 8.5.",APPROVED,2026-08-24
REC-000081,000000000080000017,2000,Slurry Pump Wet End Assembly 55KW,CRITICAL,INTERMITTENT,4,62,9.493,5.800,6.397,3.900,10.457,8.600,ROP_MAX_SAFETY_STOCK,"Stock on hand 5 is below the current reorder point 9.493. At the CRITICAL service level of 98% and a 62-day lead time, the reorder point should be 5.8.",APPROVED,2026-07-25
REC-000082,000000000010000051,4000,PLC Digital Output Card DN150 MULTOTEC,CRITICAL,INTERMITTENT,0,147,4.888,7.000,2.520,3.600,11.396,9.100,ROP_MAX_SAFETY_STOCK,"Stock on hand 0 is below the current reorder point 4.888. At the CRITICAL service level of 98% and a 147-day lead time, the reorder point should be 7.",APPROVED,2026-09-02
REC-000083,000000000080000018,2000,Gearbox Bearing DN150 SANDVIK,CRITICAL,INTERMITTENT,0,123,4.722,3.000,3.936,2.500,4.722,3.400,ROP_MAX_SAFETY_STOCK,Stock on hand 6 exceeds the current maximum 4.722. Consumption of 0.1 per month supports a maximum of 3.4.,APPROVED,2026-07-02
REC-000084,000000000010000053,2000,Conveyor Take-Up Pulley 250MM FLSM,IMPACT,REGULAR,11,30,42.751,45.700,13.284,14.200,146.567,141.600,ROP_MAX_SAFETY_STOCK,"Stock on hand 0 is below the current reorder point 42.751. At the IMPACT service level of 95% and a 30-day lead time, the reorder point should be 45.7.",APPROVED,2026-06-24
REC-000085,000000000010000054,1000,Hydraulic Power Pack TYPE B MULTOTEC,INSURANCE,INTERMITTENT,4,94,4.119,5.700,2.248,3.100,11.872,8.200,ROP_MAX_SAFETY_STOCK,Intermittent consumption of 0.8 per month over 24 months with a 94-day lead time gives a reorder point of 5.7 against the current 4.119.,PROPOSED,2026-08-07
REC-000086,000000000010000055,2000,Level Radar Transmitter HD SEW,NORMAL,INTERMITTENT,5,28,5.507,3.100,3.356,1.900,9.402,7.100,ROP_MAX_SAFETY_STOCK,Intermittent consumption of 1.3 per month over 24 months with a 28-day lead time gives a reorder point of 3.1 against the current 5.507.,APPROVED,2026-07-28
REC-000087,000000000010000055,1000,Level Radar Transmitter HD SEW,NORMAL,INTERMITTENT,5,28,3.986,2.400,2.323,1.400,6.088,5.800,ROP_MAX_SAFETY_STOCK,Intermittent consumption of 1.1 per month over 24 months with a 28-day lead time gives a reorder point of 2.4 against the current 3.986.,APPROVED,2026-05-15
REC-000088,000000000010000056,3000,Level Radar Transmitter 6/4 METSO,CRITICAL,INTERMITTENT,6,143,5.927,8.800,3.039,4.500,8.523,11.600,ROP_MAX_SAFETY_STOCK,"Stock on hand 3 is below the current reorder point 5.927. At the CRITICAL service level of 98% and a 143-day lead time, the reorder point should be 8.8.",PROPOSED,2026-08-06
REC-000089,000000000030000010,1000,Conveyor Drive Gearbox 200MM FLSM,CRITICAL,ON_DEMAND,1,140,0.000,12.200,0.000,7.600,0.000,15.200,OAR_TO_MIN_MAX,This OAR material is classified CRITICAL on the critical parts list. Recommend Min-Max management with a reorder point of 12.2 and a maximum of 15.2.,REJECTED,2026-07-21
REC-000090,000000000010000057,2000,Level Radar Transmitter 8/6 SIEMENS,IMPACT,INTERMITTENT,6,35,7.052,6.600,4.447,4.200,14.954,13.000,ROP_MAX_SAFETY_STOCK,"Stock on hand 5 is below the current reorder point 7.052. At the IMPACT service level of 95% and a 35-day lead time, the reorder point should be 6.6.",HELD,2026-05-23
REC-000091,000000000010000058,1000,Ball Mill Shell Liner Plate 150MM FLSM,CRITICAL,INTERMITTENT,8,127,6.040,4.400,2.934,2.100,8.268,6.000,ROP_MAX_SAFETY_STOCK,Stock on hand 11 exceeds the current maximum 8.268. Consumption of 0.5 per month supports a maximum of 6.,APPROVED,2026-06-03
REC-000092,000000000030000011,4000,Pressure Transmitter Assembly HD,IMPACT,ON_DEMAND,2,23,0.000,3.400,0.000,2.400,0.000,7.400,OAR_TO_MIN_MAX,This OAR material is classified IMPACT on the critical parts list. Recommend Min-Max management with a reorder point of 3.4 and a maximum of 7.4.,HELD,2026-08-26
REC-000093,000000000010000059,3000,Conveyor Take-Up Pulley 10/8 SIEMENS,NORMAL,INTERMITTENT,6,60,5.301,2.900,2.213,1.200,5.301,5.500,ROP_MAX_SAFETY_STOCK,"Stock on hand 4 is below the current reorder point 5.301. At the NORMAL service level of 85% and a 60-day lead time, the reorder point should be 2.9.",PROPOSED,2026-06-07
REC-000094,000000000010000059,2000,Conveyor Take-Up Pulley 10/8 SIEMENS,NORMAL,INTERMITTENT,7,60,5.331,8.200,2.125,3.300,21.278,15.700,ROP_MAX_SAFETY_STOCK,Intermittent consumption of 2.5 per month over 24 months with a 60-day lead time gives a reorder point of 8.2 against the current 5.331.,PROPOSED,2026-07-01
REC-000095,000000000080000019,3000,Valve Assembly 200MM MULTOTEC,CRITICAL,INTERMITTENT,3,108,18.888,16.100,11.432,9.700,25.668,21.500,ROP_MAX_SAFETY_STOCK,Intermittent consumption of 1.8 per month over 24 months with a 108-day lead time gives a reorder point of 16.1 against the current 18.888.,APPROVED,2026-07-14
REC-000096,000000000080000019,1000,Valve Assembly 200MM MULTOTEC,CRITICAL,INTERMITTENT,5,108,23.544,16.500,14.259,10.000,25.583,22.000,ROP_MAX_SAFETY_STOCK,Stock on hand 26 exceeds the current maximum 25.583. Consumption of 1.8 per month supports a maximum of 22.,HELD,2026-07-22
REC-000097,000000000010000062,2000,Skirt Rubber Liner Section 10/8 SEW,CRITICAL,REGULAR,12,125,168.294,124.800,30.736,22.800,357.204,199.300,ROP_MAX_SAFETY_STOCK,"Stock on hand 118 is below the current reorder point 168.294. At the CRITICAL service level of 98% and a 125-day lead time, the reorder point should be 124.8.",PROPOSED,2026-06-16
REC-000098,000000000080000020,1000,Vertical Sump Pump Column DN150 KSB,CRITICAL,INTERMITTENT,5,111,12.605,8.200,6.766,4.400,12.605,11.300,ROP_MAX_SAFETY_STOCK,Stock on hand 14 exceeds the current maximum 12.605. Consumption of 1.0 per month supports a maximum of 11.3.,PROPOSED,2026-08-26
REC-000099,000000000010000065,4000,Belt Scraper Blade Cartridge 250MM WEIR,NORMAL,SLOW,3,8,0.762,0.500,0.626,0.400,1.204,1.500,ROP_MAX_SAFETY_STOCK,Slow consumption of 0.3 per month over 24 months with a 8-day lead time gives a reorder point of 0.5 against the current 0.762.,PROPOSED,2026-06-17
REC-000100,000000000010000066,2000,Level Radar Transmitter 200MM SKF,CRITICAL,REGULAR,11,73,79.599,58.100,15.211,11.100,183.568,116.800,ROP_MAX_SAFETY_STOCK,Regular consumption of 19.6 per month over 24 months with a 73-day lead time gives a reorder point of 58.1 against the current 79.599.,REJECTED,2026-08-23
REC-000101,000000000010000068,3000,Ball Mill Gearbox Assembly TYPE B FLSM,CRITICAL,INTERMITTENT,8,93,8.745,11.100,4.808,6.100,13.077,16.000,ROP_MAX_SAFETY_STOCK,"Stock on hand 6 is below the current reorder point 8.745. At the CRITICAL service level of 98% and a 93-day lead time, the reorder point should be 11.1.",APPROVED,2026-07-31
REC-000102,000000000010000068,2000,Ball Mill Gearbox Assembly TYPE B FLSM,CRITICAL,INTERMITTENT,5,93,12.357,11.900,7.883,7.600,15.633,16.100,ROP_MAX_SAFETY_STOCK,Stock on hand 19 exceeds the current maximum 15.633. Consumption of 1.4 per month supports a maximum of 16.1.,APPROVED,2026-08-01
REC-000103,000000000010000070,3000,Ventilation Fan Motor TYPE B SEW,CRITICAL,INTERMITTENT,0,119,27.567,18.100,14.445,9.500,43.085,24.700,ROP_MAX_SAFETY_STOCK,"Stock on hand 0 is below the current reorder point 27.567. At the CRITICAL service level of 98% and a 119-day lead time, the reorder point should be 18.1.",APPROVED,2026-06-11
REC-000104,000000000010000071,2000,Crusher Hydroset Cylinder DN150 METSO,NORMAL,REGULAR,10,17,26.102,16.500,6.495,4.100,71.628,83.000,ROP_MAX_SAFETY_STOCK,Regular consumption of 22.2 per month over 24 months with a 17-day lead time gives a reorder point of 16.5 against the current 26.102.,APPROVED,2026-08-21
REC-000105,000000000010000072,1000,Pump Impeller 250MM SKF,NORMAL,INTERMITTENT,3,9,0.819,1.400,0.645,1.100,3.329,4.500,ROP_MAX_SAFETY_STOCK,"Stock on hand 0 is below the current reorder point 0.819. At the NORMAL service level of 85% and a 9-day lead time, the reorder point should be 1.4.",APPROVED,2026-05-21
REC-000106,000000000010000073,4000,Conveyor Drive Gearbox TYPE B SEW,CRITICAL,INTERMITTENT,5,122,5.016,4.100,2.567,2.100,5.016,5.600,ROP_MAX_SAFETY_STOCK,Stock on hand 6 exceeds the current maximum 5.016. Consumption of 0.5 per month supports a maximum of 5.6.,HELD,2026-08-31
REC-000107,000000000080000021,4000,Flow Meter Sensor Head 200MM WEIR,NORMAL,INTERMITTENT,4,47,6.895,4.400,3.941,2.500,7.015,8.000,ROP_MAX_SAFETY_STOCK,"Stock on hand 3 is below the current reorder point 6.895. At the NORMAL service level of 85% and a 47-day lead time, the reorder point should be 4.4.",REJECTED,2026-08-05
REC-000108,000000000080000021,2000,Flow Meter Sensor Head 200MM WEIR,NORMAL,INTERMITTENT,6,47,3.808,2.400,2.097,1.300,5.828,4.500,ROP_MAX_SAFETY_STOCK,Intermittent consumption of 0.7 per month over 24 months with a 47-day lead time gives a reorder point of 2.4 against the current 3.808.,APPROVED,2026-08-29
REC-000109,000000000010000074,3000,Slurry Pump Wet End Assembly 10/8 ABB,IMPACT,REGULAR,12,51,81.244,65.300,13.843,11.100,218.801,162.400,ROP_MAX_SAFETY_STOCK,Regular consumption of 32.4 per month over 24 months with a 51-day lead time gives a reorder point of 65.3 against the current 81.244.,HELD,2026-05-26
REC-000110,000000000010000074,1000,Slurry Pump Wet End Assembly 10/8 ABB,IMPACT,REGULAR,11,51,73.338,81.800,13.549,15.100,224.809,201.200,ROP_MAX_SAFETY_STOCK,Regular consumption of 39.8 per month over 24 months with a 51-day lead time gives a reorder point of 81.8 against the current 73.338.,REJECTED,2026-08-03
REC-000111,000000000010000075,3000,Thickener Rake Seal Kit 10/8 ABB,IMPACT,REGULAR,11,42,38.435,56.700,12.056,17.800,129.879,141.200,ROP_MAX_SAFETY_STOCK,Regular consumption of 28.2 per month over 24 months with a 42-day lead time gives a reorder point of 56.7 against the current 38.435.,HELD,2026-07-22
REC-000112,000000000010000076,1000,Pressure Transmitter Assembly 6/4,CRITICAL,INTERMITTENT,3,115,5.879,5.700,3.792,3.700,5.879,7.300,ROP_MAX_SAFETY_STOCK,Stock on hand 6 exceeds the current maximum 5.879. Consumption of 0.5 per month supports a maximum of 7.3.,APPROVED,2026-06-29
REC-000113,000000000010000077,2000,Vertical Sump Pump Column TYPE A SIEMENS,CRITICAL,SLOW,1,127,1.127,2.300,0.785,1.600,2.892,2.800,ROP_MAX_SAFETY_STOCK,Slow consumption of 0.2 per month over 24 months with a 127-day lead time gives a reorder point of 2.3 against the current 1.127.,HELD,2026-08-18
REC-000114,000000000010000078,1000,Valve Assembly 150MM KSB,CRITICAL,INTERMITTENT,0,105,9.607,12.800,5.609,7.500,22.049,17.400,ROP_MAX_SAFETY_STOCK,"Stock on hand 0 is below the current reorder point 9.607. At the CRITICAL service level of 98% and a 105-day lead time, the reorder point should be 12.8.",APPROVED,2026-07-23
REC-000115,000000000010000079,3000,Apron Feeder Gear Reducer DN150 SANDVIK,CRITICAL,INTERMITTENT,0,133,11.132,13.300,6.088,7.300,17.869,17.400,ROP_MAX_SAFETY_STOCK,"Stock on hand 0 is below the current reorder point 11.132. At the CRITICAL service level of 98% and a 133-day lead time, the reorder point should be 13.3.",APPROVED,2026-05-19
REC-000116,000000000010000081,4000,Pump Impeller DN150 KSB,CRITICAL,INTERMITTENT,5,62,7.624,9.000,4.830,5.700,22.160,13.900,ROP_MAX_SAFETY_STOCK,"Stock on hand 2 is below the current reorder point 7.624. At the CRITICAL service level of 98% and a 62-day lead time, the reorder point should be 9.",PROPOSED,2026-07-10
REC-000117,000000000010000082,1000,Valve Assembly TYPE A SIEMENS,NORMAL,SLOW,3,59,1.163,2.300,0.661,1.300,4.136,3.800,ROP_MAX_SAFETY_STOCK,Slow consumption of 0.5 per month over 24 months with a 59-day lead time gives a reorder point of 2.3 against the current 1.163.,REJECTED,2026-08-11
REC-000118,000000000080000022,3000,Level Radar Transmitter 200MM KSB,IMPACT,INTERMITTENT,5,23,8.512,6.100,5.839,4.200,20.745,13.700,ROP_MAX_SAFETY_STOCK,Intermittent consumption of 2.5 per month over 24 months with a 23-day lead time gives a reorder point of 6.1 against the current 8.512.,APPROVED,2026-07-11
REC-000119,000000000080000022,1000,Level Radar Transmitter 200MM KSB,IMPACT,INTERMITTENT,3,23,3.700,3.600,2.556,2.500,7.196,8.100,ROP_MAX_SAFETY_STOCK,Intermittent consumption of 1.5 per month over 24 months with a 23-day lead time gives a reorder point of 3.6 against the current 3.7.,APPROVED,2026-07-28
REC-000120,000000000010000083,4000,Slurry Pump Wet End Assembly DN100 FLSM,NORMAL,REGULAR,11,37,30.323,32.900,4.144,4.500,177.121,102.900,ROP_MAX_SAFETY_STOCK,Regular consumption of 23.3 per month over 24 months with a 37-day lead time gives a reorder point of 32.9 against the current 30.323.,REJECTED,2026-09-01
REC-000121,000000000010000084,1000,Conveyor Drive Motor 6/4 WEIR,INSURANCE,SLOW,3,87,3.060,3.000,1.841,1.800,4.777,4.200,ROP_MAX_SAFETY_STOCK,"Stock on hand 3 is below the current reorder point 3.06. At the INSURANCE service level of 90% and a 87-day lead time, the reorder point should be 3.",REJECTED,2026-07-11
REC-000122,000000000010000085,4000,Hydraulic Power Pack 200MM WEIR,INSURANCE,INTERMITTENT,5,179,1.734,3.700,0.712,1.500,5.636,4.800,ROP_MAX_SAFETY_STOCK,"Stock on hand 0 is below the current reorder point 1.734. At the INSURANCE service level of 90% and a 179-day lead time, the reorder point should be 3.7.",PROPOSED,2026-08-26
REC-000123,000000000010000086,1000,Flotation Blower Motor HD FLSM,CRITICAL,INTERMITTENT,7,143,4.670,4.600,2.297,2.300,8.503,6.100,ROP_MAX_SAFETY_STOCK,Intermittent consumption of 0.5 per month over 24 months with a 143-day lead time gives a reorder point of 4.6 against the current 4.67.,APPROVED,2026-08-19
REC-000124,000000000010000087,1000,Crusher Main Shaft Bearing 250MM FLSM,CRITICAL,SLOW,1,92,0.757,0.800,0.645,0.700,1.438,0.900,ROP_MAX_SAFETY_STOCK,Stock on hand 2 exceeds the current maximum 1.438. Consumption of 0.0 per month supports a maximum of 0.9.,PROPOSED,2026-07-14
REC-000125,000000000010000087,4000,Crusher Main Shaft Bearing 250MM FLSM,CRITICAL,SLOW,3,92,1.830,1.900,1.336,1.400,4.238,2.400,ROP_MAX_SAFETY_STOCK,Slow consumption of 0.2 per month over 24 months with a 92-day lead time gives a reorder point of 1.9 against the current 1.83.,PROPOSED,2026-05-24
REC-000126,000000000080000023,3000,Soft Starter Power Module 250MM SANDVIK,CRITICAL,INTERMITTENT,3,133,12.232,7.600,8.695,5.400,12.232,9.100,ROP_MAX_SAFETY_STOCK,"Stock on hand 12 is below the current reorder point 12.232. At the CRITICAL service level of 98% and a 133-day lead time, the reorder point should be 7.6.",PROPOSED,2026-05-24
REC-000127,000000000090000003,2000,Screen Exciter Bearing HD KSB,OBSOLETE,NO_DEMAND,0,28,0.000,,0.000,,1.000,,NO_SAFETY_STOCK,Obsolete material: no safety stock recommended. Candidate for stock reduction review.,APPROVED,2026-06-19
REC-000128,000000000030000014,3000,Hydraulic Power Pack 10/8 SANDVIK,IMPACT,ON_DEMAND,2,8,0.000,2.100,0.000,1.800,0.000,5.500,OAR_TO_MIN_MAX,This OAR material is classified IMPACT on the critical parts list. Recommend Min-Max management with a reorder point of 2.1 and a maximum of 5.5.,HELD,2026-08-05
REC-000129,000000000030000014,2000,Hydraulic Power Pack 10/8 SANDVIK,IMPACT,ON_DEMAND,1,8,0.000,1.000,0.000,0.800,0.000,3.100,OAR_TO_MIN_MAX,This OAR material is classified IMPACT on the critical parts list. Recommend Min-Max management with a reorder point of 1 and a maximum of 3.1.,APPROVED,2026-07-07
REC-000130,000000000080000024,1000,Gearbox Bearing 250KW SEW,CRITICAL,INTERMITTENT,6,112,3.578,6.300,1.832,3.200,8.106,8.800,ROP_MAX_SAFETY_STOCK,Intermittent consumption of 0.8 per month over 24 months with a 112-day lead time gives a reorder point of 6.3 against the current 3.578.,HELD,2026-05-22
REC-000131,000000000080000025,2000,Conveyor Drive Motor 6/4 KSB,NORMAL,INTERMITTENT,5,11,2.163,1.400,1.598,1.000,6.565,4.400,ROP_MAX_SAFETY_STOCK,Intermittent consumption of 1.0 per month over 24 months with a 11-day lead time gives a reorder point of 1.4 against the current 2.163.,HELD,2026-06-21
REC-000132,000000000080000025,4000,Conveyor Drive Motor 6/4 KSB,NORMAL,INTERMITTENT,3,11,3.773,2.400,2.639,1.700,15.292,8.500,ROP_MAX_SAFETY_STOCK,Intermittent consumption of 2.0 per month over 24 months with a 11-day lead time gives a reorder point of 2.4 against the current 3.773.,APPROVED,2026-05-16
REC-000133,000000000010000090,4000,Valve Assembly 200MM SANDVIK,CRITICAL,SLOW,2,93,4.403,2.600,2.869,1.700,5.333,3.500,ROP_MAX_SAFETY_STOCK,Stock on hand 7 exceeds the current maximum 5.333. Consumption of 0.3 per month supports a maximum of 3.5.,APPROVED,2026-05-26
REC-000134,000000000090000004,1000,Conveyor Pulley Bearing 6/4 METSO,OBSOLETE,NO_DEMAND,0,57,0.000,,0.000,,1.000,,NO_SAFETY_STOCK,Obsolete material: no safety stock recommended. Candidate for stock reduction review.,PROPOSED,2026-06-10
REC-000135,000000000090000004,3000,Conveyor Pulley Bearing 6/4 METSO,OBSOLETE,NO_DEMAND,0,57,0.000,,0.000,,1.000,,NO_SAFETY_STOCK,Obsolete material: no safety stock recommended. Candidate for stock reduction review.,APPROVED,2026-07-14
REC-000136,000000000080000026,2000,Slurry Density Transmitter 6/4 WEIR,NORMAL,INTERMITTENT,4,40,5.257,4.300,2.814,2.300,9.303,8.800,ROP_MAX_SAFETY_STOCK,"Stock on hand 2 is below the current reorder point 5.257. At the NORMAL service level of 85% and a 40-day lead time, the reorder point should be 4.3.",REJECTED,2026-06-03
REC-000137,000000000010000091,4000,Conveyor Idler Roller Set 10/8 SKF,NORMAL,INTERMITTENT,4,47,4.299,2.700,2.202,1.400,4.299,5.200,ROP_MAX_SAFETY_STOCK,Stock on hand 7 exceeds the current maximum 4.299. Consumption of 0.8 per month supports a maximum of 5.2.,PROPOSED,2026-08-22
REC-000138,000000000080000027,4000,Variable Speed Drive Unit 55KW METSO,IMPACT,INTERMITTENT,4,55,2.535,6.000,1.437,3.400,14.847,10.400,ROP_MAX_SAFETY_STOCK,Intermittent consumption of 1.5 per month over 24 months with a 55-day lead time gives a reorder point of 6 against the current 2.535.,APPROVED,2026-06-05
REC-000139,000000000010000092,4000,Flotation Cell Impeller TYPE A KSB,IMPACT,SLOW,2,57,0.929,1.000,0.710,0.800,2.388,1.400,ROP_MAX_SAFETY_STOCK,Slow consumption of 0.1 per month over 24 months with a 57-day lead time gives a reorder point of 1 against the current 0.929.,APPROVED,2026-06-12
REC-000140,000000000010000092,3000,Flotation Cell Impeller TYPE A KSB,IMPACT,SLOW,2,57,2.437,1.500,1.658,1.000,2.437,2.200,ROP_MAX_SAFETY_STOCK,Stock on hand 3 exceeds the current maximum 2.437. Consumption of 0.2 per month supports a maximum of 2.2.,REJECTED,2026-06-12
REC-000141,000000000010000093,4000,Flotation Cell Impeller DN150 SKF,CRITICAL,INTERMITTENT,5,138,6.617,8.200,3.562,4.400,18.246,10.700,ROP_MAX_SAFETY_STOCK,Intermittent consumption of 0.8 per month over 24 months with a 138-day lead time gives a reorder point of 8.2 against the current 6.617.,PROPOSED,2026-05-17
REC-000142,000000000090000005,1000,Mill Liner 6/4 METSO,OBSOLETE,NO_DEMAND,0,55,0.000,,0.000,,1.000,,NO_SAFETY_STOCK,Obsolete material: no safety stock recommended. Candidate for stock reduction review.,PROPOSED,2026-08-31
REC-000143,000000000080000028,2000,Hydraulic Pump Assembly 150MM SEW,CRITICAL,INTERMITTENT,4,120,9.160,13.500,5.474,8.100,12.628,17.600,ROP_MAX_SAFETY_STOCK,"Stock on hand 6 is below the current reorder point 9.16. At the CRITICAL service level of 98% and a 120-day lead time, the reorder point should be 13.5.",PROPOSED,2026-08-26
REC-000144,000000000010000094,4000,Thickener Rake Seal Kit TYPE A FLSM,NORMAL,INTERMITTENT,3,33,5.446,5.100,3.115,2.900,11.826,11.100,ROP_MAX_SAFETY_STOCK,"Stock on hand 0 is below the current reorder point 5.446. At the NORMAL service level of 85% and a 33-day lead time, the reorder point should be 5.1.",PROPOSED,2026-06-14
REC-000145,000000000010000095,3000,Screen Exciter Bearing 150MM MULTOTEC,CRITICAL,INTERMITTENT,0,127,11.177,8.700,6.699,5.200,11.177,11.200,ROP_MAX_SAFETY_STOCK,"Stock on hand 0 is below the current reorder point 11.177. At the CRITICAL service level of 98% and a 127-day lead time, the reorder point should be 8.7.",APPROVED,2026-09-02
REC-000146,000000000010000095,2000,Screen Exciter Bearing 150MM MULTOTEC,CRITICAL,INTERMITTENT,0,127,4.839,9.600,2.663,5.300,10.875,12.700,ROP_MAX_SAFETY_STOCK,"Stock on hand 0 is below the current reorder point 4.839. At the CRITICAL service level of 98% and a 127-day lead time, the reorder point should be 9.6.",APPROVED,2026-06-02
REC-000147,000000000010000096,1000,Hydraulic Power Pack TYPE A ABB,CRITICAL,SLOW,1,92,1.566,1.300,1.253,1.000,2.638,1.600,ROP_MAX_SAFETY_STOCK,Slow consumption of 0.1 per month over 24 months with a 92-day lead time gives a reorder point of 1.3 against the current 1.566.,PROPOSED,2026-05-28
REC-000148,000000000080000029,3000,Valve Assembly 150MM FLSM,NORMAL,INTERMITTENT,6,7,2.328,1.400,1.691,1.000,7.617,6.300,ROP_MAX_SAFETY_STOCK,Stock on hand 8 exceeds the current maximum 7.617. Consumption of 1.6 per month supports a maximum of 6.3.,REJECTED,2026-07-04
REC-000149,000000000080000029,1000,Valve Assembly 150MM FLSM,NORMAL,INTERMITTENT,4,7,1.859,1.900,1.371,1.400,11.761,8.500,ROP_MAX_SAFETY_STOCK,Intermittent consumption of 2.2 per month over 24 months with a 7-day lead time gives a reorder point of 1.9 against the current 1.859.,PROPOSED,2026-07-12
REC-000150,000000000080000030,3000,Valve Assembly TYPE B ABB,IMPACT,INTERMITTENT,6,40,7.297,6.200,4.805,4.100,11.919,11.100,ROP_MAX_SAFETY_STOCK,Stock on hand 12 exceeds the current maximum 11.919. Consumption of 1.6 per month supports a maximum of 11.1.,PROPOSED,2026-05-22
REC-000151,000000000080000030,1000,Valve Assembly TYPE B ABB,IMPACT,INTERMITTENT,9,40,2.778,4.600,1.713,2.800,12.810,8.600,ROP_MAX_SAFETY_STOCK,Intermittent consumption of 1.3 per month over 24 months with a 40-day lead time gives a reorder point of 4.6 against the current 2.778.,APPROVED,2026-05-26
REC-000152,000000000010000099,2000,Hydraulic Pump Assembly TYPE B KSB,INSURANCE,INTERMITTENT,3,155,5.031,3.300,2.155,1.400,5.031,4.400,ROP_MAX_SAFETY_STOCK,"Stock on hand 5 is below the current reorder point 5.031. At the INSURANCE service level of 90% and a 155-day lead time, the reorder point should be 3.3.",REJECTED,2026-06-11
REC-000153,000000000010000100,1000,Conveyor Take-Up Pulley 200MM WEIR,NORMAL,REGULAR,11,43,18.463,31.400,2.856,4.900,114.753,87.800,ROP_MAX_SAFETY_STOCK,Regular consumption of 18.8 per month over 24 months with a 43-day lead time gives a reorder point of 31.4 against the current 18.463.,PROPOSED,2026-08-02
REC-000154,000000000010000100,3000,Conveyor Take-Up Pulley 200MM WEIR,NORMAL,REGULAR,12,43,31.097,27.200,6.651,5.800,105.379,72.600,ROP_MAX_SAFETY_STOCK,Regular consumption of 15.1 per month over 24 months with a 43-day lead time gives a reorder point of 27.2 against the current 31.097.,PROPOSED,2026-05-19
REC-000155,000000000080000031,2000,Spherical Roller Bearing 8/6 SANDVIK,IMPACT,INTERMITTENT,5,22,1.478,3.600,1.061,2.600,13.231,7.800,ROP_MAX_SAFETY_STOCK,Intermittent consumption of 1.4 per month over 24 months with a 22-day lead time gives a reorder point of 3.6 against the current 1.478.,REJECTED,2026-06-15
REC-000156,000000000010000101,4000,Ball Mill Shell Liner Plate 8/6 METSO,CRITICAL,REGULAR,11,30,32.509,56.200,11.297,19.500,256.142,167.800,ROP_MAX_SAFETY_STOCK,Regular consumption of 37.2 per month over 24 months with a 30-day lead time gives a reorder point of 56.2 against the current 32.509.,REJECTED,2026-06-16
REC-000157,000000000010000102,1000,Conveyor Drive Motor DN150 ABB,INSURANCE,INTERMITTENT,6,240,7.291,12.800,2.061,3.600,21.961,16.300,ROP_MAX_SAFETY_STOCK,"Stock on hand 5 is below the current reorder point 7.291. At the INSURANCE service level of 90% and a 240-day lead time, the reorder point should be 12.8.",PROPOSED,2026-07-18
REC-000158,000000000010000102,3000,Conveyor Drive Motor DN150 ABB,INSURANCE,INTERMITTENT,4,240,18.948,15.300,6.738,5.400,27.927,19.100,ROP_MAX_SAFETY_STOCK,Intermittent consumption of 1.2 per month over 24 months with a 240-day lead time gives a reorder point of 15.3 against the current 18.948.,REJECTED,2026-08-30
REC-000159,000000000010000103,3000,Ball Mill Trunnion Bearing DN100 SEW,CRITICAL,INTERMITTENT,8,152,14.396,15.100,6.671,7.000,27.370,20.000,ROP_MAX_SAFETY_STOCK,Intermittent consumption of 1.6 per month over 24 months with a 152-day lead time gives a reorder point of 15.1 against the current 14.396.,PROPOSED,2026-07-12
REC-000160,000000000010000104,1000,Ball Mill Shell Liner Plate TYPE A WEIR,INSURANCE,REGULAR,12,42,13.957,23.400,2.910,4.900,108.066,63.500,ROP_MAX_SAFETY_STOCK,Regular consumption of 13.4 per month over 24 months with a 42-day lead time gives a reorder point of 23.4 against the current 13.957.,PROPOSED,2026-05-14
REC-000161,000000000010000104,2000,Ball Mill Shell Liner Plate TYPE A WEIR,INSURANCE,REGULAR,10,42,24.731,27.900,4.876,5.500,62.281,76.500,ROP_MAX_SAFETY_STOCK,"Stock on hand 16 is below the current reorder point 24.731. At the INSURANCE service level of 90% and a 42-day lead time, the reorder point should be 27.9.",PROPOSED,2026-06-17
REC-000162,000000000030000022,4000,Pump Impeller 6/4 FLSM,CRITICAL,ON_DEMAND,0,87,0.000,6.600,0.000,4.300,0.000,9.000,OAR_TO_MIN_MAX,This OAR material is classified CRITICAL on the critical parts list. Recommend Min-Max management with a reorder point of 6.6 and a maximum of 9.,APPROVED,2026-06-24
REC-000163,000000000030000022,3000,Pump Impeller 6/4 FLSM,CRITICAL,ON_DEMAND,0,87,0.000,11.700,0.000,7.500,0.000,16.100,OAR_TO_MIN_MAX,This OAR material is classified CRITICAL on the critical parts list. Recommend Min-Max management with a reorder point of 11.7 and a maximum of 16.1.,REJECTED,2026-05-29
REC-000164,000000000010000105,4000,Ball Mill Trunnion Bearing 200MM FLSM,NORMAL,SLOW,2,48,0.990,0.800,0.646,0.500,1.150,1.300,ROP_MAX_SAFETY_STOCK,Slow consumption of 0.2 per month over 24 months with a 48-day lead time gives a reorder point of 0.8 against the current 0.99.,APPROVED,2026-09-02
REC-000165,000000000010000106,1000,Mill Lube Pump Motor 55KW METSO,NORMAL,REGULAR,9,20,16.801,20.800,3.647,4.500,82.631,95.300,ROP_MAX_SAFETY_STOCK,Regular consumption of 24.8 per month over 24 months with a 20-day lead time gives a reorder point of 20.8 against the current 16.801.,REJECTED,2026-08-31
REC-000166,000000000010000106,3000,Mill Lube Pump Motor 55KW METSO,NORMAL,REGULAR,11,20,46.102,30.200,10.867,7.100,116.171,135.600,ROP_MAX_SAFETY_STOCK,Regular consumption of 35.1 per month over 24 months with a 20-day lead time gives a reorder point of 30.2 against the current 46.102.,REJECTED,2026-06-13
REC-000167,000000000010000107,4000,Mill Lube Pump Motor 200MM SEW,INSURANCE,INTERMITTENT,6,76,8.898,8.500,4.415,4.200,10.798,13.600,ROP_MAX_SAFETY_STOCK,Intermittent consumption of 1.7 per month over 24 months with a 76-day lead time gives a reorder point of 8.5 against the current 8.898.,APPROVED,2026-07-17
REC-000168,000000000010000109,1000,Centrifugal Pump Casing 8/6 ABB,NORMAL,REGULAR,11,42,91.437,66.000,16.086,11.600,279.191,184.200,ROP_MAX_SAFETY_STOCK,Regular consumption of 39.4 per month over 24 months with a 42-day lead time gives a reorder point of 66 against the current 91.437.,APPROVED,2026-07-14
REC-000169,000000000080000032,4000,Flotation Blower Motor HD SIEMENS,IMPACT,INTERMITTENT,3,7,0.595,1.200,0.507,1.000,3.828,3.500,ROP_MAX_SAFETY_STOCK,Intermittent consumption of 0.8 per month over 24 months with a 7-day lead time gives a reorder point of 1.2 against the current 0.595.,APPROVED,2026-07-18
REC-000170,000000000010000110,2000,Thickener Rake Drive Gearbox HD,NORMAL,INTERMITTENT,4,53,0.756,1.900,0.402,1.000,4.278,3.400,ROP_MAX_SAFETY_STOCK,"Stock on hand 0 is below the current reorder point 0.756. At the NORMAL service level of 85% and a 53-day lead time, the reorder point should be 1.9.",PROPOSED,2026-06-10
REC-000171,000000000010000110,3000,Thickener Rake Drive Gearbox HD,NORMAL,INTERMITTENT,3,53,4.180,3.400,2.298,1.900,6.003,6.000,ROP_MAX_SAFETY_STOCK,Intermittent consumption of 0.9 per month over 24 months with a 53-day lead time gives a reorder point of 3.4 against the current 4.18.,APPROVED,2026-07-01
REC-000172,000000000010000112,2000,MCC Feeder Circuit Breaker 150MM ABB,NORMAL,INTERMITTENT,5,52,2.399,4.800,1.266,2.500,7.100,8.800,ROP_MAX_SAFETY_STOCK,Intermittent consumption of 1.3 per month over 24 months with a 52-day lead time gives a reorder point of 4.8 against the current 2.399.,REJECTED,2026-05-25
REC-000173,000000000010000114,2000,MCC Feeder Circuit Breaker TYPE A WEIR,IMPACT,INTERMITTENT,7,57,12.571,11.300,7.242,6.500,19.697,18.900,ROP_MAX_SAFETY_STOCK,"Stock on hand 9 is below the current reorder point 12.571. At the IMPACT service level of 95% and a 57-day lead time, the reorder point should be 11.3.",PROPOSED,2026-08-14
REC-000174,000000000080000033,1000,Thickener Rake Drive Gearbox 8/6 KSB,IMPACT,INTERMITTENT,6,56,5.394,3.900,2.772,2.000,8.797,7.000,ROP_MAX_SAFETY_STOCK,Intermittent consumption of 1.0 per month over 24 months with a 56-day lead time gives a reorder point of 3.9 against the current 5.394.,APPROVED,2026-06-05
REC-000175,000000000080000033,3000,Thickener Rake Drive Gearbox 8/6 KSB,IMPACT,INTERMITTENT,2,56,3.004,5.700,1.944,3.700,9.214,8.900,ROP_MAX_SAFETY_STOCK,Intermittent consumption of 1.1 per month over 24 months with a 56-day lead time gives a reorder point of 5.7 against the current 3.004.,PROPOSED,2026-06-13
REC-000176,000000000030000024,4000,Flotation Blower Motor 10/8 WEIR,IMPACT,ON_DEMAND,1,26,0.000,2.200,0.000,1.600,0.000,4.300,OAR_TO_MIN_MAX,This OAR material is classified IMPACT on the critical parts list. Recommend Min-Max management with a reorder point of 2.2 and a maximum of 4.3.,PROPOSED,2026-06-24
REC-000177,000000000010000115,3000,Conveyor Take-Up Pulley DN150 METSO,NORMAL,SLOW,2,38,1.406,0.800,0.874,0.500,1.533,1.600,ROP_MAX_SAFETY_STOCK,"Stock on hand 1 is below the current reorder point 1.406. At the NORMAL service level of 85% and a 38-day lead time, the reorder point should be 0.8.",APPROVED,2026-06-02
REC-000178,000000000080000034,1000,Flotation Blower Motor 250MM MULTOTEC,NORMAL,INTERMITTENT,5,50,4.494,3.100,2.484,1.700,7.061,5.600,ROP_MAX_SAFETY_STOCK,"Stock on hand 2 is below the current reorder point 4.494. At the NORMAL service level of 85% and a 50-day lead time, the reorder point should be 3.1.",PROPOSED,2026-05-20
REC-000179,000000000090000006,2000,Skirt Rubber Liner Section DN150 WEIR,OBSOLETE,NO_DEMAND,0,17,0.000,,0.000,,1.000,,NO_SAFETY_STOCK,Obsolete material: no safety stock recommended. Candidate for stock reduction review.,PROPOSED,2026-05-21
REC-000180,000000000010000117,3000,Ventilation Fan Motor 200MM KSB,CRITICAL,INTERMITTENT,6,90,20.528,20.200,11.671,11.500,29.577,29.100,ROP_MAX_SAFETY_STOCK,"Stock on hand 14 is below the current reorder point 20.528. At the CRITICAL service level of 98% and a 90-day lead time, the reorder point should be 20.2.",PROPOSED,2026-06-06
REC-000181,000000000010000117,4000,Ventilation Fan Motor 200MM KSB,CRITICAL,INTERMITTENT,4,90,4.272,5.300,2.584,3.200,11.963,7.400,ROP_MAX_SAFETY_STOCK,"Stock on hand 0 is below the current reorder point 4.272. At the CRITICAL service level of 98% and a 90-day lead time, the reorder point should be 5.3.",PROPOSED,2026-07-26
REC-000182,000000000010000118,1000,Thickener Rake Drive Gearbox 150MM,CRITICAL,INTERMITTENT,0,99,3.492,8.100,2.268,5.300,8.176,10.700,ROP_MAX_SAFETY_STOCK,"Stock on hand 0 is below the current reorder point 3.492. At the CRITICAL service level of 98% and a 99-day lead time, the reorder point should be 8.1.",PROPOSED,2026-07-15
REC-000183,000000000030000026,4000,Gearbox Bearing 10/8 WEIR,CRITICAL,ON_DEMAND,1,128,0.000,19.400,0.000,10.500,0.000,25.800,OAR_TO_MIN_MAX,This OAR material is classified CRITICAL on the critical parts list. Recommend Min-Max management with a reorder point of 19.4 and a maximum of 25.8.,APPROVED,2026-07-16
REC-000184,000000000030000026,1000,Gearbox Bearing 10/8 WEIR,CRITICAL,ON_DEMAND,0,128,0.000,24.200,0.000,11.800,0.000,33.100,OAR_TO_MIN_MAX,This OAR material is classified CRITICAL on the critical parts list. Recommend Min-Max management with a reorder point of 24.2 and a maximum of 33.1.,APPROVED,2026-06-10
REC-000185,000000000010000119,1000,MCC Feeder Circuit Breaker 110KW ABB,IMPACT,REGULAR,11,58,64.357,82.900,13.696,17.600,181.122,185.700,ROP_MAX_SAFETY_STOCK,Regular consumption of 34.2 per month over 24 months with a 58-day lead time gives a reorder point of 82.9 against the current 64.357.,REJECTED,2026-05-18
REC-000186,000000000080000035,1000,Centrifugal Pump Casing 10/8 WEIR,NORMAL,INTERMITTENT,5,7,0.945,1.900,0.667,1.300,10.686,9.200,ROP_MAX_SAFETY_STOCK,Intermittent consumption of 2.4 per month over 24 months with a 7-day lead time gives a reorder point of 1.9 against the current 0.945.,PROPOSED,2026-07-25
REC-000187,000000000080000035,2000,Centrifugal Pump Casing 10/8 WEIR,NORMAL,INTERMITTENT,2,7,2.753,1.800,2.085,1.400,10.347,7.500,ROP_MAX_SAFETY_STOCK,Intermittent consumption of 1.9 per month over 24 months with a 7-day lead time gives a reorder point of 1.8 against the current 2.753.,REJECTED,2026-08-24
REC-000188,000000000080000036,3000,Soft Starter Power Module TYPE B ABB,IMPACT,INTERMITTENT,4,36,2.236,5.100,1.531,3.500,8.203,9.200,ROP_MAX_SAFETY_STOCK,"Stock on hand 2 is below the current reorder point 2.236. At the IMPACT service level of 95% and a 36-day lead time, the reorder point should be 5.1.",APPROVED,2026-05-18
REC-000189,000000000010000121,4000,Mill Liner 250KW WEIR,NORMAL,INTERMITTENT,4,15,1.273,1.600,0.877,1.100,8.101,4.600,ROP_MAX_SAFETY_STOCK,Intermittent consumption of 1.0 per month over 24 months with a 15-day lead time gives a reorder point of 1.6 against the current 1.273.,APPROVED,2026-05-24
REC-000190,000000000030000028,3000,PLC Digital Output Card TYPE A FLSM,CRITICAL,ON_DEMAND,2,137,0.000,8.900,0.000,4.800,0.000,11.700,OAR_TO_MIN_MAX,This OAR material is classified CRITICAL on the critical parts list. Recommend Min-Max management with a reorder point of 8.9 and a maximum of 11.7.,APPROVED,2026-07-19
REC-000191,000000000030000028,4000,PLC Digital Output Card TYPE A FLSM,CRITICAL,ON_DEMAND,2,137,0.000,23.400,0.000,11.400,0.000,31.400,OAR_TO_MIN_MAX,This OAR material is classified CRITICAL on the critical parts list. Recommend Min-Max management with a reorder point of 23.4 and a maximum of 31.4.,REJECTED,2026-08-22
REC-000192,000000000010000122,2000,Ball Mill Trunnion Bearing DN150 KSB,CRITICAL,INTERMITTENT,0,55,6.627,8.800,4.587,6.100,13.870,13.300,ROP_MAX_SAFETY_STOCK,"Stock on hand 0 is below the current reorder point 6.627. At the CRITICAL service level of 98% and a 55-day lead time, the reorder point should be 8.8.",REJECTED,2026-07-19
REC-000193,000000000080000037,4000,Mill Lube Pump Motor TYPE B SANDVIK,NORMAL,INTERMITTENT,4,41,8.848,5.600,4.466,2.800,9.913,11.700,ROP_MAX_SAFETY_STOCK,Stock on hand 12 exceeds the current maximum 9.913. Consumption of 2.0 per month supports a maximum of 11.7.,PROPOSED,2026-06-12
REC-000194,000000000010000123,2000,Slurry Pump Mechanical Seal DN150 SKF,NORMAL,INTERMITTENT,5,51,9.967,6.100,4.863,3.000,12.415,11.700,ROP_MAX_SAFETY_STOCK,"Stock on hand 9 is below the current reorder point 9.967. At the NORMAL service level of 85% and a 51-day lead time, the reorder point should be 6.1.",REJECTED,2026-06-01
REC-000195,000000000010000123,4000,Slurry Pump Mechanical Seal DN150 SKF,NORMAL,INTERMITTENT,3,51,7.248,4.000,4.112,2.300,12.408,7.100,ROP_MAX_SAFETY_STOCK,"Stock on hand 7 is below the current reorder point 7.248. At the NORMAL service level of 85% and a 51-day lead time, the reorder point should be 4.",APPROVED,2026-08-16
REC-000196,000000000010000124,3000,Gearbox Bearing DN150 ABB,CRITICAL,INTERMITTENT,0,42,2.271,5.300,1.663,3.900,13.763,8.400,ROP_MAX_SAFETY_STOCK,"Stock on hand 0 is below the current reorder point 2.271. At the CRITICAL service level of 98% and a 42-day lead time, the reorder point should be 5.3.",HELD,2026-05-26
REC-000197,000000000010000124,4000,Gearbox Bearing DN150 ABB,CRITICAL,INTERMITTENT,0,42,3.577,5.100,2.605,3.700,8.981,8.100,ROP_MAX_SAFETY_STOCK,"Stock on hand 0 is below the current reorder point 3.577. At the CRITICAL service level of 98% and a 42-day lead time, the reorder point should be 5.1.",PROPOSED,2026-05-23
REC-000198,000000000030000029,2000,Vertical Sump Pump Column 150MM SIEMENS,IMPACT,ON_DEMAND,1,18,0.000,2.200,0.000,1.500,0.000,5.600,OAR_TO_MIN_MAX,This OAR material is classified IMPACT on the critical parts list. Recommend Min-Max management with a reorder point of 2.2 and a maximum of 5.6.,PROPOSED,2026-08-09
REC-000199,000000000010000125,1000,Screen Exciter Bearing 8/6 KSB,INSURANCE,INTERMITTENT,7,163,11.545,8.400,4.172,3.000,14.534,11.400,ROP_MAX_SAFETY_STOCK,"Stock on hand 9 is below the current reorder point 11.545. At the INSURANCE service level of 90% and a 163-day lead time, the reorder point should be 8.4.",PROPOSED,2026-08-14
REC-000200,000000000030000030,1000,Crusher Main Shaft Bearing DN150 FLSM,IMPACT,ON_DEMAND,0,36,0.000,3.200,0.000,1.900,0.000,6.600,OAR_TO_MIN_MAX,This OAR material is classified IMPACT on the critical parts list. Recommend Min-Max management with a reorder point of 3.2 and a maximum of 6.6.,APPROVED,2026-06-25
REC-000201,000000000010000126,4000,Ball Mill Gearbox Assembly DN100 SEW,CRITICAL,REGULAR,12,41,28.238,18.500,8.830,5.800,56.073,46.900,ROP_MAX_SAFETY_STOCK,Regular consumption of 9.5 per month over 24 months with a 41-day lead time gives a reorder point of 18.5 against the current 28.238.,REJECTED,2026-08-25
REC-000202,000000000010000127,4000,Centrifugal Pump Casing 55KW SIEMENS,NORMAL,REGULAR,12,16,11.544,11.500,2.642,2.600,62.263,62.100,ROP_MAX_SAFETY_STOCK,Regular consumption of 16.9 per month over 24 months with a 16-day lead time gives a reorder point of 11.5 against the current 11.544.,HELD,2026-08-21
REC-000203,000000000010000128,3000,Variable Speed Drive Unit 150MM FLSM,INSURANCE,REGULAR,12,122,167.968,100.300,23.459,14.000,238.574,164.900,ROP_MAX_SAFETY_STOCK,Regular consumption of 21.5 per month over 24 months with a 122-day lead time gives a reorder point of 100.3 against the current 167.968.,REJECTED,2026-07-02
REC-000204,000000000010000129,3000,Conveyor Take-Up Pulley 200MM SKF,NORMAL,INTERMITTENT,3,8,0.976,1.200,0.749,0.900,6.793,4.500,ROP_MAX_SAFETY_STOCK,Stock on hand 7 exceeds the current maximum 6.793. Consumption of 1.1 per month supports a maximum of 4.5.,APPROVED,2026-07-22
REC-000205,000000000010000130,4000,Conveyor Drive Gearbox 200MM MULTOTEC,IMPACT,REGULAR,12,18,33.550,34.000,12.548,12.700,164.936,142.100,ROP_MAX_SAFETY_STOCK,"Stock on hand 0 is below the current reorder point 33.55. At the IMPACT service level of 95% and a 18-day lead time, the reorder point should be 34.",PROPOSED,2026-07-14
REC-000206,000000000010000131,4000,Hydraulic Pump Assembly 6/4 MULTOTEC,CRITICAL,INTERMITTENT,4,141,9.159,8.700,4.712,4.500,20.219,11.400,ROP_MAX_SAFETY_STOCK,Intermittent consumption of 0.9 per month over 24 months with a 141-day lead time gives a reorder point of 8.7 against the current 9.159.,HELD,2026-05-12
REC-000207,000000000080000038,4000,Gland Packing Seal Ring DN150 SANDVIK,CRITICAL,INTERMITTENT,6,121,16.109,14.300,9.555,8.500,16.109,18.700,ROP_MAX_SAFETY_STOCK,"Stock on hand 4 is below the current reorder point 16.109. At the CRITICAL service level of 98% and a 121-day lead time, the reorder point should be 14.3.",REJECTED,2026-08-22
REC-000208,000000000010000132,3000,Ventilation Fan Motor TYPE A KSB,CRITICAL,INTERMITTENT,0,116,25.067,15.800,13.496,8.500,33.686,21.600,ROP_MAX_SAFETY_STOCK,"Stock on hand 0 is below the current reorder point 25.067. At the CRITICAL service level of 98% and a 116-day lead time, the reorder point should be 15.8.",PROPOSED,2026-08-14
REC-000209,000000000010000134,1000,Pressure Transmitter Assembly 55KW SEW,NORMAL,INTERMITTENT,5,54,2.985,3.400,1.428,1.600,9.255,6.400,ROP_MAX_SAFETY_STOCK,Intermittent consumption of 1.0 per month over 24 months with a 54-day lead time gives a reorder point of 3.4 against the current 2.985.,APPROVED,2026-07-03
REC-000210,000000000010000135,2000,PLC Digital Output Card 10/8 FLSM,NORMAL,SLOW,1,11,0.508,0.300,0.405,0.200,1.290,0.800,ROP_MAX_SAFETY_STOCK,Slow consumption of 0.2 per month over 24 months with a 11-day lead time gives a reorder point of 0.3 against the current 0.508.,APPROVED,2026-08-31
REC-000211,000000000010000136,3000,Hydraulic Power Pack TYPE B SIEMENS,NORMAL,SLOW,2,55,0.753,0.700,0.509,0.500,1.080,1.100,ROP_MAX_SAFETY_STOCK,Slow consumption of 0.1 per month over 24 months with a 55-day lead time gives a reorder point of 0.7 against the current 0.753.,PROPOSED,2026-07-22
REC-000212,000000000010000137,2000,PLC Digital Output Card DN150 METSO,CRITICAL,INTERMITTENT,6,47,6.899,7.500,4.762,5.200,15.836,12.000,ROP_MAX_SAFETY_STOCK,Intermittent consumption of 1.5 per month over 24 months with a 47-day lead time gives a reorder point of 7.5 against the current 6.899.,REJECTED,2026-06-14
REC-000213,000000000010000138,4000,MCC Feeder Circuit Breaker TYPE A METSO,INSURANCE,INTERMITTENT,6,41,7.415,4.600,4.516,2.800,7.458,8.600,ROP_MAX_SAFETY_STOCK,"Stock on hand 3 is below the current reorder point 7.415. At the INSURANCE service level of 90% and a 41-day lead time, the reorder point should be 4.6.",APPROVED,2026-07-05
REC-000214,000000000030000031,2000,Cyclone Apex Liner 200MM ABB,IMPACT,ON_DEMAND,2,21,0.000,5.000,0.000,3.600,0.000,10.900,OAR_TO_MIN_MAX,This OAR material is classified IMPACT on the critical parts list. Recommend Min-Max management with a reorder point of 5 and a maximum of 10.9.,APPROVED,2026-08-16
REC-000215,000000000010000140,2000,Conveyor Idler Roller Set 150MM MULTOTEC,NORMAL,INTERMITTENT,3,54,2.371,5.900,1.274,3.200,12.897,10.500,ROP_MAX_SAFETY_STOCK,Intermittent consumption of 1.5 per month over 24 months with a 54-day lead time gives a reorder point of 5.9 against the current 2.371.,APPROVED,2026-08-19
REC-000216,000000000010000140,3000,Conveyor Idler Roller Set 150MM MULTOTEC,NORMAL,INTERMITTENT,4,54,11.070,7.300,5.705,3.800,23.679,13.300,ROP_MAX_SAFETY_STOCK,Stock on hand 24 exceeds the current maximum 23.679. Consumption of 2.0 per month supports a maximum of 13.3.,PROPOSED,2026-07-27
REC-000217,000000000010000141,3000,Skirt Rubber Liner Section HD ABB,NORMAL,REGULAR,12,47,75.581,46.600,14.612,9.000,124.091,119.600,ROP_MAX_SAFETY_STOCK,"Stock on hand 32 is below the current reorder point 75.581. At the NORMAL service level of 85% and a 47-day lead time, the reorder point should be 46.6.",PROPOSED,2026-08-28
REC-000218,000000000080000039,4000,Centrifugal Pump Casing HD SKF,IMPACT,INTERMITTENT,5,10,1.849,1.600,1.461,1.300,7.366,4.700,ROP_MAX_SAFETY_STOCK,"Stock on hand 1 is below the current reorder point 1.849. At the IMPACT service level of 95% and a 10-day lead time, the reorder point should be 1.6.",PROPOSED,2026-05-21
REC-000219,000000000010000143,3000,Flow Meter Sensor Head 250MM METSO,CRITICAL,INTERMITTENT,0,142,6.311,4.200,4.232,2.800,6.311,5.100,ROP_MAX_SAFETY_STOCK,"Stock on hand 0 is below the current reorder point 6.311. At the CRITICAL service level of 98% and a 142-day lead time, the reorder point should be 4.2.",HELD,2026-07-07
REC-000220,000000000010000144,1000,Flow Meter Sensor Head 110KW SANDVIK,CRITICAL,INTERMITTENT,0,141,29.829,23.100,16.396,12.700,46.203,29.900,ROP_MAX_SAFETY_STOCK,"Stock on hand 0 is below the current reorder point 29.829. At the CRITICAL service level of 98% and a 141-day lead time, the reorder point should be 23.1.",HELD,2026-05-11
REC-000221,000000000030000032,1000,Centrifugal Pump Casing HD METSO,IMPACT,ON_DEMAND,2,29,0.000,5.400,0.000,3.700,0.000,10.700,OAR_TO_MIN_MAX,This OAR material is classified IMPACT on the critical parts list. Recommend Min-Max management with a reorder point of 5.4 and a maximum of 10.7.,APPROVED,2026-08-11
REC-000222,000000000030000033,2000,Variable Speed Drive Unit 8/6 ABB,IMPACT,ON_DEMAND,0,22,0.000,4.300,0.000,3.200,0.000,8.700,OAR_TO_MIN_MAX,This OAR material is classified IMPACT on the critical parts list. Recommend Min-Max management with a reorder point of 4.3 and a maximum of 8.7.,PROPOSED,2026-06-17
REC-000223,000000000010000146,3000,Centrifugal Pump Casing DN100 KSB,IMPACT,SLOW,2,41,4.058,2.600,2.812,1.800,4.058,4.300,ROP_MAX_SAFETY_STOCK,Stock on hand 6 exceeds the current maximum 4.058. Consumption of 0.6 per month supports a maximum of 4.3.,PROPOSED,2026-08-25
REC-000224,000000000010000146,1000,Centrifugal Pump Casing DN100 KSB,IMPACT,SLOW,4,41,1.502,1.300,1.009,0.900,3.052,2.300,ROP_MAX_SAFETY_STOCK,"Stock on hand 1 is below the current reorder point 1.502. At the IMPACT service level of 95% and a 41-day lead time, the reorder point should be 1.3.",APPROVED,2026-09-02
REC-000225,000000000080000040,1000,Pump Impeller HD KSB,CRITICAL,INTERMITTENT,4,109,11.120,9.700,6.679,5.800,14.697,12.900,ROP_MAX_SAFETY_STOCK,"Stock on hand 7 is below the current reorder point 11.12. At the CRITICAL service level of 98% and a 109-day lead time, the reorder point should be 9.7.",PROPOSED,2026-05-26
REC-000226,000000000010000147,3000,Hydraulic Power Pack 8/6 SIEMENS,NORMAL,INTERMITTENT,4,38,3.837,5.500,2.082,3.000,17.059,11.600,ROP_MAX_SAFETY_STOCK,Intermittent consumption of 2.0 per month over 24 months with a 38-day lead time gives a reorder point of 5.5 against the current 3.837.,APPROVED,2026-07-01
REC-000227,000000000090000007,3000,Crusher Hydroset Cylinder 6/4 SIEMENS,OBSOLETE,NO_DEMAND,0,9,0.000,,0.000,,1.000,,NO_SAFETY_STOCK,Obsolete material: no safety stock recommended. Candidate for stock reduction review.,PROPOSED,2026-06-11
REC-000228,000000000080000041,2000,Valve Assembly HD SKF,NORMAL,INTERMITTENT,6,23,2.379,1.400,1.324,0.800,5.754,3.800,ROP_MAX_SAFETY_STOCK,Intermittent consumption of 0.8 per month over 24 months with a 23-day lead time gives a reorder point of 1.4 against the current 2.379.,PROPOSED,2026-07-18
REC-000229,000000000080000042,4000,Mill Lube Pump Motor 6/4 KSB,IMPACT,INTERMITTENT,7,48,1.968,2.700,1.180,1.600,8.222,4.700,ROP_MAX_SAFETY_STOCK,Intermittent consumption of 0.7 per month over 24 months with a 48-day lead time gives a reorder point of 2.7 against the current 1.968.,APPROVED,2026-08-19
REC-000230,000000000010000148,2000,Mill Lube Pump Motor 8/6 SEW,NORMAL,INTERMITTENT,3,30,4.168,4.300,2.523,2.600,8.634,9.400,ROP_MAX_SAFETY_STOCK,Intermittent consumption of 1.7 per month over 24 months with a 30-day lead time gives a reorder point of 4.3 against the current 4.168.,PROPOSED,2026-07-08
REC-000231,000000000010000149,2000,Conveyor Idler Roller Set TYPE A SKF,CRITICAL,INTERMITTENT,8,102,9.984,6.000,6.010,3.600,9.984,8.100,ROP_MAX_SAFETY_STOCK,"Stock on hand 5 is below the current reorder point 9.984. At the CRITICAL service level of 98% and a 102-day lead time, the reorder point should be 6.",REJECTED,2026-05-14
REC-000232,000000000090000008,2000,Centrifugal Pump Casing 200MM WEIR,OBSOLETE,NO_DEMAND,0,15,0.000,,0.000,,1.000,,NO_SAFETY_STOCK,Obsolete material: no safety stock recommended. Candidate for stock reduction review.,PROPOSED,2026-06-11
REC-000233,000000000080000043,4000,Agitator Shaft Seal 200MM FLSM,IMPACT,INTERMITTENT,5,46,3.908,2.500,2.502,1.600,6.563,4.200,ROP_MAX_SAFETY_STOCK,Intermittent consumption of 0.6 per month over 24 months with a 46-day lead time gives a reorder point of 2.5 against the current 3.908.,APPROVED,2026-06-12
REC-000234,000000000010000150,2000,Conveyor Drive Motor 10/8 METSO,IMPACT,SLOW,4,39,1.684,1.300,1.176,0.900,1.968,2.200,ROP_MAX_SAFETY_STOCK,Stock on hand 2 exceeds the current maximum 1.968. Consumption of 0.3 per month supports a maximum of 2.2.,REJECTED,2026-06-28
REC-000235,000000000010000150,4000,Conveyor Drive Motor 10/8 METSO,IMPACT,SLOW,2,39,2.392,1.800,1.839,1.400,2.674,2.800,ROP_MAX_SAFETY_STOCK,Stock on hand 4 exceeds the current maximum 2.674. Consumption of 0.3 per month supports a maximum of 2.8.,APPROVED,2026-05-25
REC-000236,000000000010000151,1000,Slurry Pump Wet End Assembly 150MM METSO,CRITICAL,INTERMITTENT,3,74,7.012,8.300,4.876,5.800,20.462,11.400,ROP_MAX_SAFETY_STOCK,Intermittent consumption of 1.0 per month over 24 months with a 74-day lead time gives a reorder point of 8.3 against the current 7.012.,PROPOSED,2026-08-15
REC-000237,000000000010000151,2000,Slurry Pump Wet End Assembly 150MM METSO,CRITICAL,INTERMITTENT,4,74,4.920,3.900,3.381,2.700,7.395,5.400,ROP_MAX_SAFETY_STOCK,"Stock on hand 4 is below the current reorder point 4.92. At the CRITICAL service level of 98% and a 74-day lead time, the reorder point should be 3.9.",APPROVED,2026-08-24
REC-000238,000000000030000034,2000,Level Radar Transmitter HD SKF,CRITICAL,ON_DEMAND,3,102,0.000,12.800,0.000,7.900,0.000,17.200,OAR_TO_MIN_MAX,This OAR material is classified CRITICAL on the critical parts list. Recommend Min-Max management with a reorder point of 12.8 and a maximum of 17.2.,REJECTED,2026-05-17
REC-000239,000000000010000153,4000,Ball Mill Trunnion Bearing DN150 SKF,NORMAL,SLOW,1,25,0.668,0.600,0.464,0.400,1.571,1.200,ROP_MAX_SAFETY_STOCK,Stock on hand 2 exceeds the current maximum 1.571. Consumption of 0.2 per month supports a maximum of 1.2.,APPROVED,2026-05-25
REC-000240,000000000010000154,1000,Thickener Rake Seal Kit TYPE A SKF,NORMAL,REGULAR,10,55,24.036,56.300,3.559,8.300,209.602,135.900,ROP_MAX_SAFETY_STOCK,Regular consumption of 26.5 per month over 24 months with a 55-day lead time gives a reorder point of 56.3 against the current 24.036.,PROPOSED,2026-05-27
REC-000241,000000000010000155,2000,Screen Exciter Bearing DN100 MULTOTEC,CRITICAL,INTERMITTENT,3,30,4.132,3.200,3.188,2.500,7.262,5.500,ROP_MAX_SAFETY_STOCK,Intermittent consumption of 0.8 per month over 24 months with a 30-day lead time gives a reorder point of 3.2 against the current 4.132.,APPROVED,2026-07-23
REC-000242,000000000010000156,3000,Vertical Sump Pump Column DN100 KSB,CRITICAL,INTERMITTENT,4,122,16.441,10.100,9.897,6.100,22.551,13.100,ROP_MAX_SAFETY_STOCK,"Stock on hand 13 is below the current reorder point 16.441. At the CRITICAL service level of 98% and a 122-day lead time, the reorder point should be 10.1.",PROPOSED,2026-08-29
REC-000243,000000000010000157,1000,Flow Meter Sensor Head 200MM FLSM,NORMAL,INTERMITTENT,5,11,1.750,1.600,1.178,1.100,6.665,6.100,ROP_MAX_SAFETY_STOCK,Intermittent consumption of 1.5 per month over 24 months with a 11-day lead time gives a reorder point of 1.6 against the current 1.75.,APPROVED,2026-07-07
REC-000244,000000000080000044,3000,Hydraulic Pump Assembly HD SIEMENS,CRITICAL,INTERMITTENT,7,94,19.381,11.200,11.361,6.600,19.381,15.700,ROP_MAX_SAFETY_STOCK,"Stock on hand 19 is below the current reorder point 19.381. At the CRITICAL service level of 98% and a 94-day lead time, the reorder point should be 11.2.",APPROVED,2026-07-18
REC-000245,000000000080000045,3000,Conveyor Idler Roller Set 8/6 WEIR,NORMAL,INTERMITTENT,6,55,1.039,2.500,0.547,1.300,7.061,4.500,ROP_MAX_SAFETY_STOCK,"Stock on hand 0 is below the current reorder point 1.039. At the NORMAL service level of 85% and a 55-day lead time, the reorder point should be 2.5.",APPROVED,2026-07-15
REC-000246,000000000010000160,4000,Flow Meter Sensor Head DN100 KSB,NORMAL,INTERMITTENT,6,13,1.018,0.600,0.670,0.400,1.897,2.200,ROP_MAX_SAFETY_STOCK,"Stock on hand 0 is below the current reorder point 1.018. At the NORMAL service level of 85% and a 13-day lead time, the reorder point should be 0.6.",APPROVED,2026-07-13
REC-000247,000000000010000161,2000,Apron Feeder Gear Reducer TYPE B SKF,NORMAL,INTERMITTENT,4,49,1.930,1.800,1.195,1.100,2.357,3.000,ROP_MAX_SAFETY_STOCK,"Stock on hand 1 is below the current reorder point 1.93. At the NORMAL service level of 85% and a 49-day lead time, the reorder point should be 1.8.",PROPOSED,2026-07-29
REC-000248,000000000010000161,3000,Apron Feeder Gear Reducer TYPE B SKF,NORMAL,INTERMITTENT,2,49,4.911,4.000,3.092,2.500,6.403,6.800,ROP_MAX_SAFETY_STOCK,Stock on hand 7 exceeds the current maximum 6.403. Consumption of 0.9 per month supports a maximum of 6.8.,PROPOSED,2026-07-29
REC-000249,000000000090000009,3000,Thickener Rake Drive Gearbox DN150,OBSOLETE,NO_DEMAND,0,23,0.000,,0.000,,1.000,,NO_SAFETY_STOCK,Obsolete material: no safety stock recommended. Candidate for stock reduction review.,PROPOSED,2026-06-23
REC-000250,000000000080000046,3000,Crusher Hydroset Cylinder 150MM MULTOTEC,CRITICAL,INTERMITTENT,2,31,2.255,3.600,1.737,2.800,10.387,6.100,ROP_MAX_SAFETY_STOCK,Intermittent consumption of 0.8 per month over 24 months with a 31-day lead time gives a reorder point of 3.6 against the current 2.255.,PROPOSED,2026-08-16
REC-000251,000000000080000046,4000,Crusher Hydroset Cylinder 150MM MULTOTEC,CRITICAL,INTERMITTENT,4,31,3.500,3.500,2.512,2.500,6.858,6.400,ROP_MAX_SAFETY_STOCK,"Stock on hand 3 is below the current reorder point 3.5. At the CRITICAL service level of 98% and a 31-day lead time, the reorder point should be 3.5.",REJECTED,2026-06-04
REC-000252,000000000010000162,3000,Level Radar Transmitter HD WEIR,CRITICAL,INTERMITTENT,6,76,10.127,9.000,6.054,5.400,10.127,13.400,ROP_MAX_SAFETY_STOCK,Stock on hand 14 exceeds the current maximum 10.127. Consumption of 1.5 per month supports a maximum of 13.4.,APPROVED,2026-08-11
REC-000253,000000000010000163,1000,Pump Impeller HD MULTOTEC,IMPACT,INTERMITTENT,8,43,13.277,9.200,8.837,6.100,18.705,15.700,ROP_MAX_SAFETY_STOCK,"Stock on hand 12 is below the current reorder point 13.277. At the IMPACT service level of 95% and a 43-day lead time, the reorder point should be 9.2.",APPROVED,2026-07-13
REC-000254,000000000010000163,4000,Pump Impeller HD MULTOTEC,IMPACT,INTERMITTENT,6,43,4.700,5.100,2.805,3.000,11.317,9.500,ROP_MAX_SAFETY_STOCK,"Stock on hand 4 is below the current reorder point 4.7. At the IMPACT service level of 95% and a 43-day lead time, the reorder point should be 5.1.",PROPOSED,2026-07-13
REC-000255,000000000010000165,2000,Valve Assembly 8/6 SKF,NORMAL,REGULAR,9,9,13.653,10.600,5.442,4.200,79.976,75.500,ROP_MAX_SAFETY_STOCK,Regular consumption of 21.6 per month over 24 months with a 9-day lead time gives a reorder point of 10.6 against the current 13.653.,PROPOSED,2026-08-03
REC-000256,000000000030000036,4000,Conveyor Drive Gearbox HD WEIR,CRITICAL,ON_DEMAND,2,91,0.000,4.500,0.000,2.800,0.000,6.200,OAR_TO_MIN_MAX,This OAR material is classified CRITICAL on the critical parts list. Recommend Min-Max management with a reorder point of 4.5 and a maximum of 6.2.,PROPOSED,2026-05-15
REC-000257,000000000080000047,4000,Mill Lube Pump Motor 110KW FLSM,IMPACT,INTERMITTENT,6,17,5.002,3.100,3.852,2.400,6.124,7.000,ROP_MAX_SAFETY_STOCK,"Stock on hand 4 is below the current reorder point 5.002. At the IMPACT service level of 95% and a 17-day lead time, the reorder point should be 3.1.",HELD,2026-07-03
REC-000258,000000000080000047,2000,Mill Lube Pump Motor 110KW FLSM,IMPACT,INTERMITTENT,3,17,1.427,1.200,1.086,0.900,4.618,2.700,ROP_MAX_SAFETY_STOCK,"Stock on hand 1 is below the current reorder point 1.427. At the IMPACT service level of 95% and a 17-day lead time, the reorder point should be 1.2.",APPROVED,2026-05-17
REC-000259,000000000010000166,3000,Slurry Pump Mechanical Seal 150MM SEW,CRITICAL,INTERMITTENT,5,53,10.618,8.600,6.881,5.600,23.908,13.800,ROP_MAX_SAFETY_STOCK,Intermittent consumption of 1.8 per month over 24 months with a 53-day lead time gives a reorder point of 8.6 against the current 10.618.,HELD,2026-07-22
REC-000260,000000000010000167,2000,Conveyor Idler Roller Set DN150 ABB,CRITICAL,INTERMITTENT,0,32,4.986,4.300,4.031,3.500,8.786,6.700,ROP_MAX_SAFETY_STOCK,"Stock on hand 0 is below the current reorder point 4.986. At the CRITICAL service level of 98% and a 32-day lead time, the reorder point should be 4.3.",PROPOSED,2026-06-03
REC-000261,000000000010000168,3000,Ball Mill Gearbox Assembly 250KW SIEMENS,NORMAL,INTERMITTENT,4,28,3.746,2.200,2.201,1.300,8.289,5.200,ROP_MAX_SAFETY_STOCK,Intermittent consumption of 1.0 per month over 24 months with a 28-day lead time gives a reorder point of 2.2 against the current 3.746.,APPROVED,2026-05-25
REC-000262,000000000010000168,4000,Ball Mill Gearbox Assembly 250KW SIEMENS,NORMAL,INTERMITTENT,1,28,0.482,1.100,0.361,0.800,1.764,2.000,ROP_MAX_SAFETY_STOCK,"Stock on hand 0 is below the current reorder point 0.482. At the NORMAL service level of 85% and a 28-day lead time, the reorder point should be 1.1.",PROPOSED,2026-05-18
REC-000263,000000000010000169,3000,Flotation Blower Motor HD SANDVIK,INSURANCE,INTERMITTENT,5,146,9.440,5.800,3.918,2.400,10.586,7.900,ROP_MAX_SAFETY_STOCK,Stock on hand 12 exceeds the current maximum 10.586. Consumption of 0.7 per month supports a maximum of 7.9.,PROPOSED,2026-06-26
REC-000264,000000000010000170,1000,Flow Meter Sensor Head DN100 SANDVIK,IMPACT,SLOW,5,29,2.814,2.100,2.050,1.500,4.384,3.900,ROP_MAX_SAFETY_STOCK,"Stock on hand 2 is below the current reorder point 2.814. At the IMPACT service level of 95% and a 29-day lead time, the reorder point should be 2.1.",APPROVED,2026-07-27
REC-000265,000000000080000048,3000,PLC Digital Output Card 8/6 SANDVIK,IMPACT,INTERMITTENT,6,35,2.681,5.000,1.649,3.100,16.448,10.000,ROP_MAX_SAFETY_STOCK,Intermittent consumption of 1.7 per month over 24 months with a 35-day lead time gives a reorder point of 5 against the current 2.681.,PROPOSED,2026-07-17
REC-000266,000000000010000171,1000,Flotation Blower Motor TYPE B SKF,INSURANCE,INTERMITTENT,8,139,9.241,6.400,3.784,2.600,9.241,8.900,ROP_MAX_SAFETY_STOCK,"Stock on hand 6 is below the current reorder point 9.241. At the INSURANCE service level of 90% and a 139-day lead time, the reorder point should be 6.4.",HELD,2026-07-01
REC-000267,000000000010000172,2000,Slurry Pump Mechanical Seal DN150 WEIR,INSURANCE,INTERMITTENT,6,82,4.417,3.100,2.337,1.600,4.417,4.700,ROP_MAX_SAFETY_STOCK,"Stock on hand 4 is below the current reorder point 4.417. At the INSURANCE service level of 90% and a 82-day lead time, the reorder point should be 3.1.",PROPOSED,2026-06-12
REC-000268,000000000010000172,3000,Slurry Pump Mechanical Seal DN150 WEIR,INSURANCE,INTERMITTENT,4,82,6.425,3.900,3.478,2.100,6.425,5.900,ROP_MAX_SAFETY_STOCK,Stock on hand 10 exceeds the current maximum 6.425. Consumption of 0.7 per month supports a maximum of 5.9.,PROPOSED,2026-08-28
REC-000269,000000000010000173,4000,Flow Meter Sensor Head DN150 ABB,IMPACT,SLOW,2,45,2.323,2.000,1.755,1.500,2.972,3.000,ROP_MAX_SAFETY_STOCK,Stock on hand 3 exceeds the current maximum 2.972. Consumption of 0.3 per month supports a maximum of 3.,PROPOSED,2026-07-05
REC-000270,000000000080000049,3000,Conveyor Drive Gearbox TYPE B SKF,CRITICAL,INTERMITTENT,5,96,13.679,17.100,8.092,10.100,30.178,23.700,ROP_MAX_SAFETY_STOCK,"Stock on hand 1 is below the current reorder point 13.679. At the CRITICAL service level of 98% and a 96-day lead time, the reorder point should be 17.1.",APPROVED,2026-06-20
REC-000271,000000000010000174,3000,Conveyor Idler Roller Set 55KW SIEMENS,CRITICAL,INTERMITTENT,4,33,3.542,2.300,2.716,1.800,6.584,3.800,ROP_MAX_SAFETY_STOCK,Intermittent consumption of 0.5 per month over 24 months with a 33-day lead time gives a reorder point of 2.3 against the current 3.542.,APPROVED,2026-08-12
REC-000272,000000000010000175,1000,Mill Lube Pump Motor 55KW KSB,CRITICAL,INTERMITTENT,7,142,9.451,14.300,4.820,7.300,17.107,18.800,ROP_MAX_SAFETY_STOCK,Intermittent consumption of 1.5 per month over 24 months with a 142-day lead time gives a reorder point of 14.3 against the current 9.451.,HELD,2026-08-14
REC-000273,000000000010000177,1000,Gland Packing Seal Ring TYPE A SKF,CRITICAL,INTERMITTENT,4,223,19.297,11.700,9.232,5.600,19.297,14.200,ROP_MAX_SAFETY_STOCK,Stock on hand 21 exceeds the current maximum 19.297. Consumption of 0.8 per month supports a maximum of 14.2.,PROPOSED,2026-07-24
REC-000274,000000000010000178,1000,Flotation Cell Impeller TYPE A WEIR,IMPACT,REGULAR,12,47,55.328,55.300,14.403,14.400,175.708,134.700,ROP_MAX_SAFETY_STOCK,"Stock on hand 14 is below the current reorder point 55.328. At the IMPACT service level of 95% and a 47-day lead time, the reorder point should be 55.3.",HELD,2026-06-27
REC-000275,000000000010000179,2000,Cyclone Apex Liner DN150 WEIR,CRITICAL,INTERMITTENT,5,150,5.787,9.100,2.933,4.600,18.243,11.800,ROP_MAX_SAFETY_STOCK,Intermittent consumption of 0.9 per month over 24 months with a 150-day lead time gives a reorder point of 9.1 against the current 5.787.,REJECTED,2026-05-25
REC-000276,000000000080000050,3000,Ventilation Fan Motor 200MM SANDVIK,IMPACT,INTERMITTENT,4,16,4.032,3.100,3.114,2.400,11.950,7.100,ROP_MAX_SAFETY_STOCK,Intermittent consumption of 1.3 per month over 24 months with a 16-day lead time gives a reorder point of 3.1 against the current 4.032.,APPROVED,2026-06-12
REC-000277,000000000080000051,2000,PLC Digital Output Card 250KW METSO,IMPACT,INTERMITTENT,6,51,5.006,5.300,3.088,3.300,14.915,8.900,ROP_MAX_SAFETY_STOCK,"Stock on hand 5 is below the current reorder point 5.006. At the IMPACT service level of 95% and a 51-day lead time, the reorder point should be 5.3.",REJECTED,2026-08-23
REC-000278,000000000010000180,3000,Thickener Rake Drive Gearbox HD WEIR,NORMAL,REGULAR,9,11,5.039,4.300,1.138,1.000,25.464,31.800,ROP_MAX_SAFETY_STOCK,Regular consumption of 9.2 per month over 24 months with a 11-day lead time gives a reorder point of 4.3 against the current 5.039.,REJECTED,2026-06-11
REC-000279,000000000090000010,2000,Slurry Density Transmitter TYPE B SEW,OBSOLETE,NO_DEMAND,0,8,0.000,,0.000,,1.000,,NO_SAFETY_STOCK,Obsolete material: no safety stock recommended. Candidate for stock reduction review.,APPROVED,2026-08-22
REC-000280,000000000090000010,1000,Slurry Density Transmitter TYPE B SEW,OBSOLETE,NO_DEMAND,0,8,0.000,,0.000,,1.000,,NO_SAFETY_STOCK,Obsolete material: no safety stock recommended. Candidate for stock reduction review.,APPROVED,2026-08-20
REC-000281,000000000010000181,3000,Conveyor Drive Gearbox 250KW METSO,NORMAL,SLOW,3,45,0.981,1.000,0.590,0.600,1.373,1.800,ROP_MAX_SAFETY_STOCK,"Stock on hand 0 is below the current reorder point 0.981. At the NORMAL service level of 85% and a 45-day lead time, the reorder point should be 1.",PROPOSED,2026-09-01
REC-000282,000000000080000052,4000,Slurry Pump Mechanical Seal HD FLSM,CRITICAL,INTERMITTENT,2,142,10.025,5.800,6.694,3.900,10.025,7.000,ROP_MAX_SAFETY_STOCK,Stock on hand 18 exceeds the current maximum 10.025. Consumption of 0.4 per month supports a maximum of 7.,APPROVED,2026-06-06
REC-000283,000000000030000039,1000,Flotation Cell Impeller TYPE A MULTOTEC,IMPACT,ON_DEMAND,1,39,0.000,4.200,0.000,3.000,0.000,7.000,OAR_TO_MIN_MAX,This OAR material is classified IMPACT on the critical parts list. Recommend Min-Max management with a reorder point of 4.2 and a maximum of 7.,APPROVED,2026-06-07
REC-000284,000000000010000185,3000,Mill Liner 55KW SIEMENS,IMPACT,REGULAR,11,30,72.258,46.400,18.874,12.100,138.942,150.700,ROP_MAX_SAFETY_STOCK,Regular consumption of 34.8 per month over 24 months with a 30-day lead time gives a reorder point of 46.4 against the current 72.258.,REJECTED,2026-08-31
REC-000285,000000000010000185,2000,Mill Liner 55KW SIEMENS,IMPACT,REGULAR,11,30,18.303,31.300,4.626,7.900,125.739,102.500,ROP_MAX_SAFETY_STOCK,"Stock on hand 1 is below the current reorder point 18.303. At the IMPACT service level of 95% and a 30-day lead time, the reorder point should be 31.3.",APPROVED,2026-06-21
REC-000286,000000000010000187,4000,Skirt Rubber Liner Section 250KW SANDVIK,CRITICAL,INTERMITTENT,0,60,6.034,5.700,3.709,3.500,13.861,9.100,ROP_MAX_SAFETY_STOCK,"Stock on hand 0 is below the current reorder point 6.034. At the CRITICAL service level of 98% and a 60-day lead time, the reorder point should be 5.7.",APPROVED,2026-06-15
REC-000287,000000000010000188,2000,Flotation Blower Motor 110KW KSB,CRITICAL,INTERMITTENT,0,108,6.156,5.100,3.856,3.200,7.340,6.700,ROP_MAX_SAFETY_STOCK,"Stock on hand 0 is below the current reorder point 6.156. At the CRITICAL service level of 98% and a 108-day lead time, the reorder point should be 5.1.",APPROVED,2026-07-21
REC-000288,000000000010000188,4000,Flotation Blower Motor 110KW KSB,CRITICAL,INTERMITTENT,0,108,3.363,4.100,2.266,2.800,6.382,5.200,ROP_MAX_SAFETY_STOCK,"Stock on hand 0 is below the current reorder point 3.363. At the CRITICAL service level of 98% and a 108-day lead time, the reorder point should be 4.1.",HELD,2026-06-14
REC-000289,000000000080000053,1000,Flow Meter Sensor Head 10/8 METSO,IMPACT,INTERMITTENT,3,50,4.999,3.000,3.327,2.000,7.876,4.900,ROP_MAX_SAFETY_STOCK,Intermittent consumption of 0.6 per month over 24 months with a 50-day lead time gives a reorder point of 3 against the current 4.999.,APPROVED,2026-08-19
REC-000290,000000000010000189,4000,Flotation Cell Impeller 250KW SANDVIK,NORMAL,INTERMITTENT,4,28,0.615,1.400,0.381,0.900,5.656,3.100,ROP_MAX_SAFETY_STOCK,Intermittent consumption of 0.6 per month over 24 months with a 28-day lead time gives a reorder point of 1.4 against the current 0.615.,APPROVED,2026-06-01
REC-000291,000000000010000190,2000,Conveyor Take-Up Pulley 150MM FLSM,INSURANCE,INTERMITTENT,5,109,3.647,4.800,1.740,2.300,8.217,6.900,ROP_MAX_SAFETY_STOCK,"Stock on hand 2 is below the current reorder point 3.647. At the INSURANCE service level of 90% and a 109-day lead time, the reorder point should be 4.8.",APPROVED,2026-06-18
REC-000292,000000000010000191,1000,Spherical Roller Bearing TYPE B SIEMENS,INSURANCE,REGULAR,12,59,82.960,59.900,12.005,8.700,101.177,139.200,ROP_MAX_SAFETY_STOCK,Regular consumption of 26.4 per month over 24 months with a 59-day lead time gives a reorder point of 59.9 against the current 82.96.,PROPOSED,2026-06-17
REC-000293,000000000010000192,2000,Valve Assembly 10/8 WEIR,NORMAL,SLOW,1,14,0.339,0.600,0.273,0.500,1.310,1.400,ROP_MAX_SAFETY_STOCK,Slow consumption of 0.2 per month over 24 months with a 14-day lead time gives a reorder point of 0.6 against the current 0.339.,APPROVED,2026-07-16
REC-000294,000000000080000054,3000,Pressure Transmitter Assembly 110KW WEIR,IMPACT,INTERMITTENT,4,22,2.681,3.300,2.099,2.600,8.391,6.300,ROP_MAX_SAFETY_STOCK,"Stock on hand 2 is below the current reorder point 2.681. At the IMPACT service level of 95% and a 22-day lead time, the reorder point should be 3.3.",PROPOSED,2026-06-12
REC-000295,000000000010000193,1000,Crusher Hydroset Cylinder 150MM SKF,CRITICAL,INTERMITTENT,6,36,6.928,6.100,5.115,4.500,8.793,10.100,ROP_MAX_SAFETY_STOCK,Intermittent consumption of 1.3 per month over 24 months with a 36-day lead time gives a reorder point of 6.1 against the current 6.928.,HELD,2026-06-05
REC-000296,000000000010000193,4000,Crusher Hydroset Cylinder 150MM SKF,CRITICAL,INTERMITTENT,3,36,8.211,5.200,6.178,3.900,12.055,8.400,ROP_MAX_SAFETY_STOCK,"Stock on hand 7 is below the current reorder point 8.211. At the CRITICAL service level of 98% and a 36-day lead time, the reorder point should be 5.2.",HELD,2026-08-09
REC-000297,000000000010000194,4000,Gland Packing Seal Ring 200MM ABB,CRITICAL,INTERMITTENT,7,35,6.601,4.400,4.673,3.100,7.746,7.800,ROP_MAX_SAFETY_STOCK,"Stock on hand 6 is below the current reorder point 6.601. At the CRITICAL service level of 98% and a 35-day lead time, the reorder point should be 4.4.",APPROVED,2026-06-03
REC-000298,000000000010000195,1000,Ventilation Fan Motor 10/8 FLSM,INSURANCE,REGULAR,11,86,122.283,135.200,22.514,24.900,442.019,252.300,ROP_MAX_SAFETY_STOCK,Regular consumption of 39.0 per month over 24 months with a 86-day lead time gives a reorder point of 135.2 against the current 122.283.,HELD,2026-08-29
REC-000299,000000000010000195,4000,Ventilation Fan Motor 10/8 FLSM,INSURANCE,REGULAR,11,86,49.007,62.800,7.496,9.600,141.651,119.300,ROP_MAX_SAFETY_STOCK,Regular consumption of 18.8 per month over 24 months with a 86-day lead time gives a reorder point of 62.8 against the current 49.007.,APPROVED,2026-06-07
REC-000300,000000000010000196,4000,Hydraulic Power Pack DN150 SANDVIK,INSURANCE,INTERMITTENT,6,198,3.128,4.300,1.182,1.600,7.601,5.500,ROP_MAX_SAFETY_STOCK,"Stock on hand 3 is below the current reorder point 3.128. At the INSURANCE service level of 90% and a 198-day lead time, the reorder point should be 4.3.",PROPOSED,2026-07-19
REC-000301,000000000010000197,3000,Slurry Pump Wet End Assembly DN150,IMPACT,INTERMITTENT,7,30,6.534,4.300,4.383,2.900,14.333,8.700,ROP_MAX_SAFETY_STOCK,Intermittent consumption of 1.5 per month over 24 months with a 30-day lead time gives a reorder point of 4.3 against the current 6.534.,PROPOSED,2026-07-02
REC-000302,000000000010000198,4000,Pressure Transmitter Assembly DN100 WEIR,CRITICAL,INTERMITTENT,3,208,19.839,18.500,8.834,8.200,28.584,23.000,ROP_MAX_SAFETY_STOCK,Intermittent consumption of 1.5 per month over 24 months with a 208-day lead time gives a reorder point of 18.5 against the current 19.839.,REJECTED,2026-07-10
REC-000303,000000000010000198,2000,Pressure Transmitter Assembly DN100 WEIR,CRITICAL,INTERMITTENT,7,208,22.690,12.900,9.637,5.500,22.690,16.100,ROP_MAX_SAFETY_STOCK,"Stock on hand 16 is below the current reorder point 22.69. At the CRITICAL service level of 98% and a 208-day lead time, the reorder point should be 12.9.",REJECTED,2026-07-17
REC-000304,000000000010000199,3000,Ball Mill Shell Liner Plate 55KW ABB,IMPACT,REGULAR,11,30,15.819,25.000,4.877,7.700,68.825,77.600,ROP_MAX_SAFETY_STOCK,Regular consumption of 17.5 per month over 24 months with a 30-day lead time gives a reorder point of 25 against the current 15.819.,APPROVED,2026-08-28
REC-000305,000000000090000011,2000,Flotation Cell Impeller 150MM SIEMENS,OBSOLETE,NO_DEMAND,0,59,0.000,,0.000,,1.000,,NO_SAFETY_STOCK,Obsolete material: no safety stock recommended. Candidate for stock reduction review.,REJECTED,2026-05-29
REC-000306,000000000010000200,1000,Slurry Pump Wet End Assembly 150MM METSO,INSURANCE,INTERMITTENT,4,79,4.982,2.900,2.563,1.500,7.900,4.500,ROP_MAX_SAFETY_STOCK,"Stock on hand 3 is below the current reorder point 4.982. At the INSURANCE service level of 90% and a 79-day lead time, the reorder point should be 2.9.",PROPOSED,2026-06-01
REC-000307,000000000010000201,2000,Hydraulic Power Pack DN150 METSO,NORMAL,SLOW,1,7,0.458,0.500,0.381,0.400,1.907,1.500,ROP_MAX_SAFETY_STOCK,Stock on hand 2 exceeds the current maximum 1.907. Consumption of 0.3 per month supports a maximum of 1.5.,REJECTED,2026-07-31
REC-000308,000000000010000202,3000,Flow Meter Sensor Head 250MM SIEMENS,IMPACT,INTERMITTENT,5,18,4.882,4.500,3.365,3.100,16.505,11.600,ROP_MAX_SAFETY_STOCK,"Stock on hand 4 is below the current reorder point 4.882. At the IMPACT service level of 95% and a 18-day lead time, the reorder point should be 4.5.",PROPOSED,2026-06-18
REC-000309,000000000010000203,1000,Centrifugal Pump Casing 200MM SIEMENS,INSURANCE,INTERMITTENT,7,148,6.701,6.300,2.637,2.500,11.796,8.700,ROP_MAX_SAFETY_STOCK,Intermittent consumption of 0.8 per month over 24 months with a 148-day lead time gives a reorder point of 6.3 against the current 6.701.,APPROVED,2026-08-17
REC-000310,000000000010000204,1000,Conveyor Idler Roller Set 8/6 METSO,INSURANCE,INTERMITTENT,4,131,5.010,5.900,2.433,2.900,7.655,8.000,ROP_MAX_SAFETY_STOCK,Stock on hand 8 exceeds the current maximum 7.655. Consumption of 0.7 per month supports a maximum of 8.,APPROVED,2026-08-24
REC-000311,000000000010000204,4000,Conveyor Idler Roller Set 8/6 METSO,INSURANCE,INTERMITTENT,5,131,11.289,8.100,5.325,3.800,13.261,11.100,ROP_MAX_SAFETY_STOCK,"Stock on hand 4 is below the current reorder point 11.289. At the INSURANCE service level of 90% and a 131-day lead time, the reorder point should be 8.1.",PROPOSED,2026-07-03
REC-000312,000000000010000206,3000,Conveyor Drive Motor HD KSB,NORMAL,REGULAR,10,55,33.314,62.700,4.951,9.300,142.779,151.300,ROP_MAX_SAFETY_STOCK,Regular consumption of 29.5 per month over 24 months with a 55-day lead time gives a reorder point of 62.7 against the current 33.314.,APPROVED,2026-05-12
REC-000313,000000000010000208,3000,Spherical Roller Bearing DN100 KSB,INSURANCE,SLOW,1,64,1.717,2.400,1.095,1.500,3.904,3.600,ROP_MAX_SAFETY_STOCK,Slow consumption of 0.4 per month over 24 months with a 64-day lead time gives a reorder point of 2.4 against the current 1.717.,APPROVED,2026-07-25
REC-000314,000000000080000055,2000,Ball Mill Trunnion Bearing DN100 WEIR,NORMAL,INTERMITTENT,4,39,1.761,4.100,1.111,2.600,10.236,7.600,ROP_MAX_SAFETY_STOCK,"Stock on hand 1 is below the current reorder point 1.761. At the NORMAL service level of 85% and a 39-day lead time, the reorder point should be 4.1.",REJECTED,2026-05-12
REC-000315,000000000080000055,3000,Ball Mill Trunnion Bearing DN100 WEIR,NORMAL,INTERMITTENT,4,39,3.478,2.400,1.895,1.300,8.282,4.900,ROP_MAX_SAFETY_STOCK,Intermittent consumption of 0.8 per month over 24 months with a 39-day lead time gives a reorder point of 2.4 against the current 3.478.,REJECTED,2026-08-07
REC-000316,000000000010000209,1000,Crusher Hydroset Cylinder 55KW MULTOTEC,CRITICAL,INTERMITTENT,0,91,14.347,18.200,9.047,11.500,37.088,24.900,ROP_MAX_SAFETY_STOCK,"Stock on hand 0 is below the current reorder point 14.347. At the CRITICAL service level of 98% and a 91-day lead time, the reorder point should be 18.2.",PROPOSED,2026-07-04
REC-000317,000000000010000212,4000,Ball Mill Trunnion Bearing DN100 SANDVIK,IMPACT,REGULAR,12,11,24.489,13.800,9.897,5.600,119.462,82.200,ROP_MAX_SAFETY_STOCK,Regular consumption of 22.8 per month over 24 months with a 11-day lead time gives a reorder point of 13.8 against the current 24.489.,APPROVED,2026-07-21
REC-000318,000000000010000213,2000,Flow Meter Sensor Head 250MM KSB,NORMAL,REGULAR,11,15,11.645,9.400,3.312,2.700,72.923,50.300,ROP_MAX_SAFETY_STOCK,Regular consumption of 13.6 per month over 24 months with a 15-day lead time gives a reorder point of 9.4 against the current 11.645.,PROPOSED,2026-08-22
REC-000319,000000000010000213,4000,Flow Meter Sensor Head 250MM KSB,NORMAL,REGULAR,12,15,30.284,22.200,8.858,6.500,169.763,117.700,ROP_MAX_SAFETY_STOCK,Regular consumption of 31.8 per month over 24 months with a 15-day lead time gives a reorder point of 22.2 against the current 30.284.,APPROVED,2026-06-02
REC-000320,000000000030000046,4000,Soft Starter Power Module 6/4 SKF,CRITICAL,ON_DEMAND,0,77,0.000,15.600,0.000,9.400,0.000,23.000,OAR_TO_MIN_MAX,This OAR material is classified CRITICAL on the critical parts list. Recommend Min-Max management with a reorder point of 15.6 and a maximum of 23.,REJECTED,2026-08-29
REC-000321,000000000010000214,4000,Centrifugal Pump Casing HD METSO,IMPACT,INTERMITTENT,3,56,4.176,2.500,2.812,1.700,6.833,3.900,ROP_MAX_SAFETY_STOCK,Intermittent consumption of 0.5 per month over 24 months with a 56-day lead time gives a reorder point of 2.5 against the current 4.176.,APPROVED,2026-08-22
REC-000322,000000000010000214,1000,Centrifugal Pump Casing HD METSO,IMPACT,INTERMITTENT,8,56,6.181,4.600,3.767,2.800,6.181,7.500,ROP_MAX_SAFETY_STOCK,"Stock on hand 4 is below the current reorder point 6.181. At the IMPACT service level of 95% and a 56-day lead time, the reorder point should be 4.6.",APPROVED,2026-05-13
REC-000323,000000000010000215,1000,Slurry Pump Wet End Assembly DN100 METSO,NORMAL,SLOW,1,31,0.848,0.600,0.595,0.400,1.008,1.100,ROP_MAX_SAFETY_STOCK,Slow consumption of 0.2 per month over 24 months with a 31-day lead time gives a reorder point of 0.6 against the current 0.848.,APPROVED,2026-06-09
REC-000324,000000000010000215,3000,Slurry Pump Wet End Assembly DN100 METSO,NORMAL,SLOW,3,31,1.180,1.800,0.678,1.000,3.233,4.000,ROP_MAX_SAFETY_STOCK,Slow consumption of 0.8 per month over 24 months with a 31-day lead time gives a reorder point of 1.8 against the current 1.18.,PROPOSED,2026-07-17
REC-000325,000000000010000216,2000,Ventilation Fan Motor 10/8 SKF,CRITICAL,INTERMITTENT,0,71,11.276,10.400,7.468,6.900,12.110,14.900,ROP_MAX_SAFETY_STOCK,"Stock on hand 0 is below the current reorder point 11.276. At the CRITICAL service level of 98% and a 71-day lead time, the reorder point should be 10.4.",APPROVED,2026-05-17
REC-000326,000000000010000216,3000,Ventilation Fan Motor 10/8 SKF,CRITICAL,INTERMITTENT,0,71,14.517,11.800,9.021,7.300,16.376,17.600,ROP_MAX_SAFETY_STOCK,"Stock on hand 0 is below the current reorder point 14.517. At the CRITICAL service level of 98% and a 71-day lead time, the reorder point should be 11.8.",APPROVED,2026-08-05
REC-000327,000000000010000217,1000,Screen Exciter Bearing 150MM SEW,NORMAL,SLOW,3,34,1.055,0.600,0.729,0.400,1.421,1.100,ROP_MAX_SAFETY_STOCK,Stock on hand 2 exceeds the current maximum 1.421. Consumption of 0.2 per month supports a maximum of 1.1.,PROPOSED,2026-08-20
REC-000328,000000000010000217,4000,Screen Exciter Bearing 150MM SEW,NORMAL,SLOW,5,34,1.869,1.800,1.095,1.100,6.511,3.800,ROP_MAX_SAFETY_STOCK,Stock on hand 7 exceeds the current maximum 6.511. Consumption of 0.7 per month supports a maximum of 3.8.,APPROVED,2026-05-23
REC-000329,000000000080000056,2000,Conveyor Drive Motor 55KW SANDVIK,IMPACT,INTERMITTENT,6,16,5.151,4.300,3.792,3.200,17.364,10.800,ROP_MAX_SAFETY_STOCK,"Stock on hand 3 is below the current reorder point 5.151. At the IMPACT service level of 95% and a 16-day lead time, the reorder point should be 4.3.",PROPOSED,2026-05-13
REC-000330,000000000010000220,4000,Conveyor Take-Up Pulley HD SIEMENS,IMPACT,INTERMITTENT,3,40,7.711,6.700,4.925,4.300,8.893,12.200,ROP_MAX_SAFETY_STOCK,Stock on hand 11 exceeds the current maximum 8.893. Consumption of 1.8 per month supports a maximum of 12.2.,PROPOSED,2026-08-31
REC-000331,000000000010000222,3000,Variable Speed Drive Unit DN100 WEIR,CRITICAL,INTERMITTENT,6,155,10.736,14.100,5.397,7.100,30.427,18.200,ROP_MAX_SAFETY_STOCK,Intermittent consumption of 1.4 per month over 24 months with a 155-day lead time gives a reorder point of 14.1 against the current 10.736.,APPROVED,2026-08-03
REC-000332,000000000010000223,2000,Conveyor Take-Up Pulley HD SEW,INSURANCE,INTERMITTENT,6,133,4.190,6.300,1.784,2.700,7.452,8.800,ROP_MAX_SAFETY_STOCK,"Stock on hand 3 is below the current reorder point 4.19. At the INSURANCE service level of 90% and a 133-day lead time, the reorder point should be 6.3.",PROPOSED,2026-08-04
REC-000333,000000000010000224,4000,PLC Digital Output Card TYPE B MULTOTEC,NORMAL,INTERMITTENT,5,49,2.192,3.200,1.092,1.600,6.325,6.200,ROP_MAX_SAFETY_STOCK,Intermittent consumption of 1.0 per month over 24 months with a 49-day lead time gives a reorder point of 3.2 against the current 2.192.,APPROVED,2026-07-22
REC-000334,000000000010000225,3000,Pressure Transmitter Assembly 150MM SEW,CRITICAL,INTERMITTENT,0,89,2.371,5.200,1.365,3.000,10.018,7.500,ROP_MAX_SAFETY_STOCK,"Stock on hand 0 is below the current reorder point 2.371. At the CRITICAL service level of 98% and a 89-day lead time, the reorder point should be 5.2.",HELD,2026-08-03
REC-000335,000000000010000226,1000,Centrifugal Pump Casing 250MM MULTOTEC,IMPACT,INTERMITTENT,2,49,7.213,6.100,4.683,4.000,7.735,10.100,ROP_MAX_SAFETY_STOCK,Stock on hand 8 exceeds the current maximum 7.735. Consumption of 1.3 per month supports a maximum of 10.1.,REJECTED,2026-06-15
REC-000336,000000000010000227,3000,Crusher Hydroset Cylinder 110KW SANDVIK,CRITICAL,REGULAR,12,86,212.118,143.100,47.474,32.000,383.939,261.100,ROP_MAX_SAFETY_STOCK,"Stock on hand 91 is below the current reorder point 212.118. At the CRITICAL service level of 98% and a 86-day lead time, the reorder point should be 143.1.",APPROVED,2026-05-25
REC-000337,000000000010000228,1000,Pressure Transmitter Assembly 200MM,CRITICAL,INTERMITTENT,3,185,13.393,11.300,6.158,5.200,19.561,14.300,ROP_MAX_SAFETY_STOCK,Stock on hand 28 exceeds the current maximum 19.561. Consumption of 1.0 per month supports a maximum of 14.3.,APPROVED,2026-07-06
REC-000338,000000000010000229,1000,Slurry Pump Mechanical Seal 8/6 ABB,INSURANCE,SLOW,1,51,0.545,0.600,0.420,0.500,1.384,0.800,ROP_MAX_SAFETY_STOCK,Slow consumption of 0.1 per month over 24 months with a 51-day lead time gives a reorder point of 0.6 against the current 0.545.,PROPOSED,2026-08-11
REC-000339,000000000010000229,3000,Slurry Pump Mechanical Seal 8/6 ABB,INSURANCE,SLOW,2,51,0.845,0.800,0.615,0.600,1.506,1.200,ROP_MAX_SAFETY_STOCK,Slow consumption of 0.1 per month over 24 months with a 51-day lead time gives a reorder point of 0.8 against the current 0.845.,PROPOSED,2026-07-05
REC-000340,000000000080000057,3000,Thickener Rake Drive Gearbox 10/8,IMPACT,INTERMITTENT,7,25,5.467,5.100,3.648,3.400,18.419,11.300,ROP_MAX_SAFETY_STOCK,Intermittent consumption of 2.1 per month over 24 months with a 25-day lead time gives a reorder point of 5.1 against the current 5.467.,APPROVED,2026-06-28
REC-000341,000000000010000230,3000,Conveyor Take-Up Pulley 150MM WEIR,NORMAL,REGULAR,9,20,12.269,13.400,3.365,3.700,83.677,57.500,ROP_MAX_SAFETY_STOCK,Regular consumption of 14.7 per month over 24 months with a 20-day lead time gives a reorder point of 13.4 against the current 12.269.,APPROVED,2026-08-07
REC-000342,000000000010000230,4000,Conveyor Take-Up Pulley 150MM WEIR,NORMAL,REGULAR,10,20,9.375,10.800,2.014,2.300,46.587,49.700,ROP_MAX_SAFETY_STOCK,Regular consumption of 13.0 per month over 24 months with a 20-day lead time gives a reorder point of 10.8 against the current 9.375.,PROPOSED,2026-05-25
REC-000343,000000000010000231,2000,Skirt Rubber Liner Section DN150 SANDVIK,IMPACT,SLOW,2,50,1.400,1.200,1.006,0.900,2.395,1.800,ROP_MAX_SAFETY_STOCK,Slow consumption of 0.2 per month over 24 months with a 50-day lead time gives a reorder point of 1.2 against the current 1.4.,HELD,2026-05-25
REC-000344,000000000010000231,3000,Skirt Rubber Liner Section DN150 SANDVIK,IMPACT,SLOW,3,50,1.208,1.300,0.839,0.900,1.790,2.000,ROP_MAX_SAFETY_STOCK,Stock on hand 2 exceeds the current maximum 1.79. Consumption of 0.2 per month supports a maximum of 2.,REJECTED,2026-08-16
REC-000345,000000000010000232,1000,Pressure Transmitter Assembly 10/8,NORMAL,REGULAR,10,23,9.201,14.100,1.745,2.700,70.567,59.400,ROP_MAX_SAFETY_STOCK,Regular consumption of 15.1 per month over 24 months with a 23-day lead time gives a reorder point of 14.1 against the current 9.201.,PROPOSED,2026-08-08
REC-000346,000000000010000233,4000,Mill Liner 200MM SANDVIK,INSURANCE,SLOW,1,140,1.720,1.500,1.062,0.900,1.799,1.900,ROP_MAX_SAFETY_STOCK,Stock on hand 2 exceeds the current maximum 1.799. Consumption of 0.1 per month supports a maximum of 1.9.,REJECTED,2026-08-29
REC-000347,000000000010000234,4000,Valve Assembly DN150 FLSM,CRITICAL,INTERMITTENT,0,113,6.679,7.800,4.684,5.500,12.913,9.700,ROP_MAX_SAFETY_STOCK,"Stock on hand 0 is below the current reorder point 6.679. At the CRITICAL service level of 98% and a 113-day lead time, the reorder point should be 7.8.",PROPOSED,2026-05-18
REC-000348,000000000010000235,2000,Ball Mill Gearbox Assembly TYPE A WEIR,IMPACT,INTERMITTENT,5,41,4.519,2.600,2.857,1.600,4.981,4.700,ROP_MAX_SAFETY_STOCK,Stock on hand 7 exceeds the current maximum 4.981. Consumption of 0.7 per month supports a maximum of 4.7.,APPROVED,2026-07-31
REC-000349,000000000010000236,4000,MCC Feeder Circuit Breaker 150MM SKF,INSURANCE,REGULAR,12,99,74.355,46.500,11.631,7.300,143.011,82.600,ROP_MAX_SAFETY_STOCK,"Stock on hand 74 is below the current reorder point 74.355. At the INSURANCE service level of 90% and a 99-day lead time, the reorder point should be 46.5.",REJECTED,2026-07-09
REC-000350,000000000010000237,4000,Thickener Rake Drive Gearbox 55KW KSB,NORMAL,REGULAR,11,38,28.787,51.700,5.777,10.400,263.279,150.800,ROP_MAX_SAFETY_STOCK,Regular consumption of 33.0 per month over 24 months with a 38-day lead time gives a reorder point of 51.7 against the current 28.787.,PROPOSED,2026-07-01
REC-000351,000000000010000238,2000,Crusher Hydroset Cylinder 6/4 SEW,CRITICAL,INTERMITTENT,0,130,26.624,16.500,16.011,9.900,28.158,21.100,ROP_MAX_SAFETY_STOCK,"Stock on hand 0 is below the current reorder point 26.624. At the CRITICAL service level of 98% and a 130-day lead time, the reorder point should be 16.5.",PROPOSED,2026-06-09
REC-000352,000000000010000239,1000,Flotation Cell Impeller 200MM SIEMENS,CRITICAL,INTERMITTENT,0,93,10.856,15.700,6.630,9.600,19.548,21.700,ROP_MAX_SAFETY_STOCK,"Stock on hand 0 is below the current reorder point 10.856. At the CRITICAL service level of 98% and a 93-day lead time, the reorder point should be 15.7.",APPROVED,2026-05-18
REC-000353,000000000010000240,3000,Gland Packing Seal Ring 110KW SEW,INSURANCE,SLOW,1,33,1.303,0.800,0.925,0.600,1.756,1.400,ROP_MAX_SAFETY_STOCK,Stock on hand 2 exceeds the current maximum 1.756. Consumption of 0.2 per month supports a maximum of 1.4.,HELD,2026-09-02
REC-000354,000000000010000241,4000,Mill Liner 110KW METSO,INSURANCE,SLOW,3,34,0.865,1.800,0.590,1.200,2.877,3.300,ROP_MAX_SAFETY_STOCK,"Stock on hand 0 is below the current reorder point 0.865. At the INSURANCE service level of 90% and a 34-day lead time, the reorder point should be 1.8.",PROPOSED,2026-08-11
REC-000355,000000000010000241,3000,Mill Liner 110KW METSO,INSURANCE,SLOW,3,34,2.980,2.000,1.898,1.300,5.631,4.000,ROP_MAX_SAFETY_STOCK,Slow consumption of 0.7 per month over 24 months with a 34-day lead time gives a reorder point of 2 against the current 2.98.,APPROVED,2026-07-30
REC-000356,000000000080000058,1000,Vertical Sump Pump Column 200MM MULTOTEC,NORMAL,INTERMITTENT,6,33,5.569,3.800,3.107,2.100,6.819,8.400,ROP_MAX_SAFETY_STOCK,"Stock on hand 3 is below the current reorder point 5.569. At the NORMAL service level of 85% and a 33-day lead time, the reorder point should be 3.8.",PROPOSED,2026-08-19
REC-000357,000000000010000244,3000,Belt Scraper Blade Cartridge DN100,CRITICAL,INTERMITTENT,0,69,12.683,10.200,7.622,6.100,27.276,15.600,ROP_MAX_SAFETY_STOCK,"Stock on hand 0 is below the current reorder point 12.683. At the CRITICAL service level of 98% and a 69-day lead time, the reorder point should be 10.2.",APPROVED,2026-09-01
REC-000358,000000000010000245,1000,Conveyor Idler Roller Set DN100 METSO,CRITICAL,INTERMITTENT,4,125,23.367,18.900,14.256,11.500,23.367,24.300,ROP_MAX_SAFETY_STOCK,Stock on hand 30 exceeds the current maximum 23.367. Consumption of 1.8 per month supports a maximum of 24.3.,APPROVED,2026-06-23
REC-000359,000000000010000246,4000,Mill Liner TYPE B MULTOTEC,CRITICAL,INTERMITTENT,0,90,23.272,17.100,12.249,9.000,23.272,25.400,ROP_MAX_SAFETY_STOCK,"Stock on hand 0 is below the current reorder point 23.272. At the CRITICAL service level of 98% and a 90-day lead time, the reorder point should be 17.1.",REJECTED,2026-08-03
REC-000360,000000000030000055,2000,Screen Exciter Bearing DN150 SEW,CRITICAL,ON_DEMAND,2,127,0.000,6.000,0.000,3.200,0.000,8.000,OAR_TO_MIN_MAX,This OAR material is classified CRITICAL on the critical parts list. Recommend Min-Max management with a reorder point of 6 and a maximum of 8.,APPROVED,2026-07-24
REC-000361,000000000080000059,2000,Hydraulic Power Pack 110KW WEIR,NORMAL,INTERMITTENT,4,49,2.979,2.600,1.605,1.400,4.196,4.800,ROP_MAX_SAFETY_STOCK,"Stock on hand 0 is below the current reorder point 2.979. At the NORMAL service level of 85% and a 49-day lead time, the reorder point should be 2.6.",APPROVED,2026-08-28
REC-000362,000000000010000248,4000,Conveyor Drive Gearbox 150MM FLSM,NORMAL,SLOW,2,48,1.313,0.800,0.816,0.500,1.313,1.400,ROP_MAX_SAFETY_STOCK,Stock on hand 3 exceeds the current maximum 1.313. Consumption of 0.2 per month supports a maximum of 1.4.,APPROVED,2026-06-26
REC-000363,000000000010000249,2000,Slurry Pump Mechanical Seal 8/6 SANDVIK,NORMAL,SLOW,3,11,0.313,0.400,0.236,0.300,0.856,1.100,ROP_MAX_SAFETY_STOCK,Stock on hand 1 exceeds the current maximum 0.856. Consumption of 0.2 per month supports a maximum of 1.1.,APPROVED,2026-08-16
REC-000364,000000000010000250,1000,Level Radar Transmitter TYPE A MULTOTEC,NORMAL,REGULAR,12,15,34.561,22.400,8.526,5.500,145.252,125.200,ROP_MAX_SAFETY_STOCK,Regular consumption of 34.2 per month over 24 months with a 15-day lead time gives a reorder point of 22.4 against the current 34.561.,REJECTED,2026-07-12
REC-000365,000000000010000251,3000,Mill Liner 250KW METSO,INSURANCE,INTERMITTENT,4,137,16.962,17.900,6.431,6.800,22.162,25.300,ROP_MAX_SAFETY_STOCK,Stock on hand 34 exceeds the current maximum 22.162. Consumption of 2.5 per month supports a maximum of 25.3.,APPROVED,2026-07-02
REC-000366,000000000010000252,1000,Flotation Blower Motor 200MM FLSM,INSURANCE,REGULAR,11,37,19.085,19.300,3.544,3.600,100.989,57.900,ROP_MAX_SAFETY_STOCK,Regular consumption of 12.9 per month over 24 months with a 37-day lead time gives a reorder point of 19.3 against the current 19.085.,PROPOSED,2026-08-28
REC-000367,000000000010000253,3000,Thickener Rake Seal Kit TYPE A WEIR,INSURANCE,INTERMITTENT,5,84,2.377,5.800,1.103,2.700,14.198,9.200,ROP_MAX_SAFETY_STOCK,Intermittent consumption of 1.1 per month over 24 months with a 84-day lead time gives a reorder point of 5.8 against the current 2.377.,APPROVED,2026-07-19
REC-000368,000000000090000012,3000,Conveyor Drive Gearbox 110KW MULTOTEC,OBSOLETE,NO_DEMAND,0,42,0.000,,0.000,,1.000,,NO_SAFETY_STOCK,Obsolete material: no safety stock recommended. Candidate for stock reduction review.,APPROVED,2026-08-06
REC-000369,000000000010000254,3000,Soft Starter Power Module HD SANDVIK,CRITICAL,INTERMITTENT,7,219,15.703,12.800,6.892,5.600,15.703,15.800,ROP_MAX_SAFETY_STOCK,"Stock on hand 14 is below the current reorder point 15.703. At the CRITICAL service level of 98% and a 219-day lead time, the reorder point should be 12.8.",REJECTED,2026-06-19
REC-000370,000000000010000254,2000,Soft Starter Power Module HD SANDVIK,CRITICAL,INTERMITTENT,6,219,10.179,21.700,3.841,8.200,41.925,27.300,ROP_MAX_SAFETY_STOCK,"Stock on hand 8 is below the current reorder point 10.179. At the CRITICAL service level of 98% and a 219-day lead time, the reorder point should be 21.7.",APPROVED,2026-08-21
REC-000371,000000000010000255,2000,Ventilation Fan Motor 200MM METSO,INSURANCE,REGULAR,12,58,86.851,48.900,11.822,6.700,193.249,115.400,ROP_MAX_SAFETY_STOCK,Regular consumption of 22.2 per month over 24 months with a 58-day lead time gives a reorder point of 48.9 against the current 86.851.,HELD,2026-08-08
REC-000372,000000000090000013,4000,Mill Lube Pump Motor DN100 METSO,OBSOLETE,NO_DEMAND,0,31,0.000,,0.000,,1.000,,NO_SAFETY_STOCK,Obsolete material: no safety stock recommended. Candidate for stock reduction review.,APPROVED,2026-08-21
REC-000373,000000000080000060,3000,Conveyor Pulley Bearing HD SKF,IMPACT,INTERMITTENT,4,45,1.732,2.100,1.146,1.400,4.474,3.600,ROP_MAX_SAFETY_STOCK,Intermittent consumption of 0.5 per month over 24 months with a 45-day lead time gives a reorder point of 2.1 against the current 1.732.,PROPOSED,2026-07-04
REC-000374,000000000090000014,4000,Gearbox Bearing 6/4 SKF,OBSOLETE,NO_DEMAND,0,39,0.000,,0.000,,1.000,,NO_SAFETY_STOCK,Obsolete material: no safety stock recommended. Candidate for stock reduction review.,APPROVED,2026-05-17
REC-000375,000000000090000014,3000,Gearbox Bearing 6/4 SKF,OBSOLETE,NO_DEMAND,0,39,0.000,,0.000,,1.000,,NO_SAFETY_STOCK,Obsolete material: no safety stock recommended. Candidate for stock reduction review.,APPROVED,2026-05-25
REC-000376,000000000010000256,2000,Thickener Rake Drive Gearbox 8/6 SIEMENS,NORMAL,REGULAR,12,28,24.406,16.000,5.150,3.400,42.778,57.000,ROP_MAX_SAFETY_STOCK,"Stock on hand 23 is below the current reorder point 24.406. At the NORMAL service level of 85% and a 28-day lead time, the reorder point should be 16.",APPROVED,2026-05-22
REC-000377,000000000030000057,2000,Flow Meter Sensor Head 8/6 WEIR,IMPACT,ON_DEMAND,1,58,0.000,4.200,0.000,2.800,0.000,6.500,OAR_TO_MIN_MAX,This OAR material is classified IMPACT on the critical parts list. Recommend Min-Max management with a reorder point of 4.2 and a maximum of 6.5.,REJECTED,2026-07-03
REC-000378,000000000010000257,1000,Mill Liner 8/6 KSB,INSURANCE,SLOW,3,140,0.931,2.100,0.506,1.100,3.792,2.700,ROP_MAX_SAFETY_STOCK,Stock on hand 4 exceeds the current maximum 3.792. Consumption of 0.2 per month supports a maximum of 2.7.,APPROVED,2026-05-23
REC-000379,000000000010000258,3000,Centrifugal Pump Casing 55KW FLSM,IMPACT,INTERMITTENT,7,60,18.649,11.200,10.604,6.400,18.649,18.600,ROP_MAX_SAFETY_STOCK,Stock on hand 35 exceeds the current maximum 18.649. Consumption of 2.5 per month supports a maximum of 18.6.,APPROVED,2026-07-22
REC-000380,000000000010000259,4000,Slurry Density Transmitter 110KW METSO,NORMAL,INTERMITTENT,3,21,2.495,3.300,1.591,2.100,9.497,8.600,ROP_MAX_SAFETY_STOCK,Intermittent consumption of 1.8 per month over 24 months with a 21-day lead time gives a reorder point of 3.3 against the current 2.495.,PROPOSED,2026-08-09
REC-000381,000000000010000260,3000,Conveyor Pulley Bearing 8/6 KSB,INSURANCE,INTERMITTENT,4,129,17.690,11.000,8.300,5.200,17.690,15.100,ROP_MAX_SAFETY_STOCK,Stock on hand 18 exceeds the current maximum 17.69. Consumption of 1.4 per month supports a maximum of 15.1.,HELD,2026-08-01
REC-000382,000000000080000061,2000,Hydraulic Pump Assembly DN150 METSO,IMPACT,INTERMITTENT,4,23,5.281,4.100,3.764,2.900,14.028,8.700,ROP_MAX_SAFETY_STOCK,Intermittent consumption of 1.5 per month over 24 months with a 23-day lead time gives a reorder point of 4.1 against the current 5.281.,HELD,2026-06-01
REC-000383,000000000080000061,3000,Hydraulic Pump Assembly DN150 METSO,IMPACT,INTERMITTENT,3,23,2.799,2.900,2.126,2.200,4.564,5.700,ROP_MAX_SAFETY_STOCK,Intermittent consumption of 0.9 per month over 24 months with a 23-day lead time gives a reorder point of 2.9 against the current 2.799.,PROPOSED,2026-07-18
REC-000384,000000000080000062,3000,Ball Mill Trunnion Bearing DN100 SEW,NORMAL,INTERMITTENT,4,23,1.271,2.900,0.832,1.900,10.546,6.900,ROP_MAX_SAFETY_STOCK,Intermittent consumption of 1.3 per month over 24 months with a 23-day lead time gives a reorder point of 2.9 against the current 1.271.,PROPOSED,2026-07-11
REC-000385,000000000080000063,2000,Spherical Roller Bearing HD KSB,NORMAL,INTERMITTENT,7,27,3.194,2.100,1.693,1.100,7.151,5.500,ROP_MAX_SAFETY_STOCK,Intermittent consumption of 1.1 per month over 24 months with a 27-day lead time gives a reorder point of 2.1 against the current 3.194.,PROPOSED,2026-08-30
REC-000386,000000000080000063,3000,Spherical Roller Bearing HD KSB,NORMAL,INTERMITTENT,5,27,3.883,2.700,2.311,1.600,10.189,6.300,ROP_MAX_SAFETY_STOCK,Intermittent consumption of 1.2 per month over 24 months with a 27-day lead time gives a reorder point of 2.7 against the current 3.883.,HELD,2026-08-15
REC-000387,000000000010000261,1000,Spherical Roller Bearing TYPE A METSO,CRITICAL,INTERMITTENT,6,189,8.950,5.200,4.466,2.600,8.950,6.500,ROP_MAX_SAFETY_STOCK,Stock on hand 9 exceeds the current maximum 8.95. Consumption of 0.4 per month supports a maximum of 6.5.,PROPOSED,2026-05-30
REC-000388,000000000080000064,4000,Ball Mill Gearbox Assembly 10/8 METSO,IMPACT,INTERMITTENT,8,31,7.640,6.200,4.893,4.000,17.409,12.800,ROP_MAX_SAFETY_STOCK,"Stock on hand 2 is below the current reorder point 7.64. At the IMPACT service level of 95% and a 31-day lead time, the reorder point should be 6.2.",APPROVED,2026-07-23
REC-000389,000000000010000263,4000,Flotation Blower Motor TYPE A SEW,IMPACT,REGULAR,12,21,30.439,18.900,9.854,6.100,64.828,74.500,ROP_MAX_SAFETY_STOCK,Regular consumption of 18.5 per month over 24 months with a 21-day lead time gives a reorder point of 18.9 against the current 30.439.,APPROVED,2026-05-21
REC-000390,000000000010000265,2000,Ball Mill Gearbox Assembly TYPE B METSO,CRITICAL,INTERMITTENT,0,102,9.412,15.800,4.936,8.300,39.734,22.600,ROP_MAX_SAFETY_STOCK,"Stock on hand 0 is below the current reorder point 9.412. At the CRITICAL service level of 98% and a 102-day lead time, the reorder point should be 15.8.",HELD,2026-05-19
REC-000391,000000000010000265,3000,Ball Mill Gearbox Assembly TYPE B METSO,CRITICAL,INTERMITTENT,0,102,14.607,15.200,8.559,8.900,21.395,20.800,ROP_MAX_SAFETY_STOCK,"Stock on hand 0 is below the current reorder point 14.607. At the CRITICAL service level of 98% and a 102-day lead time, the reorder point should be 15.2.",APPROVED,2026-06-24
REC-000392,000000000010000266,1000,Hydraulic Pump Assembly 6/4 MULTOTEC,IMPACT,REGULAR,12,17,40.254,26.200,14.597,9.500,132.836,116.100,ROP_MAX_SAFETY_STOCK,Regular consumption of 30.0 per month over 24 months with a 17-day lead time gives a reorder point of 26.2 against the current 40.254.,HELD,2026-07-29
REC-000393,000000000010000267,3000,Flotation Blower Motor 110KW KSB,CRITICAL,INTERMITTENT,0,112,9.405,10.900,6.367,7.400,14.030,13.800,ROP_MAX_SAFETY_STOCK,"Stock on hand 0 is below the current reorder point 9.405. At the CRITICAL service level of 98% and a 112-day lead time, the reorder point should be 10.9.",PROPOSED,2026-05-25
REC-000394,000000000010000268,2000,Skirt Rubber Liner Section TYPE A FLSM,NORMAL,INTERMITTENT,4,19,1.595,1.400,1.099,1.000,5.162,3.500,ROP_MAX_SAFETY_STOCK,Intermittent consumption of 0.7 per month over 24 months with a 19-day lead time gives a reorder point of 1.4 against the current 1.595.,PROPOSED,2026-07-06
REC-000395,000000000010000268,4000,Skirt Rubber Liner Section TYPE A FLSM,NORMAL,INTERMITTENT,5,19,5.453,3.600,3.382,2.200,16.513,10.100,ROP_MAX_SAFETY_STOCK,Intermittent consumption of 2.2 per month over 24 months with a 19-day lead time gives a reorder point of 3.6 against the current 5.453.,APPROVED,2026-08-21
REC-000396,000000000010000269,2000,Thickener Rake Seal Kit 250MM SEW,IMPACT,INTERMITTENT,5,23,4.766,3.600,3.544,2.700,11.942,7.300,ROP_MAX_SAFETY_STOCK,Intermittent consumption of 1.2 per month over 24 months with a 23-day lead time gives a reorder point of 3.6 against the current 4.766.,PROPOSED,2026-08-18
REC-000397,000000000010000269,1000,Thickener Rake Seal Kit 250MM SEW,IMPACT,INTERMITTENT,7,23,7.247,5.000,4.659,3.200,12.717,12.000,ROP_MAX_SAFETY_STOCK,Intermittent consumption of 2.3 per month over 24 months with a 23-day lead time gives a reorder point of 5 against the current 7.247.,APPROVED,2026-06-19
REC-000398,000000000010000270,1000,Ball Mill Gearbox Assembly 110KW KSB,CRITICAL,INTERMITTENT,5,90,15.229,11.100,9.620,7.000,17.018,15.200,ROP_MAX_SAFETY_STOCK,"Stock on hand 12 is below the current reorder point 15.229. At the CRITICAL service level of 98% and a 90-day lead time, the reorder point should be 11.1.",PROPOSED,2026-08-30
REC-000399,000000000010000271,2000,Ball Mill Shell Liner Plate DN150 FLSM,CRITICAL,SLOW,1,135,3.386,3.300,2.059,2.000,4.408,4.200,ROP_MAX_SAFETY_STOCK,Slow consumption of 0.3 per month over 24 months with a 135-day lead time gives a reorder point of 3.3 against the current 3.386.,REJECTED,2026-07-19
REC-000400,000000000010000272,1000,Slurry Density Transmitter HD SANDVIK,INSURANCE,INTERMITTENT,5,109,7.524,5.700,3.835,2.900,13.314,8.100,ROP_MAX_SAFETY_STOCK,Stock on hand 15 exceeds the current maximum 13.314. Consumption of 0.8 per month supports a maximum of 8.1.,HELD,2026-08-01
REC-000401,000000000010000273,2000,Conveyor Idler Roller Set 8/6 SIEMENS,CRITICAL,INTERMITTENT,6,231,9.128,6.400,4.135,2.900,11.929,7.800,ROP_MAX_SAFETY_STOCK,"Stock on hand 8 is below the current reorder point 9.128. At the CRITICAL service level of 98% and a 231-day lead time, the reorder point should be 6.4.",HELD,2026-07-28
REC-000402,000000000080000065,4000,Spherical Roller Bearing TYPE A METSO,IMPACT,INTERMITTENT,3,21,2.300,3.300,1.783,2.600,5.463,6.500,ROP_MAX_SAFETY_STOCK,Intermittent consumption of 1.1 per month over 24 months with a 21-day lead time gives a reorder point of 3.3 against the current 2.3.,APPROVED,2026-06-05
REC-000403,000000000080000065,3000,Spherical Roller Bearing TYPE A METSO,IMPACT,INTERMITTENT,7,21,3.867,4.300,2.600,2.900,10.547,10.400,ROP_MAX_SAFETY_STOCK,"Stock on hand 3 is below the current reorder point 3.867. At the IMPACT service level of 95% and a 21-day lead time, the reorder point should be 4.3.",HELD,2026-06-21
REC-000404,000000000010000275,3000,Conveyor Idler Roller Set 6/4 WEIR,NORMAL,SLOW,4,17,1.684,1.000,1.196,0.700,3.445,2.500,ROP_MAX_SAFETY_STOCK,"Stock on hand 1 is below the current reorder point 1.684. At the NORMAL service level of 85% and a 17-day lead time, the reorder point should be 1.",APPROVED,2026-08-28
REC-000405,000000000030000060,1000,Slurry Pump Wet End Assembly 55KW SKF,CRITICAL,ON_DEMAND,1,78,0.000,4.800,0.000,2.600,0.000,7.400,OAR_TO_MIN_MAX,This OAR material is classified CRITICAL on the critical parts list. Recommend Min-Max management with a reorder point of 4.8 and a maximum of 7.4.,APPROVED,2026-07-13
REC-000406,000000000080000066,1000,Agitator Shaft Seal 6/4 SEW,NORMAL,INTERMITTENT,4,53,0.846,2.000,0.480,1.100,5.541,3.500,ROP_MAX_SAFETY_STOCK,Intermittent consumption of 0.5 per month over 24 months with a 53-day lead time gives a reorder point of 2 against the current 0.846.,APPROVED,2026-06-01
REC-000407,000000000080000066,4000,Agitator Shaft Seal 6/4 SEW,NORMAL,INTERMITTENT,7,53,8.948,7.500,3.495,2.900,11.086,15.400,ROP_MAX_SAFETY_STOCK,Intermittent consumption of 2.6 per month over 24 months with a 53-day lead time gives a reorder point of 7.5 against the current 8.948.,APPROVED,2026-08-17
REC-000408,000000000010000276,2000,Vertical Sump Pump Column 150MM WEIR,IMPACT,REGULAR,12,21,32.532,29.600,7.373,6.700,132.568,129.000,ROP_MAX_SAFETY_STOCK,Regular consumption of 33.1 per month over 24 months with a 21-day lead time gives a reorder point of 29.6 against the current 32.532.,APPROVED,2026-05-28
REC-000409,000000000010000277,4000,Flotation Cell Impeller 8/6 SKF,IMPACT,INTERMITTENT,5,18,4.182,3.500,3.105,2.600,8.802,8.000,ROP_MAX_SAFETY_STOCK,Intermittent consumption of 1.5 per month over 24 months with a 18-day lead time gives a reorder point of 3.5 against the current 4.182.,PROPOSED,2026-07-23
REC-000410,000000000010000278,2000,Soft Starter Power Module 6/4 SKF,INSURANCE,SLOW,0,104,0.517,1.000,0.362,0.700,1.810,1.200,ROP_MAX_SAFETY_STOCK,Stock on hand 2 exceeds the current maximum 1.81. Consumption of 0.1 per month supports a maximum of 1.2.,PROPOSED,2026-06-16
REC-000411,000000000010000280,1000,Hydraulic Pump Assembly 250MM ABB,INSURANCE,REGULAR,9,33,24.751,45.400,5.441,10.000,102.021,143.400,ROP_MAX_SAFETY_STOCK,"Stock on hand 22 is below the current reorder point 24.751. At the INSURANCE service level of 90% and a 33-day lead time, the reorder point should be 45.4.",HELD,2026-08-19
REC-000412,000000000010000281,3000,Variable Speed Drive Unit 250MM ABB,CRITICAL,INTERMITTENT,0,52,2.345,4.500,1.789,3.400,5.558,6.400,ROP_MAX_SAFETY_STOCK,"Stock on hand 0 is below the current reorder point 2.345. At the CRITICAL service level of 98% and a 52-day lead time, the reorder point should be 4.5.",APPROVED,2026-08-03
REC-000413,000000000010000281,2000,Variable Speed Drive Unit 250MM ABB,CRITICAL,INTERMITTENT,0,52,2.717,4.200,1.993,3.100,7.851,6.200,ROP_MAX_SAFETY_STOCK,"Stock on hand 0 is below the current reorder point 2.717. At the CRITICAL service level of 98% and a 52-day lead time, the reorder point should be 4.2.",PROPOSED,2026-09-01
REC-000414,000000000010000282,3000,Pump Impeller 55KW FLSM,CRITICAL,INTERMITTENT,0,66,4.451,3.900,2.883,2.500,9.367,5.800,ROP_MAX_SAFETY_STOCK,"Stock on hand 0 is below the current reorder point 4.451. At the CRITICAL service level of 98% and a 66-day lead time, the reorder point should be 3.9.",APPROVED,2026-05-12
REC-000415,000000000010000283,3000,Agitator Shaft Seal HD FLSM,INSURANCE,INTERMITTENT,2,127,6.585,7.700,3.936,4.600,10.682,9.900,ROP_MAX_SAFETY_STOCK,Stock on hand 17 exceeds the current maximum 10.682. Consumption of 0.8 per month supports a maximum of 9.9.,APPROVED,2026-05-30
REC-000416,000000000010000284,2000,Pump Impeller TYPE A FLSM,CRITICAL,INTERMITTENT,0,145,4.894,7.500,2.676,4.100,15.980,9.600,ROP_MAX_SAFETY_STOCK,"Stock on hand 0 is below the current reorder point 4.894. At the CRITICAL service level of 98% and a 145-day lead time, the reorder point should be 7.5.",APPROVED,2026-06-25
REC-000417,000000000010000284,4000,Pump Impeller TYPE A FLSM,CRITICAL,INTERMITTENT,0,145,10.686,14.500,6.421,8.700,20.052,18.100,ROP_MAX_SAFETY_STOCK,"Stock on hand 0 is below the current reorder point 10.686. At the CRITICAL service level of 98% and a 145-day lead time, the reorder point should be 14.5.",REJECTED,2026-06-27
REC-000418,000000000010000285,1000,Screen Exciter Bearing TYPE A MULTOTEC,IMPACT,REGULAR,12,34,39.800,38.900,13.223,12.900,169.852,108.800,ROP_MAX_SAFETY_STOCK,Regular consumption of 23.3 per month over 24 months with a 34-day lead time gives a reorder point of 38.9 against the current 39.8.,PROPOSED,2026-07-01
REC-000419,000000000080000067,2000,Skirt Rubber Liner Section 8/6 SIEMENS,NORMAL,INTERMITTENT,6,28,0.613,1.400,0.349,0.800,2.506,3.400,ROP_MAX_SAFETY_STOCK,"Stock on hand 0 is below the current reorder point 0.613. At the NORMAL service level of 85% and a 28-day lead time, the reorder point should be 1.4.",APPROVED,2026-08-19
REC-000420,000000000080000067,3000,Skirt Rubber Liner Section 8/6 SIEMENS,NORMAL,INTERMITTENT,5,28,5.179,3.300,2.831,1.800,13.254,8.100,ROP_MAX_SAFETY_STOCK,Intermittent consumption of 1.6 per month over 24 months with a 28-day lead time gives a reorder point of 3.3 against the current 5.179.,HELD,2026-07-18
REC-000421,000000000010000286,4000,Soft Starter Power Module TYPE B SKF,CRITICAL,INTERMITTENT,3,136,10.882,14.000,6.542,8.400,15.133,17.800,ROP_MAX_SAFETY_STOCK,"Stock on hand 7 is below the current reorder point 10.882. At the CRITICAL service level of 98% and a 136-day lead time, the reorder point should be 14.",REJECTED,2026-08-25
REC-000422,000000000080000068,3000,Pump Impeller TYPE B SKF,IMPACT,INTERMITTENT,5,38,10.837,6.800,7.367,4.600,18.861,12.100,ROP_MAX_SAFETY_STOCK,Intermittent consumption of 1.8 per month over 24 months with a 38-day lead time gives a reorder point of 6.8 against the current 10.837.,PROPOSED,2026-08-30
REC-000423,000000000080000069,2000,Slurry Pump Wet End Assembly HD WEIR,IMPACT,INTERMITTENT,6,39,11.388,6.400,7.636,4.300,19.084,11.400,ROP_MAX_SAFETY_STOCK,Intermittent consumption of 1.7 per month over 24 months with a 39-day lead time gives a reorder point of 6.4 against the current 11.388.,APPROVED,2026-07-18
REC-000424,000000000080000069,4000,Slurry Pump Wet End Assembly HD WEIR,IMPACT,INTERMITTENT,8,39,3.769,4.000,2.423,2.600,8.834,7.400,ROP_MAX_SAFETY_STOCK,Stock on hand 9 exceeds the current maximum 8.834. Consumption of 1.1 per month supports a maximum of 7.4.,APPROVED,2026-07-06
REC-000425,000000000090000015,1000,Slurry Density Transmitter 250MM KSB,OBSOLETE,NO_DEMAND,0,57,0.000,,0.000,,1.000,,NO_SAFETY_STOCK,Obsolete material: no safety stock recommended. Candidate for stock reduction review.,APPROVED,2026-07-25
REC-000426,000000000010000287,2000,Flotation Cell Impeller 200MM METSO,INSURANCE,SLOW,3,103,1.994,1.800,1.101,1.000,4.102,2.500,ROP_MAX_SAFETY_STOCK,Slow consumption of 0.2 per month over 24 months with a 103-day lead time gives a reorder point of 1.8 against the current 1.994.,APPROVED,2026-08-31
REC-000427,000000000080000070,4000,Hydraulic Power Pack 110KW SKF,CRITICAL,INTERMITTENT,4,134,16.900,11.600,10.481,7.200,16.900,14.600,ROP_MAX_SAFETY_STOCK,"Stock on hand 14 is below the current reorder point 16.9. At the CRITICAL service level of 98% and a 134-day lead time, the reorder point should be 11.6.",PROPOSED,2026-08-05
REC-000428,000000000080000070,2000,Hydraulic Power Pack 110KW SKF,CRITICAL,INTERMITTENT,0,134,8.449,9.100,5.729,6.200,16.462,11.100,ROP_MAX_SAFETY_STOCK,Stock on hand 17 exceeds the current maximum 16.462. Consumption of 0.7 per month supports a maximum of 11.1.,PROPOSED,2026-08-31
REC-000429,000000000010000288,3000,Flow Meter Sensor Head 55KW SKF,NORMAL,INTERMITTENT,5,25,4.124,4.800,2.246,2.600,15.149,12.700,ROP_MAX_SAFETY_STOCK,Intermittent consumption of 2.6 per month over 24 months with a 25-day lead time gives a reorder point of 4.8 against the current 4.124.,APPROVED,2026-06-18
REC-000430,000000000010000288,1000,Flow Meter Sensor Head 55KW SKF,NORMAL,INTERMITTENT,6,25,3.812,2.500,2.288,1.500,8.906,6.100,ROP_MAX_SAFETY_STOCK,Intermittent consumption of 1.2 per month over 24 months with a 25-day lead time gives a reorder point of 2.5 against the current 3.812.,APPROVED,2026-05-31
REC-000431,000000000010000289,4000,Hydraulic Pump Assembly 6/4 METSO,INSURANCE,REGULAR,12,33,42.476,51.000,9.977,12.000,255.134,158.900,ROP_MAX_SAFETY_STOCK,Regular consumption of 36.0 per month over 24 months with a 33-day lead time gives a reorder point of 51 against the current 42.476.,APPROVED,2026-07-15
REC-000432,000000000010000290,2000,Ball Mill Shell Liner Plate 110KW WEIR,INSURANCE,REGULAR,11,124,137.404,154.700,15.557,17.500,333.217,255.700,ROP_MAX_SAFETY_STOCK,Regular consumption of 33.7 per month over 24 months with a 124-day lead time gives a reorder point of 154.7 against the current 137.404.,APPROVED,2026-07-06
REC-000433,000000000010000291,2000,Apron Feeder Gear Reducer 110KW SANDVIK,IMPACT,SLOW,1,15,0.585,0.500,0.506,0.400,0.997,0.900,ROP_MAX_SAFETY_STOCK,Stock on hand 1 exceeds the current maximum 0.997. Consumption of 0.1 per month supports a maximum of 0.9.,PROPOSED,2026-08-13
REC-000434,000000000010000292,2000,Mill Liner 110KW SKF,CRITICAL,SLOW,1,112,4.548,4.200,3.228,3.000,7.009,5.200,ROP_MAX_SAFETY_STOCK,Stock on hand 13 exceeds the current maximum 7.009. Consumption of 0.3 per month supports a maximum of 5.2.,PROPOSED,2026-05-29
REC-000435,000000000080000071,1000,MCC Feeder Circuit Breaker 55KW SANDVIK,NORMAL,INTERMITTENT,4,12,0.999,2.400,0.641,1.500,15.526,8.900,ROP_MAX_SAFETY_STOCK,Intermittent consumption of 2.2 per month over 24 months with a 12-day lead time gives a reorder point of 2.4 against the current 0.999.,APPROVED,2026-08-17
REC-000436,000000000080000072,1000,Crusher Hydroset Cylinder DN150 MULTOTEC,NORMAL,INTERMITTENT,6,30,3.210,5.200,1.723,2.800,14.354,12.400,ROP_MAX_SAFETY_STOCK,Intermittent consumption of 2.4 per month over 24 months with a 30-day lead time gives a reorder point of 5.2 against the current 3.21.,APPROVED,2026-05-19
REC-000437,000000000010000293,4000,Spherical Roller Bearing TYPE B KSB,CRITICAL,INTERMITTENT,5,76,7.815,10.000,5.145,6.600,22.219,14.100,ROP_MAX_SAFETY_STOCK,Intermittent consumption of 1.4 per month over 24 months with a 76-day lead time gives a reorder point of 10 against the current 7.815.,PROPOSED,2026-07-12
REC-000438,000000000010000293,3000,Spherical Roller Bearing TYPE B KSB,CRITICAL,INTERMITTENT,3,76,5.025,2.800,3.347,1.900,5.025,3.900,ROP_MAX_SAFETY_STOCK,"Stock on hand 4 is below the current reorder point 5.025. At the CRITICAL service level of 98% and a 76-day lead time, the reorder point should be 2.8.",APPROVED,2026-07-10
REC-000439,000000000080000073,3000,Crusher Hydroset Cylinder TYPE B ABB,CRITICAL,INTERMITTENT,6,118,25.819,17.600,15.167,10.300,25.819,23.200,ROP_MAX_SAFETY_STOCK,Stock on hand 46 exceeds the current maximum 25.819. Consumption of 1.9 per month supports a maximum of 23.2.,APPROVED,2026-06-07
REC-000440,000000000010000294,2000,Skirt Rubber Liner Section 250MM WEIR,CRITICAL,INTERMITTENT,0,105,6.084,8.300,3.959,5.400,11.026,10.800,ROP_MAX_SAFETY_STOCK,"Stock on hand 0 is below the current reorder point 6.084. At the CRITICAL service level of 98% and a 105-day lead time, the reorder point should be 8.3.",REJECTED,2026-08-19
REC-000441,000000000010000294,3000,Skirt Rubber Liner Section 250MM WEIR,CRITICAL,INTERMITTENT,0,105,11.863,6.800,6.599,3.800,14.987,9.400,ROP_MAX_SAFETY_STOCK,"Stock on hand 0 is below the current reorder point 11.863. At the CRITICAL service level of 98% and a 105-day lead time, the reorder point should be 6.8.",APPROVED,2026-07-28
REC-000442,000000000010000295,1000,Slurry Density Transmitter TYPE A WEIR,INSURANCE,INTERMITTENT,5,92,14.510,8.900,8.136,5.000,14.510,12.800,ROP_MAX_SAFETY_STOCK,Stock on hand 30 exceeds the current maximum 14.51. Consumption of 1.3 per month supports a maximum of 12.8.,APPROVED,2026-06-05
REC-000443,000000000010000296,4000,Level Radar Transmitter DN150 SIEMENS,CRITICAL,INTERMITTENT,3,116,23.452,13.200,13.523,7.600,26.465,17.600,ROP_MAX_SAFETY_STOCK,Intermittent consumption of 1.5 per month over 24 months with a 116-day lead time gives a reorder point of 13.2 against the current 23.452.,APPROVED,2026-06-09
REC-000444,000000000010000296,3000,Level Radar Transmitter DN150 SIEMENS,CRITICAL,INTERMITTENT,4,116,6.852,12.200,3.913,7.000,14.784,16.300,ROP_MAX_SAFETY_STOCK,Intermittent consumption of 1.4 per month over 24 months with a 116-day lead time gives a reorder point of 12.2 against the current 6.852.,APPROVED,2026-07-11
REC-000445,000000000030000066,4000,Flotation Cell Impeller TYPE B FLSM,CRITICAL,ON_DEMAND,0,60,0.000,12.200,0.000,7.200,0.000,19.800,OAR_TO_MIN_MAX,This OAR material is classified CRITICAL on the critical parts list. Recommend Min-Max management with a reorder point of 12.2 and a maximum of 19.8.,PROPOSED,2026-07-27
REC-000446,000000000010000297,2000,Ball Mill Trunnion Bearing 8/6 ABB,CRITICAL,INTERMITTENT,6,98,1.922,4.500,1.232,2.900,7.722,6.000,ROP_MAX_SAFETY_STOCK,"Stock on hand 0 is below the current reorder point 1.922. At the CRITICAL service level of 98% and a 98-day lead time, the reorder point should be 4.5.",PROPOSED,2026-07-05
REC-000447,000000000010000297,1000,Ball Mill Trunnion Bearing 8/6 ABB,CRITICAL,INTERMITTENT,3,98,12.336,7.000,8.600,4.900,13.424,9.000,ROP_MAX_SAFETY_STOCK,Stock on hand 15 exceeds the current maximum 13.424. Consumption of 0.7 per month supports a maximum of 9.,APPROVED,2026-05-22
REC-000448,000000000010000298,2000,Conveyor Take-Up Pulley HD ABB,CRITICAL,INTERMITTENT,5,134,5.850,12.600,3.469,7.500,23.504,16.100,ROP_MAX_SAFETY_STOCK,Intermittent consumption of 1.2 per month over 24 months with a 134-day lead time gives a reorder point of 12.6 against the current 5.85.,APPROVED,2026-07-27
REC-000449,000000000010000300,1000,Level Radar Transmitter 6/4 SANDVIK,NORMAL,REGULAR,8,47,29.345,63.200,5.103,11.000,221.444,164.600,ROP_MAX_SAFETY_STOCK,Regular consumption of 33.8 per month over 24 months with a 47-day lead time gives a reorder point of 63.2 against the current 29.345.,REJECTED,2026-07-24
REC-000450,000000000010000301,1000,Gearbox Bearing TYPE A MULTOTEC,CRITICAL,INTERMITTENT,4,209,10.833,6.400,4.595,2.700,10.833,8.000,ROP_MAX_SAFETY_STOCK,"Stock on hand 10 is below the current reorder point 10.833. At the CRITICAL service level of 98% and a 209-day lead time, the reorder point should be 6.4.",REJECTED,2026-06-20
REC-000451,000000000010000302,3000,Flotation Blower Motor DN150 FLSM,INSURANCE,INTERMITTENT,5,217,8.836,15.000,3.073,5.200,31.081,19.100,ROP_MAX_SAFETY_STOCK,"Stock on hand 4 is below the current reorder point 8.836. At the INSURANCE service level of 90% and a 217-day lead time, the reorder point should be 15.",APPROVED,2026-08-24
REC-000452,000000000010000302,1000,Flotation Blower Motor DN150 FLSM,INSURANCE,INTERMITTENT,6,217,3.259,6.200,0.897,1.700,6.194,8.100,ROP_MAX_SAFETY_STOCK,"Stock on hand 3 is below the current reorder point 3.259. At the INSURANCE service level of 90% and a 217-day lead time, the reorder point should be 6.2.",REJECTED,2026-08-04
REC-000453,000000000080000074,2000,Thickener Rake Drive Gearbox 250MM SEW,IMPACT,INTERMITTENT,4,25,8.332,6.500,5.783,4.500,9.741,13.800,ROP_MAX_SAFETY_STOCK,Stock on hand 11 exceeds the current maximum 9.741. Consumption of 2.4 per month supports a maximum of 13.8.,APPROVED,2026-07-11
REC-000454,000000000010000303,3000,Thickener Rake Drive Gearbox 110KW METSO,CRITICAL,INTERMITTENT,3,81,6.806,4.500,4.959,3.300,10.248,5.900,ROP_MAX_SAFETY_STOCK,"Stock on hand 2 is below the current reorder point 6.806. At the CRITICAL service level of 98% and a 81-day lead time, the reorder point should be 4.5.",PROPOSED,2026-07-30
REC-000455,000000000010000303,2000,Thickener Rake Drive Gearbox 110KW METSO,CRITICAL,INTERMITTENT,4,81,11.979,8.600,7.642,5.500,20.425,12.100,ROP_MAX_SAFETY_STOCK,Intermittent consumption of 1.2 per month over 24 months with a 81-day lead time gives a reorder point of 8.6 against the current 11.979.,PROPOSED,2026-08-26
REC-000456,000000000080000075,2000,Conveyor Idler Roller Set DN150 WEIR,IMPACT,INTERMITTENT,5,28,4.858,5.400,3.322,3.700,12.340,11.000,ROP_MAX_SAFETY_STOCK,Intermittent consumption of 1.9 per month over 24 months with a 28-day lead time gives a reorder point of 5.4 against the current 4.858.,PROPOSED,2026-08-19
REC-000457,000000000010000304,2000,Apron Feeder Gear Reducer DN100 SEW,IMPACT,REGULAR,12,50,39.440,31.300,8.308,6.600,129.961,76.400,ROP_MAX_SAFETY_STOCK,Regular consumption of 15.0 per month over 24 months with a 50-day lead time gives a reorder point of 31.3 against the current 39.44.,PROPOSED,2026-07-29
REC-000458,000000000090000016,2000,Variable Speed Drive Unit 250KW SEW,OBSOLETE,NO_DEMAND,0,48,0.000,,0.000,,1.000,,NO_SAFETY_STOCK,Obsolete material: no safety stock recommended. Candidate for stock reduction review.,REJECTED,2026-07-02
REC-000459,000000000090000017,4000,Apron Feeder Gear Reducer 8/6 KSB,OBSOLETE,NO_DEMAND,0,33,0.000,,0.000,,1.000,,NO_SAFETY_STOCK,Obsolete material: no safety stock recommended. Candidate for stock reduction review.,HELD,2026-05-28
REC-000460,000000000010000306,2000,Flotation Blower Motor 6/4 SKF,INSURANCE,INTERMITTENT,5,132,10.671,12.800,4.926,5.900,18.152,17.600,ROP_MAX_SAFETY_STOCK,Intermittent consumption of 1.6 per month over 24 months with a 132-day lead time gives a reorder point of 12.8 against the current 10.671.,APPROVED,2026-07-23
REC-000461,000000000010000307,2000,Ball Mill Trunnion Bearing TYPE A KSB,CRITICAL,INTERMITTENT,0,123,8.809,16.700,4.909,9.300,26.663,22.200,ROP_MAX_SAFETY_STOCK,"Stock on hand 0 is below the current reorder point 8.809. At the CRITICAL service level of 98% and a 123-day lead time, the reorder point should be 16.7.",PROPOSED,2026-07-19
REC-000462,000000000080000076,4000,Screen Exciter Bearing 6/4 MULTOTEC,IMPACT,INTERMITTENT,3,25,3.279,2.400,2.622,1.900,5.126,4.200,ROP_MAX_SAFETY_STOCK,Intermittent consumption of 0.6 per month over 24 months with a 25-day lead time gives a reorder point of 2.4 against the current 3.279.,REJECTED,2026-05-10
REC-000463,000000000010000308,1000,Agitator Shaft Seal TYPE A SIEMENS,NORMAL,INTERMITTENT,5,19,2.650,1.900,1.685,1.200,4.153,5.200,ROP_MAX_SAFETY_STOCK,Intermittent consumption of 1.1 per month over 24 months with a 19-day lead time gives a reorder point of 1.9 against the current 2.65.,PROPOSED,2026-07-29
REC-000464,000000000010000309,4000,Mill Lube Pump Motor 150MM METSO,CRITICAL,SLOW,1,72,1.394,2.700,1.092,2.100,4.641,3.500,ROP_MAX_SAFETY_STOCK,Slow consumption of 0.2 per month over 24 months with a 72-day lead time gives a reorder point of 2.7 against the current 1.394.,APPROVED,2026-08-23
REC-000465,000000000080000077,2000,Cyclone Apex Liner TYPE A SKF,IMPACT,INTERMITTENT,3,52,2.351,3.700,1.632,2.600,7.389,5.700,ROP_MAX_SAFETY_STOCK,Intermittent consumption of 0.7 per month over 24 months with a 52-day lead time gives a reorder point of 3.7 against the current 2.351.,REJECTED,2026-08-03
REC-000466,000000000080000078,2000,Conveyor Take-Up Pulley 250MM METSO,IMPACT,INTERMITTENT,2,29,3.826,5.200,2.838,3.900,14.161,9.400,ROP_MAX_SAFETY_STOCK,"Stock on hand 3 is below the current reorder point 3.826. At the IMPACT service level of 95% and a 29-day lead time, the reorder point should be 5.2.",HELD,2026-07-07
REC-000467,000000000010000311,3000,Gland Packing Seal Ring TYPE B SKF,NORMAL,REGULAR,7,12,6.579,6.500,1.798,1.800,40.932,42.400,ROP_MAX_SAFETY_STOCK,"Stock on hand 0 is below the current reorder point 6.579. At the NORMAL service level of 85% and a 12-day lead time, the reorder point should be 6.5.",REJECTED,2026-05-24
REC-000468,000000000010000311,1000,Gland Packing Seal Ring TYPE B SKF,NORMAL,REGULAR,11,12,8.898,6.400,2.459,1.800,66.536,41.500,ROP_MAX_SAFETY_STOCK,"Stock on hand 4 is below the current reorder point 8.898. At the NORMAL service level of 85% and a 12-day lead time, the reorder point should be 6.4.",APPROVED,2026-07-11
REC-000469,000000000030000070,3000,Conveyor Take-Up Pulley 10/8 KSB,CRITICAL,ON_DEMAND,0,74,0.000,12.600,0.000,7.200,0.000,19.200,OAR_TO_MIN_MAX,This OAR material is classified CRITICAL on the critical parts list. Recommend Min-Max management with a reorder point of 12.6 and a maximum of 19.2.,PROPOSED,2026-08-05
REC-000470,000000000010000312,4000,Variable Speed Drive Unit 10/8 SANDVIK,IMPACT,REGULAR,12,32,60.781,36.300,18.794,11.200,150.161,107.900,ROP_MAX_SAFETY_STOCK,"Stock on hand 54 is below the current reorder point 60.781. At the IMPACT service level of 95% and a 32-day lead time, the reorder point should be 36.3.",REJECTED,2026-07-21
REC-000471,000000000010000313,4000,Conveyor Drive Motor 10/8 METSO,IMPACT,SLOW,5,32,1.005,1.800,0.765,1.400,4.707,3.000,ROP_MAX_SAFETY_STOCK,"Stock on hand 0 is below the current reorder point 1.005. At the IMPACT service level of 95% and a 32-day lead time, the reorder point should be 1.8.",APPROVED,2026-08-12
REC-000472,000000000010000314,2000,Level Radar Transmitter 55KW ABB,CRITICAL,INTERMITTENT,0,70,7.429,10.400,4.620,6.500,19.049,15.500,ROP_MAX_SAFETY_STOCK,"Stock on hand 0 is below the current reorder point 7.429. At the CRITICAL service level of 98% and a 70-day lead time, the reorder point should be 10.4.",PROPOSED,2026-06-29
REC-000473,000000000080000079,2000,Conveyor Drive Motor DN100 WEIR,CRITICAL,INTERMITTENT,5,147,19.173,12.100,11.224,7.100,24.278,15.200,ROP_MAX_SAFETY_STOCK,Stock on hand 28 exceeds the current maximum 24.278. Consumption of 1.0 per month supports a maximum of 15.2.,PROPOSED,2026-05-30
REC-000474,000000000010000315,3000,Ventilation Fan Motor 6/4 SKF,CRITICAL,INTERMITTENT,3,167,5.019,4.500,2.691,2.400,5.107,5.600,ROP_MAX_SAFETY_STOCK,Stock on hand 6 exceeds the current maximum 5.107. Consumption of 0.4 per month supports a maximum of 5.6.,APPROVED,2026-08-23
REC-000475,000000000010000316,1000,Apron Feeder Gear Reducer 150MM SKF,NORMAL,INTERMITTENT,6,39,6.234,4.600,3.116,2.300,9.503,10.000,ROP_MAX_SAFETY_STOCK,"Stock on hand 1 is below the current reorder point 6.234. At the NORMAL service level of 85% and a 39-day lead time, the reorder point should be 4.6.",APPROVED,2026-06-02
REC-000476,000000000010000316,2000,Apron Feeder Gear Reducer 150MM SKF,NORMAL,INTERMITTENT,4,39,1.362,3.300,0.822,2.000,5.787,6.400,ROP_MAX_SAFETY_STOCK,Intermittent consumption of 1.0 per month over 24 months with a 39-day lead time gives a reorder point of 3.3 against the current 1.362.,APPROVED,2026-07-07
REC-000477,000000000010000318,1000,Thickener Rake Seal Kit 55KW SKF,NORMAL,REGULAR,9,12,13.913,20.000,3.563,5.100,159.683,133.800,ROP_MAX_SAFETY_STOCK,Regular consumption of 37.9 per month over 24 months with a 12-day lead time gives a reorder point of 20 against the current 13.913.,APPROVED,2026-07-30
REC-000478,000000000010000319,2000,Hydraulic Pump Assembly 150MM SIEMENS,IMPACT,SLOW,1,21,1.402,0.900,1.220,0.800,1.796,1.400,ROP_MAX_SAFETY_STOCK,Stock on hand 2 exceeds the current maximum 1.796. Consumption of 0.2 per month supports a maximum of 1.4.,APPROVED,2026-08-24
REC-000479,000000000010000320,4000,Conveyor Take-Up Pulley HD MULTOTEC,IMPACT,SLOW,3,58,0.877,1.300,0.617,0.900,3.245,1.900,ROP_MAX_SAFETY_STOCK,Stock on hand 4 exceeds the current maximum 3.245. Consumption of 0.2 per month supports a maximum of 1.9.,APPROVED,2026-07-23
REC-000480,000000000080000080,4000,Flotation Cell Impeller 150MM MULTOTEC,NORMAL,INTERMITTENT,4,35,3.018,1.900,1.741,1.100,7.075,4.000,ROP_MAX_SAFETY_STOCK,Intermittent consumption of 0.7 per month over 24 months with a 35-day lead time gives a reorder point of 1.9 against the current 3.018.,APPROVED,2026-08-18
REC-000481,000000000010000322,3000,Variable Speed Drive Unit DN150 FLSM,INSURANCE,INTERMITTENT,4,132,11.714,8.500,5.482,4.000,11.714,11.600,ROP_MAX_SAFETY_STOCK,Stock on hand 14 exceeds the current maximum 11.714. Consumption of 1.0 per month supports a maximum of 11.6.,APPROVED,2026-06-08
REC-000482,000000000010000323,1000,Gland Packing Seal Ring 250KW MULTOTEC,CRITICAL,INTERMITTENT,0,80,17.002,11.600,9.093,6.200,18.042,17.700,ROP_MAX_SAFETY_STOCK,"Stock on hand 0 is below the current reorder point 17.002. At the CRITICAL service level of 98% and a 80-day lead time, the reorder point should be 11.6.",REJECTED,2026-07-10
REC-000483,000000000010000324,2000,Belt Scraper Blade Cartridge DN100,CRITICAL,INTERMITTENT,0,80,5.642,4.600,3.772,3.100,8.008,6.300,ROP_MAX_SAFETY_STOCK,"Stock on hand 0 is below the current reorder point 5.642. At the CRITICAL service level of 98% and a 80-day lead time, the reorder point should be 4.6.",HELD,2026-08-05
REC-000484,000000000080000081,1000,Slurry Pump Mechanical Seal 8/6 SKF,NORMAL,INTERMITTENT,4,12,2.629,2.300,1.944,1.700,6.133,6.900,ROP_MAX_SAFETY_STOCK,Intermittent consumption of 1.5 per month over 24 months with a 12-day lead time gives a reorder point of 2.3 against the current 2.629.,HELD,2026-07-17
REC-000485,000000000010000325,1000,Gland Packing Seal Ring 250MM FLSM,CRITICAL,REGULAR,10,69,52.143,81.900,15.298,24.000,186.223,158.500,ROP_MAX_SAFETY_STOCK,Regular consumption of 25.5 per month over 24 months with a 69-day lead time gives a reorder point of 81.9 against the current 52.143.,APPROVED,2026-05-15
REC-000486,000000000010000327,2000,Pressure Transmitter Assembly DN100 KSB,NORMAL,REGULAR,11,10,10.265,9.200,2.801,2.500,112.103,70.300,ROP_MAX_SAFETY_STOCK,Regular consumption of 20.4 per month over 24 months with a 10-day lead time gives a reorder point of 9.2 against the current 10.265.,PROPOSED,2026-08-16
REC-000487,000000000010000327,1000,Pressure Transmitter Assembly DN100 KSB,NORMAL,REGULAR,11,10,14.017,17.800,5.088,6.500,117.589,121.200,ROP_MAX_SAFETY_STOCK,Regular consumption of 34.5 per month over 24 months with a 10-day lead time gives a reorder point of 17.8 against the current 14.017.,HELD,2026-06-21
REC-000488,000000000010000328,3000,Crusher Hydroset Cylinder 55KW SANDVIK,CRITICAL,INTERMITTENT,6,172,15.408,17.300,6.583,7.400,22.763,22.600,ROP_MAX_SAFETY_STOCK,"Stock on hand 14 is below the current reorder point 15.408. At the CRITICAL service level of 98% and a 172-day lead time, the reorder point should be 17.3.",APPROVED,2026-07-15
REC-000489,000000000010000329,1000,Hydraulic Power Pack 55KW MULTOTEC,INSURANCE,REGULAR,11,110,81.873,66.900,11.282,9.200,98.836,114.800,ROP_MAX_SAFETY_STOCK,"Stock on hand 80 is below the current reorder point 81.873. At the INSURANCE service level of 90% and a 110-day lead time, the reorder point should be 66.9.",REJECTED,2026-06-22
REC-000490,000000000010000330,2000,Conveyor Drive Gearbox TYPE B KSB,CRITICAL,SLOW,1,91,2.617,2.300,1.773,1.600,3.762,3.000,ROP_MAX_SAFETY_STOCK,Slow consumption of 0.2 per month over 24 months with a 91-day lead time gives a reorder point of 2.3 against the current 2.617.,HELD,2026-07-28
REC-000491,000000000010000330,4000,Conveyor Drive Gearbox TYPE B KSB,CRITICAL,SLOW,2,91,2.808,1.900,2.052,1.400,2.808,2.400,ROP_MAX_SAFETY_STOCK,Stock on hand 4 exceeds the current maximum 2.808. Consumption of 0.2 per month supports a maximum of 2.4.,HELD,2026-05-15
REC-000492,000000000010000331,1000,Pump Impeller 150MM FLSM,NORMAL,REGULAR,10,25,10.383,20.200,2.100,4.100,67.294,78.800,ROP_MAX_SAFETY_STOCK,"Stock on hand 0 is below the current reorder point 10.383. At the NORMAL service level of 85% and a 25-day lead time, the reorder point should be 20.2.",REJECTED,2026-08-31
REC-000493,000000000010000331,3000,Pump Impeller 150MM FLSM,NORMAL,REGULAR,11,25,26.451,17.600,5.771,3.800,92.591,67.800,ROP_MAX_SAFETY_STOCK,Regular consumption of 16.8 per month over 24 months with a 25-day lead time gives a reorder point of 17.6 against the current 26.451.,APPROVED,2026-07-08
REC-000494,000000000010000332,2000,Slurry Pump Mechanical Seal HD METSO,INSURANCE,INTERMITTENT,5,132,13.436,16.500,6.079,7.500,36.384,22.800,ROP_MAX_SAFETY_STOCK,Intermittent consumption of 2.1 per month over 24 months with a 132-day lead time gives a reorder point of 16.5 against the current 13.436.,PROPOSED,2026-08-19
REC-000495,000000000030000074,3000,PLC Digital Output Card DN150 ABB,CRITICAL,ON_DEMAND,1,46,0.000,8.500,0.000,5.700,0.000,14.000,OAR_TO_MIN_MAX,This OAR material is classified CRITICAL on the critical parts list. Recommend Min-Max management with a reorder point of 8.5 and a maximum of 14.,REJECTED,2026-08-08
REC-000496,000000000010000333,4000,Ventilation Fan Motor TYPE B METSO,CRITICAL,INTERMITTENT,5,161,10.659,8.700,5.764,4.700,17.313,10.900,ROP_MAX_SAFETY_STOCK,"Stock on hand 9 is below the current reorder point 10.659. At the CRITICAL service level of 98% and a 161-day lead time, the reorder point should be 8.7.",APPROVED,2026-05-15
REC-000497,000000000080000082,1000,Gland Packing Seal Ring 200MM MULTOTEC,NORMAL,INTERMITTENT,5,60,14.191,9.100,6.868,4.400,15.532,16.200,ROP_MAX_SAFETY_STOCK,Stock on hand 33 exceeds the current maximum 15.532. Consumption of 2.4 per month supports a maximum of 16.2.,APPROVED,2026-09-02
REC-000498,000000000010000334,4000,Flotation Blower Motor 6/4 KSB,NORMAL,REGULAR,12,21,35.781,20.300,9.897,5.600,128.600,84.400,ROP_MAX_SAFETY_STOCK,Regular consumption of 21.4 per month over 24 months with a 21-day lead time gives a reorder point of 20.3 against the current 35.781.,APPROVED,2026-07-22
REC-000499,000000000010000335,2000,Ball Mill Shell Liner Plate 250KW SKF,INSURANCE,REGULAR,12,139,294.753,165.800,43.429,24.400,414.966,258.700,ROP_MAX_SAFETY_STOCK,"Stock on hand 218 is below the current reorder point 294.753. At the INSURANCE service level of 90% and a 139-day lead time, the reorder point should be 165.8.",PROPOSED,2026-05-23
REC-000500,000000000010000336,4000,Conveyor Drive Motor TYPE A SIEMENS,INSURANCE,INTERMITTENT,5,60,7.834,5.600,4.080,2.900,12.680,9.700,ROP_MAX_SAFETY_STOCK,Intermittent consumption of 1.4 per month over 24 months with a 60-day lead time gives a reorder point of 5.6 against the current 7.834.,APPROVED,2026-07-12
REC-000501,000000000010000337,1000,Valve Assembly 150MM MULTOTEC,INSURANCE,INTERMITTENT,4,33,2.711,4.000,1.676,2.500,13.349,8.200,ROP_MAX_SAFETY_STOCK,Intermittent consumption of 1.4 per month over 24 months with a 33-day lead time gives a reorder point of 4 against the current 2.711.,APPROVED,2026-08-17
REC-000502,000000000010000339,3000,Pump Impeller 150MM KSB,CRITICAL,INTERMITTENT,0,47,16.166,9.900,10.301,6.300,23.765,16.900,ROP_MAX_SAFETY_STOCK,"Stock on hand 0 is below the current reorder point 16.166. At the CRITICAL service level of 98% and a 47-day lead time, the reorder point should be 9.9.",PROPOSED,2026-06-27
REC-000503,000000000010000340,2000,Vertical Sump Pump Column 6/4 FLSM,NORMAL,REGULAR,12,51,91.826,78.300,17.383,14.800,171.734,191.900,ROP_MAX_SAFETY_STOCK,"Stock on hand 51 is below the current reorder point 91.826. At the NORMAL service level of 85% and a 51-day lead time, the reorder point should be 78.3.",HELD,2026-07-06
REC-000504,000000000090000018,3000,Ball Mill Trunnion Bearing 6/4 SANDVIK,OBSOLETE,NO_DEMAND,0,58,0.000,,0.000,,1.000,,NO_SAFETY_STOCK,Obsolete material: no safety stock recommended. Candidate for stock reduction review.,HELD,2026-07-17
REC-000505,000000000090000018,1000,Ball Mill Trunnion Bearing 6/4 SANDVIK,OBSOLETE,NO_DEMAND,0,58,0.000,,0.000,,1.000,,NO_SAFETY_STOCK,Obsolete material: no safety stock recommended. Candidate for stock reduction review.,APPROVED,2026-07-12
REC-000506,000000000010000341,2000,PLC Digital Output Card 10/8 ABB,CRITICAL,REGULAR,12,93,38.151,33.800,8.794,7.800,92.108,59.300,ROP_MAX_SAFETY_STOCK,"Stock on hand 34 is below the current reorder point 38.151. At the CRITICAL service level of 98% and a 93-day lead time, the reorder point should be 33.8.",APPROVED,2026-05-31
REC-000507,000000000010000343,3000,Level Radar Transmitter TYPE A SIEMENS,NORMAL,SLOW,1,31,1.013,0.800,0.787,0.600,1.987,1.300,ROP_MAX_SAFETY_STOCK,Stock on hand 2 exceeds the current maximum 1.987. Consumption of 0.2 per month supports a maximum of 1.3.,APPROVED,2026-05-11
REC-000508,000000000090000019,4000,Conveyor Pulley Bearing HD SKF,OBSOLETE,NO_DEMAND,0,10,0.000,,0.000,,1.000,,NO_SAFETY_STOCK,Obsolete material: no safety stock recommended. Candidate for stock reduction review.,APPROVED,2026-07-12
REC-000509,000000000010000344,2000,Ball Mill Shell Liner Plate 8/6 MULTOTEC,NORMAL,SLOW,2,16,0.540,0.500,0.375,0.300,1.077,1.400,ROP_MAX_SAFETY_STOCK,Slow consumption of 0.3 per month over 24 months with a 16-day lead time gives a reorder point of 0.5 against the current 0.54.,REJECTED,2026-07-31
REC-000510,000000000010000344,4000,Ball Mill Shell Liner Plate 8/6 MULTOTEC,NORMAL,SLOW,2,16,0.676,0.400,0.484,0.300,0.869,1.100,ROP_MAX_SAFETY_STOCK,Stock on hand 1 exceeds the current maximum 0.869. Consumption of 0.2 per month supports a maximum of 1.1.,APPROVED,2026-08-07
REC-000511,000000000010000345,3000,Pump Impeller 250KW WEIR,IMPACT,INTERMITTENT,4,31,4.152,3.500,2.993,2.500,5.747,6.400,ROP_MAX_SAFETY_STOCK,"Stock on hand 2 is below the current reorder point 4.152. At the IMPACT service level of 95% and a 31-day lead time, the reorder point should be 3.5.",HELD,2026-06-28
REC-000512,000000000080000083,1000,Soft Starter Power Module 6/4 KSB,IMPACT,INTERMITTENT,3,35,1.978,4.700,1.342,3.200,8.079,8.700,ROP_MAX_SAFETY_STOCK,Intermittent consumption of 1.3 per month over 24 months with a 35-day lead time gives a reorder point of 4.7 against the current 1.978.,HELD,2026-08-25
REC-000513,000000000080000083,3000,Soft Starter Power Module 6/4 KSB,IMPACT,INTERMITTENT,3,35,5.182,5.700,3.737,4.100,7.282,9.800,ROP_MAX_SAFETY_STOCK,Intermittent consumption of 1.4 per month over 24 months with a 35-day lead time gives a reorder point of 5.7 against the current 5.182.,PROPOSED,2026-08-24
REC-000514,000000000010000346,1000,Conveyor Drive Gearbox 8/6 SANDVIK,INSURANCE,REGULAR,12,77,88.024,53.600,13.174,8.000,118.679,107.700,ROP_MAX_SAFETY_STOCK,"Stock on hand 84 is below the current reorder point 88.024. At the INSURANCE service level of 90% and a 77-day lead time, the reorder point should be 53.6.",APPROVED,2026-06-26
REC-000515,000000000010000347,3000,Flow Meter Sensor Head 6/4 MULTOTEC,INSURANCE,INTERMITTENT,6,215,12.755,11.200,3.978,3.500,21.813,14.400,ROP_MAX_SAFETY_STOCK,"Stock on hand 8 is below the current reorder point 12.755. At the INSURANCE service level of 90% and a 215-day lead time, the reorder point should be 11.2.",APPROVED,2026-08-30
REC-000516,000000000010000349,1000,PLC Digital Output Card 250KW FLSM,NORMAL,INTERMITTENT,3,28,4.392,3.500,2.596,2.100,10.916,8.100,ROP_MAX_SAFETY_STOCK,Stock on hand 11 exceeds the current maximum 10.916. Consumption of 1.5 per month supports a maximum of 8.1.,REJECTED,2026-05-14
REC-000517,000000000010000351,1000,Crusher Hydroset Cylinder DN150 SEW,CRITICAL,REGULAR,10,141,74.894,147.900,14.483,28.600,200.029,225.200,ROP_MAX_SAFETY_STOCK,"Stock on hand 14 is below the current reorder point 74.894. At the CRITICAL service level of 98% and a 141-day lead time, the reorder point should be 147.9.",REJECTED,2026-07-06
REC-000518,000000000010000351,4000,Crusher Hydroset Cylinder DN150 SEW,CRITICAL,REGULAR,11,141,370.471,230.000,91.266,56.700,370.471,342.200,ROP_MAX_SAFETY_STOCK,"Stock on hand 321 is below the current reorder point 370.471. At the CRITICAL service level of 98% and a 141-day lead time, the reorder point should be 230.",HELD,2026-07-05
REC-000519,000000000090000020,2000,Centrifugal Pump Casing HD KSB,OBSOLETE,NO_DEMAND,0,41,0.000,,0.000,,1.000,,NO_SAFETY_STOCK,Obsolete material: no safety stock recommended. Candidate for stock reduction review.,APPROVED,2026-07-02
REC-000520,000000000090000020,3000,Centrifugal Pump Casing HD KSB,OBSOLETE,NO_DEMAND,0,41,0.000,,0.000,,1.000,,NO_SAFETY_STOCK,Obsolete material: no safety stock recommended. Candidate for stock reduction review.,APPROVED,2026-05-17
REC-000521,000000000010000352,3000,Slurry Pump Mechanical Seal 8/6 FLSM,INSURANCE,SLOW,4,59,3.884,2.800,2.309,1.700,7.114,4.500,ROP_MAX_SAFETY_STOCK,Slow consumption of 0.6 per month over 24 months with a 59-day lead time gives a reorder point of 2.8 against the current 3.884.,APPROVED,2026-06-29
REC-000522,000000000010000353,4000,Crusher Hydroset Cylinder 110KW KSB,CRITICAL,INTERMITTENT,5,113,10.920,13.800,6.027,7.600,16.471,18.800,ROP_MAX_SAFETY_STOCK,"Stock on hand 6 is below the current reorder point 10.92. At the CRITICAL service level of 98% and a 113-day lead time, the reorder point should be 13.8.",PROPOSED,2026-07-28
REC-000523,000000000010000354,4000,Thickener Rake Seal Kit TYPE A WEIR,NORMAL,INTERMITTENT,3,22,4.540,2.600,2.784,1.600,4.873,6.700,ROP_MAX_SAFETY_STOCK,"Stock on hand 4 is below the current reorder point 4.54. At the NORMAL service level of 85% and a 22-day lead time, the reorder point should be 2.6.",APPROVED,2026-06-21
REC-000524,000000000010000354,1000,Thickener Rake Seal Kit TYPE A WEIR,NORMAL,INTERMITTENT,4,22,0.516,1.200,0.309,0.700,4.770,3.100,ROP_MAX_SAFETY_STOCK,Intermittent consumption of 0.6 per month over 24 months with a 22-day lead time gives a reorder point of 1.2 against the current 0.516.,APPROVED,2026-05-11
REC-000525,000000000010000355,3000,Ball Mill Shell Liner Plate DN150 WEIR,NORMAL,INTERMITTENT,5,59,13.831,7.900,6.064,3.500,26.246,14.800,ROP_MAX_SAFETY_STOCK,Intermittent consumption of 2.3 per month over 24 months with a 59-day lead time gives a reorder point of 7.9 against the current 13.831.,APPROVED,2026-08-19
REC-000526,000000000010000356,1000,Flow Meter Sensor Head TYPE A FLSM,CRITICAL,INTERMITTENT,5,84,5.541,3.400,3.287,2.000,6.794,4.900,ROP_MAX_SAFETY_STOCK,"Stock on hand 3 is below the current reorder point 5.541. At the CRITICAL service level of 98% and a 84-day lead time, the reorder point should be 3.4.",PROPOSED,2026-07-30
REC-000527,000000000010000356,4000,Flow Meter Sensor Head TYPE A FLSM,CRITICAL,INTERMITTENT,8,84,8.258,5.300,4.649,3.000,11.087,7.800,ROP_MAX_SAFETY_STOCK,Intermittent consumption of 0.8 per month over 24 months with a 84-day lead time gives a reorder point of 5.3 against the current 8.258.,APPROVED,2026-08-31
REC-000528,000000000010000357,3000,Conveyor Idler Roller Set DN100 MULTOTEC,INSURANCE,INTERMITTENT,4,78,5.412,8.000,2.837,4.200,20.918,12.500,ROP_MAX_SAFETY_STOCK,"Stock on hand 1 is below the current reorder point 5.412. At the INSURANCE service level of 90% and a 78-day lead time, the reorder point should be 8.",APPROVED,2026-07-12
REC-000529,000000000010000357,4000,Conveyor Idler Roller Set DN100 MULTOTEC,INSURANCE,INTERMITTENT,6,78,5.857,5.200,2.850,2.500,9.612,8.300,ROP_MAX_SAFETY_STOCK,Stock on hand 10 exceeds the current maximum 9.612. Consumption of 1.0 per month supports a maximum of 8.3.,REJECTED,2026-08-30
REC-000530,000000000010000358,4000,Apron Feeder Gear Reducer TYPE B METSO,NORMAL,REGULAR,10,9,13.226,9.100,4.039,2.800,53.247,73.500,ROP_MAX_SAFETY_STOCK,Regular consumption of 21.5 per month over 24 months with a 9-day lead time gives a reorder point of 9.1 against the current 13.226.,PROPOSED,2026-06-18
REC-000531,000000000080000084,3000,Centrifugal Pump Casing 55KW SKF,NORMAL,INTERMITTENT,4,39,3.017,6.300,1.590,3.300,17.834,13.300,ROP_MAX_SAFETY_STOCK,Intermittent consumption of 2.3 per month over 24 months with a 39-day lead time gives a reorder point of 6.3 against the current 3.017.,APPROVED,2026-06-04
REC-000532,000000000010000359,3000,Slurry Density Transmitter 8/6 ABB,NORMAL,INTERMITTENT,5,41,4.011,2.500,2.257,1.400,8.071,4.900,ROP_MAX_SAFETY_STOCK,"Stock on hand 3 is below the current reorder point 4.011. At the NORMAL service level of 85% and a 41-day lead time, the reorder point should be 2.5.",REJECTED,2026-05-15
REC-000533,000000000010000359,4000,Slurry Density Transmitter 8/6 ABB,NORMAL,INTERMITTENT,4,41,6.577,3.800,3.769,2.200,9.839,7.400,ROP_MAX_SAFETY_STOCK,Stock on hand 16 exceeds the current maximum 9.839. Consumption of 1.2 per month supports a maximum of 7.4.,APPROVED,2026-06-12
REC-000534,000000000010000360,4000,Soft Starter Power Module TYPE B SANDVIK,NORMAL,INTERMITTENT,5,47,8.518,4.900,4.566,2.600,16.605,9.300,ROP_MAX_SAFETY_STOCK,Stock on hand 17 exceeds the current maximum 16.605. Consumption of 1.5 per month supports a maximum of 9.3.,APPROVED,2026-08-11
REC-000535,000000000010000361,4000,Ventilation Fan Motor DN100 SANDVIK,INSURANCE,INTERMITTENT,5,139,6.480,11.000,3.017,5.100,12.218,14.900,ROP_MAX_SAFETY_STOCK,Intermittent consumption of 1.3 per month over 24 months with a 139-day lead time gives a reorder point of 11 against the current 6.48.,REJECTED,2026-05-18
REC-000536,000000000010000362,4000,Slurry Density Transmitter 10/8 WEIR,NORMAL,REGULAR,11,38,76.341,49.700,15.181,9.900,164.834,145.300,ROP_MAX_SAFETY_STOCK,Regular consumption of 31.9 per month over 24 months with a 38-day lead time gives a reorder point of 49.7 against the current 76.341.,APPROVED,2026-05-22
REC-000537,000000000010000363,3000,Level Radar Transmitter 55KW METSO,CRITICAL,REGULAR,11,105,131.124,150.900,27.823,32.000,299.000,254.300,ROP_MAX_SAFETY_STOCK,Regular consumption of 34.5 per month over 24 months with a 105-day lead time gives a reorder point of 150.9 against the current 131.124.,REJECTED,2026-07-03
REC-000538,000000000010000363,1000,Level Radar Transmitter 55KW METSO,CRITICAL,REGULAR,9,105,71.913,99.400,19.416,26.800,138.791,162.500,ROP_MAX_SAFETY_STOCK,"Stock on hand 69 is below the current reorder point 71.913. At the CRITICAL service level of 98% and a 105-day lead time, the reorder point should be 99.4.",REJECTED,2026-07-31
REC-000539,000000000010000364,3000,Level Radar Transmitter 200MM WEIR,NORMAL,INTERMITTENT,2,58,5.999,5.200,3.244,2.800,15.041,8.900,ROP_MAX_SAFETY_STOCK,Intermittent consumption of 1.2 per month over 24 months with a 58-day lead time gives a reorder point of 5.2 against the current 5.999.,APPROVED,2026-06-16
REC-000540,000000000010000364,1000,Level Radar Transmitter 200MM WEIR,NORMAL,INTERMITTENT,2,58,4.369,3.200,2.559,1.900,8.876,5.300,ROP_MAX_SAFETY_STOCK,Intermittent consumption of 0.7 per month over 24 months with a 58-day lead time gives a reorder point of 3.2 against the current 4.369.,APPROVED,2026-07-29
REC-000541,000000000010000365,1000,Cyclone Apex Liner TYPE B MULTOTEC,CRITICAL,REGULAR,10,74,43.905,68.900,11.798,18.500,106.757,131.200,ROP_MAX_SAFETY_STOCK,"Stock on hand 4 is below the current reorder point 43.905. At the CRITICAL service level of 98% and a 74-day lead time, the reorder point should be 68.9.",REJECTED,2026-07-30
REC-000542,000000000010000365,2000,Cyclone Apex Liner TYPE B MULTOTEC,CRITICAL,REGULAR,12,74,58.201,55.100,15.031,14.200,97.689,105.600,ROP_MAX_SAFETY_STOCK,"Stock on hand 51 is below the current reorder point 58.201. At the CRITICAL service level of 98% and a 74-day lead time, the reorder point should be 55.1.",APPROVED,2026-07-22
REC-000543,000000000010000366,4000,Belt Scraper Blade Cartridge TYPE A FLSM,CRITICAL,INTERMITTENT,3,213,5.669,5.600,2.745,2.700,5.669,6.800,ROP_MAX_SAFETY_STOCK,Stock on hand 8 exceeds the current maximum 5.669. Consumption of 0.4 per month supports a maximum of 6.8.,REJECTED,2026-08-01
REC-000544,000000000080000085,4000,Flotation Blower Motor 250KW SANDVIK,CRITICAL,INTERMITTENT,4,31,4.402,5.200,3.468,4.100,7.907,8.400,ROP_MAX_SAFETY_STOCK,Intermittent consumption of 1.1 per month over 24 months with a 31-day lead time gives a reorder point of 5.2 against the current 4.402.,APPROVED,2026-07-09
REC-000545,000000000010000367,4000,Flow Meter Sensor Head DN150 SIEMENS,INSURANCE,REGULAR,11,111,173.551,106.200,21.362,13.100,213.679,182.800,ROP_MAX_SAFETY_STOCK,"Stock on hand 151 is below the current reorder point 173.551. At the INSURANCE service level of 90% and a 111-day lead time, the reorder point should be 106.2.",PROPOSED,2026-05-16
REC-000546,000000000030000081,1000,Valve Assembly 6/4 SANDVIK,CRITICAL,ON_DEMAND,0,120,0.000,5.500,0.000,2.900,0.000,7.500,OAR_TO_MIN_MAX,This OAR material is classified CRITICAL on the critical parts list. Recommend Min-Max management with a reorder point of 5.5 and a maximum of 7.5.,HELD,2026-05-27
REC-000547,000000000010000368,1000,Variable Speed Drive Unit 200MM MULTOTEC,NORMAL,REGULAR,10,49,26.021,51.600,5.639,11.200,116.112,127.000,ROP_MAX_SAFETY_STOCK,"Stock on hand 0 is below the current reorder point 26.021. At the NORMAL service level of 85% and a 49-day lead time, the reorder point should be 51.6.",PROPOSED,2026-06-23
REC-000548,000000000010000369,4000,Screen Exciter Bearing 10/8 METSO,CRITICAL,REGULAR,11,93,144.452,89.800,35.280,21.900,231.721,156.400,ROP_MAX_SAFETY_STOCK,"Stock on hand 96 is below the current reorder point 144.452. At the CRITICAL service level of 98% and a 93-day lead time, the reorder point should be 89.8.",PROPOSED,2026-08-23
REC-000549,000000000010000370,3000,Vertical Sump Pump Column 6/4 MULTOTEC,INSURANCE,INTERMITTENT,3,128,7.886,4.900,4.179,2.600,9.524,6.500,ROP_MAX_SAFETY_STOCK,"Stock on hand 5 is below the current reorder point 7.886. At the INSURANCE service level of 90% and a 128-day lead time, the reorder point should be 4.9.",APPROVED,2026-08-14
REC-000550,000000000010000370,4000,Vertical Sump Pump Column 6/4 MULTOTEC,INSURANCE,INTERMITTENT,3,128,7.830,7.800,3.434,3.400,11.450,10.900,ROP_MAX_SAFETY_STOCK,Intermittent consumption of 1.0 per month over 24 months with a 128-day lead time gives a reorder point of 7.8 against the current 7.83.,PROPOSED,2026-08-30
REC-000551,000000000080000086,1000,Belt Scraper Blade Cartridge DN100 METSO,IMPACT,INTERMITTENT,7,27,6.837,4.500,4.549,3.000,9.700,9.600,ROP_MAX_SAFETY_STOCK,Intermittent consumption of 1.7 per month over 24 months with a 27-day lead time gives a reorder point of 4.5 against the current 6.837.,PROPOSED,2026-06-07
REC-000552,000000000010000371,1000,Mill Lube Pump Motor 250KW KSB,CRITICAL,INTERMITTENT,0,142,19.670,13.400,12.793,8.700,19.670,16.400,ROP_MAX_SAFETY_STOCK,"Stock on hand 0 is below the current reorder point 19.67. At the CRITICAL service level of 98% and a 142-day lead time, the reorder point should be 13.4.",APPROVED,2026-06-30
REC-000553,000000000080000087,3000,Vertical Sump Pump Column DN150 SEW,IMPACT,INTERMITTENT,6,15,2.426,1.400,1.686,1.000,3.968,4.000,ROP_MAX_SAFETY_STOCK,"Stock on hand 1 is below the current reorder point 2.426. At the IMPACT service level of 95% and a 15-day lead time, the reorder point should be 1.4.",HELD,2026-07-28
REC-000554,000000000010000372,4000,Flotation Blower Motor 250MM MULTOTEC,INSURANCE,REGULAR,12,78,114.528,100.200,17.384,15.200,251.077,199.700,ROP_MAX_SAFETY_STOCK,Regular consumption of 33.2 per month over 24 months with a 78-day lead time gives a reorder point of 100.2 against the current 114.528.,APPROVED,2026-07-01
REC-000555,000000000010000372,1000,Flotation Blower Motor 250MM MULTOTEC,INSURANCE,REGULAR,12,78,57.856,35.500,8.957,5.500,117.639,70.600,ROP_MAX_SAFETY_STOCK,"Stock on hand 23 is below the current reorder point 57.856. At the INSURANCE service level of 90% and a 78-day lead time, the reorder point should be 35.5.",PROPOSED,2026-08-04
REC-000556,000000000010000373,4000,Conveyor Take-Up Pulley 150MM KSB,NORMAL,SLOW,3,21,0.453,0.600,0.312,0.400,2.029,1.400,ROP_MAX_SAFETY_STOCK,"Stock on hand 0 is below the current reorder point 0.453. At the NORMAL service level of 85% and a 21-day lead time, the reorder point should be 0.6.",REJECTED,2026-07-13
REC-000557,000000000080000088,1000,Hydraulic Power Pack 150MM SEW,IMPACT,INTERMITTENT,6,21,1.474,2.200,1.011,1.500,7.579,5.200,ROP_MAX_SAFETY_STOCK,"Stock on hand 0 is below the current reorder point 1.474. At the IMPACT service level of 95% and a 21-day lead time, the reorder point should be 2.2.",APPROVED,2026-08-05
REC-000558,000000000010000374,3000,Skirt Rubber Liner Section 6/4 MULTOTEC,CRITICAL,INTERMITTENT,0,56,1.877,3.500,1.220,2.300,9.502,5.500,ROP_MAX_SAFETY_STOCK,"Stock on hand 0 is below the current reorder point 1.877. At the CRITICAL service level of 98% and a 56-day lead time, the reorder point should be 3.5.",REJECTED,2026-06-21
REC-000559,000000000010000374,4000,Skirt Rubber Liner Section 6/4 MULTOTEC,CRITICAL,INTERMITTENT,0,56,8.794,7.000,5.399,4.300,9.883,11.400,ROP_MAX_SAFETY_STOCK,"Stock on hand 0 is below the current reorder point 8.794. At the CRITICAL service level of 98% and a 56-day lead time, the reorder point should be 7.",APPROVED,2026-06-29
REC-000560,000000000010000375,4000,Slurry Density Transmitter HD KSB,CRITICAL,INTERMITTENT,2,56,5.476,4.200,4.464,3.400,9.030,5.500,ROP_MAX_SAFETY_STOCK,Intermittent consumption of 0.4 per month over 24 months with a 56-day lead time gives a reorder point of 4.2 against the current 5.476.,REJECTED,2026-08-25
REC-000561,000000000030000083,3000,Flotation Cell Impeller 250KW SIEMENS,CRITICAL,ON_DEMAND,0,109,0.000,10.800,0.000,5.900,0.000,14.900,OAR_TO_MIN_MAX,This OAR material is classified CRITICAL on the critical parts list. Recommend Min-Max management with a reorder point of 10.8 and a maximum of 14.9.,PROPOSED,2026-06-05
REC-000562,000000000010000376,3000,Flow Meter Sensor Head DN150 SANDVIK,NORMAL,INTERMITTENT,3,51,4.641,3.600,2.694,2.100,6.354,6.300,ROP_MAX_SAFETY_STOCK,"Stock on hand 4 is below the current reorder point 4.641. At the NORMAL service level of 85% and a 51-day lead time, the reorder point should be 3.6.",APPROVED,2026-05-12
REC-000563,000000000010000376,1000,Flow Meter Sensor Head DN150 SANDVIK,NORMAL,INTERMITTENT,4,51,8.990,5.300,5.246,3.100,13.443,9.300,ROP_MAX_SAFETY_STOCK,Intermittent consumption of 1.3 per month over 24 months with a 51-day lead time gives a reorder point of 5.3 against the current 8.99.,HELD,2026-06-13
REC-000564,000000000010000377,2000,Hydraulic Power Pack 6/4 SIEMENS,CRITICAL,REGULAR,12,37,35.049,27.400,11.789,9.200,110.524,72.300,ROP_MAX_SAFETY_STOCK,Regular consumption of 15.0 per month over 24 months with a 37-day lead time gives a reorder point of 27.4 against the current 35.049.,HELD,2026-08-25
REC-000565,000000000010000378,2000,Conveyor Pulley Bearing 55KW SKF,INSURANCE,REGULAR,12,117,100.390,69.600,13.326,9.200,123.542,116.700,ROP_MAX_SAFETY_STOCK,Regular consumption of 15.7 per month over 24 months with a 117-day lead time gives a reorder point of 69.6 against the current 100.39.,APPROVED,2026-08-03
REC-000566,000000000010000379,3000,Pressure Transmitter Assembly DN100,CRITICAL,INTERMITTENT,0,33,4.030,3.300,2.954,2.400,5.236,5.700,ROP_MAX_SAFETY_STOCK,"Stock on hand 0 is below the current reorder point 4.03. At the CRITICAL service level of 98% and a 33-day lead time, the reorder point should be 3.3.",APPROVED,2026-06-19
REC-000567,000000000010000380,1000,Ball Mill Shell Liner Plate TYPE A WEIR,CRITICAL,INTERMITTENT,6,149,25.534,18.800,13.053,9.600,37.859,24.400,ROP_MAX_SAFETY_STOCK,Stock on hand 45 exceeds the current maximum 37.859. Consumption of 1.9 per month supports a maximum of 24.4.,APPROVED,2026-06-21
REC-000568,000000000010000381,4000,Ball Mill Gearbox Assembly 55KW METSO,INSURANCE,INTERMITTENT,7,213,7.896,4.600,2.917,1.700,7.896,5.800,ROP_MAX_SAFETY_STOCK,Stock on hand 8 exceeds the current maximum 7.896. Consumption of 0.4 per month supports a maximum of 5.8.,APPROVED,2026-05-15
REC-000569,000000000030000084,2000,Skirt Rubber Liner Section TYPE B ABB,IMPACT,ON_DEMAND,3,35,0.000,3.700,0.000,2.500,0.000,7.000,OAR_TO_MIN_MAX,This OAR material is classified IMPACT on the critical parts list. Recommend Min-Max management with a reorder point of 3.7 and a maximum of 7.,PROPOSED,2026-05-20
REC-000570,000000000010000382,2000,Slurry Density Transmitter 8/6 SEW,NORMAL,SLOW,2,57,1.167,1.700,0.739,1.100,4.255,2.700,ROP_MAX_SAFETY_STOCK,Slow consumption of 0.3 per month over 24 months with a 57-day lead time gives a reorder point of 1.7 against the current 1.167.,APPROVED,2026-06-01
REC-000571,000000000010000384,4000,Conveyor Drive Gearbox TYPE A SKF,INSURANCE,INTERMITTENT,5,151,7.999,7.400,3.119,2.900,8.814,10.200,ROP_MAX_SAFETY_STOCK,"Stock on hand 6 is below the current reorder point 7.999. At the INSURANCE service level of 90% and a 151-day lead time, the reorder point should be 7.4.",PROPOSED,2026-06-29
REC-000572,000000000030000085,4000,Centrifugal Pump Casing 110KW SIEMENS,CRITICAL,ON_DEMAND,2,60,0.000,8.100,0.000,5.100,0.000,12.600,OAR_TO_MIN_MAX,This OAR material is classified CRITICAL on the critical parts list. Recommend Min-Max management with a reorder point of 8.1 and a maximum of 12.6.,HELD,2026-06-25
REC-000573,000000000080000089,3000,Level Radar Transmitter DN100 FLSM,IMPACT,INTERMITTENT,4,31,2.071,2.000,1.480,1.400,4.153,3.600,ROP_MAX_SAFETY_STOCK,Intermittent consumption of 0.5 per month over 24 months with a 31-day lead time gives a reorder point of 2 against the current 2.071.,APPROVED,2026-08-27
REC-000574,000000000080000090,3000,Centrifugal Pump Casing 150MM ABB,NORMAL,INTERMITTENT,2,13,0.602,0.600,0.463,0.500,2.903,1.600,ROP_MAX_SAFETY_STOCK,Intermittent consumption of 0.3 per month over 24 months with a 13-day lead time gives a reorder point of 0.6 against the current 0.602.,REJECTED,2026-05-23
REC-000575,000000000080000090,1000,Centrifugal Pump Casing 150MM ABB,NORMAL,INTERMITTENT,5,13,3.398,2.200,2.377,1.500,5.107,6.800,ROP_MAX_SAFETY_STOCK,"Stock on hand 1 is below the current reorder point 3.398. At the NORMAL service level of 85% and a 13-day lead time, the reorder point should be 2.2.",HELD,2026-08-10
REC-000576,000000000010000385,2000,Conveyor Pulley Bearing 200MM WEIR,INSURANCE,REGULAR,12,126,176.256,178.100,23.692,23.900,502.739,289.900,ROP_MAX_SAFETY_STOCK,"Stock on hand 117 is below the current reorder point 176.256. At the INSURANCE service level of 90% and a 126-day lead time, the reorder point should be 178.1.",REJECTED,2026-08-17
REC-000577,000000000030000087,1000,Slurry Density Transmitter 250MM WEIR,IMPACT,ON_DEMAND,3,11,0.000,3.400,0.000,2.500,0.000,10.800,OAR_TO_MIN_MAX,This OAR material is classified IMPACT on the critical parts list. Recommend Min-Max management with a reorder point of 3.4 and a maximum of 10.8.,REJECTED,2026-07-20
REC-000578,000000000010000386,2000,Cyclone Apex Liner 8/6 SANDVIK,NORMAL,REGULAR,12,36,79.262,56.400,15.868,11.300,238.023,170.900,ROP_MAX_SAFETY_STOCK,"Stock on hand 26 is below the current reorder point 79.262. At the NORMAL service level of 85% and a 36-day lead time, the reorder point should be 56.4.",PROPOSED,2026-06-07
REC-000579,000000000010000387,1000,PLC Digital Output Card 150MM KSB,CRITICAL,INTERMITTENT,1,139,14.527,9.500,10.130,6.600,14.527,11.400,ROP_MAX_SAFETY_STOCK,"Stock on hand 0 is below the current reorder point 14.527. At the CRITICAL service level of 98% and a 139-day lead time, the reorder point should be 9.5.",PROPOSED,2026-07-23
REC-000580,000000000010000387,2000,PLC Digital Output Card 150MM KSB,CRITICAL,INTERMITTENT,0,139,17.346,12.800,11.135,8.200,28.191,15.800,ROP_MAX_SAFETY_STOCK,"Stock on hand 0 is below the current reorder point 17.346. At the CRITICAL service level of 98% and a 139-day lead time, the reorder point should be 12.8.",HELD,2026-05-27
REC-000581,000000000090000021,1000,PLC Digital Output Card DN100 MULTOTEC,OBSOLETE,NO_DEMAND,0,54,0.000,,0.000,,1.000,,NO_SAFETY_STOCK,Obsolete material: no safety stock recommended. Candidate for stock reduction review.,APPROVED,2026-09-01
REC-000582,000000000080000091,3000,Flotation Cell Impeller 250KW KSB,IMPACT,INTERMITTENT,5,30,4.343,4.100,2.981,2.800,7.446,8.000,ROP_MAX_SAFETY_STOCK,"Stock on hand 4 is below the current reorder point 4.343. At the IMPACT service level of 95% and a 30-day lead time, the reorder point should be 4.1.",APPROVED,2026-05-19
REC-000583,000000000010000389,1000,Level Radar Transmitter TYPE B FLSM,NORMAL,SLOW,3,44,1.234,1.400,0.818,0.900,2.641,2.400,ROP_MAX_SAFETY_STOCK,"Stock on hand 0 is below the current reorder point 1.234. At the NORMAL service level of 85% and a 44-day lead time, the reorder point should be 1.4.",APPROVED,2026-06-12
REC-000584,000000000010000390,1000,Apron Feeder Gear Reducer 110KW ABB,CRITICAL,INTERMITTENT,0,87,19.116,11.100,12.382,7.200,21.482,15.200,ROP_MAX_SAFETY_STOCK,"Stock on hand 0 is below the current reorder point 19.116. At the CRITICAL service level of 98% and a 87-day lead time, the reorder point should be 11.1.",PROPOSED,2026-05-30
REC-000585,000000000010000390,2000,Apron Feeder Gear Reducer 110KW ABB,CRITICAL,INTERMITTENT,0,87,23.820,14.800,14.459,9.000,32.003,20.900,ROP_MAX_SAFETY_STOCK,"Stock on hand 0 is below the current reorder point 23.82. At the CRITICAL service level of 98% and a 87-day lead time, the reorder point should be 14.8.",APPROVED,2026-08-16
REC-000586,000000000080000092,3000,Pressure Transmitter Assembly HD SEW,NORMAL,INTERMITTENT,4,50,1.430,2.700,0.730,1.400,5.587,5.100,ROP_MAX_SAFETY_STOCK,Intermittent consumption of 0.8 per month over 24 months with a 50-day lead time gives a reorder point of 2.7 against the current 1.43.,PROPOSED,2026-06-03
REC-000587,000000000080000092,1000,Pressure Transmitter Assembly HD SEW,NORMAL,INTERMITTENT,5,50,8.879,5.000,4.271,2.400,12.347,9.800,ROP_MAX_SAFETY_STOCK,Stock on hand 13 exceeds the current maximum 12.347. Consumption of 1.6 per month supports a maximum of 9.8.,HELD,2026-07-23
REC-000588,000000000010000391,4000,Flotation Cell Impeller 10/8 WEIR,CRITICAL,INTERMITTENT,3,90,7.814,8.900,5.088,5.800,20.012,12.000,ROP_MAX_SAFETY_STOCK,Intermittent consumption of 1.0 per month over 24 months with a 90-day lead time gives a reorder point of 8.9 against the current 7.814.,HELD,2026-07-21
REC-000589,000000000010000392,2000,Skirt Rubber Liner Section TYPE B SKF,INSURANCE,INTERMITTENT,5,209,15.754,11.800,6.524,4.900,20.841,14.800,ROP_MAX_SAFETY_STOCK,"Stock on hand 12 is below the current reorder point 15.754. At the INSURANCE service level of 90% and a 209-day lead time, the reorder point should be 11.8.",PROPOSED,2026-08-21
REC-000590,000000000010000393,3000,Conveyor Idler Roller Set 10/8 KSB,IMPACT,REGULAR,11,7,4.585,8.500,2.100,3.900,79.913,69.100,ROP_MAX_SAFETY_STOCK,Stock on hand 80 exceeds the current maximum 79.913. Consumption of 20.2 per month supports a maximum of 69.1.,APPROVED,2026-08-19
REC-000591,000000000010000393,2000,Conveyor Idler Roller Set 10/8 KSB,IMPACT,REGULAR,12,7,13.989,10.100,6.086,4.400,140.507,84.100,ROP_MAX_SAFETY_STOCK,Regular consumption of 24.7 per month over 24 months with a 7-day lead time gives a reorder point of 10.1 against the current 13.989.,HELD,2026-08-03
REC-000592,000000000010000394,2000,Ball Mill Shell Liner Plate 6/4 SEW,CRITICAL,SLOW,2,124,5.885,5.100,3.940,3.400,8.050,6.300,ROP_MAX_SAFETY_STOCK,Stock on hand 10 exceeds the current maximum 8.05. Consumption of 0.4 per month supports a maximum of 6.3.,APPROVED,2026-07-26
REC-000593,000000000010000394,4000,Ball Mill Shell Liner Plate 6/4 SEW,CRITICAL,SLOW,2,124,10.882,6.200,6.728,3.800,10.882,8.000,ROP_MAX_SAFETY_STOCK,Stock on hand 13 exceeds the current maximum 10.882. Consumption of 0.6 per month supports a maximum of 8.,PROPOSED,2026-07-20
REC-000594,000000000010000395,1000,Slurry Pump Wet End Assembly 6/4,NORMAL,INTERMITTENT,1,9,0.757,0.700,0.607,0.600,2.490,2.200,ROP_MAX_SAFETY_STOCK,Intermittent consumption of 0.5 per month over 24 months with a 9-day lead time gives a reorder point of 0.7 against the current 0.757.,REJECTED,2026-05-17
REC-000595,000000000010000395,4000,Slurry Pump Wet End Assembly 6/4,NORMAL,INTERMITTENT,2,9,2.394,1.600,1.835,1.200,5.772,5.300,ROP_MAX_SAFETY_STOCK,Intermittent consumption of 1.2 per month over 24 months with a 9-day lead time gives a reorder point of 1.6 against the current 2.394.,APPROVED,2026-07-17
REC-000596,000000000010000396,3000,Slurry Pump Wet End Assembly TYPE B WEIR,CRITICAL,INTERMITTENT,6,178,11.423,10.500,5.545,5.100,19.293,13.200,ROP_MAX_SAFETY_STOCK,Intermittent consumption of 0.9 per month over 24 months with a 178-day lead time gives a reorder point of 10.5 against the current 11.423.,PROPOSED,2026-06-21
REC-000597,000000000090000022,1000,Flotation Cell Impeller 10/8 WEIR,OBSOLETE,NO_DEMAND,0,21,0.000,,0.000,,1.000,,NO_SAFETY_STOCK,Obsolete material: no safety stock recommended. Candidate for stock reduction review.,PROPOSED,2026-06-27
REC-000598,000000000090000022,2000,Flotation Cell Impeller 10/8 WEIR,OBSOLETE,NO_DEMAND,0,21,0.000,,0.000,,1.000,,NO_SAFETY_STOCK,Obsolete material: no safety stock recommended. Candidate for stock reduction review.,PROPOSED,2026-05-27
REC-000599,000000000010000397,1000,Pump Impeller 200MM METSO,IMPACT,REGULAR,12,23,37.611,21.500,10.799,6.200,86.003,82.400,ROP_MAX_SAFETY_STOCK,Regular consumption of 20.3 per month over 24 months with a 23-day lead time gives a reorder point of 21.5 against the current 37.611.,PROPOSED,2026-06-12
REC-000600,000000000010000399,2000,Variable Speed Drive Unit 110KW SKF,IMPACT,REGULAR,11,39,64.284,42.500,15.606,10.300,114.330,117.900,ROP_MAX_SAFETY_STOCK,"Stock on hand 61 is below the current reorder point 64.284. At the IMPACT service level of 95% and a 39-day lead time, the reorder point should be 42.5.",HELD,2026-08-02
REC-000601,000000000010000401,4000,Thickener Rake Seal Kit 200MM WEIR,IMPACT,REGULAR,12,8,8.032,4.500,3.574,2.000,51.752,33.200,ROP_MAX_SAFETY_STOCK,Regular consumption of 9.6 per month over 24 months with a 8-day lead time gives a reorder point of 4.5 against the current 8.032.,REJECTED,2026-06-21
REC-000602,000000000080000093,3000,Centrifugal Pump Casing 55KW MULTOTEC,IMPACT,INTERMITTENT,5,16,5.848,4.100,4.293,3.000,11.700,10.300,ROP_MAX_SAFETY_STOCK,"Stock on hand 5 is below the current reorder point 5.848. At the IMPACT service level of 95% and a 16-day lead time, the reorder point should be 4.1.",APPROVED,2026-06-12
REC-000603,000000000010000402,3000,Slurry Pump Mechanical Seal 6/4 WEIR,CRITICAL,INTERMITTENT,0,150,23.195,18.100,12.442,9.700,40.728,23.200,ROP_MAX_SAFETY_STOCK,"Stock on hand 0 is below the current reorder point 23.195. At the CRITICAL service level of 98% and a 150-day lead time, the reorder point should be 18.1.",PROPOSED,2026-06-22
REC-000604,000000000010000402,4000,Slurry Pump Mechanical Seal 6/4 WEIR,CRITICAL,INTERMITTENT,0,150,50.041,27.800,26.428,14.700,50.041,35.800,ROP_MAX_SAFETY_STOCK,"Stock on hand 0 is below the current reorder point 50.041. At the CRITICAL service level of 98% and a 150-day lead time, the reorder point should be 27.8.",APPROVED,2026-06-03
REC-000605,000000000010000403,3000,Conveyor Pulley Bearing 250MM FLSM,NORMAL,REGULAR,12,42,54.707,33.300,11.700,7.100,91.372,90.300,ROP_MAX_SAFETY_STOCK,Regular consumption of 19.0 per month over 24 months with a 42-day lead time gives a reorder point of 33.3 against the current 54.707.,REJECTED,2026-06-25
REC-000606,000000000010000404,3000,Ball Mill Gearbox Assembly 150MM KSB,INSURANCE,REGULAR,12,110,209.185,157.700,23.952,18.100,466.242,273.600,ROP_MAX_SAFETY_STOCK,"Stock on hand 149 is below the current reorder point 209.185. At the INSURANCE service level of 90% and a 110-day lead time, the reorder point should be 157.7.",REJECTED,2026-05-30
REC-000607,000000000080000094,1000,Mill Lube Pump Motor DN150 MULTOTEC,IMPACT,INTERMITTENT,4,43,1.293,2.600,0.998,2.000,3.355,3.900,ROP_MAX_SAFETY_STOCK,"Stock on hand 0 is below the current reorder point 1.293. At the IMPACT service level of 95% and a 43-day lead time, the reorder point should be 2.6.",APPROVED,2026-06-17
REC-000608,000000000030000091,1000,Conveyor Drive Gearbox 10/8 SKF,IMPACT,ON_DEMAND,2,56,0.000,4.300,0.000,2.700,0.000,6.900,OAR_TO_MIN_MAX,This OAR material is classified IMPACT on the critical parts list. Recommend Min-Max management with a reorder point of 4.3 and a maximum of 6.9.,APPROVED,2026-07-08
REC-000609,000000000010000406,3000,Flow Meter Sensor Head HD KSB,CRITICAL,INTERMITTENT,5,214,2.797,6.800,1.121,2.700,9.089,8.600,ROP_MAX_SAFETY_STOCK,"Stock on hand 0 is below the current reorder point 2.797. At the CRITICAL service level of 98% and a 214-day lead time, the reorder point should be 6.8.",APPROVED,2026-07-09
REC-000610,000000000010000406,1000,Flow Meter Sensor Head HD KSB,CRITICAL,INTERMITTENT,5,214,3.427,6.000,1.585,2.800,9.724,7.400,ROP_MAX_SAFETY_STOCK,Intermittent consumption of 0.5 per month over 24 months with a 214-day lead time gives a reorder point of 6 against the current 3.427.,HELD,2026-08-05
REC-000611,000000000030000093,1000,Crusher Hydroset Cylinder 110KW SANDVIK,CRITICAL,ON_DEMAND,1,130,0.000,13.900,0.000,6.800,0.000,18.900,OAR_TO_MIN_MAX,This OAR material is classified CRITICAL on the critical parts list. Recommend Min-Max management with a reorder point of 13.9 and a maximum of 18.9.,PROPOSED,2026-05-18
REC-000612,000000000080000095,2000,Ball Mill Shell Liner Plate 10/8,CRITICAL,INTERMITTENT,6,114,26.993,15.400,15.232,8.700,26.993,20.800,ROP_MAX_SAFETY_STOCK,Stock on hand 31 exceeds the current maximum 26.993. Consumption of 1.8 per month supports a maximum of 20.8.,APPROVED,2026-06-06
REC-000613,000000000010000408,2000,Screen Exciter Bearing 250KW KSB,NORMAL,REGULAR,8,45,20.866,46.300,3.111,6.900,109.893,126.200,ROP_MAX_SAFETY_STOCK,Stock on hand 110 exceeds the current maximum 109.893. Consumption of 26.6 per month supports a maximum of 126.2.,PROPOSED,2026-08-21
REC-000614,000000000080000096,3000,Screen Exciter Bearing 150MM KSB,IMPACT,INTERMITTENT,7,27,2.949,3.300,2.038,2.300,8.116,6.800,ROP_MAX_SAFETY_STOCK,Intermittent consumption of 1.2 per month over 24 months with a 27-day lead time gives a reorder point of 3.3 against the current 2.949.,APPROVED,2026-07-29
REC-000615,000000000080000096,4000,Screen Exciter Bearing 150MM KSB,IMPACT,INTERMITTENT,6,27,2.410,3.600,1.648,2.500,11.067,7.500,ROP_MAX_SAFETY_STOCK,Intermittent consumption of 1.3 per month over 24 months with a 27-day lead time gives a reorder point of 3.6 against the current 2.41.,REJECTED,2026-08-11
REC-000616,000000000010000409,2000,Slurry Pump Mechanical Seal 250MM KSB,IMPACT,INTERMITTENT,4,45,3.543,2.600,2.332,1.700,4.113,4.300,ROP_MAX_SAFETY_STOCK,"Stock on hand 3 is below the current reorder point 3.543. At the IMPACT service level of 95% and a 45-day lead time, the reorder point should be 2.6.",APPROVED,2026-08-17
REC-000617,000000000080000097,2000,PLC Digital Output Card 200MM WEIR,IMPACT,INTERMITTENT,4,19,2.413,2.200,1.873,1.700,4.788,4.600,ROP_MAX_SAFETY_STOCK,"Stock on hand 0 is below the current reorder point 2.413. At the IMPACT service level of 95% and a 19-day lead time, the reorder point should be 2.2.",REJECTED,2026-05-30
REC-000618,000000000080000097,4000,PLC Digital Output Card 200MM WEIR,IMPACT,INTERMITTENT,8,19,4.344,2.800,2.778,1.800,5.625,7.500,ROP_MAX_SAFETY_STOCK,Stock on hand 7 exceeds the current maximum 5.625. Consumption of 1.6 per month supports a maximum of 7.5.,HELD,2026-05-31
REC-000619,000000000010000410,3000,Level Radar Transmitter 6/4 FLSM,IMPACT,REGULAR,11,49,60.611,44.500,15.082,11.100,100.763,106.800,ROP_MAX_SAFETY_STOCK,Stock on hand 102 exceeds the current maximum 100.763. Consumption of 20.8 per month supports a maximum of 106.8.,APPROVED,2026-05-27
REC-000620,000000000010000410,4000,Level Radar Transmitter 6/4 FLSM,IMPACT,REGULAR,11,49,87.012,51.500,23.623,14.000,194.400,121.400,ROP_MAX_SAFETY_STOCK,Regular consumption of 23.3 per month over 24 months with a 49-day lead time gives a reorder point of 51.5 against the current 87.012.,APPROVED,2026-07-06
REC-000621,000000000010000411,4000,Conveyor Drive Gearbox DN150 SEW,CRITICAL,SLOW,2,83,2.217,1.800,1.640,1.300,2.372,2.300,ROP_MAX_SAFETY_STOCK,"Stock on hand 2 is below the current reorder point 2.217. At the CRITICAL service level of 98% and a 83-day lead time, the reorder point should be 1.8.",APPROVED,2026-08-10
REC-000622,000000000080000098,1000,Vertical Sump Pump Column 110KW WEIR,IMPACT,INTERMITTENT,4,13,1.584,1.000,1.287,0.800,3.580,2.200,ROP_MAX_SAFETY_STOCK,Intermittent consumption of 0.4 per month over 24 months with a 13-day lead time gives a reorder point of 1 against the current 1.584.,APPROVED,2026-06-04
REC-000623,000000000080000098,3000,Vertical Sump Pump Column 110KW WEIR,IMPACT,INTERMITTENT,7,13,3.520,2.000,2.505,1.400,7.261,6.000,ROP_MAX_SAFETY_STOCK,Intermittent consumption of 1.3 per month over 24 months with a 13-day lead time gives a reorder point of 2 against the current 3.52.,PROPOSED,2026-08-28
REC-000624,000000000010000412,3000,Agitator Shaft Seal DN100 SANDVIK,CRITICAL,INTERMITTENT,3,141,10.737,12.300,6.004,6.900,19.874,15.800,ROP_MAX_SAFETY_STOCK,Intermittent consumption of 1.2 per month over 24 months with a 141-day lead time gives a reorder point of 12.3 against the current 10.737.,HELD,2026-07-02
REC-000625,000000000010000412,1000,Agitator Shaft Seal DN100 SANDVIK,CRITICAL,INTERMITTENT,6,141,22.768,13.300,12.176,7.100,28.396,17.300,ROP_MAX_SAFETY_STOCK,"Stock on hand 19 is below the current reorder point 22.768. At the CRITICAL service level of 98% and a 141-day lead time, the reorder point should be 13.3.",APPROVED,2026-08-15
REC-000626,000000000010000413,1000,Thickener Rake Seal Kit TYPE B SEW,CRITICAL,INTERMITTENT,8,177,11.947,11.300,5.311,5.000,23.032,14.600,ROP_MAX_SAFETY_STOCK,"Stock on hand 11 is below the current reorder point 11.947. At the CRITICAL service level of 98% and a 177-day lead time, the reorder point should be 11.3.",PROPOSED,2026-06-25
REC-000627,000000000010000414,3000,Conveyor Drive Gearbox 6/4 KSB,NORMAL,INTERMITTENT,4,25,2.629,1.600,1.454,0.900,4.707,4.200,ROP_MAX_SAFETY_STOCK,Intermittent consumption of 0.9 per month over 24 months with a 25-day lead time gives a reorder point of 1.6 against the current 2.629.,PROPOSED,2026-09-02
REC-000628,000000000010000414,1000,Conveyor Drive Gearbox 6/4 KSB,NORMAL,INTERMITTENT,4,25,2.256,1.300,1.388,0.800,4.479,3.200,ROP_MAX_SAFETY_STOCK,Intermittent consumption of 0.6 per month over 24 months with a 25-day lead time gives a reorder point of 1.3 against the current 2.256.,PROPOSED,2026-06-18
REC-000629,000000000010000416,4000,Vertical Sump Pump Column 150MM FLSM,NORMAL,REGULAR,11,12,3.294,7.400,1.114,2.500,34.280,44.600,ROP_MAX_SAFETY_STOCK,"Stock on hand 0 is below the current reorder point 3.294. At the NORMAL service level of 85% and a 12-day lead time, the reorder point should be 7.4.",HELD,2026-05-22
REC-000630,000000000010000417,3000,Belt Scraper Blade Cartridge HD KSB,NORMAL,REGULAR,11,22,29.076,23.900,6.051,5.000,139.387,102.200,ROP_MAX_SAFETY_STOCK,Regular consumption of 26.1 per month over 24 months with a 22-day lead time gives a reorder point of 23.9 against the current 29.076.,REJECTED,2026-08-10
REC-000631,000000000010000417,4000,Belt Scraper Blade Cartridge HD KSB,NORMAL,REGULAR,12,22,34.769,31.600,8.518,7.700,110.022,130.600,ROP_MAX_SAFETY_STOCK,"Stock on hand 26 is below the current reorder point 34.769. At the NORMAL service level of 85% and a 22-day lead time, the reorder point should be 31.6.",PROPOSED,2026-08-22
REC-000632,000000000080000099,3000,Mill Liner TYPE B FLSM,IMPACT,INTERMITTENT,7,29,4.746,3.300,3.017,2.100,11.921,7.000,ROP_MAX_SAFETY_STOCK,"Stock on hand 4 is below the current reorder point 4.746. At the IMPACT service level of 95% and a 29-day lead time, the reorder point should be 3.3.",APPROVED,2026-07-01
REC-000633,000000000010000418,4000,Flow Meter Sensor Head 10/8 SEW,INSURANCE,INTERMITTENT,6,149,5.907,5.400,2.559,2.300,8.681,7.300,ROP_MAX_SAFETY_STOCK,"Stock on hand 1 is below the current reorder point 5.907. At the INSURANCE service level of 90% and a 149-day lead time, the reorder point should be 5.4.",PROPOSED,2026-08-21
REC-000634,000000000010000419,2000,Mill Liner DN150 METSO,CRITICAL,INTERMITTENT,4,181,5.490,5.200,2.653,2.500,8.047,6.600,ROP_MAX_SAFETY_STOCK,"Stock on hand 5 is below the current reorder point 5.49. At the CRITICAL service level of 98% and a 181-day lead time, the reorder point should be 5.2.",REJECTED,2026-08-01
REC-000635,000000000010000421,4000,Cyclone Apex Liner 6/4 WEIR,CRITICAL,INTERMITTENT,8,32,12.318,6.900,8.417,4.700,17.318,13.200,ROP_MAX_SAFETY_STOCK,"Stock on hand 12 is below the current reorder point 12.318. At the CRITICAL service level of 98% and a 32-day lead time, the reorder point should be 6.9.",APPROVED,2026-06-13
REC-000636,000000000010000421,2000,Cyclone Apex Liner 6/4 WEIR,CRITICAL,INTERMITTENT,5,32,12.289,7.400,8.818,5.300,13.867,13.400,ROP_MAX_SAFETY_STOCK,Stock on hand 16 exceeds the current maximum 13.867. Consumption of 2.0 per month supports a maximum of 13.4.,APPROVED,2026-07-11
REC-000637,000000000010000422,1000,Vertical Sump Pump Column 150MM FLSM,INSURANCE,SLOW,3,119,4.427,3.700,2.495,2.100,5.678,5.000,ROP_MAX_SAFETY_STOCK,"Stock on hand 3 is below the current reorder point 4.427. At the INSURANCE service level of 90% and a 119-day lead time, the reorder point should be 3.7.",HELD,2026-07-11
REC-000638,000000000010000423,4000,Hydraulic Pump Assembly 6/4 ABB,CRITICAL,SLOW,2,44,0.584,1.100,0.465,0.900,1.415,1.600,ROP_MAX_SAFETY_STOCK,Slow consumption of 0.2 per month over 24 months with a 44-day lead time gives a reorder point of 1.1 against the current 0.584.,REJECTED,2026-05-16
REC-000639,000000000080000100,4000,Ventilation Fan Motor 110KW KSB,IMPACT,INTERMITTENT,4,40,1.528,2.400,1.000,1.600,3.032,4.300,ROP_MAX_SAFETY_STOCK,"Stock on hand 0 is below the current reorder point 1.528. At the IMPACT service level of 95% and a 40-day lead time, the reorder point should be 2.4.",APPROVED,2026-08-28
REC-000640,000000000080000100,1000,Ventilation Fan Motor 110KW KSB,IMPACT,INTERMITTENT,4,40,9.257,6.000,5.683,3.700,16.518,11.200,ROP_MAX_SAFETY_STOCK,Intermittent consumption of 1.8 per month over 24 months with a 40-day lead time gives a reorder point of 6 against the current 9.257.,PROPOSED,2026-07-10
REC-000641,000000000010000424,2000,Ball Mill Gearbox Assembly TYPE A METSO,CRITICAL,INTERMITTENT,0,42,7.505,7.700,5.251,5.400,20.420,12.700,ROP_MAX_SAFETY_STOCK,"Stock on hand 0 is below the current reorder point 7.505. At the CRITICAL service level of 98% and a 42-day lead time, the reorder point should be 7.7.",REJECTED,2026-05-11
REC-000642,000000000010000425,1000,Mill Liner 10/8 METSO,CRITICAL,INTERMITTENT,0,46,7.278,6.000,4.834,4.000,10.263,10.000,ROP_MAX_SAFETY_STOCK,"Stock on hand 0 is below the current reorder point 7.278. At the CRITICAL service level of 98% and a 46-day lead time, the reorder point should be 6.",REJECTED,2026-06-27
REC-000643,000000000010000426,1000,Hydraulic Power Pack 200MM SKF,INSURANCE,SLOW,3,98,3.920,2.900,2.430,1.800,4.750,3.900,ROP_MAX_SAFETY_STOCK,Stock on hand 6 exceeds the current maximum 4.75. Consumption of 0.3 per month supports a maximum of 3.9.,PROPOSED,2026-06-03
REC-000644,000000000010000427,4000,Conveyor Drive Gearbox 55KW SANDVIK,NORMAL,REGULAR,12,11,20.840,20.200,6.017,5.800,190.004,139.600,ROP_MAX_SAFETY_STOCK,Regular consumption of 39.8 per month over 24 months with a 11-day lead time gives a reorder point of 20.2 against the current 20.84.,PROPOSED,2026-06-14
REC-000645,000000000010000428,3000,Hydraulic Power Pack TYPE A SKF,NORMAL,INTERMITTENT,3,55,2.787,2.500,1.468,1.300,4.402,4.500,ROP_MAX_SAFETY_STOCK,"Stock on hand 2 is below the current reorder point 2.787. At the NORMAL service level of 85% and a 55-day lead time, the reorder point should be 2.5.",PROPOSED,2026-08-06
REC-000646,000000000010000429,2000,Conveyor Drive Motor DN100 METSO,CRITICAL,INTERMITTENT,0,103,14.546,9.300,8.592,5.500,20.607,12.700,ROP_MAX_SAFETY_STOCK,"Stock on hand 0 is below the current reorder point 14.546. At the CRITICAL service level of 98% and a 103-day lead time, the reorder point should be 9.3.",APPROVED,2026-08-26
REC-000647,000000000010000429,1000,Conveyor Drive Motor DN100 METSO,CRITICAL,INTERMITTENT,0,103,8.105,5.200,4.543,2.900,8.863,7.200,ROP_MAX_SAFETY_STOCK,"Stock on hand 0 is below the current reorder point 8.105. At the CRITICAL service level of 98% and a 103-day lead time, the reorder point should be 5.2.",REJECTED,2026-07-03
REC-000648,000000000030000096,2000,Ball Mill Gearbox Assembly 250MM SANDVIK,CRITICAL,ON_DEMAND,1,70,0.000,6.600,0.000,4.000,0.000,10.000,OAR_TO_MIN_MAX,This OAR material is classified CRITICAL on the critical parts list. Recommend Min-Max management with a reorder point of 6.6 and a maximum of 10.,APPROVED,2026-07-16
REC-000649,000000000010000430,2000,MCC Feeder Circuit Breaker 6/4 ABB,CRITICAL,SLOW,1,139,4.251,3.300,3.252,2.500,4.251,3.800,ROP_MAX_SAFETY_STOCK,Stock on hand 5 exceeds the current maximum 4.251. Consumption of 0.2 per month supports a maximum of 3.8.,APPROVED,2026-05-26
REC-000650,000000000010000431,2000,Ball Mill Gearbox Assembly 250MM,CRITICAL,INTERMITTENT,0,52,4.431,4.700,2.904,3.100,9.056,7.600,ROP_MAX_SAFETY_STOCK,"Stock on hand 0 is below the current reorder point 4.431. At the CRITICAL service level of 98% and a 52-day lead time, the reorder point should be 4.7.",HELD,2026-05-13
REC-000651,000000000010000432,2000,Vertical Sump Pump Column 150MM SANDVIK,CRITICAL,REGULAR,12,52,69.487,39.600,20.032,11.400,77.298,89.100,ROP_MAX_SAFETY_STOCK,"Stock on hand 56 is below the current reorder point 69.487. At the CRITICAL service level of 98% and a 52-day lead time, the reorder point should be 39.6.",HELD,2026-06-28
REC-000652,000000000010000433,2000,Gearbox Bearing HD SEW,CRITICAL,INTERMITTENT,4,66,4.579,9.400,2.960,6.100,23.275,14.000,ROP_MAX_SAFETY_STOCK,Intermittent consumption of 1.5 per month over 24 months with a 66-day lead time gives a reorder point of 9.4 against the current 4.579.,APPROVED,2026-07-31
REC-000653,000000000010000434,1000,Pressure Transmitter Assembly HD,INSURANCE,SLOW,3,43,1.170,0.900,0.798,0.600,1.726,1.500,ROP_MAX_SAFETY_STOCK,Stock on hand 2 exceeds the current maximum 1.726. Consumption of 0.2 per month supports a maximum of 1.5.,REJECTED,2026-05-13
REC-000654,000000000010000434,2000,Pressure Transmitter Assembly HD,INSURANCE,SLOW,3,43,2.400,2.000,1.575,1.300,3.882,3.500,ROP_MAX_SAFETY_STOCK,Stock on hand 6 exceeds the current maximum 3.882. Consumption of 0.5 per month supports a maximum of 3.5.,REJECTED,2026-06-15
REC-000655,000000000010000435,1000,Skirt Rubber Liner Section 55KW WEIR,NORMAL,REGULAR,11,59,79.149,58.600,13.578,10.100,127.722,133.700,ROP_MAX_SAFETY_STOCK,"Stock on hand 0 is below the current reorder point 79.149. At the NORMAL service level of 85% and a 59-day lead time, the reorder point should be 58.6.",APPROVED,2026-09-01
REC-000656,000000000010000436,4000,Cyclone Apex Liner TYPE A SANDVIK,NORMAL,INTERMITTENT,8,19,2.613,2.700,1.545,1.600,11.695,8.100,ROP_MAX_SAFETY_STOCK,Intermittent consumption of 1.8 per month over 24 months with a 19-day lead time gives a reorder point of 2.7 against the current 2.613.,APPROVED,2026-07-23
REC-000657,000000000010000438,4000,Conveyor Drive Gearbox TYPE B ABB,NORMAL,REGULAR,11,32,36.376,29.300,6.737,5.400,82.887,97.500,ROP_MAX_SAFETY_STOCK,Regular consumption of 22.8 per month over 24 months with a 32-day lead time gives a reorder point of 29.3 against the current 36.376.,REJECTED,2026-07-23
REC-000658,000000000010000439,3000,Flow Meter Sensor Head DN100 SEW,NORMAL,INTERMITTENT,4,12,0.468,1.100,0.341,0.800,5.319,3.400,ROP_MAX_SAFETY_STOCK,Intermittent consumption of 0.8 per month over 24 months with a 12-day lead time gives a reorder point of 1.1 against the current 0.468.,PROPOSED,2026-07-03
REC-000659,000000000080000101,4000,Conveyor Pulley Bearing HD FLSM,CRITICAL,INTERMITTENT,3,144,29.915,17.800,19.339,11.500,29.915,21.800,ROP_MAX_SAFETY_STOCK,Stock on hand 38 exceeds the current maximum 29.915. Consumption of 1.3 per month supports a maximum of 21.8.,HELD,2026-06-13
REC-000660,000000000010000440,3000,Cyclone Apex Liner 200MM ABB,INSURANCE,REGULAR,11,129,96.619,68.200,10.277,7.300,116.151,111.300,ROP_MAX_SAFETY_STOCK,"Stock on hand 72 is below the current reorder point 96.619. At the INSURANCE service level of 90% and a 129-day lead time, the reorder point should be 68.2.",APPROVED,2026-05-31
REC-000661,000000000010000441,4000,Pump Impeller TYPE A SANDVIK,CRITICAL,INTERMITTENT,0,94,12.751,10.400,8.649,7.100,21.508,13.700,ROP_MAX_SAFETY_STOCK,"Stock on hand 0 is below the current reorder point 12.751. At the CRITICAL service level of 98% and a 94-day lead time, the reorder point should be 10.4.",APPROVED,2026-06-24
REC-000662,000000000030000098,1000,Spherical Roller Bearing 200MM KSB,IMPACT,ON_DEMAND,3,21,0.000,1.200,0.000,0.900,0.000,2.700,OAR_TO_MIN_MAX,This OAR material is classified IMPACT on the critical parts list. Recommend Min-Max management with a reorder point of 1.2 and a maximum of 2.7.,PROPOSED,2026-06-28
REC-000663,000000000080000102,4000,Conveyor Idler Roller Set 250MM ABB,IMPACT,INTERMITTENT,7,22,5.278,3.000,3.475,2.000,5.982,7.200,ROP_MAX_SAFETY_STOCK,"Stock on hand 2 is below the current reorder point 5.278. At the IMPACT service level of 95% and a 22-day lead time, the reorder point should be 3.",APPROVED,2026-08-23
REC-000664,000000000080000103,1000,Mill Liner 55KW METSO,IMPACT,INTERMITTENT,6,8,2.179,1.400,1.743,1.100,6.467,4.700,ROP_MAX_SAFETY_STOCK,Intermittent consumption of 1.1 per month over 24 months with a 8-day lead time gives a reorder point of 1.4 against the current 2.179.,REJECTED,2026-07-07
REC-000665,000000000010000442,3000,Centrifugal Pump Casing 150MM MULTOTEC,CRITICAL,INTERMITTENT,4,120,5.401,8.100,2.775,4.200,18.623,11.100,ROP_MAX_SAFETY_STOCK,Intermittent consumption of 1.0 per month over 24 months with a 120-day lead time gives a reorder point of 8.1 against the current 5.401.,REJECTED,2026-08-03
REC-000666,000000000090000023,3000,Flotation Cell Impeller 8/6 SEW,OBSOLETE,NO_DEMAND,0,13,0.000,,0.000,,1.000,,NO_SAFETY_STOCK,Obsolete material: no safety stock recommended. Candidate for stock reduction review.,REJECTED,2026-08-26
REC-000667,000000000030000101,2000,Ball Mill Shell Liner Plate 110KW SKF,IMPACT,ON_DEMAND,2,9,0.000,1.800,0.000,1.500,0.000,5.000,OAR_TO_MIN_MAX,This OAR material is classified IMPACT on the critical parts list. Recommend Min-Max management with a reorder point of 1.8 and a maximum of 5.,REJECTED,2026-06-02
REC-000668,000000000080000104,4000,Crusher Main Shaft Bearing HD KSB,NORMAL,INTERMITTENT,4,12,1.476,2.000,1.037,1.400,6.504,6.600,ROP_MAX_SAFETY_STOCK,Intermittent consumption of 1.5 per month over 24 months with a 12-day lead time gives a reorder point of 2 against the current 1.476.,PROPOSED,2026-07-04
REC-000669,000000000080000104,3000,Crusher Main Shaft Bearing HD KSB,NORMAL,INTERMITTENT,6,12,2.113,1.900,1.455,1.300,8.342,6.300,ROP_MAX_SAFETY_STOCK,Intermittent consumption of 1.5 per month over 24 months with a 12-day lead time gives a reorder point of 1.9 against the current 2.113.,APPROVED,2026-06-19
REC-000670,000000000010000443,3000,Spherical Roller Bearing TYPE B SEW,CRITICAL,INTERMITTENT,0,72,7.648,5.500,5.849,4.200,10.753,7.100,ROP_MAX_SAFETY_STOCK,Stock on hand 11 exceeds the current maximum 10.753. Consumption of 0.5 per month supports a maximum of 7.1.,APPROVED,2026-08-12
REC-000671,000000000080000105,3000,Gearbox Bearing TYPE A SIEMENS,NORMAL,INTERMITTENT,5,13,3.071,2.800,2.134,1.900,8.219,8.800,ROP_MAX_SAFETY_STOCK,Intermittent consumption of 2.0 per month over 24 months with a 13-day lead time gives a reorder point of 2.8 against the current 3.071.,APPROVED,2026-07-07
REC-000672,000000000080000105,4000,Gearbox Bearing TYPE A SIEMENS,NORMAL,INTERMITTENT,1,13,2.104,1.300,1.603,1.000,5.177,3.400,ROP_MAX_SAFETY_STOCK,Intermittent consumption of 0.7 per month over 24 months with a 13-day lead time gives a reorder point of 1.3 against the current 2.104.,PROPOSED,2026-07-21
REC-000673,000000000010000445,3000,Soft Starter Power Module HD KSB,NORMAL,REGULAR,10,45,70.103,45.000,13.759,8.800,110.666,118.500,ROP_MAX_SAFETY_STOCK,"Stock on hand 0 is below the current reorder point 70.103. At the NORMAL service level of 85% and a 45-day lead time, the reorder point should be 45.",REJECTED,2026-07-11
REC-000674,000000000010000446,1000,Slurry Pump Wet End Assembly TYPE B,INSURANCE,SLOW,2,138,2.421,2.000,1.320,1.100,4.477,2.600,ROP_MAX_SAFETY_STOCK,Stock on hand 8 exceeds the current maximum 4.477. Consumption of 0.2 per month supports a maximum of 2.6.,PROPOSED,2026-07-28
REC-000675,000000000010000447,2000,Skirt Rubber Liner Section 200MM ABB,CRITICAL,INTERMITTENT,0,122,12.327,9.100,7.809,5.800,13.501,11.600,ROP_MAX_SAFETY_STOCK,"Stock on hand 0 is below the current reorder point 12.327. At the CRITICAL service level of 98% and a 122-day lead time, the reorder point should be 9.1.",APPROVED,2026-08-29
REC-000676,000000000010000448,2000,Apron Feeder Gear Reducer 55KW SANDVIK,CRITICAL,REGULAR,12,78,35.701,63.600,10.583,18.900,118.142,116.000,ROP_MAX_SAFETY_STOCK,"Stock on hand 7 is below the current reorder point 35.701. At the CRITICAL service level of 98% and a 78-day lead time, the reorder point should be 63.6.",REJECTED,2026-08-22
REC-000677,000000000010000448,1000,Apron Feeder Gear Reducer 55KW SANDVIK,CRITICAL,REGULAR,12,78,25.791,28.900,5.547,6.200,66.467,55.500,ROP_MAX_SAFETY_STOCK,"Stock on hand 21 is below the current reorder point 25.791. At the CRITICAL service level of 98% and a 78-day lead time, the reorder point should be 28.9.",PROPOSED,2026-05-28
REC-000678,000000000010000449,2000,Ball Mill Gearbox Assembly 55KW,IMPACT,SLOW,1,23,0.667,1.200,0.558,1.000,1.726,1.900,ROP_MAX_SAFETY_STOCK,Stock on hand 2 exceeds the current maximum 1.726. Consumption of 0.2 per month supports a maximum of 1.9.,APPROVED,2026-06-28
REC-000679,000000000010000450,3000,Variable Speed Drive Unit 6/4 METSO,INSURANCE,INTERMITTENT,5,149,5.659,3.600,2.216,1.400,6.349,5.000,ROP_MAX_SAFETY_STOCK,"Stock on hand 4 is below the current reorder point 5.659. At the INSURANCE service level of 90% and a 149-day lead time, the reorder point should be 3.6.",APPROVED,2026-08-13
REC-000680,000000000010000451,4000,PLC Digital Output Card 55KW SANDVIK,CRITICAL,INTERMITTENT,0,48,2.120,3.000,1.644,2.300,3.761,4.200,ROP_MAX_SAFETY_STOCK,"Stock on hand 0 is below the current reorder point 2.12. At the CRITICAL service level of 98% and a 48-day lead time, the reorder point should be 3.",REJECTED,2026-08-31
REC-000681,000000000010000451,2000,PLC Digital Output Card 55KW SANDVIK,CRITICAL,INTERMITTENT,0,48,5.399,3.500,4.193,2.700,5.539,5.000,ROP_MAX_SAFETY_STOCK,"Stock on hand 0 is below the current reorder point 5.399. At the CRITICAL service level of 98% and a 48-day lead time, the reorder point should be 3.5.",APPROVED,2026-08-08
REC-000682,000000000080000106,3000,MCC Feeder Circuit Breaker TYPE B KSB,CRITICAL,INTERMITTENT,2,74,12.320,7.200,8.517,5.000,12.635,9.900,ROP_MAX_SAFETY_STOCK,Stock on hand 15 exceeds the current maximum 12.635. Consumption of 0.9 per month supports a maximum of 9.9.,PROPOSED,2026-08-09
REC-000683,000000000030000104,3000,Mill Lube Pump Motor 200MM SIEMENS,CRITICAL,ON_DEMAND,1,31,0.000,3.800,0.000,2.800,0.000,6.700,OAR_TO_MIN_MAX,This OAR material is classified CRITICAL on the critical parts list. Recommend Min-Max management with a reorder point of 3.8 and a maximum of 6.7.,APPROVED,2026-06-29
REC-000684,000000000030000104,4000,Mill Lube Pump Motor 200MM SIEMENS,CRITICAL,ON_DEMAND,1,31,0.000,3.200,0.000,2.400,0.000,5.600,OAR_TO_MIN_MAX,This OAR material is classified CRITICAL on the critical parts list. Recommend Min-Max management with a reorder point of 3.2 and a maximum of 5.6.,PROPOSED,2026-08-30
REC-000685,000000000010000454,4000,Vertical Sump Pump Column 200MM SEW,NORMAL,SLOW,4,50,1.309,2.400,0.705,1.300,5.185,4.400,ROP_MAX_SAFETY_STOCK,Slow consumption of 0.7 per month over 24 months with a 50-day lead time gives a reorder point of 2.4 against the current 1.309.,APPROVED,2026-08-12
REC-000686,000000000010000454,1000,Vertical Sump Pump Column 200MM SEW,NORMAL,SLOW,2,50,0.789,1.000,0.578,0.700,2.589,1.500,ROP_MAX_SAFETY_STOCK,Stock on hand 3 exceeds the current maximum 2.589. Consumption of 0.2 per month supports a maximum of 1.5.,APPROVED,2026-06-05
REC-000687,000000000010000455,4000,Agitator Shaft Seal 250MM SIEMENS,IMPACT,INTERMITTENT,8,25,4.184,5.200,2.714,3.400,12.708,11.900,ROP_MAX_SAFETY_STOCK,Intermittent consumption of 2.2 per month over 24 months with a 25-day lead time gives a reorder point of 5.2 against the current 4.184.,REJECTED,2026-06-26
REC-000688,000000000010000456,2000,Ventilation Fan Motor 55KW KSB,INSURANCE,INTERMITTENT,6,216,10.905,10.600,3.594,3.500,10.905,13.600,ROP_MAX_SAFETY_STOCK,"Stock on hand 7 is below the current reorder point 10.905. At the INSURANCE service level of 90% and a 216-day lead time, the reorder point should be 10.6.",APPROVED,2026-06-28
REC-000689,000000000010000457,2000,Agitator Shaft Seal TYPE B METSO,INSURANCE,INTERMITTENT,5,32,2.262,1.400,1.456,0.900,3.100,2.900,ROP_MAX_SAFETY_STOCK,"Stock on hand 2 is below the current reorder point 2.262. At the INSURANCE service level of 90% and a 32-day lead time, the reorder point should be 1.4.",REJECTED,2026-05-28
REC-000690,000000000010000457,3000,Agitator Shaft Seal TYPE B METSO,INSURANCE,INTERMITTENT,4,32,1.646,2.400,1.094,1.600,6.016,4.700,ROP_MAX_SAFETY_STOCK,Intermittent consumption of 0.8 per month over 24 months with a 32-day lead time gives a reorder point of 2.4 against the current 1.646.,REJECTED,2026-06-11
REC-000691,000000000010000458,1000,Apron Feeder Gear Reducer DN100 WEIR,INSURANCE,SLOW,3,117,2.374,3.700,1.343,2.100,6.693,5.000,ROP_MAX_SAFETY_STOCK,"Stock on hand 1 is below the current reorder point 2.374. At the INSURANCE service level of 90% and a 117-day lead time, the reorder point should be 3.7.",PROPOSED,2026-06-15
REC-000692,000000000010000458,3000,Apron Feeder Gear Reducer DN100 WEIR,INSURANCE,SLOW,2,117,1.870,2.700,1.194,1.700,3.928,3.500,ROP_MAX_SAFETY_STOCK,Slow consumption of 0.2 per month over 24 months with a 117-day lead time gives a reorder point of 2.7 against the current 1.87.,APPROVED,2026-07-07
REC-000693,000000000090000024,1000,MCC Feeder Circuit Breaker DN150 ABB,OBSOLETE,NO_DEMAND,0,41,0.000,,0.000,,1.000,,NO_SAFETY_STOCK,Obsolete material: no safety stock recommended. Candidate for stock reduction review.,APPROVED,2026-05-23
REC-000694,000000000010000459,4000,Thickener Rake Seal Kit TYPE B ABB,INSURANCE,REGULAR,12,120,36.156,76.400,4.578,9.700,165.845,127.200,ROP_MAX_SAFETY_STOCK,Regular consumption of 16.9 per month over 24 months with a 120-day lead time gives a reorder point of 76.4 against the current 36.156.,APPROVED,2026-05-25
REC-000695,000000000010000460,1000,Pressure Transmitter Assembly 6/4 KSB,IMPACT,REGULAR,11,9,11.124,20.700,5.270,9.800,149.276,131.300,ROP_MAX_SAFETY_STOCK,Regular consumption of 36.9 per month over 24 months with a 9-day lead time gives a reorder point of 20.7 against the current 11.124.,REJECTED,2026-05-16
REC-000696,000000000010000460,3000,Pressure Transmitter Assembly 6/4 KSB,IMPACT,REGULAR,12,9,32.207,19.000,14.088,8.300,172.679,127.500,ROP_MAX_SAFETY_STOCK,"Stock on hand 25 is below the current reorder point 32.207. At the IMPACT service level of 95% and a 9-day lead time, the reorder point should be 19.",PROPOSED,2026-07-11
REC-000697,000000000010000461,3000,Agitator Shaft Seal HD METSO,NORMAL,SLOW,2,11,1.015,0.600,0.809,0.500,1.824,1.600,ROP_MAX_SAFETY_STOCK,Stock on hand 2 exceeds the current maximum 1.824. Consumption of 0.3 per month supports a maximum of 1.6.,PROPOSED,2026-08-05
REC-000698,000000000010000462,3000,Centrifugal Pump Casing DN100 SANDVIK,NORMAL,REGULAR,9,12,16.716,12.600,4.874,3.700,143.929,80.600,ROP_MAX_SAFETY_STOCK,Regular consumption of 22.7 per month over 24 months with a 12-day lead time gives a reorder point of 12.6 against the current 16.716.,APPROVED,2026-05-26
REC-000699,000000000010000463,1000,Crusher Hydroset Cylinder DN150 SANDVIK,CRITICAL,INTERMITTENT,8,136,9.281,9.200,4.429,4.400,19.479,12.400,ROP_MAX_SAFETY_STOCK,Intermittent consumption of 1.1 per month over 24 months with a 136-day lead time gives a reorder point of 9.2 against the current 9.281.,APPROVED,2026-05-17
REC-000700,000000000010000463,4000,Crusher Hydroset Cylinder DN150 SANDVIK,CRITICAL,INTERMITTENT,6,136,6.348,8.100,3.429,4.400,15.525,10.600,ROP_MAX_SAFETY_STOCK,"Stock on hand 6 is below the current reorder point 6.348. At the CRITICAL service level of 98% and a 136-day lead time, the reorder point should be 8.1.",REJECTED,2026-06-29
REC-000701,000000000010000464,4000,Belt Scraper Blade Cartridge DN100 SEW,NORMAL,INTERMITTENT,7,30,1.333,1.400,0.750,0.800,4.123,3.300,ROP_MAX_SAFETY_STOCK,"Stock on hand 0 is below the current reorder point 1.333. At the NORMAL service level of 85% and a 30-day lead time, the reorder point should be 1.4.",REJECTED,2026-05-10
REC-000702,000000000010000465,4000,Hydraulic Pump Assembly 200MM MULTOTEC,IMPACT,INTERMITTENT,7,24,3.542,5.500,2.335,3.600,17.898,12.600,ROP_MAX_SAFETY_STOCK,Intermittent consumption of 2.4 per month over 24 months with a 24-day lead time gives a reorder point of 5.5 against the current 3.542.,HELD,2026-05-14
REC-000703,000000000010000465,3000,Hydraulic Pump Assembly 200MM MULTOTEC,IMPACT,INTERMITTENT,4,24,7.142,4.700,5.043,3.300,14.687,9.900,ROP_MAX_SAFETY_STOCK,Intermittent consumption of 1.8 per month over 24 months with a 24-day lead time gives a reorder point of 4.7 against the current 7.142.,APPROVED,2026-06-22
REC-000704,000000000010000466,1000,Belt Scraper Blade Cartridge TYPE A,CRITICAL,INTERMITTENT,8,174,9.251,12.300,3.542,4.700,24.984,16.300,ROP_MAX_SAFETY_STOCK,"Stock on hand 7 is below the current reorder point 9.251. At the CRITICAL service level of 98% and a 174-day lead time, the reorder point should be 12.3.",APPROVED,2026-05-13
REC-000705,000000000010000466,4000,Belt Scraper Blade Cartridge TYPE A,CRITICAL,INTERMITTENT,5,174,9.100,5.400,4.253,2.500,11.170,6.900,ROP_MAX_SAFETY_STOCK,"Stock on hand 7 is below the current reorder point 9.1. At the CRITICAL service level of 98% and a 174-day lead time, the reorder point should be 5.4.",PROPOSED,2026-07-15
REC-000706,000000000010000467,2000,Apron Feeder Gear Reducer 250KW SEW,CRITICAL,INTERMITTENT,0,113,5.497,6.200,3.003,3.400,10.156,8.400,ROP_MAX_SAFETY_STOCK,"Stock on hand 0 is below the current reorder point 5.497. At the CRITICAL service level of 98% and a 113-day lead time, the reorder point should be 6.2.",HELD,2026-05-30
REC-000707,000000000010000467,4000,Apron Feeder Gear Reducer 250KW SEW,CRITICAL,INTERMITTENT,0,113,9.611,7.500,6.038,4.700,9.611,9.800,ROP_MAX_SAFETY_STOCK,"Stock on hand 0 is below the current reorder point 9.611. At the CRITICAL service level of 98% and a 113-day lead time, the reorder point should be 7.5.",REJECTED,2026-07-22
REC-000708,000000000080000107,4000,Flotation Blower Motor 55KW FLSM,CRITICAL,INTERMITTENT,4,91,14.173,8.100,8.710,5.000,14.173,11.200,ROP_MAX_SAFETY_STOCK,Stock on hand 17 exceeds the current maximum 14.173. Consumption of 1.0 per month supports a maximum of 11.2.,APPROVED,2026-06-22
REC-000709,000000000080000107,3000,Flotation Blower Motor 55KW FLSM,CRITICAL,INTERMITTENT,5,91,3.640,7.300,2.456,4.900,16.144,9.700,ROP_MAX_SAFETY_STOCK,"Stock on hand 0 is below the current reorder point 3.64. At the CRITICAL service level of 98% and a 91-day lead time, the reorder point should be 7.3.",PROPOSED,2026-08-30
REC-000710,000000000010000469,3000,Ball Mill Shell Liner Plate HD SEW,CRITICAL,REGULAR,11,84,134.009,124.300,26.426,24.500,359.221,232.800,ROP_MAX_SAFETY_STOCK,"Stock on hand 34 is below the current reorder point 134.009. At the CRITICAL service level of 98% and a 84-day lead time, the reorder point should be 124.3.",PROPOSED,2026-06-07
REC-000711,000000000010000470,3000,Conveyor Drive Gearbox TYPE A SKF,CRITICAL,INTERMITTENT,6,194,3.447,5.500,1.636,2.600,9.267,6.900,ROP_MAX_SAFETY_STOCK,Intermittent consumption of 0.5 per month over 24 months with a 194-day lead time gives a reorder point of 5.5 against the current 3.447.,APPROVED,2026-06-18
REC-000712,000000000010000470,2000,Conveyor Drive Gearbox TYPE A SKF,CRITICAL,INTERMITTENT,4,194,20.448,15.800,10.138,7.800,31.011,19.600,ROP_MAX_SAFETY_STOCK,"Stock on hand 16 is below the current reorder point 20.448. At the CRITICAL service level of 98% and a 194-day lead time, the reorder point should be 15.8.",APPROVED,2026-05-19
REC-000713,000000000010000471,4000,Ball Mill Trunnion Bearing DN100 SEW,NORMAL,SLOW,1,29,0.306,0.600,0.217,0.400,1.452,1.100,ROP_MAX_SAFETY_STOCK,Slow consumption of 0.2 per month over 24 months with a 29-day lead time gives a reorder point of 0.6 against the current 0.306.,PROPOSED,2026-05-27
REC-000714,000000000010000471,2000,Ball Mill Trunnion Bearing DN100 SEW,NORMAL,SLOW,4,29,0.791,0.600,0.516,0.400,1.729,1.400,ROP_MAX_SAFETY_STOCK,Slow consumption of 0.2 per month over 24 months with a 29-day lead time gives a reorder point of 0.6 against the current 0.791.,APPROVED,2026-05-16
REC-000715,000000000080000108,3000,Cyclone Apex Liner 6/4 ABB,IMPACT,INTERMITTENT,5,52,7.961,4.900,4.606,2.800,8.443,8.500,ROP_MAX_SAFETY_STOCK,Stock on hand 12 exceeds the current maximum 8.443. Consumption of 1.2 per month supports a maximum of 8.5.,PROPOSED,2026-08-15
REC-000716,000000000080000108,4000,Cyclone Apex Liner 6/4 ABB,IMPACT,INTERMITTENT,5,52,1.710,3.700,1.048,2.300,7.888,6.200,ROP_MAX_SAFETY_STOCK,Intermittent consumption of 0.8 per month over 24 months with a 52-day lead time gives a reorder point of 3.7 against the current 1.71.,APPROVED,2026-06-02
REC-000717,000000000010000472,1000,Conveyor Take-Up Pulley DN100 FLSM,CRITICAL,INTERMITTENT,5,103,21.421,12.400,12.901,7.500,21.421,16.800,ROP_MAX_SAFETY_STOCK,"Stock on hand 19 is below the current reorder point 21.421. At the CRITICAL service level of 98% and a 103-day lead time, the reorder point should be 12.4.",APPROVED,2026-08-06
REC-000718,000000000080000109,2000,Cyclone Apex Liner 8/6 SKF,NORMAL,INTERMITTENT,1,53,2.176,4.200,1.286,2.500,6.450,7.200,ROP_MAX_SAFETY_STOCK,Intermittent consumption of 1.0 per month over 24 months with a 53-day lead time gives a reorder point of 4.2 against the current 2.176.,APPROVED,2026-05-11
REC-000719,000000000080000109,4000,Cyclone Apex Liner 8/6 SKF,NORMAL,INTERMITTENT,4,53,1.673,3.100,0.851,1.600,7.916,5.700,ROP_MAX_SAFETY_STOCK,Intermittent consumption of 0.9 per month over 24 months with a 53-day lead time gives a reorder point of 3.1 against the current 1.673.,HELD,2026-06-06
REC-000720,000000000080000110,2000,Conveyor Take-Up Pulley 8/6 WEIR,NORMAL,INTERMITTENT,5,21,5.996,3.800,3.664,2.300,8.190,10.300,ROP_MAX_SAFETY_STOCK,Intermittent consumption of 2.2 per month over 24 months with a 21-day lead time gives a reorder point of 3.8 against the current 5.996.,APPROVED,2026-08-13
REC-000721,000000000080000110,1000,Conveyor Take-Up Pulley 8/6 WEIR,NORMAL,INTERMITTENT,4,21,1.923,3.000,1.282,2.000,7.695,7.400,ROP_MAX_SAFETY_STOCK,"Stock on hand 0 is below the current reorder point 1.923. At the NORMAL service level of 85% and a 21-day lead time, the reorder point should be 3.",PROPOSED,2026-09-02
REC-000722,000000000030000106,1000,Flotation Cell Impeller TYPE B METSO,CRITICAL,ON_DEMAND,1,73,0.000,4.900,0.000,3.600,0.000,6.500,OAR_TO_MIN_MAX,This OAR material is classified CRITICAL on the critical parts list. Recommend Min-Max management with a reorder point of 4.9 and a maximum of 6.5.,PROPOSED,2026-06-09
REC-000723,000000000080000111,4000,Agitator Shaft Seal HD METSO,IMPACT,INTERMITTENT,5,35,3.224,2.200,2.104,1.400,3.458,4.200,ROP_MAX_SAFETY_STOCK,Stock on hand 5 exceeds the current maximum 3.458. Consumption of 0.7 per month supports a maximum of 4.2.,APPROVED,2026-08-23
REC-000724,000000000010000474,4000,Vertical Sump Pump Column 6/4 ABB,CRITICAL,INTERMITTENT,0,88,8.511,9.000,5.315,5.600,18.823,12.500,ROP_MAX_SAFETY_STOCK,"Stock on hand 0 is below the current reorder point 8.511. At the CRITICAL service level of 98% and a 88-day lead time, the reorder point should be 9.",APPROVED,2026-06-05
REC-000725,000000000010000476,2000,Variable Speed Drive Unit 110KW ABB,INSURANCE,REGULAR,12,43,98.057,78.000,24.551,19.500,265.774,202.100,ROP_MAX_SAFETY_STOCK,"Stock on hand 34 is below the current reorder point 98.057. At the INSURANCE service level of 90% and a 43-day lead time, the reorder point should be 78.",REJECTED,2026-08-30
REC-000726,000000000010000477,1000,Conveyor Idler Roller Set 250MM KSB,CRITICAL,REGULAR,12,63,91.153,99.300,22.851,24.900,157.824,207.200,ROP_MAX_SAFETY_STOCK,"Stock on hand 68 is below the current reorder point 91.153. At the CRITICAL service level of 98% and a 63-day lead time, the reorder point should be 99.3.",APPROVED,2026-07-29
REC-000727,000000000010000478,1000,Conveyor Take-Up Pulley 150MM ABB,CRITICAL,INTERMITTENT,0,45,7.633,6.100,5.641,4.500,10.447,9.300,ROP_MAX_SAFETY_STOCK,"Stock on hand 0 is below the current reorder point 7.633. At the CRITICAL service level of 98% and a 45-day lead time, the reorder point should be 6.1.",APPROVED,2026-06-16
REC-000728,000000000010000478,2000,Conveyor Take-Up Pulley 150MM ABB,CRITICAL,INTERMITTENT,0,45,5.483,3.200,3.598,2.100,5.483,5.500,ROP_MAX_SAFETY_STOCK,"Stock on hand 0 is below the current reorder point 5.483. At the CRITICAL service level of 98% and a 45-day lead time, the reorder point should be 3.2.",HELD,2026-08-21
REC-000729,000000000010000479,4000,Screen Exciter Bearing DN100 WEIR,IMPACT,INTERMITTENT,3,16,4.199,3.600,3.182,2.700,6.155,8.500,ROP_MAX_SAFETY_STOCK,Intermittent consumption of 1.6 per month over 24 months with a 16-day lead time gives a reorder point of 3.6 against the current 4.199.,REJECTED,2026-06-02
REC-000730,000000000010000479,1000,Screen Exciter Bearing DN100 WEIR,IMPACT,INTERMITTENT,4,16,1.060,2.300,0.866,1.900,6.975,4.700,ROP_MAX_SAFETY_STOCK,Stock on hand 7 exceeds the current maximum 6.975. Consumption of 0.8 per month supports a maximum of 4.7.,HELD,2026-08-07
REC-000731,000000000010000480,4000,Gland Packing Seal Ring 110KW FLSM,NORMAL,SLOW,3,47,3.064,1.700,1.912,1.100,3.064,3.000,ROP_MAX_SAFETY_STOCK,"Stock on hand 3 is below the current reorder point 3.064. At the NORMAL service level of 85% and a 47-day lead time, the reorder point should be 1.7.",APPROVED,2026-08-22
REC-000732,000000000010000481,3000,Belt Scraper Blade Cartridge DN150,NORMAL,INTERMITTENT,3,14,2.207,2.700,1.531,1.900,7.978,8.100,ROP_MAX_SAFETY_STOCK,Intermittent consumption of 1.8 per month over 24 months with a 14-day lead time gives a reorder point of 2.7 against the current 2.207.,REJECTED,2026-08-25
REC-000733,000000000010000482,3000,Conveyor Pulley Bearing 250MM FLSM,CRITICAL,INTERMITTENT,0,121,10.289,7.000,6.365,4.300,10.289,9.000,ROP_MAX_SAFETY_STOCK,"Stock on hand 0 is below the current reorder point 10.289. At the CRITICAL service level of 98% and a 121-day lead time, the reorder point should be 7.",APPROVED,2026-07-13
REC-000734,000000000010000482,1000,Conveyor Pulley Bearing 250MM FLSM,CRITICAL,INTERMITTENT,0,121,4.420,6.700,2.364,3.600,13.579,9.100,ROP_MAX_SAFETY_STOCK,"Stock on hand 0 is below the current reorder point 4.42. At the CRITICAL service level of 98% and a 121-day lead time, the reorder point should be 6.7.",REJECTED,2026-06-15
REC-000735,000000000010000483,3000,Mill Lube Pump Motor DN100 FLSM,INSURANCE,INTERMITTENT,4,119,8.690,15.100,4.082,7.100,23.106,21.200,ROP_MAX_SAFETY_STOCK,"Stock on hand 0 is below the current reorder point 8.69. At the INSURANCE service level of 90% and a 119-day lead time, the reorder point should be 15.1.",PROPOSED,2026-08-07
REC-000736,000000000010000484,3000,Slurry Density Transmitter 150MM ABB,IMPACT,INTERMITTENT,6,37,2.029,4.000,1.279,2.500,7.462,7.600,ROP_MAX_SAFETY_STOCK,Intermittent consumption of 1.2 per month over 24 months with a 37-day lead time gives a reorder point of 4 against the current 2.029.,REJECTED,2026-07-18
REC-000737,000000000010000484,2000,Slurry Density Transmitter 150MM ABB,IMPACT,INTERMITTENT,4,37,6.631,5.000,4.477,3.400,7.905,9.000,ROP_MAX_SAFETY_STOCK,Stock on hand 15 exceeds the current maximum 7.905. Consumption of 1.3 per month supports a maximum of 9.,REJECTED,2026-05-25
REC-000738,000000000010000486,2000,Pressure Transmitter Assembly 250MM KSB,IMPACT,REGULAR,12,35,34.988,23.700,9.893,6.700,74.175,68.000,ROP_MAX_SAFETY_STOCK,Regular consumption of 14.8 per month over 24 months with a 35-day lead time gives a reorder point of 23.7 against the current 34.988.,REJECTED,2026-08-30
REC-000739,000000000010000488,3000,Hydraulic Power Pack 6/4 KSB,NORMAL,SLOW,2,53,1.205,0.800,0.774,0.500,2.177,1.300,ROP_MAX_SAFETY_STOCK,Slow consumption of 0.2 per month over 24 months with a 53-day lead time gives a reorder point of 0.8 against the current 1.205.,REJECTED,2026-07-29
REC-000740,000000000010000489,1000,Crusher Hydroset Cylinder 110KW SKF,CRITICAL,INTERMITTENT,8,239,24.167,15.500,8.871,5.700,31.762,19.200,ROP_MAX_SAFETY_STOCK,"Stock on hand 22 is below the current reorder point 24.167. At the CRITICAL service level of 98% and a 239-day lead time, the reorder point should be 15.5.",APPROVED,2026-06-11
REC-000741,000000000010000490,4000,Ventilation Fan Motor 10/8 MULTOTEC,CRITICAL,INTERMITTENT,0,99,39.891,23.200,21.314,12.400,46.820,33.200,ROP_MAX_SAFETY_STOCK,"Stock on hand 0 is below the current reorder point 39.891. At the CRITICAL service level of 98% and a 99-day lead time, the reorder point should be 23.2.",PROPOSED,2026-07-09
REC-000742,000000000010000491,4000,MCC Feeder Circuit Breaker 110KW SEW,NORMAL,REGULAR,12,49,123.109,73.700,17.642,10.600,237.975,191.300,ROP_MAX_SAFETY_STOCK,"Stock on hand 91 is below the current reorder point 123.109. At the NORMAL service level of 85% and a 49-day lead time, the reorder point should be 73.7.",APPROVED,2026-07-20
REC-000743,000000000010000492,3000,Mill Liner 150MM MULTOTEC,INSURANCE,SLOW,3,138,3.462,2.800,1.610,1.300,5.633,3.800,ROP_MAX_SAFETY_STOCK,Slow consumption of 0.3 per month over 24 months with a 138-day lead time gives a reorder point of 2.8 against the current 3.462.,PROPOSED,2026-06-23
REC-000744,000000000010000493,3000,MCC Feeder Circuit Breaker HD,CRITICAL,INTERMITTENT,5,41,4.365,5.700,3.242,4.200,13.058,8.900,ROP_MAX_SAFETY_STOCK,"Stock on hand 2 is below the current reorder point 4.365. At the CRITICAL service level of 98% and a 41-day lead time, the reorder point should be 5.7.",HELD,2026-05-28
REC-000745,000000000010000494,3000,Variable Speed Drive Unit 10/8 SIEMENS,INSURANCE,REGULAR,12,65,105.405,89.900,16.837,14.400,243.061,196.000,ROP_MAX_SAFETY_STOCK,Regular consumption of 35.4 per month over 24 months with a 65-day lead time gives a reorder point of 89.9 against the current 105.405.,APPROVED,2026-07-26
REC-000746,000000000010000494,2000,Variable Speed Drive Unit 10/8 SIEMENS,INSURANCE,REGULAR,12,65,154.984,89.400,32.433,18.700,282.562,188.800,ROP_MAX_SAFETY_STOCK,"Stock on hand 126 is below the current reorder point 154.984. At the INSURANCE service level of 90% and a 65-day lead time, the reorder point should be 89.4.",HELD,2026-08-21
REC-000747,000000000080000112,2000,Centrifugal Pump Casing 250MM SKF,CRITICAL,INTERMITTENT,1,82,9.529,6.300,7.826,5.200,11.106,7.500,ROP_MAX_SAFETY_STOCK,Intermittent consumption of 0.4 per month over 24 months with a 82-day lead time gives a reorder point of 6.3 against the current 9.529.,PROPOSED,2026-08-31
REC-000748,000000000010000495,2000,Soft Starter Power Module TYPE B KSB,CRITICAL,SLOW,1,64,1.677,1.300,1.329,1.000,2.108,1.700,ROP_MAX_SAFETY_STOCK,"Stock on hand 1 is below the current reorder point 1.677. At the CRITICAL service level of 98% and a 64-day lead time, the reorder point should be 1.3.",APPROVED,2026-08-04
REC-000749,000000000010000495,1000,Soft Starter Power Module TYPE B KSB,CRITICAL,SLOW,2,64,2.959,2.500,2.346,2.000,4.278,3.200,ROP_MAX_SAFETY_STOCK,Stock on hand 5 exceeds the current maximum 4.278. Consumption of 0.2 per month supports a maximum of 3.2.,PROPOSED,2026-05-14
REC-000750,000000000030000110,4000,Mill Liner 200MM WEIR,CRITICAL,ON_DEMAND,1,42,0.000,2.700,0.000,2.000,0.000,4.200,OAR_TO_MIN_MAX,This OAR material is classified CRITICAL on the critical parts list. Recommend Min-Max management with a reorder point of 2.7 and a maximum of 4.2.,APPROVED,2026-07-18
REC-000751,000000000030000110,3000,Mill Liner 200MM WEIR,CRITICAL,ON_DEMAND,1,42,0.000,5.900,0.000,3.900,0.000,10.200,OAR_TO_MIN_MAX,This OAR material is classified CRITICAL on the critical parts list. Recommend Min-Max management with a reorder point of 5.9 and a maximum of 10.2.,PROPOSED,2026-06-21
REC-000752,000000000010000496,3000,Conveyor Drive Motor 8/6 ABB,NORMAL,REGULAR,12,36,13.592,17.200,2.561,3.200,72.670,52.700,ROP_MAX_SAFETY_STOCK,Regular consumption of 11.8 per month over 24 months with a 36-day lead time gives a reorder point of 17.2 against the current 13.592.,APPROVED,2026-07-21
REC-000753,000000000010000496,1000,Conveyor Drive Motor 8/6 ABB,NORMAL,REGULAR,12,36,57.608,33.600,10.230,6.000,128.005,103.700,ROP_MAX_SAFETY_STOCK,"Stock on hand 56 is below the current reorder point 57.608. At the NORMAL service level of 85% and a 36-day lead time, the reorder point should be 33.6.",PROPOSED,2026-05-20
REC-000754,000000000010000497,1000,Conveyor Drive Gearbox 150MM MULTOTEC,CRITICAL,REGULAR,10,86,78.558,86.900,15.071,16.700,129.344,161.400,ROP_MAX_SAFETY_STOCK,Stock on hand 150 exceeds the current maximum 129.344. Consumption of 24.8 per month supports a maximum of 161.4.,REJECTED,2026-05-12
REC-000755,000000000010000498,1000,Screen Exciter Bearing 110KW SEW,IMPACT,REGULAR,12,60,24.995,27.900,5.050,5.600,44.659,61.800,ROP_MAX_SAFETY_STOCK,"Stock on hand 2 is below the current reorder point 24.995. At the IMPACT service level of 95% and a 60-day lead time, the reorder point should be 27.9.",APPROVED,2026-07-24
REC-000756,000000000090000025,2000,Flow Meter Sensor Head 6/4 SIEMENS,OBSOLETE,NO_DEMAND,0,41,0.000,,0.000,,1.000,,NO_SAFETY_STOCK,Obsolete material: no safety stock recommended. Candidate for stock reduction review.,APPROVED,2026-08-18
REC-000757,000000000010000499,4000,Screen Exciter Bearing 8/6 ABB,NORMAL,REGULAR,11,25,13.189,13.500,3.450,3.500,39.995,49.900,ROP_MAX_SAFETY_STOCK,Regular consumption of 12.1 per month over 24 months with a 25-day lead time gives a reorder point of 13.5 against the current 13.189.,APPROVED,2026-07-24
REC-000758,000000000010000500,3000,Spherical Roller Bearing 55KW METSO,IMPACT,INTERMITTENT,7,52,10.560,6.500,6.344,3.900,14.168,11.000,ROP_MAX_SAFETY_STOCK,Stock on hand 18 exceeds the current maximum 14.168. Consumption of 1.5 per month supports a maximum of 11.,APPROVED,2026-07-17
REC-000759,000000000010000500,1000,Spherical Roller Bearing 55KW METSO,IMPACT,INTERMITTENT,4,52,5.340,3.900,3.135,2.300,5.940,6.800,ROP_MAX_SAFETY_STOCK,"Stock on hand 5 is below the current reorder point 5.34. At the IMPACT service level of 95% and a 52-day lead time, the reorder point should be 3.9.",APPROVED,2026-05-26
REC-000760,000000000030000111,1000,Thickener Rake Drive Gearbox 150MM METSO,CRITICAL,ON_DEMAND,0,111,0.000,16.700,0.000,9.600,0.000,22.600,OAR_TO_MIN_MAX,This OAR material is classified CRITICAL on the critical parts list. Recommend Min-Max management with a reorder point of 16.7 and a maximum of 22.6.,APPROVED,2026-05-25
REC-000761,000000000010000502,4000,Mill Lube Pump Motor 10/8 WEIR,NORMAL,INTERMITTENT,3,50,2.268,4.900,1.253,2.700,8.357,8.900,ROP_MAX_SAFETY_STOCK,Intermittent consumption of 1.3 per month over 24 months with a 50-day lead time gives a reorder point of 4.9 against the current 2.268.,REJECTED,2026-08-09
REC-000762,000000000010000504,2000,Soft Starter Power Module 8/6 SIEMENS,CRITICAL,INTERMITTENT,0,59,2.950,2.900,2.218,2.200,3.736,4.000,ROP_MAX_SAFETY_STOCK,"Stock on hand 0 is below the current reorder point 2.95. At the CRITICAL service level of 98% and a 59-day lead time, the reorder point should be 2.9.",REJECTED,2026-07-09
REC-000763,000000000010000504,1000,Soft Starter Power Module 8/6 SIEMENS,CRITICAL,INTERMITTENT,0,59,3.160,5.800,2.281,4.200,6.499,8.300,ROP_MAX_SAFETY_STOCK,"Stock on hand 0 is below the current reorder point 3.16. At the CRITICAL service level of 98% and a 59-day lead time, the reorder point should be 5.8.",PROPOSED,2026-08-26
REC-000764,000000000010000505,4000,Slurry Pump Wet End Assembly 10/8,NORMAL,REGULAR,10,33,14.539,30.200,2.305,4.800,131.965,100.600,ROP_MAX_SAFETY_STOCK,Regular consumption of 23.5 per month over 24 months with a 33-day lead time gives a reorder point of 30.2 against the current 14.539.,PROPOSED,2026-07-14
REC-000765,000000000010000506,2000,Pressure Transmitter Assembly 6/4,NORMAL,INTERMITTENT,4,59,2.925,4.200,1.455,2.100,8.868,7.500,ROP_MAX_SAFETY_STOCK,Stock on hand 9 exceeds the current maximum 8.868. Consumption of 1.1 per month supports a maximum of 7.5.,HELD,2026-05-31
REC-000766,000000000010000506,3000,Pressure Transmitter Assembly 6/4,NORMAL,INTERMITTENT,3,59,6.202,5.700,3.165,2.900,12.640,10.100,ROP_MAX_SAFETY_STOCK,"Stock on hand 5 is below the current reorder point 6.202. At the NORMAL service level of 85% and a 59-day lead time, the reorder point should be 5.7.",APPROVED,2026-08-20
REC-000767,000000000010000507,4000,Hydraulic Pump Assembly 55KW SANDVIK,CRITICAL,INTERMITTENT,0,146,15.322,9.900,9.123,5.900,21.437,12.400,ROP_MAX_SAFETY_STOCK,"Stock on hand 0 is below the current reorder point 15.322. At the CRITICAL service level of 98% and a 146-day lead time, the reorder point should be 9.9.",APPROVED,2026-05-24
REC-000768,000000000010000507,1000,Hydraulic Pump Assembly 55KW SANDVIK,CRITICAL,INTERMITTENT,0,146,23.952,16.000,13.474,9.000,23.952,20.400,ROP_MAX_SAFETY_STOCK,"Stock on hand 0 is below the current reorder point 23.952. At the CRITICAL service level of 98% and a 146-day lead time, the reorder point should be 16.",HELD,2026-05-14
REC-000769,000000000010000508,1000,Flow Meter Sensor Head 150MM WEIR,CRITICAL,REGULAR,12,148,107.171,116.200,19.020,20.600,168.078,175.200,ROP_MAX_SAFETY_STOCK,Regular consumption of 19.7 per month over 24 months with a 148-day lead time gives a reorder point of 116.2 against the current 107.171.,APPROVED,2026-07-21
REC-000770,000000000010000508,2000,Flow Meter Sensor Head 150MM WEIR,CRITICAL,REGULAR,12,148,264.680,164.200,53.659,33.300,264.680,244.900,ROP_MAX_SAFETY_STOCK,"Stock on hand 226 is below the current reorder point 264.68. At the CRITICAL service level of 98% and a 148-day lead time, the reorder point should be 164.2.",APPROVED,2026-08-04
REC-000771,000000000010000509,4000,Thickener Rake Seal Kit 200MM SKF,IMPACT,INTERMITTENT,3,52,1.581,3.100,1.071,2.100,5.635,4.800,ROP_MAX_SAFETY_STOCK,"Stock on hand 0 is below the current reorder point 1.581. At the IMPACT service level of 95% and a 52-day lead time, the reorder point should be 3.1.",APPROVED,2026-06-08
REC-000772,000000000010000510,2000,Pressure Transmitter Assembly 6/4 SEW,NORMAL,REGULAR,12,17,17.760,13.900,3.604,2.800,101.044,73.700,ROP_MAX_SAFETY_STOCK,Regular consumption of 19.9 per month over 24 months with a 17-day lead time gives a reorder point of 13.9 against the current 17.76.,APPROVED,2026-05-25
REC-000773,000000000010000511,2000,Belt Scraper Blade Cartridge 6/4 SEW,IMPACT,SLOW,2,28,1.306,0.900,0.982,0.700,1.836,1.600,ROP_MAX_SAFETY_STOCK,"Stock on hand 1 is below the current reorder point 1.306. At the IMPACT service level of 95% and a 28-day lead time, the reorder point should be 0.9.",APPROVED,2026-08-30
REC-000774,000000000090000026,4000,Hydraulic Power Pack HD MULTOTEC,OBSOLETE,NO_DEMAND,0,37,0.000,,0.000,,1.000,,NO_SAFETY_STOCK,Obsolete material: no safety stock recommended. Candidate for stock reduction review.,APPROVED,2026-06-13
REC-000775,000000000090000026,2000,Hydraulic Power Pack HD MULTOTEC,OBSOLETE,NO_DEMAND,0,37,0.000,,0.000,,1.000,,NO_SAFETY_STOCK,Obsolete material: no safety stock recommended. Candidate for stock reduction review.,APPROVED,2026-08-12
REC-000776,000000000030000113,3000,Conveyor Drive Gearbox HD ABB,CRITICAL,ON_DEMAND,1,150,0.000,13.000,0.000,7.300,0.000,16.500,OAR_TO_MIN_MAX,This OAR material is classified CRITICAL on the critical parts list. Recommend Min-Max management with a reorder point of 13 and a maximum of 16.5.,APPROVED,2026-07-14
REC-000777,000000000010000513,2000,Centrifugal Pump Casing DN150 SEW,NORMAL,SLOW,1,11,0.606,0.500,0.517,0.400,1.415,1.000,ROP_MAX_SAFETY_STOCK,Slow consumption of 0.2 per month over 24 months with a 11-day lead time gives a reorder point of 0.5 against the current 0.606.,APPROVED,2026-05-31
REC-000778,000000000010000514,1000,Ball Mill Shell Liner Plate 250KW SEW,NORMAL,REGULAR,11,55,69.961,57.400,10.983,9.000,121.459,137.800,ROP_MAX_SAFETY_STOCK,"Stock on hand 17 is below the current reorder point 69.961. At the NORMAL service level of 85% and a 55-day lead time, the reorder point should be 57.4.",PROPOSED,2026-05-29
REC-000779,000000000010000514,2000,Ball Mill Shell Liner Plate 250KW SEW,NORMAL,REGULAR,11,55,69.534,84.600,13.391,16.300,246.965,198.000,ROP_MAX_SAFETY_STOCK,Regular consumption of 37.8 per month over 24 months with a 55-day lead time gives a reorder point of 84.6 against the current 69.534.,REJECTED,2026-08-29
REC-000780,000000000080000113,4000,Conveyor Drive Gearbox 110KW MULTOTEC,IMPACT,INTERMITTENT,2,20,1.375,3.400,1.064,2.600,6.413,6.900,ROP_MAX_SAFETY_STOCK,Intermittent consumption of 1.2 per month over 24 months with a 20-day lead time gives a reorder point of 3.4 against the current 1.375.,REJECTED,2026-05-20
REC-000781,000000000010000516,2000,Belt Scraper Blade Cartridge 250KW METSO,INSURANCE,REGULAR,8,91,50.476,116.100,7.784,17.900,208.716,214.600,ROP_MAX_SAFETY_STOCK,"Stock on hand 0 is below the current reorder point 50.476. At the INSURANCE service level of 90% and a 91-day lead time, the reorder point should be 116.1.",APPROVED,2026-06-18
REC-000782,000000000010000516,1000,Belt Scraper Blade Cartridge 250KW METSO,INSURANCE,REGULAR,12,91,68.710,38.400,9.916,5.500,80.019,71.400,ROP_MAX_SAFETY_STOCK,"Stock on hand 48 is below the current reorder point 68.71. At the INSURANCE service level of 90% and a 91-day lead time, the reorder point should be 38.4.",PROPOSED,2026-05-16
REC-000783,000000000010000517,1000,Hydraulic Pump Assembly 8/6 KSB,NORMAL,REGULAR,12,38,18.729,14.600,3.350,2.600,72.128,43.500,ROP_MAX_SAFETY_STOCK,Regular consumption of 9.6 per month over 24 months with a 38-day lead time gives a reorder point of 14.6 against the current 18.729.,PROPOSED,2026-07-03
REC-000784,000000000080000114,1000,Gearbox Bearing TYPE B MULTOTEC,IMPACT,INTERMITTENT,7,54,1.372,3.100,0.753,1.700,8.467,5.500,ROP_MAX_SAFETY_STOCK,Intermittent consumption of 0.8 per month over 24 months with a 54-day lead time gives a reorder point of 3.1 against the current 1.372.,APPROVED,2026-06-25
REC-000785,000000000080000114,3000,Gearbox Bearing TYPE B MULTOTEC,IMPACT,INTERMITTENT,5,54,3.606,6.500,2.280,4.100,7.448,10.500,ROP_MAX_SAFETY_STOCK,Intermittent consumption of 1.3 per month over 24 months with a 54-day lead time gives a reorder point of 6.5 against the current 3.606.,REJECTED,2026-06-19
REC-000786,000000000010000518,4000,Conveyor Drive Motor DN150 KSB,NORMAL,INTERMITTENT,4,29,7.859,4.600,4.642,2.700,15.662,10.500,ROP_MAX_SAFETY_STOCK,Stock on hand 16 exceeds the current maximum 15.662. Consumption of 2.0 per month supports a maximum of 10.5.,PROPOSED,2026-07-21
REC-000787,000000000010000518,2000,Conveyor Drive Motor DN150 KSB,NORMAL,INTERMITTENT,4,29,3.432,3.000,2.063,1.800,7.319,6.800,ROP_MAX_SAFETY_STOCK,Intermittent consumption of 1.2 per month over 24 months with a 29-day lead time gives a reorder point of 3 against the current 3.432.,APPROVED,2026-07-20
REC-000788,000000000030000114,2000,Apron Feeder Gear Reducer DN100 ABB,CRITICAL,ON_DEMAND,1,97,0.000,9.900,0.000,4.900,0.000,14.700,OAR_TO_MIN_MAX,This OAR material is classified CRITICAL on the critical parts list. Recommend Min-Max management with a reorder point of 9.9 and a maximum of 14.7.,PROPOSED,2026-07-15
REC-000789,000000000090000027,2000,Thickener Rake Drive Gearbox 150MM SEW,OBSOLETE,NO_DEMAND,0,58,0.000,,0.000,,1.000,,NO_SAFETY_STOCK,Obsolete material: no safety stock recommended. Candidate for stock reduction review.,PROPOSED,2026-07-30
REC-000790,000000000010000519,3000,MCC Feeder Circuit Breaker 8/6 MULTOTEC,CRITICAL,INTERMITTENT,0,52,5.653,5.600,3.319,3.300,15.829,9.700,ROP_MAX_SAFETY_STOCK,"Stock on hand 0 is below the current reorder point 5.653. At the CRITICAL service level of 98% and a 52-day lead time, the reorder point should be 5.6.",HELD,2026-06-02
REC-000791,000000000010000520,3000,Agitator Shaft Seal 250KW KSB,NORMAL,REGULAR,9,43,28.906,43.200,4.679,7.000,188.828,120.100,ROP_MAX_SAFETY_STOCK,Regular consumption of 25.6 per month over 24 months with a 43-day lead time gives a reorder point of 43.2 against the current 28.906.,PROPOSED,2026-08-08
REC-000792,000000000010000521,2000,Conveyor Pulley Bearing DN150 METSO,CRITICAL,INTERMITTENT,0,107,21.561,12.000,12.080,6.700,21.561,16.500,ROP_MAX_SAFETY_STOCK,"Stock on hand 0 is below the current reorder point 21.561. At the CRITICAL service level of 98% and a 107-day lead time, the reorder point should be 12.",HELD,2026-07-09
REC-000793,000000000010000521,4000,Conveyor Pulley Bearing DN150 METSO,CRITICAL,INTERMITTENT,0,107,20.267,13.100,11.650,7.500,22.054,17.900,ROP_MAX_SAFETY_STOCK,"Stock on hand 0 is below the current reorder point 20.267. At the CRITICAL service level of 98% and a 107-day lead time, the reorder point should be 13.1.",APPROVED,2026-07-29
REC-000794,000000000010000522,2000,Conveyor Drive Gearbox 6/4 ABB,INSURANCE,INTERMITTENT,5,178,12.461,9.500,4.143,3.200,12.461,12.800,ROP_MAX_SAFETY_STOCK,"Stock on hand 8 is below the current reorder point 12.461. At the INSURANCE service level of 90% and a 178-day lead time, the reorder point should be 9.5.",REJECTED,2026-06-23
REC-000795,000000000010000523,3000,Conveyor Drive Motor TYPE B METSO,INSURANCE,INTERMITTENT,6,108,12.622,9.200,6.313,4.600,14.492,13.100,ROP_MAX_SAFETY_STOCK,"Stock on hand 3 is below the current reorder point 12.622. At the INSURANCE service level of 90% and a 108-day lead time, the reorder point should be 9.2.",HELD,2026-07-13
REC-000796,000000000010000524,1000,MCC Feeder Circuit Breaker 250MM SKF,CRITICAL,REGULAR,10,139,28.108,48.000,5.406,9.200,94.912,73.500,ROP_MAX_SAFETY_STOCK,"Stock on hand 1 is below the current reorder point 28.108. At the CRITICAL service level of 98% and a 139-day lead time, the reorder point should be 48.",APPROVED,2026-06-17
REC-000797,000000000010000525,3000,Conveyor Take-Up Pulley 250KW METSO,INSURANCE,INTERMITTENT,5,31,3.573,3.700,2.341,2.400,7.380,7.500,ROP_MAX_SAFETY_STOCK,Intermittent consumption of 1.2 per month over 24 months with a 31-day lead time gives a reorder point of 3.7 against the current 3.573.,REJECTED,2026-07-20
REC-000798,000000000010000525,4000,Conveyor Take-Up Pulley 250KW METSO,INSURANCE,INTERMITTENT,4,31,1.341,1.700,0.863,1.100,4.708,3.500,ROP_MAX_SAFETY_STOCK,Stock on hand 5 exceeds the current maximum 4.708. Consumption of 0.6 per month supports a maximum of 3.5.,HELD,2026-07-30
REC-000799,000000000010000526,3000,Gland Packing Seal Ring 10/8 KSB,CRITICAL,INTERMITTENT,0,67,4.809,10.600,3.031,6.700,25.137,16.000,ROP_MAX_SAFETY_STOCK,"Stock on hand 0 is below the current reorder point 4.809. At the CRITICAL service level of 98% and a 67-day lead time, the reorder point should be 10.6.",APPROVED,2026-07-21
REC-000800,000000000010000527,4000,PLC Digital Output Card DN150 WEIR,NORMAL,REGULAR,12,47,71.811,41.100,10.093,5.800,98.488,109.600,ROP_MAX_SAFETY_STOCK,Regular consumption of 22.8 per month over 24 months with a 47-day lead time gives a reorder point of 41.1 against the current 71.811.,PROPOSED,2026-05-11
REC-000801,000000000090000028,4000,Conveyor Take-Up Pulley TYPE B SKF,OBSOLETE,NO_DEMAND,0,28,0.000,,0.000,,1.000,,NO_SAFETY_STOCK,Obsolete material: no safety stock recommended. Candidate for stock reduction review.,PROPOSED,2026-05-25
REC-000802,000000000090000028,3000,Conveyor Take-Up Pulley TYPE B SKF,OBSOLETE,NO_DEMAND,0,28,0.000,,0.000,,1.000,,NO_SAFETY_STOCK,Obsolete material: no safety stock recommended. Candidate for stock reduction review.,PROPOSED,2026-07-22
REC-000803,000000000030000115,2000,Skirt Rubber Liner Section DN100 SEW,IMPACT,ON_DEMAND,1,20,0.000,1.800,0.000,1.400,0.000,3.800,OAR_TO_MIN_MAX,This OAR material is classified IMPACT on the critical parts list. Recommend Min-Max management with a reorder point of 1.8 and a maximum of 3.8.,APPROVED,2026-08-14
REC-000804,000000000010000528,1000,Vertical Sump Pump Column 150MM ABB,IMPACT,INTERMITTENT,3,58,2.625,2.400,1.765,1.600,6.445,3.600,ROP_MAX_SAFETY_STOCK,"Stock on hand 2 is below the current reorder point 2.625. At the IMPACT service level of 95% and a 58-day lead time, the reorder point should be 2.4.",APPROVED,2026-08-03
REC-000805,000000000010000530,1000,Mill Lube Pump Motor 150MM WEIR,CRITICAL,INTERMITTENT,7,60,6.336,9.900,3.866,6.000,22.486,15.800,ROP_MAX_SAFETY_STOCK,"Stock on hand 4 is below the current reorder point 6.336. At the CRITICAL service level of 98% and a 60-day lead time, the reorder point should be 9.9.",PROPOSED,2026-07-12
REC-000806,000000000010000531,3000,Thickener Rake Drive Gearbox DN100 FLSM,CRITICAL,INTERMITTENT,0,107,7.894,13.000,4.799,7.900,18.381,17.400,ROP_MAX_SAFETY_STOCK,"Stock on hand 0 is below the current reorder point 7.894. At the CRITICAL service level of 98% and a 107-day lead time, the reorder point should be 13.",APPROVED,2026-08-14
REC-000807,000000000010000531,4000,Thickener Rake Drive Gearbox DN100 FLSM,CRITICAL,INTERMITTENT,0,107,4.453,7.200,2.556,4.100,15.673,9.800,ROP_MAX_SAFETY_STOCK,"Stock on hand 0 is below the current reorder point 4.453. At the CRITICAL service level of 98% and a 107-day lead time, the reorder point should be 7.2.",APPROVED,2026-05-14
REC-000808,000000000010000532,4000,Thickener Rake Drive Gearbox 150MM SEW,CRITICAL,INTERMITTENT,0,83,8.943,7.200,5.268,4.200,10.791,10.400,ROP_MAX_SAFETY_STOCK,"Stock on hand 0 is below the current reorder point 8.943. At the CRITICAL service level of 98% and a 83-day lead time, the reorder point should be 7.2.",REJECTED,2026-05-25
REC-000809,000000000010000533,2000,Slurry Density Transmitter DN150 SANDVIK,NORMAL,INTERMITTENT,7,54,7.838,5.000,3.635,2.300,10.006,9.500,ROP_MAX_SAFETY_STOCK,Intermittent consumption of 1.5 per month over 24 months with a 54-day lead time gives a reorder point of 5 against the current 7.838.,PROPOSED,2026-06-05
REC-000810,000000000080000115,3000,Conveyor Drive Gearbox 8/6 METSO,IMPACT,INTERMITTENT,3,21,2.785,2.100,2.063,1.600,3.284,4.500,ROP_MAX_SAFETY_STOCK,Intermittent consumption of 0.8 per month over 24 months with a 21-day lead time gives a reorder point of 2.1 against the current 2.785.,APPROVED,2026-05-18
REC-000811,000000000010000534,1000,Conveyor Drive Motor 6/4 SIEMENS,INSURANCE,REGULAR,10,111,26.315,38.200,3.573,5.200,47.793,65.300,ROP_MAX_SAFETY_STOCK,"Stock on hand 0 is below the current reorder point 26.315. At the INSURANCE service level of 90% and a 111-day lead time, the reorder point should be 38.2.",HELD,2026-05-18
REC-000812,000000000010000535,2000,Conveyor Pulley Bearing 8/6 WEIR,CRITICAL,INTERMITTENT,0,128,11.016,18.300,5.310,8.800,37.701,25.100,ROP_MAX_SAFETY_STOCK,"Stock on hand 0 is below the current reorder point 11.016. At the CRITICAL service level of 98% and a 128-day lead time, the reorder point should be 18.3.",APPROVED,2026-06-02
REC-000813,000000000010000535,4000,Conveyor Pulley Bearing 8/6 WEIR,CRITICAL,INTERMITTENT,0,128,11.654,9.600,6.942,5.700,17.543,12.300,ROP_MAX_SAFETY_STOCK,"Stock on hand 0 is below the current reorder point 11.654. At the CRITICAL service level of 98% and a 128-day lead time, the reorder point should be 9.6.",HELD,2026-07-23
REC-000814,000000000030000116,4000,Variable Speed Drive Unit 110KW FLSM,IMPACT,ON_DEMAND,2,23,0.000,2.000,0.000,1.600,0.000,3.500,OAR_TO_MIN_MAX,This OAR material is classified IMPACT on the critical parts list. Recommend Min-Max management with a reorder point of 2 and a maximum of 3.5.,APPROVED,2026-08-04
REC-000815,000000000030000116,2000,Variable Speed Drive Unit 110KW FLSM,IMPACT,ON_DEMAND,2,23,0.000,3.200,0.000,2.400,0.000,6.300,OAR_TO_MIN_MAX,This OAR material is classified IMPACT on the critical parts list. Recommend Min-Max management with a reorder point of 3.2 and a maximum of 6.3.,HELD,2026-09-02
REC-000816,000000000080000116,4000,Gearbox Bearing DN150 WEIR,IMPACT,INTERMITTENT,5,46,5.890,3.400,4.128,2.400,9.019,5.400,ROP_MAX_SAFETY_STOCK,"Stock on hand 5 is below the current reorder point 5.89. At the IMPACT service level of 95% and a 46-day lead time, the reorder point should be 3.4.",PROPOSED,2026-07-23
REC-000817,000000000080000117,3000,Hydraulic Pump Assembly DN100 MULTOTEC,CRITICAL,INTERMITTENT,5,57,7.906,8.800,5.183,5.800,22.967,13.700,ROP_MAX_SAFETY_STOCK,Intermittent consumption of 1.6 per month over 24 months with a 57-day lead time gives a reorder point of 8.8 against the current 7.906.,HELD,2026-06-26
REC-000818,000000000010000536,2000,Slurry Density Transmitter DN150 SKF,INSURANCE,INTERMITTENT,3,66,3.536,2.900,1.956,1.600,3.536,4.700,ROP_MAX_SAFETY_STOCK,Stock on hand 4 exceeds the current maximum 3.536. Consumption of 0.6 per month supports a maximum of 4.7.,APPROVED,2026-09-02
REC-000819,000000000010000537,1000,Flotation Blower Motor DN150 SKF,NORMAL,REGULAR,12,49,83.180,47.700,13.115,7.500,100.818,122.600,ROP_MAX_SAFETY_STOCK,"Stock on hand 36 is below the current reorder point 83.18. At the NORMAL service level of 85% and a 49-day lead time, the reorder point should be 47.7.",APPROVED,2026-07-16
REC-000820,000000000010000538,4000,Conveyor Pulley Bearing 8/6 ABB,INSURANCE,REGULAR,11,143,100.157,105.600,13.695,14.400,122.597,163.800,ROP_MAX_SAFETY_STOCK,"Stock on hand 23 is below the current reorder point 100.157. At the INSURANCE service level of 90% and a 143-day lead time, the reorder point should be 105.6.",APPROVED,2026-08-29
REC-000821,000000000010000539,2000,Variable Speed Drive Unit 150MM WEIR,IMPACT,SLOW,1,19,0.528,0.500,0.448,0.400,0.783,0.900,ROP_MAX_SAFETY_STOCK,Stock on hand 1 exceeds the current maximum 0.783. Consumption of 0.1 per month supports a maximum of 0.9.,PROPOSED,2026-06-04
REC-000822,000000000080000118,2000,Hydraulic Power Pack 6/4 SIEMENS,IMPACT,INTERMITTENT,4,36,2.658,5.500,1.744,3.600,16.965,10.200,ROP_MAX_SAFETY_STOCK,Intermittent consumption of 1.6 per month over 24 months with a 36-day lead time gives a reorder point of 5.5 against the current 2.658.,REJECTED,2026-08-05
REC-000823,000000000010000540,3000,Centrifugal Pump Casing TYPE A SKF,INSURANCE,INTERMITTENT,4,70,6.068,8.300,3.416,4.700,16.748,13.100,ROP_MAX_SAFETY_STOCK,Stock on hand 17 exceeds the current maximum 16.748. Consumption of 1.6 per month supports a maximum of 13.1.,REJECTED,2026-06-08
REC-000824,000000000010000540,4000,Centrifugal Pump Casing TYPE A SKF,INSURANCE,INTERMITTENT,4,70,4.479,8.400,2.553,4.800,13.146,13.200,ROP_MAX_SAFETY_STOCK,"Stock on hand 0 is below the current reorder point 4.479. At the INSURANCE service level of 90% and a 70-day lead time, the reorder point should be 8.4.",PROPOSED,2026-08-30
REC-000825,000000000010000541,1000,Pump Impeller 6/4 FLSM,CRITICAL,INTERMITTENT,0,106,7.076,4.300,4.905,3.000,7.076,5.400,ROP_MAX_SAFETY_STOCK,"Stock on hand 0 is below the current reorder point 7.076. At the CRITICAL service level of 98% and a 106-day lead time, the reorder point should be 4.3.",PROPOSED,2026-05-19
REC-000826,000000000010000543,2000,Crusher Hydroset Cylinder 6/4 SANDVIK,NORMAL,REGULAR,12,18,38.890,25.100,8.508,5.500,194.728,124.600,ROP_MAX_SAFETY_STOCK,Regular consumption of 33.2 per month over 24 months with a 18-day lead time gives a reorder point of 25.1 against the current 38.89.,PROPOSED,2026-07-11
REC-000827,000000000030000120,2000,Thickener Rake Seal Kit DN150 KSB,IMPACT,ON_DEMAND,2,20,0.000,1.300,0.000,1.000,0.000,2.800,OAR_TO_MIN_MAX,This OAR material is classified IMPACT on the critical parts list. Recommend Min-Max management with a reorder point of 1.3 and a maximum of 2.8.,APPROVED,2026-05-25
REC-000828,000000000080000119,4000,Crusher Main Shaft Bearing 8/6 SANDVIK,CRITICAL,INTERMITTENT,2,43,1.202,2.600,0.877,1.900,4.740,4.100,ROP_MAX_SAFETY_STOCK,"Stock on hand 1 is below the current reorder point 1.202. At the CRITICAL service level of 98% and a 43-day lead time, the reorder point should be 2.6.",APPROVED,2026-09-01
REC-000829,000000000080000119,2000,Crusher Main Shaft Bearing 8/6 SANDVIK,CRITICAL,INTERMITTENT,4,43,8.914,7.800,6.425,5.600,18.485,12.400,ROP_MAX_SAFETY_STOCK,Intermittent consumption of 1.5 per month over 24 months with a 43-day lead time gives a reorder point of 7.8 against the current 8.914.,REJECTED,2026-06-23
REC-000830,000000000010000544,4000,Ball Mill Shell Liner Plate 6/4 SANDVIK,IMPACT,REGULAR,12,37,47.675,50.700,11.459,12.200,181.174,145.700,ROP_MAX_SAFETY_STOCK,"Stock on hand 8 is below the current reorder point 47.675. At the IMPACT service level of 95% and a 37-day lead time, the reorder point should be 50.7.",APPROVED,2026-07-07
REC-000831,000000000010000544,1000,Ball Mill Shell Liner Plate 6/4 SANDVIK,IMPACT,REGULAR,12,37,49.429,27.900,13.151,7.400,101.854,78.500,ROP_MAX_SAFETY_STOCK,Regular consumption of 16.9 per month over 24 months with a 37-day lead time gives a reorder point of 27.9 against the current 49.429.,PROPOSED,2026-06-05
REC-000832,000000000010000545,1000,Vertical Sump Pump Column 200MM KSB,CRITICAL,REGULAR,11,44,58.979,45.000,16.109,12.300,191.458,112.900,ROP_MAX_SAFETY_STOCK,"Stock on hand 58 is below the current reorder point 58.979. At the CRITICAL service level of 98% and a 44-day lead time, the reorder point should be 45.",HELD,2026-08-04
REC-000833,000000000010000545,3000,Vertical Sump Pump Column 200MM KSB,CRITICAL,REGULAR,12,44,24.668,25.800,8.485,8.900,64.853,60.900,ROP_MAX_SAFETY_STOCK,"Stock on hand 12 is below the current reorder point 24.668. At the CRITICAL service level of 98% and a 44-day lead time, the reorder point should be 25.8.",APPROVED,2026-07-10
REC-000834,000000000010000546,3000,Conveyor Drive Motor 150MM ABB,INSURANCE,INTERMITTENT,7,40,2.050,2.800,1.028,1.400,5.743,6.000,ROP_MAX_SAFETY_STOCK,"Stock on hand 2 is below the current reorder point 2.05. At the INSURANCE service level of 90% and a 40-day lead time, the reorder point should be 2.8.",PROPOSED,2026-07-31
REC-000835,000000000010000547,1000,Ball Mill Gearbox Assembly DN150 SIEMENS,IMPACT,REGULAR,10,60,42.219,100.200,11.332,26.900,252.411,211.700,ROP_MAX_SAFETY_STOCK,Regular consumption of 37.2 per month over 24 months with a 60-day lead time gives a reorder point of 100.2 against the current 42.219.,REJECTED,2026-06-28
REC-000836,000000000030000122,3000,Crusher Hydroset Cylinder DN100 MULTOTEC,CRITICAL,ON_DEMAND,1,94,0.000,11.100,0.000,6.500,0.000,15.600,OAR_TO_MIN_MAX,This OAR material is classified CRITICAL on the critical parts list. Recommend Min-Max management with a reorder point of 11.1 and a maximum of 15.6.,REJECTED,2026-06-15
REC-000837,000000000080000120,4000,Slurry Pump Mechanical Seal 6/4 KSB,NORMAL,INTERMITTENT,6,15,1.373,0.900,0.862,0.600,3.305,2.900,ROP_MAX_SAFETY_STOCK,Intermittent consumption of 0.7 per month over 24 months with a 15-day lead time gives a reorder point of 0.9 against the current 1.373.,REJECTED,2026-06-23
REC-000838,000000000080000121,1000,Variable Speed Drive Unit DN100 WEIR,CRITICAL,INTERMITTENT,8,39,7.567,7.200,4.719,4.500,10.232,13.600,ROP_MAX_SAFETY_STOCK,"Stock on hand 7 is below the current reorder point 7.567. At the CRITICAL service level of 98% and a 39-day lead time, the reorder point should be 7.2.",HELD,2026-08-26
REC-000839,000000000010000548,1000,Conveyor Drive Gearbox 200MM MULTOTEC,IMPACT,REGULAR,12,31,15.509,32.200,4.425,9.200,156.739,100.000,ROP_MAX_SAFETY_STOCK,"Stock on hand 7 is below the current reorder point 15.509. At the IMPACT service level of 95% and a 31-day lead time, the reorder point should be 32.2.",PROPOSED,2026-07-06
REC-000840,000000000030000124,4000,Conveyor Take-Up Pulley 200MM MULTOTEC,CRITICAL,ON_DEMAND,0,90,0.000,6.500,0.000,4.300,0.000,8.800,OAR_TO_MIN_MAX,This OAR material is classified CRITICAL on the critical parts list. Recommend Min-Max management with a reorder point of 6.5 and a maximum of 8.8.,HELD,2026-06-25
REC-000841,000000000010000549,2000,Thickener Rake Seal Kit 150MM ABB,NORMAL,REGULAR,12,50,30.914,25.800,4.404,3.700,50.362,66.200,ROP_MAX_SAFETY_STOCK,"Stock on hand 20 is below the current reorder point 30.914. At the NORMAL service level of 85% and a 50-day lead time, the reorder point should be 25.8.",PROPOSED,2026-07-27
REC-000842,000000000010000550,1000,Ball Mill Trunnion Bearing 10/8 SIEMENS,CRITICAL,INTERMITTENT,8,126,15.711,9.500,6.625,4.000,22.478,13.500,ROP_MAX_SAFETY_STOCK,"Stock on hand 12 is below the current reorder point 15.711. At the CRITICAL service level of 98% and a 126-day lead time, the reorder point should be 9.5.",APPROVED,2026-09-01
REC-000843,000000000030000125,3000,Pump Impeller 250KW SIEMENS,CRITICAL,ON_DEMAND,1,107,0.000,13.600,0.000,8.500,0.000,18.000,OAR_TO_MIN_MAX,This OAR material is classified CRITICAL on the critical parts list. Recommend Min-Max management with a reorder point of 13.6 and a maximum of 18.,HELD,2026-07-15
REC-000844,000000000030000125,4000,Pump Impeller 250KW SIEMENS,CRITICAL,ON_DEMAND,1,107,0.000,6.000,0.000,3.100,0.000,8.500,OAR_TO_MIN_MAX,This OAR material is classified CRITICAL on the critical parts list. Recommend Min-Max management with a reorder point of 6 and a maximum of 8.5.,PROPOSED,2026-08-30
REC-000845,000000000010000551,2000,Centrifugal Pump Casing TYPE A SANDVIK,CRITICAL,INTERMITTENT,0,109,19.541,12.500,12.089,7.700,19.541,16.500,ROP_MAX_SAFETY_STOCK,"Stock on hand 0 is below the current reorder point 19.541. At the CRITICAL service level of 98% and a 109-day lead time, the reorder point should be 12.5.",REJECTED,2026-08-25
REC-000846,000000000010000552,4000,Slurry Density Transmitter 110KW METSO,INSURANCE,INTERMITTENT,2,63,7.293,5.100,4.697,3.300,7.293,7.700,ROP_MAX_SAFETY_STOCK,Stock on hand 8 exceeds the current maximum 7.293. Consumption of 0.9 per month supports a maximum of 7.7.,APPROVED,2026-09-01
REC-000847,000000000010000553,2000,Ball Mill Gearbox Assembly 10/8 KSB,CRITICAL,INTERMITTENT,8,127,27.576,22.100,14.562,11.700,52.102,29.600,ROP_MAX_SAFETY_STOCK,"Stock on hand 27 is below the current reorder point 27.576. At the CRITICAL service level of 98% and a 127-day lead time, the reorder point should be 22.1.",HELD,2026-08-05
REC-000848,000000000030000127,2000,Ventilation Fan Motor 250KW METSO,IMPACT,ON_DEMAND,1,23,0.000,2.300,0.000,1.700,0.000,4.700,OAR_TO_MIN_MAX,This OAR material is classified IMPACT on the critical parts list. Recommend Min-Max management with a reorder point of 2.3 and a maximum of 4.7.,HELD,2026-07-27
REC-000849,000000000010000554,3000,Apron Feeder Gear Reducer 200MM SKF,CRITICAL,REGULAR,12,89,106.918,60.000,24.625,13.800,125.492,107.400,ROP_MAX_SAFETY_STOCK,"Stock on hand 52 is below the current reorder point 106.918. At the CRITICAL service level of 98% and a 89-day lead time, the reorder point should be 60.",REJECTED,2026-05-28
REC-000850,000000000010000555,4000,Ball Mill Gearbox Assembly 110KW METSO,CRITICAL,INTERMITTENT,7,143,16.482,26.400,7.801,12.500,53.996,35.300,ROP_MAX_SAFETY_STOCK,Intermittent consumption of 3.0 per month over 24 months with a 143-day lead time gives a reorder point of 26.4 against the current 16.482.,REJECTED,2026-05-19
REC-000851,000000000010000556,4000,Thickener Rake Drive Gearbox DN100 ABB,INSURANCE,SLOW,3,119,1.256,1.700,0.750,1.000,2.341,2.200,ROP_MAX_SAFETY_STOCK,Slow consumption of 0.2 per month over 24 months with a 119-day lead time gives a reorder point of 1.7 against the current 1.256.,APPROVED,2026-06-28
REC-000852,000000000010000557,2000,Flotation Cell Impeller DN100 WEIR,INSURANCE,INTERMITTENT,6,210,12.343,11.400,3.659,3.400,21.811,14.900,ROP_MAX_SAFETY_STOCK,Intermittent consumption of 1.2 per month over 24 months with a 210-day lead time gives a reorder point of 11.4 against the current 12.343.,HELD,2026-05-18
REC-000853,000000000010000558,3000,Ball Mill Gearbox Assembly 10/8 KSB,INSURANCE,SLOW,3,133,4.935,5.500,2.318,2.600,5.774,7.500,ROP_MAX_SAFETY_STOCK,"Stock on hand 1 is below the current reorder point 4.935. At the INSURANCE service level of 90% and a 133-day lead time, the reorder point should be 5.5.",PROPOSED,2026-06-29
REC-000854,000000000010000559,4000,Slurry Density Transmitter TYPE A ABB,IMPACT,INTERMITTENT,7,27,4.108,3.500,2.830,2.400,11.749,7.100,ROP_MAX_SAFETY_STOCK,"Stock on hand 2 is below the current reorder point 4.108. At the IMPACT service level of 95% and a 27-day lead time, the reorder point should be 3.5.",APPROVED,2026-08-02
REC-000855,000000000010000560,4000,Ball Mill Gearbox Assembly TYPE B KSB,NORMAL,INTERMITTENT,3,42,2.265,1.800,1.260,1.000,5.168,3.500,ROP_MAX_SAFETY_STOCK,"Stock on hand 2 is below the current reorder point 2.265. At the NORMAL service level of 85% and a 42-day lead time, the reorder point should be 1.8.",REJECTED,2026-06-06
REC-000856,000000000010000560,3000,Ball Mill Gearbox Assembly TYPE B KSB,NORMAL,INTERMITTENT,4,42,2.628,2.500,1.452,1.400,8.960,5.000,ROP_MAX_SAFETY_STOCK,Intermittent consumption of 0.8 per month over 24 months with a 42-day lead time gives a reorder point of 2.5 against the current 2.628.,APPROVED,2026-08-17
REC-000857,000000000080000122,1000,Ventilation Fan Motor 8/6 SANDVIK,IMPACT,INTERMITTENT,3,22,1.390,3.200,1.087,2.500,10.805,6.100,ROP_MAX_SAFETY_STOCK,Stock on hand 11 exceeds the current maximum 10.805. Consumption of 1.0 per month supports a maximum of 6.1.,APPROVED,2026-08-21
REC-000858,000000000080000122,3000,Ventilation Fan Motor 8/6 SANDVIK,IMPACT,INTERMITTENT,6,22,5.462,3.300,3.776,2.300,8.190,7.500,ROP_MAX_SAFETY_STOCK,"Stock on hand 4 is below the current reorder point 5.462. At the IMPACT service level of 95% and a 22-day lead time, the reorder point should be 3.3.",PROPOSED,2026-06-25
REC-000859,000000000030000128,3000,Ventilation Fan Motor 8/6 WEIR,CRITICAL,ON_DEMAND,0,58,0.000,8.600,0.000,5.300,0.000,13.700,OAR_TO_MIN_MAX,This OAR material is classified CRITICAL on the critical parts list. Recommend Min-Max management with a reorder point of 8.6 and a maximum of 13.7.,HELD,2026-08-12
REC-000860,000000000030000128,1000,Ventilation Fan Motor 8/6 WEIR,CRITICAL,ON_DEMAND,0,58,0.000,5.500,0.000,3.500,0.000,8.600,OAR_TO_MIN_MAX,This OAR material is classified CRITICAL on the critical parts list. Recommend Min-Max management with a reorder point of 5.5 and a maximum of 8.6.,HELD,2026-08-15
REC-000861,000000000080000123,3000,Ball Mill Trunnion Bearing 250KW WEIR,IMPACT,INTERMITTENT,5,50,0.918,2.300,0.559,1.400,6.320,3.900,ROP_MAX_SAFETY_STOCK,Intermittent consumption of 0.5 per month over 24 months with a 50-day lead time gives a reorder point of 2.3 against the current 0.918.,APPROVED,2026-08-25
REC-000862,000000000090000029,3000,Hydraulic Pump Assembly 250KW SIEMENS,OBSOLETE,NO_DEMAND,0,44,0.000,,0.000,,1.000,,NO_SAFETY_STOCK,Obsolete material: no safety stock recommended. Candidate for stock reduction review.,PROPOSED,2026-06-20
REC-000863,000000000090000030,4000,Variable Speed Drive Unit 55KW FLSM,OBSOLETE,NO_DEMAND,0,38,0.000,,0.000,,1.000,,NO_SAFETY_STOCK,Obsolete material: no safety stock recommended. Candidate for stock reduction review.,REJECTED,2026-07-26
REC-000864,000000000010000564,2000,Hydraulic Pump Assembly HD SANDVIK,CRITICAL,INTERMITTENT,7,183,8.087,5.900,3.562,2.600,9.290,7.500,ROP_MAX_SAFETY_STOCK,Stock on hand 11 exceeds the current maximum 9.29. Consumption of 0.5 per month supports a maximum of 7.5.,APPROVED,2026-08-12
REC-000865,000000000010000565,1000,Conveyor Drive Gearbox TYPE B KSB,INSURANCE,REGULAR,12,71,140.722,100.300,22.510,16.000,343.850,208.700,ROP_MAX_SAFETY_STOCK,Regular consumption of 36.1 per month over 24 months with a 71-day lead time gives a reorder point of 100.3 against the current 140.722.,APPROVED,2026-05-14
REC-000866,000000000010000565,3000,Conveyor Drive Gearbox TYPE B KSB,INSURANCE,REGULAR,12,71,108.778,80.800,18.225,13.500,155.680,167.300,ROP_MAX_SAFETY_STOCK,"Stock on hand 63 is below the current reorder point 108.778. At the INSURANCE service level of 90% and a 71-day lead time, the reorder point should be 80.8.",APPROVED,2026-05-14
REC-000867,000000000010000566,1000,MCC Feeder Circuit Breaker 10/8 SKF,CRITICAL,INTERMITTENT,0,58,3.554,3.800,2.228,2.400,10.404,6.000,ROP_MAX_SAFETY_STOCK,"Stock on hand 0 is below the current reorder point 3.554. At the CRITICAL service level of 98% and a 58-day lead time, the reorder point should be 3.8.",PROPOSED,2026-08-07
REC-000868,000000000080000124,2000,Mill Lube Pump Motor 200MM KSB,IMPACT,INTERMITTENT,6,16,2.090,2.900,1.610,2.200,6.334,6.700,ROP_MAX_SAFETY_STOCK,Intermittent consumption of 1.2 per month over 24 months with a 16-day lead time gives a reorder point of 2.9 against the current 2.09.,APPROVED,2026-06-14
REC-000869,000000000010000567,2000,Soft Starter Power Module 200MM WEIR,INSURANCE,INTERMITTENT,5,73,13.889,7.800,8.036,4.500,13.889,11.900,ROP_MAX_SAFETY_STOCK,"Stock on hand 9 is below the current reorder point 13.889. At the INSURANCE service level of 90% and a 73-day lead time, the reorder point should be 7.8.",APPROVED,2026-08-28
REC-000870,000000000030000130,2000,Flow Meter Sensor Head 250MM WEIR,IMPACT,ON_DEMAND,2,10,0.000,2.600,0.000,2.100,0.000,7.300,OAR_TO_MIN_MAX,This OAR material is classified IMPACT on the critical parts list. Recommend Min-Max management with a reorder point of 2.6 and a maximum of 7.3.,HELD,2026-08-17
REC-000871,000000000030000130,4000,Flow Meter Sensor Head 250MM WEIR,IMPACT,ON_DEMAND,0,10,0.000,2.200,0.000,1.700,0.000,6.300,OAR_TO_MIN_MAX,This OAR material is classified IMPACT on the critical parts list. Recommend Min-Max management with a reorder point of 2.2 and a maximum of 6.3.,APPROVED,2026-07-28
REC-000872,000000000010000569,2000,Apron Feeder Gear Reducer DN100 KSB,CRITICAL,INTERMITTENT,0,47,6.941,11.200,4.780,7.700,30.883,17.900,ROP_MAX_SAFETY_STOCK,"Stock on hand 0 is below the current reorder point 6.941. At the CRITICAL service level of 98% and a 47-day lead time, the reorder point should be 11.2.",REJECTED,2026-07-15
REC-000873,000000000080000125,2000,Pump Impeller 8/6 KSB,NORMAL,INTERMITTENT,6,11,0.609,1.500,0.388,1.000,6.488,6.000,ROP_MAX_SAFETY_STOCK,Intermittent consumption of 1.5 per month over 24 months with a 11-day lead time gives a reorder point of 1.5 against the current 0.609.,APPROVED,2026-07-02
REC-000874,000000000010000570,1000,Mill Liner 6/4 SANDVIK,NORMAL,REGULAR,12,41,88.813,55.900,17.682,11.100,169.264,155.800,ROP_MAX_SAFETY_STOCK,"Stock on hand 17 is below the current reorder point 88.813. At the NORMAL service level of 85% and a 41-day lead time, the reorder point should be 55.9.",APPROVED,2026-07-31
REC-000875,000000000010000572,4000,Ball Mill Gearbox Assembly TYPE B SKF,CRITICAL,SLOW,4,33,1.899,1.400,1.405,1.000,2.721,2.400,ROP_MAX_SAFETY_STOCK,Slow consumption of 0.3 per month over 24 months with a 33-day lead time gives a reorder point of 1.4 against the current 1.899.,APPROVED,2026-07-13
REC-000876,000000000010000573,1000,Soft Starter Power Module TYPE B KSB,CRITICAL,INTERMITTENT,0,35,4.326,7.100,3.215,5.300,10.269,11.800,ROP_MAX_SAFETY_STOCK,"Stock on hand 0 is below the current reorder point 4.326. At the CRITICAL service level of 98% and a 35-day lead time, the reorder point should be 7.1.",APPROVED,2026-07-22
REC-000877,000000000010000573,4000,Soft Starter Power Module TYPE B KSB,CRITICAL,INTERMITTENT,0,35,4.213,5.700,2.895,3.900,11.449,10.300,ROP_MAX_SAFETY_STOCK,"Stock on hand 0 is below the current reorder point 4.213. At the CRITICAL service level of 98% and a 35-day lead time, the reorder point should be 5.7.",REJECTED,2026-05-28
REC-000878,000000000010000574,1000,Thickener Rake Seal Kit 250MM WEIR,NORMAL,SLOW,2,8,0.475,0.300,0.380,0.200,1.332,0.900,ROP_MAX_SAFETY_STOCK,Slow consumption of 0.2 per month over 24 months with a 8-day lead time gives a reorder point of 0.3 against the current 0.475.,PROPOSED,2026-08-23
REC-000879,000000000010000574,3000,Thickener Rake Seal Kit 250MM WEIR,NORMAL,SLOW,2,8,0.598,0.500,0.491,0.400,2.088,1.500,ROP_MAX_SAFETY_STOCK,Slow consumption of 0.3 per month over 24 months with a 8-day lead time gives a reorder point of 0.5 against the current 0.598.,APPROVED,2026-06-04
REC-000880,000000000080000126,3000,Centrifugal Pump Casing TYPE B SIEMENS,NORMAL,INTERMITTENT,4,27,4.170,4.500,2.587,2.800,12.885,10.400,ROP_MAX_SAFETY_STOCK,Intermittent consumption of 2.0 per month over 24 months with a 27-day lead time gives a reorder point of 4.5 against the current 4.17.,REJECTED,2026-08-20
REC-000881,000000000080000127,1000,Slurry Density Transmitter 200MM SKF,IMPACT,INTERMITTENT,4,58,5.354,3.300,3.071,1.900,5.739,5.500,ROP_MAX_SAFETY_STOCK,"Stock on hand 3 is below the current reorder point 5.354. At the IMPACT service level of 95% and a 58-day lead time, the reorder point should be 3.3.",APPROVED,2026-06-16
REC-000882,000000000030000133,3000,Vertical Sump Pump Column 6/4 MULTOTEC,CRITICAL,ON_DEMAND,1,146,0.000,14.100,0.000,8.100,0.000,17.900,OAR_TO_MIN_MAX,This OAR material is classified CRITICAL on the critical parts list. Recommend Min-Max management with a reorder point of 14.1 and a maximum of 17.9.,APPROVED,2026-07-20
REC-000883,000000000080000128,3000,Pressure Transmitter Assembly HD FLSM,IMPACT,INTERMITTENT,6,32,3.407,3.800,2.355,2.600,11.548,7.200,ROP_MAX_SAFETY_STOCK,Intermittent consumption of 1.1 per month over 24 months with a 32-day lead time gives a reorder point of 3.8 against the current 3.407.,REJECTED,2026-06-26
REC-000884,000000000080000128,1000,Pressure Transmitter Assembly HD FLSM,IMPACT,INTERMITTENT,5,32,6.735,5.200,4.744,3.700,17.179,9.600,ROP_MAX_SAFETY_STOCK,Intermittent consumption of 1.5 per month over 24 months with a 32-day lead time gives a reorder point of 5.2 against the current 6.735.,REJECTED,2026-05-20
REC-000885,000000000010000576,1000,Valve Assembly HD MULTOTEC,NORMAL,INTERMITTENT,4,20,0.716,1.100,0.475,0.700,1.888,2.700,ROP_MAX_SAFETY_STOCK,Stock on hand 2 exceeds the current maximum 1.888. Consumption of 0.5 per month supports a maximum of 2.7.,APPROVED,2026-05-25
REC-000886,000000000080000129,2000,Agitator Shaft Seal 8/6 ABB,CRITICAL,INTERMITTENT,5,94,7.479,15.300,4.454,9.100,30.625,21.300,ROP_MAX_SAFETY_STOCK,"Stock on hand 4 is below the current reorder point 7.479. At the CRITICAL service level of 98% and a 94-day lead time, the reorder point should be 15.3.",PROPOSED,2026-07-11
REC-000887,000000000010000577,4000,Ball Mill Shell Liner Plate 6/4 MULTOTEC,CRITICAL,INTERMITTENT,0,130,12.394,10.000,7.335,5.900,12.394,12.900,ROP_MAX_SAFETY_STOCK,"Stock on hand 0 is below the current reorder point 12.394. At the CRITICAL service level of 98% and a 130-day lead time, the reorder point should be 10.",PROPOSED,2026-08-23
REC-000888,000000000010000577,1000,Ball Mill Shell Liner Plate 6/4 MULTOTEC,CRITICAL,INTERMITTENT,0,130,9.674,17.500,5.925,10.700,20.779,22.200,ROP_MAX_SAFETY_STOCK,"Stock on hand 0 is below the current reorder point 9.674. At the CRITICAL service level of 98% and a 130-day lead time, the reorder point should be 17.5.",PROPOSED,2026-07-19
REC-000889,000000000010000578,2000,Apron Feeder Gear Reducer 250MM SANDVIK,CRITICAL,INTERMITTENT,0,41,4.301,4.700,3.006,3.300,10.122,7.800,ROP_MAX_SAFETY_STOCK,"Stock on hand 0 is below the current reorder point 4.301. At the CRITICAL service level of 98% and a 41-day lead time, the reorder point should be 4.7.",APPROVED,2026-06-19
REC-000890,000000000010000578,4000,Apron Feeder Gear Reducer 250MM SANDVIK,CRITICAL,INTERMITTENT,0,41,10.813,6.700,7.914,4.900,17.989,10.700,ROP_MAX_SAFETY_STOCK,"Stock on hand 0 is below the current reorder point 10.813. At the CRITICAL service level of 98% and a 41-day lead time, the reorder point should be 6.7.",APPROVED,2026-06-03
REC-000891,000000000010000579,2000,Conveyor Drive Motor 150MM SANDVIK,IMPACT,SLOW,2,19,1.854,1.700,1.391,1.300,5.457,3.700,ROP_MAX_SAFETY_STOCK,Slow consumption of 0.7 per month over 24 months with a 19-day lead time gives a reorder point of 1.7 against the current 1.854.,APPROVED,2026-08-19
REC-000892,000000000010000581,1000,Ball Mill Shell Liner Plate 250MM KSB,INSURANCE,REGULAR,12,80,70.764,44.000,11.946,7.400,70.764,85.800,ROP_MAX_SAFETY_STOCK,"Stock on hand 37 is below the current reorder point 70.764. At the INSURANCE service level of 90% and a 80-day lead time, the reorder point should be 44.",PROPOSED,2026-06-27
REC-000893,000000000010000581,4000,Ball Mill Shell Liner Plate 250MM KSB,INSURANCE,REGULAR,12,80,42.691,31.500,7.011,5.200,63.573,61.500,ROP_MAX_SAFETY_STOCK,"Stock on hand 20 is below the current reorder point 42.691. At the INSURANCE service level of 90% and a 80-day lead time, the reorder point should be 31.5.",APPROVED,2026-05-20
REC-000894,000000000010000582,3000,Thickener Rake Seal Kit HD WEIR,NORMAL,INTERMITTENT,2,40,0.558,1.100,0.351,0.700,3.053,2.000,ROP_MAX_SAFETY_STOCK,Intermittent consumption of 0.3 per month over 24 months with a 40-day lead time gives a reorder point of 1.1 against the current 0.558.,PROPOSED,2026-07-26
REC-000895,000000000010000583,1000,MCC Feeder Circuit Breaker 10/8 ABB,NORMAL,REGULAR,9,53,82.859,57.100,14.006,9.700,167.835,138.800,ROP_MAX_SAFETY_STOCK,"Stock on hand 67 is below the current reorder point 82.859. At the NORMAL service level of 85% and a 53-day lead time, the reorder point should be 57.1.",REJECTED,2026-06-02
REC-000896,000000000080000130,4000,Slurry Density Transmitter 10/8 SIEMENS,NORMAL,INTERMITTENT,3,7,0.949,1.400,0.743,1.100,7.023,5.300,ROP_MAX_SAFETY_STOCK,Intermittent consumption of 1.3 per month over 24 months with a 7-day lead time gives a reorder point of 1.4 against the current 0.949.,REJECTED,2026-08-10
REC-000897,000000000010000584,2000,Apron Feeder Gear Reducer 6/4 ABB,INSURANCE,INTERMITTENT,6,188,4.528,5.600,1.229,1.500,10.155,7.600,ROP_MAX_SAFETY_STOCK,"Stock on hand 2 is below the current reorder point 4.528. At the INSURANCE service level of 90% and a 188-day lead time, the reorder point should be 5.6.",PROPOSED,2026-08-06
REC-000898,000000000010000585,2000,Hydraulic Pump Assembly DN100 SANDVIK,NORMAL,SLOW,2,58,1.150,0.800,0.726,0.500,2.346,1.300,ROP_MAX_SAFETY_STOCK,Stock on hand 3 exceeds the current maximum 2.346. Consumption of 0.2 per month supports a maximum of 1.3.,PROPOSED,2026-05-19
REC-000899,000000000010000586,4000,Belt Scraper Blade Cartridge TYPE A FLSM,CRITICAL,INTERMITTENT,0,82,12.190,10.700,7.841,6.900,14.965,14.900,ROP_MAX_SAFETY_STOCK,"Stock on hand 0 is below the current reorder point 12.19. At the CRITICAL service level of 98% and a 82-day lead time, the reorder point should be 10.7.",APPROVED,2026-08-07
REC-000900,000000000010000587,2000,Pressure Transmitter Assembly DN100,IMPACT,INTERMITTENT,2,37,3.549,4.200,2.703,3.200,10.337,6.700,ROP_MAX_SAFETY_STOCK,Intermittent consumption of 0.8 per month over 24 months with a 37-day lead time gives a reorder point of 4.2 against the current 3.549.,REJECTED,2026-05-23
REC-000901,000000000010000588,2000,Flotation Blower Motor DN100 SIEMENS,IMPACT,INTERMITTENT,4,46,4.786,2.900,3.230,2.000,4.786,4.800,ROP_MAX_SAFETY_STOCK,"Stock on hand 4 is below the current reorder point 4.786. At the IMPACT service level of 95% and a 46-day lead time, the reorder point should be 2.9.",PROPOSED,2026-05-19
REC-000902,000000000010000589,3000,Hydraulic Pump Assembly 6/4 ABB,INSURANCE,REGULAR,10,143,35.729,85.400,4.019,9.600,202.181,133.800,ROP_MAX_SAFETY_STOCK,Regular consumption of 16.1 per month over 24 months with a 143-day lead time gives a reorder point of 85.4 against the current 35.729.,APPROVED,2026-07-04
REC-000903,000000000080000131,2000,Apron Feeder Gear Reducer 200MM METSO,IMPACT,INTERMITTENT,7,40,9.937,8.300,6.472,5.400,15.822,14.900,ROP_MAX_SAFETY_STOCK,"Stock on hand 8 is below the current reorder point 9.937. At the IMPACT service level of 95% and a 40-day lead time, the reorder point should be 8.3.",APPROVED,2026-09-01
REC-000904,000000000090000031,1000,Level Radar Transmitter 55KW SIEMENS,OBSOLETE,NO_DEMAND,0,29,0.000,,0.000,,1.000,,NO_SAFETY_STOCK,Obsolete material: no safety stock recommended. Candidate for stock reduction review.,PROPOSED,2026-08-28
REC-000905,000000000010000590,3000,Ball Mill Trunnion Bearing 8/6 SIEMENS,CRITICAL,INTERMITTENT,0,49,2.354,3.300,1.634,2.300,4.477,5.200,ROP_MAX_SAFETY_STOCK,"Stock on hand 0 is below the current reorder point 2.354. At the CRITICAL service level of 98% and a 49-day lead time, the reorder point should be 3.3.",HELD,2026-06-15
REC-000906,000000000010000591,2000,Flow Meter Sensor Head TYPE B WEIR,INSURANCE,REGULAR,12,45,20.389,21.700,4.983,5.300,86.810,55.000,ROP_MAX_SAFETY_STOCK,Regular consumption of 11.1 per month over 24 months with a 45-day lead time gives a reorder point of 21.7 against the current 20.389.,REJECTED,2026-07-12
REC-000907,000000000010000591,1000,Flow Meter Sensor Head TYPE B WEIR,INSURANCE,REGULAR,12,45,83.039,61.100,17.683,13.000,283.569,158.700,ROP_MAX_SAFETY_STOCK,Regular consumption of 32.5 per month over 24 months with a 45-day lead time gives a reorder point of 61.1 against the current 83.039.,REJECTED,2026-06-08
REC-000908,000000000090000032,1000,Conveyor Take-Up Pulley 110KW METSO,OBSOLETE,NO_DEMAND,0,58,0.000,,0.000,,1.000,,NO_SAFETY_STOCK,Obsolete material: no safety stock recommended. Candidate for stock reduction review.,APPROVED,2026-06-07
REC-000909,000000000010000592,3000,Conveyor Idler Roller Set 150MM WEIR,CRITICAL,INTERMITTENT,8,147,18.905,20.900,9.252,10.200,38.324,27.500,ROP_MAX_SAFETY_STOCK,Intermittent consumption of 2.2 per month over 24 months with a 147-day lead time gives a reorder point of 20.9 against the current 18.905.,APPROVED,2026-08-28
REC-000910,000000000080000132,2000,Screen Exciter Bearing 10/8 SANDVIK,IMPACT,INTERMITTENT,6,37,9.695,6.300,6.354,4.100,9.695,11.700,ROP_MAX_SAFETY_STOCK,Stock on hand 11 exceeds the current maximum 9.695. Consumption of 1.8 per month supports a maximum of 11.7.,REJECTED,2026-06-12
REC-000911,000000000080000132,1000,Screen Exciter Bearing 10/8 SANDVIK,IMPACT,INTERMITTENT,5,37,3.096,2.300,2.144,1.600,4.533,4.000,ROP_MAX_SAFETY_STOCK,"Stock on hand 3 is below the current reorder point 3.096. At the IMPACT service level of 95% and a 37-day lead time, the reorder point should be 2.3.",PROPOSED,2026-06-07
REC-000912,000000000010000593,3000,Valve Assembly 150MM MULTOTEC,NORMAL,INTERMITTENT,4,19,0.963,2.300,0.588,1.400,6.799,6.500,ROP_MAX_SAFETY_STOCK,Stock on hand 7 exceeds the current maximum 6.799. Consumption of 1.4 per month supports a maximum of 6.5.,APPROVED,2026-08-17
REC-000913,000000000030000135,4000,Flow Meter Sensor Head DN150 FLSM,CRITICAL,ON_DEMAND,1,37,0.000,3.200,0.000,2.300,0.000,5.500,OAR_TO_MIN_MAX,This OAR material is classified CRITICAL on the critical parts list. Recommend Min-Max management with a reorder point of 3.2 and a maximum of 5.5.,PROPOSED,2026-08-26
REC-000914,000000000010000595,1000,Apron Feeder Gear Reducer 10/8 SIEMENS,CRITICAL,INTERMITTENT,6,74,9.165,6.700,5.466,4.000,10.306,10.100,ROP_MAX_SAFETY_STOCK,"Stock on hand 5 is below the current reorder point 9.165. At the CRITICAL service level of 98% and a 74-day lead time, the reorder point should be 6.7.",HELD,2026-07-21
REC-000915,000000000010000595,4000,Apron Feeder Gear Reducer 10/8 SIEMENS,CRITICAL,INTERMITTENT,5,74,11.223,11.500,7.576,7.800,15.412,16.100,ROP_MAX_SAFETY_STOCK,"Stock on hand 9 is below the current reorder point 11.223. At the CRITICAL service level of 98% and a 74-day lead time, the reorder point should be 11.5.",REJECTED,2026-06-15
REC-000916,000000000010000596,1000,Conveyor Idler Roller Set 6/4 WEIR,IMPACT,INTERMITTENT,5,27,4.558,4.300,3.269,3.100,11.835,8.400,ROP_MAX_SAFETY_STOCK,Intermittent consumption of 1.4 per month over 24 months with a 27-day lead time gives a reorder point of 4.3 against the current 4.558.,APPROVED,2026-08-30
REC-000917,000000000010000597,3000,Spherical Roller Bearing 110KW SKF,NORMAL,SLOW,3,46,0.445,0.800,0.279,0.500,1.572,1.400,ROP_MAX_SAFETY_STOCK,"Stock on hand 0 is below the current reorder point 0.445. At the NORMAL service level of 85% and a 46-day lead time, the reorder point should be 0.8.",PROPOSED,2026-05-19
REC-000918,000000000080000133,4000,Belt Scraper Blade Cartridge 6/4 SKF,IMPACT,INTERMITTENT,2,17,2.801,2.300,2.157,1.800,3.880,5.200,ROP_MAX_SAFETY_STOCK,Stock on hand 4 exceeds the current maximum 3.88. Consumption of 1.0 per month supports a maximum of 5.2.,PROPOSED,2026-08-27
REC-000919,000000000010000598,1000,Level Radar Transmitter 6/4 SANDVIK,INSURANCE,INTERMITTENT,6,146,4.829,3.600,1.903,1.400,7.376,5.000,ROP_MAX_SAFETY_STOCK,"Stock on hand 1 is below the current reorder point 4.829. At the INSURANCE service level of 90% and a 146-day lead time, the reorder point should be 3.6.",APPROVED,2026-05-17
REC-000920,000000000010000598,4000,Level Radar Transmitter 6/4 SANDVIK,INSURANCE,INTERMITTENT,8,146,16.375,13.700,4.866,4.100,28.924,19.700,ROP_MAX_SAFETY_STOCK,"Stock on hand 11 is below the current reorder point 16.375. At the INSURANCE service level of 90% and a 146-day lead time, the reorder point should be 13.7.",PROPOSED,2026-08-09
REC-000921,000000000010000599,3000,Crusher Hydroset Cylinder 150MM MULTOTEC,NORMAL,SLOW,2,42,1.962,1.600,1.250,1.000,1.990,2.900,ROP_MAX_SAFETY_STOCK,Stock on hand 3 exceeds the current maximum 1.99. Consumption of 0.4 per month supports a maximum of 2.9.,PROPOSED,2026-08-24
REC-000922,000000000080000134,2000,Flotation Cell Impeller 250MM ABB,IMPACT,INTERMITTENT,5,36,4.530,6.700,3.101,4.600,19.370,12.100,ROP_MAX_SAFETY_STOCK,Intermittent consumption of 1.8 per month over 24 months with a 36-day lead time gives a reorder point of 6.7 against the current 4.53.,APPROVED,2026-05-11
REC-000923,000000000080000134,4000,Flotation Cell Impeller 250MM ABB,IMPACT,INTERMITTENT,7,36,11.678,6.800,7.687,4.500,19.128,12.700,ROP_MAX_SAFETY_STOCK,Intermittent consumption of 2.0 per month over 24 months with a 36-day lead time gives a reorder point of 6.8 against the current 11.678.,REJECTED,2026-08-29
REC-000924,000000000010000600,3000,Conveyor Pulley Bearing 6/4 WEIR,CRITICAL,INTERMITTENT,0,43,5.037,3.400,3.377,2.300,8.711,5.800,ROP_MAX_SAFETY_STOCK,"Stock on hand 0 is below the current reorder point 5.037. At the CRITICAL service level of 98% and a 43-day lead time, the reorder point should be 3.4.",HELD,2026-08-23
REC-000925,000000000010000601,4000,Hydraulic Power Pack 200MM MULTOTEC,INSURANCE,REGULAR,11,79,116.622,71.400,16.169,9.900,124.576,142.500,ROP_MAX_SAFETY_STOCK,"Stock on hand 67 is below the current reorder point 116.622. At the INSURANCE service level of 90% and a 79-day lead time, the reorder point should be 71.4.",PROPOSED,2026-08-14
REC-000926,000000000010000601,2000,Hydraulic Power Pack 200MM MULTOTEC,INSURANCE,REGULAR,12,79,168.877,104.200,27.229,16.800,168.877,205.200,ROP_MAX_SAFETY_STOCK,"Stock on hand 133 is below the current reorder point 168.877. At the INSURANCE service level of 90% and a 79-day lead time, the reorder point should be 104.2.",APPROVED,2026-05-30
REC-000927,000000000010000602,1000,Pump Impeller 150MM SKF,NORMAL,SLOW,3,30,0.357,0.400,0.263,0.300,0.834,0.800,ROP_MAX_SAFETY_STOCK,"Stock on hand 0 is below the current reorder point 0.357. At the NORMAL service level of 85% and a 30-day lead time, the reorder point should be 0.4.",HELD,2026-05-21
REC-000928,000000000010000602,4000,Pump Impeller 150MM SKF,NORMAL,SLOW,5,30,0.464,0.800,0.279,0.500,3.263,1.800,ROP_MAX_SAFETY_STOCK,Slow consumption of 0.3 per month over 24 months with a 30-day lead time gives a reorder point of 0.8 against the current 0.464.,REJECTED,2026-05-27
REC-000929,000000000010000603,2000,MCC Feeder Circuit Breaker 10/8 SEW,INSURANCE,REGULAR,12,73,86.788,78.400,14.465,13.100,146.401,160.000,ROP_MAX_SAFETY_STOCK,"Stock on hand 15 is below the current reorder point 86.788. At the INSURANCE service level of 90% and a 73-day lead time, the reorder point should be 78.4.",REJECTED,2026-06-13
REC-000930,000000000010000604,2000,Apron Feeder Gear Reducer 8/6 FLSM,NORMAL,REGULAR,12,33,55.262,32.700,9.445,5.600,154.981,107.600,ROP_MAX_SAFETY_STOCK,Regular consumption of 25.0 per month over 24 months with a 33-day lead time gives a reorder point of 32.7 against the current 55.262.,PROPOSED,2026-08-02
REC-000931,000000000080000135,1000,Crusher Main Shaft Bearing DN150 SIEMENS,CRITICAL,INTERMITTENT,5,46,1.428,3.600,0.946,2.400,8.233,6.000,ROP_MAX_SAFETY_STOCK,Intermittent consumption of 0.8 per month over 24 months with a 46-day lead time gives a reorder point of 3.6 against the current 1.428.,APPROVED,2026-06-24
REC-000932,000000000010000605,3000,Agitator Shaft Seal HD SANDVIK,NORMAL,REGULAR,12,26,27.586,18.600,5.471,3.700,116.466,70.800,ROP_MAX_SAFETY_STOCK,Regular consumption of 17.4 per month over 24 months with a 26-day lead time gives a reorder point of 18.6 against the current 27.586.,APPROVED,2026-08-06
REC-000933,000000000010000606,3000,Ventilation Fan Motor DN150 SANDVIK,CRITICAL,INTERMITTENT,0,116,6.747,15.400,4.162,9.500,23.606,20.000,ROP_MAX_SAFETY_STOCK,"Stock on hand 0 is below the current reorder point 6.747. At the CRITICAL service level of 98% and a 116-day lead time, the reorder point should be 15.4.",PROPOSED,2026-06-24
REC-000934,000000000010000606,4000,Ventilation Fan Motor DN150 SANDVIK,CRITICAL,INTERMITTENT,0,116,18.051,16.500,10.076,9.200,18.161,22.200,ROP_MAX_SAFETY_STOCK,"Stock on hand 0 is below the current reorder point 18.051. At the CRITICAL service level of 98% and a 116-day lead time, the reorder point should be 16.5.",APPROVED,2026-06-02
REC-000935,000000000080000136,1000,Ball Mill Shell Liner Plate 150MM,IMPACT,INTERMITTENT,3,7,0.772,0.800,0.640,0.700,2.318,2.500,ROP_MAX_SAFETY_STOCK,"Stock on hand 0 is below the current reorder point 0.772. At the IMPACT service level of 95% and a 7-day lead time, the reorder point should be 0.8.",HELD,2026-06-28
REC-000936,000000000080000137,3000,Conveyor Take-Up Pulley 250MM MULTOTEC,NORMAL,INTERMITTENT,2,52,7.744,5.000,4.765,3.100,9.410,8.400,ROP_MAX_SAFETY_STOCK,Stock on hand 11 exceeds the current maximum 9.41. Consumption of 1.1 per month supports a maximum of 8.4.,HELD,2026-07-02
REC-000937,000000000010000607,3000,Slurry Density Transmitter 110KW SKF,INSURANCE,INTERMITTENT,6,89,20.026,11.200,9.622,5.400,28.504,17.200,ROP_MAX_SAFETY_STOCK,Intermittent consumption of 2.0 per month over 24 months with a 89-day lead time gives a reorder point of 11.2 against the current 20.026.,REJECTED,2026-08-01
REC-000938,000000000010000607,4000,Slurry Density Transmitter 110KW SKF,INSURANCE,INTERMITTENT,6,89,6.522,3.600,3.462,1.900,7.478,5.300,ROP_MAX_SAFETY_STOCK,"Stock on hand 5 is below the current reorder point 6.522. At the INSURANCE service level of 90% and a 89-day lead time, the reorder point should be 3.6.",REJECTED,2026-07-28
REC-000939,000000000010000609,4000,Level Radar Transmitter HD SANDVIK,NORMAL,INTERMITTENT,4,43,5.790,5.500,3.153,3.000,14.916,10.800,ROP_MAX_SAFETY_STOCK,Intermittent consumption of 1.8 per month over 24 months with a 43-day lead time gives a reorder point of 5.5 against the current 5.79.,REJECTED,2026-07-16
REC-000940,000000000010000610,2000,Valve Assembly 6/4 METSO,CRITICAL,INTERMITTENT,0,129,22.296,14.400,14.091,9.100,22.630,18.100,ROP_MAX_SAFETY_STOCK,"Stock on hand 0 is below the current reorder point 22.296. At the CRITICAL service level of 98% and a 129-day lead time, the reorder point should be 14.4.",PROPOSED,2026-05-29
REC-000941,000000000010000611,1000,Mill Lube Pump Motor 150MM ABB,NORMAL,SLOW,2,49,1.386,0.800,0.858,0.500,2.392,1.400,ROP_MAX_SAFETY_STOCK,Slow consumption of 0.2 per month over 24 months with a 49-day lead time gives a reorder point of 0.8 against the current 1.386.,APPROVED,2026-05-15
REC-000942,000000000010000611,2000,Mill Lube Pump Motor 150MM ABB,NORMAL,SLOW,1,49,0.474,0.600,0.326,0.400,0.721,1.000,ROP_MAX_SAFETY_STOCK,Stock on hand 1 exceeds the current maximum 0.721. Consumption of 0.1 per month supports a maximum of 1.,PROPOSED,2026-07-25
REC-000943,000000000010000612,3000,Slurry Pump Mechanical Seal 150MM FLSM,NORMAL,INTERMITTENT,3,54,5.134,5.200,2.774,2.800,11.172,9.200,ROP_MAX_SAFETY_STOCK,Intermittent consumption of 1.3 per month over 24 months with a 54-day lead time gives a reorder point of 5.2 against the current 5.134.,PROPOSED,2026-05-16
REC-000944,000000000080000138,4000,Valve Assembly 6/4 MULTOTEC,CRITICAL,INTERMITTENT,4,107,3.446,5.900,2.228,3.800,10.976,7.700,ROP_MAX_SAFETY_STOCK,Intermittent consumption of 0.6 per month over 24 months with a 107-day lead time gives a reorder point of 5.9 against the current 3.446.,PROPOSED,2026-07-17
REC-000945,000000000010000613,3000,Gland Packing Seal Ring 250KW ABB,NORMAL,INTERMITTENT,3,21,0.602,1.200,0.383,0.800,3.565,3.100,ROP_MAX_SAFETY_STOCK,Intermittent consumption of 0.6 per month over 24 months with a 21-day lead time gives a reorder point of 1.2 against the current 0.602.,PROPOSED,2026-05-17
REC-000946,000000000010000614,2000,Vertical Sump Pump Column DN100 METSO,CRITICAL,INTERMITTENT,0,146,10.791,18.500,5.900,10.100,20.751,23.800,ROP_MAX_SAFETY_STOCK,"Stock on hand 0 is below the current reorder point 10.791. At the CRITICAL service level of 98% and a 146-day lead time, the reorder point should be 18.5.",APPROVED,2026-08-16
REC-000947,000000000090000033,3000,Cyclone Apex Liner 6/4 SANDVIK,OBSOLETE,NO_DEMAND,0,20,0.000,,0.000,,1.000,,NO_SAFETY_STOCK,Obsolete material: no safety stock recommended. Candidate for stock reduction review.,PROPOSED,2026-08-13
REC-000948,000000000030000137,2000,Conveyor Take-Up Pulley 150MM FLSM,CRITICAL,ON_DEMAND,0,111,0.000,13.100,0.000,8.800,0.000,16.600,OAR_TO_MIN_MAX,This OAR material is classified CRITICAL on the critical parts list. Recommend Min-Max management with a reorder point of 13.1 and a maximum of 16.6.,APPROVED,2026-07-27
REC-000949,000000000030000137,3000,Conveyor Take-Up Pulley 150MM FLSM,CRITICAL,ON_DEMAND,0,111,0.000,19.600,0.000,11.100,0.000,26.600,OAR_TO_MIN_MAX,This OAR material is classified CRITICAL on the critical parts list. Recommend Min-Max management with a reorder point of 19.6 and a maximum of 26.6.,PROPOSED,2026-05-27
REC-000950,000000000010000616,3000,Conveyor Drive Gearbox TYPE A KSB,NORMAL,REGULAR,10,51,49.285,63.200,9.275,11.900,233.376,155.100,ROP_MAX_SAFETY_STOCK,Regular consumption of 30.6 per month over 24 months with a 51-day lead time gives a reorder point of 63.2 against the current 49.285.,APPROVED,2026-06-01
REC-000951,000000000080000139,3000,Vertical Sump Pump Column HD SANDVIK,IMPACT,INTERMITTENT,4,21,1.355,2.600,1.026,2.000,5.631,5.300,ROP_MAX_SAFETY_STOCK,Stock on hand 6 exceeds the current maximum 5.631. Consumption of 0.9 per month supports a maximum of 5.3.,PROPOSED,2026-07-27
REC-000952,000000000010000617,2000,PLC Digital Output Card TYPE B ABB,CRITICAL,INTERMITTENT,0,88,17.717,14.900,10.113,8.500,17.717,21.500,ROP_MAX_SAFETY_STOCK,"Stock on hand 0 is below the current reorder point 17.717. At the CRITICAL service level of 98% and a 88-day lead time, the reorder point should be 14.9.",APPROVED,2026-08-18
REC-000953,000000000010000618,4000,Skirt Rubber Liner Section 6/4 SIEMENS,INSURANCE,INTERMITTENT,3,107,11.971,15.900,5.265,7.000,24.728,23.500,ROP_MAX_SAFETY_STOCK,Intermittent consumption of 2.5 per month over 24 months with a 107-day lead time gives a reorder point of 15.9 against the current 11.971.,PROPOSED,2026-08-14
REC-000954,000000000010000618,3000,Skirt Rubber Liner Section 6/4 SIEMENS,INSURANCE,INTERMITTENT,5,107,6.896,4.100,3.727,2.200,6.896,5.700,ROP_MAX_SAFETY_STOCK,Stock on hand 7 exceeds the current maximum 6.896. Consumption of 0.5 per month supports a maximum of 5.7.,PROPOSED,2026-08-02
REC-000955,000000000010000619,2000,Belt Scraper Blade Cartridge 200MM,INSURANCE,INTERMITTENT,4,41,2.588,2.200,1.527,1.300,6.281,4.200,ROP_MAX_SAFETY_STOCK,Intermittent consumption of 0.7 per month over 24 months with a 41-day lead time gives a reorder point of 2.2 against the current 2.588.,PROPOSED,2026-08-26
REC-000956,000000000010000619,4000,Belt Scraper Blade Cartridge 200MM,INSURANCE,INTERMITTENT,2,41,3.111,2.500,2.197,1.800,3.111,4.100,ROP_MAX_SAFETY_STOCK,Stock on hand 5 exceeds the current maximum 3.111. Consumption of 0.5 per month supports a maximum of 4.1.,REJECTED,2026-05-29
REC-000957,000000000080000140,4000,Centrifugal Pump Casing 10/8 SANDVIK,NORMAL,INTERMITTENT,3,59,2.219,1.500,1.183,0.800,4.019,2.600,ROP_MAX_SAFETY_STOCK,Intermittent consumption of 0.4 per month over 24 months with a 59-day lead time gives a reorder point of 1.5 against the current 2.219.,HELD,2026-08-15
REC-000958,000000000010000622,1000,Slurry Density Transmitter 55KW KSB,NORMAL,REGULAR,11,36,29.311,33.200,5.753,6.500,103.824,100.800,ROP_MAX_SAFETY_STOCK,"Stock on hand 0 is below the current reorder point 29.311. At the NORMAL service level of 85% and a 36-day lead time, the reorder point should be 33.2.",APPROVED,2026-06-18
REC-000959,000000000010000624,2000,Conveyor Pulley Bearing 250KW SIEMENS,INSURANCE,INTERMITTENT,7,84,8.939,6.000,4.146,2.800,16.892,9.500,ROP_MAX_SAFETY_STOCK,Intermittent consumption of 1.2 per month over 24 months with a 84-day lead time gives a reorder point of 6 against the current 8.939.,REJECTED,2026-06-16
REC-000960,000000000010000625,4000,Slurry Pump Wet End Assembly 6/4 WEIR,CRITICAL,INTERMITTENT,0,149,7.210,6.700,4.103,3.800,13.324,8.400,ROP_MAX_SAFETY_STOCK,"Stock on hand 0 is below the current reorder point 7.21. At the CRITICAL service level of 98% and a 149-day lead time, the reorder point should be 6.7.",APPROVED,2026-07-02
REC-000961,000000000010000626,3000,Conveyor Drive Gearbox 6/4 SKF,CRITICAL,INTERMITTENT,0,40,10.408,7.900,7.799,5.900,17.380,12.400,ROP_MAX_SAFETY_STOCK,"Stock on hand 0 is below the current reorder point 10.408. At the CRITICAL service level of 98% and a 40-day lead time, the reorder point should be 7.9.",APPROVED,2026-05-15
REC-000962,000000000080000141,1000,Mill Lube Pump Motor HD SIEMENS,IMPACT,INTERMITTENT,8,35,4.754,3.800,3.084,2.500,9.009,7.300,ROP_MAX_SAFETY_STOCK,Intermittent consumption of 1.2 per month over 24 months with a 35-day lead time gives a reorder point of 3.8 against the current 4.754.,PROPOSED,2026-06-30
REC-000963,000000000010000627,4000,Screen Exciter Bearing 250MM FLSM,IMPACT,SLOW,3,10,0.702,0.500,0.586,0.400,2.203,1.200,ROP_MAX_SAFETY_STOCK,Slow consumption of 0.2 per month over 24 months with a 10-day lead time gives a reorder point of 0.5 against the current 0.702.,PROPOSED,2026-07-22
REC-000964,000000000010000627,3000,Screen Exciter Bearing 250MM FLSM,IMPACT,SLOW,1,10,0.476,0.300,0.422,0.300,1.022,0.700,ROP_MAX_SAFETY_STOCK,Slow consumption of 0.1 per month over 24 months with a 10-day lead time gives a reorder point of 0.3 against the current 0.476.,PROPOSED,2026-07-10
REC-000965,000000000010000628,2000,Conveyor Take-Up Pulley HD ABB,CRITICAL,INTERMITTENT,6,177,5.104,5.400,2.375,2.500,5.104,6.900,ROP_MAX_SAFETY_STOCK,"Stock on hand 4 is below the current reorder point 5.104. At the CRITICAL service level of 98% and a 177-day lead time, the reorder point should be 5.4.",PROPOSED,2026-09-02
REC-000966,000000000010000630,4000,Conveyor Take-Up Pulley 110KW SEW,IMPACT,INTERMITTENT,6,51,2.979,5.800,1.857,3.600,14.568,9.700,ROP_MAX_SAFETY_STOCK,Intermittent consumption of 1.3 per month over 24 months with a 51-day lead time gives a reorder point of 5.8 against the current 2.979.,PROPOSED,2026-07-29
REC-000967,000000000010000632,4000,Thickener Rake Seal Kit 6/4 SEW,IMPACT,INTERMITTENT,5,29,2.239,2.900,1.546,2.000,5.982,5.800,ROP_MAX_SAFETY_STOCK,Intermittent consumption of 1.0 per month over 24 months with a 29-day lead time gives a reorder point of 2.9 against the current 2.239.,APPROVED,2026-06-05
REC-000968,000000000010000632,1000,Thickener Rake Seal Kit 6/4 SEW,IMPACT,INTERMITTENT,6,29,3.161,4.600,2.099,3.100,14.913,9.500,ROP_MAX_SAFETY_STOCK,Intermittent consumption of 1.6 per month over 24 months with a 29-day lead time gives a reorder point of 4.6 against the current 3.161.,REJECTED,2026-08-25
REC-000969,000000000080000142,4000,Crusher Main Shaft Bearing 250KW SANDVIK,IMPACT,INTERMITTENT,4,20,4.042,2.800,3.048,2.100,6.593,5.900,ROP_MAX_SAFETY_STOCK,Intermittent consumption of 1.0 per month over 24 months with a 20-day lead time gives a reorder point of 2.8 against the current 4.042.,APPROVED,2026-06-19
REC-000970,000000000080000142,2000,Crusher Main Shaft Bearing 250KW SANDVIK,IMPACT,INTERMITTENT,5,20,2.189,1.500,1.732,1.200,4.278,3.000,ROP_MAX_SAFETY_STOCK,"Stock on hand 0 is below the current reorder point 2.189. At the IMPACT service level of 95% and a 20-day lead time, the reorder point should be 1.5.",PROPOSED,2026-08-27
REC-000971,000000000010000633,4000,Apron Feeder Gear Reducer 10/8 METSO,NORMAL,INTERMITTENT,5,38,8.380,6.200,4.082,3.000,12.895,13.800,ROP_MAX_SAFETY_STOCK,Intermittent consumption of 2.5 per month over 24 months with a 38-day lead time gives a reorder point of 6.2 against the current 8.38.,PROPOSED,2026-05-15
REC-000972,000000000010000634,1000,Slurry Pump Mechanical Seal 10/8 SKF,NORMAL,REGULAR,12,9,11.226,14.500,3.243,4.200,154.463,119.000,ROP_MAX_SAFETY_STOCK,Regular consumption of 34.8 per month over 24 months with a 9-day lead time gives a reorder point of 14.5 against the current 11.226.,APPROVED,2026-05-13
REC-000973,000000000080000143,3000,Hydraulic Pump Assembly TYPE A SANDVIK,IMPACT,INTERMITTENT,8,50,11.157,7.800,6.342,4.400,24.266,13.900,ROP_MAX_SAFETY_STOCK,Intermittent consumption of 2.0 per month over 24 months with a 50-day lead time gives a reorder point of 7.8 against the current 11.157.,REJECTED,2026-08-30
REC-000974,000000000010000636,2000,Conveyor Pulley Bearing TYPE B KSB,CRITICAL,SLOW,2,111,5.342,4.200,3.797,3.000,5.378,5.200,ROP_MAX_SAFETY_STOCK,Stock on hand 6 exceeds the current maximum 5.378. Consumption of 0.3 per month supports a maximum of 5.2.,APPROVED,2026-08-24
REC-000975,000000000010000637,4000,MCC Feeder Circuit Breaker 250KW METSO,CRITICAL,INTERMITTENT,0,63,18.886,10.800,11.518,6.600,28.210,16.900,ROP_MAX_SAFETY_STOCK,"Stock on hand 0 is below the current reorder point 18.886. At the CRITICAL service level of 98% and a 63-day lead time, the reorder point should be 10.8.",HELD,2026-07-20
REC-000976,000000000010000637,3000,MCC Feeder Circuit Breaker 250KW METSO,CRITICAL,INTERMITTENT,0,63,2.558,3.200,1.859,2.300,6.274,4.500,ROP_MAX_SAFETY_STOCK,"Stock on hand 0 is below the current reorder point 2.558. At the CRITICAL service level of 98% and a 63-day lead time, the reorder point should be 3.2.",APPROVED,2026-05-29
REC-000977,000000000030000141,3000,Slurry Pump Wet End Assembly DN100 ABB,IMPACT,ON_DEMAND,1,19,0.000,2.400,0.000,1.900,0.000,5.000,OAR_TO_MIN_MAX,This OAR material is classified IMPACT on the critical parts list. Recommend Min-Max management with a reorder point of 2.4 and a maximum of 5.,PROPOSED,2026-09-01
REC-000978,000000000030000142,2000,Ball Mill Trunnion Bearing 55KW SKF,CRITICAL,ON_DEMAND,2,36,0.000,8.800,0.000,6.300,0.000,15.100,OAR_TO_MIN_MAX,This OAR material is classified CRITICAL on the critical parts list. Recommend Min-Max management with a reorder point of 8.8 and a maximum of 15.1.,APPROVED,2026-07-30
REC-000979,000000000080000144,1000,MCC Feeder Circuit Breaker DN150,CRITICAL,INTERMITTENT,3,143,8.870,6.000,5.116,3.500,8.870,7.600,ROP_MAX_SAFETY_STOCK,"Stock on hand 8 is below the current reorder point 8.87. At the CRITICAL service level of 98% and a 143-day lead time, the reorder point should be 6.",APPROVED,2026-06-07
REC-000980,000000000010000638,3000,Thickener Rake Drive Gearbox TYPE A SKF,NORMAL,INTERMITTENT,6,27,4.059,2.700,2.506,1.700,7.405,6.200,ROP_MAX_SAFETY_STOCK,Intermittent consumption of 1.2 per month over 24 months with a 27-day lead time gives a reorder point of 2.7 against the current 4.059.,PROPOSED,2026-08-08
REC-000981,000000000010000639,2000,Ventilation Fan Motor 150MM FLSM,CRITICAL,INTERMITTENT,4,109,14.109,17.100,8.573,10.400,15.965,22.700,ROP_MAX_SAFETY_STOCK,"Stock on hand 12 is below the current reorder point 14.109. At the CRITICAL service level of 98% and a 109-day lead time, the reorder point should be 17.1.",APPROVED,2026-05-26
REC-000982,000000000010000640,3000,Cyclone Apex Liner 110KW SEW,CRITICAL,INTERMITTENT,7,207,5.148,6.100,2.295,2.700,5.385,7.600,ROP_MAX_SAFETY_STOCK,"Stock on hand 4 is below the current reorder point 5.148. At the CRITICAL service level of 98% and a 207-day lead time, the reorder point should be 6.1.",REJECTED,2026-06-22
REC-000983,000000000010000642,4000,Cyclone Apex Liner 8/6 SIEMENS,NORMAL,REGULAR,12,45,19.276,25.500,3.163,4.200,116.834,68.800,ROP_MAX_SAFETY_STOCK,Regular consumption of 14.4 per month over 24 months with a 45-day lead time gives a reorder point of 25.5 against the current 19.276.,APPROVED,2026-06-08
REC-000984,000000000010000643,1000,Cyclone Apex Liner 250KW WEIR,INSURANCE,SLOW,0,57,0.798,0.700,0.607,0.500,0.798,0.900,ROP_MAX_SAFETY_STOCK,Stock on hand 1 exceeds the current maximum 0.798. Consumption of 0.1 per month supports a maximum of 0.9.,REJECTED,2026-05-31
REC-000985,000000000030000144,1000,Ball Mill Trunnion Bearing 8/6 MULTOTEC,IMPACT,ON_DEMAND,0,50,0.000,6.800,0.000,4.300,0.000,11.300,OAR_TO_MIN_MAX,This OAR material is classified IMPACT on the critical parts list. Recommend Min-Max management with a reorder point of 6.8 and a maximum of 11.3.,APPROVED,2026-08-10
REC-000986,000000000030000144,4000,Ball Mill Trunnion Bearing 8/6 MULTOTEC,IMPACT,ON_DEMAND,2,50,0.000,8.000,0.000,4.900,0.000,13.800,OAR_TO_MIN_MAX,This OAR material is classified IMPACT on the critical parts list. Recommend Min-Max management with a reorder point of 8 and a maximum of 13.8.,APPROVED,2026-05-25
REC-000987,000000000010000644,4000,Ball Mill Gearbox Assembly 6/4,NORMAL,SLOW,2,57,1.479,2.200,0.847,1.300,2.747,3.700,ROP_MAX_SAFETY_STOCK,Stock on hand 3 exceeds the current maximum 2.747. Consumption of 0.5 per month supports a maximum of 3.7.,APPROVED,2026-07-25
REC-000988,000000000010000645,3000,Conveyor Idler Roller Set 10/8 SIEMENS,CRITICAL,INTERMITTENT,0,119,7.563,12.400,4.503,7.400,12.690,16.300,ROP_MAX_SAFETY_STOCK,"Stock on hand 0 is below the current reorder point 7.563. At the CRITICAL service level of 98% and a 119-day lead time, the reorder point should be 12.4.",PROPOSED,2026-08-16
REC-000989,000000000010000647,3000,Ventilation Fan Motor TYPE B FLSM,INSURANCE,REGULAR,12,46,41.843,29.400,7.352,5.200,61.659,77.400,ROP_MAX_SAFETY_STOCK,Regular consumption of 16.0 per month over 24 months with a 46-day lead time gives a reorder point of 29.4 against the current 41.843.,PROPOSED,2026-08-29
REC-000990,000000000010000648,2000,Variable Speed Drive Unit 250KW ABB,INSURANCE,INTERMITTENT,8,218,7.514,5.400,2.469,1.800,11.224,6.900,ROP_MAX_SAFETY_STOCK,"Stock on hand 4 is below the current reorder point 7.514. At the INSURANCE service level of 90% and a 218-day lead time, the reorder point should be 5.4.",APPROVED,2026-06-19
REC-000991,000000000010000649,1000,Slurry Density Transmitter 250MM SANDVIK,CRITICAL,INTERMITTENT,0,39,4.992,4.900,3.439,3.400,13.575,8.500,ROP_MAX_SAFETY_STOCK,"Stock on hand 0 is below the current reorder point 4.992. At the CRITICAL service level of 98% and a 39-day lead time, the reorder point should be 4.9.",APPROVED,2026-05-15
REC-000992,000000000010000650,3000,Conveyor Drive Motor 110KW MULTOTEC,NORMAL,INTERMITTENT,4,37,6.371,4.600,3.623,2.600,16.756,9.500,ROP_MAX_SAFETY_STOCK,Intermittent consumption of 1.6 per month over 24 months with a 37-day lead time gives a reorder point of 4.6 against the current 6.371.,HELD,2026-08-17
REC-000993,000000000010000651,3000,Vertical Sump Pump Column 110KW SKF,NORMAL,REGULAR,12,49,95.079,69.300,12.507,9.100,293.817,181.400,ROP_MAX_SAFETY_STOCK,"Stock on hand 48 is below the current reorder point 95.079. At the NORMAL service level of 85% and a 49-day lead time, the reorder point should be 69.3.",HELD,2026-08-31
REC-000994,000000000010000652,2000,Gland Packing Seal Ring 8/6 SEW,CRITICAL,INTERMITTENT,7,147,11.357,10.100,5.072,4.500,15.689,13.600,ROP_MAX_SAFETY_STOCK,"Stock on hand 7 is below the current reorder point 11.357. At the CRITICAL service level of 98% and a 147-day lead time, the reorder point should be 10.1.",APPROVED,2026-06-18
REC-000995,000000000010000653,2000,Hydraulic Pump Assembly 10/8 WEIR,CRITICAL,INTERMITTENT,0,114,11.095,6.400,6.206,3.600,14.540,8.700,ROP_MAX_SAFETY_STOCK,"Stock on hand 0 is below the current reorder point 11.095. At the CRITICAL service level of 98% and a 114-day lead time, the reorder point should be 6.4.",APPROVED,2026-06-14
REC-000996,000000000010000654,4000,Cyclone Apex Liner DN150 SIEMENS,NORMAL,REGULAR,10,59,39.347,39.000,5.783,5.700,84.029,90.500,ROP_MAX_SAFETY_STOCK,"Stock on hand 28 is below the current reorder point 39.347. At the NORMAL service level of 85% and a 59-day lead time, the reorder point should be 39.",REJECTED,2026-06-19
REC-000997,000000000010000654,3000,Cyclone Apex Liner DN150 SIEMENS,NORMAL,REGULAR,12,59,27.637,19.300,5.190,3.600,67.377,43.700,ROP_MAX_SAFETY_STOCK,Regular consumption of 8.1 per month over 24 months with a 59-day lead time gives a reorder point of 19.3 against the current 27.637.,PROPOSED,2026-06-26
REC-000998,000000000010000655,4000,Slurry Density Transmitter 6/4 SKF,IMPACT,REGULAR,11,19,14.743,35.700,5.659,13.700,184.015,141.300,ROP_MAX_SAFETY_STOCK,Regular consumption of 35.2 per month over 24 months with a 19-day lead time gives a reorder point of 35.7 against the current 14.743.,HELD,2026-08-29
REC-000999,000000000010000656,1000,Soft Starter Power Module DN150 MULTOTEC,CRITICAL,REGULAR,12,78,76.913,57.700,19.697,14.800,77.560,108.000,ROP_MAX_SAFETY_STOCK,Stock on hand 92 exceeds the current maximum 77.56. Consumption of 16.8 per month supports a maximum of 108.,HELD,2026-07-22
REC-001000,000000000080000145,3000,Pressure Transmitter Assembly 250MM ABB,IMPACT,INTERMITTENT,6,28,5.130,3.000,3.616,2.100,7.439,5.900,ROP_MAX_SAFETY_STOCK,"Stock on hand 5 is below the current reorder point 5.13. At the IMPACT service level of 95% and a 28-day lead time, the reorder point should be 3.",APPROVED,2026-05-13
REC-001001,000000000080000145,2000,Pressure Transmitter Assembly 250MM ABB,IMPACT,INTERMITTENT,3,28,3.232,3.500,2.395,2.600,5.586,6.500,ROP_MAX_SAFETY_STOCK,"Stock on hand 2 is below the current reorder point 3.232. At the IMPACT service level of 95% and a 28-day lead time, the reorder point should be 3.5.",APPROVED,2026-08-18
REC-001002,000000000010000657,1000,Mill Lube Pump Motor DN100 WEIR,IMPACT,INTERMITTENT,4,55,3.768,6.400,2.474,4.200,9.042,10.000,ROP_MAX_SAFETY_STOCK,Intermittent consumption of 1.2 per month over 24 months with a 55-day lead time gives a reorder point of 6.4 against the current 3.768.,APPROVED,2026-06-24
REC-001003,000000000010000658,4000,Mill Liner DN150 MULTOTEC,INSURANCE,INTERMITTENT,3,87,16.235,9.700,8.469,5.100,19.624,14.600,ROP_MAX_SAFETY_STOCK,Intermittent consumption of 1.6 per month over 24 months with a 87-day lead time gives a reorder point of 9.7 against the current 16.235.,PROPOSED,2026-05-19
REC-001004,000000000010000659,2000,Apron Feeder Gear Reducer TYPE B SANDVIK,INSURANCE,INTERMITTENT,6,187,18.301,15.600,5.649,4.800,28.478,20.900,ROP_MAX_SAFETY_STOCK,Stock on hand 30 exceeds the current maximum 28.478. Consumption of 1.8 per month supports a maximum of 20.9.,APPROVED,2026-07-21
REC-001005,000000000010000660,1000,Crusher Main Shaft Bearing TYPE A FLSM,INSURANCE,INTERMITTENT,3,184,9.951,6.400,4.514,2.900,10.018,8.200,ROP_MAX_SAFETY_STOCK,Stock on hand 16 exceeds the current maximum 10.018. Consumption of 0.6 per month supports a maximum of 8.2.,REJECTED,2026-06-30
REC-001006,000000000010000660,2000,Crusher Main Shaft Bearing TYPE A FLSM,INSURANCE,INTERMITTENT,4,184,3.599,3.900,1.467,1.600,8.303,5.000,ROP_MAX_SAFETY_STOCK,Intermittent consumption of 0.4 per month over 24 months with a 184-day lead time gives a reorder point of 3.9 against the current 3.599.,APPROVED,2026-06-23
REC-001007,000000000010000661,2000,Thickener Rake Drive Gearbox 150MM ABB,CRITICAL,INTERMITTENT,0,68,9.646,6.200,6.736,4.300,13.521,8.700,ROP_MAX_SAFETY_STOCK,"Stock on hand 0 is below the current reorder point 9.646. At the CRITICAL service level of 98% and a 68-day lead time, the reorder point should be 6.2.",APPROVED,2026-06-03
REC-001008,000000000030000147,2000,Cyclone Apex Liner 6/4 SANDVIK,IMPACT,ON_DEMAND,1,10,0.000,1.000,0.000,0.800,0.000,3.200,OAR_TO_MIN_MAX,This OAR material is classified IMPACT on the critical parts list. Recommend Min-Max management with a reorder point of 1 and a maximum of 3.2.,HELD,2026-08-19
REC-001009,000000000010000662,3000,Ventilation Fan Motor 250MM SEW,INSURANCE,INTERMITTENT,5,83,10.168,6.500,5.209,3.300,12.294,10.000,ROP_MAX_SAFETY_STOCK,"Stock on hand 9 is below the current reorder point 10.168. At the INSURANCE service level of 90% and a 83-day lead time, the reorder point should be 6.5.",PROPOSED,2026-08-24
REC-001010,000000000010000662,1000,Ventilation Fan Motor 250MM SEW,INSURANCE,INTERMITTENT,4,83,5.522,8.900,2.991,4.800,12.485,13.400,ROP_MAX_SAFETY_STOCK,"Stock on hand 2 is below the current reorder point 5.522. At the INSURANCE service level of 90% and a 83-day lead time, the reorder point should be 8.9.",APPROVED,2026-07-26
REC-001011,000000000080000146,1000,Valve Assembly 250KW SEW,NORMAL,INTERMITTENT,6,32,4.104,3.400,2.245,1.900,8.715,7.800,ROP_MAX_SAFETY_STOCK,Intermittent consumption of 1.5 per month over 24 months with a 32-day lead time gives a reorder point of 3.4 against the current 4.104.,APPROVED,2026-08-07
REC-001012,000000000010000664,1000,Ball Mill Trunnion Bearing TYPE B SEW,NORMAL,INTERMITTENT,4,43,7.913,4.800,4.429,2.700,16.386,9.300,ROP_MAX_SAFETY_STOCK,Intermittent consumption of 1.5 per month over 24 months with a 43-day lead time gives a reorder point of 4.8 against the current 7.913.,APPROVED,2026-08-23
REC-001013,000000000080000147,3000,Crusher Hydroset Cylinder 200MM ABB,CRITICAL,INTERMITTENT,4,95,10.951,15.300,6.387,8.900,18.272,21.400,ROP_MAX_SAFETY_STOCK,"Stock on hand 9 is below the current reorder point 10.951. At the CRITICAL service level of 98% and a 95-day lead time, the reorder point should be 15.3.",PROPOSED,2026-07-04
REC-001014,000000000010000665,3000,Flotation Cell Impeller 150MM ABB,CRITICAL,INTERMITTENT,5,43,3.178,5.500,2.194,3.800,13.753,9.100,ROP_MAX_SAFETY_STOCK,Intermittent consumption of 1.2 per month over 24 months with a 43-day lead time gives a reorder point of 5.5 against the current 3.178.,PROPOSED,2026-06-18
REC-001015,000000000030000149,4000,Mill Lube Pump Motor HD SKF,CRITICAL,ON_DEMAND,1,98,0.000,4.300,0.000,2.700,0.000,5.800,OAR_TO_MIN_MAX,This OAR material is classified CRITICAL on the critical parts list. Recommend Min-Max management with a reorder point of 4.3 and a maximum of 5.8.,APPROVED,2026-07-31
REC-001016,000000000080000148,4000,Ventilation Fan Motor 110KW SKF,NORMAL,INTERMITTENT,5,53,6.427,4.300,3.416,2.300,10.320,7.800,ROP_MAX_SAFETY_STOCK,Intermittent consumption of 1.2 per month over 24 months with a 53-day lead time gives a reorder point of 4.3 against the current 6.427.,APPROVED,2026-07-13
REC-001017,000000000080000149,1000,Ball Mill Shell Liner Plate HD SKF,NORMAL,INTERMITTENT,4,54,3.106,5.000,1.360,2.200,8.409,9.800,ROP_MAX_SAFETY_STOCK,Intermittent consumption of 1.6 per month over 24 months with a 54-day lead time gives a reorder point of 5 against the current 3.106.,PROPOSED,2026-08-30
REC-001018,000000000010000666,3000,Crusher Main Shaft Bearing 110KW SEW,CRITICAL,INTERMITTENT,0,64,9.895,6.300,5.617,3.600,10.388,10.200,ROP_MAX_SAFETY_STOCK,"Stock on hand 0 is below the current reorder point 9.895. At the CRITICAL service level of 98% and a 64-day lead time, the reorder point should be 6.3.",REJECTED,2026-06-15
REC-001019,000000000030000150,1000,Flotation Cell Impeller 200MM KSB,CRITICAL,ON_DEMAND,1,111,0.000,7.100,0.000,4.100,0.000,9.600,OAR_TO_MIN_MAX,This OAR material is classified CRITICAL on the critical parts list. Recommend Min-Max management with a reorder point of 7.1 and a maximum of 9.6.,APPROVED,2026-08-22
REC-001020,000000000030000150,2000,Flotation Cell Impeller 200MM KSB,CRITICAL,ON_DEMAND,0,111,0.000,9.800,0.000,6.000,0.000,12.900,OAR_TO_MIN_MAX,This OAR material is classified CRITICAL on the critical parts list. Recommend Min-Max management with a reorder point of 9.8 and a maximum of 12.9.,HELD,2026-06-21
REC-001021,000000000010000667,3000,Conveyor Take-Up Pulley 250KW METSO,IMPACT,SLOW,1,37,1.208,0.800,0.968,0.600,1.678,1.200,ROP_MAX_SAFETY_STOCK,Stock on hand 2 exceeds the current maximum 1.678. Consumption of 0.1 per month supports a maximum of 1.2.,APPROVED,2026-08-28
REC-001022,000000000010000668,3000,Conveyor Pulley Bearing 250MM MULTOTEC,NORMAL,INTERMITTENT,6,30,2.576,4.800,1.380,2.600,13.583,11.600,ROP_MAX_SAFETY_STOCK,Intermittent consumption of 2.2 per month over 24 months with a 30-day lead time gives a reorder point of 4.8 against the current 2.576.,PROPOSED,2026-06-28
REC-001023,000000000010000669,1000,Ball Mill Shell Liner Plate DN150 WEIR,CRITICAL,INTERMITTENT,4,177,6.117,9.800,3.103,5.000,22.192,12.300,ROP_MAX_SAFETY_STOCK,Intermittent consumption of 0.8 per month over 24 months with a 177-day lead time gives a reorder point of 9.8 against the current 6.117.,APPROVED,2026-07-27
REC-001024,000000000010000669,3000,Ball Mill Shell Liner Plate DN150 WEIR,CRITICAL,INTERMITTENT,5,177,7.079,11.300,3.147,5.000,17.178,14.600,ROP_MAX_SAFETY_STOCK,"Stock on hand 6 is below the current reorder point 7.079. At the CRITICAL service level of 98% and a 177-day lead time, the reorder point should be 11.3.",APPROVED,2026-06-23
REC-001025,000000000010000670,2000,Thickener Rake Drive Gearbox DN150 KSB,CRITICAL,REGULAR,12,113,66.628,38.500,11.422,6.600,66.628,64.200,ROP_MAX_SAFETY_STOCK,"Stock on hand 49 is below the current reorder point 66.628. At the CRITICAL service level of 98% and a 113-day lead time, the reorder point should be 38.5.",PROPOSED,2026-05-11
REC-001026,000000000090000034,4000,Gearbox Bearing 200MM WEIR,OBSOLETE,NO_DEMAND,0,21,0.000,,0.000,,1.000,,NO_SAFETY_STOCK,Obsolete material: no safety stock recommended. Candidate for stock reduction review.,PROPOSED,2026-06-20
REC-001027,000000000080000150,3000,Flotation Blower Motor TYPE A SEW,IMPACT,INTERMITTENT,2,10,0.909,0.600,0.781,0.500,1.584,1.400,ROP_MAX_SAFETY_STOCK,Intermittent consumption of 0.2 per month over 24 months with a 10-day lead time gives a reorder point of 0.6 against the current 0.909.,REJECTED,2026-08-16
REC-001028,000000000010000671,2000,Conveyor Pulley Bearing 250MM METSO,IMPACT,INTERMITTENT,5,33,4.713,6.000,3.251,4.100,15.794,11.100,ROP_MAX_SAFETY_STOCK,Intermittent consumption of 1.7 per month over 24 months with a 33-day lead time gives a reorder point of 6 against the current 4.713.,REJECTED,2026-05-24
REC-001029,000000000090000035,2000,Conveyor Pulley Bearing 8/6 SKF,OBSOLETE,NO_DEMAND,0,21,0.000,,0.000,,1.000,,NO_SAFETY_STOCK,Obsolete material: no safety stock recommended. Candidate for stock reduction review.,PROPOSED,2026-05-30
REC-001030,000000000010000672,2000,Spherical Roller Bearing HD WEIR,INSURANCE,REGULAR,8,72,34.274,27.300,6.370,5.100,92.089,55.400,ROP_MAX_SAFETY_STOCK,"Stock on hand 27 is below the current reorder point 34.274. At the INSURANCE service level of 90% and a 72-day lead time, the reorder point should be 27.3.",APPROVED,2026-06-17
REC-001031,000000000010000672,1000,Spherical Roller Bearing HD WEIR,INSURANCE,REGULAR,12,72,25.664,45.200,4.708,8.300,138.765,92.000,ROP_MAX_SAFETY_STOCK,Regular consumption of 15.6 per month over 24 months with a 72-day lead time gives a reorder point of 45.2 against the current 25.664.,REJECTED,2026-06-06
REC-001032,000000000010000673,3000,MCC Feeder Circuit Breaker 150MM ABB,INSURANCE,SLOW,2,89,1.577,1.100,1.056,0.700,1.835,1.500,ROP_MAX_SAFETY_STOCK,Stock on hand 2 exceeds the current maximum 1.835. Consumption of 0.1 per month supports a maximum of 1.5.,PROPOSED,2026-05-16
REC-001033,000000000010000673,2000,MCC Feeder Circuit Breaker 150MM ABB,INSURANCE,SLOW,5,89,2.871,1.700,1.637,1.000,3.486,2.500,ROP_MAX_SAFETY_STOCK,"Stock on hand 2 is below the current reorder point 2.871. At the INSURANCE service level of 90% and a 89-day lead time, the reorder point should be 1.7.",REJECTED,2026-05-10
REC-001034,000000000010000675,2000,Hydraulic Power Pack 250MM SIEMENS,CRITICAL,INTERMITTENT,0,75,15.897,15.200,9.900,9.500,30.103,22.200,ROP_MAX_SAFETY_STOCK,"Stock on hand 0 is below the current reorder point 15.897. At the CRITICAL service level of 98% and a 75-day lead time, the reorder point should be 15.2.",PROPOSED,2026-07-12
REC-001035,000000000010000675,1000,Hydraulic Power Pack 250MM SIEMENS,CRITICAL,INTERMITTENT,0,75,7.565,11.900,4.817,7.600,16.843,17.100,ROP_MAX_SAFETY_STOCK,"Stock on hand 0 is below the current reorder point 7.565. At the CRITICAL service level of 98% and a 75-day lead time, the reorder point should be 11.9.",REJECTED,2026-07-18
REC-001036,000000000080000151,3000,Flow Meter Sensor Head 6/4 SEW,IMPACT,INTERMITTENT,3,17,1.348,1.100,1.103,0.900,2.981,2.200,ROP_MAX_SAFETY_STOCK,Stock on hand 3 exceeds the current maximum 2.981. Consumption of 0.4 per month supports a maximum of 2.2.,REJECTED,2026-08-25
REC-001037,000000000010000676,1000,Conveyor Pulley Bearing 200MM METSO,NORMAL,INTERMITTENT,3,49,1.475,2.300,0.841,1.300,7.156,4.200,ROP_MAX_SAFETY_STOCK,Intermittent consumption of 0.6 per month over 24 months with a 49-day lead time gives a reorder point of 2.3 against the current 1.475.,APPROVED,2026-08-26
REC-001038,000000000010000677,4000,Ball Mill Trunnion Bearing TYPE B FLSM,NORMAL,REGULAR,10,59,25.018,31.600,3.532,4.500,63.633,73.600,ROP_MAX_SAFETY_STOCK,Regular consumption of 14.0 per month over 24 months with a 59-day lead time gives a reorder point of 31.6 against the current 25.018.,APPROVED,2026-08-23
REC-001039,000000000090000036,3000,Belt Scraper Blade Cartridge 110KW SEW,OBSOLETE,NO_DEMAND,0,19,0.000,,0.000,,1.000,,NO_SAFETY_STOCK,Obsolete material: no safety stock recommended. Candidate for stock reduction review.,HELD,2026-07-10
REC-001040,000000000090000036,1000,Belt Scraper Blade Cartridge 110KW SEW,OBSOLETE,NO_DEMAND,0,19,0.000,,0.000,,1.000,,NO_SAFETY_STOCK,Obsolete material: no safety stock recommended. Candidate for stock reduction review.,PROPOSED,2026-07-13
REC-001041,000000000080000152,1000,Slurry Pump Wet End Assembly 200MM WEIR,IMPACT,INTERMITTENT,5,20,2.106,2.000,1.581,1.500,5.415,4.200,ROP_MAX_SAFETY_STOCK,"Stock on hand 0 is below the current reorder point 2.106. At the IMPACT service level of 95% and a 20-day lead time, the reorder point should be 2.",APPROVED,2026-05-25
REC-001042,000000000030000154,3000,Conveyor Pulley Bearing 150MM FLSM,CRITICAL,ON_DEMAND,1,104,0.000,15.300,0.000,8.600,0.000,21.200,OAR_TO_MIN_MAX,This OAR material is classified CRITICAL on the critical parts list. Recommend Min-Max management with a reorder point of 15.3 and a maximum of 21.2.,APPROVED,2026-07-04
REC-001043,000000000030000155,3000,Ball Mill Trunnion Bearing TYPE B METSO,CRITICAL,ON_DEMAND,2,52,0.000,7.600,0.000,5.400,0.000,11.500,OAR_TO_MIN_MAX,This OAR material is classified CRITICAL on the critical parts list. Recommend Min-Max management with a reorder point of 7.6 and a maximum of 11.5.,REJECTED,2026-06-18
REC-001044,000000000030000155,2000,Ball Mill Trunnion Bearing TYPE B METSO,CRITICAL,ON_DEMAND,2,52,0.000,7.100,0.000,5.000,0.000,10.700,OAR_TO_MIN_MAX,This OAR material is classified CRITICAL on the critical parts list. Recommend Min-Max management with a reorder point of 7.1 and a maximum of 10.7.,APPROVED,2026-06-15
REC-001045,000000000010000680,3000,MCC Feeder Circuit Breaker 55KW SANDVIK,NORMAL,INTERMITTENT,5,22,4.298,2.700,2.854,1.800,7.549,6.500,ROP_MAX_SAFETY_STOCK,Intermittent consumption of 1.2 per month over 24 months with a 22-day lead time gives a reorder point of 2.7 against the current 4.298.,REJECTED,2026-06-27
REC-001046,000000000010000681,1000,MCC Feeder Circuit Breaker 250MM ABB,CRITICAL,INTERMITTENT,5,51,3.276,5.200,2.076,3.300,10.746,8.600,ROP_MAX_SAFETY_STOCK,Intermittent consumption of 1.1 per month over 24 months with a 51-day lead time gives a reorder point of 5.2 against the current 3.276.,APPROVED,2026-06-27
REC-001047,000000000010000682,4000,Slurry Pump Wet End Assembly 6/4 SEW,NORMAL,REGULAR,11,29,17.246,9.800,2.945,1.700,36.587,35.200,ROP_MAX_SAFETY_STOCK,"Stock on hand 13 is below the current reorder point 17.246. At the NORMAL service level of 85% and a 29-day lead time, the reorder point should be 9.8.",APPROVED,2026-05-20
REC-001048,000000000080000153,4000,Soft Starter Power Module DN150 WEIR,IMPACT,INTERMITTENT,3,9,3.130,2.600,2.541,2.100,12.168,7.500,ROP_MAX_SAFETY_STOCK,Intermittent consumption of 1.6 per month over 24 months with a 9-day lead time gives a reorder point of 2.6 against the current 3.13.,APPROVED,2026-06-13
REC-001049,000000000090000037,3000,Ball Mill Shell Liner Plate 8/6 METSO,OBSOLETE,NO_DEMAND,0,54,0.000,,0.000,,1.000,,NO_SAFETY_STOCK,Obsolete material: no safety stock recommended. Candidate for stock reduction review.,HELD,2026-06-04
REC-001050,000000000010000683,1000,Thickener Rake Drive Gearbox 250KW FLSM,CRITICAL,INTERMITTENT,3,150,11.826,7.100,7.044,4.200,11.826,8.800,ROP_MAX_SAFETY_STOCK,Stock on hand 12 exceeds the current maximum 11.826. Consumption of 0.6 per month supports a maximum of 8.8.,HELD,2026-07-30
REC-001051,000000000010000687,4000,Thickener Rake Drive Gearbox HD SEW,NORMAL,INTERMITTENT,4,33,3.018,2.100,1.868,1.300,5.329,4.300,ROP_MAX_SAFETY_STOCK,Stock on hand 7 exceeds the current maximum 5.329. Consumption of 0.8 per month supports a maximum of 4.3.,PROPOSED,2026-06-27
REC-001052,000000000080000154,4000,Pressure Transmitter Assembly 250KW ABB,IMPACT,INTERMITTENT,6,12,5.027,3.200,3.776,2.400,8.161,9.200,ROP_MAX_SAFETY_STOCK,Intermittent consumption of 2.0 per month over 24 months with a 12-day lead time gives a reorder point of 3.2 against the current 5.027.,REJECTED,2026-06-01
REC-001053,000000000080000154,3000,Pressure Transmitter Assembly 250KW ABB,IMPACT,INTERMITTENT,1,12,1.382,2.200,1.130,1.800,9.562,5.300,ROP_MAX_SAFETY_STOCK,Intermittent consumption of 1.0 per month over 24 months with a 12-day lead time gives a reorder point of 2.2 against the current 1.382.,PROPOSED,2026-05-26
REC-001054,000000000010000688,3000,Spherical Roller Bearing TYPE A ABB,NORMAL,REGULAR,9,43,73.175,41.100,10.308,5.800,111.211,116.000,ROP_MAX_SAFETY_STOCK,"Stock on hand 18 is below the current reorder point 73.175. At the NORMAL service level of 85% and a 43-day lead time, the reorder point should be 41.1.",APPROVED,2026-05-20
REC-001055,000000000090000038,3000,Cyclone Apex Liner 200MM WEIR,OBSOLETE,NO_DEMAND,0,13,0.000,,0.000,,1.000,,NO_SAFETY_STOCK,Obsolete material: no safety stock recommended. Candidate for stock reduction review.,APPROVED,2026-08-21
REC-001056,000000000090000038,4000,Cyclone Apex Liner 200MM WEIR,OBSOLETE,NO_DEMAND,0,13,0.000,,0.000,,1.000,,NO_SAFETY_STOCK,Obsolete material: no safety stock recommended. Candidate for stock reduction review.,HELD,2026-07-11
REC-001057,000000000080000155,2000,Level Radar Transmitter TYPE A FLSM,IMPACT,INTERMITTENT,4,10,4.086,3.400,3.136,2.600,11.854,10.700,ROP_MAX_SAFETY_STOCK,Intermittent consumption of 2.4 per month over 24 months with a 10-day lead time gives a reorder point of 3.4 against the current 4.086.,PROPOSED,2026-07-28
REC-001058,000000000080000155,3000,Level Radar Transmitter TYPE A FLSM,IMPACT,INTERMITTENT,5,10,2.009,1.700,1.609,1.400,7.835,4.800,ROP_MAX_SAFETY_STOCK,Intermittent consumption of 1.0 per month over 24 months with a 10-day lead time gives a reorder point of 1.7 against the current 2.009.,PROPOSED,2026-07-15
REC-001059,000000000010000689,4000,Level Radar Transmitter 55KW SEW,CRITICAL,INTERMITTENT,3,220,9.423,5.800,4.524,2.800,10.640,7.000,ROP_MAX_SAFETY_STOCK,Stock on hand 16 exceeds the current maximum 10.64. Consumption of 0.4 per month supports a maximum of 7.,APPROVED,2026-08-14
REC-001060,000000000010000689,1000,Level Radar Transmitter 55KW SEW,CRITICAL,INTERMITTENT,5,220,31.881,18.300,14.633,8.400,35.366,22.400,ROP_MAX_SAFETY_STOCK,Stock on hand 36 exceeds the current maximum 35.366. Consumption of 1.4 per month supports a maximum of 22.4.,HELD,2026-05-22
REC-001061,000000000010000690,4000,Gearbox Bearing 250KW KSB,IMPACT,SLOW,4,41,1.201,2.200,0.887,1.600,4.646,3.500,ROP_MAX_SAFETY_STOCK,Slow consumption of 0.4 per month over 24 months with a 41-day lead time gives a reorder point of 2.2 against the current 1.201.,PROPOSED,2026-07-08
REC-001062,000000000010000691,1000,Ball Mill Gearbox Assembly 8/6 SANDVIK,NORMAL,SLOW,3,58,3.856,2.400,2.099,1.300,7.183,4.200,ROP_MAX_SAFETY_STOCK,"Stock on hand 3 is below the current reorder point 3.856. At the NORMAL service level of 85% and a 58-day lead time, the reorder point should be 2.4.",REJECTED,2026-07-02
REC-001063,000000000080000156,3000,Belt Scraper Blade Cartridge 150MM,NORMAL,INTERMITTENT,4,29,3.913,3.900,2.372,2.400,10.196,8.800,ROP_MAX_SAFETY_STOCK,Intermittent consumption of 1.6 per month over 24 months with a 29-day lead time gives a reorder point of 3.9 against the current 3.913.,APPROVED,2026-05-12
REC-001064,000000000010000692,4000,Screen Exciter Bearing DN150 KSB,CRITICAL,INTERMITTENT,0,85,23.279,15.800,13.663,9.300,39.160,22.800,ROP_MAX_SAFETY_STOCK,"Stock on hand 0 is below the current reorder point 23.279. At the CRITICAL service level of 98% and a 85-day lead time, the reorder point should be 15.8.",HELD,2026-07-01
REC-001065,000000000010000692,3000,Screen Exciter Bearing DN150 KSB,CRITICAL,INTERMITTENT,0,85,18.749,11.300,11.992,7.200,24.552,15.700,ROP_MAX_SAFETY_STOCK,"Stock on hand 0 is below the current reorder point 18.749. At the CRITICAL service level of 98% and a 85-day lead time, the reorder point should be 11.3.",PROPOSED,2026-06-03
REC-001066,000000000010000693,1000,Ball Mill Shell Liner Plate 200MM,NORMAL,REGULAR,11,8,10.070,6.400,3.480,2.200,95.438,54.100,ROP_MAX_SAFETY_STOCK,Regular consumption of 15.9 per month over 24 months with a 8-day lead time gives a reorder point of 6.4 against the current 10.07.,HELD,2026-05-30
REC-001067,000000000010000694,1000,Ball Mill Trunnion Bearing 10/8 METSO,CRITICAL,INTERMITTENT,5,115,14.684,14.700,8.549,8.600,17.259,19.600,ROP_MAX_SAFETY_STOCK,"Stock on hand 4 is below the current reorder point 14.684. At the CRITICAL service level of 98% and a 115-day lead time, the reorder point should be 14.7.",PROPOSED,2026-05-20
REC-001068,000000000010000698,3000,Thickener Rake Seal Kit DN150 SEW,NORMAL,REGULAR,10,18,27.232,26.900,6.214,6.100,227.172,132.300,ROP_MAX_SAFETY_STOCK,Regular consumption of 35.1 per month over 24 months with a 18-day lead time gives a reorder point of 26.9 against the current 27.232.,PROPOSED,2026-05-23
REC-001069,000000000010000698,1000,Thickener Rake Seal Kit DN150 SEW,NORMAL,REGULAR,10,18,48.414,27.600,14.063,8.000,216.762,127.000,ROP_MAX_SAFETY_STOCK,Regular consumption of 33.1 per month over 24 months with a 18-day lead time gives a reorder point of 27.6 against the current 48.414.,REJECTED,2026-06-18
REC-001070,000000000080000157,2000,Hydraulic Power Pack 150MM SIEMENS,NORMAL,INTERMITTENT,7,34,1.147,2.600,0.624,1.400,4.042,5.700,ROP_MAX_SAFETY_STOCK,"Stock on hand 0 is below the current reorder point 1.147. At the NORMAL service level of 85% and a 34-day lead time, the reorder point should be 2.6.",APPROVED,2026-07-25
REC-001071,000000000010000699,4000,Gland Packing Seal Ring DN100 SANDVIK,IMPACT,REGULAR,11,27,70.235,44.300,20.336,12.800,271.366,150.900,ROP_MAX_SAFETY_STOCK,Regular consumption of 35.5 per month over 24 months with a 27-day lead time gives a reorder point of 44.3 against the current 70.235.,APPROVED,2026-08-23
REC-001072,000000000010000700,4000,Ball Mill Gearbox Assembly 10/8 KSB,INSURANCE,SLOW,2,149,2.625,2.500,1.329,1.300,3.937,3.200,ROP_MAX_SAFETY_STOCK,Stock on hand 6 exceeds the current maximum 3.937. Consumption of 0.2 per month supports a maximum of 3.2.,PROPOSED,2026-05-14
REC-001073,000000000010000701,3000,Belt Scraper Blade Cartridge TYPE B KSB,IMPACT,INTERMITTENT,4,56,4.979,4.600,3.343,3.100,6.764,7.100,ROP_MAX_SAFETY_STOCK,Stock on hand 7 exceeds the current maximum 6.764. Consumption of 0.8 per month supports a maximum of 7.1.,HELD,2026-05-31
REC-001074,000000000010000701,2000,Belt Scraper Blade Cartridge TYPE B KSB,IMPACT,INTERMITTENT,6,56,5.582,8.700,3.219,5.000,12.677,14.700,ROP_MAX_SAFETY_STOCK,Stock on hand 13 exceeds the current maximum 12.677. Consumption of 2.0 per month supports a maximum of 14.7.,REJECTED,2026-06-28
REC-001075,000000000010000704,1000,Skirt Rubber Liner Section TYPE A METSO,INSURANCE,REGULAR,12,105,75.530,64.500,9.742,8.300,82.263,113.400,ROP_MAX_SAFETY_STOCK,"Stock on hand 39 is below the current reorder point 75.53. At the INSURANCE service level of 90% and a 105-day lead time, the reorder point should be 64.5.",REJECTED,2026-06-28
REC-001076,000000000010000705,1000,Conveyor Drive Motor 200MM ABB,IMPACT,SLOW,3,51,1.852,1.300,1.282,0.900,2.778,2.000,ROP_MAX_SAFETY_STOCK,Stock on hand 3 exceeds the current maximum 2.778. Consumption of 0.2 per month supports a maximum of 2.,PROPOSED,2026-06-19
REC-001077,000000000010000705,4000,Conveyor Drive Motor 200MM ABB,IMPACT,SLOW,2,51,1.292,1.300,0.894,0.900,3.392,2.000,ROP_MAX_SAFETY_STOCK,Slow consumption of 0.2 per month over 24 months with a 51-day lead time gives a reorder point of 1.3 against the current 1.292.,REJECTED,2026-07-25
REC-001078,000000000010000706,3000,Level Radar Transmitter 250MM ABB,INSURANCE,INTERMITTENT,6,130,10.746,8.500,4.201,3.300,10.746,12.100,ROP_MAX_SAFETY_STOCK,"Stock on hand 10 is below the current reorder point 10.746. At the INSURANCE service level of 90% and a 130-day lead time, the reorder point should be 8.5.",APPROVED,2026-05-12
REC-001079,000000000010000707,4000,Belt Scraper Blade Cartridge 150MM FLSM,INSURANCE,REGULAR,11,149,22.764,52.500,3.044,7.000,108.367,80.400,ROP_MAX_SAFETY_STOCK,"Stock on hand 11 is below the current reorder point 22.764. At the INSURANCE service level of 90% and a 149-day lead time, the reorder point should be 52.5.",PROPOSED,2026-06-08
REC-001080,000000000010000707,2000,Belt Scraper Blade Cartridge 150MM FLSM,INSURANCE,REGULAR,11,149,99.989,85.300,11.996,10.200,193.174,131.300,ROP_MAX_SAFETY_STOCK,"Stock on hand 89 is below the current reorder point 99.989. At the INSURANCE service level of 90% and a 149-day lead time, the reorder point should be 85.3.",REJECTED,2026-05-25
REC-001081,000000000010000708,4000,Centrifugal Pump Casing DN150 FLSM,IMPACT,INTERMITTENT,5,7,0.553,1.300,0.459,1.100,3.138,4.200,ROP_MAX_SAFETY_STOCK,Intermittent consumption of 1.0 per month over 24 months with a 7-day lead time gives a reorder point of 1.3 against the current 0.553.,PROPOSED,2026-06-03
REC-001082,000000000010000709,4000,Conveyor Drive Gearbox 110KW ABB,IMPACT,INTERMITTENT,4,7,1.525,1.000,1.278,0.800,5.195,3.000,ROP_MAX_SAFETY_STOCK,Intermittent consumption of 0.7 per month over 24 months with a 7-day lead time gives a reorder point of 1 against the current 1.525.,PROPOSED,2026-08-24
REC-001083,000000000010000709,3000,Conveyor Drive Gearbox 110KW ABB,IMPACT,INTERMITTENT,3,7,1.186,1.600,0.943,1.300,7.598,6.100,ROP_MAX_SAFETY_STOCK,Stock on hand 8 exceeds the current maximum 7.598. Consumption of 1.5 per month supports a maximum of 6.1.,PROPOSED,2026-05-29
REC-001084,000000000010000711,2000,Mill Liner 8/6 MULTOTEC,IMPACT,INTERMITTENT,6,7,0.968,2.100,0.769,1.700,13.365,7.800,ROP_MAX_SAFETY_STOCK,Intermittent consumption of 1.9 per month over 24 months with a 7-day lead time gives a reorder point of 2.1 against the current 0.968.,APPROVED,2026-08-10
REC-001085,000000000080000158,1000,MCC Feeder Circuit Breaker DN100 SIEMENS,IMPACT,INTERMITTENT,7,9,3.201,2.500,2.402,1.900,10.820,8.900,ROP_MAX_SAFETY_STOCK,Intermittent consumption of 2.1 per month over 24 months with a 9-day lead time gives a reorder point of 2.5 against the current 3.201.,PROPOSED,2026-06-02
REC-001086,000000000080000159,1000,Mill Liner HD METSO,CRITICAL,INTERMITTENT,5,140,5.266,12.500,2.850,6.800,18.274,16.200,ROP_MAX_SAFETY_STOCK,Intermittent consumption of 1.2 per month over 24 months with a 140-day lead time gives a reorder point of 12.5 against the current 5.266.,APPROVED,2026-05-30
REC-001087,000000000010000712,1000,Cyclone Apex Liner 110KW SANDVIK,IMPACT,REGULAR,12,23,23.959,40.100,7.091,11.900,255.917,152.200,ROP_MAX_SAFETY_STOCK,Regular consumption of 37.4 per month over 24 months with a 23-day lead time gives a reorder point of 40.1 against the current 23.959.,HELD,2026-08-30
REC-001088,000000000010000713,2000,Ball Mill Gearbox Assembly 150MM,CRITICAL,REGULAR,12,140,207.935,116.800,33.623,18.900,228.207,180.700,ROP_MAX_SAFETY_STOCK,Stock on hand 277 exceeds the current maximum 228.207. Consumption of 21.3 per month supports a maximum of 180.7.,APPROVED,2026-07-16
REC-001089,000000000030000160,4000,Valve Assembly TYPE A MULTOTEC,CRITICAL,ON_DEMAND,2,31,0.000,7.700,0.000,5.600,0.000,13.800,OAR_TO_MIN_MAX,This OAR material is classified CRITICAL on the critical parts list. Recommend Min-Max management with a reorder point of 7.7 and a maximum of 13.8.,PROPOSED,2026-05-26
REC-001090,000000000010000714,2000,Conveyor Idler Roller Set TYPE A FLSM,NORMAL,REGULAR,11,36,11.210,17.400,2.778,4.300,81.216,50.600,ROP_MAX_SAFETY_STOCK,Regular consumption of 11.1 per month over 24 months with a 36-day lead time gives a reorder point of 17.4 against the current 11.21.,REJECTED,2026-06-29
REC-001091,000000000080000160,4000,Skirt Rubber Liner Section DN100 FLSM,IMPACT,INTERMITTENT,4,48,5.365,3.300,3.532,2.200,5.365,5.400,ROP_MAX_SAFETY_STOCK,"Stock on hand 5 is below the current reorder point 5.365. At the IMPACT service level of 95% and a 48-day lead time, the reorder point should be 3.3.",APPROVED,2026-09-01
REC-001092,000000000030000164,4000,Conveyor Idler Roller Set HD SKF,IMPACT,ON_DEMAND,1,12,0.000,1.600,0.000,1.200,0.000,4.700,OAR_TO_MIN_MAX,This OAR material is classified IMPACT on the critical parts list. Recommend Min-Max management with a reorder point of 1.6 and a maximum of 4.7.,REJECTED,2026-08-30
REC-001093,000000000010000715,4000,MCC Feeder Circuit Breaker 6/4 FLSM,CRITICAL,INTERMITTENT,7,233,9.692,7.000,3.983,2.900,9.692,8.600,ROP_MAX_SAFETY_STOCK,"Stock on hand 4 is below the current reorder point 9.692. At the CRITICAL service level of 98% and a 233-day lead time, the reorder point should be 7.",PROPOSED,2026-05-11
REC-001094,000000000010000716,3000,Ball Mill Shell Liner Plate 6/4 SKF,NORMAL,INTERMITTENT,2,36,4.015,2.300,2.295,1.300,7.860,4.800,ROP_MAX_SAFETY_STOCK,Intermittent consumption of 0.8 per month over 24 months with a 36-day lead time gives a reorder point of 2.3 against the current 4.015.,REJECTED,2026-08-24
REC-001095,000000000030000165,1000,Pump Impeller 150MM KSB,CRITICAL,ON_DEMAND,1,44,0.000,7.800,0.000,5.400,0.000,12.800,OAR_TO_MIN_MAX,This OAR material is classified CRITICAL on the critical parts list. Recommend Min-Max management with a reorder point of 7.8 and a maximum of 12.8.,HELD,2026-09-01
REC-001096,000000000010000718,3000,Slurry Pump Mechanical Seal 110KW SEW,IMPACT,REGULAR,12,53,34.948,23.900,9.251,6.300,71.748,54.300,ROP_MAX_SAFETY_STOCK,Regular consumption of 10.1 per month over 24 months with a 53-day lead time gives a reorder point of 23.9 against the current 34.948.,APPROVED,2026-07-03
REC-001097,000000000010000718,2000,Slurry Pump Mechanical Seal 110KW SEW,IMPACT,REGULAR,12,53,30.765,34.800,8.466,9.600,60.521,78.200,ROP_MAX_SAFETY_STOCK,"Stock on hand 17 is below the current reorder point 30.765. At the IMPACT service level of 95% and a 53-day lead time, the reorder point should be 34.8.",PROPOSED,2026-06-13
REC-001098,000000000080000161,3000,Belt Scraper Blade Cartridge 10/8,CRITICAL,INTERMITTENT,6,43,14.191,8.600,10.087,6.100,16.275,13.800,ROP_MAX_SAFETY_STOCK,Intermittent consumption of 1.8 per month over 24 months with a 43-day lead time gives a reorder point of 8.6 against the current 14.191.,APPROVED,2026-08-14
REC-001099,000000000010000719,1000,Mill Lube Pump Motor 55KW MULTOTEC,NORMAL,SLOW,2,48,0.653,0.800,0.406,0.500,1.620,1.400,ROP_MAX_SAFETY_STOCK,Stock on hand 2 exceeds the current maximum 1.62. Consumption of 0.2 per month supports a maximum of 1.4.,APPROVED,2026-08-01
REC-001100,000000000010000720,1000,Flow Meter Sensor Head TYPE B SIEMENS,CRITICAL,INTERMITTENT,2,58,10.557,5.800,7.988,4.400,12.582,8.100,ROP_MAX_SAFETY_STOCK,Stock on hand 16 exceeds the current maximum 12.582. Consumption of 0.8 per month supports a maximum of 8.1.,APPROVED,2026-06-14
REC-001101,000000000010000721,1000,Conveyor Drive Gearbox 250KW ABB,INSURANCE,REGULAR,12,41,53.686,53.200,12.020,11.900,211.313,145.200,ROP_MAX_SAFETY_STOCK,"Stock on hand 39 is below the current reorder point 53.686. At the INSURANCE service level of 90% and a 41-day lead time, the reorder point should be 53.2.",PROPOSED,2026-08-09
REC-001102,000000000010000721,2000,Conveyor Drive Gearbox 250KW ABB,INSURANCE,REGULAR,11,41,76.798,57.900,14.633,11.000,261.546,162.400,ROP_MAX_SAFETY_STOCK,"Stock on hand 62 is below the current reorder point 76.798. At the INSURANCE service level of 90% and a 41-day lead time, the reorder point should be 57.9.",APPROVED,2026-06-11
REC-001103,000000000010000722,2000,Agitator Shaft Seal HD FLSM,NORMAL,REGULAR,11,16,8.766,6.000,2.308,1.600,42.182,30.900,ROP_MAX_SAFETY_STOCK,Regular consumption of 8.3 per month over 24 months with a 16-day lead time gives a reorder point of 6 against the current 8.766.,PROPOSED,2026-08-07
REC-001104,000000000010000723,1000,Thickener Rake Seal Kit TYPE A ABB,CRITICAL,INTERMITTENT,0,122,19.283,10.700,12.394,6.900,19.283,13.600,ROP_MAX_SAFETY_STOCK,"Stock on hand 0 is below the current reorder point 19.283. At the CRITICAL service level of 98% and a 122-day lead time, the reorder point should be 10.7.",APPROVED,2026-08-23
REC-001105,000000000010000723,3000,Thickener Rake Seal Kit TYPE A ABB,CRITICAL,INTERMITTENT,0,122,8.963,5.900,6.407,4.200,12.066,7.200,ROP_MAX_SAFETY_STOCK,"Stock on hand 0 is below the current reorder point 8.963. At the CRITICAL service level of 98% and a 122-day lead time, the reorder point should be 5.9.",PROPOSED,2026-08-16
REC-001106,000000000010000724,1000,Mill Liner 200MM SEW,CRITICAL,INTERMITTENT,0,89,7.745,8.400,4.711,5.100,16.882,11.800,ROP_MAX_SAFETY_STOCK,"Stock on hand 0 is below the current reorder point 7.745. At the CRITICAL service level of 98% and a 89-day lead time, the reorder point should be 8.4.",APPROVED,2026-06-03
REC-001107,000000000010000725,4000,Conveyor Pulley Bearing 150MM SIEMENS,NORMAL,SLOW,0,13,0.231,0.200,0.195,0.200,0.608,0.500,ROP_MAX_SAFETY_STOCK,Stock on hand 1 exceeds the current maximum 0.608. Consumption of 0.1 per month supports a maximum of 0.5.,PROPOSED,2026-06-20
REC-001108,000000000010000726,3000,Flotation Cell Impeller DN100 WEIR,CRITICAL,INTERMITTENT,4,174,5.911,5.400,2.763,2.500,8.633,6.900,ROP_MAX_SAFETY_STOCK,Intermittent consumption of 0.5 per month over 24 months with a 174-day lead time gives a reorder point of 5.4 against the current 5.911.,REJECTED,2026-08-01
REC-001109,000000000080000162,3000,Crusher Main Shaft Bearing 6/4 SANDVIK,IMPACT,INTERMITTENT,1,16,2.532,2.100,1.909,1.600,4.388,5.100,ROP_MAX_SAFETY_STOCK,Intermittent consumption of 1.0 per month over 24 months with a 16-day lead time gives a reorder point of 2.1 against the current 2.532.,REJECTED,2026-07-24
REC-001110,000000000010000727,3000,PLC Digital Output Card TYPE A METSO,INSURANCE,SLOW,2,132,2.190,1.400,1.368,0.900,2.190,1.800,ROP_MAX_SAFETY_STOCK,Stock on hand 4 exceeds the current maximum 2.19. Consumption of 0.1 per month supports a maximum of 1.8.,APPROVED,2026-05-12
REC-001111,000000000010000728,1000,Agitator Shaft Seal HD ABB,INSURANCE,INTERMITTENT,1,98,2.716,4.100,1.739,2.600,9.396,5.500,ROP_MAX_SAFETY_STOCK,Intermittent consumption of 0.5 per month over 24 months with a 98-day lead time gives a reorder point of 4.1 against the current 2.716.,PROPOSED,2026-09-02
REC-001112,000000000010000729,2000,Slurry Density Transmitter 10/8,CRITICAL,INTERMITTENT,8,224,12.944,14.200,5.117,5.600,25.017,17.700,ROP_MAX_SAFETY_STOCK,Intermittent consumption of 1.2 per month over 24 months with a 224-day lead time gives a reorder point of 14.2 against the current 12.944.,PROPOSED,2026-08-28
REC-001113,000000000010000730,2000,Mill Liner TYPE B ABB,CRITICAL,INTERMITTENT,0,103,8.656,8.000,5.919,5.500,8.656,10.200,ROP_MAX_SAFETY_STOCK,"Stock on hand 0 is below the current reorder point 8.656. At the CRITICAL service level of 98% and a 103-day lead time, the reorder point should be 8.",APPROVED,2026-05-10
REC-001114,000000000010000730,3000,Mill Liner TYPE B ABB,CRITICAL,INTERMITTENT,0,103,7.202,9.300,4.254,5.500,19.837,12.700,ROP_MAX_SAFETY_STOCK,"Stock on hand 0 is below the current reorder point 7.202. At the CRITICAL service level of 98% and a 103-day lead time, the reorder point should be 9.3.",APPROVED,2026-07-01
REC-001115,000000000010000731,1000,PLC Digital Output Card 150MM SEW,CRITICAL,INTERMITTENT,0,45,7.502,6.100,4.829,3.900,17.015,10.500,ROP_MAX_SAFETY_STOCK,"Stock on hand 0 is below the current reorder point 7.502. At the CRITICAL service level of 98% and a 45-day lead time, the reorder point should be 6.1.",APPROVED,2026-06-29
REC-001116,000000000010000732,3000,Mill Lube Pump Motor HD SANDVIK,CRITICAL,INTERMITTENT,0,41,8.261,6.300,5.987,4.600,8.261,10.200,ROP_MAX_SAFETY_STOCK,"Stock on hand 0 is below the current reorder point 8.261. At the CRITICAL service level of 98% and a 41-day lead time, the reorder point should be 6.3.",PROPOSED,2026-07-08
REC-001117,000000000010000733,3000,Soft Starter Power Module 250KW MULTOTEC,NORMAL,SLOW,2,46,0.285,0.600,0.198,0.400,1.426,1.000,ROP_MAX_SAFETY_STOCK,Slow consumption of 0.1 per month over 24 months with a 46-day lead time gives a reorder point of 0.6 against the current 0.285.,PROPOSED,2026-05-14
REC-001118,000000000010000733,2000,Soft Starter Power Module 250KW MULTOTEC,NORMAL,SLOW,3,46,2.119,1.900,1.268,1.100,4.685,3.400,ROP_MAX_SAFETY_STOCK,Slow consumption of 0.5 per month over 24 months with a 46-day lead time gives a reorder point of 1.9 against the current 2.119.,APPROVED,2026-06-29
REC-001119,000000000080000163,2000,Flotation Blower Motor TYPE B SEW,IMPACT,INTERMITTENT,3,55,7.192,7.700,4.667,5.000,12.385,12.200,ROP_MAX_SAFETY_STOCK,"Stock on hand 7 is below the current reorder point 7.192. At the IMPACT service level of 95% and a 55-day lead time, the reorder point should be 7.7.",PROPOSED,2026-07-31
REC-001120,000000000080000163,1000,Flotation Blower Motor TYPE B SEW,IMPACT,INTERMITTENT,5,55,2.638,3.100,1.536,1.800,5.934,5.200,ROP_MAX_SAFETY_STOCK,"Stock on hand 2 is below the current reorder point 2.638. At the IMPACT service level of 95% and a 55-day lead time, the reorder point should be 3.1.",PROPOSED,2026-06-15
REC-001121,000000000090000039,4000,Soft Starter Power Module TYPE A SANDVIK,OBSOLETE,NO_DEMAND,0,19,0.000,,0.000,,1.000,,NO_SAFETY_STOCK,Obsolete material: no safety stock recommended. Candidate for stock reduction review.,APPROVED,2026-05-15
REC-001122,000000000080000164,1000,PLC Digital Output Card 250KW SIEMENS,IMPACT,INTERMITTENT,3,36,1.905,2.000,1.305,1.400,5.313,3.600,ROP_MAX_SAFETY_STOCK,Intermittent consumption of 0.5 per month over 24 months with a 36-day lead time gives a reorder point of 2 against the current 1.905.,PROPOSED,2026-06-11
REC-001123,000000000080000164,4000,PLC Digital Output Card 250KW SIEMENS,IMPACT,INTERMITTENT,5,36,6.627,6.600,4.599,4.600,10.514,11.700,ROP_MAX_SAFETY_STOCK,"Stock on hand 6 is below the current reorder point 6.627. At the IMPACT service level of 95% and a 36-day lead time, the reorder point should be 6.6.",APPROVED,2026-07-27
REC-001124,000000000010000735,3000,Hydraulic Power Pack 6/4 KSB,NORMAL,SLOW,2,33,0.501,1.200,0.348,0.800,3.917,2.200,ROP_MAX_SAFETY_STOCK,Stock on hand 4 exceeds the current maximum 3.917. Consumption of 0.3 per month supports a maximum of 2.2.,PROPOSED,2026-07-10
REC-001125,000000000090000040,2000,Ball Mill Trunnion Bearing DN100 SKF,OBSOLETE,NO_DEMAND,0,48,0.000,,0.000,,1.000,,NO_SAFETY_STOCK,Obsolete material: no safety stock recommended. Candidate for stock reduction review.,REJECTED,2026-08-24
REC-001126,000000000010000736,2000,Crusher Hydroset Cylinder 200MM KSB,CRITICAL,INTERMITTENT,8,145,8.958,5.100,4.016,2.300,8.958,6.800,ROP_MAX_SAFETY_STOCK,"Stock on hand 8 is below the current reorder point 8.958. At the CRITICAL service level of 98% and a 145-day lead time, the reorder point should be 5.1.",HELD,2026-08-25
REC-001127,000000000010000737,3000,Ball Mill Shell Liner Plate 10/8,NORMAL,REGULAR,12,57,140.096,81.600,23.182,13.500,209.627,190.700,ROP_MAX_SAFETY_STOCK,"Stock on hand 130 is below the current reorder point 140.096. At the NORMAL service level of 85% and a 57-day lead time, the reorder point should be 81.6.",APPROVED,2026-07-25
REC-001128,000000000010000739,3000,Flotation Blower Motor HD METSO,NORMAL,INTERMITTENT,5,49,3.996,6.400,1.928,3.100,12.105,12.500,ROP_MAX_SAFETY_STOCK,Intermittent consumption of 2.0 per month over 24 months with a 49-day lead time gives a reorder point of 6.4 against the current 3.996.,APPROVED,2026-08-21
REC-001129,000000000010000740,2000,Pressure Transmitter Assembly 150MM,IMPACT,REGULAR,11,56,15.030,20.400,4.260,5.800,78.798,44.300,ROP_MAX_SAFETY_STOCK,Regular consumption of 8.0 per month over 24 months with a 56-day lead time gives a reorder point of 20.4 against the current 15.03.,PROPOSED,2026-08-24
REC-001130,000000000010000741,4000,Ball Mill Gearbox Assembly TYPE A ABB,CRITICAL,INTERMITTENT,7,239,18.322,12.300,8.607,5.800,18.322,14.800,ROP_MAX_SAFETY_STOCK,"Stock on hand 17 is below the current reorder point 18.322. At the CRITICAL service level of 98% and a 239-day lead time, the reorder point should be 12.3.",REJECTED,2026-06-21
REC-001131,000000000030000171,4000,Agitator Shaft Seal HD METSO,CRITICAL,ON_DEMAND,1,71,0.000,11.500,0.000,7.500,0.000,16.600,OAR_TO_MIN_MAX,This OAR material is classified CRITICAL on the critical parts list. Recommend Min-Max management with a reorder point of 11.5 and a maximum of 16.6.,REJECTED,2026-06-03
REC-001132,000000000010000742,2000,Pressure Transmitter Assembly 55KW,IMPACT,SLOW,1,11,1.399,1.000,1.182,0.800,3.309,2.200,ROP_MAX_SAFETY_STOCK,Slow consumption of 0.4 per month over 24 months with a 11-day lead time gives a reorder point of 1 against the current 1.399.,APPROVED,2026-08-03
REC-001133,000000000080000165,2000,Cyclone Apex Liner 200MM METSO,IMPACT,INTERMITTENT,4,49,8.881,5.200,5.915,3.500,10.673,8.400,ROP_MAX_SAFETY_STOCK,Stock on hand 13 exceeds the current maximum 10.673. Consumption of 1.1 per month supports a maximum of 8.4.,APPROVED,2026-06-25
REC-001134,000000000010000743,4000,Variable Speed Drive Unit 110KW FLSM,INSURANCE,INTERMITTENT,6,93,16.658,9.800,7.804,4.600,22.048,14.900,ROP_MAX_SAFETY_STOCK,"Stock on hand 10 is below the current reorder point 16.658. At the INSURANCE service level of 90% and a 93-day lead time, the reorder point should be 9.8.",APPROVED,2026-08-11
REC-001135,000000000010000743,2000,Variable Speed Drive Unit 110KW FLSM,INSURANCE,INTERMITTENT,6,93,7.774,4.700,3.102,1.900,13.136,7.500,ROP_MAX_SAFETY_STOCK,Intermittent consumption of 0.9 per month over 24 months with a 93-day lead time gives a reorder point of 4.7 against the current 7.774.,APPROVED,2026-06-12
REC-001136,000000000010000744,3000,Ball Mill Shell Liner Plate 6/4 KSB,INSURANCE,INTERMITTENT,6,62,4.187,8.400,2.285,4.600,18.641,14.000,ROP_MAX_SAFETY_STOCK,"Stock on hand 2 is below the current reorder point 4.187. At the INSURANCE service level of 90% and a 62-day lead time, the reorder point should be 8.4.",APPROVED,2026-07-12
REC-001137,000000000010000745,4000,Screen Exciter Bearing TYPE A MULTOTEC,INSURANCE,SLOW,2,80,1.803,1.200,1.160,0.800,2.264,1.700,ROP_MAX_SAFETY_STOCK,Slow consumption of 0.2 per month over 24 months with a 80-day lead time gives a reorder point of 1.2 against the current 1.803.,APPROVED,2026-07-04
REC-001138,000000000010000745,3000,Screen Exciter Bearing TYPE A MULTOTEC,INSURANCE,SLOW,3,80,2.119,1.600,1.236,0.900,2.119,2.400,ROP_MAX_SAFETY_STOCK,"Stock on hand 2 is below the current reorder point 2.119. At the INSURANCE service level of 90% and a 80-day lead time, the reorder point should be 1.6.",APPROVED,2026-06-28
REC-001139,000000000010000746,3000,Soft Starter Power Module TYPE A SIEMENS,NORMAL,SLOW,3,7,0.106,0.200,0.088,0.200,0.973,0.700,ROP_MAX_SAFETY_STOCK,Stock on hand 1 exceeds the current maximum 0.973. Consumption of 0.2 per month supports a maximum of 0.7.,APPROVED,2026-06-07
REC-001140,000000000080000166,2000,Slurry Pump Mechanical Seal 250KW ABB,CRITICAL,INTERMITTENT,5,37,15.613,8.700,10.812,6.000,19.046,15.300,ROP_MAX_SAFETY_STOCK,"Stock on hand 10 is below the current reorder point 15.613. At the CRITICAL service level of 98% and a 37-day lead time, the reorder point should be 8.7.",REJECTED,2026-07-28
REC-001141,000000000080000166,3000,Slurry Pump Mechanical Seal 250KW ABB,CRITICAL,INTERMITTENT,7,37,10.140,8.200,6.886,5.600,13.551,14.700,ROP_MAX_SAFETY_STOCK,"Stock on hand 10 is below the current reorder point 10.14. At the CRITICAL service level of 98% and a 37-day lead time, the reorder point should be 8.2.",APPROVED,2026-07-28
REC-001142,000000000080000167,4000,Mill Liner DN100 METSO,IMPACT,INTERMITTENT,4,13,1.701,1.700,1.317,1.300,7.795,4.500,ROP_MAX_SAFETY_STOCK,Intermittent consumption of 0.9 per month over 24 months with a 13-day lead time gives a reorder point of 1.7 against the current 1.701.,APPROVED,2026-07-04
REC-001143,000000000030000174,1000,MCC Feeder Circuit Breaker 55KW FLSM,CRITICAL,ON_DEMAND,3,89,0.000,13.200,0.000,7.600,0.000,18.900,OAR_TO_MIN_MAX,This OAR material is classified CRITICAL on the critical parts list. Recommend Min-Max management with a reorder point of 13.2 and a maximum of 18.9.,REJECTED,2026-07-03
REC-001144,000000000030000174,2000,MCC Feeder Circuit Breaker 55KW FLSM,CRITICAL,ON_DEMAND,1,89,0.000,17.300,0.000,9.600,0.000,25.200,OAR_TO_MIN_MAX,This OAR material is classified CRITICAL on the critical parts list. Recommend Min-Max management with a reorder point of 17.3 and a maximum of 25.2.,REJECTED,2026-07-09
REC-001145,000000000010000748,4000,Crusher Hydroset Cylinder HD SANDVIK,NORMAL,INTERMITTENT,4,27,8.520,5.400,4.544,2.900,19.147,13.900,ROP_MAX_SAFETY_STOCK,Intermittent consumption of 2.8 per month over 24 months with a 27-day lead time gives a reorder point of 5.4 against the current 8.52.,REJECTED,2026-08-31
REC-001146,000000000010000749,1000,Flow Meter Sensor Head 200MM SIEMENS,CRITICAL,INTERMITTENT,0,32,11.917,7.200,9.013,5.400,19.454,12.200,ROP_MAX_SAFETY_STOCK,"Stock on hand 0 is below the current reorder point 11.917. At the CRITICAL service level of 98% and a 32-day lead time, the reorder point should be 7.2.",PROPOSED,2026-07-19
REC-001147,000000000010000750,1000,Cyclone Apex Liner 150MM KSB,NORMAL,INTERMITTENT,5,23,2.367,2.200,1.430,1.300,6.047,5.700,ROP_MAX_SAFETY_STOCK,Intermittent consumption of 1.2 per month over 24 months with a 23-day lead time gives a reorder point of 2.2 against the current 2.367.,APPROVED,2026-07-10
REC-001148,000000000080000168,2000,Centrifugal Pump Casing 55KW FLSM,CRITICAL,INTERMITTENT,4,40,4.375,2.400,3.293,1.800,5.007,3.800,ROP_MAX_SAFETY_STOCK,"Stock on hand 1 is below the current reorder point 4.375. At the CRITICAL service level of 98% and a 40-day lead time, the reorder point should be 2.4.",HELD,2026-07-21
REC-001149,000000000080000169,2000,Slurry Pump Mechanical Seal 110KW SKF,NORMAL,INTERMITTENT,6,34,4.969,4.600,2.799,2.600,16.056,10.000,ROP_MAX_SAFETY_STOCK,Intermittent consumption of 1.8 per month over 24 months with a 34-day lead time gives a reorder point of 4.6 against the current 4.969.,APPROVED,2026-08-23
REC-001150,000000000080000170,3000,Mill Liner 55KW SIEMENS,IMPACT,INTERMITTENT,4,17,1.417,1.600,1.133,1.300,3.035,3.400,ROP_MAX_SAFETY_STOCK,"Stock on hand 0 is below the current reorder point 1.417. At the IMPACT service level of 95% and a 17-day lead time, the reorder point should be 1.6.",APPROVED,2026-05-14
REC-001151,000000000010000751,2000,Valve Assembly HD SIEMENS,IMPACT,SLOW,2,41,1.220,2.400,0.872,1.700,5.179,3.900,ROP_MAX_SAFETY_STOCK,Slow consumption of 0.5 per month over 24 months with a 41-day lead time gives a reorder point of 2.4 against the current 1.22.,APPROVED,2026-08-21
REC-001152,000000000010000752,1000,Ball Mill Shell Liner Plate 110KW KSB,CRITICAL,INTERMITTENT,3,92,7.236,4.400,4.936,3.000,7.236,5.800,ROP_MAX_SAFETY_STOCK,"Stock on hand 7 is below the current reorder point 7.236. At the CRITICAL service level of 98% and a 92-day lead time, the reorder point should be 4.4.",APPROVED,2026-05-18
REC-001153,000000000010000753,3000,Pump Impeller 110KW SIEMENS,NORMAL,INTERMITTENT,3,60,8.675,6.200,4.877,3.500,13.038,10.300,ROP_MAX_SAFETY_STOCK,Stock on hand 16 exceeds the current maximum 13.038. Consumption of 1.4 per month supports a maximum of 10.3.,PROPOSED,2026-07-07
REC-001154,000000000080000171,4000,Ventilation Fan Motor 10/8 WEIR,CRITICAL,INTERMITTENT,7,84,14.092,11.400,7.836,6.300,14.340,16.900,ROP_MAX_SAFETY_STOCK,"Stock on hand 13 is below the current reorder point 14.092. At the CRITICAL service level of 98% and a 84-day lead time, the reorder point should be 11.4.",APPROVED,2026-08-03
REC-001155,000000000080000171,1000,Ventilation Fan Motor 10/8 WEIR,CRITICAL,INTERMITTENT,7,84,25.107,17.000,12.832,8.700,44.517,26.000,ROP_MAX_SAFETY_STOCK,"Stock on hand 17 is below the current reorder point 25.107. At the CRITICAL service level of 98% and a 84-day lead time, the reorder point should be 17.",APPROVED,2026-08-31
REC-001156,000000000010000755,3000,Thickener Rake Drive Gearbox 10/8,INSURANCE,INTERMITTENT,7,140,12.885,8.400,4.137,2.700,15.717,12.200,ROP_MAX_SAFETY_STOCK,"Stock on hand 7 is below the current reorder point 12.885. At the INSURANCE service level of 90% and a 140-day lead time, the reorder point should be 8.4.",REJECTED,2026-06-16
REC-001157,000000000010000756,2000,Apron Feeder Gear Reducer 55KW ABB,CRITICAL,INTERMITTENT,6,149,2.773,5.000,1.292,2.300,10.228,6.600,ROP_MAX_SAFETY_STOCK,"Stock on hand 0 is below the current reorder point 2.773. At the CRITICAL service level of 98% and a 149-day lead time, the reorder point should be 5.",APPROVED,2026-08-12
REC-001158,000000000010000756,4000,Apron Feeder Gear Reducer 55KW ABB,CRITICAL,INTERMITTENT,6,149,12.156,9.500,5.917,4.600,22.177,12.500,ROP_MAX_SAFETY_STOCK,"Stock on hand 8 is below the current reorder point 12.156. At the CRITICAL service level of 98% and a 149-day lead time, the reorder point should be 9.5.",APPROVED,2026-05-21
REC-001159,000000000080000172,2000,Flow Meter Sensor Head 6/4 SIEMENS,CRITICAL,INTERMITTENT,6,103,24.435,13.800,13.685,7.700,24.435,19.200,ROP_MAX_SAFETY_STOCK,Stock on hand 29 exceeds the current maximum 24.435. Consumption of 1.8 per month supports a maximum of 19.2.,APPROVED,2026-08-04
REC-001160,000000000010000757,1000,Pump Impeller 110KW SIEMENS,INSURANCE,INTERMITTENT,4,238,7.012,5.100,2.500,1.800,7.012,6.300,ROP_MAX_SAFETY_STOCK,"Stock on hand 6 is below the current reorder point 7.012. At the INSURANCE service level of 90% and a 238-day lead time, the reorder point should be 5.1.",HELD,2026-07-16
REC-001161,000000000010000757,4000,Pump Impeller 110KW SIEMENS,INSURANCE,INTERMITTENT,4,238,4.170,5.100,1.487,1.800,7.768,6.300,ROP_MAX_SAFETY_STOCK,"Stock on hand 4 is below the current reorder point 4.17. At the INSURANCE service level of 90% and a 238-day lead time, the reorder point should be 5.1.",HELD,2026-08-13
REC-001162,000000000010000758,4000,Conveyor Drive Motor 150MM METSO,IMPACT,INTERMITTENT,4,47,4.035,7.400,2.566,4.700,20.393,12.700,ROP_MAX_SAFETY_STOCK,Intermittent consumption of 1.8 per month over 24 months with a 47-day lead time gives a reorder point of 7.4 against the current 4.035.,HELD,2026-08-22
REC-001163,000000000010000759,1000,Valve Assembly TYPE B MULTOTEC,CRITICAL,SLOW,4,78,2.698,1.900,1.939,1.400,3.637,2.500,ROP_MAX_SAFETY_STOCK,Slow consumption of 0.2 per month over 24 months with a 78-day lead time gives a reorder point of 1.9 against the current 2.698.,PROPOSED,2026-05-14
REC-001164,000000000080000173,4000,Valve Assembly DN100 ABB,IMPACT,INTERMITTENT,3,11,2.340,2.300,1.843,1.800,9.429,6.300,ROP_MAX_SAFETY_STOCK,Intermittent consumption of 1.3 per month over 24 months with a 11-day lead time gives a reorder point of 2.3 against the current 2.34.,REJECTED,2026-05-23
REC-001165,000000000080000173,2000,Valve Assembly DN100 ABB,IMPACT,INTERMITTENT,5,11,2.372,2.800,1.806,2.100,8.501,8.300,ROP_MAX_SAFETY_STOCK,Intermittent consumption of 1.8 per month over 24 months with a 11-day lead time gives a reorder point of 2.8 against the current 2.372.,APPROVED,2026-08-25
REC-001166,000000000010000760,4000,Apron Feeder Gear Reducer 8/6 WEIR,NORMAL,INTERMITTENT,6,47,4.882,5.900,2.543,3.100,17.753,11.400,ROP_MAX_SAFETY_STOCK,Intermittent consumption of 1.8 per month over 24 months with a 47-day lead time gives a reorder point of 5.9 against the current 4.882.,PROPOSED,2026-08-12
REC-001167,000000000010000760,2000,Apron Feeder Gear Reducer 8/6 WEIR,NORMAL,INTERMITTENT,4,47,2.873,5.100,1.399,2.500,18.212,10.200,ROP_MAX_SAFETY_STOCK,Intermittent consumption of 1.7 per month over 24 months with a 47-day lead time gives a reorder point of 5.1 against the current 2.873.,HELD,2026-08-24
REC-001168,000000000010000761,4000,Pressure Transmitter Assembly 10/8,CRITICAL,INTERMITTENT,6,174,7.676,5.600,3.429,2.500,7.676,7.200,ROP_MAX_SAFETY_STOCK,"Stock on hand 7 is below the current reorder point 7.676. At the CRITICAL service level of 98% and a 174-day lead time, the reorder point should be 5.6.",REJECTED,2026-08-17
REC-001169,000000000010000761,1000,Pressure Transmitter Assembly 10/8,CRITICAL,INTERMITTENT,7,174,10.150,12.700,3.657,4.600,22.737,16.900,ROP_MAX_SAFETY_STOCK,"Stock on hand 7 is below the current reorder point 10.15. At the CRITICAL service level of 98% and a 174-day lead time, the reorder point should be 12.7.",APPROVED,2026-08-14
REC-001170,000000000010000762,2000,Mill Liner 250KW SEW,INSURANCE,INTERMITTENT,3,213,11.402,13.800,4.212,5.100,17.282,17.600,ROP_MAX_SAFETY_STOCK,"Stock on hand 11 is below the current reorder point 11.402. At the INSURANCE service level of 90% and a 213-day lead time, the reorder point should be 13.8.",REJECTED,2026-06-07
REC-001171,000000000080000174,1000,Slurry Pump Wet End Assembly 110KW SKF,IMPACT,INTERMITTENT,5,17,1.766,1.400,1.350,1.100,4.332,3.300,ROP_MAX_SAFETY_STOCK,Intermittent consumption of 0.6 per month over 24 months with a 17-day lead time gives a reorder point of 1.4 against the current 1.766.,REJECTED,2026-06-29
REC-001172,000000000010000763,1000,Slurry Density Transmitter DN150 SANDVIK,CRITICAL,SLOW,3,83,3.091,2.400,2.053,1.600,4.845,3.300,ROP_MAX_SAFETY_STOCK,Stock on hand 5 exceeds the current maximum 4.845. Consumption of 0.3 per month supports a maximum of 3.3.,APPROVED,2026-07-10
REC-001173,000000000010000763,3000,Slurry Density Transmitter DN150 SANDVIK,CRITICAL,SLOW,4,83,2.865,2.200,1.970,1.500,2.865,3.000,ROP_MAX_SAFETY_STOCK,Stock on hand 3 exceeds the current maximum 2.865. Consumption of 0.2 per month supports a maximum of 3.,HELD,2026-08-29
REC-001174,000000000090000041,2000,Apron Feeder Gear Reducer 250MM KSB,OBSOLETE,NO_DEMAND,0,17,0.000,,0.000,,1.000,,NO_SAFETY_STOCK,Obsolete material: no safety stock recommended. Candidate for stock reduction review.,APPROVED,2026-06-05
REC-001175,000000000010000764,1000,Slurry Density Transmitter HD,INSURANCE,REGULAR,12,97,29.124,29.600,4.422,4.500,47.376,53.200,ROP_MAX_SAFETY_STOCK,"Stock on hand 12 is below the current reorder point 29.124. At the INSURANCE service level of 90% and a 97-day lead time, the reorder point should be 29.6.",APPROVED,2026-05-23
REC-001176,000000000010000764,4000,Slurry Density Transmitter HD,INSURANCE,REGULAR,11,97,89.362,56.900,13.543,8.600,180.224,102.400,ROP_MAX_SAFETY_STOCK,Regular consumption of 15.2 per month over 24 months with a 97-day lead time gives a reorder point of 56.9 against the current 89.362.,APPROVED,2026-06-27
REC-001177,000000000080000175,3000,Hydraulic Power Pack 55KW MULTOTEC,NORMAL,INTERMITTENT,4,26,2.759,2.000,1.526,1.100,4.961,5.000,ROP_MAX_SAFETY_STOCK,"Stock on hand 1 is below the current reorder point 2.759. At the NORMAL service level of 85% and a 26-day lead time, the reorder point should be 2.",APPROVED,2026-07-26
REC-001178,000000000080000175,2000,Hydraulic Power Pack 55KW MULTOTEC,NORMAL,INTERMITTENT,5,26,1.471,1.100,0.936,0.700,4.209,2.600,ROP_MAX_SAFETY_STOCK,Intermittent consumption of 0.5 per month over 24 months with a 26-day lead time gives a reorder point of 1.1 against the current 1.471.,HELD,2026-07-25
REC-001179,000000000010000765,2000,Conveyor Take-Up Pulley TYPE A SIEMENS,INSURANCE,INTERMITTENT,5,197,6.160,4.300,2.332,1.600,6.160,5.500,ROP_MAX_SAFETY_STOCK,Stock on hand 8 exceeds the current maximum 6.16. Consumption of 0.4 per month supports a maximum of 5.5.,APPROVED,2026-08-11
REC-001180,000000000010000766,2000,Ball Mill Gearbox Assembly DN100 FLSM,INSURANCE,INTERMITTENT,4,44,6.299,5.700,3.737,3.400,15.682,10.600,ROP_MAX_SAFETY_STOCK,Intermittent consumption of 1.6 per month over 24 months with a 44-day lead time gives a reorder point of 5.7 against the current 6.299.,HELD,2026-05-19
REC-001181,000000000010000766,3000,Ball Mill Gearbox Assembly DN100 FLSM,INSURANCE,INTERMITTENT,3,44,1.933,1.900,1.208,1.200,6.058,3.400,ROP_MAX_SAFETY_STOCK,"Stock on hand 1 is below the current reorder point 1.933. At the INSURANCE service level of 90% and a 44-day lead time, the reorder point should be 1.9.",APPROVED,2026-08-29
REC-001182,000000000010000767,1000,Conveyor Drive Motor 8/6 SANDVIK,NORMAL,REGULAR,12,33,53.352,52.000,8.000,7.800,283.734,174.200,ROP_MAX_SAFETY_STOCK,Regular consumption of 40.8 per month over 24 months with a 33-day lead time gives a reorder point of 52 against the current 53.352.,APPROVED,2026-05-20
REC-001183,000000000010000768,3000,Hydraulic Pump Assembly 250MM SIEMENS,INSURANCE,REGULAR,12,134,202.000,120.700,27.018,16.100,202.000,191.900,ROP_MAX_SAFETY_STOCK,"Stock on hand 90 is below the current reorder point 202. At the INSURANCE service level of 90% and a 134-day lead time, the reorder point should be 120.7.",REJECTED,2026-07-11
REC-001184,000000000030000177,2000,Ball Mill Shell Liner Plate 10/8 KSB,IMPACT,ON_DEMAND,1,31,0.000,4.300,0.000,3.300,0.000,7.200,OAR_TO_MIN_MAX,This OAR material is classified IMPACT on the critical parts list. Recommend Min-Max management with a reorder point of 4.3 and a maximum of 7.2.,PROPOSED,2026-05-31
REC-001185,000000000010000769,1000,Spherical Roller Bearing 6/4 SIEMENS,CRITICAL,INTERMITTENT,0,62,12.620,10.700,7.796,6.600,28.112,16.700,ROP_MAX_SAFETY_STOCK,"Stock on hand 0 is below the current reorder point 12.62. At the CRITICAL service level of 98% and a 62-day lead time, the reorder point should be 10.7.",REJECTED,2026-07-05
REC-001186,000000000080000176,1000,Ball Mill Shell Liner Plate 10/8 ABB,IMPACT,INTERMITTENT,5,52,3.375,2.500,2.178,1.600,3.375,4.000,ROP_MAX_SAFETY_STOCK,"Stock on hand 2 is below the current reorder point 3.375. At the IMPACT service level of 95% and a 52-day lead time, the reorder point should be 2.5.",APPROVED,2026-08-04
REC-001187,000000000010000770,2000,Gland Packing Seal Ring 150MM WEIR,NORMAL,REGULAR,12,52,68.653,43.300,14.435,9.100,97.540,103.300,ROP_MAX_SAFETY_STOCK,"Stock on hand 61 is below the current reorder point 68.653. At the NORMAL service level of 85% and a 52-day lead time, the reorder point should be 43.3.",APPROVED,2026-05-13
REC-001188,000000000010000771,1000,Centrifugal Pump Casing 8/6 KSB,NORMAL,INTERMITTENT,3,50,1.461,2.300,0.840,1.300,5.694,4.000,ROP_MAX_SAFETY_STOCK,Intermittent consumption of 0.6 per month over 24 months with a 50-day lead time gives a reorder point of 2.3 against the current 1.461.,APPROVED,2026-05-29
REC-001189,000000000080000177,4000,Slurry Density Transmitter TYPE A FLSM,IMPACT,INTERMITTENT,4,57,10.365,7.200,6.782,4.700,11.269,11.200,ROP_MAX_SAFETY_STOCK,Stock on hand 12 exceeds the current maximum 11.269. Consumption of 1.3 per month supports a maximum of 11.2.,APPROVED,2026-08-14
REC-001190,000000000080000177,1000,Slurry Density Transmitter TYPE A FLSM,IMPACT,INTERMITTENT,3,57,4.448,2.900,3.026,2.000,6.128,4.400,ROP_MAX_SAFETY_STOCK,Stock on hand 10 exceeds the current maximum 6.128. Consumption of 0.5 per month supports a maximum of 4.4.,APPROVED,2026-06-04
REC-001191,000000000010000772,3000,Flow Meter Sensor Head 250MM MULTOTEC,NORMAL,SLOW,2,43,1.698,1.400,1.130,0.900,2.438,2.400,ROP_MAX_SAFETY_STOCK,Slow consumption of 0.3 per month over 24 months with a 43-day lead time gives a reorder point of 1.4 against the current 1.698.,APPROVED,2026-06-25
REC-001192,000000000080000178,1000,Conveyor Take-Up Pulley 110KW WEIR,IMPACT,INTERMITTENT,3,14,1.924,3.100,1.509,2.400,9.878,7.500,ROP_MAX_SAFETY_STOCK,Intermittent consumption of 1.5 per month over 24 months with a 14-day lead time gives a reorder point of 3.1 against the current 1.924.,PROPOSED,2026-06-12
REC-001193,000000000010000774,2000,Flotation Blower Motor DN100 KSB,INSURANCE,INTERMITTENT,7,182,4.158,5.300,1.219,1.600,6.123,7.200,ROP_MAX_SAFETY_STOCK,"Stock on hand 4 is below the current reorder point 4.158. At the INSURANCE service level of 90% and a 182-day lead time, the reorder point should be 5.3.",APPROVED,2026-08-22
REC-001194,000000000010000774,3000,Flotation Blower Motor DN100 KSB,INSURANCE,INTERMITTENT,5,182,10.514,8.700,3.869,3.200,15.863,11.400,ROP_MAX_SAFETY_STOCK,Intermittent consumption of 0.9 per month over 24 months with a 182-day lead time gives a reorder point of 8.7 against the current 10.514.,APPROVED,2026-08-21
REC-001195,000000000010000775,3000,Thickener Rake Drive Gearbox 6/4 METSO,NORMAL,REGULAR,11,12,3.469,6.800,0.862,1.700,48.624,45.700,ROP_MAX_SAFETY_STOCK,Regular consumption of 13.0 per month over 24 months with a 12-day lead time gives a reorder point of 6.8 against the current 3.469.,HELD,2026-07-21
REC-001196,000000000010000775,1000,Thickener Rake Drive Gearbox 6/4 METSO,NORMAL,REGULAR,10,12,6.421,10.100,1.606,2.500,90.617,68.100,ROP_MAX_SAFETY_STOCK,Regular consumption of 19.3 per month over 24 months with a 12-day lead time gives a reorder point of 10.1 against the current 6.421.,PROPOSED,2026-08-26
REC-001197,000000000010000776,4000,Thickener Rake Seal Kit 150MM SANDVIK,NORMAL,REGULAR,10,16,11.304,9.800,3.419,3.000,38.212,48.800,ROP_MAX_SAFETY_STOCK,Regular consumption of 13.0 per month over 24 months with a 16-day lead time gives a reorder point of 9.8 against the current 11.304.,PROPOSED,2026-07-27
REC-001198,000000000010000776,2000,Thickener Rake Seal Kit 150MM SANDVIK,NORMAL,REGULAR,12,16,45.984,26.900,12.679,7.400,182.704,138.400,ROP_MAX_SAFETY_STOCK,Regular consumption of 37.2 per month over 24 months with a 16-day lead time gives a reorder point of 26.9 against the current 45.984.,APPROVED,2026-07-05
REC-001199,000000000010000777,2000,Conveyor Drive Gearbox 6/4 KSB,INSURANCE,REGULAR,11,41,46.146,36.500,8.836,7.000,170.817,102.200,ROP_MAX_SAFETY_STOCK,Regular consumption of 21.9 per month over 24 months with a 41-day lead time gives a reorder point of 36.5 against the current 46.146.,APPROVED,2026-07-08
REC-001200,000000000010000778,4000,Ball Mill Trunnion Bearing DN100 SANDVIK,CRITICAL,INTERMITTENT,7,146,14.243,17.000,8.385,10.000,16.691,21.400,ROP_MAX_SAFETY_STOCK,"Stock on hand 11 is below the current reorder point 14.243. At the CRITICAL service level of 98% and a 146-day lead time, the reorder point should be 17.",PROPOSED,2026-05-12
REC-001201,000000000080000179,1000,Soft Starter Power Module HD ABB,IMPACT,INTERMITTENT,5,45,3.038,2.300,2.117,1.600,4.636,3.700,ROP_MAX_SAFETY_STOCK,"Stock on hand 3 is below the current reorder point 3.038. At the IMPACT service level of 95% and a 45-day lead time, the reorder point should be 2.3.",APPROVED,2026-06-25
REC-001202,000000000080000179,4000,Soft Starter Power Module HD ABB,IMPACT,INTERMITTENT,7,45,10.050,9.700,6.214,6.000,25.069,17.200,ROP_MAX_SAFETY_STOCK,"Stock on hand 7 is below the current reorder point 10.05. At the IMPACT service level of 95% and a 45-day lead time, the reorder point should be 9.7.",APPROVED,2026-06-06
REC-001203,000000000010000780,3000,Variable Speed Drive Unit 55KW MULTOTEC,INSURANCE,SLOW,5,95,1.432,1.600,0.846,0.900,1.761,2.200,ROP_MAX_SAFETY_STOCK,"Stock on hand 1 is below the current reorder point 1.432. At the INSURANCE service level of 90% and a 95-day lead time, the reorder point should be 1.6.",APPROVED,2026-05-29
REC-001204,000000000010000781,2000,Thickener Rake Drive Gearbox 110KW FLSM,CRITICAL,INTERMITTENT,4,166,10.341,15.500,4.894,7.300,32.226,20.000,ROP_MAX_SAFETY_STOCK,Intermittent consumption of 1.5 per month over 24 months with a 166-day lead time gives a reorder point of 15.5 against the current 10.341.,REJECTED,2026-06-28
REC-001205,000000000010000782,3000,Slurry Pump Wet End Assembly 250KW,NORMAL,REGULAR,12,14,18.698,11.900,5.019,3.200,101.572,68.500,ROP_MAX_SAFETY_STOCK,Regular consumption of 18.9 per month over 24 months with a 14-day lead time gives a reorder point of 11.9 against the current 18.698.,APPROVED,2026-07-14
REC-001206,000000000010000783,1000,Mill Lube Pump Motor 6/4 METSO,CRITICAL,INTERMITTENT,5,37,8.072,4.700,5.898,3.400,12.885,7.800,ROP_MAX_SAFETY_STOCK,Stock on hand 13 exceeds the current maximum 12.885. Consumption of 1.0 per month supports a maximum of 7.8.,PROPOSED,2026-06-14
REC-001207,000000000010000784,4000,Conveyor Drive Gearbox TYPE A SEW,INSURANCE,REGULAR,11,60,16.004,26.300,2.736,4.500,51.850,59.400,ROP_MAX_SAFETY_STOCK,"Stock on hand 11 is below the current reorder point 16.004. At the INSURANCE service level of 90% and a 60-day lead time, the reorder point should be 26.3.",APPROVED,2026-06-24
REC-001208,000000000010000785,4000,Belt Scraper Blade Cartridge 55KW METSO,NORMAL,INTERMITTENT,3,11,0.740,0.500,0.566,0.400,2.505,1.600,ROP_MAX_SAFETY_STOCK,Stock on hand 3 exceeds the current maximum 2.505. Consumption of 0.4 per month supports a maximum of 1.6.,REJECTED,2026-07-16
REC-001209,000000000030000180,4000,PLC Digital Output Card 150MM METSO,IMPACT,ON_DEMAND,0,52,0.000,6.900,0.000,4.500,0.000,11.200,OAR_TO_MIN_MAX,This OAR material is classified IMPACT on the critical parts list. Recommend Min-Max management with a reorder point of 6.9 and a maximum of 11.2.,APPROVED,2026-08-30
REC-001210,000000000030000180,1000,PLC Digital Output Card 150MM METSO,IMPACT,ON_DEMAND,1,52,0.000,10.200,0.000,6.300,0.000,17.100,OAR_TO_MIN_MAX,This OAR material is classified IMPACT on the critical parts list. Recommend Min-Max management with a reorder point of 10.2 and a maximum of 17.1.,PROPOSED,2026-06-03
REC-001211,000000000080000180,3000,Crusher Main Shaft Bearing HD ABB,NORMAL,INTERMITTENT,3,60,6.705,4.900,3.578,2.600,13.725,8.400,ROP_MAX_SAFETY_STOCK,Intermittent consumption of 1.2 per month over 24 months with a 60-day lead time gives a reorder point of 4.9 against the current 6.705.,HELD,2026-06-26
REC-001212,000000000080000180,1000,Crusher Main Shaft Bearing HD ABB,NORMAL,INTERMITTENT,8,60,10.000,7.500,4.844,3.600,23.225,13.400,ROP_MAX_SAFETY_STOCK,Intermittent consumption of 2.0 per month over 24 months with a 60-day lead time gives a reorder point of 7.5 against the current 10.,APPROVED,2026-05-19
REC-001213,000000000010000786,1000,Flotation Cell Impeller DN100 SKF,IMPACT,INTERMITTENT,3,54,5.602,4.700,3.471,2.900,7.384,7.700,ROP_MAX_SAFETY_STOCK,Stock on hand 12 exceeds the current maximum 7.384. Consumption of 1.0 per month supports a maximum of 7.7.,APPROVED,2026-05-19
REC-001214,000000000010000787,3000,Screen Exciter Bearing 10/8 SIEMENS,NORMAL,INTERMITTENT,2,24,3.954,2.200,2.552,1.400,6.507,5.200,ROP_MAX_SAFETY_STOCK,"Stock on hand 0 is below the current reorder point 3.954. At the NORMAL service level of 85% and a 24-day lead time, the reorder point should be 2.2.",PROPOSED,2026-08-26
REC-001215,000000000010000787,2000,Screen Exciter Bearing 10/8 SIEMENS,NORMAL,INTERMITTENT,4,24,1.860,2.000,1.209,1.300,7.415,4.600,ROP_MAX_SAFETY_STOCK,Intermittent consumption of 0.9 per month over 24 months with a 24-day lead time gives a reorder point of 2 against the current 1.86.,APPROVED,2026-06-03
REC-001216,000000000010000788,4000,Slurry Density Transmitter 10/8 SANDVIK,NORMAL,REGULAR,10,48,74.595,64.900,13.200,11.500,183.697,166.500,ROP_MAX_SAFETY_STOCK,"Stock on hand 50 is below the current reorder point 74.595. At the NORMAL service level of 85% and a 48-day lead time, the reorder point should be 64.9.",PROPOSED,2026-07-09
REC-001217,000000000010000789,3000,Hydraulic Pump Assembly DN150 SEW,IMPACT,SLOW,5,8,0.820,0.500,0.675,0.400,1.061,1.500,ROP_MAX_SAFETY_STOCK,Slow consumption of 0.3 per month over 24 months with a 8-day lead time gives a reorder point of 0.5 against the current 0.82.,APPROVED,2026-07-06
REC-001218,000000000010000789,1000,Hydraulic Pump Assembly DN150 SEW,IMPACT,SLOW,3,8,0.687,0.400,0.594,0.300,0.751,1.000,ROP_MAX_SAFETY_STOCK,Stock on hand 1 exceeds the current maximum 0.751. Consumption of 0.2 per month supports a maximum of 1.,PROPOSED,2026-06-16
REC-001219,000000000010000790,2000,Skirt Rubber Liner Section 250MM WEIR,INSURANCE,SLOW,1,124,1.892,1.900,1.057,1.100,1.892,2.500,ROP_MAX_SAFETY_STOCK,Stock on hand 3 exceeds the current maximum 1.892. Consumption of 0.2 per month supports a maximum of 2.5.,APPROVED,2026-05-29
REC-001220,000000000030000181,1000,Conveyor Idler Roller Set 250KW SEW,CRITICAL,ON_DEMAND,1,81,0.000,9.000,0.000,5.900,0.000,12.500,OAR_TO_MIN_MAX,This OAR material is classified CRITICAL on the critical parts list. Recommend Min-Max management with a reorder point of 9 and a maximum of 12.5.,APPROVED,2026-07-25
REC-001221,000000000010000791,4000,Variable Speed Drive Unit 10/8 SEW,CRITICAL,INTERMITTENT,0,147,23.645,13.100,12.095,6.700,25.962,17.100,ROP_MAX_SAFETY_STOCK,"Stock on hand 0 is below the current reorder point 23.645. At the CRITICAL service level of 98% and a 147-day lead time, the reorder point should be 13.1.",PROPOSED,2026-05-25
REC-001222,000000000010000792,2000,Cyclone Apex Liner 200MM WEIR,CRITICAL,REGULAR,12,127,97.211,82.600,18.491,15.700,99.173,130.700,ROP_MAX_SAFETY_STOCK,"Stock on hand 37 is below the current reorder point 97.211. At the CRITICAL service level of 98% and a 127-day lead time, the reorder point should be 82.6.",APPROVED,2026-06-10
REC-001223,000000000010000793,1000,Slurry Density Transmitter 10/8 SEW,CRITICAL,INTERMITTENT,0,70,24.451,14.100,14.926,8.600,24.451,21.200,ROP_MAX_SAFETY_STOCK,"Stock on hand 0 is below the current reorder point 24.451. At the CRITICAL service level of 98% and a 70-day lead time, the reorder point should be 14.1.",REJECTED,2026-05-15
REC-001224,000000000080000181,2000,Ball Mill Gearbox Assembly TYPE A KSB,CRITICAL,INTERMITTENT,6,91,8.921,6.300,5.560,3.900,11.636,8.700,ROP_MAX_SAFETY_STOCK,"Stock on hand 8 is below the current reorder point 8.921. At the CRITICAL service level of 98% and a 91-day lead time, the reorder point should be 6.3.",PROPOSED,2026-07-08
REC-001225,000000000010000795,1000,Centrifugal Pump Casing 10/8 ABB,CRITICAL,SLOW,1,81,2.943,2.200,2.031,1.500,3.506,3.000,ROP_MAX_SAFETY_STOCK,Stock on hand 4 exceeds the current maximum 3.506. Consumption of 0.2 per month supports a maximum of 3.,REJECTED,2026-07-17
REC-001226,000000000080000182,3000,Conveyor Pulley Bearing TYPE B MULTOTEC,IMPACT,INTERMITTENT,5,29,4.094,3.900,2.825,2.700,13.892,7.800,ROP_MAX_SAFETY_STOCK,"Stock on hand 2 is below the current reorder point 4.094. At the IMPACT service level of 95% and a 29-day lead time, the reorder point should be 3.9.",HELD,2026-07-25
REC-001227,000000000010000797,3000,Slurry Density Transmitter 8/6 KSB,CRITICAL,REGULAR,12,59,148.536,101.500,38.757,26.500,243.376,217.500,ROP_MAX_SAFETY_STOCK,Regular consumption of 38.7 per month over 24 months with a 59-day lead time gives a reorder point of 101.5 against the current 148.536.,REJECTED,2026-07-31
REC-001228,000000000010000798,4000,Conveyor Take-Up Pulley 10/8 SIEMENS,NORMAL,REGULAR,11,19,3.423,8.300,0.813,2.000,47.056,38.500,ROP_MAX_SAFETY_STOCK,Regular consumption of 10.1 per month over 24 months with a 19-day lead time gives a reorder point of 8.3 against the current 3.423.,HELD,2026-08-25
REC-001229,000000000010000798,2000,Conveyor Take-Up Pulley 10/8 SIEMENS,NORMAL,REGULAR,11,19,59.179,34.100,13.368,7.700,254.687,161.100,ROP_MAX_SAFETY_STOCK,Regular consumption of 42.3 per month over 24 months with a 19-day lead time gives a reorder point of 34.1 against the current 59.179.,APPROVED,2026-06-22
REC-001230,000000000030000182,1000,Pressure Transmitter Assembly DN150 KSB,IMPACT,ON_DEMAND,1,31,0.000,2.400,0.000,1.700,0.000,4.500,OAR_TO_MIN_MAX,This OAR material is classified IMPACT on the critical parts list. Recommend Min-Max management with a reorder point of 2.4 and a maximum of 4.5.,PROPOSED,2026-07-25
REC-001231,000000000030000182,3000,Pressure Transmitter Assembly DN150 KSB,IMPACT,ON_DEMAND,0,31,0.000,5.100,0.000,3.700,0.000,9.200,OAR_TO_MIN_MAX,This OAR material is classified IMPACT on the critical parts list. Recommend Min-Max management with a reorder point of 5.1 and a maximum of 9.2.,PROPOSED,2026-06-28
REC-001232,000000000030000184,1000,Slurry Density Transmitter HD KSB,IMPACT,ON_DEMAND,2,15,0.000,1.500,0.000,1.200,0.000,3.200,OAR_TO_MIN_MAX,This OAR material is classified IMPACT on the critical parts list. Recommend Min-Max management with a reorder point of 1.5 and a maximum of 3.2.,APPROVED,2026-05-18
REC-001233,000000000010000799,1000,Belt Scraper Blade Cartridge 6/4 WEIR,CRITICAL,INTERMITTENT,0,131,8.111,16.400,4.204,8.500,36.427,21.900,ROP_MAX_SAFETY_STOCK,"Stock on hand 0 is below the current reorder point 8.111. At the CRITICAL service level of 98% and a 131-day lead time, the reorder point should be 16.4.",APPROVED,2026-07-06
REC-001234,000000000080000183,1000,Apron Feeder Gear Reducer 8/6 SANDVIK,NORMAL,INTERMITTENT,3,52,5.495,5.900,2.995,3.200,15.137,10.700,ROP_MAX_SAFETY_STOCK,Intermittent consumption of 1.6 per month over 24 months with a 52-day lead time gives a reorder point of 5.9 against the current 5.495.,APPROVED,2026-05-18
REC-001235,000000000080000183,3000,Apron Feeder Gear Reducer 8/6 SANDVIK,NORMAL,INTERMITTENT,5,52,5.071,6.300,2.577,3.200,16.794,11.800,ROP_MAX_SAFETY_STOCK,Intermittent consumption of 1.8 per month over 24 months with a 52-day lead time gives a reorder point of 6.3 against the current 5.071.,PROPOSED,2026-07-29
REC-001236,000000000010000801,3000,Pump Impeller DN100 SKF,INSURANCE,INTERMITTENT,3,148,9.634,10.200,4.242,4.500,11.172,13.700,ROP_MAX_SAFETY_STOCK,"Stock on hand 8 is below the current reorder point 9.634. At the INSURANCE service level of 90% and a 148-day lead time, the reorder point should be 10.2.",APPROVED,2026-05-19
REC-001237,000000000080000184,3000,Cyclone Apex Liner 200MM SIEMENS,IMPACT,INTERMITTENT,3,54,6.353,9.000,4.034,5.700,15.906,14.500,ROP_MAX_SAFETY_STOCK,Intermittent consumption of 1.8 per month over 24 months with a 54-day lead time gives a reorder point of 9 against the current 6.353.,APPROVED,2026-05-17
REC-001238,000000000010000802,2000,Gland Packing Seal Ring 110KW SEW,CRITICAL,INTERMITTENT,0,79,7.212,6.300,4.376,3.800,15.137,9.200,ROP_MAX_SAFETY_STOCK,"Stock on hand 0 is below the current reorder point 7.212. At the CRITICAL service level of 98% and a 79-day lead time, the reorder point should be 6.3.",APPROVED,2026-06-09
REC-001239,000000000010000803,1000,Hydraulic Pump Assembly 200MM SEW,INSURANCE,INTERMITTENT,6,183,9.126,8.700,3.352,3.200,15.423,11.400,ROP_MAX_SAFETY_STOCK,Intermittent consumption of 0.9 per month over 24 months with a 183-day lead time gives a reorder point of 8.7 against the current 9.126.,APPROVED,2026-05-27
REC-001240,000000000010000804,3000,Flotation Cell Impeller DN150 ABB,NORMAL,INTERMITTENT,4,15,3.799,2.300,2.470,1.500,8.727,7.300,ROP_MAX_SAFETY_STOCK,Intermittent consumption of 1.7 per month over 24 months with a 15-day lead time gives a reorder point of 2.3 against the current 3.799.,REJECTED,2026-06-17
REC-001241,000000000010000805,1000,Spherical Roller Bearing 110KW SIEMENS,INSURANCE,INTERMITTENT,4,88,19.083,11.200,9.861,5.800,23.615,16.800,ROP_MAX_SAFETY_STOCK,Intermittent consumption of 1.9 per month over 24 months with a 88-day lead time gives a reorder point of 11.2 against the current 19.083.,APPROVED,2026-09-01
REC-001242,000000000010000806,2000,Ventilation Fan Motor 6/4 SKF,INSURANCE,INTERMITTENT,5,124,2.231,2.800,1.017,1.300,3.937,3.900,ROP_MAX_SAFETY_STOCK,Intermittent consumption of 0.4 per month over 24 months with a 124-day lead time gives a reorder point of 2.8 against the current 2.231.,REJECTED,2026-06-26
REC-001243,000000000010000807,2000,Pump Impeller TYPE A METSO,NORMAL,INTERMITTENT,3,46,3.268,5.500,1.837,3.100,7.365,10.200,ROP_MAX_SAFETY_STOCK,Intermittent consumption of 1.6 per month over 24 months with a 46-day lead time gives a reorder point of 5.5 against the current 3.268.,APPROVED,2026-07-10
REC-001244,000000000010000808,3000,Slurry Density Transmitter TYPE A FLSM,NORMAL,REGULAR,11,41,27.153,54.600,5.473,11.000,157.842,151.600,ROP_MAX_SAFETY_STOCK,"Stock on hand 0 is below the current reorder point 27.153. At the NORMAL service level of 85% and a 41-day lead time, the reorder point should be 54.6.",REJECTED,2026-06-23
REC-001245,000000000010000809,3000,Spherical Roller Bearing 10/8 SIEMENS,CRITICAL,INTERMITTENT,7,87,14.976,9.100,8.531,5.200,18.655,13.200,ROP_MAX_SAFETY_STOCK,"Stock on hand 13 is below the current reorder point 14.976. At the CRITICAL service level of 98% and a 87-day lead time, the reorder point should be 9.1.",APPROVED,2026-08-08
REC-001246,000000000030000187,1000,MCC Feeder Circuit Breaker 10/8 MULTOTEC,CRITICAL,ON_DEMAND,0,73,0.000,6.900,0.000,4.600,0.000,9.800,OAR_TO_MIN_MAX,This OAR material is classified CRITICAL on the critical parts list. Recommend Min-Max management with a reorder point of 6.9 and a maximum of 9.8.,APPROVED,2026-07-14
REC-001247,000000000010000811,4000,Crusher Main Shaft Bearing 110KW FLSM,IMPACT,SLOW,2,48,2.754,2.400,1.991,1.700,3.788,3.600,ROP_MAX_SAFETY_STOCK,Stock on hand 4 exceeds the current maximum 3.788. Consumption of 0.4 per month supports a maximum of 3.6.,APPROVED,2026-05-26
REC-001248,000000000010000811,1000,Crusher Main Shaft Bearing 110KW FLSM,IMPACT,SLOW,1,48,0.608,0.700,0.496,0.600,1.078,0.900,ROP_MAX_SAFETY_STOCK,Slow consumption of 0.1 per month over 24 months with a 48-day lead time gives a reorder point of 0.7 against the current 0.608.,PROPOSED,2026-08-31
REC-001249,000000000010000812,1000,Valve Assembly 200MM METSO,CRITICAL,INTERMITTENT,0,74,15.670,9.500,10.495,6.400,19.123,13.400,ROP_MAX_SAFETY_STOCK,"Stock on hand 0 is below the current reorder point 15.67. At the CRITICAL service level of 98% and a 74-day lead time, the reorder point should be 9.5.",HELD,2026-08-19
REC-001250,000000000010000813,3000,Spherical Roller Bearing 250KW MULTOTEC,NORMAL,INTERMITTENT,5,34,5.213,3.100,2.851,1.700,9.871,6.800,ROP_MAX_SAFETY_STOCK,Intermittent consumption of 1.2 per month over 24 months with a 34-day lead time gives a reorder point of 3.1 against the current 5.213.,REJECTED,2026-07-16
REC-001251,000000000010000813,1000,Spherical Roller Bearing 250KW MULTOTEC,NORMAL,INTERMITTENT,2,34,2.760,1.600,1.732,1.000,3.313,3.200,ROP_MAX_SAFETY_STOCK,Stock on hand 5 exceeds the current maximum 3.313. Consumption of 0.5 per month supports a maximum of 3.2.,HELD,2026-06-15
REC-001252,000000000010000814,2000,Apron Feeder Gear Reducer 150MM METSO,CRITICAL,INTERMITTENT,0,116,19.301,11.800,10.943,6.700,21.554,15.800,ROP_MAX_SAFETY_STOCK,"Stock on hand 0 is below the current reorder point 19.301. At the CRITICAL service level of 98% and a 116-day lead time, the reorder point should be 11.8.",REJECTED,2026-08-20
REC-001253,000000000010000815,3000,Conveyor Drive Motor 150MM MULTOTEC,CRITICAL,INTERMITTENT,8,72,17.531,12.300,11.493,8.100,17.531,17.700,ROP_MAX_SAFETY_STOCK,"Stock on hand 15 is below the current reorder point 17.531. At the CRITICAL service level of 98% and a 72-day lead time, the reorder point should be 12.3.",APPROVED,2026-06-16
REC-001254,000000000030000190,2000,Pressure Transmitter Assembly HD SANDVIK,CRITICAL,ON_DEMAND,1,112,0.000,10.100,0.000,5.800,0.000,13.600,OAR_TO_MIN_MAX,This OAR material is classified CRITICAL on the critical parts list. Recommend Min-Max management with a reorder point of 10.1 and a maximum of 13.6.,PROPOSED,2026-08-23
REC-001255,000000000030000190,4000,Pressure Transmitter Assembly HD SANDVIK,CRITICAL,ON_DEMAND,0,112,0.000,7.800,0.000,5.000,0.000,10.100,OAR_TO_MIN_MAX,This OAR material is classified CRITICAL on the critical parts list. Recommend Min-Max management with a reorder point of 7.8 and a maximum of 10.1.,APPROVED,2026-08-25
REC-001256,000000000010000816,3000,Slurry Pump Wet End Assembly 150MM SEW,NORMAL,INTERMITTENT,7,32,2.914,2.900,1.637,1.600,5.883,6.500,ROP_MAX_SAFETY_STOCK,Intermittent consumption of 1.2 per month over 24 months with a 32-day lead time gives a reorder point of 2.9 against the current 2.914.,APPROVED,2026-08-09
REC-001257,000000000010000817,2000,Pump Impeller 6/4 ABB,CRITICAL,INTERMITTENT,6,181,16.968,11.900,7.144,5.000,26.375,15.400,ROP_MAX_SAFETY_STOCK,"Stock on hand 13 is below the current reorder point 16.968. At the CRITICAL service level of 98% and a 181-day lead time, the reorder point should be 11.9.",APPROVED,2026-08-03
REC-001258,000000000080000185,3000,Pump Impeller 250MM ABB,NORMAL,INTERMITTENT,3,43,5.996,4.500,3.197,2.400,11.532,8.900,ROP_MAX_SAFETY_STOCK,Intermittent consumption of 1.5 per month over 24 months with a 43-day lead time gives a reorder point of 4.5 against the current 5.996.,PROPOSED,2026-06-27
REC-001259,000000000080000186,4000,Gland Packing Seal Ring TYPE A FLSM,IMPACT,INTERMITTENT,0,52,3.285,4.100,2.385,3.000,8.651,6.100,ROP_MAX_SAFETY_STOCK,Stock on hand 9 exceeds the current maximum 8.651. Consumption of 0.7 per month supports a maximum of 6.1.,APPROVED,2026-06-10
REC-001260,000000000080000186,2000,Gland Packing Seal Ring TYPE A FLSM,IMPACT,INTERMITTENT,6,52,5.425,8.800,3.024,4.900,15.275,15.700,ROP_MAX_SAFETY_STOCK,"Stock on hand 5 is below the current reorder point 5.425. At the IMPACT service level of 95% and a 52-day lead time, the reorder point should be 8.8.",HELD,2026-06-03
REC-001261,000000000010000818,2000,Conveyor Idler Roller Set DN150 MULTOTEC,CRITICAL,REGULAR,12,80,69.095,41.400,16.984,10.200,69.095,77.000,ROP_MAX_SAFETY_STOCK,"Stock on hand 64 is below the current reorder point 69.095. At the CRITICAL service level of 98% and a 80-day lead time, the reorder point should be 41.4.",PROPOSED,2026-06-12
REC-001262,000000000010000818,4000,Conveyor Idler Roller Set DN150 MULTOTEC,CRITICAL,REGULAR,10,80,59.546,63.200,13.122,13.900,184.240,119.500,ROP_MAX_SAFETY_STOCK,Regular consumption of 18.8 per month over 24 months with a 80-day lead time gives a reorder point of 63.2 against the current 59.546.,PROPOSED,2026-09-01
REC-001263,000000000090000042,2000,Conveyor Take-Up Pulley 110KW FLSM,OBSOLETE,NO_DEMAND,0,42,0.000,,0.000,,1.000,,NO_SAFETY_STOCK,Obsolete material: no safety stock recommended. Candidate for stock reduction review.,APPROVED,2026-07-12
REC-001264,000000000010000819,4000,Thickener Rake Seal Kit DN100 METSO,NORMAL,INTERMITTENT,4,51,1.752,3.400,1.024,2.000,10.305,5.900,ROP_MAX_SAFETY_STOCK,Intermittent consumption of 0.8 per month over 24 months with a 51-day lead time gives a reorder point of 3.4 against the current 1.752.,PROPOSED,2026-05-20
REC-001265,000000000010000820,3000,Flotation Cell Impeller DN100 ABB,CRITICAL,INTERMITTENT,7,65,6.767,6.400,4.139,3.900,16.341,9.900,ROP_MAX_SAFETY_STOCK,"Stock on hand 5 is below the current reorder point 6.767. At the CRITICAL service level of 98% and a 65-day lead time, the reorder point should be 6.4.",APPROVED,2026-06-09
REC-001266,000000000010000821,3000,Slurry Pump Mechanical Seal 110KW FLSM,CRITICAL,INTERMITTENT,0,36,4.146,2.800,3.263,2.200,4.146,4.300,ROP_MAX_SAFETY_STOCK,"Stock on hand 0 is below the current reorder point 4.146. At the CRITICAL service level of 98% and a 36-day lead time, the reorder point should be 2.8.",PROPOSED,2026-07-15
REC-001267,000000000010000822,1000,Conveyor Take-Up Pulley 150MM WEIR,CRITICAL,INTERMITTENT,0,57,7.624,5.600,5.157,3.800,12.882,8.500,ROP_MAX_SAFETY_STOCK,"Stock on hand 0 is below the current reorder point 7.624. At the CRITICAL service level of 98% and a 57-day lead time, the reorder point should be 5.6.",PROPOSED,2026-08-09
REC-001268,000000000010000822,4000,Conveyor Take-Up Pulley 150MM WEIR,CRITICAL,INTERMITTENT,0,57,6.396,10.300,4.410,7.100,13.448,15.400,ROP_MAX_SAFETY_STOCK,"Stock on hand 0 is below the current reorder point 6.396. At the CRITICAL service level of 98% and a 57-day lead time, the reorder point should be 10.3.",PROPOSED,2026-06-17
REC-001269,000000000080000187,2000,Ball Mill Shell Liner Plate 200MM WEIR,NORMAL,INTERMITTENT,9,16,1.596,2.200,0.857,1.200,12.292,8.000,ROP_MAX_SAFETY_STOCK,Intermittent consumption of 1.9 per month over 24 months with a 16-day lead time gives a reorder point of 2.2 against the current 1.596.,REJECTED,2026-05-15
REC-001270,000000000010000824,3000,Mill Liner 200MM SANDVIK,IMPACT,SLOW,2,24,1.024,0.700,0.828,0.600,1.024,1.200,ROP_MAX_SAFETY_STOCK,Stock on hand 2 exceeds the current maximum 1.024. Consumption of 0.2 per month supports a maximum of 1.2.,REJECTED,2026-07-20
REC-001271,000000000010000827,4000,Thickener Rake Drive Gearbox 110KW KSB,CRITICAL,INTERMITTENT,0,95,29.912,19.400,16.052,10.400,43.770,28.000,ROP_MAX_SAFETY_STOCK,"Stock on hand 0 is below the current reorder point 29.912. At the CRITICAL service level of 98% and a 95-day lead time, the reorder point should be 19.4.",PROPOSED,2026-07-18
REC-001272,000000000010000827,1000,Thickener Rake Drive Gearbox 110KW KSB,CRITICAL,INTERMITTENT,0,95,17.566,11.500,11.439,7.500,17.566,15.400,ROP_MAX_SAFETY_STOCK,"Stock on hand 0 is below the current reorder point 17.566. At the CRITICAL service level of 98% and a 95-day lead time, the reorder point should be 11.5.",APPROVED,2026-08-08
REC-001273,000000000010000828,3000,Flotation Blower Motor TYPE B ABB,CRITICAL,INTERMITTENT,9,177,9.525,12.800,3.413,4.600,26.279,17.100,ROP_MAX_SAFETY_STOCK,Intermittent consumption of 1.4 per month over 24 months with a 177-day lead time gives a reorder point of 12.8 against the current 9.525.,HELD,2026-07-18
REC-001274,000000000010000829,1000,Thickener Rake Drive Gearbox DN150,NORMAL,SLOW,2,7,0.945,0.600,0.732,0.500,2.568,2.400,ROP_MAX_SAFETY_STOCK,Stock on hand 3 exceeds the current maximum 2.568. Consumption of 0.6 per month supports a maximum of 2.4.,APPROVED,2026-08-08
REC-001275,000000000010000829,4000,Thickener Rake Drive Gearbox DN150,NORMAL,SLOW,1,7,0.372,0.300,0.327,0.300,0.634,0.800,ROP_MAX_SAFETY_STOCK,Stock on hand 1 exceeds the current maximum 0.634. Consumption of 0.2 per month supports a maximum of 0.8.,PROPOSED,2026-06-14
REC-001276,000000000010000830,3000,Crusher Main Shaft Bearing 110KW SANDVIK,NORMAL,SLOW,0,60,1.285,0.800,1.007,0.600,1.580,1.100,ROP_MAX_SAFETY_STOCK,Stock on hand 3 exceeds the current maximum 1.58. Consumption of 0.1 per month supports a maximum of 1.1.,PROPOSED,2026-07-09
REC-001277,000000000080000188,2000,Gearbox Bearing 6/4 METSO,CRITICAL,INTERMITTENT,8,57,12.114,8.500,7.232,5.100,18.470,14.000,ROP_MAX_SAFETY_STOCK,Intermittent consumption of 1.8 per month over 24 months with a 57-day lead time gives a reorder point of 8.5 against the current 12.114.,APPROVED,2026-07-29
REC-001278,000000000010000833,4000,Skirt Rubber Liner Section DN150 FLSM,INSURANCE,REGULAR,12,62,124.262,69.400,18.666,10.400,190.113,156.300,ROP_MAX_SAFETY_STOCK,"Stock on hand 109 is below the current reorder point 124.262. At the INSURANCE service level of 90% and a 62-day lead time, the reorder point should be 69.4.",PROPOSED,2026-07-05
REC-001279,000000000010000834,3000,Flotation Blower Motor 250KW SIEMENS,INSURANCE,REGULAR,9,137,42.069,75.300,4.739,8.500,167.075,119.800,ROP_MAX_SAFETY_STOCK,Regular consumption of 14.8 per month over 24 months with a 137-day lead time gives a reorder point of 75.3 against the current 42.069.,APPROVED,2026-07-18
REC-001280,000000000080000189,3000,Conveyor Take-Up Pulley 10/8 SKF,IMPACT,INTERMITTENT,5,52,8.296,9.900,5.086,6.100,23.535,16.600,ROP_MAX_SAFETY_STOCK,Stock on hand 24 exceeds the current maximum 23.535. Consumption of 2.2 per month supports a maximum of 16.6.,APPROVED,2026-08-28
REC-001281,000000000010000835,3000,Soft Starter Power Module 200MM SIEMENS,IMPACT,INTERMITTENT,3,17,2.689,2.200,2.055,1.700,4.722,5.000,ROP_MAX_SAFETY_STOCK,Intermittent consumption of 0.9 per month over 24 months with a 17-day lead time gives a reorder point of 2.2 against the current 2.689.,APPROVED,2026-06-01
REC-001282,000000000030000195,3000,Agitator Shaft Seal 250KW SKF,CRITICAL,ON_DEMAND,0,62,0.000,5.800,0.000,3.800,0.000,8.800,OAR_TO_MIN_MAX,This OAR material is classified CRITICAL on the critical parts list. Recommend Min-Max management with a reorder point of 5.8 and a maximum of 8.8.,PROPOSED,2026-08-29
REC-001283,000000000010000836,3000,Ventilation Fan Motor 55KW WEIR,CRITICAL,INTERMITTENT,0,30,3.067,3.200,2.133,2.200,10.778,6.200,ROP_MAX_SAFETY_STOCK,"Stock on hand 0 is below the current reorder point 3.067. At the CRITICAL service level of 98% and a 30-day lead time, the reorder point should be 3.2.",PROPOSED,2026-06-18
REC-001284,000000000030000196,2000,Belt Scraper Blade Cartridge TYPE B FLSM,IMPACT,ON_DEMAND,1,14,0.000,1.600,0.000,1.200,0.000,4.100,OAR_TO_MIN_MAX,This OAR material is classified IMPACT on the critical parts list. Recommend Min-Max management with a reorder point of 1.6 and a maximum of 4.1.,REJECTED,2026-07-17
REC-001285,000000000010000837,3000,Mill Liner 150MM SKF,CRITICAL,INTERMITTENT,9,127,15.057,9.300,6.672,4.100,15.057,13.100,ROP_MAX_SAFETY_STOCK,Stock on hand 19 exceeds the current maximum 15.057. Consumption of 1.2 per month supports a maximum of 13.1.,APPROVED,2026-08-03
REC-001286,000000000010000838,1000,Belt Scraper Blade Cartridge 6/4,NORMAL,REGULAR,12,18,29.531,18.600,9.416,5.900,132.391,82.800,ROP_MAX_SAFETY_STOCK,"Stock on hand 20 is below the current reorder point 29.531. At the NORMAL service level of 85% and a 18-day lead time, the reorder point should be 18.6.",PROPOSED,2026-07-23
REC-001287,000000000090000043,4000,Centrifugal Pump Casing 200MM SANDVIK,OBSOLETE,NO_DEMAND,0,29,0.000,,0.000,,1.000,,NO_SAFETY_STOCK,Obsolete material: no safety stock recommended. Candidate for stock reduction review.,PROPOSED,2026-06-25
REC-001288,000000000010000839,2000,Cyclone Apex Liner 200MM KSB,CRITICAL,INTERMITTENT,0,95,12.004,8.400,7.316,5.100,15.662,11.500,ROP_MAX_SAFETY_STOCK,"Stock on hand 0 is below the current reorder point 12.004. At the CRITICAL service level of 98% and a 95-day lead time, the reorder point should be 8.4.",HELD,2026-05-26
REC-001289,000000000010000840,1000,Vertical Sump Pump Column HD METSO,NORMAL,SLOW,4,22,0.285,0.600,0.182,0.400,2.390,1.600,ROP_MAX_SAFETY_STOCK,Slow consumption of 0.3 per month over 24 months with a 22-day lead time gives a reorder point of 0.6 against the current 0.285.,PROPOSED,2026-06-21
REC-001290,000000000080000190,4000,Ball Mill Shell Liner Plate TYPE B FLSM,IMPACT,INTERMITTENT,6,30,5.124,3.000,3.424,2.000,7.411,6.000,ROP_MAX_SAFETY_STOCK,Intermittent consumption of 1.0 per month over 24 months with a 30-day lead time gives a reorder point of 3 against the current 5.124.,APPROVED,2026-08-31
REC-001291,000000000010000842,1000,Pump Impeller 250KW SIEMENS,CRITICAL,INTERMITTENT,0,71,20.545,11.600,12.607,7.100,20.545,17.400,ROP_MAX_SAFETY_STOCK,"Stock on hand 0 is below the current reorder point 20.545. At the CRITICAL service level of 98% and a 71-day lead time, the reorder point should be 11.6.",REJECTED,2026-07-05
REC-001292,000000000010000842,3000,Pump Impeller 250KW SIEMENS,CRITICAL,INTERMITTENT,0,71,23.704,15.200,14.649,9.400,30.519,22.700,ROP_MAX_SAFETY_STOCK,"Stock on hand 0 is below the current reorder point 23.704. At the CRITICAL service level of 98% and a 71-day lead time, the reorder point should be 15.2.",REJECTED,2026-08-03
REC-001293,000000000010000843,4000,Flow Meter Sensor Head HD MULTOTEC,CRITICAL,INTERMITTENT,0,59,1.937,4.100,1.289,2.700,10.849,6.200,ROP_MAX_SAFETY_STOCK,"Stock on hand 0 is below the current reorder point 1.937. At the CRITICAL service level of 98% and a 59-day lead time, the reorder point should be 4.1.",HELD,2026-06-30
REC-001294,000000000080000191,1000,Slurry Pump Wet End Assembly DN150,IMPACT,INTERMITTENT,5,45,10.028,6.200,6.476,4.000,10.028,10.700,ROP_MAX_SAFETY_STOCK,Stock on hand 13 exceeds the current maximum 10.028. Consumption of 1.5 per month supports a maximum of 10.7.,PROPOSED,2026-08-19
REC-001295,000000000030000199,3000,Slurry Pump Mechanical Seal 55KW METSO,CRITICAL,ON_DEMAND,1,126,0.000,17.300,0.000,9.700,0.000,22.800,OAR_TO_MIN_MAX,This OAR material is classified CRITICAL on the critical parts list. Recommend Min-Max management with a reorder point of 17.3 and a maximum of 22.8.,PROPOSED,2026-06-22
REC-001296,000000000080000192,1000,Flow Meter Sensor Head DN100 SANDVIK,NORMAL,INTERMITTENT,5,39,5.594,3.200,2.756,1.600,5.594,7.000,ROP_MAX_SAFETY_STOCK,"Stock on hand 1 is below the current reorder point 5.594. At the NORMAL service level of 85% and a 39-day lead time, the reorder point should be 3.2.",PROPOSED,2026-08-03
REC-001297,000000000010000844,1000,Flow Meter Sensor Head 200MM SKF,CRITICAL,REGULAR,12,91,105.789,60.800,20.602,11.800,118.864,109.900,ROP_MAX_SAFETY_STOCK,Stock on hand 126 exceeds the current maximum 118.864. Consumption of 16.4 per month supports a maximum of 109.9.,PROPOSED,2026-07-15
REC-001298,000000000080000193,2000,Apron Feeder Gear Reducer 10/8 ABB,IMPACT,INTERMITTENT,4,20,5.441,4.700,4.197,3.600,16.300,9.600,ROP_MAX_SAFETY_STOCK,Intermittent consumption of 1.6 per month over 24 months with a 20-day lead time gives a reorder point of 4.7 against the current 5.441.,PROPOSED,2026-05-10
REC-001299,000000000010000846,4000,Conveyor Idler Roller Set TYPE A METSO,NORMAL,REGULAR,12,40,17.928,13.900,3.586,2.800,69.597,39.300,ROP_MAX_SAFETY_STOCK,Regular consumption of 8.5 per month over 24 months with a 40-day lead time gives a reorder point of 13.9 against the current 17.928.,PROPOSED,2026-06-02
REC-001300,000000000030000201,4000,Slurry Pump Wet End Assembly 8/6 SEW,IMPACT,ON_DEMAND,1,39,0.000,3.100,0.000,2.000,0.000,5.600,OAR_TO_MIN_MAX,This OAR material is classified IMPACT on the critical parts list. Recommend Min-Max management with a reorder point of 3.1 and a maximum of 5.6.,HELD,2026-06-21
REC-001301,000000000030000201,3000,Slurry Pump Wet End Assembly 8/6 SEW,IMPACT,ON_DEMAND,1,39,0.000,7.300,0.000,4.700,0.000,13.300,OAR_TO_MIN_MAX,This OAR material is classified IMPACT on the critical parts list. Recommend Min-Max management with a reorder point of 7.3 and a maximum of 13.3.,APPROVED,2026-08-12
REC-001302,000000000010000847,4000,Crusher Hydroset Cylinder HD WEIR,CRITICAL,INTERMITTENT,0,90,19.337,18.900,10.630,10.400,21.160,27.500,ROP_MAX_SAFETY_STOCK,"Stock on hand 0 is below the current reorder point 19.337. At the CRITICAL service level of 98% and a 90-day lead time, the reorder point should be 18.9.",REJECTED,2026-08-02
REC-001303,000000000010000849,2000,Ventilation Fan Motor 200MM ABB,NORMAL,INTERMITTENT,5,49,12.322,7.600,6.221,3.800,15.856,14.600,ROP_MAX_SAFETY_STOCK,Intermittent consumption of 2.3 per month over 24 months with a 49-day lead time gives a reorder point of 7.6 against the current 12.322.,REJECTED,2026-05-26
REC-001304,000000000030000202,3000,Crusher Main Shaft Bearing 250MM SIEMENS,CRITICAL,ON_DEMAND,1,64,0.000,4.200,0.000,2.500,0.000,6.600,OAR_TO_MIN_MAX,This OAR material is classified CRITICAL on the critical parts list. Recommend Min-Max management with a reorder point of 4.2 and a maximum of 6.6.,REJECTED,2026-08-02
REC-001305,000000000010000850,3000,Thickener Rake Drive Gearbox 200MM SEW,CRITICAL,INTERMITTENT,8,61,20.342,11.300,13.464,7.500,23.489,17.100,ROP_MAX_SAFETY_STOCK,"Stock on hand 14 is below the current reorder point 20.342. At the CRITICAL service level of 98% and a 61-day lead time, the reorder point should be 11.3.",APPROVED,2026-05-26
REC-001306,000000000010000851,1000,Slurry Pump Mechanical Seal 10/8 SKF,INSURANCE,REGULAR,11,64,96.627,58.200,17.440,10.500,153.691,126.200,ROP_MAX_SAFETY_STOCK,"Stock on hand 53 is below the current reorder point 96.627. At the INSURANCE service level of 90% and a 64-day lead time, the reorder point should be 58.2.",APPROVED,2026-06-22
REC-001307,000000000010000852,2000,Slurry Pump Wet End Assembly DN150 ABB,NORMAL,REGULAR,11,39,36.805,48.500,5.363,7.100,241.377,145.400,ROP_MAX_SAFETY_STOCK,Regular consumption of 32.3 per month over 24 months with a 39-day lead time gives a reorder point of 48.5 against the current 36.805.,HELD,2026-05-13
REC-001308,000000000010000852,3000,Slurry Pump Wet End Assembly DN150 ABB,NORMAL,REGULAR,11,39,47.285,30.000,7.566,4.800,146.125,89.000,ROP_MAX_SAFETY_STOCK,Regular consumption of 19.7 per month over 24 months with a 39-day lead time gives a reorder point of 30 against the current 47.285.,HELD,2026-08-25
REC-001309,000000000010000853,4000,Soft Starter Power Module DN100,NORMAL,INTERMITTENT,7,47,10.016,5.700,4.811,2.700,10.315,11.400,ROP_MAX_SAFETY_STOCK,Stock on hand 16 exceeds the current maximum 10.315. Consumption of 1.9 per month supports a maximum of 11.4.,PROPOSED,2026-08-07
REC-001310,000000000010000853,3000,Soft Starter Power Module DN100,NORMAL,INTERMITTENT,3,47,5.754,3.200,3.091,1.700,5.754,6.100,ROP_MAX_SAFETY_STOCK,"Stock on hand 4 is below the current reorder point 5.754. At the NORMAL service level of 85% and a 47-day lead time, the reorder point should be 3.2.",HELD,2026-05-27
REC-001311,000000000010000854,3000,Conveyor Pulley Bearing DN100 SANDVIK,IMPACT,REGULAR,12,11,7.159,6.000,2.379,2.000,43.419,39.000,ROP_MAX_SAFETY_STOCK,Regular consumption of 11.0 per month over 24 months with a 11-day lead time gives a reorder point of 6 against the current 7.159.,APPROVED,2026-06-03
REC-001312,000000000010000855,1000,Agitator Shaft Seal 10/8 MULTOTEC,CRITICAL,REGULAR,9,86,63.414,106.700,10.556,17.800,332.140,201.100,ROP_MAX_SAFETY_STOCK,Regular consumption of 31.5 per month over 24 months with a 86-day lead time gives a reorder point of 106.7 against the current 63.414.,HELD,2026-07-28
REC-001313,000000000010000855,3000,Agitator Shaft Seal 10/8 MULTOTEC,CRITICAL,REGULAR,10,86,42.099,80.600,7.821,15.000,227.150,150.200,ROP_MAX_SAFETY_STOCK,"Stock on hand 0 is below the current reorder point 42.099. At the CRITICAL service level of 98% and a 86-day lead time, the reorder point should be 80.6.",REJECTED,2026-05-19
REC-001314,000000000010000856,3000,Flotation Blower Motor 250KW MULTOTEC,INSURANCE,INTERMITTENT,3,104,3.293,3.400,1.782,1.800,7.780,4.800,ROP_MAX_SAFETY_STOCK,Intermittent consumption of 0.5 per month over 24 months with a 104-day lead time gives a reorder point of 3.4 against the current 3.293.,REJECTED,2026-08-19
REC-001315,000000000010000857,3000,Cyclone Apex Liner 200MM METSO,NORMAL,REGULAR,11,36,71.640,51.100,10.553,7.500,254.349,161.700,ROP_MAX_SAFETY_STOCK,Regular consumption of 36.9 per month over 24 months with a 36-day lead time gives a reorder point of 51.1 against the current 71.64.,PROPOSED,2026-08-07
REC-001316,000000000010000857,1000,Cyclone Apex Liner 200MM METSO,NORMAL,REGULAR,10,36,37.621,36.300,7.048,6.800,113.670,111.200,ROP_MAX_SAFETY_STOCK,Regular consumption of 25.0 per month over 24 months with a 36-day lead time gives a reorder point of 36.3 against the current 37.621.,APPROVED,2026-08-30
REC-001317,000000000080000194,4000,Conveyor Idler Roller Set 200MM SIEMENS,CRITICAL,INTERMITTENT,2,117,22.945,14.900,14.776,9.600,23.849,19.000,ROP_MAX_SAFETY_STOCK,Stock on hand 27 exceeds the current maximum 23.849. Consumption of 1.4 per month supports a maximum of 19.,PROPOSED,2026-06-24
REC-001318,000000000010000859,2000,Ball Mill Gearbox Assembly 6/4,NORMAL,REGULAR,12,17,9.367,7.100,2.618,2.000,57.210,34.600,ROP_MAX_SAFETY_STOCK,Regular consumption of 9.2 per month over 24 months with a 17-day lead time gives a reorder point of 7.1 against the current 9.367.,APPROVED,2026-07-21
REC-001319,000000000010000860,1000,Thickener Rake Seal Kit 250KW MULTOTEC,CRITICAL,INTERMITTENT,0,59,18.044,10.100,12.830,7.200,18.044,14.600,ROP_MAX_SAFETY_STOCK,"Stock on hand 0 is below the current reorder point 18.044. At the CRITICAL service level of 98% and a 59-day lead time, the reorder point should be 10.1.",HELD,2026-08-14
REC-001320,000000000010000861,4000,Thickener Rake Seal Kit 8/6 WEIR,CRITICAL,INTERMITTENT,3,118,20.629,16.000,12.900,10.000,23.769,20.600,ROP_MAX_SAFETY_STOCK,"Stock on hand 18 is below the current reorder point 20.629. At the CRITICAL service level of 98% and a 118-day lead time, the reorder point should be 16.",PROPOSED,2026-08-28
REC-001321,000000000030000205,3000,Conveyor Take-Up Pulley TYPE B FLSM,IMPACT,ON_DEMAND,1,45,0.000,8.000,0.000,5.100,0.000,13.900,OAR_TO_MIN_MAX,This OAR material is classified IMPACT on the critical parts list. Recommend Min-Max management with a reorder point of 8 and a maximum of 13.9.,REJECTED,2026-08-04
REC-001322,000000000090000044,3000,Gland Packing Seal Ring 250KW ABB,OBSOLETE,NO_DEMAND,0,31,0.000,,0.000,,1.000,,NO_SAFETY_STOCK,Obsolete material: no safety stock recommended. Candidate for stock reduction review.,REJECTED,2026-05-10
REC-001323,000000000010000862,1000,PLC Digital Output Card 150MM WEIR,INSURANCE,INTERMITTENT,5,206,4.403,5.400,1.393,1.700,5.113,7.000,ROP_MAX_SAFETY_STOCK,"Stock on hand 1 is below the current reorder point 4.403. At the INSURANCE service level of 90% and a 206-day lead time, the reorder point should be 5.4.",PROPOSED,2026-06-27
REC-001324,000000000010000863,3000,Flotation Blower Motor 150MM SANDVIK,CRITICAL,INTERMITTENT,5,213,11.285,9.100,6.238,5.000,16.442,10.800,ROP_MAX_SAFETY_STOCK,"Stock on hand 9 is below the current reorder point 11.285. At the CRITICAL service level of 98% and a 213-day lead time, the reorder point should be 9.1.",PROPOSED,2026-07-02
REC-001325,000000000010000864,1000,Variable Speed Drive Unit DN150 ABB,NORMAL,REGULAR,12,41,23.089,15.000,4.007,2.600,57.100,42.600,ROP_MAX_SAFETY_STOCK,Regular consumption of 9.2 per month over 24 months with a 41-day lead time gives a reorder point of 15 against the current 23.089.,APPROVED,2026-08-17
REC-001326,000000000010000864,2000,Variable Speed Drive Unit DN150 ABB,NORMAL,REGULAR,10,41,13.224,24.700,2.535,4.700,73.835,69.200,ROP_MAX_SAFETY_STOCK,Regular consumption of 14.8 per month over 24 months with a 41-day lead time gives a reorder point of 24.7 against the current 13.224.,APPROVED,2026-05-18
REC-001327,000000000010000865,4000,Pump Impeller 8/6 WEIR,CRITICAL,REGULAR,12,107,241.035,136.300,53.722,30.400,241.035,226.700,ROP_MAX_SAFETY_STOCK,"Stock on hand 154 is below the current reorder point 241.035. At the CRITICAL service level of 98% and a 107-day lead time, the reorder point should be 136.3.",APPROVED,2026-06-24
REC-001328,000000000010000866,4000,Slurry Density Transmitter 6/4 WEIR,INSURANCE,REGULAR,11,110,220.453,151.900,33.710,23.200,220.453,258.800,ROP_MAX_SAFETY_STOCK,"Stock on hand 190 is below the current reorder point 220.453. At the INSURANCE service level of 90% and a 110-day lead time, the reorder point should be 151.9.",REJECTED,2026-07-24
REC-001329,000000000010000867,4000,Flotation Cell Impeller HD SEW,INSURANCE,INTERMITTENT,7,162,24.188,14.900,6.928,4.300,24.188,20.900,ROP_MAX_SAFETY_STOCK,Stock on hand 30 exceeds the current maximum 24.188. Consumption of 2.0 per month supports a maximum of 20.9.,APPROVED,2026-08-04
REC-001330,000000000080000195,1000,PLC Digital Output Card DN150 SANDVIK,IMPACT,INTERMITTENT,5,32,5.337,3.100,3.661,2.100,5.926,5.800,ROP_MAX_SAFETY_STOCK,Stock on hand 8 exceeds the current maximum 5.926. Consumption of 0.9 per month supports a maximum of 5.8.,PROPOSED,2026-05-16
REC-001331,000000000080000196,3000,Mill Liner 250MM SEW,CRITICAL,INTERMITTENT,3,43,5.308,3.200,3.657,2.200,5.308,5.300,ROP_MAX_SAFETY_STOCK,Stock on hand 7 exceeds the current maximum 5.308. Consumption of 0.7 per month supports a maximum of 5.3.,REJECTED,2026-06-23
REC-001332,000000000080000196,4000,Mill Liner 250MM SEW,CRITICAL,INTERMITTENT,4,43,2.105,4.200,1.551,3.100,9.231,6.600,ROP_MAX_SAFETY_STOCK,Intermittent consumption of 0.8 per month over 24 months with a 43-day lead time gives a reorder point of 4.2 against the current 2.105.,PROPOSED,2026-07-24
REC-001333,000000000030000208,1000,Mill Lube Pump Motor 6/4 SEW,CRITICAL,ON_DEMAND,1,91,0.000,10.200,0.000,5.800,0.000,14.600,OAR_TO_MIN_MAX,This OAR material is classified CRITICAL on the critical parts list. Recommend Min-Max management with a reorder point of 10.2 and a maximum of 14.6.,PROPOSED,2026-07-22
REC-001334,000000000080000197,4000,Soft Starter Power Module TYPE B SIEMENS,IMPACT,INTERMITTENT,3,45,3.029,2.300,2.055,1.600,5.464,3.800,ROP_MAX_SAFETY_STOCK,Intermittent consumption of 0.5 per month over 24 months with a 45-day lead time gives a reorder point of 2.3 against the current 3.029.,PROPOSED,2026-06-28
REC-001335,000000000080000197,3000,Soft Starter Power Module TYPE B SIEMENS,IMPACT,INTERMITTENT,5,45,2.418,3.900,1.420,2.300,8.385,7.200,ROP_MAX_SAFETY_STOCK,Intermittent consumption of 1.1 per month over 24 months with a 45-day lead time gives a reorder point of 3.9 against the current 2.418.,PROPOSED,2026-06-22
REC-001336,000000000080000198,2000,Hydraulic Pump Assembly TYPE B SKF,IMPACT,INTERMITTENT,6,48,3.047,6.900,1.765,4.000,17.903,12.400,ROP_MAX_SAFETY_STOCK,"Stock on hand 0 is below the current reorder point 3.047. At the IMPACT service level of 95% and a 48-day lead time, the reorder point should be 6.9.",APPROVED,2026-07-27
REC-001337,000000000030000210,1000,Thickener Rake Drive Gearbox TYPE A FLSM,CRITICAL,ON_DEMAND,0,52,0.000,7.800,0.000,5.500,0.000,11.800,OAR_TO_MIN_MAX,This OAR material is classified CRITICAL on the critical parts list. Recommend Min-Max management with a reorder point of 7.8 and a maximum of 11.8.,HELD,2026-06-19
REC-001338,000000000010000868,3000,Belt Scraper Blade Cartridge DN100 SEW,NORMAL,INTERMITTENT,3,50,8.719,6.200,4.663,3.300,12.230,11.400,ROP_MAX_SAFETY_STOCK,"Stock on hand 5 is below the current reorder point 8.719. At the NORMAL service level of 85% and a 50-day lead time, the reorder point should be 6.2.",APPROVED,2026-06-26
REC-001339,000000000010000869,4000,Conveyor Idler Roller Set 250MM SKF,INSURANCE,INTERMITTENT,5,148,4.760,8.200,1.682,2.900,19.715,11.400,ROP_MAX_SAFETY_STOCK,Intermittent consumption of 1.1 per month over 24 months with a 148-day lead time gives a reorder point of 8.2 against the current 4.76.,REJECTED,2026-05-29
REC-001340,000000000010000870,1000,Gland Packing Seal Ring 250KW METSO,CRITICAL,INTERMITTENT,5,176,8.659,5.200,4.215,2.500,8.659,6.600,ROP_MAX_SAFETY_STOCK,"Stock on hand 6 is below the current reorder point 8.659. At the CRITICAL service level of 98% and a 176-day lead time, the reorder point should be 5.2.",HELD,2026-07-25
REC-001341,000000000010000871,4000,Thickener Rake Seal Kit 110KW FLSM,NORMAL,INTERMITTENT,4,33,5.547,4.500,3.177,2.600,13.567,9.900,ROP_MAX_SAFETY_STOCK,Stock on hand 14 exceeds the current maximum 13.567. Consumption of 1.8 per month supports a maximum of 9.9.,APPROVED,2026-05-21
REC-001342,000000000030000211,4000,Ball Mill Shell Liner Plate 150MM FLSM,CRITICAL,ON_DEMAND,3,122,0.000,8.500,0.000,4.800,0.000,11.200,OAR_TO_MIN_MAX,This OAR material is classified CRITICAL on the critical parts list. Recommend Min-Max management with a reorder point of 8.5 and a maximum of 11.2.,PROPOSED,2026-08-17
REC-001343,000000000010000872,3000,Cyclone Apex Liner DN150 METSO,NORMAL,INTERMITTENT,5,60,1.453,3.300,0.669,1.500,10.868,6.000,ROP_MAX_SAFETY_STOCK,"Stock on hand 1 is below the current reorder point 1.453. At the NORMAL service level of 85% and a 60-day lead time, the reorder point should be 3.3.",HELD,2026-06-15
REC-001344,000000000080000199,4000,Conveyor Take-Up Pulley DN150 SEW,NORMAL,INTERMITTENT,5,20,1.601,2.700,0.943,1.600,7.712,8.000,ROP_MAX_SAFETY_STOCK,Intermittent consumption of 1.8 per month over 24 months with a 20-day lead time gives a reorder point of 2.7 against the current 1.601.,APPROVED,2026-09-02
REC-001345,000000000080000199,1000,Conveyor Take-Up Pulley DN150 SEW,NORMAL,INTERMITTENT,4,20,0.907,1.100,0.664,0.800,2.073,2.500,ROP_MAX_SAFETY_STOCK,"Stock on hand 0 is below the current reorder point 0.907. At the NORMAL service level of 85% and a 20-day lead time, the reorder point should be 1.1.",PROPOSED,2026-06-18
REC-001346,000000000010000874,2000,Vertical Sump Pump Column DN150 SEW,CRITICAL,INTERMITTENT,0,122,10.255,7.300,6.982,5.000,12.769,9.100,ROP_MAX_SAFETY_STOCK,"Stock on hand 0 is below the current reorder point 10.255. At the CRITICAL service level of 98% and a 122-day lead time, the reorder point should be 7.3.",REJECTED,2026-08-14
REC-001347,000000000010000874,1000,Vertical Sump Pump Column DN150 SEW,CRITICAL,INTERMITTENT,0,122,17.468,10.600,9.212,5.600,17.468,14.300,ROP_MAX_SAFETY_STOCK,"Stock on hand 0 is below the current reorder point 17.468. At the CRITICAL service level of 98% and a 122-day lead time, the reorder point should be 10.6.",PROPOSED,2026-08-06
REC-001348,000000000080000200,3000,Hydraulic Power Pack 150MM METSO,IMPACT,INTERMITTENT,7,32,3.753,7.400,2.396,4.700,11.519,15.000,ROP_MAX_SAFETY_STOCK,Intermittent consumption of 2.5 per month over 24 months with a 32-day lead time gives a reorder point of 7.4 against the current 3.753.,APPROVED,2026-07-11
REC-001349,000000000010000875,3000,Centrifugal Pump Casing 110KW SANDVIK,INSURANCE,SLOW,6,38,1.096,2.400,0.637,1.400,7.184,4.900,ROP_MAX_SAFETY_STOCK,Slow consumption of 0.8 per month over 24 months with a 38-day lead time gives a reorder point of 2.4 against the current 1.096.,PROPOSED,2026-08-09
REC-001350,000000000010000876,4000,Gearbox Bearing 8/6 SANDVIK,INSURANCE,INTERMITTENT,6,125,19.487,11.700,7.553,4.500,19.487,16.900,ROP_MAX_SAFETY_STOCK,"Stock on hand 15 is below the current reorder point 19.487. At the INSURANCE service level of 90% and a 125-day lead time, the reorder point should be 11.7.",PROPOSED,2026-05-22
REC-001351,000000000010000876,2000,Gearbox Bearing 8/6 SANDVIK,INSURANCE,INTERMITTENT,5,125,9.182,8.600,3.855,3.600,17.115,12.200,ROP_MAX_SAFETY_STOCK,"Stock on hand 5 is below the current reorder point 9.182. At the INSURANCE service level of 90% and a 125-day lead time, the reorder point should be 8.6.",HELD,2026-05-15
REC-001352,000000000010000877,2000,Pump Impeller DN100 SKF,IMPACT,INTERMITTENT,5,24,8.139,5.100,5.302,3.300,12.322,11.800,ROP_MAX_SAFETY_STOCK,Intermittent consumption of 2.2 per month over 24 months with a 24-day lead time gives a reorder point of 5.1 against the current 8.139.,PROPOSED,2026-05-10
REC-001353,000000000010000877,3000,Pump Impeller DN100 SKF,IMPACT,INTERMITTENT,4,24,0.724,1.300,0.564,1.000,2.114,2.400,ROP_MAX_SAFETY_STOCK,"Stock on hand 0 is below the current reorder point 0.724. At the IMPACT service level of 95% and a 24-day lead time, the reorder point should be 1.3.",PROPOSED,2026-05-14
REC-001354,000000000010000878,2000,Mill Liner 200MM SKF,CRITICAL,INTERMITTENT,0,85,5.945,4.500,3.677,2.800,8.843,6.400,ROP_MAX_SAFETY_STOCK,"Stock on hand 0 is below the current reorder point 5.945. At the CRITICAL service level of 98% and a 85-day lead time, the reorder point should be 4.5.",PROPOSED,2026-05-12
REC-001355,000000000010000879,1000,Conveyor Pulley Bearing 150MM WEIR,INSURANCE,INTERMITTENT,4,239,14.018,10.100,4.991,3.600,21.235,12.600,ROP_MAX_SAFETY_STOCK,"Stock on hand 9 is below the current reorder point 14.018. At the INSURANCE service level of 90% and a 239-day lead time, the reorder point should be 10.1.",PROPOSED,2026-05-12
REC-001356,000000000010000880,4000,Gland Packing Seal Ring TYPE A SKF,IMPACT,REGULAR,12,60,70.281,42.900,15.174,9.300,158.143,94.000,ROP_MAX_SAFETY_STOCK,"Stock on hand 65 is below the current reorder point 70.281. At the IMPACT service level of 95% and a 60-day lead time, the reorder point should be 42.9.",APPROVED,2026-08-17
REC-001357,000000000030000213,2000,Pressure Transmitter Assembly 110KW,CRITICAL,ON_DEMAND,3,43,0.000,8.000,0.000,5.600,0.000,13.100,OAR_TO_MIN_MAX,This OAR material is classified CRITICAL on the critical parts list. Recommend Min-Max management with a reorder point of 8 and a maximum of 13.1.,PROPOSED,2026-05-31
REC-001358,000000000010000881,3000,Belt Scraper Blade Cartridge DN100 FLSM,CRITICAL,SLOW,3,50,2.695,1.700,1.936,1.200,3.642,2.600,ROP_MAX_SAFETY_STOCK,Slow consumption of 0.3 per month over 24 months with a 50-day lead time gives a reorder point of 1.7 against the current 2.695.,PROPOSED,2026-06-02
REC-001359,000000000010000882,2000,Pressure Transmitter Assembly HD WEIR,CRITICAL,INTERMITTENT,0,131,17.786,14.200,11.047,8.800,30.097,17.900,ROP_MAX_SAFETY_STOCK,"Stock on hand 0 is below the current reorder point 17.786. At the CRITICAL service level of 98% and a 131-day lead time, the reorder point should be 14.2.",PROPOSED,2026-05-11
REC-001360,000000000010000883,2000,Pressure Transmitter Assembly 8/6 SKF,IMPACT,INTERMITTENT,3,38,4.155,3.700,2.793,2.500,9.653,6.600,ROP_MAX_SAFETY_STOCK,Intermittent consumption of 1.0 per month over 24 months with a 38-day lead time gives a reorder point of 3.7 against the current 4.155.,PROPOSED,2026-08-05
REC-001361,000000000010000884,3000,Flotation Cell Impeller 55KW MULTOTEC,CRITICAL,INTERMITTENT,0,111,18.999,12.400,11.072,7.200,18.999,16.600,ROP_MAX_SAFETY_STOCK,"Stock on hand 0 is below the current reorder point 18.999. At the CRITICAL service level of 98% and a 111-day lead time, the reorder point should be 12.4.",REJECTED,2026-06-19
REC-001362,000000000010000884,1000,Flotation Cell Impeller 55KW MULTOTEC,CRITICAL,INTERMITTENT,0,111,9.846,16.700,5.824,9.900,27.753,22.300,ROP_MAX_SAFETY_STOCK,"Stock on hand 0 is below the current reorder point 9.846. At the CRITICAL service level of 98% and a 111-day lead time, the reorder point should be 16.7.",PROPOSED,2026-07-18
REC-001363,000000000010000885,3000,Skirt Rubber Liner Section 8/6 FLSM,CRITICAL,REGULAR,10,36,16.426,25.200,4.417,6.800,91.494,72.000,ROP_MAX_SAFETY_STOCK,"Stock on hand 0 is below the current reorder point 16.426. At the CRITICAL service level of 98% and a 36-day lead time, the reorder point should be 25.2.",PROPOSED,2026-06-27
REC-001364,000000000010000886,3000,Ball Mill Shell Liner Plate DN150 SKF,CRITICAL,INTERMITTENT,0,68,8.105,9.800,4.717,5.700,14.735,15.300,ROP_MAX_SAFETY_STOCK,"Stock on hand 0 is below the current reorder point 8.105. At the CRITICAL service level of 98% and a 68-day lead time, the reorder point should be 9.8.",APPROVED,2026-08-17
REC-001365,000000000010000887,4000,Centrifugal Pump Casing 200MM SIEMENS,INSURANCE,INTERMITTENT,2,149,4.396,3.000,2.003,1.400,4.596,4.000,ROP_MAX_SAFETY_STOCK,Stock on hand 7 exceeds the current maximum 4.596. Consumption of 0.3 per month supports a maximum of 4.,PROPOSED,2026-07-31
REC-001366,000000000010000887,3000,Centrifugal Pump Casing 200MM SIEMENS,INSURANCE,INTERMITTENT,7,149,10.995,8.200,3.876,2.900,18.454,11.400,ROP_MAX_SAFETY_STOCK,"Stock on hand 8 is below the current reorder point 10.995. At the INSURANCE service level of 90% and a 149-day lead time, the reorder point should be 8.2.",APPROVED,2026-05-17
REC-001367,000000000010000888,2000,Flow Meter Sensor Head 8/6 SIEMENS,CRITICAL,INTERMITTENT,0,97,30.471,18.500,17.593,10.700,36.002,25.900,ROP_MAX_SAFETY_STOCK,"Stock on hand 0 is below the current reorder point 30.471. At the CRITICAL service level of 98% and a 97-day lead time, the reorder point should be 18.5.",HELD,2026-07-07
REC-001368,000000000010000889,3000,Flotation Blower Motor 8/6 SEW,CRITICAL,INTERMITTENT,3,59,12.302,7.100,9.079,5.200,17.051,10.000,ROP_MAX_SAFETY_STOCK,"Stock on hand 9 is below the current reorder point 12.302. At the CRITICAL service level of 98% and a 59-day lead time, the reorder point should be 7.1.",PROPOSED,2026-05-10
REC-001369,000000000090000045,4000,Belt Scraper Blade Cartridge HD ABB,OBSOLETE,NO_DEMAND,0,12,0.000,,0.000,,1.000,,NO_SAFETY_STOCK,Obsolete material: no safety stock recommended. Candidate for stock reduction review.,APPROVED,2026-07-14
REC-001370,000000000010000892,4000,Thickener Rake Drive Gearbox 250KW,INSURANCE,INTERMITTENT,6,58,8.814,5.600,5.043,3.200,8.814,9.300,ROP_MAX_SAFETY_STOCK,Stock on hand 11 exceeds the current maximum 8.814. Consumption of 1.2 per month supports a maximum of 9.3.,HELD,2026-07-14
REC-001371,000000000010000893,4000,Pump Impeller 250MM SIEMENS,NORMAL,INTERMITTENT,2,46,4.710,5.100,2.767,3.000,10.321,9.300,ROP_MAX_SAFETY_STOCK,Intermittent consumption of 1.4 per month over 24 months with a 46-day lead time gives a reorder point of 5.1 against the current 4.71.,APPROVED,2026-05-21
REC-001372,000000000010000894,2000,Thickener Rake Seal Kit 8/6 ABB,NORMAL,REGULAR,11,16,10.258,14.200,2.503,3.500,68.533,75.200,ROP_MAX_SAFETY_STOCK,Regular consumption of 20.3 per month over 24 months with a 16-day lead time gives a reorder point of 14.2 against the current 10.258.,APPROVED,2026-08-31
REC-001373,000000000010000895,3000,Mill Lube Pump Motor 150MM SANDVIK,NORMAL,REGULAR,12,25,21.750,18.800,5.089,4.400,65.965,71.500,ROP_MAX_SAFETY_STOCK,Regular consumption of 17.6 per month over 24 months with a 25-day lead time gives a reorder point of 18.8 against the current 21.75.,PROPOSED,2026-05-13
REC-001374,000000000030000219,4000,Agitator Shaft Seal 10/8 FLSM,CRITICAL,ON_DEMAND,1,149,0.000,8.000,0.000,4.500,0.000,10.100,OAR_TO_MIN_MAX,This OAR material is classified CRITICAL on the critical parts list. Recommend Min-Max management with a reorder point of 8 and a maximum of 10.1.,REJECTED,2026-06-17
REC-001375,000000000010000896,4000,Mill Liner 55KW FLSM,INSURANCE,REGULAR,10,58,102.765,79.200,17.501,13.500,249.469,182.600,ROP_MAX_SAFETY_STOCK,"Stock on hand 99 is below the current reorder point 102.765. At the INSURANCE service level of 90% and a 58-day lead time, the reorder point should be 79.2.",HELD,2026-07-13
REC-001376,000000000010000897,4000,Ventilation Fan Motor HD FLSM,NORMAL,INTERMITTENT,2,38,2.794,1.900,1.727,1.200,3.566,3.600,ROP_MAX_SAFETY_STOCK,Stock on hand 6 exceeds the current maximum 3.566. Consumption of 0.6 per month supports a maximum of 3.6.,REJECTED,2026-06-29
REC-001377,000000000010000898,3000,Crusher Hydroset Cylinder DN100 ABB,INSURANCE,REGULAR,12,112,157.254,139.100,21.546,19.100,252.783,237.000,ROP_MAX_SAFETY_STOCK,Regular consumption of 32.6 per month over 24 months with a 112-day lead time gives a reorder point of 139.1 against the current 157.254.,PROPOSED,2026-08-24
REC-001378,000000000010000899,3000,Cyclone Apex Liner TYPE A SEW,NORMAL,REGULAR,11,34,26.642,31.900,4.359,5.200,79.602,103.700,ROP_MAX_SAFETY_STOCK,Regular consumption of 23.9 per month over 24 months with a 34-day lead time gives a reorder point of 31.9 against the current 26.642.,PROPOSED,2026-05-28
REC-001379,000000000010000900,2000,Mill Liner 150MM SEW,INSURANCE,SLOW,3,115,1.940,1.500,1.166,0.900,2.176,2.000,ROP_MAX_SAFETY_STOCK,Slow consumption of 0.2 per month over 24 months with a 115-day lead time gives a reorder point of 1.5 against the current 1.94.,PROPOSED,2026-06-18
REC-001380,000000000010000901,2000,Hydraulic Pump Assembly DN150 FLSM,CRITICAL,REGULAR,12,139,294.242,221.200,70.240,52.800,459.189,331.800,ROP_MAX_SAFETY_STOCK,"Stock on hand 200 is below the current reorder point 294.242. At the CRITICAL service level of 98% and a 139-day lead time, the reorder point should be 221.2.",PROPOSED,2026-05-10
REC-001381,000000000080000201,1000,Slurry Density Transmitter 110KW,IMPACT,INTERMITTENT,6,30,6.441,6.500,4.173,4.200,9.775,13.400,ROP_MAX_SAFETY_STOCK,Intermittent consumption of 2.3 per month over 24 months with a 30-day lead time gives a reorder point of 6.5 against the current 6.441.,APPROVED,2026-06-03
REC-001382,000000000080000202,2000,Conveyor Drive Motor 250MM ABB,NORMAL,INTERMITTENT,5,51,1.567,1.700,0.805,0.900,5.417,3.200,ROP_MAX_SAFETY_STOCK,"Stock on hand 1 is below the current reorder point 1.567. At the NORMAL service level of 85% and a 51-day lead time, the reorder point should be 1.7.",HELD,2026-08-01
REC-001383,000000000080000202,3000,Conveyor Drive Motor 250MM ABB,NORMAL,INTERMITTENT,4,51,4.761,3.100,2.588,1.700,5.681,5.600,ROP_MAX_SAFETY_STOCK,Stock on hand 7 exceeds the current maximum 5.681. Consumption of 0.8 per month supports a maximum of 5.6.,APPROVED,2026-06-09
REC-001384,000000000080000203,4000,Crusher Hydroset Cylinder 6/4 KSB,IMPACT,INTERMITTENT,5,25,9.998,6.300,7.108,4.500,15.220,12.900,ROP_MAX_SAFETY_STOCK,"Stock on hand 2 is below the current reorder point 9.998. At the IMPACT service level of 95% and a 25-day lead time, the reorder point should be 6.3.",REJECTED,2026-08-22
REC-001385,000000000010000902,1000,Cyclone Apex Liner 250MM SANDVIK,IMPACT,INTERMITTENT,5,50,3.426,2.300,2.225,1.500,3.426,3.800,ROP_MAX_SAFETY_STOCK,Stock on hand 8 exceeds the current maximum 3.426. Consumption of 0.5 per month supports a maximum of 3.8.,PROPOSED,2026-07-16
REC-001386,000000000010000902,4000,Cyclone Apex Liner 250MM SANDVIK,IMPACT,INTERMITTENT,3,50,2.708,5.400,1.787,3.600,10.354,8.800,ROP_MAX_SAFETY_STOCK,Intermittent consumption of 1.1 per month over 24 months with a 50-day lead time gives a reorder point of 5.4 against the current 2.708.,APPROVED,2026-06-02
REC-001387,000000000010000903,2000,Variable Speed Drive Unit DN150 MULTOTEC,CRITICAL,INTERMITTENT,7,214,8.713,7.300,3.126,2.600,8.713,9.300,ROP_MAX_SAFETY_STOCK,Stock on hand 10 exceeds the current maximum 8.713. Consumption of 0.7 per month supports a maximum of 9.3.,APPROVED,2026-06-16
REC-001388,000000000010000904,4000,Centrifugal Pump Casing 10/8 KSB,CRITICAL,INTERMITTENT,7,132,6.187,9.400,2.846,4.300,12.028,12.900,ROP_MAX_SAFETY_STOCK,Intermittent consumption of 1.2 per month over 24 months with a 132-day lead time gives a reorder point of 9.4 against the current 6.187.,APPROVED,2026-08-01
REC-001389,000000000010000905,1000,Slurry Pump Mechanical Seal 6/4 METSO,INSURANCE,INTERMITTENT,9,125,8.615,7.000,3.212,2.600,8.615,10.200,ROP_MAX_SAFETY_STOCK,"Stock on hand 7 is below the current reorder point 8.615. At the INSURANCE service level of 90% and a 125-day lead time, the reorder point should be 7.",PROPOSED,2026-08-26
REC-001390,000000000010000905,4000,Slurry Pump Mechanical Seal 6/4 METSO,INSURANCE,INTERMITTENT,4,125,4.239,6.000,1.837,2.600,11.794,8.500,ROP_MAX_SAFETY_STOCK,Intermittent consumption of 0.8 per month over 24 months with a 125-day lead time gives a reorder point of 6 against the current 4.239.,APPROVED,2026-07-29
REC-001391,000000000080000204,1000,Ball Mill Trunnion Bearing HD MULTOTEC,NORMAL,INTERMITTENT,8,40,6.205,5.300,2.675,2.300,16.121,12.200,ROP_MAX_SAFETY_STOCK,Intermittent consumption of 2.3 per month over 24 months with a 40-day lead time gives a reorder point of 5.3 against the current 6.205.,REJECTED,2026-06-02
REC-001392,000000000080000204,4000,Ball Mill Trunnion Bearing HD MULTOTEC,NORMAL,INTERMITTENT,4,40,5.624,5.500,3.077,3.000,15.298,11.100,ROP_MAX_SAFETY_STOCK,Intermittent consumption of 1.9 per month over 24 months with a 40-day lead time gives a reorder point of 5.5 against the current 5.624.,APPROVED,2026-07-01
REC-001393,000000000010000906,4000,Pump Impeller 250MM SEW,NORMAL,REGULAR,12,8,5.887,11.900,1.924,3.900,86.104,103.000,ROP_MAX_SAFETY_STOCK,Regular consumption of 30.4 per month over 24 months with a 8-day lead time gives a reorder point of 11.9 against the current 5.887.,PROPOSED,2026-06-02
REC-001394,000000000010000906,3000,Pump Impeller 250MM SEW,NORMAL,REGULAR,11,8,16.734,10.100,5.349,3.200,82.386,88.500,ROP_MAX_SAFETY_STOCK,Regular consumption of 26.1 per month over 24 months with a 8-day lead time gives a reorder point of 10.1 against the current 16.734.,REJECTED,2026-05-18
REC-001395,000000000090000046,3000,Conveyor Drive Motor TYPE A SIEMENS,OBSOLETE,NO_DEMAND,0,36,0.000,,0.000,,1.000,,NO_SAFETY_STOCK,Obsolete material: no safety stock recommended. Candidate for stock reduction review.,APPROVED,2026-05-25
REC-001396,000000000030000221,3000,Soft Starter Power Module 250KW METSO,CRITICAL,ON_DEMAND,2,132,0.000,14.800,0.000,7.900,0.000,19.600,OAR_TO_MIN_MAX,This OAR material is classified CRITICAL on the critical parts list. Recommend Min-Max management with a reorder point of 14.8 and a maximum of 19.6.,PROPOSED,2026-06-08
REC-001397,000000000010000907,2000,Level Radar Transmitter HD MULTOTEC,IMPACT,REGULAR,11,38,20.440,20.700,5.654,5.700,49.997,56.800,ROP_MAX_SAFETY_STOCK,"Stock on hand 14 is below the current reorder point 20.44. At the IMPACT service level of 95% and a 38-day lead time, the reorder point should be 20.7.",APPROVED,2026-07-23
REC-001398,000000000010000908,3000,Ventilation Fan Motor 6/4 FLSM,CRITICAL,INTERMITTENT,0,133,15.093,10.700,9.187,6.500,17.919,13.600,ROP_MAX_SAFETY_STOCK,"Stock on hand 0 is below the current reorder point 15.093. At the CRITICAL service level of 98% and a 133-day lead time, the reorder point should be 10.7.",APPROVED,2026-08-18
REC-001399,000000000010000910,4000,Apron Feeder Gear Reducer 150MM SEW,CRITICAL,INTERMITTENT,0,108,11.230,7.000,6.941,4.300,11.230,9.200,ROP_MAX_SAFETY_STOCK,"Stock on hand 0 is below the current reorder point 11.23. At the CRITICAL service level of 98% and a 108-day lead time, the reorder point should be 7.",PROPOSED,2026-07-16
REC-001400,000000000010000910,1000,Apron Feeder Gear Reducer 150MM SEW,CRITICAL,INTERMITTENT,0,108,22.759,14.700,13.333,8.600,22.759,19.800,ROP_MAX_SAFETY_STOCK,"Stock on hand 0 is below the current reorder point 22.759. At the CRITICAL service level of 98% and a 108-day lead time, the reorder point should be 14.7.",REJECTED,2026-06-12
REC-001401,000000000030000222,3000,Screen Exciter Bearing 110KW SEW,CRITICAL,ON_DEMAND,1,124,0.000,13.600,0.000,7.500,0.000,18.100,OAR_TO_MIN_MAX,This OAR material is classified CRITICAL on the critical parts list. Recommend Min-Max management with a reorder point of 13.6 and a maximum of 18.1.,REJECTED,2026-07-31
REC-001402,000000000080000205,2000,Conveyor Pulley Bearing DN150 KSB,CRITICAL,INTERMITTENT,6,98,19.593,16.200,11.469,9.500,32.032,22.400,ROP_MAX_SAFETY_STOCK,Intermittent consumption of 2.1 per month over 24 months with a 98-day lead time gives a reorder point of 16.2 against the current 19.593.,REJECTED,2026-08-14
REC-001403,000000000010000911,2000,Hydraulic Pump Assembly TYPE A KSB,CRITICAL,INTERMITTENT,0,110,6.345,11.300,3.707,6.600,23.040,15.200,ROP_MAX_SAFETY_STOCK,"Stock on hand 0 is below the current reorder point 6.345. At the CRITICAL service level of 98% and a 110-day lead time, the reorder point should be 11.3.",HELD,2026-08-12
REC-001404,000000000010000912,2000,Conveyor Pulley Bearing 200MM SKF,NORMAL,SLOW,1,54,0.372,0.800,0.238,0.500,0.991,1.300,ROP_MAX_SAFETY_STOCK,Stock on hand 1 exceeds the current maximum 0.991. Consumption of 0.2 per month supports a maximum of 1.3.,PROPOSED,2026-05-26
REC-001405,000000000010000913,3000,MCC Feeder Circuit Breaker DN100 SKF,IMPACT,INTERMITTENT,5,33,8.401,6.500,5.995,4.600,10.225,11.600,ROP_MAX_SAFETY_STOCK,"Stock on hand 2 is below the current reorder point 8.401. At the IMPACT service level of 95% and a 33-day lead time, the reorder point should be 6.5.",PROPOSED,2026-05-15
REC-001406,000000000010000913,1000,MCC Feeder Circuit Breaker DN100 SKF,IMPACT,INTERMITTENT,2,33,8.032,4.500,6.085,3.400,8.032,7.500,ROP_MAX_SAFETY_STOCK,Stock on hand 9 exceeds the current maximum 8.032. Consumption of 1.0 per month supports a maximum of 7.5.,HELD,2026-08-06
REC-001407,000000000010000914,4000,Conveyor Pulley Bearing DN150 METSO,CRITICAL,INTERMITTENT,1,106,10.542,7.200,8.020,5.500,13.670,8.700,ROP_MAX_SAFETY_STOCK,"Stock on hand 0 is below the current reorder point 10.542. At the CRITICAL service level of 98% and a 106-day lead time, the reorder point should be 7.2.",APPROVED,2026-08-13
REC-001408,000000000010000914,1000,Conveyor Pulley Bearing DN150 METSO,CRITICAL,INTERMITTENT,0,106,18.952,17.800,11.515,10.800,31.777,23.800,ROP_MAX_SAFETY_STOCK,"Stock on hand 0 is below the current reorder point 18.952. At the CRITICAL service level of 98% and a 106-day lead time, the reorder point should be 17.8.",REJECTED,2026-08-10
REC-001409,000000000090000047,2000,Ball Mill Shell Liner Plate 150MM,OBSOLETE,NO_DEMAND,0,25,0.000,,0.000,,1.000,,NO_SAFETY_STOCK,Obsolete material: no safety stock recommended. Candidate for stock reduction review.,APPROVED,2026-07-20
REC-001410,000000000030000224,3000,Level Radar Transmitter 55KW KSB,IMPACT,ON_DEMAND,1,10,0.000,3.100,0.000,2.400,0.000,9.100,OAR_TO_MIN_MAX,This OAR material is classified IMPACT on the critical parts list. Recommend Min-Max management with a reorder point of 3.1 and a maximum of 9.1.,APPROVED,2026-08-23
REC-001411,000000000080000206,1000,Slurry Pump Mechanical Seal 150MM ABB,IMPACT,INTERMITTENT,5,45,1.362,3.400,0.890,2.200,5.229,5.800,ROP_MAX_SAFETY_STOCK,"Stock on hand 1 is below the current reorder point 1.362. At the IMPACT service level of 95% and a 45-day lead time, the reorder point should be 3.4.",APPROVED,2026-05-31
REC-001412,000000000010000915,4000,Gland Packing Seal Ring TYPE B MULTOTEC,INSURANCE,REGULAR,10,90,41.076,38.200,5.069,4.700,74.274,72.200,ROP_MAX_SAFETY_STOCK,Regular consumption of 11.3 per month over 24 months with a 90-day lead time gives a reorder point of 38.2 against the current 41.076.,REJECTED,2026-08-04
REC-001413,000000000010000916,2000,Vertical Sump Pump Column HD METSO,INSURANCE,INTERMITTENT,5,202,3.722,5.000,1.255,1.700,6.263,6.500,ROP_MAX_SAFETY_STOCK,Intermittent consumption of 0.5 per month over 24 months with a 202-day lead time gives a reorder point of 5 against the current 3.722.,PROPOSED,2026-06-09
REC-001414,000000000080000207,1000,Flotation Blower Motor 8/6 SEW,NORMAL,INTERMITTENT,6,16,3.081,2.600,2.031,1.700,8.715,7.700,ROP_MAX_SAFETY_STOCK,Intermittent consumption of 1.7 per month over 24 months with a 16-day lead time gives a reorder point of 2.6 against the current 3.081.,PROPOSED,2026-08-29
REC-001415,000000000080000208,3000,Mill Liner DN100 FLSM,CRITICAL,INTERMITTENT,3,42,2.987,1.900,2.357,1.500,2.987,2.800,ROP_MAX_SAFETY_STOCK,Stock on hand 3 exceeds the current maximum 2.987. Consumption of 0.3 per month supports a maximum of 2.8.,APPROVED,2026-08-08
REC-001416,000000000010000917,1000,Vertical Sump Pump Column HD SKF,CRITICAL,REGULAR,12,83,202.671,119.900,43.583,25.800,359.149,223.400,ROP_MAX_SAFETY_STOCK,"Stock on hand 53 is below the current reorder point 202.671. At the CRITICAL service level of 98% and a 83-day lead time, the reorder point should be 119.9.",APPROVED,2026-08-17
REC-001417,000000000010000918,1000,Vertical Sump Pump Column 250KW METSO,INSURANCE,INTERMITTENT,8,149,11.472,8.400,4.500,3.300,19.889,11.500,ROP_MAX_SAFETY_STOCK,"Stock on hand 8 is below the current reorder point 11.472. At the INSURANCE service level of 90% and a 149-day lead time, the reorder point should be 8.4.",APPROVED,2026-07-18
REC-001418,000000000010000918,2000,Vertical Sump Pump Column 250KW METSO,INSURANCE,INTERMITTENT,8,149,16.340,15.900,5.654,5.500,24.364,22.300,ROP_MAX_SAFETY_STOCK,"Stock on hand 7 is below the current reorder point 16.34. At the INSURANCE service level of 90% and a 149-day lead time, the reorder point should be 15.9.",PROPOSED,2026-08-03
REC-001419,000000000030000226,2000,Soft Starter Power Module HD MULTOTEC,IMPACT,ON_DEMAND,2,26,0.000,6.500,0.000,4.200,0.000,14.600,OAR_TO_MIN_MAX,This OAR material is classified IMPACT on the critical parts list. Recommend Min-Max management with a reorder point of 6.5 and a maximum of 14.6.,APPROVED,2026-06-14
REC-001420,000000000080000209,2000,Conveyor Drive Gearbox TYPE B MULTOTEC,IMPACT,INTERMITTENT,6,30,4.891,4.900,3.192,3.200,15.406,10.200,ROP_MAX_SAFETY_STOCK,Intermittent consumption of 1.8 per month over 24 months with a 30-day lead time gives a reorder point of 4.9 against the current 4.891.,PROPOSED,2026-07-30
REC-001421,000000000010000919,1000,Gland Packing Seal Ring TYPE B SANDVIK,CRITICAL,INTERMITTENT,6,144,9.925,23.400,5.082,12.000,21.853,30.600,ROP_MAX_SAFETY_STOCK,"Stock on hand 0 is below the current reorder point 9.925. At the CRITICAL service level of 98% and a 144-day lead time, the reorder point should be 23.4.",APPROVED,2026-07-03
REC-001422,000000000010000920,3000,Centrifugal Pump Casing DN100 SKF,INSURANCE,INTERMITTENT,6,178,19.046,14.200,6.333,4.700,29.965,19.100,ROP_MAX_SAFETY_STOCK,"Stock on hand 14 is below the current reorder point 19.046. At the INSURANCE service level of 90% and a 178-day lead time, the reorder point should be 14.2.",REJECTED,2026-07-26
REC-001423,000000000010000920,4000,Centrifugal Pump Casing DN100 SKF,INSURANCE,INTERMITTENT,4,178,7.862,4.800,2.614,1.600,7.862,6.400,ROP_MAX_SAFETY_STOCK,"Stock on hand 6 is below the current reorder point 7.862. At the INSURANCE service level of 90% and a 178-day lead time, the reorder point should be 4.8.",REJECTED,2026-05-19
REC-001424,000000000080000210,3000,Ventilation Fan Motor TYPE A SKF,IMPACT,INTERMITTENT,7,10,1.256,1.000,0.976,0.800,4.661,3.100,ROP_MAX_SAFETY_STOCK,"Stock on hand 1 is below the current reorder point 1.256. At the IMPACT service level of 95% and a 10-day lead time, the reorder point should be 1.",APPROVED,2026-05-14
REC-001425,000000000010000921,1000,Valve Assembly 150MM MULTOTEC,IMPACT,REGULAR,12,51,34.417,33.200,7.852,7.600,56.137,79.100,ROP_MAX_SAFETY_STOCK,"Stock on hand 13 is below the current reorder point 34.417. At the IMPACT service level of 95% and a 51-day lead time, the reorder point should be 33.2.",PROPOSED,2026-06-07
REC-001426,000000000080000211,4000,Cyclone Apex Liner DN100 SKF,NORMAL,INTERMITTENT,3,15,1.343,1.000,0.988,0.700,4.333,2.600,ROP_MAX_SAFETY_STOCK,Intermittent consumption of 0.5 per month over 24 months with a 15-day lead time gives a reorder point of 1 against the current 1.343.,REJECTED,2026-08-15
REC-001427,000000000010000922,2000,Conveyor Pulley Bearing TYPE A SIEMENS,INSURANCE,INTERMITTENT,6,164,7.408,4.200,2.672,1.500,7.408,5.700,ROP_MAX_SAFETY_STOCK,Stock on hand 8 exceeds the current maximum 7.408. Consumption of 0.5 per month supports a maximum of 5.7.,REJECTED,2026-07-02
REC-001428,000000000080000212,3000,Conveyor Drive Motor TYPE B WEIR,CRITICAL,INTERMITTENT,5,59,9.802,8.900,6.851,6.200,21.059,13.000,ROP_MAX_SAFETY_STOCK,"Stock on hand 6 is below the current reorder point 9.802. At the CRITICAL service level of 98% and a 59-day lead time, the reorder point should be 8.9.",APPROVED,2026-06-02
REC-001429,000000000080000212,2000,Conveyor Drive Motor TYPE B WEIR,CRITICAL,INTERMITTENT,6,59,9.993,8.400,6.725,5.700,12.539,12.700,ROP_MAX_SAFETY_STOCK,"Stock on hand 6 is below the current reorder point 9.993. At the CRITICAL service level of 98% and a 59-day lead time, the reorder point should be 8.4.",PROPOSED,2026-07-08
REC-001430,000000000010000923,3000,Apron Feeder Gear Reducer 55KW FLSM,INSURANCE,INTERMITTENT,6,130,12.689,7.100,5.043,2.800,12.689,10.100,ROP_MAX_SAFETY_STOCK,Stock on hand 13 exceeds the current maximum 12.689. Consumption of 1.0 per month supports a maximum of 10.1.,APPROVED,2026-07-02
REC-001431,000000000010000923,2000,Apron Feeder Gear Reducer 55KW FLSM,INSURANCE,INTERMITTENT,2,130,7.382,5.800,3.521,2.800,7.382,7.900,ROP_MAX_SAFETY_STOCK,Stock on hand 12 exceeds the current maximum 7.382. Consumption of 0.7 per month supports a maximum of 7.9.,APPROVED,2026-08-27
REC-001432,000000000010000924,1000,Crusher Main Shaft Bearing 110KW KSB,IMPACT,SLOW,1,33,0.648,0.600,0.546,0.500,1.288,0.800,ROP_MAX_SAFETY_STOCK,Slow consumption of 0.1 per month over 24 months with a 33-day lead time gives a reorder point of 0.6 against the current 0.648.,PROPOSED,2026-06-24
REC-001433,000000000080000213,3000,Pump Impeller DN150 SANDVIK,NORMAL,INTERMITTENT,5,25,5.549,4.200,3.033,2.300,16.961,11.200,ROP_MAX_SAFETY_STOCK,Intermittent consumption of 2.3 per month over 24 months with a 25-day lead time gives a reorder point of 4.2 against the current 5.549.,REJECTED,2026-06-05
REC-001434,000000000010000925,1000,Flotation Blower Motor 200MM ABB,NORMAL,INTERMITTENT,1,21,0.967,2.100,0.717,1.600,4.097,4.500,ROP_MAX_SAFETY_STOCK,Intermittent consumption of 0.8 per month over 24 months with a 21-day lead time gives a reorder point of 2.1 against the current 0.967.,APPROVED,2026-07-11
REC-001435,000000000010000925,4000,Flotation Blower Motor 200MM ABB,NORMAL,INTERMITTENT,2,21,0.701,0.900,0.450,0.600,2.033,2.300,ROP_MAX_SAFETY_STOCK,Intermittent consumption of 0.5 per month over 24 months with a 21-day lead time gives a reorder point of 0.9 against the current 0.701.,HELD,2026-07-11
REC-001436,000000000010000926,1000,Crusher Hydroset Cylinder HD WEIR,CRITICAL,INTERMITTENT,0,73,5.450,5.200,3.888,3.700,9.406,7.100,ROP_MAX_SAFETY_STOCK,"Stock on hand 0 is below the current reorder point 5.45. At the CRITICAL service level of 98% and a 73-day lead time, the reorder point should be 5.2.",HELD,2026-07-06
REC-001437,000000000010000926,3000,Crusher Hydroset Cylinder HD WEIR,CRITICAL,INTERMITTENT,0,73,14.406,12.600,7.882,6.900,33.439,19.700,ROP_MAX_SAFETY_STOCK,"Stock on hand 0 is below the current reorder point 14.406. At the CRITICAL service level of 98% and a 73-day lead time, the reorder point should be 12.6.",PROPOSED,2026-05-30
REC-001438,000000000030000229,1000,Ball Mill Gearbox Assembly DN100 SKF,IMPACT,ON_DEMAND,2,11,0.000,2.300,0.000,1.900,0.000,5.800,OAR_TO_MIN_MAX,This OAR material is classified IMPACT on the critical parts list. Recommend Min-Max management with a reorder point of 2.3 and a maximum of 5.8.,PROPOSED,2026-08-22
REC-001439,000000000010000928,2000,Ball Mill Shell Liner Plate 6/4 METSO,INSURANCE,INTERMITTENT,6,130,4.547,3.100,1.948,1.300,6.343,4.300,ROP_MAX_SAFETY_STOCK,Intermittent consumption of 0.4 per month over 24 months with a 130-day lead time gives a reorder point of 3.1 against the current 4.547.,REJECTED,2026-08-06
REC-001440,000000000010000928,4000,Ball Mill Shell Liner Plate 6/4 METSO,INSURANCE,INTERMITTENT,5,130,5.488,3.300,2.238,1.300,5.488,4.700,ROP_MAX_SAFETY_STOCK,"Stock on hand 5 is below the current reorder point 5.488. At the INSURANCE service level of 90% and a 130-day lead time, the reorder point should be 3.3.",PROPOSED,2026-05-25
REC-001441,000000000010000929,3000,Soft Starter Power Module DN150 WEIR,NORMAL,INTERMITTENT,2,10,1.452,0.900,1.113,0.700,2.077,2.800,ROP_MAX_SAFETY_STOCK,"Stock on hand 0 is below the current reorder point 1.452. At the NORMAL service level of 85% and a 10-day lead time, the reorder point should be 0.9.",APPROVED,2026-08-25
REC-001442,000000000010000929,2000,Soft Starter Power Module DN150 WEIR,NORMAL,INTERMITTENT,4,10,3.461,2.000,2.546,1.500,11.581,7.000,ROP_MAX_SAFETY_STOCK,Stock on hand 12 exceeds the current maximum 11.581. Consumption of 1.7 per month supports a maximum of 7.,REJECTED,2026-07-07
REC-001443,000000000090000048,2000,Skirt Rubber Liner Section DN100 ABB,OBSOLETE,NO_DEMAND,0,44,0.000,,0.000,,1.000,,NO_SAFETY_STOCK,Obsolete material: no safety stock recommended. Candidate for stock reduction review.,HELD,2026-08-29
REC-001444,000000000030000231,2000,Crusher Hydroset Cylinder 150MM SIEMENS,CRITICAL,ON_DEMAND,1,73,0.000,6.100,0.000,4.500,0.000,8.100,OAR_TO_MIN_MAX,This OAR material is classified CRITICAL on the critical parts list. Recommend Min-Max management with a reorder point of 6.1 and a maximum of 8.1.,REJECTED,2026-07-08
REC-001445,000000000030000232,3000,Thickener Rake Seal Kit 10/8 FLSM,CRITICAL,ON_DEMAND,2,126,0.000,13.800,0.000,7.800,0.000,18.200,OAR_TO_MIN_MAX,This OAR material is classified CRITICAL on the critical parts list. Recommend Min-Max management with a reorder point of 13.8 and a maximum of 18.2.,PROPOSED,2026-07-11
REC-001446,000000000080000214,4000,Cyclone Apex Liner 10/8 SEW,NORMAL,INTERMITTENT,6,11,1.346,2.200,0.931,1.500,9.950,7.700,ROP_MAX_SAFETY_STOCK,"Stock on hand 0 is below the current reorder point 1.346. At the NORMAL service level of 85% and a 11-day lead time, the reorder point should be 2.2.",APPROVED,2026-05-25
REC-001447,000000000010000931,4000,Slurry Density Transmitter TYPE A KSB,CRITICAL,INTERMITTENT,0,109,4.706,4.600,3.052,3.000,7.335,6.000,ROP_MAX_SAFETY_STOCK,"Stock on hand 0 is below the current reorder point 4.706. At the CRITICAL service level of 98% and a 109-day lead time, the reorder point should be 4.6.",APPROVED,2026-06-06
REC-001448,000000000010000932,1000,Conveyor Idler Roller Set 150MM SANDVIK,INSURANCE,INTERMITTENT,4,147,15.032,12.100,6.809,5.500,27.879,16.200,ROP_MAX_SAFETY_STOCK,"Stock on hand 14 is below the current reorder point 15.032. At the INSURANCE service level of 90% and a 147-day lead time, the reorder point should be 12.1.",APPROVED,2026-08-30
REC-001449,000000000010000933,2000,Crusher Main Shaft Bearing 250MM SEW,CRITICAL,SLOW,3,45,1.198,1.200,0.951,1.000,2.092,1.700,ROP_MAX_SAFETY_STOCK,Slow consumption of 0.2 per month over 24 months with a 45-day lead time gives a reorder point of 1.2 against the current 1.198.,REJECTED,2026-05-25
REC-001450,000000000080000215,3000,Conveyor Drive Gearbox 55KW SKF,NORMAL,INTERMITTENT,4,54,2.992,2.700,1.675,1.500,6.807,4.700,ROP_MAX_SAFETY_STOCK,Intermittent consumption of 0.7 per month over 24 months with a 54-day lead time gives a reorder point of 2.7 against the current 2.992.,PROPOSED,2026-06-23
REC-001451,000000000080000216,4000,Conveyor Drive Motor 250MM SKF,CRITICAL,INTERMITTENT,5,62,11.087,6.200,6.981,3.900,11.229,9.600,ROP_MAX_SAFETY_STOCK,"Stock on hand 11 is below the current reorder point 11.087. At the CRITICAL service level of 98% and a 62-day lead time, the reorder point should be 6.2.",PROPOSED,2026-06-25
REC-001452,000000000010000934,4000,Slurry Pump Mechanical Seal 200MM FLSM,INSURANCE,REGULAR,12,33,69.528,53.000,14.126,10.800,164.880,169.900,ROP_MAX_SAFETY_STOCK,"Stock on hand 7 is below the current reorder point 69.528. At the INSURANCE service level of 90% and a 33-day lead time, the reorder point should be 53.",HELD,2026-06-30
REC-001453,000000000010000934,3000,Slurry Pump Mechanical Seal 200MM FLSM,INSURANCE,REGULAR,11,33,59.543,35.000,11.932,7.000,177.603,112.400,ROP_MAX_SAFETY_STOCK,Regular consumption of 25.8 per month over 24 months with a 33-day lead time gives a reorder point of 35 against the current 59.543.,REJECTED,2026-05-15
REC-001454,000000000010000935,1000,Valve Assembly 150MM MULTOTEC,CRITICAL,INTERMITTENT,7,196,10.642,6.400,4.377,2.600,10.642,8.200,ROP_MAX_SAFETY_STOCK,"Stock on hand 6 is below the current reorder point 10.642. At the CRITICAL service level of 98% and a 196-day lead time, the reorder point should be 6.4.",REJECTED,2026-08-13
REC-001455,000000000080000217,1000,Hydraulic Pump Assembly 250KW FLSM,IMPACT,INTERMITTENT,5,37,3.970,6.200,2.610,4.100,17.399,11.400,ROP_MAX_SAFETY_STOCK,Intermittent consumption of 1.8 per month over 24 months with a 37-day lead time gives a reorder point of 6.2 against the current 3.97.,PROPOSED,2026-08-29
REC-001456,000000000080000217,4000,Hydraulic Pump Assembly 250KW FLSM,IMPACT,INTERMITTENT,5,37,4.939,5.900,3.006,3.600,18.379,11.700,ROP_MAX_SAFETY_STOCK,Intermittent consumption of 1.9 per month over 24 months with a 37-day lead time gives a reorder point of 5.9 against the current 4.939.,PROPOSED,2026-06-28
REC-001457,000000000080000218,4000,Crusher Hydroset Cylinder 250MM SIEMENS,NORMAL,INTERMITTENT,7,21,1.921,2.100,1.106,1.200,10.077,5.800,ROP_MAX_SAFETY_STOCK,Intermittent consumption of 1.2 per month over 24 months with a 21-day lead time gives a reorder point of 2.1 against the current 1.921.,PROPOSED,2026-07-28
REC-001458,000000000080000219,3000,Crusher Hydroset Cylinder 55KW SIEMENS,IMPACT,INTERMITTENT,5,21,2.921,3.700,2.059,2.600,11.841,8.400,ROP_MAX_SAFETY_STOCK,Intermittent consumption of 1.6 per month over 24 months with a 21-day lead time gives a reorder point of 3.7 against the current 2.921.,APPROVED,2026-05-31
REC-001459,000000000010000936,2000,Conveyor Take-Up Pulley 110KW KSB,IMPACT,SLOW,1,40,3.100,2.400,2.224,1.700,6.022,3.900,ROP_MAX_SAFETY_STOCK,Slow consumption of 0.5 per month over 24 months with a 40-day lead time gives a reorder point of 2.4 against the current 3.1.,PROPOSED,2026-08-07
REC-001460,000000000080000220,3000,Mill Lube Pump Motor 10/8 SKF,IMPACT,INTERMITTENT,5,43,6.208,5.600,4.235,3.800,15.454,9.300,ROP_MAX_SAFETY_STOCK,Intermittent consumption of 1.2 per month over 24 months with a 43-day lead time gives a reorder point of 5.6 against the current 6.208.,APPROVED,2026-06-27
REC-001461,000000000010000938,1000,Conveyor Drive Motor 250MM FLSM,INSURANCE,INTERMITTENT,6,215,5.292,8.000,2.173,3.300,16.614,10.000,ROP_MAX_SAFETY_STOCK,"Stock on hand 3 is below the current reorder point 5.292. At the INSURANCE service level of 90% and a 215-day lead time, the reorder point should be 8.",PROPOSED,2026-08-06
REC-001462,000000000010000939,3000,Ball Mill Shell Liner Plate 150MM,INSURANCE,SLOW,1,130,2.421,2.000,1.338,1.100,3.621,2.600,ROP_MAX_SAFETY_STOCK,Stock on hand 4 exceeds the current maximum 3.621. Consumption of 0.2 per month supports a maximum of 2.6.,APPROVED,2026-07-19
REC-001463,000000000010000941,2000,Thickener Rake Drive Gearbox 150MM,INSURANCE,INTERMITTENT,7,138,26.035,17.800,8.042,5.500,26.035,25.900,ROP_MAX_SAFETY_STOCK,"Stock on hand 16 is below the current reorder point 26.035. At the INSURANCE service level of 90% and a 138-day lead time, the reorder point should be 17.8.",APPROVED,2026-06-30
REC-001464,000000000080000221,1000,Thickener Rake Seal Kit 150MM MULTOTEC,IMPACT,INTERMITTENT,4,50,10.278,7.800,6.598,5.000,18.712,12.900,ROP_MAX_SAFETY_STOCK,Intermittent consumption of 1.7 per month over 24 months with a 50-day lead time gives a reorder point of 7.8 against the current 10.278.,PROPOSED,2026-06-16
REC-001465,000000000010000943,1000,Belt Scraper Blade Cartridge 250MM METSO,INSURANCE,INTERMITTENT,7,187,8.581,4.900,2.806,1.600,8.581,6.500,ROP_MAX_SAFETY_STOCK,"Stock on hand 6 is below the current reorder point 8.581. At the INSURANCE service level of 90% and a 187-day lead time, the reorder point should be 4.9.",APPROVED,2026-06-02
REC-001466,000000000010000943,4000,Belt Scraper Blade Cartridge 250MM METSO,INSURANCE,INTERMITTENT,3,187,13.493,8.300,5.190,3.200,16.750,10.800,ROP_MAX_SAFETY_STOCK,Stock on hand 19 exceeds the current maximum 16.75. Consumption of 0.8 per month supports a maximum of 10.8.,REJECTED,2026-08-29
REC-001467,000000000090000049,1000,Centrifugal Pump Casing HD SANDVIK,OBSOLETE,NO_DEMAND,0,11,0.000,,0.000,,1.000,,NO_SAFETY_STOCK,Obsolete material: no safety stock recommended. Candidate for stock reduction review.,HELD,2026-07-03
REC-001468,000000000010000945,4000,Ball Mill Shell Liner Plate 200MM ABB,NORMAL,SLOW,1,22,0.185,0.400,0.136,0.300,1.301,0.900,ROP_MAX_SAFETY_STOCK,Slow consumption of 0.2 per month over 24 months with a 22-day lead time gives a reorder point of 0.4 against the current 0.185.,HELD,2026-07-10
REC-001469,000000000010000946,1000,Vertical Sump Pump Column 10/8 SKF,INSURANCE,INTERMITTENT,7,201,2.965,6.500,0.674,1.500,10.945,8.800,ROP_MAX_SAFETY_STOCK,Intermittent consumption of 0.8 per month over 24 months with a 201-day lead time gives a reorder point of 6.5 against the current 2.965.,PROPOSED,2026-07-17
REC-001470,000000000010000946,2000,Vertical Sump Pump Column 10/8 SKF,INSURANCE,INTERMITTENT,7,201,7.673,5.300,2.449,1.700,10.868,6.900,ROP_MAX_SAFETY_STOCK,Intermittent consumption of 0.5 per month over 24 months with a 201-day lead time gives a reorder point of 5.3 against the current 7.673.,PROPOSED,2026-06-01
REC-001471,000000000080000222,2000,MCC Feeder Circuit Breaker HD KSB,CRITICAL,INTERMITTENT,5,105,19.333,12.600,10.932,7.100,19.333,17.400,ROP_MAX_SAFETY_STOCK,"Stock on hand 19 is below the current reorder point 19.333. At the CRITICAL service level of 98% and a 105-day lead time, the reorder point should be 12.6.",REJECTED,2026-07-21
REC-001472,000000000080000223,2000,Skirt Rubber Liner Section 10/8 SANDVIK,IMPACT,INTERMITTENT,4,16,1.470,1.200,1.125,0.900,3.886,2.800,ROP_MAX_SAFETY_STOCK,Intermittent consumption of 0.5 per month over 24 months with a 16-day lead time gives a reorder point of 1.2 against the current 1.47.,HELD,2026-07-23
REC-001473,000000000010000947,2000,Agitator Shaft Seal 250MM SEW,NORMAL,INTERMITTENT,4,27,5.446,3.100,2.983,1.700,10.191,8.000,ROP_MAX_SAFETY_STOCK,Intermittent consumption of 1.6 per month over 24 months with a 27-day lead time gives a reorder point of 3.1 against the current 5.446.,REJECTED,2026-05-15
REC-001474,000000000010000948,3000,Belt Scraper Blade Cartridge DN150 FLSM,NORMAL,INTERMITTENT,4,10,1.300,0.800,0.945,0.600,2.385,2.900,ROP_MAX_SAFETY_STOCK,"Stock on hand 0 is below the current reorder point 1.3. At the NORMAL service level of 85% and a 10-day lead time, the reorder point should be 0.8.",APPROVED,2026-07-28
REC-001475,000000000080000224,1000,Mill Liner 6/4 FLSM,CRITICAL,INTERMITTENT,2,83,6.108,5.000,4.281,3.500,8.979,6.600,ROP_MAX_SAFETY_STOCK,Intermittent consumption of 0.5 per month over 24 months with a 83-day lead time gives a reorder point of 5 against the current 6.108.,PROPOSED,2026-08-25
REC-001476,000000000010000949,3000,Hydraulic Power Pack TYPE A METSO,CRITICAL,REGULAR,12,97,193.484,136.000,44.061,31.000,240.591,234.900,ROP_MAX_SAFETY_STOCK,Stock on hand 314 exceeds the current maximum 240.591. Consumption of 33.0 per month supports a maximum of 234.9.,PROPOSED,2026-06-06
REC-001477,000000000010000949,4000,Hydraulic Power Pack TYPE A METSO,CRITICAL,REGULAR,8,97,72.949,117.200,13.929,22.400,144.599,206.400,ROP_MAX_SAFETY_STOCK,"Stock on hand 60 is below the current reorder point 72.949. At the CRITICAL service level of 98% and a 97-day lead time, the reorder point should be 117.2.",PROPOSED,2026-07-06
REC-001478,000000000030000240,4000,Spherical Roller Bearing HD KSB,CRITICAL,ON_DEMAND,1,37,0.000,3.400,0.000,2.500,0.000,5.700,OAR_TO_MIN_MAX,This OAR material is classified CRITICAL on the critical parts list. Recommend Min-Max management with a reorder point of 3.4 and a maximum of 5.7.,HELD,2026-06-27
REC-001479,000000000080000225,1000,Ball Mill Gearbox Assembly 250MM ABB,IMPACT,INTERMITTENT,8,31,6.220,3.700,3.890,2.300,8.224,7.800,ROP_MAX_SAFETY_STOCK,Intermittent consumption of 1.4 per month over 24 months with a 31-day lead time gives a reorder point of 3.7 against the current 6.22.,APPROVED,2026-07-09
REC-001480,000000000080000226,3000,Ventilation Fan Motor 110KW WEIR,IMPACT,INTERMITTENT,3,30,1.524,2.700,1.196,2.100,7.606,4.500,ROP_MAX_SAFETY_STOCK,Intermittent consumption of 0.6 per month over 24 months with a 30-day lead time gives a reorder point of 2.7 against the current 1.524.,REJECTED,2026-08-22
REC-001481,000000000080000226,4000,Ventilation Fan Motor 110KW WEIR,IMPACT,INTERMITTENT,5,30,6.092,6.200,4.441,4.500,15.385,11.300,ROP_MAX_SAFETY_STOCK,Intermittent consumption of 1.7 per month over 24 months with a 30-day lead time gives a reorder point of 6.2 against the current 6.092.,REJECTED,2026-06-19
REC-001482,000000000080000227,1000,Flow Meter Sensor Head HD KSB,NORMAL,INTERMITTENT,4,30,0.610,1.200,0.355,0.700,3.400,2.800,ROP_MAX_SAFETY_STOCK,"Stock on hand 0 is below the current reorder point 0.61. At the NORMAL service level of 85% and a 30-day lead time, the reorder point should be 1.2.",APPROVED,2026-05-25
REC-001483,000000000080000228,1000,Hydraulic Power Pack 55KW KSB,IMPACT,INTERMITTENT,5,56,3.699,2.500,2.355,1.600,4.451,4.000,ROP_MAX_SAFETY_STOCK,Stock on hand 5 exceeds the current maximum 4.451. Consumption of 0.5 per month supports a maximum of 4.,APPROVED,2026-09-02
REC-001484,000000000010000950,2000,Soft Starter Power Module 200MM SKF,NORMAL,SLOW,1,16,0.349,0.400,0.278,0.300,1.021,0.800,ROP_MAX_SAFETY_STOCK,Slow consumption of 0.1 per month over 24 months with a 16-day lead time gives a reorder point of 0.4 against the current 0.349.,PROPOSED,2026-06-11
REC-001485,000000000010000951,2000,Ball Mill Shell Liner Plate 250MM FLSM,IMPACT,INTERMITTENT,3,36,2.450,6.000,1.721,4.200,9.141,10.500,ROP_MAX_SAFETY_STOCK,Intermittent consumption of 1.5 per month over 24 months with a 36-day lead time gives a reorder point of 6 against the current 2.45.,APPROVED,2026-09-02
REC-001486,000000000010000951,3000,Ball Mill Shell Liner Plate 250MM FLSM,IMPACT,INTERMITTENT,7,36,10.510,5.900,6.271,3.500,14.383,11.900,ROP_MAX_SAFETY_STOCK,Stock on hand 16 exceeds the current maximum 14.383. Consumption of 2.0 per month supports a maximum of 11.9.,REJECTED,2026-08-19
REC-001487,000000000090000050,4000,Flotation Blower Motor TYPE A MULTOTEC,OBSOLETE,NO_DEMAND,0,17,0.000,,0.000,,1.000,,NO_SAFETY_STOCK,Obsolete material: no safety stock recommended. Candidate for stock reduction review.,REJECTED,2026-08-30
REC-001488,000000000010000952,4000,Ventilation Fan Motor 8/6 METSO,NORMAL,INTERMITTENT,6,10,4.360,2.600,2.900,1.700,18.161,10.600,ROP_MAX_SAFETY_STOCK,Intermittent consumption of 2.7 per month over 24 months with a 10-day lead time gives a reorder point of 2.6 against the current 4.36.,APPROVED,2026-06-05
REC-001489,000000000010000953,1000,Ball Mill Trunnion Bearing DN150 SIEMENS,IMPACT,SLOW,2,47,2.383,2.100,1.790,1.600,4.560,3.100,ROP_MAX_SAFETY_STOCK,Stock on hand 5 exceeds the current maximum 4.56. Consumption of 0.3 per month supports a maximum of 3.1.,HELD,2026-08-08
REC-001490,000000000010000954,4000,Variable Speed Drive Unit 250MM ABB,NORMAL,REGULAR,10,40,59.536,35.600,12.723,7.600,73.481,99.500,ROP_MAX_SAFETY_STOCK,Stock on hand 95 exceeds the current maximum 73.481. Consumption of 21.3 per month supports a maximum of 99.5.,APPROVED,2026-06-09
REC-001491,000000000010000956,4000,Conveyor Take-Up Pulley TYPE B SIEMENS,CRITICAL,REGULAR,12,63,95.773,88.800,31.819,29.500,223.298,174.800,ROP_MAX_SAFETY_STOCK,Regular consumption of 28.7 per month over 24 months with a 63-day lead time gives a reorder point of 88.8 against the current 95.773.,APPROVED,2026-08-16
REC-001492,000000000010000956,3000,Conveyor Take-Up Pulley TYPE B SIEMENS,CRITICAL,REGULAR,12,63,81.887,52.400,20.579,13.200,100.558,109.300,ROP_MAX_SAFETY_STOCK,Regular consumption of 19.0 per month over 24 months with a 63-day lead time gives a reorder point of 52.4 against the current 81.887.,REJECTED,2026-07-20
REC-001493,000000000080000229,4000,Ball Mill Gearbox Assembly DN150 SKF,NORMAL,INTERMITTENT,3,43,3.341,4.400,1.833,2.400,14.323,8.700,ROP_MAX_SAFETY_STOCK,Intermittent consumption of 1.4 per month over 24 months with a 43-day lead time gives a reorder point of 4.4 against the current 3.341.,REJECTED,2026-08-15
REC-001494,000000000080000230,3000,Flow Meter Sensor Head TYPE B SIEMENS,IMPACT,INTERMITTENT,6,12,3.121,4.100,2.256,3.000,10.695,12.700,ROP_MAX_SAFETY_STOCK,Intermittent consumption of 2.9 per month over 24 months with a 12-day lead time gives a reorder point of 4.1 against the current 3.121.,HELD,2026-08-05
REC-001495,000000000010000957,4000,Gland Packing Seal Ring DN150 SANDVIK,CRITICAL,REGULAR,10,118,84.921,130.800,19.136,29.500,301.773,209.200,ROP_MAX_SAFETY_STOCK,Regular consumption of 26.1 per month over 24 months with a 118-day lead time gives a reorder point of 130.8 against the current 84.921.,PROPOSED,2026-05-16
REC-001496,000000000010000958,3000,Gearbox Bearing DN100 SANDVIK,CRITICAL,INTERMITTENT,8,194,5.832,11.100,2.768,5.300,18.617,13.800,ROP_MAX_SAFETY_STOCK,"Stock on hand 0 is below the current reorder point 5.832. At the CRITICAL service level of 98% and a 194-day lead time, the reorder point should be 11.1.",APPROVED,2026-08-18
REC-001497,000000000010000958,4000,Gearbox Bearing DN100 SANDVIK,CRITICAL,INTERMITTENT,4,194,9.295,5.800,4.219,2.600,11.707,7.300,ROP_MAX_SAFETY_STOCK,Stock on hand 16 exceeds the current maximum 11.707. Consumption of 0.5 per month supports a maximum of 7.3.,APPROVED,2026-06-17
REC-001498,000000000010000959,4000,Flotation Cell Impeller 55KW WEIR,IMPACT,INTERMITTENT,4,34,2.819,4.400,2.052,3.200,5.934,7.700,ROP_MAX_SAFETY_STOCK,"Stock on hand 0 is below the current reorder point 2.819. At the IMPACT service level of 95% and a 34-day lead time, the reorder point should be 4.4.",REJECTED,2026-08-01
REC-001499,000000000010000960,3000,Screen Exciter Bearing 250MM ABB,CRITICAL,INTERMITTENT,5,173,13.957,10.200,6.824,5.000,14.150,12.900,ROP_MAX_SAFETY_STOCK,"Stock on hand 9 is below the current reorder point 13.957. At the CRITICAL service level of 98% and a 173-day lead time, the reorder point should be 10.2.",REJECTED,2026-08-03
REC-001500,000000000010000960,4000,Screen Exciter Bearing 250MM ABB,CRITICAL,INTERMITTENT,5,173,2.753,4.900,1.404,2.500,6.775,6.200,ROP_MAX_SAFETY_STOCK,Intermittent consumption of 0.4 per month over 24 months with a 173-day lead time gives a reorder point of 4.9 against the current 2.753.,PROPOSED,2026-07-18
REC-001501,000000000080000231,4000,Slurry Pump Wet End Assembly 10/8,CRITICAL,INTERMITTENT,7,92,22.951,13.300,13.159,7.600,33.800,18.900,ROP_MAX_SAFETY_STOCK,"Stock on hand 15 is below the current reorder point 22.951. At the CRITICAL service level of 98% and a 92-day lead time, the reorder point should be 13.3.",REJECTED,2026-05-26
REC-001502,000000000080000232,1000,Thickener Rake Seal Kit 8/6 SEW,IMPACT,INTERMITTENT,5,51,3.413,3.200,2.244,2.100,8.136,5.200,ROP_MAX_SAFETY_STOCK,Intermittent consumption of 0.7 per month over 24 months with a 51-day lead time gives a reorder point of 3.2 against the current 3.413.,APPROVED,2026-05-27
REC-001503,000000000010000962,2000,Centrifugal Pump Casing 110KW SIEMENS,CRITICAL,SLOW,1,129,2.119,2.700,1.410,1.800,2.502,3.300,ROP_MAX_SAFETY_STOCK,Stock on hand 3 exceeds the current maximum 2.502. Consumption of 0.2 per month supports a maximum of 3.3.,REJECTED,2026-06-26
REC-001504,000000000010000962,3000,Centrifugal Pump Casing 110KW SIEMENS,CRITICAL,SLOW,2,129,4.811,3.000,3.071,1.900,4.833,3.800,ROP_MAX_SAFETY_STOCK,Stock on hand 6 exceeds the current maximum 4.833. Consumption of 0.2 per month supports a maximum of 3.8.,APPROVED,2026-06-22
REC-001505,000000000010000963,2000,Hydraulic Power Pack 250MM SIEMENS,IMPACT,INTERMITTENT,4,19,4.244,3.300,3.222,2.500,8.955,7.000,ROP_MAX_SAFETY_STOCK,"Stock on hand 3 is below the current reorder point 4.244. At the IMPACT service level of 95% and a 19-day lead time, the reorder point should be 3.3.",APPROVED,2026-06-22
REC-001506,000000000010000964,4000,Thickener Rake Drive Gearbox 250MM SKF,IMPACT,INTERMITTENT,7,42,4.918,5.800,2.967,3.500,15.268,10.800,ROP_MAX_SAFETY_STOCK,Intermittent consumption of 1.7 per month over 24 months with a 42-day lead time gives a reorder point of 5.8 against the current 4.918.,HELD,2026-06-13
REC-001507,000000000080000233,3000,Agitator Shaft Seal 110KW ABB,NORMAL,INTERMITTENT,9,51,7.312,4.600,3.205,2.000,8.187,9.200,ROP_MAX_SAFETY_STOCK,"Stock on hand 4 is below the current reorder point 7.312. At the NORMAL service level of 85% and a 51-day lead time, the reorder point should be 4.6.",PROPOSED,2026-07-17
REC-001508,000000000010000965,2000,Conveyor Take-Up Pulley 250KW ABB,NORMAL,SLOW,3,30,0.511,0.700,0.331,0.500,2.041,1.400,ROP_MAX_SAFETY_STOCK,Slow consumption of 0.2 per month over 24 months with a 30-day lead time gives a reorder point of 0.7 against the current 0.511.,PROPOSED,2026-06-06
REC-001509,000000000010000965,4000,Conveyor Take-Up Pulley 250KW ABB,NORMAL,SLOW,3,30,0.740,0.800,0.462,0.500,1.934,1.700,ROP_MAX_SAFETY_STOCK,Slow consumption of 0.3 per month over 24 months with a 30-day lead time gives a reorder point of 0.8 against the current 0.74.,PROPOSED,2026-08-05
REC-001510,000000000010000966,2000,Thickener Rake Seal Kit DN150 MULTOTEC,IMPACT,INTERMITTENT,4,31,3.283,2.200,2.270,1.500,3.463,4.200,ROP_MAX_SAFETY_STOCK,Stock on hand 5 exceeds the current maximum 3.463. Consumption of 0.7 per month supports a maximum of 4.2.,REJECTED,2026-08-07
REC-001511,000000000010000966,3000,Thickener Rake Seal Kit DN150 MULTOTEC,IMPACT,INTERMITTENT,4,31,3.000,7.000,2.101,4.900,19.244,13.100,ROP_MAX_SAFETY_STOCK,Intermittent consumption of 2.0 per month over 24 months with a 31-day lead time gives a reorder point of 7 against the current 3.,PROPOSED,2026-06-19
REC-001512,000000000090000051,1000,Flotation Cell Impeller 150MM MULTOTEC,OBSOLETE,NO_DEMAND,0,10,0.000,,0.000,,1.000,,NO_SAFETY_STOCK,Obsolete material: no safety stock recommended. Candidate for stock reduction review.,PROPOSED,2026-07-08
REC-001513,000000000010000968,3000,Flotation Cell Impeller 250KW METSO,INSURANCE,INTERMITTENT,4,146,17.551,13.100,7.409,5.500,25.640,17.900,ROP_MAX_SAFETY_STOCK,"Stock on hand 11 is below the current reorder point 17.551. At the INSURANCE service level of 90% and a 146-day lead time, the reorder point should be 13.1.",REJECTED,2026-08-22
REC-001514,000000000010000968,1000,Flotation Cell Impeller 250KW METSO,INSURANCE,INTERMITTENT,6,146,12.922,11.500,5.721,5.100,12.922,15.500,ROP_MAX_SAFETY_STOCK,"Stock on hand 9 is below the current reorder point 12.922. At the INSURANCE service level of 90% and a 146-day lead time, the reorder point should be 11.5.",PROPOSED,2026-06-21
REC-001515,000000000010000969,2000,Variable Speed Drive Unit 200MM SIEMENS,CRITICAL,INTERMITTENT,0,74,4.058,5.500,2.348,3.200,8.996,8.400,ROP_MAX_SAFETY_STOCK,"Stock on hand 0 is below the current reorder point 4.058. At the CRITICAL service level of 98% and a 74-day lead time, the reorder point should be 5.5.",APPROVED,2026-05-24
REC-001516,000000000010000970,3000,Ventilation Fan Motor DN100 SKF,INSURANCE,REGULAR,9,143,33.361,77.600,3.838,8.900,183.862,121.500,ROP_MAX_SAFETY_STOCK,Regular consumption of 14.6 per month over 24 months with a 143-day lead time gives a reorder point of 77.6 against the current 33.361.,APPROVED,2026-06-16
REC-001517,000000000010000971,4000,Conveyor Take-Up Pulley 150MM SEW,CRITICAL,INTERMITTENT,6,213,28.986,16.900,14.033,8.200,32.848,20.600,ROP_MAX_SAFETY_STOCK,Intermittent consumption of 1.2 per month over 24 months with a 213-day lead time gives a reorder point of 16.9 against the current 28.986.,REJECTED,2026-05-15
REC-001518,000000000010000971,1000,Conveyor Take-Up Pulley 150MM SEW,CRITICAL,INTERMITTENT,6,213,22.349,13.100,9.427,5.500,28.055,16.400,ROP_MAX_SAFETY_STOCK,"Stock on hand 15 is below the current reorder point 22.349. At the CRITICAL service level of 98% and a 213-day lead time, the reorder point should be 13.1.",PROPOSED,2026-05-17
REC-001519,000000000010000972,1000,Conveyor Take-Up Pulley 110KW KSB,IMPACT,INTERMITTENT,1,55,6.203,4.600,4.362,3.200,6.678,6.800,ROP_MAX_SAFETY_STOCK,"Stock on hand 5 is below the current reorder point 6.203. At the IMPACT service level of 95% and a 55-day lead time, the reorder point should be 4.6.",APPROVED,2026-05-16
REC-001520,000000000010000973,2000,Pressure Transmitter Assembly 200MM WEIR,NORMAL,REGULAR,12,47,55.796,40.900,9.002,6.600,81.405,107.500,ROP_MAX_SAFETY_STOCK,"Stock on hand 49 is below the current reorder point 55.796. At the NORMAL service level of 85% and a 47-day lead time, the reorder point should be 40.9.",APPROVED,2026-05-14
REC-001521,000000000010000975,1000,Skirt Rubber Liner Section 10/8 MULTOTEC,CRITICAL,REGULAR,10,92,24.351,49.900,6.035,12.400,87.816,87.200,ROP_MAX_SAFETY_STOCK,"Stock on hand 13 is below the current reorder point 24.351. At the CRITICAL service level of 98% and a 92-day lead time, the reorder point should be 49.9.",APPROVED,2026-06-28
REC-001522,000000000010000975,2000,Skirt Rubber Liner Section 10/8 MULTOTEC,CRITICAL,REGULAR,11,92,82.203,58.800,16.957,12.100,91.759,105.200,ROP_MAX_SAFETY_STOCK,"Stock on hand 57 is below the current reorder point 82.203. At the CRITICAL service level of 98% and a 92-day lead time, the reorder point should be 58.8.",HELD,2026-05-14
REC-001523,000000000010000976,1000,Agitator Shaft Seal 6/4 FLSM,INSURANCE,REGULAR,12,143,283.782,176.000,40.148,24.900,283.782,272.500,ROP_MAX_SAFETY_STOCK,"Stock on hand 155 is below the current reorder point 283.782. At the INSURANCE service level of 90% and a 143-day lead time, the reorder point should be 176.",HELD,2026-08-15
REC-001524,000000000080000234,2000,Flotation Cell Impeller 110KW KSB,CRITICAL,INTERMITTENT,5,50,10.562,6.300,7.376,4.400,10.846,9.800,ROP_MAX_SAFETY_STOCK,Stock on hand 14 exceeds the current maximum 10.846. Consumption of 1.2 per month supports a maximum of 9.8.,PROPOSED,2026-06-26
REC-001525,000000000010000977,2000,Thickener Rake Seal Kit TYPE A SEW,NORMAL,REGULAR,11,13,15.368,21.700,4.170,5.900,165.422,132.700,ROP_MAX_SAFETY_STOCK,Regular consumption of 37.0 per month over 24 months with a 13-day lead time gives a reorder point of 21.7 against the current 15.368.,PROPOSED,2026-07-11
REC-001526,000000000010000977,3000,Thickener Rake Seal Kit TYPE A SEW,NORMAL,REGULAR,11,13,19.531,24.900,6.296,8.000,178.572,143.700,ROP_MAX_SAFETY_STOCK,Regular consumption of 39.6 per month over 24 months with a 13-day lead time gives a reorder point of 24.9 against the current 19.531.,APPROVED,2026-05-19
REC-001527,000000000080000235,2000,Slurry Density Transmitter TYPE B WEIR,CRITICAL,INTERMITTENT,3,44,9.173,6.600,6.681,4.800,9.173,10.300,ROP_MAX_SAFETY_STOCK,Stock on hand 11 exceeds the current maximum 9.173. Consumption of 1.2 per month supports a maximum of 10.3.,REJECTED,2026-08-20
REC-001528,000000000080000236,2000,Ball Mill Trunnion Bearing TYPE A WEIR,CRITICAL,INTERMITTENT,4,120,13.335,7.600,7.871,4.500,13.335,10.000,ROP_MAX_SAFETY_STOCK,Stock on hand 16 exceeds the current maximum 13.335. Consumption of 0.8 per month supports a maximum of 10.,APPROVED,2026-07-30
REC-001529,000000000010000978,1000,Centrifugal Pump Casing 6/4 KSB,INSURANCE,REGULAR,12,107,111.879,94.800,16.166,13.700,146.988,164.100,ROP_MAX_SAFETY_STOCK,"Stock on hand 46 is below the current reorder point 111.879. At the INSURANCE service level of 90% and a 107-day lead time, the reorder point should be 94.8.",HELD,2026-07-21
REC-001530,000000000010000979,2000,Hydraulic Pump Assembly 10/8 MULTOTEC,NORMAL,INTERMITTENT,2,59,3.412,3.700,1.850,2.000,7.128,6.300,ROP_MAX_SAFETY_STOCK,Intermittent consumption of 0.9 per month over 24 months with a 59-day lead time gives a reorder point of 3.7 against the current 3.412.,PROPOSED,2026-05-25
REC-001531,000000000010000979,1000,Hydraulic Pump Assembly 10/8 MULTOTEC,NORMAL,INTERMITTENT,3,59,4.272,3.300,2.493,1.900,4.744,5.400,ROP_MAX_SAFETY_STOCK,"Stock on hand 4 is below the current reorder point 4.272. At the NORMAL service level of 85% and a 59-day lead time, the reorder point should be 3.3.",REJECTED,2026-05-13
REC-001532,000000000010000980,2000,Centrifugal Pump Casing 10/8 METSO,CRITICAL,REGULAR,12,105,47.057,46.800,8.906,8.900,107.905,79.800,ROP_MAX_SAFETY_STOCK,Regular consumption of 11.0 per month over 24 months with a 105-day lead time gives a reorder point of 46.8 against the current 47.057.,HELD,2026-08-14
REC-001533,000000000010000981,1000,Crusher Hydroset Cylinder 6/4 SIEMENS,INSURANCE,INTERMITTENT,7,167,3.634,4.900,1.098,1.500,9.616,6.800,ROP_MAX_SAFETY_STOCK,Intermittent consumption of 0.6 per month over 24 months with a 167-day lead time gives a reorder point of 4.9 against the current 3.634.,APPROVED,2026-07-21
REC-001534,000000000010000981,2000,Crusher Hydroset Cylinder 6/4 SIEMENS,INSURANCE,INTERMITTENT,4,167,7.120,9.000,2.418,3.100,18.791,12.200,ROP_MAX_SAFETY_STOCK,Intermittent consumption of 1.1 per month over 24 months with a 167-day lead time gives a reorder point of 9 against the current 7.12.,PROPOSED,2026-07-22
REC-001535,000000000010000982,2000,PLC Digital Output Card 8/6 SANDVIK,NORMAL,INTERMITTENT,5,43,8.648,5.200,4.861,2.900,16.411,10.100,ROP_MAX_SAFETY_STOCK,Intermittent consumption of 1.6 per month over 24 months with a 43-day lead time gives a reorder point of 5.2 against the current 8.648.,APPROVED,2026-08-08
REC-001536,000000000010000982,4000,PLC Digital Output Card 8/6 SANDVIK,NORMAL,INTERMITTENT,7,43,5.202,3.200,2.639,1.600,7.216,6.600,ROP_MAX_SAFETY_STOCK,Intermittent consumption of 1.1 per month over 24 months with a 43-day lead time gives a reorder point of 3.2 against the current 5.202.,APPROVED,2026-06-10
REC-001537,000000000010000983,2000,Spherical Roller Bearing 150MM METSO,IMPACT,SLOW,3,32,1.674,1.800,1.275,1.400,2.824,3.000,ROP_MAX_SAFETY_STOCK,Stock on hand 3 exceeds the current maximum 2.824. Consumption of 0.4 per month supports a maximum of 3.,PROPOSED,2026-07-29
REC-001538,000000000080000237,4000,Conveyor Drive Gearbox 110KW SIEMENS,NORMAL,INTERMITTENT,5,10,0.680,1.200,0.498,0.900,6.072,4.100,ROP_MAX_SAFETY_STOCK,Intermittent consumption of 1.0 per month over 24 months with a 10-day lead time gives a reorder point of 1.2 against the current 0.68.,APPROVED,2026-07-27
REC-001539,000000000010000984,3000,Slurry Pump Mechanical Seal 6/4,INSURANCE,INTERMITTENT,3,140,8.490,10.700,3.622,4.600,17.586,14.700,ROP_MAX_SAFETY_STOCK,Intermittent consumption of 1.3 per month over 24 months with a 140-day lead time gives a reorder point of 10.7 against the current 8.49.,REJECTED,2026-05-29
REC-001540,000000000010000985,3000,Skirt Rubber Liner Section DN100 SANDVIK,CRITICAL,INTERMITTENT,7,58,15.299,9.900,9.625,6.200,23.544,15.700,ROP_MAX_SAFETY_STOCK,Intermittent consumption of 1.9 per month over 24 months with a 58-day lead time gives a reorder point of 9.9 against the current 15.299.,APPROVED,2026-06-23
REC-001541,000000000080000238,4000,Slurry Pump Mechanical Seal DN150,CRITICAL,INTERMITTENT,2,129,4.956,10.100,3.387,6.900,22.041,12.300,ROP_MAX_SAFETY_STOCK,Intermittent consumption of 0.8 per month over 24 months with a 129-day lead time gives a reorder point of 10.1 against the current 4.956.,REJECTED,2026-05-28
REC-001542,000000000010000986,4000,Conveyor Take-Up Pulley TYPE A SEW,NORMAL,SLOW,1,47,0.743,1.300,0.514,0.900,1.518,2.000,ROP_MAX_SAFETY_STOCK,Stock on hand 2 exceeds the current maximum 1.518. Consumption of 0.2 per month supports a maximum of 2.,APPROVED,2026-05-22
REC-001543,000000000010000986,3000,Conveyor Take-Up Pulley TYPE A SEW,NORMAL,SLOW,1,47,0.734,0.800,0.458,0.500,1.748,1.400,ROP_MAX_SAFETY_STOCK,Slow consumption of 0.2 per month over 24 months with a 47-day lead time gives a reorder point of 0.8 against the current 0.734.,APPROVED,2026-07-16
REC-001544,000000000010000987,1000,PLC Digital Output Card 250MM SEW,INSURANCE,INTERMITTENT,2,49,8.150,6.500,4.691,3.700,19.475,11.600,ROP_MAX_SAFETY_STOCK,Intermittent consumption of 1.7 per month over 24 months with a 49-day lead time gives a reorder point of 6.5 against the current 8.15.,REJECTED,2026-06-26
REC-001545,000000000010000988,1000,Vertical Sump Pump Column DN100 KSB,INSURANCE,INTERMITTENT,4,85,6.632,9.000,3.191,4.300,18.579,14.000,ROP_MAX_SAFETY_STOCK,"Stock on hand 0 is below the current reorder point 6.632. At the INSURANCE service level of 90% and a 85-day lead time, the reorder point should be 9.",PROPOSED,2026-07-05
REC-001546,000000000010000989,2000,Conveyor Drive Motor TYPE B METSO,INSURANCE,SLOW,1,127,4.431,2.800,2.788,1.800,5.330,3.500,ROP_MAX_SAFETY_STOCK,Stock on hand 7 exceeds the current maximum 5.33. Consumption of 0.2 per month supports a maximum of 3.5.,PROPOSED,2026-06-08
REC-001547,000000000010000989,1000,Conveyor Drive Motor TYPE B METSO,INSURANCE,SLOW,2,127,2.946,1.700,1.736,1.000,3.416,2.200,ROP_MAX_SAFETY_STOCK,Stock on hand 4 exceeds the current maximum 3.416. Consumption of 0.2 per month supports a maximum of 2.2.,APPROVED,2026-06-03
REC-001548,000000000010000990,1000,Slurry Pump Mechanical Seal TYPE A SKF,IMPACT,INTERMITTENT,6,46,5.052,6.500,3.285,4.200,11.235,11.000,ROP_MAX_SAFETY_STOCK,"Stock on hand 2 is below the current reorder point 5.052. At the IMPACT service level of 95% and a 46-day lead time, the reorder point should be 6.5.",PROPOSED,2026-08-10
REC-001549,000000000090000052,2000,PLC Digital Output Card TYPE B SIEMENS,OBSOLETE,NO_DEMAND,0,58,0.000,,0.000,,1.000,,NO_SAFETY_STOCK,Obsolete material: no safety stock recommended. Candidate for stock reduction review.,PROPOSED,2026-08-10
REC-001550,000000000090000052,3000,PLC Digital Output Card TYPE B SIEMENS,OBSOLETE,NO_DEMAND,0,58,0.000,,0.000,,1.000,,NO_SAFETY_STOCK,Obsolete material: no safety stock recommended. Candidate for stock reduction review.,REJECTED,2026-08-27
REC-001551,000000000080000239,3000,PLC Digital Output Card 10/8 SANDVIK,NORMAL,INTERMITTENT,6,57,7.819,5.400,3.635,2.500,12.868,10.000,ROP_MAX_SAFETY_STOCK,"Stock on hand 5 is below the current reorder point 7.819. At the NORMAL service level of 85% and a 57-day lead time, the reorder point should be 5.4.",APPROVED,2026-07-04
REC-001552,000000000080000240,3000,Variable Speed Drive Unit 6/4 METSO,IMPACT,INTERMITTENT,7,11,1.152,0.900,0.904,0.700,4.061,2.500,ROP_MAX_SAFETY_STOCK,Intermittent consumption of 0.5 per month over 24 months with a 11-day lead time gives a reorder point of 0.9 against the current 1.152.,APPROVED,2026-09-02
REC-001553,000000000010000991,2000,Flotation Blower Motor HD SIEMENS,NORMAL,REGULAR,11,47,95.623,61.200,18.585,11.900,186.184,157.100,ROP_MAX_SAFETY_STOCK,"Stock on hand 58 is below the current reorder point 95.623. At the NORMAL service level of 85% and a 47-day lead time, the reorder point should be 61.2.",REJECTED,2026-05-22
REC-001554,000000000010000992,2000,Ventilation Fan Motor 8/6 KSB,IMPACT,REGULAR,11,58,53.771,36.100,9.937,6.700,69.459,82.300,ROP_MAX_SAFETY_STOCK,"Stock on hand 35 is below the current reorder point 53.771. At the IMPACT service level of 95% and a 58-day lead time, the reorder point should be 36.1.",HELD,2026-08-21
REC-001555,000000000010000994,1000,Slurry Density Transmitter 10/8 SKF,NORMAL,SLOW,3,56,1.551,2.100,0.891,1.200,4.062,3.600,ROP_MAX_SAFETY_STOCK,Slow consumption of 0.5 per month over 24 months with a 56-day lead time gives a reorder point of 2.1 against the current 1.551.,APPROVED,2026-06-29
REC-001556,000000000010000995,1000,Cyclone Apex Liner 150MM SKF,INSURANCE,INTERMITTENT,4,71,1.636,3.000,0.890,1.600,5.895,4.800,ROP_MAX_SAFETY_STOCK,Stock on hand 6 exceeds the current maximum 5.895. Consumption of 0.6 per month supports a maximum of 4.8.,APPROVED,2026-05-13
REC-001557,000000000010000996,3000,Cyclone Apex Liner 200MM ABB,NORMAL,REGULAR,12,36,22.636,22.700,4.149,4.200,69.377,69.700,ROP_MAX_SAFETY_STOCK,"Stock on hand 0 is below the current reorder point 22.636. At the NORMAL service level of 85% and a 36-day lead time, the reorder point should be 22.7.",APPROVED,2026-07-16
REC-001558,000000000010000997,4000,Belt Scraper Blade Cartridge DN100,INSURANCE,REGULAR,12,96,58.927,52.800,8.365,7.500,144.956,95.900,ROP_MAX_SAFETY_STOCK,"Stock on hand 48 is below the current reorder point 58.927. At the INSURANCE service level of 90% and a 96-day lead time, the reorder point should be 52.8.",APPROVED,2026-06-15
REC-001559,000000000010000998,4000,Cyclone Apex Liner TYPE B SIEMENS,CRITICAL,INTERMITTENT,0,103,27.644,20.900,16.077,12.200,27.644,28.600,ROP_MAX_SAFETY_STOCK,"Stock on hand 0 is below the current reorder point 27.644. At the CRITICAL service level of 98% and a 103-day lead time, the reorder point should be 20.9.",APPROVED,2026-08-12
REC-001560,000000000010000999,2000,Conveyor Drive Gearbox 55KW ABB,CRITICAL,INTERMITTENT,0,125,16.006,12.500,9.220,7.200,16.006,16.400,ROP_MAX_SAFETY_STOCK,"Stock on hand 0 is below the current reorder point 16.006. At the CRITICAL service level of 98% and a 125-day lead time, the reorder point should be 12.5.",APPROVED,2026-06-02
REC-001561,000000000010001000,2000,Crusher Main Shaft Bearing 250KW METSO,NORMAL,INTERMITTENT,5,42,2.979,3.500,1.621,1.900,8.943,7.000,ROP_MAX_SAFETY_STOCK,Intermittent consumption of 1.2 per month over 24 months with a 42-day lead time gives a reorder point of 3.5 against the current 2.979.,PROPOSED,2026-05-18
REC-001562,000000000010001001,4000,Centrifugal Pump Casing TYPE B SEW,NORMAL,REGULAR,10,8,22.290,15.600,7.877,5.500,204.621,130.500,ROP_MAX_SAFETY_STOCK,Regular consumption of 38.3 per month over 24 months with a 8-day lead time gives a reorder point of 15.6 against the current 22.29.,REJECTED,2026-08-18
REC-001563,000000000010001002,4000,Valve Assembly 10/8 SKF,INSURANCE,INTERMITTENT,4,211,4.041,4.600,1.497,1.700,5.663,5.800,ROP_MAX_SAFETY_STOCK,"Stock on hand 3 is below the current reorder point 4.041. At the INSURANCE service level of 90% and a 211-day lead time, the reorder point should be 4.6.",APPROVED,2026-07-04
REC-001564,000000000010001003,3000,Gland Packing Seal Ring DN100 SEW,CRITICAL,REGULAR,12,31,34.704,20.000,13.499,7.800,70.271,56.000,ROP_MAX_SAFETY_STOCK,Regular consumption of 12.0 per month over 24 months with a 31-day lead time gives a reorder point of 20 against the current 34.704.,APPROVED,2026-07-05
REC-001565,000000000010001004,2000,Conveyor Drive Motor DN150 FLSM,NORMAL,REGULAR,12,59,52.479,34.500,8.656,5.700,114.778,79.100,ROP_MAX_SAFETY_STOCK,Regular consumption of 14.9 per month over 24 months with a 59-day lead time gives a reorder point of 34.5 against the current 52.479.,HELD,2026-08-20
REC-001566,000000000010001005,4000,Ventilation Fan Motor TYPE A SEW,CRITICAL,INTERMITTENT,5,224,16.821,12.400,7.683,5.700,23.127,15.200,ROP_MAX_SAFETY_STOCK,"Stock on hand 15 is below the current reorder point 16.821. At the CRITICAL service level of 98% and a 224-day lead time, the reorder point should be 12.4.",REJECTED,2026-08-30
REC-001567,000000000010001005,1000,Ventilation Fan Motor TYPE A SEW,CRITICAL,INTERMITTENT,7,224,3.450,7.100,1.364,2.800,8.851,8.800,ROP_MAX_SAFETY_STOCK,Intermittent consumption of 0.6 per month over 24 months with a 224-day lead time gives a reorder point of 7.1 against the current 3.45.,REJECTED,2026-06-01
REC-001568,000000000080000241,1000,Conveyor Idler Roller Set HD ABB,NORMAL,INTERMITTENT,3,31,1.953,1.900,1.225,1.200,6.200,4.000,ROP_MAX_SAFETY_STOCK,Intermittent consumption of 0.7 per month over 24 months with a 31-day lead time gives a reorder point of 1.9 against the current 1.953.,APPROVED,2026-08-27
REC-001569,000000000080000241,4000,Conveyor Idler Roller Set HD ABB,NORMAL,INTERMITTENT,3,31,2.295,1.800,1.395,1.100,3.620,3.800,ROP_MAX_SAFETY_STOCK,"Stock on hand 1 is below the current reorder point 2.295. At the NORMAL service level of 85% and a 31-day lead time, the reorder point should be 1.8.",APPROVED,2026-07-15
REC-001570,000000000010001006,4000,Belt Scraper Blade Cartridge 55KW ABB,INSURANCE,INTERMITTENT,6,57,4.140,5.400,2.072,2.700,10.065,9.800,ROP_MAX_SAFETY_STOCK,"Stock on hand 0 is below the current reorder point 4.14. At the INSURANCE service level of 90% and a 57-day lead time, the reorder point should be 5.4.",PROPOSED,2026-06-12
REC-001571,000000000010001006,1000,Belt Scraper Blade Cartridge 55KW ABB,INSURANCE,INTERMITTENT,5,57,3.340,3.200,1.967,1.900,7.556,5.300,ROP_MAX_SAFETY_STOCK,"Stock on hand 3 is below the current reorder point 3.34. At the INSURANCE service level of 90% and a 57-day lead time, the reorder point should be 3.2.",APPROVED,2026-08-05
REC-001572,000000000010001007,3000,Cyclone Apex Liner DN100 SEW,CRITICAL,SLOW,3,72,2.406,1.600,1.812,1.200,2.406,2.100,ROP_MAX_SAFETY_STOCK,Stock on hand 3 exceeds the current maximum 2.406. Consumption of 0.2 per month supports a maximum of 2.1.,REJECTED,2026-05-25
REC-001573,000000000010001007,4000,Cyclone Apex Liner DN100 SEW,CRITICAL,SLOW,1,72,3.107,2.000,2.183,1.400,3.475,2.800,ROP_MAX_SAFETY_STOCK,Stock on hand 4 exceeds the current maximum 3.475. Consumption of 0.2 per month supports a maximum of 2.8.,APPROVED,2026-05-25
REC-001574,000000000080000242,3000,Mill Lube Pump Motor TYPE A METSO,IMPACT,INTERMITTENT,4,19,1.916,1.800,1.354,1.300,6.697,4.300,ROP_MAX_SAFETY_STOCK,Intermittent consumption of 0.8 per month over 24 months with a 19-day lead time gives a reorder point of 1.8 against the current 1.916.,PROPOSED,2026-08-01
REC-001575,000000000080000242,2000,Mill Lube Pump Motor TYPE A METSO,IMPACT,INTERMITTENT,2,19,5.758,5.000,4.388,3.800,15.107,10.800,ROP_MAX_SAFETY_STOCK,"Stock on hand 2 is below the current reorder point 5.758. At the IMPACT service level of 95% and a 19-day lead time, the reorder point should be 5.",PROPOSED,2026-08-28
REC-001576,000000000010001008,3000,Flotation Blower Motor 150MM KSB,CRITICAL,INTERMITTENT,6,53,3.534,3.900,2.286,2.500,7.009,6.300,ROP_MAX_SAFETY_STOCK,"Stock on hand 2 is below the current reorder point 3.534. At the CRITICAL service level of 98% and a 53-day lead time, the reorder point should be 3.9.",APPROVED,2026-05-20
REC-001577,000000000080000243,1000,Ball Mill Gearbox Assembly 55KW SANDVIK,IMPACT,INTERMITTENT,7,49,3.423,5.900,1.872,3.200,11.919,10.900,ROP_MAX_SAFETY_STOCK,"Stock on hand 0 is below the current reorder point 3.423. At the IMPACT service level of 95% and a 49-day lead time, the reorder point should be 5.9.",REJECTED,2026-06-06
REC-001578,000000000010001009,2000,Flotation Blower Motor TYPE A SIEMENS,INSURANCE,SLOW,2,35,1.344,1.800,0.912,1.200,5.362,3.300,ROP_MAX_SAFETY_STOCK,Slow consumption of 0.5 per month over 24 months with a 35-day lead time gives a reorder point of 1.8 against the current 1.344.,APPROVED,2026-07-04
REC-001579,000000000080000244,3000,Gearbox Bearing 8/6 SEW,NORMAL,INTERMITTENT,3,27,1.302,1.200,0.848,0.800,2.306,2.600,ROP_MAX_SAFETY_STOCK,Intermittent consumption of 0.5 per month over 24 months with a 27-day lead time gives a reorder point of 1.2 against the current 1.302.,APPROVED,2026-08-15
REC-001580,000000000080000245,3000,Conveyor Idler Roller Set 110KW SEW,IMPACT,INTERMITTENT,5,28,2.410,5.200,1.658,3.600,17.877,10.600,ROP_MAX_SAFETY_STOCK,Stock on hand 18 exceeds the current maximum 17.877. Consumption of 1.8 per month supports a maximum of 10.6.,APPROVED,2026-08-09
REC-001581,000000000010001010,2000,MCC Feeder Circuit Breaker DN150 SANDVIK,IMPACT,REGULAR,12,60,117.518,75.500,29.046,18.700,159.900,162.000,ROP_MAX_SAFETY_STOCK,"Stock on hand 52 is below the current reorder point 117.518. At the IMPACT service level of 95% and a 60-day lead time, the reorder point should be 75.5.",HELD,2026-07-06
REC-001582,000000000010001011,3000,Skirt Rubber Liner Section DN150 SEW,CRITICAL,INTERMITTENT,8,164,8.981,5.500,3.890,2.400,10.802,7.200,ROP_MAX_SAFETY_STOCK,"Stock on hand 5 is below the current reorder point 8.981. At the CRITICAL service level of 98% and a 164-day lead time, the reorder point should be 5.5.",PROPOSED,2026-08-07
REC-001583,000000000010001012,2000,Slurry Density Transmitter DN100 WEIR,CRITICAL,INTERMITTENT,7,215,3.875,6.300,1.710,2.800,13.000,7.800,ROP_MAX_SAFETY_STOCK,"Stock on hand 2 is below the current reorder point 3.875. At the CRITICAL service level of 98% and a 215-day lead time, the reorder point should be 6.3.",PROPOSED,2026-08-31
REC-001584,000000000010001013,1000,Cyclone Apex Liner 200MM SIEMENS,INSURANCE,INTERMITTENT,4,192,11.208,7.300,4.757,3.100,11.208,9.300,ROP_MAX_SAFETY_STOCK,"Stock on hand 11 is below the current reorder point 11.208. At the INSURANCE service level of 90% and a 192-day lead time, the reorder point should be 7.3.",PROPOSED,2026-08-25
REC-001585,000000000010001013,2000,Cyclone Apex Liner 200MM SIEMENS,INSURANCE,INTERMITTENT,7,192,5.956,5.300,1.822,1.600,10.707,7.000,ROP_MAX_SAFETY_STOCK,"Stock on hand 4 is below the current reorder point 5.956. At the INSURANCE service level of 90% and a 192-day lead time, the reorder point should be 5.3.",HELD,2026-06-25
REC-001586,000000000080000246,3000,Pump Impeller DN100 ABB,NORMAL,INTERMITTENT,4,29,1.655,3.700,0.946,2.100,6.525,8.700,ROP_MAX_SAFETY_STOCK,Intermittent consumption of 1.7 per month over 24 months with a 29-day lead time gives a reorder point of 3.7 against the current 1.655.,APPROVED,2026-06-11
REC-001587,000000000010001014,2000,Ball Mill Gearbox Assembly 8/6 SIEMENS,CRITICAL,INTERMITTENT,3,81,7.841,6.500,5.056,4.200,8.439,9.100,ROP_MAX_SAFETY_STOCK,Stock on hand 12 exceeds the current maximum 8.439. Consumption of 0.9 per month supports a maximum of 9.1.,PROPOSED,2026-05-11
REC-001588,000000000080000247,2000,Thickener Rake Seal Kit 250MM KSB,CRITICAL,INTERMITTENT,3,45,5.883,4.100,4.210,2.900,6.348,6.500,ROP_MAX_SAFETY_STOCK,Stock on hand 9 exceeds the current maximum 6.348. Consumption of 0.8 per month supports a maximum of 6.5.,PROPOSED,2026-06-11
REC-001589,000000000080000247,3000,Thickener Rake Seal Kit 250MM KSB,CRITICAL,INTERMITTENT,3,45,2.236,4.200,1.543,2.900,11.141,6.800,ROP_MAX_SAFETY_STOCK,Intermittent consumption of 0.9 per month over 24 months with a 45-day lead time gives a reorder point of 4.2 against the current 2.236.,APPROVED,2026-09-01
REC-001590,000000000080000248,2000,Conveyor Drive Gearbox 200MM SANDVIK,CRITICAL,INTERMITTENT,2,33,3.485,2.100,2.887,1.700,4.233,3.100,ROP_MAX_SAFETY_STOCK,Intermittent consumption of 0.3 per month over 24 months with a 33-day lead time gives a reorder point of 2.1 against the current 3.485.,APPROVED,2026-07-01
REC-001591,000000000080000249,4000,Ball Mill Gearbox Assembly TYPE A,NORMAL,INTERMITTENT,5,34,1.464,2.700,0.706,1.300,5.547,6.500,ROP_MAX_SAFETY_STOCK,Intermittent consumption of 1.2 per month over 24 months with a 34-day lead time gives a reorder point of 2.7 against the current 1.464.,REJECTED,2026-08-25
REC-001592,000000000010001015,3000,Apron Feeder Gear Reducer TYPE B SIEMENS,NORMAL,SLOW,1,30,0.979,0.600,0.689,0.400,1.287,1.100,ROP_MAX_SAFETY_STOCK,Slow consumption of 0.2 per month over 24 months with a 30-day lead time gives a reorder point of 0.6 against the current 0.979.,PROPOSED,2026-07-14
REC-001593,000000000010001016,2000,Valve Assembly 250MM WEIR,NORMAL,INTERMITTENT,2,27,1.884,2.700,1.109,1.600,10.281,6.600,ROP_MAX_SAFETY_STOCK,Intermittent consumption of 1.3 per month over 24 months with a 27-day lead time gives a reorder point of 2.7 against the current 1.884.,APPROVED,2026-08-25
REC-001594,000000000080000250,3000,Valve Assembly 10/8 ABB,NORMAL,INTERMITTENT,5,54,6.222,4.900,3.151,2.500,13.115,9.000,ROP_MAX_SAFETY_STOCK,Intermittent consumption of 1.4 per month over 24 months with a 54-day lead time gives a reorder point of 4.9 against the current 6.222.,APPROVED,2026-07-01
REC-001595,000000000030000258,3000,Conveyor Drive Gearbox DN150 SANDVIK,CRITICAL,ON_DEMAND,2,113,0.000,15.400,0.000,8.700,0.000,20.800,OAR_TO_MIN_MAX,This OAR material is classified CRITICAL on the critical parts list. Recommend Min-Max management with a reorder point of 15.4 and a maximum of 20.8.,REJECTED,2026-08-12
REC-001596,000000000010001017,3000,Belt Scraper Blade Cartridge DN150 FLSM,NORMAL,INTERMITTENT,3,35,2.909,1.900,1.726,1.100,5.068,3.900,ROP_MAX_SAFETY_STOCK,Intermittent consumption of 0.7 per month over 24 months with a 35-day lead time gives a reorder point of 1.9 against the current 2.909.,APPROVED,2026-06-27
REC-001597,000000000010001017,2000,Belt Scraper Blade Cartridge DN150 FLSM,NORMAL,INTERMITTENT,6,35,6.115,4.000,3.401,2.200,12.318,8.600,ROP_MAX_SAFETY_STOCK,"Stock on hand 6 is below the current reorder point 6.115. At the NORMAL service level of 85% and a 35-day lead time, the reorder point should be 4.",PROPOSED,2026-06-21
REC-001598,000000000080000251,2000,Ball Mill Gearbox Assembly DN150 WEIR,IMPACT,INTERMITTENT,5,14,0.756,1.100,0.598,0.900,2.769,2.600,ROP_MAX_SAFETY_STOCK,Stock on hand 3 exceeds the current maximum 2.769. Consumption of 0.5 per month supports a maximum of 2.6.,PROPOSED,2026-07-17
REC-001599,000000000030000259,2000,Cyclone Apex Liner 55KW WEIR,IMPACT,ON_DEMAND,1,49,0.000,8.100,0.000,4.500,0.000,14.800,OAR_TO_MIN_MAX,This OAR material is classified IMPACT on the critical parts list. Recommend Min-Max management with a reorder point of 8.1 and a maximum of 14.8.,PROPOSED,2026-08-19
REC-001600,000000000080000252,2000,Thickener Rake Seal Kit 250MM MULTOTEC,IMPACT,INTERMITTENT,5,14,1.084,1.200,0.811,0.900,3.577,3.200,ROP_MAX_SAFETY_STOCK,"Stock on hand 1 is below the current reorder point 1.084. At the IMPACT service level of 95% and a 14-day lead time, the reorder point should be 1.2.",APPROVED,2026-08-23
REC-001601,000000000010001021,3000,Screen Exciter Bearing 10/8 KSB,IMPACT,REGULAR,10,54,47.172,73.400,12.287,19.100,220.820,165.200,ROP_MAX_SAFETY_STOCK,Regular consumption of 30.6 per month over 24 months with a 54-day lead time gives a reorder point of 73.4 against the current 47.172.,REJECTED,2026-07-04
REC-001602,000000000010001022,4000,Slurry Density Transmitter 8/6 SEW,IMPACT,SLOW,2,36,0.798,0.700,0.641,0.600,1.803,1.100,ROP_MAX_SAFETY_STOCK,Slow consumption of 0.1 per month over 24 months with a 36-day lead time gives a reorder point of 0.7 against the current 0.798.,APPROVED,2026-08-08
REC-001603,000000000010001023,3000,Valve Assembly DN150 ABB,INSURANCE,INTERMITTENT,3,148,2.195,4.400,1.091,2.200,6.161,5.800,ROP_MAX_SAFETY_STOCK,Intermittent consumption of 0.5 per month over 24 months with a 148-day lead time gives a reorder point of 4.4 against the current 2.195.,REJECTED,2026-07-07
REC-001604,000000000080000253,3000,Slurry Density Transmitter 150MM FLSM,CRITICAL,INTERMITTENT,4,94,1.948,3.000,1.294,2.000,4.843,4.000,ROP_MAX_SAFETY_STOCK,"Stock on hand 0 is below the current reorder point 1.948. At the CRITICAL service level of 98% and a 94-day lead time, the reorder point should be 3.",APPROVED,2026-05-21
REC-001605,000000000010001024,4000,Gland Packing Seal Ring 250MM SEW,CRITICAL,REGULAR,11,117,62.612,90.900,14.933,21.700,108.248,144.900,ROP_MAX_SAFETY_STOCK,"Stock on hand 0 is below the current reorder point 62.612. At the CRITICAL service level of 98% and a 117-day lead time, the reorder point should be 90.9.",APPROVED,2026-05-29
REC-001606,000000000010001025,1000,Mill Lube Pump Motor TYPE B SANDVIK,INSURANCE,INTERMITTENT,8,136,2.986,4.000,1.026,1.400,7.962,5.800,ROP_MAX_SAFETY_STOCK,Intermittent consumption of 0.6 per month over 24 months with a 136-day lead time gives a reorder point of 4 against the current 2.986.,PROPOSED,2026-05-18
REC-001607,000000000010001026,4000,Ball Mill Shell Liner Plate DN150 SEW,INSURANCE,INTERMITTENT,3,42,6.766,4.800,4.259,3.000,10.888,8.700,ROP_MAX_SAFETY_STOCK,Intermittent consumption of 1.3 per month over 24 months with a 42-day lead time gives a reorder point of 4.8 against the current 6.766.,REJECTED,2026-08-18
REC-001608,000000000010001027,3000,Mill Lube Pump Motor 8/6 SIEMENS,IMPACT,REGULAR,11,58,71.494,64.000,13.866,12.400,126.445,145.200,ROP_MAX_SAFETY_STOCK,"Stock on hand 52 is below the current reorder point 71.494. At the IMPACT service level of 95% and a 58-day lead time, the reorder point should be 64.",APPROVED,2026-07-07
REC-001609,000000000010001028,1000,Agitator Shaft Seal 110KW KSB,CRITICAL,INTERMITTENT,5,139,2.626,4.500,1.301,2.200,10.789,6.000,ROP_MAX_SAFETY_STOCK,"Stock on hand 0 is below the current reorder point 2.626. At the CRITICAL service level of 98% and a 139-day lead time, the reorder point should be 4.5.",APPROVED,2026-08-14
REC-001610,000000000010001029,3000,Ball Mill Shell Liner Plate 250MM FLSM,INSURANCE,INTERMITTENT,4,147,4.422,10.300,1.829,4.300,12.593,14.100,ROP_MAX_SAFETY_STOCK,"Stock on hand 4 is below the current reorder point 4.422. At the INSURANCE service level of 90% and a 147-day lead time, the reorder point should be 10.3.",APPROVED,2026-07-18
REC-001611,000000000010001030,4000,Mill Lube Pump Motor TYPE A METSO,CRITICAL,INTERMITTENT,0,117,7.099,6.100,4.518,3.900,7.099,7.800,ROP_MAX_SAFETY_STOCK,"Stock on hand 0 is below the current reorder point 7.099. At the CRITICAL service level of 98% and a 117-day lead time, the reorder point should be 6.1.",PROPOSED,2026-05-26
REC-001612,000000000010001030,2000,Mill Lube Pump Motor TYPE A METSO,CRITICAL,INTERMITTENT,0,117,13.630,19.300,7.396,10.500,34.887,26.200,ROP_MAX_SAFETY_STOCK,"Stock on hand 0 is below the current reorder point 13.63. At the CRITICAL service level of 98% and a 117-day lead time, the reorder point should be 19.3.",PROPOSED,2026-05-18
REC-001613,000000000080000254,1000,Soft Starter Power Module 8/6 ABB,IMPACT,INTERMITTENT,5,27,5.787,3.500,3.951,2.400,6.434,7.200,ROP_MAX_SAFETY_STOCK,"Stock on hand 5 is below the current reorder point 5.787. At the IMPACT service level of 95% and a 27-day lead time, the reorder point should be 3.5.",PROPOSED,2026-08-24
REC-001614,000000000010001031,4000,Valve Assembly 55KW SANDVIK,IMPACT,SLOW,4,33,1.520,1.200,1.027,0.800,4.044,2.300,ROP_MAX_SAFETY_STOCK,Slow consumption of 0.4 per month over 24 months with a 33-day lead time gives a reorder point of 1.2 against the current 1.52.,APPROVED,2026-08-21
REC-001615,000000000080000255,2000,MCC Feeder Circuit Breaker 6/4 KSB,CRITICAL,INTERMITTENT,4,72,4.230,4.300,3.059,3.100,8.695,5.800,ROP_MAX_SAFETY_STOCK,"Stock on hand 1 is below the current reorder point 4.23. At the CRITICAL service level of 98% and a 72-day lead time, the reorder point should be 4.3.",APPROVED,2026-08-20
REC-001616,000000000080000256,3000,Mill Liner 250KW MULTOTEC,IMPACT,INTERMITTENT,3,37,3.797,2.300,2.793,1.700,4.146,3.800,ROP_MAX_SAFETY_STOCK,"Stock on hand 0 is below the current reorder point 3.797. At the IMPACT service level of 95% and a 37-day lead time, the reorder point should be 2.3.",PROPOSED,2026-06-21
REC-001617,000000000080000256,4000,Mill Liner 250KW MULTOTEC,IMPACT,INTERMITTENT,4,37,1.883,2.800,1.103,1.600,7.511,5.700,ROP_MAX_SAFETY_STOCK,Intermittent consumption of 1.0 per month over 24 months with a 37-day lead time gives a reorder point of 2.8 against the current 1.883.,REJECTED,2026-06-26
REC-001618,000000000010001032,4000,Apron Feeder Gear Reducer 250MM MULTOTEC,NORMAL,REGULAR,12,41,40.478,23.400,6.472,3.700,77.070,67.300,ROP_MAX_SAFETY_STOCK,"Stock on hand 21 is below the current reorder point 40.478. At the NORMAL service level of 85% and a 41-day lead time, the reorder point should be 23.4.",PROPOSED,2026-05-23
REC-001619,000000000080000257,2000,Ball Mill Gearbox Assembly 8/6 MULTOTEC,CRITICAL,INTERMITTENT,5,130,8.768,6.300,4.814,3.500,10.462,8.300,ROP_MAX_SAFETY_STOCK,"Stock on hand 6 is below the current reorder point 8.768. At the CRITICAL service level of 98% and a 130-day lead time, the reorder point should be 6.3.",PROPOSED,2026-05-28
REC-001620,000000000010001034,3000,Level Radar Transmitter 110KW METSO,CRITICAL,INTERMITTENT,0,100,8.382,13.600,4.914,8.000,13.887,18.700,ROP_MAX_SAFETY_STOCK,"Stock on hand 0 is below the current reorder point 8.382. At the CRITICAL service level of 98% and a 100-day lead time, the reorder point should be 13.6.",APPROVED,2026-07-05
REC-001621,000000000010001035,4000,Vertical Sump Pump Column 55KW SANDVIK,NORMAL,REGULAR,12,11,9.856,7.000,2.423,1.700,60.770,51.400,ROP_MAX_SAFETY_STOCK,Regular consumption of 14.8 per month over 24 months with a 11-day lead time gives a reorder point of 7 against the current 9.856.,APPROVED,2026-06-06
REC-001622,000000000010001037,2000,Mill Lube Pump Motor 110KW MULTOTEC,NORMAL,INTERMITTENT,6,31,1.732,1.200,1.032,0.700,2.616,2.600,ROP_MAX_SAFETY_STOCK,Intermittent consumption of 0.5 per month over 24 months with a 31-day lead time gives a reorder point of 1.2 against the current 1.732.,APPROVED,2026-06-05
REC-001623,000000000010001038,2000,Conveyor Pulley Bearing 250MM SEW,INSURANCE,INTERMITTENT,6,113,22.725,13.100,9.904,5.700,22.725,19.100,ROP_MAX_SAFETY_STOCK,Stock on hand 34 exceeds the current maximum 22.725. Consumption of 2.0 per month supports a maximum of 19.1.,APPROVED,2026-08-26
REC-001624,000000000010001039,1000,Pressure Transmitter Assembly 150MM,INSURANCE,INTERMITTENT,6,237,11.180,20.800,2.786,5.200,34.808,26.800,ROP_MAX_SAFETY_STOCK,Intermittent consumption of 2.0 per month over 24 months with a 237-day lead time gives a reorder point of 20.8 against the current 11.18.,REJECTED,2026-06-06
REC-001625,000000000010001040,1000,Gearbox Bearing 8/6 ABB,NORMAL,SLOW,2,53,1.425,0.800,0.915,0.500,2.082,1.300,ROP_MAX_SAFETY_STOCK,"Stock on hand 1 is below the current reorder point 1.425. At the NORMAL service level of 85% and a 53-day lead time, the reorder point should be 0.8.",APPROVED,2026-06-05
REC-001626,000000000010001041,4000,Pump Impeller DN150 SIEMENS,CRITICAL,INTERMITTENT,0,102,27.600,16.700,12.615,7.600,31.150,24.800,ROP_MAX_SAFETY_STOCK,"Stock on hand 0 is below the current reorder point 27.6. At the CRITICAL service level of 98% and a 102-day lead time, the reorder point should be 16.7.",REJECTED,2026-05-17
REC-001627,000000000010001042,2000,Soft Starter Power Module DN100 SKF,CRITICAL,INTERMITTENT,0,78,5.258,10.100,3.701,7.100,13.521,13.600,ROP_MAX_SAFETY_STOCK,"Stock on hand 0 is below the current reorder point 5.258. At the CRITICAL service level of 98% and a 78-day lead time, the reorder point should be 10.1.",REJECTED,2026-08-13
REC-001628,000000000080000258,1000,Hydraulic Power Pack 8/6 SEW,IMPACT,INTERMITTENT,3,36,7.887,6.300,5.411,4.300,10.948,11.300,ROP_MAX_SAFETY_STOCK,Stock on hand 11 exceeds the current maximum 10.948. Consumption of 1.7 per month supports a maximum of 11.3.,PROPOSED,2026-05-30
REC-001629,000000000010001043,3000,Variable Speed Drive Unit DN100 SEW,INSURANCE,SLOW,2,79,2.804,1.800,1.567,1.000,2.804,2.700,ROP_MAX_SAFETY_STOCK,Stock on hand 3 exceeds the current maximum 2.804. Consumption of 0.3 per month supports a maximum of 2.7.,REJECTED,2026-05-26
REC-001630,000000000010001044,1000,Ball Mill Shell Liner Plate 250KW FLSM,CRITICAL,REGULAR,8,48,20.680,51.100,5.813,14.400,87.829,121.000,ROP_MAX_SAFETY_STOCK,Regular consumption of 23.3 per month over 24 months with a 48-day lead time gives a reorder point of 51.1 against the current 20.68.,APPROVED,2026-08-09
REC-001631,000000000010001044,3000,Ball Mill Shell Liner Plate 250KW FLSM,CRITICAL,REGULAR,12,48,152.663,84.800,36.924,20.500,250.876,207.200,ROP_MAX_SAFETY_STOCK,"Stock on hand 83 is below the current reorder point 152.663. At the CRITICAL service level of 98% and a 48-day lead time, the reorder point should be 84.8.",REJECTED,2026-08-27
REC-001632,000000000010001045,3000,Hydraulic Pump Assembly 200MM MULTOTEC,IMPACT,INTERMITTENT,5,31,5.007,3.900,3.547,2.800,9.222,7.300,ROP_MAX_SAFETY_STOCK,"Stock on hand 3 is below the current reorder point 5.007. At the IMPACT service level of 95% and a 31-day lead time, the reorder point should be 3.9.",HELD,2026-07-19
REC-001633,000000000010001046,3000,Belt Scraper Blade Cartridge 55KW,IMPACT,INTERMITTENT,3,37,2.483,2.400,1.748,1.700,3.196,4.200,ROP_MAX_SAFETY_STOCK,Intermittent consumption of 0.6 per month over 24 months with a 37-day lead time gives a reorder point of 2.4 against the current 2.483.,APPROVED,2026-08-26
REC-001634,000000000010001047,1000,Agitator Shaft Seal 250KW SKF,INSURANCE,INTERMITTENT,3,235,6.202,4.000,2.626,1.700,6.202,4.900,ROP_MAX_SAFETY_STOCK,Stock on hand 8 exceeds the current maximum 6.202. Consumption of 0.3 per month supports a maximum of 4.9.,REJECTED,2026-08-16
REC-001635,000000000010001049,4000,PLC Digital Output Card HD METSO,IMPACT,REGULAR,12,12,4.930,11.800,1.751,4.200,98.680,69.900,ROP_MAX_SAFETY_STOCK,Regular consumption of 19.4 per month over 24 months with a 12-day lead time gives a reorder point of 11.8 against the current 4.93.,PROPOSED,2026-08-27
REC-001636,000000000010001050,4000,Gland Packing Seal Ring 8/6 KSB,CRITICAL,INTERMITTENT,0,73,7.254,9.100,4.545,5.700,23.382,13.300,ROP_MAX_SAFETY_STOCK,"Stock on hand 0 is below the current reorder point 7.254. At the CRITICAL service level of 98% and a 73-day lead time, the reorder point should be 9.1.",PROPOSED,2026-06-10
REC-001637,000000000010001051,3000,Slurry Pump Wet End Assembly TYPE B ABB,IMPACT,INTERMITTENT,2,20,2.567,3.800,1.964,2.900,9.827,7.800,ROP_MAX_SAFETY_STOCK,Intermittent consumption of 1.3 per month over 24 months with a 20-day lead time gives a reorder point of 3.8 against the current 2.567.,APPROVED,2026-07-18
REC-001638,000000000010001051,4000,Slurry Pump Wet End Assembly TYPE B ABB,IMPACT,INTERMITTENT,4,20,2.882,3.000,2.198,2.300,6.374,6.200,ROP_MAX_SAFETY_STOCK,Intermittent consumption of 1.1 per month over 24 months with a 20-day lead time gives a reorder point of 3 against the current 2.882.,APPROVED,2026-08-25
REC-001639,000000000030000264,1000,Level Radar Transmitter TYPE B MULTOTEC,IMPACT,ON_DEMAND,1,7,0.000,0.800,0.000,0.600,0.000,2.800,OAR_TO_MIN_MAX,This OAR material is classified IMPACT on the critical parts list. Recommend Min-Max management with a reorder point of 0.8 and a maximum of 2.8.,HELD,2026-08-22
REC-001640,000000000080000259,1000,Skirt Rubber Liner Section 6/4 SIEMENS,IMPACT,INTERMITTENT,2,31,5.155,3.700,3.613,2.600,6.581,7.000,ROP_MAX_SAFETY_STOCK,Stock on hand 11 exceeds the current maximum 6.581. Consumption of 1.1 per month supports a maximum of 7.,PROPOSED,2026-07-28
REC-001641,000000000010001052,1000,MCC Feeder Circuit Breaker 8/6 SEW,CRITICAL,REGULAR,11,47,94.731,68.700,26.418,19.200,207.381,164.900,ROP_MAX_SAFETY_STOCK,"Stock on hand 66 is below the current reorder point 94.731. At the CRITICAL service level of 98% and a 47-day lead time, the reorder point should be 68.7.",PROPOSED,2026-08-01
REC-001642,000000000080000260,2000,Ball Mill Trunnion Bearing DN100 SKF,CRITICAL,INTERMITTENT,2,129,6.444,7.900,3.997,4.900,14.755,10.000,ROP_MAX_SAFETY_STOCK,Intermittent consumption of 0.7 per month over 24 months with a 129-day lead time gives a reorder point of 7.9 against the current 6.444.,HELD,2026-06-04
REC-001643,000000000080000260,4000,Ball Mill Trunnion Bearing DN100 SKF,CRITICAL,INTERMITTENT,2,129,6.712,14.900,4.008,8.900,22.225,19.100,ROP_MAX_SAFETY_STOCK,"Stock on hand 6 is below the current reorder point 6.712. At the CRITICAL service level of 98% and a 129-day lead time, the reorder point should be 14.9.",APPROVED,2026-05-25
REC-001644,000000000010001053,4000,Flotation Blower Motor TYPE A SANDVIK,NORMAL,INTERMITTENT,5,21,3.553,2.600,2.044,1.500,8.957,7.500,ROP_MAX_SAFETY_STOCK,Stock on hand 9 exceeds the current maximum 8.957. Consumption of 1.6 per month supports a maximum of 7.5.,PROPOSED,2026-06-16
REC-001645,000000000080000261,3000,MCC Feeder Circuit Breaker 8/6 FLSM,CRITICAL,INTERMITTENT,7,92,5.388,5.300,3.245,3.200,11.944,7.400,ROP_MAX_SAFETY_STOCK,"Stock on hand 3 is below the current reorder point 5.388. At the CRITICAL service level of 98% and a 92-day lead time, the reorder point should be 5.3.",PROPOSED,2026-08-18
REC-001646,000000000030000266,3000,Mill Lube Pump Motor 250KW MULTOTEC,CRITICAL,ON_DEMAND,1,135,0.000,13.100,0.000,7.900,0.000,16.600,OAR_TO_MIN_MAX,This OAR material is classified CRITICAL on the critical parts list. Recommend Min-Max management with a reorder point of 13.1 and a maximum of 16.6.,APPROVED,2026-07-29
REC-001647,000000000010001054,4000,Gland Packing Seal Ring 6/4 SANDVIK,CRITICAL,REGULAR,9,130,29.156,57.200,6.474,12.700,96.397,88.500,ROP_MAX_SAFETY_STOCK,Regular consumption of 10.4 per month over 24 months with a 130-day lead time gives a reorder point of 57.2 against the current 29.156.,REJECTED,2026-07-17
REC-001648,000000000010001055,4000,Hydraulic Pump Assembly 250KW ABB,INSURANCE,INTERMITTENT,5,83,2.452,3.200,1.384,1.800,6.654,4.700,ROP_MAX_SAFETY_STOCK,Intermittent consumption of 0.5 per month over 24 months with a 83-day lead time gives a reorder point of 3.2 against the current 2.452.,HELD,2026-06-24
REC-001649,000000000010001056,4000,Flotation Cell Impeller 110KW FLSM,CRITICAL,INTERMITTENT,0,88,9.189,5.800,5.737,3.600,13.638,8.100,ROP_MAX_SAFETY_STOCK,"Stock on hand 0 is below the current reorder point 9.189. At the CRITICAL service level of 98% and a 88-day lead time, the reorder point should be 5.8.",REJECTED,2026-07-18
REC-001650,000000000010001056,2000,Flotation Cell Impeller 110KW FLSM,CRITICAL,INTERMITTENT,0,88,22.454,14.600,13.716,8.900,25.733,20.500,ROP_MAX_SAFETY_STOCK,"Stock on hand 0 is below the current reorder point 22.454. At the CRITICAL service level of 98% and a 88-day lead time, the reorder point should be 14.6.",REJECTED,2026-08-03
REC-001651,000000000010001057,4000,Slurry Density Transmitter 10/8,CRITICAL,REGULAR,11,72,26.223,32.600,5.806,7.200,58.178,64.800,ROP_MAX_SAFETY_STOCK,"Stock on hand 0 is below the current reorder point 26.223. At the CRITICAL service level of 98% and a 72-day lead time, the reorder point should be 32.6.",APPROVED,2026-05-21
REC-001652,000000000010001057,3000,Slurry Density Transmitter 10/8,CRITICAL,REGULAR,8,72,20.956,37.900,6.703,12.100,88.667,70.700,ROP_MAX_SAFETY_STOCK,Regular consumption of 10.9 per month over 24 months with a 72-day lead time gives a reorder point of 37.9 against the current 20.956.,APPROVED,2026-06-05
REC-001653,000000000010001058,1000,Flotation Cell Impeller 150MM SEW,INSURANCE,INTERMITTENT,4,200,7.993,4.700,2.854,1.700,7.993,6.100,ROP_MAX_SAFETY_STOCK,Stock on hand 8 exceeds the current maximum 7.993. Consumption of 0.5 per month supports a maximum of 6.1.,APPROVED,2026-06-20
REC-001654,000000000010001058,3000,Flotation Cell Impeller 150MM SEW,INSURANCE,INTERMITTENT,3,200,5.282,9.300,1.886,3.300,14.416,12.100,ROP_MAX_SAFETY_STOCK,Intermittent consumption of 0.9 per month over 24 months with a 200-day lead time gives a reorder point of 9.3 against the current 5.282.,APPROVED,2026-07-21
REC-001655,000000000010001059,2000,Variable Speed Drive Unit 200MM KSB,CRITICAL,INTERMITTENT,0,129,7.057,12.100,4.492,7.700,22.689,15.200,ROP_MAX_SAFETY_STOCK,"Stock on hand 0 is below the current reorder point 7.057. At the CRITICAL service level of 98% and a 129-day lead time, the reorder point should be 12.1.",APPROVED,2026-06-16
REC-001656,000000000010001059,3000,Variable Speed Drive Unit 200MM KSB,CRITICAL,INTERMITTENT,0,129,17.015,16.000,10.441,9.800,17.015,20.400,ROP_MAX_SAFETY_STOCK,"Stock on hand 0 is below the current reorder point 17.015. At the CRITICAL service level of 98% and a 129-day lead time, the reorder point should be 16.",APPROVED,2026-06-14
REC-001657,000000000080000262,4000,Belt Scraper Blade Cartridge 200MM METSO,NORMAL,INTERMITTENT,4,17,0.707,0.900,0.483,0.600,2.889,2.400,ROP_MAX_SAFETY_STOCK,Stock on hand 3 exceeds the current maximum 2.889. Consumption of 0.5 per month supports a maximum of 2.4.,APPROVED,2026-08-18
REC-001658,000000000080000262,2000,Belt Scraper Blade Cartridge 200MM METSO,NORMAL,INTERMITTENT,3,17,2.095,1.600,1.485,1.100,4.542,4.100,ROP_MAX_SAFETY_STOCK,"Stock on hand 2 is below the current reorder point 2.095. At the NORMAL service level of 85% and a 17-day lead time, the reorder point should be 1.6.",REJECTED,2026-06-08
REC-001659,000000000010001061,4000,Mill Liner 200MM SEW,CRITICAL,INTERMITTENT,0,60,8.221,10.500,5.191,6.600,20.127,16.400,ROP_MAX_SAFETY_STOCK,"Stock on hand 0 is below the current reorder point 8.221. At the CRITICAL service level of 98% and a 60-day lead time, the reorder point should be 10.5.",REJECTED,2026-08-11
REC-001660,000000000090000053,3000,Pump Impeller 6/4 SANDVIK,OBSOLETE,NO_DEMAND,0,42,0.000,,0.000,,1.000,,NO_SAFETY_STOCK,Obsolete material: no safety stock recommended. Candidate for stock reduction review.,APPROVED,2026-06-04
REC-001661,000000000090000053,1000,Pump Impeller 6/4 SANDVIK,OBSOLETE,NO_DEMAND,0,42,0.000,,0.000,,1.000,,NO_SAFETY_STOCK,Obsolete material: no safety stock recommended. Candidate for stock reduction review.,REJECTED,2026-08-11
REC-001662,000000000010001062,1000,Thickener Rake Seal Kit 110KW SKF,CRITICAL,INTERMITTENT,6,181,11.297,11.000,5.224,5.100,11.297,14.000,ROP_MAX_SAFETY_STOCK,"Stock on hand 11 is below the current reorder point 11.297. At the CRITICAL service level of 98% and a 181-day lead time, the reorder point should be 11.",APPROVED,2026-07-01
REC-001663,000000000010001063,2000,Gland Packing Seal Ring 10/8 SANDVIK,INSURANCE,INTERMITTENT,6,77,2.124,3.200,1.134,1.700,4.808,5.000,ROP_MAX_SAFETY_STOCK,"Stock on hand 0 is below the current reorder point 2.124. At the INSURANCE service level of 90% and a 77-day lead time, the reorder point should be 3.2.",APPROVED,2026-06-24
REC-001664,000000000010001063,3000,Gland Packing Seal Ring 10/8 SANDVIK,INSURANCE,INTERMITTENT,7,77,10.900,10.900,4.777,4.800,19.871,18.100,ROP_MAX_SAFETY_STOCK,"Stock on hand 10 is below the current reorder point 10.9. At the INSURANCE service level of 90% and a 77-day lead time, the reorder point should be 10.9.",PROPOSED,2026-06-16
REC-001665,000000000010001064,1000,Hydraulic Power Pack DN100 METSO,INSURANCE,REGULAR,12,63,62.220,67.500,11.608,12.600,141.317,147.000,ROP_MAX_SAFETY_STOCK,Regular consumption of 26.5 per month over 24 months with a 63-day lead time gives a reorder point of 67.5 against the current 62.22.,APPROVED,2026-05-21
REC-001666,000000000010001065,3000,Ball Mill Shell Liner Plate 6/4 MULTOTEC,CRITICAL,INTERMITTENT,0,107,12.253,8.200,8.964,6.000,12.644,10.100,ROP_MAX_SAFETY_STOCK,"Stock on hand 0 is below the current reorder point 12.253. At the CRITICAL service level of 98% and a 107-day lead time, the reorder point should be 8.2.",PROPOSED,2026-05-24
REC-001667,000000000010001065,1000,Ball Mill Shell Liner Plate 6/4 MULTOTEC,CRITICAL,INTERMITTENT,0,107,8.899,14.900,5.667,9.500,27.045,19.500,ROP_MAX_SAFETY_STOCK,"Stock on hand 0 is below the current reorder point 8.899. At the CRITICAL service level of 98% and a 107-day lead time, the reorder point should be 14.9.",PROPOSED,2026-09-02
REC-001668,000000000010001066,4000,Level Radar Transmitter TYPE B FLSM,INSURANCE,INTERMITTENT,7,167,3.818,4.700,1.225,1.500,9.837,6.500,ROP_MAX_SAFETY_STOCK,"Stock on hand 3 is below the current reorder point 3.818. At the INSURANCE service level of 90% and a 167-day lead time, the reorder point should be 4.7.",APPROVED,2026-08-06
REC-001669,000000000010001067,1000,Crusher Main Shaft Bearing DN150 WEIR,NORMAL,INTERMITTENT,2,35,2.087,1.800,1.289,1.100,5.621,3.500,ROP_MAX_SAFETY_STOCK,Stock on hand 6 exceeds the current maximum 5.621. Consumption of 0.6 per month supports a maximum of 3.5.,APPROVED,2026-08-11
REC-001670,000000000010001067,4000,Crusher Main Shaft Bearing DN150 WEIR,NORMAL,INTERMITTENT,5,35,2.739,1.800,1.643,1.100,5.112,3.700,ROP_MAX_SAFETY_STOCK,Intermittent consumption of 0.6 per month over 24 months with a 35-day lead time gives a reorder point of 1.8 against the current 2.739.,APPROVED,2026-06-21
REC-001671,000000000010001068,1000,Flotation Cell Impeller HD KSB,INSURANCE,REGULAR,12,48,81.970,68.600,17.655,14.800,298.827,171.000,ROP_MAX_SAFETY_STOCK,"Stock on hand 0 is below the current reorder point 81.97. At the INSURANCE service level of 90% and a 48-day lead time, the reorder point should be 68.6.",APPROVED,2026-05-19
REC-001672,000000000010001069,1000,Pump Impeller TYPE A ABB,CRITICAL,INTERMITTENT,4,96,14.393,11.400,9.081,7.200,14.845,15.400,ROP_MAX_SAFETY_STOCK,"Stock on hand 7 is below the current reorder point 14.393. At the CRITICAL service level of 98% and a 96-day lead time, the reorder point should be 11.4.",PROPOSED,2026-07-11
REC-001673,000000000010001069,2000,Pump Impeller TYPE A ABB,CRITICAL,INTERMITTENT,3,96,11.369,9.700,7.824,6.700,14.848,12.600,ROP_MAX_SAFETY_STOCK,"Stock on hand 7 is below the current reorder point 11.369. At the CRITICAL service level of 98% and a 96-day lead time, the reorder point should be 9.7.",PROPOSED,2026-08-15
REC-001674,000000000090000054,4000,Conveyor Drive Motor 6/4 METSO,OBSOLETE,NO_DEMAND,0,7,0.000,,0.000,,1.000,,NO_SAFETY_STOCK,Obsolete material: no safety stock recommended. Candidate for stock reduction review.,APPROVED,2026-08-24
REC-001675,000000000010001070,3000,Thickener Rake Seal Kit 200MM SEW,INSURANCE,INTERMITTENT,6,146,7.312,9.100,3.615,4.500,8.673,12.000,ROP_MAX_SAFETY_STOCK,Stock on hand 10 exceeds the current maximum 8.673. Consumption of 1.0 per month supports a maximum of 12.,APPROVED,2026-09-01
REC-001676,000000000030000269,2000,Flotation Cell Impeller DN100 ABB,IMPACT,ON_DEMAND,1,35,0.000,7.100,0.000,5.100,0.000,12.200,OAR_TO_MIN_MAX,This OAR material is classified IMPACT on the critical parts list. Recommend Min-Max management with a reorder point of 7.1 and a maximum of 12.2.,HELD,2026-07-07
REC-001677,000000000010001071,3000,Hydraulic Pump Assembly 6/4 SKF,INSURANCE,REGULAR,12,35,78.133,52.500,13.368,9.000,172.777,166.000,ROP_MAX_SAFETY_STOCK,"Stock on hand 0 is below the current reorder point 78.133. At the INSURANCE service level of 90% and a 35-day lead time, the reorder point should be 52.5.",PROPOSED,2026-08-02
REC-001678,000000000010001072,4000,MCC Feeder Circuit Breaker 150MM SEW,INSURANCE,INTERMITTENT,5,149,13.590,9.600,6.116,4.300,20.836,12.800,ROP_MAX_SAFETY_STOCK,Intermittent consumption of 1.1 per month over 24 months with a 149-day lead time gives a reorder point of 9.6 against the current 13.59.,APPROVED,2026-07-01
REC-001679,000000000010001073,4000,Flow Meter Sensor Head 10/8 FLSM,INSURANCE,INTERMITTENT,7,126,5.211,3.200,2.145,1.300,5.211,4.600,ROP_MAX_SAFETY_STOCK,Stock on hand 6 exceeds the current maximum 5.211. Consumption of 0.5 per month supports a maximum of 4.6.,APPROVED,2026-08-09
REC-001680,000000000010001073,3000,Flow Meter Sensor Head 10/8 FLSM,INSURANCE,INTERMITTENT,6,126,10.109,6.800,3.959,2.700,15.802,9.800,ROP_MAX_SAFETY_STOCK,Stock on hand 16 exceeds the current maximum 15.802. Consumption of 1.0 per month supports a maximum of 9.8.,APPROVED,2026-05-28
REC-001681,000000000010001074,3000,Conveyor Drive Motor 110KW SANDVIK,CRITICAL,INTERMITTENT,4,63,2.507,2.600,1.835,1.900,3.439,3.600,ROP_MAX_SAFETY_STOCK,"Stock on hand 0 is below the current reorder point 2.507. At the CRITICAL service level of 98% and a 63-day lead time, the reorder point should be 2.6.",PROPOSED,2026-08-24
REC-001682,000000000010001075,2000,Crusher Main Shaft Bearing 6/4 SANDVIK,CRITICAL,SLOW,2,126,4.062,2.600,2.713,1.700,4.062,3.200,ROP_MAX_SAFETY_STOCK,"Stock on hand 4 is below the current reorder point 4.062. At the CRITICAL service level of 98% and a 126-day lead time, the reorder point should be 2.6.",APPROVED,2026-09-01
REC-001683,000000000010001076,1000,Crusher Hydroset Cylinder 8/6 METSO,NORMAL,REGULAR,12,31,17.635,15.800,3.545,3.200,38.842,52.900,ROP_MAX_SAFETY_STOCK,"Stock on hand 0 is below the current reorder point 17.635. At the NORMAL service level of 85% and a 31-day lead time, the reorder point should be 15.8.",PROPOSED,2026-08-11
REC-001684,000000000080000263,4000,Agitator Shaft Seal TYPE A KSB,IMPACT,INTERMITTENT,7,14,2.493,2.500,1.789,1.800,12.598,7.100,ROP_MAX_SAFETY_STOCK,Intermittent consumption of 1.5 per month over 24 months with a 14-day lead time gives a reorder point of 2.5 against the current 2.493.,HELD,2026-08-07
REC-001685,000000000010001077,1000,Hydraulic Pump Assembly 200MM WEIR,IMPACT,REGULAR,11,35,62.269,57.300,15.712,14.500,253.009,169.100,ROP_MAX_SAFETY_STOCK,Regular consumption of 37.2 per month over 24 months with a 35-day lead time gives a reorder point of 57.3 against the current 62.269.,PROPOSED,2026-08-21
REC-001686,000000000010001078,4000,Flotation Blower Motor TYPE A SIEMENS,CRITICAL,INTERMITTENT,4,196,4.789,10.600,2.368,5.200,15.680,13.100,ROP_MAX_SAFETY_STOCK,"Stock on hand 0 is below the current reorder point 4.789. At the CRITICAL service level of 98% and a 196-day lead time, the reorder point should be 10.6.",REJECTED,2026-09-02
REC-001687,000000000010001078,3000,Flotation Blower Motor TYPE A SIEMENS,CRITICAL,INTERMITTENT,5,196,4.282,5.700,2.027,2.700,11.976,7.100,ROP_MAX_SAFETY_STOCK,Intermittent consumption of 0.5 per month over 24 months with a 196-day lead time gives a reorder point of 5.7 against the current 4.282.,APPROVED,2026-05-14
REC-001688,000000000080000264,2000,Crusher Main Shaft Bearing 110KW METSO,CRITICAL,INTERMITTENT,7,44,11.048,6.500,7.682,4.500,11.104,10.600,ROP_MAX_SAFETY_STOCK,Stock on hand 12 exceeds the current maximum 11.104. Consumption of 1.4 per month supports a maximum of 10.6.,APPROVED,2026-05-14
REC-001689,000000000010001079,4000,PLC Digital Output Card 200MM FLSM,NORMAL,REGULAR,12,7,3.508,6.200,1.084,1.900,106.330,62.600,ROP_MAX_SAFETY_STOCK,Regular consumption of 18.8 per month over 24 months with a 7-day lead time gives a reorder point of 6.2 against the current 3.508.,APPROVED,2026-06-29
REC-001690,000000000010001080,1000,Conveyor Drive Gearbox 110KW ABB,CRITICAL,INTERMITTENT,0,113,11.192,12.800,6.309,7.200,29.836,17.300,ROP_MAX_SAFETY_STOCK,"Stock on hand 0 is below the current reorder point 11.192. At the CRITICAL service level of 98% and a 113-day lead time, the reorder point should be 12.8.",APPROVED,2026-08-08
REC-001691,000000000010001083,2000,Mill Liner 55KW SIEMENS,CRITICAL,INTERMITTENT,3,54,7.227,5.500,4.836,3.700,8.202,8.600,ROP_MAX_SAFETY_STOCK,Intermittent consumption of 1.0 per month over 24 months with a 54-day lead time gives a reorder point of 5.5 against the current 7.227.,REJECTED,2026-07-25
REC-001692,000000000030000272,2000,Cyclone Apex Liner 10/8 WEIR,CRITICAL,ON_DEMAND,0,102,0.000,9.200,0.000,5.600,0.000,12.400,OAR_TO_MIN_MAX,This OAR material is classified CRITICAL on the critical parts list. Recommend Min-Max management with a reorder point of 9.2 and a maximum of 12.4.,APPROVED,2026-05-23
REC-001693,000000000090000055,4000,Mill Lube Pump Motor 110KW SEW,OBSOLETE,NO_DEMAND,0,40,0.000,,0.000,,1.000,,NO_SAFETY_STOCK,Obsolete material: no safety stock recommended. Candidate for stock reduction review.,APPROVED,2026-08-25
REC-001694,000000000090000055,2000,Mill Lube Pump Motor 110KW SEW,OBSOLETE,NO_DEMAND,0,40,0.000,,0.000,,1.000,,NO_SAFETY_STOCK,Obsolete material: no safety stock recommended. Candidate for stock reduction review.,PROPOSED,2026-08-24
REC-001695,000000000010001084,2000,Thickener Rake Seal Kit 110KW WEIR,NORMAL,INTERMITTENT,6,27,3.187,3.200,1.886,1.900,12.095,7.700,ROP_MAX_SAFETY_STOCK,Intermittent consumption of 1.5 per month over 24 months with a 27-day lead time gives a reorder point of 3.2 against the current 3.187.,PROPOSED,2026-07-30
REC-001696,000000000010001084,3000,Thickener Rake Seal Kit 110KW WEIR,NORMAL,INTERMITTENT,7,27,2.621,1.700,1.347,0.900,4.339,4.500,ROP_MAX_SAFETY_STOCK,Intermittent consumption of 0.9 per month over 24 months with a 27-day lead time gives a reorder point of 1.7 against the current 2.621.,PROPOSED,2026-05-17
REC-001697,000000000010001085,4000,Valve Assembly 250KW SEW,CRITICAL,INTERMITTENT,0,115,5.954,5.100,3.591,3.100,11.710,6.700,ROP_MAX_SAFETY_STOCK,"Stock on hand 0 is below the current reorder point 5.954. At the CRITICAL service level of 98% and a 115-day lead time, the reorder point should be 5.1.",APPROVED,2026-07-06
REC-001698,000000000010001086,4000,Flotation Blower Motor TYPE B FLSM,IMPACT,INTERMITTENT,4,21,4.326,4.200,3.197,3.100,6.870,8.900,ROP_MAX_SAFETY_STOCK,Stock on hand 7 exceeds the current maximum 6.87. Consumption of 1.6 per month supports a maximum of 8.9.,APPROVED,2026-05-31
REC-001699,000000000010001087,3000,Mill Lube Pump Motor 10/8 METSO,CRITICAL,INTERMITTENT,0,113,5.744,9.400,2.935,4.800,9.808,13.200,ROP_MAX_SAFETY_STOCK,"Stock on hand 0 is below the current reorder point 5.744. At the CRITICAL service level of 98% and a 113-day lead time, the reorder point should be 9.4.",PROPOSED,2026-08-04
REC-001700,000000000090000056,3000,Thickener Rake Drive Gearbox HD,OBSOLETE,NO_DEMAND,0,31,0.000,,0.000,,1.000,,NO_SAFETY_STOCK,Obsolete material: no safety stock recommended. Candidate for stock reduction review.,REJECTED,2026-08-19
REC-001701,000000000090000056,4000,Thickener Rake Drive Gearbox HD,OBSOLETE,NO_DEMAND,0,31,0.000,,0.000,,1.000,,NO_SAFETY_STOCK,Obsolete material: no safety stock recommended. Candidate for stock reduction review.,REJECTED,2026-08-04
REC-001702,000000000010001089,4000,Conveyor Idler Roller Set 10/8 WEIR,NORMAL,INTERMITTENT,5,30,1.982,1.500,1.184,0.900,5.492,3.200,ROP_MAX_SAFETY_STOCK,Intermittent consumption of 0.6 per month over 24 months with a 30-day lead time gives a reorder point of 1.5 against the current 1.982.,APPROVED,2026-06-17
REC-001703,000000000010001089,2000,Conveyor Idler Roller Set 10/8 WEIR,NORMAL,INTERMITTENT,3,30,1.195,1.400,0.753,0.900,3.035,3.000,ROP_MAX_SAFETY_STOCK,"Stock on hand 1 is below the current reorder point 1.195. At the NORMAL service level of 85% and a 30-day lead time, the reorder point should be 1.4.",HELD,2026-05-18
REC-001704,000000000010001090,3000,Slurry Density Transmitter 10/8 FLSM,INSURANCE,INTERMITTENT,3,128,6.394,4.300,3.027,2.000,6.394,5.900,ROP_MAX_SAFETY_STOCK,Stock on hand 7 exceeds the current maximum 6.394. Consumption of 0.5 per month supports a maximum of 5.9.,APPROVED,2026-08-12
REC-001705,000000000010001091,2000,Agitator Shaft Seal 250KW SANDVIK,CRITICAL,INTERMITTENT,6,118,7.489,9.900,4.179,5.500,18.101,13.300,ROP_MAX_SAFETY_STOCK,"Stock on hand 7 is below the current reorder point 7.489. At the CRITICAL service level of 98% and a 118-day lead time, the reorder point should be 9.9.",REJECTED,2026-06-14
REC-001706,000000000010001093,2000,Cyclone Apex Liner 250MM SKF,NORMAL,INTERMITTENT,2,27,5.499,3.100,3.419,1.900,5.499,7.100,ROP_MAX_SAFETY_STOCK,Stock on hand 8 exceeds the current maximum 5.499. Consumption of 1.3 per month supports a maximum of 7.1.,APPROVED,2026-08-21
REC-001707,000000000010001094,4000,Thickener Rake Seal Kit 10/8 METSO,NORMAL,REGULAR,12,41,85.859,49.800,17.787,10.300,122.830,137.700,ROP_MAX_SAFETY_STOCK,"Stock on hand 26 is below the current reorder point 85.859. At the NORMAL service level of 85% and a 41-day lead time, the reorder point should be 49.8.",PROPOSED,2026-05-13
REC-001708,000000000010001096,4000,Pump Impeller 150MM SKF,NORMAL,INTERMITTENT,3,36,1.016,1.500,0.607,0.900,4.213,3.000,ROP_MAX_SAFETY_STOCK,Intermittent consumption of 0.5 per month over 24 months with a 36-day lead time gives a reorder point of 1.5 against the current 1.016.,APPROVED,2026-05-31
REC-001709,000000000010001096,2000,Pump Impeller 150MM SKF,NORMAL,INTERMITTENT,7,36,3.288,6.500,1.707,3.400,18.580,14.400,ROP_MAX_SAFETY_STOCK,Stock on hand 19 exceeds the current maximum 18.58. Consumption of 2.6 per month supports a maximum of 14.4.,REJECTED,2026-08-18
REC-001710,000000000010001097,4000,Variable Speed Drive Unit 250KW MULTOTEC,IMPACT,SLOW,1,11,0.438,0.500,0.377,0.400,1.642,1.000,ROP_MAX_SAFETY_STOCK,Slow consumption of 0.2 per month over 24 months with a 11-day lead time gives a reorder point of 0.5 against the current 0.438.,APPROVED,2026-05-16
REC-001711,000000000030000274,2000,Slurry Density Transmitter 250KW SEW,CRITICAL,ON_DEMAND,1,138,0.000,10.900,0.000,6.600,0.000,13.800,OAR_TO_MIN_MAX,This OAR material is classified CRITICAL on the critical parts list. Recommend Min-Max management with a reorder point of 10.9 and a maximum of 13.8.,REJECTED,2026-07-07
REC-001712,000000000010001098,4000,Hydraulic Power Pack 10/8 SKF,CRITICAL,INTERMITTENT,3,95,12.622,13.500,8.347,8.900,24.305,17.900,ROP_MAX_SAFETY_STOCK,Intermittent consumption of 1.5 per month over 24 months with a 95-day lead time gives a reorder point of 13.5 against the current 12.622.,REJECTED,2026-08-25
REC-001713,000000000080000265,1000,Gearbox Bearing 250KW SANDVIK,IMPACT,INTERMITTENT,3,53,5.527,6.500,3.416,4.000,17.164,10.800,ROP_MAX_SAFETY_STOCK,"Stock on hand 5 is below the current reorder point 5.527. At the IMPACT service level of 95% and a 53-day lead time, the reorder point should be 6.5.",APPROVED,2026-07-23
REC-001714,000000000080000265,2000,Gearbox Bearing 250KW SANDVIK,IMPACT,INTERMITTENT,3,53,4.022,5.300,2.746,3.600,13.488,8.200,ROP_MAX_SAFETY_STOCK,Intermittent consumption of 1.0 per month over 24 months with a 53-day lead time gives a reorder point of 5.3 against the current 4.022.,PROPOSED,2026-07-14
REC-001715,000000000010001100,2000,Crusher Hydroset Cylinder 110KW METSO,INSURANCE,INTERMITTENT,4,231,6.645,5.000,2.392,1.800,6.645,6.200,ROP_MAX_SAFETY_STOCK,"Stock on hand 5 is below the current reorder point 6.645. At the INSURANCE service level of 90% and a 231-day lead time, the reorder point should be 5.",APPROVED,2026-07-29
REC-001716,000000000010001100,4000,Crusher Hydroset Cylinder 110KW METSO,INSURANCE,INTERMITTENT,6,231,6.226,6.800,1.566,1.700,10.823,8.800,ROP_MAX_SAFETY_STOCK,Intermittent consumption of 0.7 per month over 24 months with a 231-day lead time gives a reorder point of 6.8 against the current 6.226.,REJECTED,2026-06-17
REC-001717,000000000010001101,1000,Mill Lube Pump Motor TYPE B MULTOTEC,INSURANCE,INTERMITTENT,2,236,5.118,4.300,2.044,1.700,6.316,5.300,ROP_MAX_SAFETY_STOCK,Intermittent consumption of 0.3 per month over 24 months with a 236-day lead time gives a reorder point of 4.3 against the current 5.118.,PROPOSED,2026-07-07
REC-001718,000000000010001101,4000,Mill Lube Pump Motor TYPE B MULTOTEC,INSURANCE,INTERMITTENT,3,236,5.661,14.000,2.139,5.300,15.429,17.400,ROP_MAX_SAFETY_STOCK,"Stock on hand 0 is below the current reorder point 5.661. At the INSURANCE service level of 90% and a 236-day lead time, the reorder point should be 14.",REJECTED,2026-06-19
REC-001719,000000000080000266,2000,Valve Assembly 250KW SANDVIK,IMPACT,INTERMITTENT,7,46,5.980,4.200,3.666,2.600,11.076,7.500,ROP_MAX_SAFETY_STOCK,Intermittent consumption of 1.1 per month over 24 months with a 46-day lead time gives a reorder point of 4.2 against the current 5.98.,REJECTED,2026-08-31
REC-001720,000000000090000057,2000,Flotation Blower Motor DN150 ABB,OBSOLETE,NO_DEMAND,0,47,0.000,,0.000,,1.000,,NO_SAFETY_STOCK,Obsolete material: no safety stock recommended. Candidate for stock reduction review.,APPROVED,2026-07-18
REC-001721,000000000090000057,1000,Flotation Blower Motor DN150 ABB,OBSOLETE,NO_DEMAND,0,47,0.000,,0.000,,1.000,,NO_SAFETY_STOCK,Obsolete material: no safety stock recommended. Candidate for stock reduction review.,APPROVED,2026-06-17
REC-001722,000000000010001103,4000,Flotation Blower Motor DN150 SEW,NORMAL,REGULAR,10,10,9.468,18.200,2.963,5.700,168.812,132.100,ROP_MAX_SAFETY_STOCK,"Stock on hand 0 is below the current reorder point 9.468. At the NORMAL service level of 85% and a 10-day lead time, the reorder point should be 18.2.",PROPOSED,2026-05-18
REC-001723,000000000010001104,1000,Cyclone Apex Liner 10/8 ABB,INSURANCE,INTERMITTENT,5,80,5.690,7.500,3.034,4.000,17.319,11.500,ROP_MAX_SAFETY_STOCK,Intermittent consumption of 1.3 per month over 24 months with a 80-day lead time gives a reorder point of 7.5 against the current 5.69.,PROPOSED,2026-08-26
REC-001724,000000000010001105,4000,Flotation Blower Motor DN100 WEIR,CRITICAL,REGULAR,12,114,88.345,62.700,15.778,11.200,171.232,104.000,ROP_MAX_SAFETY_STOCK,Regular consumption of 13.8 per month over 24 months with a 114-day lead time gives a reorder point of 62.7 against the current 88.345.,PROPOSED,2026-08-04
REC-001725,000000000010001105,2000,Flotation Blower Motor DN100 WEIR,CRITICAL,REGULAR,12,114,43.690,50.900,9.294,10.800,122.650,83.000,ROP_MAX_SAFETY_STOCK,Regular consumption of 10.7 per month over 24 months with a 114-day lead time gives a reorder point of 50.9 against the current 43.69.,APPROVED,2026-07-31
REC-001726,000000000010001106,1000,Level Radar Transmitter 150MM MULTOTEC,INSURANCE,SLOW,2,133,5.637,3.500,3.289,2.000,5.928,4.500,ROP_MAX_SAFETY_STOCK,Stock on hand 6 exceeds the current maximum 5.928. Consumption of 0.3 per month supports a maximum of 4.5.,PROPOSED,2026-08-17
REC-001727,000000000010001107,3000,Thickener Rake Drive Gearbox 150MM FLSM,INSURANCE,REGULAR,12,88,74.251,53.000,12.328,8.800,91.050,98.900,ROP_MAX_SAFETY_STOCK,"Stock on hand 62 is below the current reorder point 74.251. At the INSURANCE service level of 90% and a 88-day lead time, the reorder point should be 53.",PROPOSED,2026-08-03
REC-001728,000000000090000058,4000,Agitator Shaft Seal 6/4 WEIR,OBSOLETE,NO_DEMAND,0,9,0.000,,0.000,,1.000,,NO_SAFETY_STOCK,Obsolete material: no safety stock recommended. Candidate for stock reduction review.,REJECTED,2026-08-23
REC-001729,000000000010001108,3000,Conveyor Drive Motor 8/6 SEW,NORMAL,INTERMITTENT,6,32,4.467,2.700,2.283,1.400,8.528,6.500,ROP_MAX_SAFETY_STOCK,Intermittent consumption of 1.2 per month over 24 months with a 32-day lead time gives a reorder point of 2.7 against the current 4.467.,APPROVED,2026-07-17
REC-001730,000000000090000059,2000,Level Radar Transmitter HD METSO,OBSOLETE,NO_DEMAND,0,16,0.000,,0.000,,1.000,,NO_SAFETY_STOCK,Obsolete material: no safety stock recommended. Candidate for stock reduction review.,APPROVED,2026-06-27
REC-001731,000000000080000267,4000,Conveyor Drive Motor 110KW FLSM,IMPACT,INTERMITTENT,6,57,11.082,7.900,6.478,4.600,11.783,13.200,ROP_MAX_SAFETY_STOCK,Stock on hand 14 exceeds the current maximum 11.783. Consumption of 1.8 per month supports a maximum of 13.2.,HELD,2026-06-07
REC-001732,000000000010001109,2000,Thickener Rake Seal Kit 6/4 MULTOTEC,NORMAL,INTERMITTENT,8,10,1.617,2.100,1.100,1.400,7.086,8.200,ROP_MAX_SAFETY_STOCK,"Stock on hand 0 is below the current reorder point 1.617. At the NORMAL service level of 85% and a 10-day lead time, the reorder point should be 2.1.",PROPOSED,2026-05-12
REC-001733,000000000030000278,1000,Flotation Cell Impeller TYPE B MULTOTEC,CRITICAL,ON_DEMAND,1,50,0.000,10.000,0.000,6.400,0.000,16.600,OAR_TO_MIN_MAX,This OAR material is classified CRITICAL on the critical parts list. Recommend Min-Max management with a reorder point of 10 and a maximum of 16.6.,HELD,2026-06-03
REC-001734,000000000010001110,4000,Crusher Main Shaft Bearing HD MULTOTEC,CRITICAL,REGULAR,11,49,40.396,75.000,12.345,22.900,162.542,172.100,ROP_MAX_SAFETY_STOCK,Regular consumption of 32.4 per month over 24 months with a 49-day lead time gives a reorder point of 75 against the current 40.396.,HELD,2026-08-26
REC-001735,000000000080000268,3000,PLC Digital Output Card 150MM ABB,IMPACT,INTERMITTENT,2,51,1.681,1.800,1.229,1.300,4.651,2.700,ROP_MAX_SAFETY_STOCK,Intermittent consumption of 0.3 per month over 24 months with a 51-day lead time gives a reorder point of 1.8 against the current 1.681.,REJECTED,2026-05-20
REC-001736,000000000010001111,1000,Slurry Density Transmitter 250KW SANDVIK,INSURANCE,INTERMITTENT,5,111,4.621,4.300,2.005,1.900,8.178,6.300,ROP_MAX_SAFETY_STOCK,"Stock on hand 3 is below the current reorder point 4.621. At the INSURANCE service level of 90% and a 111-day lead time, the reorder point should be 4.3.",PROPOSED,2026-06-20
REC-001737,000000000080000269,1000,Level Radar Transmitter 110KW FLSM,IMPACT,INTERMITTENT,7,10,0.657,1.000,0.510,0.800,3.812,3.100,ROP_MAX_SAFETY_STOCK,Intermittent consumption of 0.7 per month over 24 months with a 10-day lead time gives a reorder point of 1 against the current 0.657.,REJECTED,2026-06-28
REC-001738,000000000080000269,4000,Level Radar Transmitter 110KW FLSM,IMPACT,INTERMITTENT,5,10,0.912,1.400,0.708,1.100,4.518,4.300,ROP_MAX_SAFETY_STOCK,Intermittent consumption of 1.0 per month over 24 months with a 10-day lead time gives a reorder point of 1.4 against the current 0.912.,PROPOSED,2026-07-07
REC-001739,000000000010001112,3000,Level Radar Transmitter 250KW ABB,IMPACT,INTERMITTENT,1,37,2.318,3.800,1.845,3.000,9.834,5.700,ROP_MAX_SAFETY_STOCK,Intermittent consumption of 0.6 per month over 24 months with a 37-day lead time gives a reorder point of 3.8 against the current 2.318.,APPROVED,2026-07-25
REC-001740,000000000010001113,2000,Pressure Transmitter Assembly 55KW,INSURANCE,REGULAR,12,101,221.580,144.500,33.848,22.100,221.580,255.100,ROP_MAX_SAFETY_STOCK,"Stock on hand 157 is below the current reorder point 221.58. At the INSURANCE service level of 90% and a 101-day lead time, the reorder point should be 144.5.",APPROVED,2026-08-11
REC-001741,000000000010001113,3000,Pressure Transmitter Assembly 55KW,INSURANCE,REGULAR,10,101,108.406,137.200,14.777,18.700,217.802,244.300,ROP_MAX_SAFETY_STOCK,Regular consumption of 35.7 per month over 24 months with a 101-day lead time gives a reorder point of 137.2 against the current 108.406.,PROPOSED,2026-08-23
REC-001742,000000000080000270,3000,Hydraulic Pump Assembly 55KW ABB,NORMAL,INTERMITTENT,4,47,7.633,6.300,3.767,3.100,14.532,12.400,ROP_MAX_SAFETY_STOCK,"Stock on hand 6 is below the current reorder point 7.633. At the NORMAL service level of 85% and a 47-day lead time, the reorder point should be 6.3.",PROPOSED,2026-07-29
REC-001743,000000000010001114,2000,Conveyor Take-Up Pulley 150MM SIEMENS,IMPACT,REGULAR,12,43,21.226,15.900,6.398,4.800,31.424,39.500,ROP_MAX_SAFETY_STOCK,Regular consumption of 7.9 per month over 24 months with a 43-day lead time gives a reorder point of 15.9 against the current 21.226.,APPROVED,2026-06-04
REC-001744,000000000080000271,4000,Skirt Rubber Liner Section 6/4 MULTOTEC,IMPACT,INTERMITTENT,3,29,1.578,2.900,1.196,2.200,4.877,5.200,ROP_MAX_SAFETY_STOCK,Intermittent consumption of 0.8 per month over 24 months with a 29-day lead time gives a reorder point of 2.9 against the current 1.578.,APPROVED,2026-08-03
REC-001745,000000000010001115,3000,Crusher Hydroset Cylinder 250MM FLSM,CRITICAL,INTERMITTENT,0,145,20.059,21.300,11.108,11.800,40.547,27.300,ROP_MAX_SAFETY_STOCK,"Stock on hand 0 is below the current reorder point 20.059. At the CRITICAL service level of 98% and a 145-day lead time, the reorder point should be 21.3.",APPROVED,2026-05-11
REC-001746,000000000010001116,1000,Centrifugal Pump Casing TYPE B SIEMENS,NORMAL,REGULAR,12,27,32.293,29.700,6.663,6.100,98.126,109.500,ROP_MAX_SAFETY_STOCK,"Stock on hand 24 is below the current reorder point 32.293. At the NORMAL service level of 85% and a 27-day lead time, the reorder point should be 29.7.",APPROVED,2026-07-29
REC-001747,000000000010001116,4000,Centrifugal Pump Casing TYPE B SIEMENS,NORMAL,REGULAR,12,27,20.743,45.300,5.686,12.400,156.971,156.400,ROP_MAX_SAFETY_STOCK,Regular consumption of 37.0 per month over 24 months with a 27-day lead time gives a reorder point of 45.3 against the current 20.743.,PROPOSED,2026-08-07
REC-001748,000000000090000060,1000,Vertical Sump Pump Column 250KW MULTOTEC,OBSOLETE,NO_DEMAND,0,7,0.000,,0.000,,1.000,,NO_SAFETY_STOCK,Obsolete material: no safety stock recommended. Candidate for stock reduction review.,REJECTED,2026-07-28
REC-001749,000000000090000060,3000,Vertical Sump Pump Column 250KW MULTOTEC,OBSOLETE,NO_DEMAND,0,7,0.000,,0.000,,1.000,,NO_SAFETY_STOCK,Obsolete material: no safety stock recommended. Candidate for stock reduction review.,PROPOSED,2026-08-03
REC-001750,000000000010001117,2000,Centrifugal Pump Casing TYPE A WEIR,NORMAL,SLOW,3,22,0.977,1.200,0.667,0.800,2.250,2.700,ROP_MAX_SAFETY_STOCK,"Stock on hand 0 is below the current reorder point 0.977. At the NORMAL service level of 85% and a 22-day lead time, the reorder point should be 1.2.",APPROVED,2026-08-26
REC-001751,000000000010001117,4000,Centrifugal Pump Casing TYPE A WEIR,NORMAL,SLOW,0,22,0.875,0.600,0.705,0.500,0.907,1.100,ROP_MAX_SAFETY_STOCK,Stock on hand 1 exceeds the current maximum 0.907. Consumption of 0.2 per month supports a maximum of 1.1.,APPROVED,2026-06-17
REC-001752,000000000010001118,1000,Gland Packing Seal Ring 250KW KSB,NORMAL,SLOW,3,11,0.485,0.400,0.365,0.300,1.891,1.100,ROP_MAX_SAFETY_STOCK,Stock on hand 2 exceeds the current maximum 1.891. Consumption of 0.2 per month supports a maximum of 1.1.,HELD,2026-07-25
REC-001753,000000000030000283,3000,Gland Packing Seal Ring 55KW FLSM,IMPACT,ON_DEMAND,0,56,0.000,2.900,0.000,1.800,0.000,4.800,OAR_TO_MIN_MAX,This OAR material is classified IMPACT on the critical parts list. Recommend Min-Max management with a reorder point of 2.9 and a maximum of 4.8.,REJECTED,2026-06-24
REC-001754,000000000010001119,1000,Conveyor Drive Gearbox TYPE B SKF,NORMAL,SLOW,1,47,2.149,1.300,1.488,0.900,2.693,2.000,ROP_MAX_SAFETY_STOCK,"Stock on hand 1 is below the current reorder point 2.149. At the NORMAL service level of 85% and a 47-day lead time, the reorder point should be 1.3.",REJECTED,2026-05-17
REC-001755,000000000010001119,2000,Conveyor Drive Gearbox TYPE B SKF,NORMAL,SLOW,1,47,1.130,0.800,0.741,0.500,1.617,1.300,ROP_MAX_SAFETY_STOCK,Stock on hand 2 exceeds the current maximum 1.617. Consumption of 0.2 per month supports a maximum of 1.3.,REJECTED,2026-08-16
REC-001756,000000000080000272,4000,Conveyor Take-Up Pulley 55KW ABB,NORMAL,INTERMITTENT,7,12,2.303,1.700,1.404,1.000,7.416,6.700,ROP_MAX_SAFETY_STOCK,"Stock on hand 0 is below the current reorder point 2.303. At the NORMAL service level of 85% and a 12-day lead time, the reorder point should be 1.7.",PROPOSED,2026-06-30
REC-001757,000000000010001120,3000,Conveyor Drive Motor 200MM METSO,CRITICAL,INTERMITTENT,7,97,23.040,15.600,14.183,9.600,23.040,21.200,ROP_MAX_SAFETY_STOCK,"Stock on hand 11 is below the current reorder point 23.04. At the CRITICAL service level of 98% and a 97-day lead time, the reorder point should be 15.6.",PROPOSED,2026-07-22
REC-001758,000000000010001121,3000,Apron Feeder Gear Reducer TYPE B SKF,CRITICAL,REGULAR,12,38,68.200,54.200,20.248,16.100,167.643,145.800,ROP_MAX_SAFETY_STOCK,"Stock on hand 42 is below the current reorder point 68.2. At the CRITICAL service level of 98% and a 38-day lead time, the reorder point should be 54.2.",APPROVED,2026-07-09
REC-001759,000000000010001121,2000,Apron Feeder Gear Reducer TYPE B SKF,CRITICAL,REGULAR,8,38,22.484,37.100,5.518,9.100,181.869,104.300,ROP_MAX_SAFETY_STOCK,Regular consumption of 22.4 per month over 24 months with a 38-day lead time gives a reorder point of 37.1 against the current 22.484.,PROPOSED,2026-05-16
REC-001760,000000000080000273,1000,Thickener Rake Seal Kit DN100 METSO,NORMAL,INTERMITTENT,6,44,1.930,2.900,1.015,1.500,10.041,5.800,ROP_MAX_SAFETY_STOCK,Intermittent consumption of 1.0 per month over 24 months with a 44-day lead time gives a reorder point of 2.9 against the current 1.93.,REJECTED,2026-06-09
REC-001761,000000000010001122,2000,Agitator Shaft Seal HD SKF,INSURANCE,INTERMITTENT,2,151,5.980,4.500,3.193,2.400,8.740,5.800,ROP_MAX_SAFETY_STOCK,Stock on hand 9 exceeds the current maximum 8.74. Consumption of 0.4 per month supports a maximum of 5.8.,APPROVED,2026-08-03
REC-001762,000000000010001123,1000,Gland Packing Seal Ring TYPE B SANDVIK,NORMAL,INTERMITTENT,4,41,1.842,1.400,1.034,0.800,2.006,2.800,ROP_MAX_SAFETY_STOCK,Intermittent consumption of 0.5 per month over 24 months with a 41-day lead time gives a reorder point of 1.4 against the current 1.842.,APPROVED,2026-05-30
REC-001763,000000000010001124,1000,Skirt Rubber Liner Section 150MM SEW,NORMAL,REGULAR,11,18,44.482,29.800,12.727,8.500,170.000,137.800,ROP_MAX_SAFETY_STOCK,Regular consumption of 36.0 per month over 24 months with a 18-day lead time gives a reorder point of 29.8 against the current 44.482.,PROPOSED,2026-06-13
REC-001764,000000000010001125,3000,Soft Starter Power Module 55KW MULTOTEC,CRITICAL,INTERMITTENT,5,84,9.822,6.400,6.297,4.100,12.280,8.900,ROP_MAX_SAFETY_STOCK,"Stock on hand 9 is below the current reorder point 9.822. At the CRITICAL service level of 98% and a 84-day lead time, the reorder point should be 6.4.",APPROVED,2026-07-12
REC-001765,000000000010001125,2000,Soft Starter Power Module 55KW MULTOTEC,CRITICAL,INTERMITTENT,5,84,6.200,5.500,3.843,3.400,9.232,7.800,ROP_MAX_SAFETY_STOCK,Intermittent consumption of 0.8 per month over 24 months with a 84-day lead time gives a reorder point of 5.5 against the current 6.2.,HELD,2026-06-04
REC-001766,000000000010001126,3000,Variable Speed Drive Unit TYPE B METSO,NORMAL,REGULAR,11,26,36.779,44.500,7.828,9.500,284.508,167.400,ROP_MAX_SAFETY_STOCK,Regular consumption of 41.0 per month over 24 months with a 26-day lead time gives a reorder point of 44.5 against the current 36.779.,PROPOSED,2026-08-06
REC-001767,000000000080000274,4000,Skirt Rubber Liner Section DN150 SEW,IMPACT,INTERMITTENT,3,15,4.343,4.600,3.300,3.500,18.573,11.300,ROP_MAX_SAFETY_STOCK,Intermittent consumption of 2.2 per month over 24 months with a 15-day lead time gives a reorder point of 4.6 against the current 4.343.,REJECTED,2026-07-20
REC-001768,000000000090000061,4000,Spherical Roller Bearing 10/8 MULTOTEC,OBSOLETE,NO_DEMAND,0,11,0.000,,0.000,,1.000,,NO_SAFETY_STOCK,Obsolete material: no safety stock recommended. Candidate for stock reduction review.,APPROVED,2026-07-11
REC-001769,000000000010001128,2000,Flotation Cell Impeller TYPE B METSO,IMPACT,INTERMITTENT,6,40,7.464,4.400,4.916,2.900,8.987,7.800,ROP_MAX_SAFETY_STOCK,Stock on hand 11 exceeds the current maximum 8.987. Consumption of 1.1 per month supports a maximum of 7.8.,REJECTED,2026-08-31
REC-001770,000000000010001128,1000,Flotation Cell Impeller TYPE B METSO,IMPACT,INTERMITTENT,5,40,3.523,5.000,2.271,3.200,6.298,9.000,ROP_MAX_SAFETY_STOCK,"Stock on hand 2 is below the current reorder point 3.523. At the IMPACT service level of 95% and a 40-day lead time, the reorder point should be 5.",PROPOSED,2026-08-28
REC-001771,000000000010001129,1000,Belt Scraper Blade Cartridge 250KW SEW,NORMAL,REGULAR,12,44,43.685,55.400,6.758,8.600,171.438,152.500,ROP_MAX_SAFETY_STOCK,"Stock on hand 26 is below the current reorder point 43.685. At the NORMAL service level of 85% and a 44-day lead time, the reorder point should be 55.4.",PROPOSED,2026-06-02
REC-001772,000000000010001130,2000,Agitator Shaft Seal TYPE A KSB,CRITICAL,REGULAR,12,76,27.327,45.200,8.536,14.100,79.177,82.600,ROP_MAX_SAFETY_STOCK,"Stock on hand 27 is below the current reorder point 27.327. At the CRITICAL service level of 98% and a 76-day lead time, the reorder point should be 45.2.",PROPOSED,2026-08-30
REC-001773,000000000010001130,1000,Agitator Shaft Seal TYPE A KSB,CRITICAL,REGULAR,8,76,37.137,87.400,8.922,21.000,213.954,167.200,ROP_MAX_SAFETY_STOCK,Stock on hand 214 exceeds the current maximum 213.954. Consumption of 26.6 per month supports a maximum of 167.2.,HELD,2026-08-13
REC-001774,000000000030000285,1000,Flow Meter Sensor Head TYPE B METSO,CRITICAL,ON_DEMAND,0,53,0.000,8.500,0.000,6.400,0.000,12.100,OAR_TO_MIN_MAX,This OAR material is classified CRITICAL on the critical parts list. Recommend Min-Max management with a reorder point of 8.5 and a maximum of 12.1.,REJECTED,2026-06-20
REC-001775,000000000080000275,1000,Gland Packing Seal Ring TYPE B METSO,CRITICAL,INTERMITTENT,5,133,17.207,13.900,9.535,7.700,18.350,18.100,ROP_MAX_SAFETY_STOCK,"Stock on hand 13 is below the current reorder point 17.207. At the CRITICAL service level of 98% and a 133-day lead time, the reorder point should be 13.9.",HELD,2026-08-18
REC-001776,000000000010001132,4000,Ball Mill Gearbox Assembly DN100 ABB,INSURANCE,SLOW,3,102,2.311,1.500,1.422,0.900,3.148,2.000,ROP_MAX_SAFETY_STOCK,Stock on hand 4 exceeds the current maximum 3.148. Consumption of 0.2 per month supports a maximum of 2.,REJECTED,2026-06-30
REC-001777,000000000010001132,2000,Ball Mill Gearbox Assembly DN100 ABB,INSURANCE,SLOW,4,102,1.093,2.100,0.576,1.100,4.753,3.000,ROP_MAX_SAFETY_STOCK,Slow consumption of 0.3 per month over 24 months with a 102-day lead time gives a reorder point of 2.1 against the current 1.093.,PROPOSED,2026-07-27
REC-001778,000000000010001133,3000,Conveyor Drive Gearbox TYPE A MULTOTEC,NORMAL,REGULAR,12,57,47.460,29.200,6.620,4.100,66.575,69.500,ROP_MAX_SAFETY_STOCK,"Stock on hand 42 is below the current reorder point 47.46. At the NORMAL service level of 85% and a 57-day lead time, the reorder point should be 29.2.",REJECTED,2026-07-05
REC-001779,000000000010001134,3000,Conveyor Drive Motor 8/6 SANDVIK,NORMAL,INTERMITTENT,4,35,3.015,4.900,1.747,2.800,12.314,10.300,ROP_MAX_SAFETY_STOCK,Intermittent consumption of 1.8 per month over 24 months with a 35-day lead time gives a reorder point of 4.9 against the current 3.015.,PROPOSED,2026-07-23
REC-001780,000000000010001135,1000,Conveyor Pulley Bearing TYPE B KSB,CRITICAL,INTERMITTENT,6,30,7.270,4.300,5.048,3.000,7.986,8.300,ROP_MAX_SAFETY_STOCK,Stock on hand 8 exceeds the current maximum 7.986. Consumption of 1.3 per month supports a maximum of 8.3.,PROPOSED,2026-05-11
REC-001781,000000000010001135,3000,Conveyor Pulley Bearing TYPE B KSB,CRITICAL,INTERMITTENT,6,30,3.963,3.300,2.858,2.400,7.826,6.200,ROP_MAX_SAFETY_STOCK,Intermittent consumption of 1.0 per month over 24 months with a 30-day lead time gives a reorder point of 3.3 against the current 3.963.,APPROVED,2026-05-19
REC-001782,000000000080000276,4000,Cyclone Apex Liner DN150 FLSM,CRITICAL,INTERMITTENT,5,80,16.205,12.500,9.375,7.200,24.968,18.500,ROP_MAX_SAFETY_STOCK,Intermittent consumption of 2.0 per month over 24 months with a 80-day lead time gives a reorder point of 12.5 against the current 16.205.,HELD,2026-08-22
REC-001783,000000000080000276,2000,Cyclone Apex Liner DN150 FLSM,CRITICAL,INTERMITTENT,8,80,25.915,15.200,14.661,8.600,38.274,22.700,ROP_MAX_SAFETY_STOCK,"Stock on hand 19 is below the current reorder point 25.915. At the CRITICAL service level of 98% and a 80-day lead time, the reorder point should be 15.2.",APPROVED,2026-06-24
REC-001784,000000000010001136,2000,Ball Mill Shell Liner Plate 10/8 METSO,NORMAL,INTERMITTENT,6,18,1.650,2.700,1.046,1.700,11.415,7.800,ROP_MAX_SAFETY_STOCK,Intermittent consumption of 1.7 per month over 24 months with a 18-day lead time gives a reorder point of 2.7 against the current 1.65.,HELD,2026-06-11
REC-001785,000000000010001136,4000,Ball Mill Shell Liner Plate 10/8 METSO,NORMAL,INTERMITTENT,6,18,2.272,1.800,1.485,1.200,3.812,4.900,ROP_MAX_SAFETY_STOCK,Intermittent consumption of 1.0 per month over 24 months with a 18-day lead time gives a reorder point of 1.8 against the current 2.272.,APPROVED,2026-08-01
REC-001786,000000000010001137,3000,Thickener Rake Seal Kit 110KW SANDVIK,NORMAL,INTERMITTENT,4,38,3.781,2.100,2.018,1.100,4.906,4.500,ROP_MAX_SAFETY_STOCK,Intermittent consumption of 0.8 per month over 24 months with a 38-day lead time gives a reorder point of 2.1 against the current 3.781.,APPROVED,2026-08-14
REC-001787,000000000010001138,2000,Flow Meter Sensor Head TYPE B METSO,CRITICAL,INTERMITTENT,3,94,13.372,7.800,8.283,4.800,13.372,10.700,ROP_MAX_SAFETY_STOCK,"Stock on hand 11 is below the current reorder point 13.372. At the CRITICAL service level of 98% and a 94-day lead time, the reorder point should be 7.8.",REJECTED,2026-05-29
REC-001788,000000000010001139,2000,Hydraulic Power Pack 10/8 METSO,IMPACT,REGULAR,11,40,39.105,57.500,9.589,14.100,132.556,156.500,ROP_MAX_SAFETY_STOCK,"Stock on hand 28 is below the current reorder point 39.105. At the IMPACT service level of 95% and a 40-day lead time, the reorder point should be 57.5.",APPROVED,2026-07-30
REC-001789,000000000010001140,2000,Conveyor Take-Up Pulley 55KW FLSM,CRITICAL,REGULAR,12,78,47.702,41.800,12.887,11.300,72.091,77.500,ROP_MAX_SAFETY_STOCK,"Stock on hand 19 is below the current reorder point 47.702. At the CRITICAL service level of 98% and a 78-day lead time, the reorder point should be 41.8.",APPROVED,2026-07-13
REC-001790,000000000010001140,1000,Conveyor Take-Up Pulley 55KW FLSM,CRITICAL,REGULAR,11,78,15.655,38.100,3.629,8.800,128.254,72.300,ROP_MAX_SAFETY_STOCK,Regular consumption of 11.4 per month over 24 months with a 78-day lead time gives a reorder point of 38.1 against the current 15.655.,REJECTED,2026-08-31
REC-001791,000000000010001141,3000,Skirt Rubber Liner Section 200MM SIEMENS,IMPACT,INTERMITTENT,3,37,1.336,1.700,0.962,1.200,3.388,2.800,ROP_MAX_SAFETY_STOCK,"Stock on hand 0 is below the current reorder point 1.336. At the IMPACT service level of 95% and a 37-day lead time, the reorder point should be 1.7.",REJECTED,2026-07-17
REC-001792,000000000010001141,1000,Skirt Rubber Liner Section 200MM SIEMENS,IMPACT,INTERMITTENT,7,37,3.366,2.900,2.115,1.800,7.872,5.500,ROP_MAX_SAFETY_STOCK,Intermittent consumption of 0.9 per month over 24 months with a 37-day lead time gives a reorder point of 2.9 against the current 3.366.,PROPOSED,2026-06-26
REC-001793,000000000080000277,3000,Mill Lube Pump Motor 55KW SKF,IMPACT,INTERMITTENT,3,54,12.215,7.200,8.322,4.900,17.830,11.100,ROP_MAX_SAFETY_STOCK,Stock on hand 18 exceeds the current maximum 17.83. Consumption of 1.3 per month supports a maximum of 11.1.,APPROVED,2026-08-09
REC-001794,000000000010001144,4000,Crusher Hydroset Cylinder 55KW SANDVIK,CRITICAL,INTERMITTENT,0,66,13.837,8.100,9.540,5.600,16.545,11.600,ROP_MAX_SAFETY_STOCK,"Stock on hand 0 is below the current reorder point 13.837. At the CRITICAL service level of 98% and a 66-day lead time, the reorder point should be 8.1.",HELD,2026-07-15
REC-001795,000000000010001145,1000,Flow Meter Sensor Head DN100 METSO,CRITICAL,REGULAR,12,147,150.504,96.800,25.598,16.500,159.885,146.700,ROP_MAX_SAFETY_STOCK,"Stock on hand 137 is below the current reorder point 150.504. At the CRITICAL service level of 98% and a 147-day lead time, the reorder point should be 96.8.",APPROVED,2026-05-18
REC-001796,000000000090000062,3000,Ball Mill Gearbox Assembly 8/6 SKF,OBSOLETE,NO_DEMAND,0,39,0.000,,0.000,,1.000,,NO_SAFETY_STOCK,Obsolete material: no safety stock recommended. Candidate for stock reduction review.,APPROVED,2026-08-12
REC-001797,000000000010001147,2000,Cyclone Apex Liner HD SEW,CRITICAL,INTERMITTENT,0,75,8.340,9.200,5.441,6.000,14.107,13.100,ROP_MAX_SAFETY_STOCK,"Stock on hand 0 is below the current reorder point 8.34. At the CRITICAL service level of 98% and a 75-day lead time, the reorder point should be 9.2.",PROPOSED,2026-07-19
REC-001798,000000000010001148,4000,Pump Impeller TYPE A METSO,CRITICAL,INTERMITTENT,0,54,7.017,5.400,5.097,3.900,13.014,7.900,ROP_MAX_SAFETY_STOCK,"Stock on hand 0 is below the current reorder point 7.017. At the CRITICAL service level of 98% and a 54-day lead time, the reorder point should be 5.4.",PROPOSED,2026-07-28
REC-001799,000000000080000278,2000,Hydraulic Power Pack 200MM SIEMENS,CRITICAL,INTERMITTENT,3,97,6.858,4.800,4.599,3.200,6.858,6.300,ROP_MAX_SAFETY_STOCK,Stock on hand 10 exceeds the current maximum 6.858. Consumption of 0.5 per month supports a maximum of 6.3.,REJECTED,2026-06-29
REC-001800,000000000080000279,2000,Belt Scraper Blade Cartridge 8/6 SKF,IMPACT,INTERMITTENT,6,56,6.484,4.600,4.080,2.900,8.192,7.300,ROP_MAX_SAFETY_STOCK,Stock on hand 10 exceeds the current maximum 8.192. Consumption of 0.9 per month supports a maximum of 7.3.,APPROVED,2026-06-20
REC-001801,000000000010001149,3000,Thickener Rake Seal Kit 10/8 KSB,CRITICAL,INTERMITTENT,0,74,5.831,3.600,4.030,2.500,7.920,5.000,ROP_MAX_SAFETY_STOCK,"Stock on hand 0 is below the current reorder point 5.831. At the CRITICAL service level of 98% and a 74-day lead time, the reorder point should be 3.6.",APPROVED,2026-05-20
REC-001802,000000000010001151,2000,Spherical Roller Bearing 150MM SIEMENS,INSURANCE,SLOW,2,39,1.247,0.800,0.900,0.600,2.014,1.300,ROP_MAX_SAFETY_STOCK,Slow consumption of 0.2 per month over 24 months with a 39-day lead time gives a reorder point of 0.8 against the current 1.247.,APPROVED,2026-06-18
REC-001803,000000000010001152,4000,Ball Mill Shell Liner Plate 250MM SEW,IMPACT,REGULAR,10,16,11.358,17.800,3.941,6.200,79.620,83.900,ROP_MAX_SAFETY_STOCK,Regular consumption of 22.0 per month over 24 months with a 16-day lead time gives a reorder point of 17.8 against the current 11.358.,HELD,2026-06-04
REC-001804,000000000010001153,2000,Thickener Rake Seal Kit 150MM METSO,CRITICAL,INTERMITTENT,7,86,6.415,5.400,3.482,2.900,10.804,8.000,ROP_MAX_SAFETY_STOCK,Intermittent consumption of 0.9 per month over 24 months with a 86-day lead time gives a reorder point of 5.4 against the current 6.415.,HELD,2026-06-01
REC-001805,000000000010001154,3000,Flotation Cell Impeller 250MM ABB,IMPACT,INTERMITTENT,3,18,3.387,2.800,2.616,2.200,8.575,6.000,ROP_MAX_SAFETY_STOCK,Intermittent consumption of 1.1 per month over 24 months with a 18-day lead time gives a reorder point of 2.8 against the current 3.387.,PROPOSED,2026-05-21
REC-001806,000000000010001155,3000,Level Radar Transmitter 55KW FLSM,CRITICAL,REGULAR,12,72,100.004,70.300,20.818,14.600,141.904,140.900,ROP_MAX_SAFETY_STOCK,"Stock on hand 54 is below the current reorder point 100.004. At the CRITICAL service level of 98% and a 72-day lead time, the reorder point should be 70.3.",HELD,2026-08-20
REC-001807,000000000010001156,4000,Slurry Pump Wet End Assembly 55KW METSO,NORMAL,INTERMITTENT,4,23,2.335,4.400,1.431,2.700,8.428,11.300,ROP_MAX_SAFETY_STOCK,"Stock on hand 0 is below the current reorder point 2.335. At the NORMAL service level of 85% and a 23-day lead time, the reorder point should be 4.4.",APPROVED,2026-06-02
REC-001808,000000000010001156,1000,Slurry Pump Wet End Assembly 55KW METSO,NORMAL,INTERMITTENT,7,23,1.661,2.600,0.933,1.500,7.943,7.100,ROP_MAX_SAFETY_STOCK,Intermittent consumption of 1.5 per month over 24 months with a 23-day lead time gives a reorder point of 2.6 against the current 1.661.,PROPOSED,2026-05-15
REC-001809,000000000010001157,4000,Conveyor Idler Roller Set TYPE A KSB,INSURANCE,REGULAR,12,41,41.756,54.500,8.225,10.700,182.986,152.000,ROP_MAX_SAFETY_STOCK,Regular consumption of 32.5 per month over 24 months with a 41-day lead time gives a reorder point of 54.5 against the current 41.756.,APPROVED,2026-07-01
REC-001810,000000000080000280,2000,Thickener Rake Drive Gearbox DN100,IMPACT,INTERMITTENT,3,47,3.589,2.900,2.375,1.900,5.862,4.800,ROP_MAX_SAFETY_STOCK,Intermittent consumption of 0.6 per month over 24 months with a 47-day lead time gives a reorder point of 2.9 against the current 3.589.,REJECTED,2026-08-02
REC-001811,000000000010001158,2000,Level Radar Transmitter TYPE A SANDVIK,INSURANCE,INTERMITTENT,2,130,3.852,4.000,2.129,2.200,6.345,5.200,ROP_MAX_SAFETY_STOCK,"Stock on hand 0 is below the current reorder point 3.852. At the INSURANCE service level of 90% and a 130-day lead time, the reorder point should be 4.",APPROVED,2026-06-05
REC-001812,000000000010001160,3000,Vertical Sump Pump Column 110KW WEIR,NORMAL,REGULAR,11,53,12.194,22.700,1.667,3.100,97.802,56.500,ROP_MAX_SAFETY_STOCK,Regular consumption of 11.2 per month over 24 months with a 53-day lead time gives a reorder point of 22.7 against the current 12.194.,APPROVED,2026-05-12
REC-001813,000000000080000281,2000,Mill Liner TYPE B KSB,IMPACT,INTERMITTENT,2,39,7.446,5.800,4.872,3.800,10.025,10.600,ROP_MAX_SAFETY_STOCK,Intermittent consumption of 1.6 per month over 24 months with a 39-day lead time gives a reorder point of 5.8 against the current 7.446.,PROPOSED,2026-07-16
REC-001814,000000000080000282,3000,Conveyor Drive Gearbox 110KW SKF,CRITICAL,INTERMITTENT,3,105,4.809,3.800,3.365,2.700,4.849,4.800,ROP_MAX_SAFETY_STOCK,"Stock on hand 3 is below the current reorder point 4.809. At the CRITICAL service level of 98% and a 105-day lead time, the reorder point should be 3.8.",PROPOSED,2026-06-30
REC-001815,000000000090000063,2000,Soft Starter Power Module 10/8 WEIR,OBSOLETE,NO_DEMAND,0,54,0.000,,0.000,,1.000,,NO_SAFETY_STOCK,Obsolete material: no safety stock recommended. Candidate for stock reduction review.,APPROVED,2026-08-25
REC-001816,000000000010001161,4000,Centrifugal Pump Casing 6/4 METSO,INSURANCE,INTERMITTENT,7,175,4.669,4.500,1.649,1.600,6.364,6.000,ROP_MAX_SAFETY_STOCK,"Stock on hand 0 is below the current reorder point 4.669. At the INSURANCE service level of 90% and a 175-day lead time, the reorder point should be 4.5.",PROPOSED,2026-08-16
REC-001817,000000000010001161,3000,Centrifugal Pump Casing 6/4 METSO,INSURANCE,INTERMITTENT,6,175,17.342,10.200,5.155,3.000,18.920,13.900,ROP_MAX_SAFETY_STOCK,Stock on hand 19 exceeds the current maximum 18.92. Consumption of 1.2 per month supports a maximum of 13.9.,PROPOSED,2026-05-14
REC-001818,000000000010001162,2000,Ventilation Fan Motor 10/8 SIEMENS,CRITICAL,REGULAR,12,96,67.520,112.900,13.296,22.200,244.826,199.200,ROP_MAX_SAFETY_STOCK,"Stock on hand 0 is below the current reorder point 67.52. At the CRITICAL service level of 98% and a 96-day lead time, the reorder point should be 112.9.",PROPOSED,2026-07-12
REC-001819,000000000010001163,4000,Cyclone Apex Liner 200MM ABB,NORMAL,SLOW,0,35,0.877,0.500,0.634,0.400,1.017,0.900,ROP_MAX_SAFETY_STOCK,Slow consumption of 0.1 per month over 24 months with a 35-day lead time gives a reorder point of 0.5 against the current 0.877.,REJECTED,2026-06-04
REC-001820,000000000010001165,2000,Agitator Shaft Seal DN100 WEIR,CRITICAL,INTERMITTENT,0,94,3.942,9.400,2.547,6.100,19.285,12.700,ROP_MAX_SAFETY_STOCK,"Stock on hand 0 is below the current reorder point 3.942. At the CRITICAL service level of 98% and a 94-day lead time, the reorder point should be 9.4.",PROPOSED,2026-08-10
REC-001821,000000000090000064,2000,Slurry Pump Mechanical Seal DN100 ABB,OBSOLETE,NO_DEMAND,0,55,0.000,,0.000,,1.000,,NO_SAFETY_STOCK,Obsolete material: no safety stock recommended. Candidate for stock reduction review.,APPROVED,2026-08-08
REC-001822,000000000090000064,1000,Slurry Pump Mechanical Seal DN100 ABB,OBSOLETE,NO_DEMAND,0,55,0.000,,0.000,,1.000,,NO_SAFETY_STOCK,Obsolete material: no safety stock recommended. Candidate for stock reduction review.,PROPOSED,2026-07-10
REC-001823,000000000010001167,1000,Vertical Sump Pump Column 250KW ABB,NORMAL,REGULAR,12,17,14.128,25.500,3.169,5.700,226.315,131.800,ROP_MAX_SAFETY_STOCK,"Stock on hand 0 is below the current reorder point 14.128. At the NORMAL service level of 85% and a 17-day lead time, the reorder point should be 25.5.",PROPOSED,2026-07-14
REC-001824,000000000090000065,4000,Apron Feeder Gear Reducer 10/8 SIEMENS,OBSOLETE,NO_DEMAND,0,12,0.000,,0.000,,1.000,,NO_SAFETY_STOCK,Obsolete material: no safety stock recommended. Candidate for stock reduction review.,APPROVED,2026-07-17
REC-001825,000000000010001171,4000,Flotation Cell Impeller 200MM SANDVIK,NORMAL,REGULAR,10,9,4.404,8.200,1.286,2.400,82.632,66.700,ROP_MAX_SAFETY_STOCK,Regular consumption of 19.5 per month over 24 months with a 9-day lead time gives a reorder point of 8.2 against the current 4.404.,HELD,2026-07-06
REC-001826,000000000010001172,1000,Level Radar Transmitter DN150 KSB,INSURANCE,INTERMITTENT,5,116,10.214,5.900,4.465,2.600,11.193,8.500,ROP_MAX_SAFETY_STOCK,"Stock on hand 9 is below the current reorder point 10.214. At the INSURANCE service level of 90% and a 116-day lead time, the reorder point should be 5.9.",HELD,2026-09-01
REC-001827,000000000080000283,4000,Flotation Blower Motor 200MM SKF,IMPACT,INTERMITTENT,2,54,7.244,5.000,4.991,3.400,7.414,7.600,ROP_MAX_SAFETY_STOCK,Stock on hand 8 exceeds the current maximum 7.414. Consumption of 0.9 per month supports a maximum of 7.6.,PROPOSED,2026-05-15
REC-001828,000000000080000283,2000,Flotation Blower Motor 200MM SKF,IMPACT,INTERMITTENT,4,54,7.981,6.000,5.324,4.000,14.302,9.400,ROP_MAX_SAFETY_STOCK,"Stock on hand 6 is below the current reorder point 7.981. At the IMPACT service level of 95% and a 54-day lead time, the reorder point should be 6.",HELD,2026-08-19
REC-001829,000000000010001173,1000,Valve Assembly 110KW SKF,CRITICAL,REGULAR,12,99,182.233,104.300,40.896,23.400,215.892,178.900,ROP_MAX_SAFETY_STOCK,"Stock on hand 127 is below the current reorder point 182.233. At the CRITICAL service level of 98% and a 99-day lead time, the reorder point should be 104.3.",PROPOSED,2026-06-08
REC-001830,000000000010001174,2000,Level Radar Transmitter 6/4 WEIR,INSURANCE,INTERMITTENT,8,162,11.523,9.900,3.300,2.800,18.665,13.900,ROP_MAX_SAFETY_STOCK,"Stock on hand 8 is below the current reorder point 11.523. At the INSURANCE service level of 90% and a 162-day lead time, the reorder point should be 9.9.",PROPOSED,2026-08-06
REC-001831,000000000010001175,3000,Thickener Rake Seal Kit 200MM FLSM,INSURANCE,INTERMITTENT,3,225,2.798,5.500,0.910,1.800,8.722,7.000,ROP_MAX_SAFETY_STOCK,"Stock on hand 0 is below the current reorder point 2.798. At the INSURANCE service level of 90% and a 225-day lead time, the reorder point should be 5.5.",PROPOSED,2026-08-31
REC-001832,000000000010001176,3000,Crusher Hydroset Cylinder TYPE A METSO,NORMAL,REGULAR,11,42,30.409,62.700,5.729,11.800,138.752,173.400,ROP_MAX_SAFETY_STOCK,"Stock on hand 0 is below the current reorder point 30.409. At the NORMAL service level of 85% and a 42-day lead time, the reorder point should be 62.7.",PROPOSED,2026-07-24
REC-001833,000000000010001176,4000,Crusher Hydroset Cylinder TYPE A METSO,NORMAL,REGULAR,11,42,94.800,60.900,15.081,9.700,200.908,172.300,ROP_MAX_SAFETY_STOCK,Regular consumption of 37.1 per month over 24 months with a 42-day lead time gives a reorder point of 60.9 against the current 94.8.,PROPOSED,2026-05-23
REC-001834,000000000010001177,4000,MCC Feeder Circuit Breaker TYPE A SEW,CRITICAL,INTERMITTENT,6,123,16.605,11.900,8.826,6.300,27.685,16.000,ROP_MAX_SAFETY_STOCK,Intermittent consumption of 1.4 per month over 24 months with a 123-day lead time gives a reorder point of 11.9 against the current 16.605.,PROPOSED,2026-07-25
REC-001835,000000000010001178,4000,Slurry Pump Wet End Assembly DN100 FLSM,CRITICAL,SLOW,2,112,3.474,4.200,2.466,3.000,9.309,5.200,ROP_MAX_SAFETY_STOCK,Slow consumption of 0.3 per month over 24 months with a 112-day lead time gives a reorder point of 4.2 against the current 3.474.,APPROVED,2026-06-16
REC-001836,000000000010001179,3000,MCC Feeder Circuit Breaker 6/4 MULTOTEC,INSURANCE,SLOW,5,81,6.575,3.800,3.496,2.000,7.865,5.800,ROP_MAX_SAFETY_STOCK,Stock on hand 14 exceeds the current maximum 7.865. Consumption of 0.7 per month supports a maximum of 5.8.,APPROVED,2026-05-28
REC-001837,000000000010001181,1000,Variable Speed Drive Unit DN100 FLSM,INSURANCE,INTERMITTENT,4,117,6.895,5.500,3.508,2.800,12.183,7.600,ROP_MAX_SAFETY_STOCK,"Stock on hand 3 is below the current reorder point 6.895. At the INSURANCE service level of 90% and a 117-day lead time, the reorder point should be 5.5.",APPROVED,2026-07-18
REC-001838,000000000010001182,3000,Flotation Blower Motor HD ABB,NORMAL,INTERMITTENT,7,12,1.725,1.400,1.011,0.800,8.899,5.800,ROP_MAX_SAFETY_STOCK,Intermittent consumption of 1.5 per month over 24 months with a 12-day lead time gives a reorder point of 1.4 against the current 1.725.,APPROVED,2026-07-09
REC-001839,000000000080000284,1000,Skirt Rubber Liner Section 200MM FLSM,IMPACT,INTERMITTENT,5,58,3.593,2.800,2.269,1.800,4.418,4.400,ROP_MAX_SAFETY_STOCK,"Stock on hand 3 is below the current reorder point 3.593. At the IMPACT service level of 95% and a 58-day lead time, the reorder point should be 2.8.",REJECTED,2026-07-30
REC-001840,000000000080000285,2000,Flotation Cell Impeller 10/8 SKF,CRITICAL,INTERMITTENT,6,50,2.599,3.900,1.687,2.500,9.642,6.400,ROP_MAX_SAFETY_STOCK,"Stock on hand 1 is below the current reorder point 2.599. At the CRITICAL service level of 98% and a 50-day lead time, the reorder point should be 3.9.",PROPOSED,2026-08-27
REC-001841,000000000030000291,4000,Ball Mill Shell Liner Plate 250KW WEIR,IMPACT,ON_DEMAND,0,16,0.000,2.900,0.000,2.100,0.000,7.500,OAR_TO_MIN_MAX,This OAR material is classified IMPACT on the critical parts list. Recommend Min-Max management with a reorder point of 2.9 and a maximum of 7.5.,HELD,2026-05-24
REC-001842,000000000030000291,2000,Ball Mill Shell Liner Plate 250KW WEIR,IMPACT,ON_DEMAND,0,16,0.000,3.200,0.000,2.300,0.000,8.300,OAR_TO_MIN_MAX,This OAR material is classified IMPACT on the critical parts list. Recommend Min-Max management with a reorder point of 3.2 and a maximum of 8.3.,PROPOSED,2026-07-01
REC-001843,000000000010001186,4000,Ball Mill Gearbox Assembly 150MM SEW,CRITICAL,INTERMITTENT,3,122,14.622,9.100,8.990,5.600,14.622,11.700,ROP_MAX_SAFETY_STOCK,"Stock on hand 12 is below the current reorder point 14.622. At the CRITICAL service level of 98% and a 122-day lead time, the reorder point should be 9.1.",APPROVED,2026-08-26
REC-001844,000000000030000292,3000,Flotation Cell Impeller 6/4 KSB,IMPACT,ON_DEMAND,0,53,0.000,7.500,0.000,4.700,0.000,12.200,OAR_TO_MIN_MAX,This OAR material is classified IMPACT on the critical parts list. Recommend Min-Max management with a reorder point of 7.5 and a maximum of 12.2.,HELD,2026-08-23
REC-001845,000000000010001187,1000,Ball Mill Shell Liner Plate 200MM METSO,INSURANCE,REGULAR,11,125,71.211,75.000,9.034,9.500,139.970,122.900,ROP_MAX_SAFETY_STOCK,"Stock on hand 0 is below the current reorder point 71.211. At the INSURANCE service level of 90% and a 125-day lead time, the reorder point should be 75.",APPROVED,2026-06-19
REC-001846,000000000010001188,4000,Centrifugal Pump Casing DN150 METSO,INSURANCE,REGULAR,12,86,228.567,135.700,41.492,24.600,387.164,253.700,ROP_MAX_SAFETY_STOCK,"Stock on hand 197 is below the current reorder point 228.567. At the INSURANCE service level of 90% and a 86-day lead time, the reorder point should be 135.7.",PROPOSED,2026-05-12
REC-001847,000000000030000293,4000,Conveyor Idler Roller Set 55KW SKF,IMPACT,ON_DEMAND,0,50,0.000,10.200,0.000,6.200,0.000,17.600,OAR_TO_MIN_MAX,This OAR material is classified IMPACT on the critical parts list. Recommend Min-Max management with a reorder point of 10.2 and a maximum of 17.6.,PROPOSED,2026-08-07
REC-001848,000000000010001189,3000,Centrifugal Pump Casing 250MM SKF,NORMAL,REGULAR,9,15,20.777,17.100,5.315,4.400,125.921,94.500,ROP_MAX_SAFETY_STOCK,Regular consumption of 25.8 per month over 24 months with a 15-day lead time gives a reorder point of 17.1 against the current 20.777.,APPROVED,2026-08-21
REC-001849,000000000080000286,1000,Ball Mill Gearbox Assembly 6/4 SKF,CRITICAL,INTERMITTENT,3,84,5.464,5.500,3.387,3.400,7.724,7.800,ROP_MAX_SAFETY_STOCK,"Stock on hand 5 is below the current reorder point 5.464. At the CRITICAL service level of 98% and a 84-day lead time, the reorder point should be 5.5.",HELD,2026-05-20
REC-001850,000000000080000286,3000,Ball Mill Gearbox Assembly 6/4 SKF,CRITICAL,INTERMITTENT,7,84,8.644,7.500,5.604,4.900,13.553,10.400,ROP_MAX_SAFETY_STOCK,"Stock on hand 7 is below the current reorder point 8.644. At the CRITICAL service level of 98% and a 84-day lead time, the reorder point should be 7.5.",REJECTED,2026-05-19
REC-001851,000000000080000287,2000,Hydraulic Power Pack 250MM KSB,CRITICAL,INTERMITTENT,5,120,19.478,16.200,11.562,9.600,19.478,21.200,ROP_MAX_SAFETY_STOCK,"Stock on hand 19 is below the current reorder point 19.478. At the CRITICAL service level of 98% and a 120-day lead time, the reorder point should be 16.2.",APPROVED,2026-05-24
REC-001852,000000000010001192,4000,Belt Scraper Blade Cartridge HD,IMPACT,REGULAR,11,9,7.041,4.600,2.935,1.900,25.737,31.700,ROP_MAX_SAFETY_STOCK,"Stock on hand 7 is below the current reorder point 7.041. At the IMPACT service level of 95% and a 9-day lead time, the reorder point should be 4.6.",PROPOSED,2026-07-21
REC-001853,000000000010001192,1000,Belt Scraper Blade Cartridge HD,IMPACT,REGULAR,12,9,9.860,6.900,3.829,2.700,50.002,49.800,ROP_MAX_SAFETY_STOCK,Regular consumption of 14.3 per month over 24 months with a 9-day lead time gives a reorder point of 6.9 against the current 9.86.,APPROVED,2026-06-25
REC-001854,000000000010001193,3000,Flow Meter Sensor Head DN100 METSO,NORMAL,SLOW,3,14,0.632,0.400,0.461,0.300,1.299,1.100,ROP_MAX_SAFETY_STOCK,Slow consumption of 0.2 per month over 24 months with a 14-day lead time gives a reorder point of 0.4 against the current 0.632.,APPROVED,2026-08-30
REC-001855,000000000010001194,4000,Conveyor Idler Roller Set 55KW SKF,CRITICAL,INTERMITTENT,0,109,2.903,6.400,1.756,3.900,6.750,8.500,ROP_MAX_SAFETY_STOCK,"Stock on hand 0 is below the current reorder point 2.903. At the CRITICAL service level of 98% and a 109-day lead time, the reorder point should be 6.4.",APPROVED,2026-05-24
REC-001856,000000000010001195,1000,Ball Mill Trunnion Bearing 250MM SEW,INSURANCE,REGULAR,12,142,337.860,199.600,44.724,26.400,399.250,311.000,ROP_MAX_SAFETY_STOCK,"Stock on hand 223 is below the current reorder point 337.86. At the INSURANCE service level of 90% and a 142-day lead time, the reorder point should be 199.6.",APPROVED,2026-06-30
REC-001857,000000000010001196,3000,Spherical Roller Bearing HD SANDVIK,CRITICAL,INTERMITTENT,4,234,9.569,5.700,4.729,2.800,11.889,6.800,ROP_MAX_SAFETY_STOCK,Stock on hand 16 exceeds the current maximum 11.889. Consumption of 0.4 per month supports a maximum of 6.8.,HELD,2026-08-10
REC-001858,000000000010001196,4000,Spherical Roller Bearing HD SANDVIK,CRITICAL,INTERMITTENT,4,234,26.994,20.200,11.628,8.700,38.200,24.700,ROP_MAX_SAFETY_STOCK,Intermittent consumption of 1.5 per month over 24 months with a 234-day lead time gives a reorder point of 20.2 against the current 26.994.,APPROVED,2026-07-04
REC-001859,000000000090000066,4000,Crusher Hydroset Cylinder 10/8 WEIR,OBSOLETE,NO_DEMAND,0,17,0.000,,0.000,,1.000,,NO_SAFETY_STOCK,Obsolete material: no safety stock recommended. Candidate for stock reduction review.,APPROVED,2026-08-13
REC-001860,000000000090000066,2000,Crusher Hydroset Cylinder 10/8 WEIR,OBSOLETE,NO_DEMAND,0,17,0.000,,0.000,,1.000,,NO_SAFETY_STOCK,Obsolete material: no safety stock recommended. Candidate for stock reduction review.,REJECTED,2026-05-15
REC-001861,000000000010001197,1000,Apron Feeder Gear Reducer 150MM MULTOTEC,NORMAL,REGULAR,12,31,12.428,15.500,1.978,2.500,61.608,53.900,ROP_MAX_SAFETY_STOCK,Regular consumption of 12.8 per month over 24 months with a 31-day lead time gives a reorder point of 15.5 against the current 12.428.,PROPOSED,2026-08-09
REC-001862,000000000010001198,1000,PLC Digital Output Card 110KW SIEMENS,CRITICAL,REGULAR,12,40,21.074,32.000,6.039,9.200,130.783,84.000,ROP_MAX_SAFETY_STOCK,Regular consumption of 17.3 per month over 24 months with a 40-day lead time gives a reorder point of 32 against the current 21.074.,PROPOSED,2026-06-09
REC-001863,000000000010001199,2000,Skirt Rubber Liner Section 200MM SEW,NORMAL,SLOW,3,36,1.309,0.800,0.789,0.500,2.560,1.700,ROP_MAX_SAFETY_STOCK,Stock on hand 3 exceeds the current maximum 2.56. Consumption of 0.3 per month supports a maximum of 1.7.,APPROVED,2026-09-02
REC-001864,000000000010001200,3000,Hydraulic Pump Assembly HD ABB,NORMAL,REGULAR,10,35,26.981,53.100,5.385,10.600,290.441,163.800,ROP_MAX_SAFETY_STOCK,Regular consumption of 36.9 per month over 24 months with a 35-day lead time gives a reorder point of 53.1 against the current 26.981.,APPROVED,2026-07-26
REC-001865,000000000010001201,3000,Conveyor Idler Roller Set HD ABB,IMPACT,INTERMITTENT,3,40,2.726,2.200,1.884,1.500,4.126,3.700,ROP_MAX_SAFETY_STOCK,"Stock on hand 1 is below the current reorder point 2.726. At the IMPACT service level of 95% and a 40-day lead time, the reorder point should be 2.2.",APPROVED,2026-06-06
REC-001866,000000000010001202,2000,Gland Packing Seal Ring TYPE A FLSM,CRITICAL,REGULAR,12,107,74.356,152.300,16.201,33.200,357.711,253.900,ROP_MAX_SAFETY_STOCK,"Stock on hand 7 is below the current reorder point 74.356. At the CRITICAL service level of 98% and a 107-day lead time, the reorder point should be 152.3.",PROPOSED,2026-07-13
REC-001867,000000000010001203,3000,Vertical Sump Pump Column DN100 FLSM,CRITICAL,SLOW,4,126,2.440,3.400,1.448,2.000,7.900,4.400,ROP_MAX_SAFETY_STOCK,Slow consumption of 0.3 per month over 24 months with a 126-day lead time gives a reorder point of 3.4 against the current 2.44.,PROPOSED,2026-06-09
REC-001868,000000000010001204,1000,Gearbox Bearing 250KW METSO,NORMAL,REGULAR,10,44,23.888,41.400,3.769,6.500,135.839,113.800,ROP_MAX_SAFETY_STOCK,Regular consumption of 24.1 per month over 24 months with a 44-day lead time gives a reorder point of 41.4 against the current 23.888.,APPROVED,2026-08-24
REC-001869,000000000010001206,3000,Ventilation Fan Motor 250KW ABB,CRITICAL,INTERMITTENT,0,106,5.773,10.400,3.670,6.600,16.250,13.700,ROP_MAX_SAFETY_STOCK,"Stock on hand 0 is below the current reorder point 5.773. At the CRITICAL service level of 98% and a 106-day lead time, the reorder point should be 10.4.",HELD,2026-07-15
REC-001870,000000000030000294,1000,Hydraulic Pump Assembly DN150 KSB,CRITICAL,ON_DEMAND,1,99,0.000,5.500,0.000,3.600,0.000,7.200,OAR_TO_MIN_MAX,This OAR material is classified CRITICAL on the critical parts list. Recommend Min-Max management with a reorder point of 5.5 and a maximum of 7.2.,APPROVED,2026-07-08
REC-001871,000000000010001207,1000,Level Radar Transmitter TYPE B SEW,INSURANCE,SLOW,2,44,1.077,0.800,0.763,0.600,1.688,1.300,ROP_MAX_SAFETY_STOCK,Stock on hand 2 exceeds the current maximum 1.688. Consumption of 0.2 per month supports a maximum of 1.3.,REJECTED,2026-08-18
REC-001872,000000000010001207,4000,Level Radar Transmitter TYPE B SEW,INSURANCE,SLOW,1,44,0.783,0.800,0.555,0.600,2.225,1.300,ROP_MAX_SAFETY_STOCK,Slow consumption of 0.2 per month over 24 months with a 44-day lead time gives a reorder point of 0.8 against the current 0.783.,HELD,2026-06-03
REC-001873,000000000030000296,2000,Conveyor Idler Roller Set 8/6 FLSM,IMPACT,ON_DEMAND,1,18,0.000,4.200,0.000,2.900,0.000,10.900,OAR_TO_MIN_MAX,This OAR material is classified IMPACT on the critical parts list. Recommend Min-Max management with a reorder point of 4.2 and a maximum of 10.9.,APPROVED,2026-08-06
REC-001874,000000000090000067,2000,Flotation Blower Motor 250KW SEW,OBSOLETE,NO_DEMAND,0,49,0.000,,0.000,,1.000,,NO_SAFETY_STOCK,Obsolete material: no safety stock recommended. Candidate for stock reduction review.,PROPOSED,2026-06-25
REC-001875,000000000010001208,3000,Gland Packing Seal Ring 200MM FLSM,CRITICAL,INTERMITTENT,0,74,8.084,10.600,5.465,7.200,14.549,14.800,ROP_MAX_SAFETY_STOCK,"Stock on hand 0 is below the current reorder point 8.084. At the CRITICAL service level of 98% and a 74-day lead time, the reorder point should be 10.6.",REJECTED,2026-05-24
REC-001876,000000000010001209,1000,Ball Mill Shell Liner Plate 200MM SKF,NORMAL,REGULAR,12,23,51.962,34.900,10.778,7.200,188.832,144.800,ROP_MAX_SAFETY_STOCK,"Stock on hand 0 is below the current reorder point 51.962. At the NORMAL service level of 85% and a 23-day lead time, the reorder point should be 34.9.",APPROVED,2026-08-21
REC-001877,000000000010001210,2000,Mill Liner HD SIEMENS,IMPACT,INTERMITTENT,7,58,6.102,8.300,3.064,4.200,22.950,14.800,ROP_MAX_SAFETY_STOCK,Intermittent consumption of 2.2 per month over 24 months with a 58-day lead time gives a reorder point of 8.3 against the current 6.102.,APPROVED,2026-05-27
REC-001878,000000000010001211,4000,Centrifugal Pump Casing 55KW SEW,CRITICAL,INTERMITTENT,8,123,9.935,9.200,4.441,4.100,13.897,12.900,ROP_MAX_SAFETY_STOCK,"Stock on hand 9 is below the current reorder point 9.935. At the CRITICAL service level of 98% and a 123-day lead time, the reorder point should be 9.2.",PROPOSED,2026-08-09
REC-001879,000000000010001212,1000,Conveyor Take-Up Pulley 250KW ABB,CRITICAL,REGULAR,12,49,66.763,50.100,17.148,12.900,211.234,119.500,ROP_MAX_SAFETY_STOCK,Regular consumption of 23.1 per month over 24 months with a 49-day lead time gives a reorder point of 50.1 against the current 66.763.,PROPOSED,2026-07-02
REC-001880,000000000010001213,3000,Soft Starter Power Module 110KW METSO,INSURANCE,REGULAR,12,148,170.761,127.900,20.703,15.500,286.960,197.300,ROP_MAX_SAFETY_STOCK,"Stock on hand 118 is below the current reorder point 170.761. At the INSURANCE service level of 90% and a 148-day lead time, the reorder point should be 127.9.",PROPOSED,2026-07-31
REC-001881,000000000010001215,3000,Conveyor Drive Gearbox 250KW SKF,NORMAL,REGULAR,12,21,12.955,14.700,3.185,3.600,93.938,63.100,ROP_MAX_SAFETY_STOCK,Regular consumption of 16.1 per month over 24 months with a 21-day lead time gives a reorder point of 14.7 against the current 12.955.,PROPOSED,2026-06-26
REC-001882,000000000010001215,2000,Conveyor Drive Gearbox 250KW SKF,NORMAL,REGULAR,12,21,12.949,14.600,3.757,4.200,73.729,59.700,ROP_MAX_SAFETY_STOCK,Regular consumption of 15.0 per month over 24 months with a 21-day lead time gives a reorder point of 14.6 against the current 12.949.,PROPOSED,2026-07-04
REC-001883,000000000030000299,1000,Thickener Rake Seal Kit DN100 MULTOTEC,IMPACT,ON_DEMAND,2,43,0.000,2.100,0.000,1.400,0.000,3.600,OAR_TO_MIN_MAX,This OAR material is classified IMPACT on the critical parts list. Recommend Min-Max management with a reorder point of 2.1 and a maximum of 3.6.,REJECTED,2026-08-28
REC-001884,000000000080000288,2000,Ball Mill Shell Liner Plate 250KW FLSM,IMPACT,INTERMITTENT,5,41,7.329,5.200,5.098,3.600,7.539,8.700,ROP_MAX_SAFETY_STOCK,"Stock on hand 4 is below the current reorder point 7.329. At the IMPACT service level of 95% and a 41-day lead time, the reorder point should be 5.2.",HELD,2026-05-26
REC-001885,000000000080000289,1000,Slurry Density Transmitter 6/4 SANDVIK,CRITICAL,INTERMITTENT,2,102,10.396,14.100,6.074,8.200,29.150,19.400,ROP_MAX_SAFETY_STOCK,Intermittent consumption of 1.8 per month over 24 months with a 102-day lead time gives a reorder point of 14.1 against the current 10.396.,REJECTED,2026-08-05
REC-001886,000000000030000300,3000,Valve Assembly 55KW FLSM,CRITICAL,ON_DEMAND,1,40,0.000,8.700,0.000,6.100,0.000,14.700,OAR_TO_MIN_MAX,This OAR material is classified CRITICAL on the critical parts list. Recommend Min-Max management with a reorder point of 8.7 and a maximum of 14.7.,APPROVED,2026-05-30
REC-001887,000000000010001216,4000,Ball Mill Gearbox Assembly 250MM SEW,INSURANCE,INTERMITTENT,3,87,10.254,9.100,5.963,5.300,10.703,13.100,ROP_MAX_SAFETY_STOCK,Stock on hand 21 exceeds the current maximum 10.703. Consumption of 1.3 per month supports a maximum of 13.1.,REJECTED,2026-08-08
REC-001888,000000000080000290,1000,Crusher Hydroset Cylinder DN150 FLSM,NORMAL,INTERMITTENT,5,46,10.452,6.800,5.262,3.400,10.452,13.600,ROP_MAX_SAFETY_STOCK,"Stock on hand 3 is below the current reorder point 10.452. At the NORMAL service level of 85% and a 46-day lead time, the reorder point should be 6.8.",REJECTED,2026-06-02
REC-001889,000000000080000290,2000,Crusher Hydroset Cylinder DN150 FLSM,NORMAL,INTERMITTENT,5,46,4.065,4.300,1.995,2.100,15.425,8.700,ROP_MAX_SAFETY_STOCK,Intermittent consumption of 1.5 per month over 24 months with a 46-day lead time gives a reorder point of 4.3 against the current 4.065.,APPROVED,2026-06-27
REC-001890,000000000010001218,3000,MCC Feeder Circuit Breaker 150MM SKF,INSURANCE,INTERMITTENT,8,37,10.336,6.500,6.085,3.800,14.276,13.100,ROP_MAX_SAFETY_STOCK,"Stock on hand 9 is below the current reorder point 10.336. At the INSURANCE service level of 90% and a 37-day lead time, the reorder point should be 6.5.",PROPOSED,2026-08-30
REC-001891,000000000010001218,2000,MCC Feeder Circuit Breaker 150MM SKF,INSURANCE,INTERMITTENT,6,37,2.580,5.600,1.575,3.400,17.143,11.000,ROP_MAX_SAFETY_STOCK,Intermittent consumption of 1.8 per month over 24 months with a 37-day lead time gives a reorder point of 5.6 against the current 2.58.,REJECTED,2026-08-11
REC-001892,000000000010001219,3000,Cyclone Apex Liner 110KW WEIR,CRITICAL,INTERMITTENT,4,83,9.385,9.900,6.157,6.500,15.979,13.700,ROP_MAX_SAFETY_STOCK,"Stock on hand 8 is below the current reorder point 9.385. At the CRITICAL service level of 98% and a 83-day lead time, the reorder point should be 9.9.",PROPOSED,2026-08-15
REC-001893,000000000010001219,1000,Cyclone Apex Liner 110KW WEIR,CRITICAL,INTERMITTENT,5,83,5.124,4.200,3.193,2.600,5.124,6.000,ROP_MAX_SAFETY_STOCK,"Stock on hand 4 is below the current reorder point 5.124. At the CRITICAL service level of 98% and a 83-day lead time, the reorder point should be 4.2.",PROPOSED,2026-05-13
REC-001894,000000000010001220,1000,Crusher Hydroset Cylinder 110KW FLSM,NORMAL,INTERMITTENT,3,15,1.331,1.400,0.934,1.000,4.777,4.000,ROP_MAX_SAFETY_STOCK,Intermittent consumption of 0.9 per month over 24 months with a 15-day lead time gives a reorder point of 1.4 against the current 1.331.,PROPOSED,2026-07-20
REC-001895,000000000010001220,2000,Crusher Hydroset Cylinder 110KW FLSM,NORMAL,INTERMITTENT,5,15,1.082,2.100,0.728,1.400,9.294,6.300,ROP_MAX_SAFETY_STOCK,Intermittent consumption of 1.4 per month over 24 months with a 15-day lead time gives a reorder point of 2.1 against the current 1.082.,APPROVED,2026-07-10
REC-001896,000000000010001221,1000,Conveyor Drive Gearbox DN150 ABB,CRITICAL,INTERMITTENT,0,89,20.012,13.500,11.900,8.000,20.012,19.100,ROP_MAX_SAFETY_STOCK,"Stock on hand 0 is below the current reorder point 20.012. At the CRITICAL service level of 98% and a 89-day lead time, the reorder point should be 13.5.",HELD,2026-08-06
REC-001897,000000000010001222,3000,Ball Mill Shell Liner Plate DN100 KSB,INSURANCE,SLOW,3,61,2.857,2.900,1.687,1.700,3.672,4.700,ROP_MAX_SAFETY_STOCK,Stock on hand 6 exceeds the current maximum 3.672. Consumption of 0.6 per month supports a maximum of 4.7.,APPROVED,2026-07-15
REC-001898,000000000030000302,3000,Conveyor Take-Up Pulley DN150 KSB,IMPACT,ON_DEMAND,1,7,0.000,1.300,0.000,1.000,0.000,4.800,OAR_TO_MIN_MAX,This OAR material is classified IMPACT on the critical parts list. Recommend Min-Max management with a reorder point of 1.3 and a maximum of 4.8.,APPROVED,2026-08-08
REC-001899,000000000010001223,1000,Variable Speed Drive Unit 250KW SIEMENS,NORMAL,INTERMITTENT,4,13,1.857,1.400,1.281,1.000,4.083,4.500,ROP_MAX_SAFETY_STOCK,"Stock on hand 0 is below the current reorder point 1.857. At the NORMAL service level of 85% and a 13-day lead time, the reorder point should be 1.4.",REJECTED,2026-08-12
REC-001900,000000000010001223,3000,Variable Speed Drive Unit 250KW SIEMENS,NORMAL,INTERMITTENT,5,13,3.154,2.500,2.044,1.600,7.330,8.500,ROP_MAX_SAFETY_STOCK,"Stock on hand 2 is below the current reorder point 3.154. At the NORMAL service level of 85% and a 13-day lead time, the reorder point should be 2.5.",REJECTED,2026-05-13
REC-001901,000000000010001224,2000,Vertical Sump Pump Column DN150 METSO,IMPACT,INTERMITTENT,8,43,4.116,7.000,2.278,3.900,16.673,13.600,ROP_MAX_SAFETY_STOCK,Intermittent consumption of 2.2 per month over 24 months with a 43-day lead time gives a reorder point of 7 against the current 4.116.,APPROVED,2026-06-12
REC-001902,000000000010001225,2000,Hydraulic Power Pack DN150 SEW,CRITICAL,REGULAR,10,47,89.212,63.500,28.940,20.600,250.832,146.800,ROP_MAX_SAFETY_STOCK,Regular consumption of 27.8 per month over 24 months with a 47-day lead time gives a reorder point of 63.5 against the current 89.212.,PROPOSED,2026-06-16
REC-001903,000000000080000291,4000,Slurry Density Transmitter 150MM SIEMENS,IMPACT,INTERMITTENT,2,54,4.606,2.700,3.243,1.900,7.318,4.100,ROP_MAX_SAFETY_STOCK,"Stock on hand 3 is below the current reorder point 4.606. At the IMPACT service level of 95% and a 54-day lead time, the reorder point should be 2.7.",HELD,2026-08-03
REC-001904,000000000010001226,4000,Belt Scraper Blade Cartridge 8/6 SKF,NORMAL,REGULAR,11,15,14.931,9.500,3.864,2.500,52.512,52.400,ROP_MAX_SAFETY_STOCK,Regular consumption of 14.3 per month over 24 months with a 15-day lead time gives a reorder point of 9.5 against the current 14.931.,APPROVED,2026-07-05
REC-001905,000000000010001226,3000,Belt Scraper Blade Cartridge 8/6 SKF,NORMAL,REGULAR,11,15,15.067,22.100,3.703,5.400,111.796,123.700,ROP_MAX_SAFETY_STOCK,Regular consumption of 33.9 per month over 24 months with a 15-day lead time gives a reorder point of 22.1 against the current 15.067.,APPROVED,2026-06-25
REC-001906,000000000080000292,1000,Thickener Rake Seal Kit TYPE B METSO,IMPACT,INTERMITTENT,1,49,3.967,6.000,2.823,4.300,15.629,9.200,ROP_MAX_SAFETY_STOCK,Intermittent consumption of 1.1 per month over 24 months with a 49-day lead time gives a reorder point of 6 against the current 3.967.,HELD,2026-06-28
REC-001907,000000000080000292,3000,Thickener Rake Seal Kit TYPE B METSO,IMPACT,INTERMITTENT,4,49,7.199,5.200,4.536,3.300,14.366,8.800,ROP_MAX_SAFETY_STOCK,Intermittent consumption of 1.2 per month over 24 months with a 49-day lead time gives a reorder point of 5.2 against the current 7.199.,APPROVED,2026-06-14
REC-001908,000000000010001227,3000,Mill Liner 150MM FLSM,CRITICAL,REGULAR,8,125,51.422,127.200,10.095,25.000,186.631,201.800,ROP_MAX_SAFETY_STOCK,Regular consumption of 24.9 per month over 24 months with a 125-day lead time gives a reorder point of 127.2 against the current 51.422.,APPROVED,2026-07-06
REC-001909,000000000010001228,4000,Thickener Rake Seal Kit 250MM KSB,CRITICAL,INTERMITTENT,0,136,6.686,6.500,3.633,3.500,13.920,8.500,ROP_MAX_SAFETY_STOCK,"Stock on hand 0 is below the current reorder point 6.686. At the CRITICAL service level of 98% and a 136-day lead time, the reorder point should be 6.5.",APPROVED,2026-07-15
REC-001910,000000000010001228,2000,Thickener Rake Seal Kit 250MM KSB,CRITICAL,INTERMITTENT,0,136,5.766,10.900,3.116,5.900,21.691,14.300,ROP_MAX_SAFETY_STOCK,"Stock on hand 0 is below the current reorder point 5.766. At the CRITICAL service level of 98% and a 136-day lead time, the reorder point should be 10.9.",REJECTED,2026-05-11
REC-001911,000000000010001229,2000,Hydraulic Power Pack 200MM MULTOTEC,NORMAL,INTERMITTENT,4,50,10.731,6.600,5.061,3.100,16.306,13.000,ROP_MAX_SAFETY_STOCK,"Stock on hand 8 is below the current reorder point 10.731. At the NORMAL service level of 85% and a 50-day lead time, the reorder point should be 6.6.",REJECTED,2026-08-08
REC-001912,000000000090000068,3000,Pressure Transmitter Assembly 110KW,OBSOLETE,NO_DEMAND,0,31,0.000,,0.000,,1.000,,NO_SAFETY_STOCK,Obsolete material: no safety stock recommended. Candidate for stock reduction review.,REJECTED,2026-08-03
REC-001913,000000000090000068,1000,Pressure Transmitter Assembly 110KW,OBSOLETE,NO_DEMAND,0,31,0.000,,0.000,,1.000,,NO_SAFETY_STOCK,Obsolete material: no safety stock recommended. Candidate for stock reduction review.,APPROVED,2026-06-27
REC-001914,000000000010001230,3000,Ball Mill Gearbox Assembly 10/8 SANDVIK,IMPACT,SLOW,2,54,2.544,1.500,2.053,1.200,3.299,2.000,ROP_MAX_SAFETY_STOCK,Stock on hand 4 exceeds the current maximum 3.299. Consumption of 0.2 per month supports a maximum of 2.,PROPOSED,2026-05-28
REC-001915,000000000010001230,4000,Ball Mill Gearbox Assembly 10/8 SANDVIK,IMPACT,SLOW,0,54,0.432,1.000,0.371,0.900,1.725,1.200,ROP_MAX_SAFETY_STOCK,Stock on hand 3 exceeds the current maximum 1.725. Consumption of 0.1 per month supports a maximum of 1.2.,APPROVED,2026-07-31
REC-001916,000000000010001231,1000,Belt Scraper Blade Cartridge HD FLSM,IMPACT,SLOW,4,19,1.904,1.400,1.498,1.100,4.701,2.900,ROP_MAX_SAFETY_STOCK,"Stock on hand 1 is below the current reorder point 1.904. At the IMPACT service level of 95% and a 19-day lead time, the reorder point should be 1.4.",PROPOSED,2026-06-25
REC-001917,000000000010001232,3000,Mill Liner DN150 METSO,NORMAL,REGULAR,12,58,31.804,41.500,4.533,5.900,146.228,97.600,ROP_MAX_SAFETY_STOCK,Regular consumption of 18.7 per month over 24 months with a 58-day lead time gives a reorder point of 41.5 against the current 31.804.,PROPOSED,2026-08-13
REC-001918,000000000010001234,1000,Cyclone Apex Liner TYPE B SKF,CRITICAL,INTERMITTENT,4,35,4.396,5.800,3.047,4.000,11.032,10.400,ROP_MAX_SAFETY_STOCK,Intermittent consumption of 1.5 per month over 24 months with a 35-day lead time gives a reorder point of 5.8 against the current 4.396.,PROPOSED,2026-07-18
REC-001919,000000000010001235,4000,Flow Meter Sensor Head 150MM FLSM,CRITICAL,INTERMITTENT,5,98,9.008,15.600,5.304,9.200,16.834,21.600,ROP_MAX_SAFETY_STOCK,"Stock on hand 7 is below the current reorder point 9.008. At the CRITICAL service level of 98% and a 98-day lead time, the reorder point should be 15.6.",APPROVED,2026-06-29
REC-001920,000000000010001236,1000,Flotation Cell Impeller 200MM MULTOTEC,CRITICAL,INTERMITTENT,0,107,23.435,14.500,12.558,7.800,23.435,20.200,ROP_MAX_SAFETY_STOCK,"Stock on hand 0 is below the current reorder point 23.435. At the CRITICAL service level of 98% and a 107-day lead time, the reorder point should be 14.5.",HELD,2026-08-24
REC-001921,000000000010001237,3000,Gland Packing Seal Ring DN100 METSO,NORMAL,SLOW,2,21,0.971,1.000,0.692,0.700,3.596,2.200,ROP_MAX_SAFETY_STOCK,Stock on hand 4 exceeds the current maximum 3.596. Consumption of 0.4 per month supports a maximum of 2.2.,HELD,2026-05-24
REC-001922,000000000010001237,1000,Gland Packing Seal Ring DN100 METSO,NORMAL,SLOW,4,21,0.559,0.500,0.399,0.400,0.982,1.100,ROP_MAX_SAFETY_STOCK,"Stock on hand 0 is below the current reorder point 0.559. At the NORMAL service level of 85% and a 21-day lead time, the reorder point should be 0.5.",REJECTED,2026-07-30
REC-001923,000000000030000304,4000,Flotation Cell Impeller TYPE B SANDVIK,IMPACT,ON_DEMAND,2,41,0.000,7.300,0.000,4.600,0.000,13.300,OAR_TO_MIN_MAX,This OAR material is classified IMPACT on the critical parts list. Recommend Min-Max management with a reorder point of 7.3 and a maximum of 13.3.,APPROVED,2026-07-01
REC-001924,000000000090000069,4000,Conveyor Drive Gearbox HD MULTOTEC,OBSOLETE,NO_DEMAND,0,38,0.000,,0.000,,1.000,,NO_SAFETY_STOCK,Obsolete material: no safety stock recommended. Candidate for stock reduction review.,PROPOSED,2026-05-16
REC-001925,000000000080000293,3000,Conveyor Take-Up Pulley DN100 SKF,IMPACT,INTERMITTENT,5,13,0.857,1.000,0.660,0.800,3.538,2.600,ROP_MAX_SAFETY_STOCK,Intermittent consumption of 0.5 per month over 24 months with a 13-day lead time gives a reorder point of 1 against the current 0.857.,APPROVED,2026-06-15
REC-001926,000000000010001238,2000,Spherical Roller Bearing TYPE A ABB,CRITICAL,INTERMITTENT,0,100,15.475,9.400,9.412,5.700,17.184,12.800,ROP_MAX_SAFETY_STOCK,"Stock on hand 0 is below the current reorder point 15.475. At the CRITICAL service level of 98% and a 100-day lead time, the reorder point should be 9.4.",HELD,2026-08-28
REC-001927,000000000010001239,2000,Screen Exciter Bearing DN150 WEIR,INSURANCE,REGULAR,11,64,15.870,26.300,2.793,4.600,70.379,57.300,ROP_MAX_SAFETY_STOCK,"Stock on hand 6 is below the current reorder point 15.87. At the INSURANCE service level of 90% and a 64-day lead time, the reorder point should be 26.3.",APPROVED,2026-07-31
REC-001928,000000000010001240,1000,PLC Digital Output Card 250MM SANDVIK,INSURANCE,INTERMITTENT,4,167,13.466,7.600,5.361,3.000,16.870,10.100,ROP_MAX_SAFETY_STOCK,Stock on hand 26 exceeds the current maximum 16.87. Consumption of 0.8 per month supports a maximum of 10.1.,PROPOSED,2026-08-18
REC-001929,000000000080000294,1000,MCC Feeder Circuit Breaker DN150 SANDVIK,CRITICAL,INTERMITTENT,6,100,6.390,15.200,3.618,8.600,32.430,21.200,ROP_MAX_SAFETY_STOCK,Intermittent consumption of 2.0 per month over 24 months with a 100-day lead time gives a reorder point of 15.2 against the current 6.39.,APPROVED,2026-05-19
REC-001930,000000000080000294,3000,MCC Feeder Circuit Breaker DN150 SANDVIK,CRITICAL,INTERMITTENT,5,100,5.392,11.000,3.232,6.600,24.629,15.000,ROP_MAX_SAFETY_STOCK,Intermittent consumption of 1.3 per month over 24 months with a 100-day lead time gives a reorder point of 11 against the current 5.392.,PROPOSED,2026-07-05
REC-001931,000000000080000295,1000,Mill Liner 200MM SIEMENS,NORMAL,INTERMITTENT,6,55,3.485,2.300,1.631,1.100,4.107,4.300,ROP_MAX_SAFETY_STOCK,Intermittent consumption of 0.7 per month over 24 months with a 55-day lead time gives a reorder point of 2.3 against the current 3.485.,PROPOSED,2026-08-15
REC-001932,000000000030000305,2000,Ball Mill Gearbox Assembly 55KW ABB,IMPACT,ON_DEMAND,3,38,0.000,3.000,0.000,2.200,0.000,5.000,OAR_TO_MIN_MAX,This OAR material is classified IMPACT on the critical parts list. Recommend Min-Max management with a reorder point of 3 and a maximum of 5.,PROPOSED,2026-07-27
REC-001933,000000000010001241,3000,Thickener Rake Drive Gearbox 6/4 SKF,NORMAL,REGULAR,12,38,27.663,29.300,4.455,4.700,134.117,88.400,ROP_MAX_SAFETY_STOCK,Regular consumption of 19.7 per month over 24 months with a 38-day lead time gives a reorder point of 29.3 against the current 27.663.,APPROVED,2026-07-22
REC-001934,000000000010001241,1000,Thickener Rake Drive Gearbox 6/4 SKF,NORMAL,REGULAR,11,38,41.742,59.200,9.001,12.800,258.248,170.700,ROP_MAX_SAFETY_STOCK,"Stock on hand 37 is below the current reorder point 41.742. At the NORMAL service level of 85% and a 38-day lead time, the reorder point should be 59.2.",PROPOSED,2026-06-11
REC-001935,000000000010001243,3000,Conveyor Idler Roller Set TYPE A SKF,NORMAL,REGULAR,12,29,23.423,14.700,5.205,3.300,72.128,50.700,ROP_MAX_SAFETY_STOCK,Regular consumption of 12.0 per month over 24 months with a 29-day lead time gives a reorder point of 14.7 against the current 23.423.,APPROVED,2026-05-17
REC-001936,000000000010001243,2000,Conveyor Idler Roller Set TYPE A SKF,NORMAL,REGULAR,8,29,9.172,21.900,1.591,3.800,64.301,78.800,ROP_MAX_SAFETY_STOCK,"Stock on hand 8 is below the current reorder point 9.172. At the NORMAL service level of 85% and a 29-day lead time, the reorder point should be 21.9.",HELD,2026-09-02
REC-001937,000000000010001244,2000,Conveyor Drive Motor HD MULTOTEC,INSURANCE,INTERMITTENT,4,125,9.822,8.600,4.124,3.600,13.870,12.200,ROP_MAX_SAFETY_STOCK,Stock on hand 17 exceeds the current maximum 13.87. Consumption of 1.2 per month supports a maximum of 12.2.,PROPOSED,2026-08-02
REC-001938,000000000030000309,2000,Ventilation Fan Motor 8/6 SEW,CRITICAL,ON_DEMAND,0,41,0.000,7.400,0.000,5.600,0.000,11.400,OAR_TO_MIN_MAX,This OAR material is classified CRITICAL on the critical parts list. Recommend Min-Max management with a reorder point of 7.4 and a maximum of 11.4.,PROPOSED,2026-05-22
REC-001939,000000000030000309,4000,Ventilation Fan Motor 8/6 SEW,CRITICAL,ON_DEMAND,2,41,0.000,3.600,0.000,2.300,0.000,6.500,OAR_TO_MIN_MAX,This OAR material is classified CRITICAL on the critical parts list. Recommend Min-Max management with a reorder point of 3.6 and a maximum of 6.5.,REJECTED,2026-07-07
REC-001940,000000000010001245,1000,Conveyor Idler Roller Set 200MM ABB,CRITICAL,INTERMITTENT,0,94,23.928,13.600,13.295,7.600,23.928,19.500,ROP_MAX_SAFETY_STOCK,"Stock on hand 0 is below the current reorder point 23.928. At the CRITICAL service level of 98% and a 94-day lead time, the reorder point should be 13.6.",REJECTED,2026-08-11
REC-001941,000000000010001245,3000,Conveyor Idler Roller Set 200MM ABB,CRITICAL,INTERMITTENT,0,94,3.647,4.400,2.480,3.000,4.233,5.800,ROP_MAX_SAFETY_STOCK,"Stock on hand 0 is below the current reorder point 3.647. At the CRITICAL service level of 98% and a 94-day lead time, the reorder point should be 4.4.",APPROVED,2026-08-11
REC-001942,000000000010001246,4000,Gland Packing Seal Ring 250KW MULTOTEC,CRITICAL,INTERMITTENT,6,238,10.317,14.900,4.004,5.800,23.986,18.400,ROP_MAX_SAFETY_STOCK,Intermittent consumption of 1.2 per month over 24 months with a 238-day lead time gives a reorder point of 14.9 against the current 10.317.,APPROVED,2026-06-08
REC-001943,000000000010001247,2000,Vertical Sump Pump Column HD ABB,CRITICAL,INTERMITTENT,1,39,3.265,2.000,2.475,1.500,4.218,3.100,ROP_MAX_SAFETY_STOCK,Intermittent consumption of 0.4 per month over 24 months with a 39-day lead time gives a reorder point of 2 against the current 3.265.,APPROVED,2026-08-29
REC-001944,000000000010001248,1000,Mill Lube Pump Motor 8/6 SIEMENS,CRITICAL,INTERMITTENT,5,125,5.885,3.800,3.240,2.100,8.923,5.000,ROP_MAX_SAFETY_STOCK,Intermittent consumption of 0.4 per month over 24 months with a 125-day lead time gives a reorder point of 3.8 against the current 5.885.,REJECTED,2026-05-18
REC-001945,000000000010001249,3000,Skirt Rubber Liner Section HD METSO,INSURANCE,INTERMITTENT,6,130,17.014,11.500,5.934,4.000,22.368,16.800,ROP_MAX_SAFETY_STOCK,Stock on hand 29 exceeds the current maximum 22.368. Consumption of 1.8 per month supports a maximum of 16.8.,APPROVED,2026-07-05
REC-001946,000000000090000070,1000,Skirt Rubber Liner Section TYPE B KSB,OBSOLETE,NO_DEMAND,0,18,0.000,,0.000,,1.000,,NO_SAFETY_STOCK,Obsolete material: no safety stock recommended. Candidate for stock reduction review.,APPROVED,2026-07-01
REC-001947,000000000010001250,1000,MCC Feeder Circuit Breaker 6/4 METSO,IMPACT,INTERMITTENT,6,45,3.643,4.000,2.194,2.400,8.755,7.200,ROP_MAX_SAFETY_STOCK,Intermittent consumption of 1.1 per month over 24 months with a 45-day lead time gives a reorder point of 4 against the current 3.643.,HELD,2026-08-16
REC-001948,000000000010001250,2000,MCC Feeder Circuit Breaker 6/4 METSO,IMPACT,INTERMITTENT,5,45,11.559,6.700,7.599,4.400,19.516,11.300,ROP_MAX_SAFETY_STOCK,"Stock on hand 7 is below the current reorder point 11.559. At the IMPACT service level of 95% and a 45-day lead time, the reorder point should be 6.7.",APPROVED,2026-08-13
REC-001949,000000000010001251,4000,Gearbox Bearing HD KSB,CRITICAL,INTERMITTENT,0,59,4.750,8.900,2.815,5.300,21.409,14.500,ROP_MAX_SAFETY_STOCK,"Stock on hand 0 is below the current reorder point 4.75. At the CRITICAL service level of 98% and a 59-day lead time, the reorder point should be 8.9.",REJECTED,2026-05-15
REC-001950,000000000010001251,1000,Gearbox Bearing HD KSB,CRITICAL,INTERMITTENT,0,59,7.743,6.100,5.811,4.600,14.060,8.500,ROP_MAX_SAFETY_STOCK,"Stock on hand 0 is below the current reorder point 7.743. At the CRITICAL service level of 98% and a 59-day lead time, the reorder point should be 6.1.",REJECTED,2026-06-25
REC-001951,000000000090000071,4000,Slurry Density Transmitter 8/6 KSB,OBSOLETE,NO_DEMAND,0,31,0.000,,0.000,,1.000,,NO_SAFETY_STOCK,Obsolete material: no safety stock recommended. Candidate for stock reduction review.,APPROVED,2026-07-26
REC-001952,000000000090000071,2000,Slurry Density Transmitter 8/6 KSB,OBSOLETE,NO_DEMAND,0,31,0.000,,0.000,,1.000,,NO_SAFETY_STOCK,Obsolete material: no safety stock recommended. Candidate for stock reduction review.,REJECTED,2026-07-19
REC-001953,000000000010001252,1000,Gland Packing Seal Ring 250MM SIEMENS,NORMAL,REGULAR,12,50,24.304,29.000,4.371,5.200,129.138,72.400,ROP_MAX_SAFETY_STOCK,Regular consumption of 14.5 per month over 24 months with a 50-day lead time gives a reorder point of 29 against the current 24.304.,REJECTED,2026-06-15
REC-001954,000000000010001252,4000,Gland Packing Seal Ring 250MM SIEMENS,NORMAL,REGULAR,11,50,57.631,71.400,8.447,10.500,257.438,182.700,ROP_MAX_SAFETY_STOCK,"Stock on hand 47 is below the current reorder point 57.631. At the NORMAL service level of 85% and a 50-day lead time, the reorder point should be 71.4.",APPROVED,2026-06-27
REC-001955,000000000010001253,3000,Centrifugal Pump Casing HD WEIR,IMPACT,REGULAR,12,59,34.275,25.000,8.035,5.900,64.660,54.600,ROP_MAX_SAFETY_STOCK,Regular consumption of 9.9 per month over 24 months with a 59-day lead time gives a reorder point of 25 against the current 34.275.,PROPOSED,2026-08-12
REC-001956,000000000010001253,2000,Centrifugal Pump Casing HD WEIR,IMPACT,REGULAR,11,59,52.311,36.100,10.586,7.300,95.790,80.700,ROP_MAX_SAFETY_STOCK,"Stock on hand 35 is below the current reorder point 52.311. At the IMPACT service level of 95% and a 59-day lead time, the reorder point should be 36.1.",APPROVED,2026-06-15
REC-001957,000000000080000296,1000,Valve Assembly 200MM ABB,NORMAL,INTERMITTENT,6,36,1.842,2.000,1.015,1.100,7.864,4.400,ROP_MAX_SAFETY_STOCK,Intermittent consumption of 0.8 per month over 24 months with a 36-day lead time gives a reorder point of 2 against the current 1.842.,PROPOSED,2026-07-03
REC-001958,000000000010001254,1000,Crusher Hydroset Cylinder DN100 SKF,INSURANCE,REGULAR,12,114,73.139,43.600,11.909,7.100,112.476,72.800,ROP_MAX_SAFETY_STOCK,"Stock on hand 36 is below the current reorder point 73.139. At the INSURANCE service level of 90% and a 114-day lead time, the reorder point should be 43.6.",APPROVED,2026-06-22
REC-001959,000000000030000311,1000,Ventilation Fan Motor 8/6 SANDVIK,IMPACT,ON_DEMAND,0,17,0.000,2.400,0.000,1.700,0.000,6.200,OAR_TO_MIN_MAX,This OAR material is classified IMPACT on the critical parts list. Recommend Min-Max management with a reorder point of 2.4 and a maximum of 6.2.,PROPOSED,2026-07-12
REC-001960,000000000030000311,2000,Ventilation Fan Motor 8/6 SANDVIK,IMPACT,ON_DEMAND,1,17,0.000,3.900,0.000,2.900,0.000,9.400,OAR_TO_MIN_MAX,This OAR material is classified IMPACT on the critical parts list. Recommend Min-Max management with a reorder point of 3.9 and a maximum of 9.4.,PROPOSED,2026-08-27
REC-001961,000000000010001255,2000,Flow Meter Sensor Head 250KW FLSM,IMPACT,INTERMITTENT,6,32,6.109,4.000,4.127,2.700,10.005,7.800,ROP_MAX_SAFETY_STOCK,Intermittent consumption of 1.2 per month over 24 months with a 32-day lead time gives a reorder point of 4 against the current 6.109.,APPROVED,2026-06-01
REC-001962,000000000010001256,4000,Thickener Rake Drive Gearbox 250KW WEIR,CRITICAL,INTERMITTENT,4,121,4.702,3.900,2.509,2.100,4.702,5.300,ROP_MAX_SAFETY_STOCK,"Stock on hand 4 is below the current reorder point 4.702. At the CRITICAL service level of 98% and a 121-day lead time, the reorder point should be 3.9.",REJECTED,2026-06-07
REC-001963,000000000010001257,4000,Conveyor Drive Gearbox 200MM KSB,CRITICAL,INTERMITTENT,5,171,6.564,7.800,3.806,4.500,8.752,9.600,ROP_MAX_SAFETY_STOCK,"Stock on hand 4 is below the current reorder point 6.564. At the CRITICAL service level of 98% and a 171-day lead time, the reorder point should be 7.8.",PROPOSED,2026-06-11
REC-001964,000000000010001258,2000,Flow Meter Sensor Head 10/8 FLSM,IMPACT,INTERMITTENT,6,39,9.846,6.000,6.405,3.900,12.017,10.900,ROP_MAX_SAFETY_STOCK,Stock on hand 18 exceeds the current maximum 12.017. Consumption of 1.6 per month supports a maximum of 10.9.,REJECTED,2026-05-12
REC-001965,000000000010001259,4000,Centrifugal Pump Casing TYPE A SKF,NORMAL,SLOW,3,54,0.825,1.300,0.559,0.900,3.718,2.000,ROP_MAX_SAFETY_STOCK,Slow consumption of 0.2 per month over 24 months with a 54-day lead time gives a reorder point of 1.3 against the current 0.825.,REJECTED,2026-08-03
REC-001966,000000000010001260,3000,Crusher Hydroset Cylinder 8/6 SEW,INSURANCE,INTERMITTENT,5,175,5.134,4.500,1.814,1.600,5.134,6.000,ROP_MAX_SAFETY_STOCK,"Stock on hand 4 is below the current reorder point 5.134. At the INSURANCE service level of 90% and a 175-day lead time, the reorder point should be 4.5.",PROPOSED,2026-09-02
REC-001967,000000000010001260,4000,Crusher Hydroset Cylinder 8/6 SEW,INSURANCE,INTERMITTENT,5,175,6.089,12.600,2.268,4.700,23.163,16.700,ROP_MAX_SAFETY_STOCK,Intermittent consumption of 1.4 per month over 24 months with a 175-day lead time gives a reorder point of 12.6 against the current 6.089.,APPROVED,2026-08-05
REC-001968,000000000090000072,4000,Slurry Pump Mechanical Seal 55KW KSB,OBSOLETE,NO_DEMAND,0,40,0.000,,0.000,,1.000,,NO_SAFETY_STOCK,Obsolete material: no safety stock recommended. Candidate for stock reduction review.,PROPOSED,2026-05-14
REC-001969,000000000010001261,2000,Conveyor Pulley Bearing 55KW SKF,INSURANCE,INTERMITTENT,6,204,2.765,5.300,0.878,1.700,11.475,6.900,ROP_MAX_SAFETY_STOCK,"Stock on hand 2 is below the current reorder point 2.765. At the INSURANCE service level of 90% and a 204-day lead time, the reorder point should be 5.3.",APPROVED,2026-06-23
REC-001970,000000000010001262,2000,Slurry Pump Mechanical Seal HD SIEMENS,CRITICAL,INTERMITTENT,3,106,19.910,14.900,12.732,9.500,34.787,19.500,ROP_MAX_SAFETY_STOCK,Intermittent consumption of 1.5 per month over 24 months with a 106-day lead time gives a reorder point of 14.9 against the current 19.91.,REJECTED,2026-08-17
REC-001971,000000000010001264,3000,Level Radar Transmitter TYPE A FLSM,NORMAL,INTERMITTENT,7,11,3.098,2.700,1.930,1.700,10.693,11.300,ROP_MAX_SAFETY_STOCK,Intermittent consumption of 2.9 per month over 24 months with a 11-day lead time gives a reorder point of 2.7 against the current 3.098.,APPROVED,2026-06-25
REC-001972,000000000010001265,3000,Slurry Pump Wet End Assembly 250MM METSO,IMPACT,INTERMITTENT,6,39,8.360,8.500,5.305,5.400,11.592,15.800,ROP_MAX_SAFETY_STOCK,Stock on hand 15 exceeds the current maximum 11.592. Consumption of 2.4 per month supports a maximum of 15.8.,PROPOSED,2026-06-07
REC-001973,000000000010001268,1000,Level Radar Transmitter TYPE A FLSM,NORMAL,SLOW,3,9,0.148,0.300,0.117,0.200,1.492,0.900,ROP_MAX_SAFETY_STOCK,Slow consumption of 0.2 per month over 24 months with a 9-day lead time gives a reorder point of 0.3 against the current 0.148.,HELD,2026-07-27
REC-001974,000000000030000317,3000,Gland Packing Seal Ring 8/6 SEW,CRITICAL,ON_DEMAND,1,44,0.000,4.200,0.000,2.800,0.000,7.100,OAR_TO_MIN_MAX,This OAR material is classified CRITICAL on the critical parts list. Recommend Min-Max management with a reorder point of 4.2 and a maximum of 7.1.,REJECTED,2026-05-18
REC-001975,000000000080000297,2000,Slurry Pump Wet End Assembly DN150,CRITICAL,INTERMITTENT,4,98,8.390,8.700,5.307,5.500,17.466,11.700,ROP_MAX_SAFETY_STOCK,Intermittent consumption of 1.0 per month over 24 months with a 98-day lead time gives a reorder point of 8.7 against the current 8.39.,REJECTED,2026-05-25
REC-001976,000000000080000297,4000,Slurry Pump Wet End Assembly DN150,CRITICAL,INTERMITTENT,6,98,13.325,15.200,8.060,9.200,19.448,20.800,ROP_MAX_SAFETY_STOCK,Intermittent consumption of 1.9 per month over 24 months with a 98-day lead time gives a reorder point of 15.2 against the current 13.325.,PROPOSED,2026-05-31
REC-001977,000000000010001269,2000,Ball Mill Trunnion Bearing 200MM SEW,NORMAL,SLOW,2,53,1.202,1.600,0.772,1.000,4.369,2.600,ROP_MAX_SAFETY_STOCK,Stock on hand 5 exceeds the current maximum 4.369. Consumption of 0.3 per month supports a maximum of 2.6.,PROPOSED,2026-08-18
REC-001978,000000000010001270,2000,Skirt Rubber Liner Section 110KW SANDVIK,NORMAL,SLOW,2,45,1.031,0.700,0.681,0.500,1.207,1.200,ROP_MAX_SAFETY_STOCK,Stock on hand 2 exceeds the current maximum 1.207. Consumption of 0.2 per month supports a maximum of 1.2.,REJECTED,2026-08-02
REC-001979,000000000010001270,1000,Skirt Rubber Liner Section 110KW SANDVIK,NORMAL,SLOW,1,45,0.780,0.700,0.515,0.500,0.904,1.200,ROP_MAX_SAFETY_STOCK,"Stock on hand 0 is below the current reorder point 0.78. At the NORMAL service level of 85% and a 45-day lead time, the reorder point should be 0.7.",REJECTED,2026-07-23
REC-001980,000000000010001271,1000,Ball Mill Trunnion Bearing TYPE A SEW,NORMAL,REGULAR,12,37,18.829,20.000,4.533,4.800,74.394,57.600,ROP_MAX_SAFETY_STOCK,"Stock on hand 2 is below the current reorder point 18.829. At the NORMAL service level of 85% and a 37-day lead time, the reorder point should be 20.",APPROVED,2026-06-07
REC-001981,000000000010001272,1000,Vertical Sump Pump Column 200MM SEW,NORMAL,INTERMITTENT,9,55,5.569,6.600,2.331,2.800,15.627,13.000,ROP_MAX_SAFETY_STOCK,"Stock on hand 1 is below the current reorder point 5.569. At the NORMAL service level of 85% and a 55-day lead time, the reorder point should be 6.6.",APPROVED,2026-07-07
REC-001982,000000000010001273,2000,Ball Mill Shell Liner Plate DN150,NORMAL,INTERMITTENT,6,7,1.464,2.100,0.963,1.400,12.247,11.800,ROP_MAX_SAFETY_STOCK,Intermittent consumption of 3.2 per month over 24 months with a 7-day lead time gives a reorder point of 2.1 against the current 1.464.,PROPOSED,2026-06-19
REC-001983,000000000010001274,3000,Flow Meter Sensor Head TYPE B FLSM,CRITICAL,INTERMITTENT,5,143,16.484,15.500,9.385,8.800,20.794,19.800,ROP_MAX_SAFETY_STOCK,"Stock on hand 10 is below the current reorder point 16.484. At the CRITICAL service level of 98% and a 143-day lead time, the reorder point should be 15.5.",APPROVED,2026-07-25
REC-001984,000000000010001276,4000,Apron Feeder Gear Reducer DN100 KSB,CRITICAL,INTERMITTENT,0,104,13.241,12.100,7.465,6.800,13.241,16.700,ROP_MAX_SAFETY_STOCK,"Stock on hand 0 is below the current reorder point 13.241. At the CRITICAL service level of 98% and a 104-day lead time, the reorder point should be 12.1.",PROPOSED,2026-07-31
REC-001985,000000000010001276,2000,Apron Feeder Gear Reducer DN100 KSB,CRITICAL,INTERMITTENT,0,104,5.112,7.900,2.634,4.100,10.648,11.300,ROP_MAX_SAFETY_STOCK,"Stock on hand 0 is below the current reorder point 5.112. At the CRITICAL service level of 98% and a 104-day lead time, the reorder point should be 7.9.",PROPOSED,2026-06-27
REC-001986,000000000010001278,1000,Screen Exciter Bearing 200MM SKF,NORMAL,REGULAR,10,49,20.902,45.300,2.905,6.300,139.487,118.000,ROP_MAX_SAFETY_STOCK,"Stock on hand 0 is below the current reorder point 20.902. At the NORMAL service level of 85% and a 49-day lead time, the reorder point should be 45.3.",APPROVED,2026-06-28
REC-001987,000000000010001279,2000,Ball Mill Shell Liner Plate DN100,CRITICAL,SLOW,1,83,1.129,1.400,0.870,1.100,2.007,1.800,ROP_MAX_SAFETY_STOCK,"Stock on hand 1 is below the current reorder point 1.129. At the CRITICAL service level of 98% and a 83-day lead time, the reorder point should be 1.4.",APPROVED,2026-06-11
REC-001988,000000000080000298,2000,Skirt Rubber Liner Section 55KW SANDVIK,IMPACT,INTERMITTENT,6,50,2.639,2.700,1.659,1.700,5.481,4.600,ROP_MAX_SAFETY_STOCK,Intermittent consumption of 0.6 per month over 24 months with a 50-day lead time gives a reorder point of 2.7 against the current 2.639.,PROPOSED,2026-06-09
REC-001989,000000000080000298,3000,Skirt Rubber Liner Section 55KW SANDVIK,IMPACT,INTERMITTENT,3,50,6.851,4.200,4.528,2.800,6.851,6.800,ROP_MAX_SAFETY_STOCK,Stock on hand 7 exceeds the current maximum 6.851. Consumption of 0.9 per month supports a maximum of 6.8.,PROPOSED,2026-08-15
REC-001990,000000000010001281,1000,Cyclone Apex Liner 200MM SKF,INSURANCE,INTERMITTENT,4,58,1.994,1.700,1.172,1.000,3.719,2.800,ROP_MAX_SAFETY_STOCK,"Stock on hand 1 is below the current reorder point 1.994. At the INSURANCE service level of 90% and a 58-day lead time, the reorder point should be 1.7.",REJECTED,2026-07-13
REC-001991,000000000010001282,4000,Crusher Hydroset Cylinder 6/4 SKF,CRITICAL,INTERMITTENT,6,126,6.397,12.200,3.678,7.000,22.536,15.900,ROP_MAX_SAFETY_STOCK,"Stock on hand 3 is below the current reorder point 6.397. At the CRITICAL service level of 98% and a 126-day lead time, the reorder point should be 12.2.",PROPOSED,2026-06-27
REC-001992,000000000010001282,3000,Crusher Hydroset Cylinder 6/4 SKF,CRITICAL,INTERMITTENT,5,126,6.493,5.700,3.949,3.500,7.454,7.300,ROP_MAX_SAFETY_STOCK,"Stock on hand 5 is below the current reorder point 6.493. At the CRITICAL service level of 98% and a 126-day lead time, the reorder point should be 5.7.",PROPOSED,2026-07-16
REC-001993,000000000010001285,1000,Pressure Transmitter Assembly HD SIEMENS,INSURANCE,INTERMITTENT,8,49,3.653,7.000,1.881,3.600,10.443,13.400,ROP_MAX_SAFETY_STOCK,Intermittent consumption of 2.1 per month over 24 months with a 49-day lead time gives a reorder point of 7 against the current 3.653.,PROPOSED,2026-07-03
REC-001994,000000000010001286,2000,Flotation Blower Motor 10/8 WEIR,NORMAL,INTERMITTENT,5,60,5.705,3.300,3.157,1.800,9.782,5.500,ROP_MAX_SAFETY_STOCK,Intermittent consumption of 0.8 per month over 24 months with a 60-day lead time gives a reorder point of 3.3 against the current 5.705.,REJECTED,2026-07-29
REC-001995,000000000010001286,1000,Flotation Blower Motor 10/8 WEIR,NORMAL,INTERMITTENT,4,60,2.682,4.000,1.405,2.100,5.646,6.900,ROP_MAX_SAFETY_STOCK,Intermittent consumption of 1.0 per month over 24 months with a 60-day lead time gives a reorder point of 4 against the current 2.682.,APPROVED,2026-08-31
REC-001996,000000000010001287,2000,Thickener Rake Drive Gearbox DN150 ABB,NORMAL,SLOW,3,42,1.310,0.800,0.835,0.500,1.325,1.400,ROP_MAX_SAFETY_STOCK,Stock on hand 2 exceeds the current maximum 1.325. Consumption of 0.2 per month supports a maximum of 1.4.,APPROVED,2026-07-04
REC-001997,000000000010001287,4000,Thickener Rake Drive Gearbox DN150 ABB,NORMAL,SLOW,2,42,1.117,0.800,0.681,0.500,1.907,1.600,ROP_MAX_SAFETY_STOCK,Stock on hand 2 exceeds the current maximum 1.907. Consumption of 0.2 per month supports a maximum of 1.6.,REJECTED,2026-06-07
REC-001998,000000000010001288,1000,Slurry Density Transmitter DN100,NORMAL,SLOW,3,56,3.127,2.000,1.886,1.200,3.913,3.200,ROP_MAX_SAFETY_STOCK,"Stock on hand 3 is below the current reorder point 3.127. At the NORMAL service level of 85% and a 56-day lead time, the reorder point should be 2.",PROPOSED,2026-05-27
REC-001999,000000000010001289,3000,Level Radar Transmitter 6/4 MULTOTEC,IMPACT,INTERMITTENT,4,12,2.323,1.500,1.896,1.200,5.177,3.500,ROP_MAX_SAFETY_STOCK,Intermittent consumption of 0.7 per month over 24 months with a 12-day lead time gives a reorder point of 1.5 against the current 2.323.,APPROVED,2026-05-30
REC-002000,000000000090000073,3000,Skirt Rubber Liner Section DN150 SIEMENS,OBSOLETE,NO_DEMAND,0,25,0.000,,0.000,,1.000,,NO_SAFETY_STOCK,Obsolete material: no safety stock recommended. Candidate for stock reduction review.,REJECTED,2026-07-26
REC-002001,000000000090000073,1000,Skirt Rubber Liner Section DN150 SIEMENS,OBSOLETE,NO_DEMAND,0,25,0.000,,0.000,,1.000,,NO_SAFETY_STOCK,Obsolete material: no safety stock recommended. Candidate for stock reduction review.,APPROVED,2026-05-31
REC-002002,000000000010001291,4000,Conveyor Drive Gearbox 6/4 MULTOTEC,IMPACT,INTERMITTENT,7,59,8.284,9.100,4.551,5.000,12.169,15.500,ROP_MAX_SAFETY_STOCK,Intermittent consumption of 2.1 per month over 24 months with a 59-day lead time gives a reorder point of 9.1 against the current 8.284.,REJECTED,2026-07-15
REC-002003,000000000010001292,3000,Slurry Density Transmitter 10/8 FLSM,NORMAL,REGULAR,10,18,9.140,7.400,2.383,1.900,42.692,35.400,ROP_MAX_SAFETY_STOCK,Regular consumption of 9.3 per month over 24 months with a 18-day lead time gives a reorder point of 7.4 against the current 9.14.,APPROVED,2026-08-10
REC-002004,000000000010001292,2000,Slurry Density Transmitter 10/8 FLSM,NORMAL,REGULAR,8,18,28.046,21.400,7.217,5.500,154.461,101.900,ROP_MAX_SAFETY_STOCK,Regular consumption of 26.8 per month over 24 months with a 18-day lead time gives a reorder point of 21.4 against the current 28.046.,APPROVED,2026-07-12
REC-002005,000000000010001293,3000,Vertical Sump Pump Column 200MM WEIR,IMPACT,REGULAR,11,10,22.772,13.100,8.333,4.800,110.634,89.000,ROP_MAX_SAFETY_STOCK,Regular consumption of 25.3 per month over 24 months with a 10-day lead time gives a reorder point of 13.1 against the current 22.772.,REJECTED,2026-06-30
REC-002006,000000000010001293,1000,Vertical Sump Pump Column 200MM WEIR,IMPACT,REGULAR,11,10,15.782,19.700,6.321,7.900,149.176,127.500,ROP_MAX_SAFETY_STOCK,"Stock on hand 3 is below the current reorder point 15.782. At the IMPACT service level of 95% and a 10-day lead time, the reorder point should be 19.7.",PROPOSED,2026-07-14
REC-002007,000000000080000299,3000,Flow Meter Sensor Head DN150 KSB,NORMAL,INTERMITTENT,8,60,12.892,8.000,5.601,3.500,22.818,14.900,ROP_MAX_SAFETY_STOCK,"Stock on hand 6 is below the current reorder point 12.892. At the NORMAL service level of 85% and a 60-day lead time, the reorder point should be 8.",REJECTED,2026-07-14
REC-002008,000000000080000299,1000,Flow Meter Sensor Head DN150 KSB,NORMAL,INTERMITTENT,10,60,8.326,9.300,3.057,3.400,19.370,18.300,ROP_MAX_SAFETY_STOCK,Intermittent consumption of 3.0 per month over 24 months with a 60-day lead time gives a reorder point of 9.3 against the current 8.326.,PROPOSED,2026-07-05
REC-002009,000000000010001294,4000,Crusher Main Shaft Bearing 55KW ABB,CRITICAL,INTERMITTENT,0,129,8.052,10.400,4.894,6.300,15.028,13.300,ROP_MAX_SAFETY_STOCK,"Stock on hand 0 is below the current reorder point 8.052. At the CRITICAL service level of 98% and a 129-day lead time, the reorder point should be 10.4.",REJECTED,2026-08-19
REC-002010,000000000010001296,1000,Mill Liner 55KW WEIR,CRITICAL,INTERMITTENT,0,64,23.530,15.300,13.189,8.600,27.970,24.900,ROP_MAX_SAFETY_STOCK,"Stock on hand 0 is below the current reorder point 23.53. At the CRITICAL service level of 98% and a 64-day lead time, the reorder point should be 15.3.",APPROVED,2026-06-22
REC-002011,000000000010001297,4000,Thickener Rake Drive Gearbox 6/4 SEW,IMPACT,INTERMITTENT,3,33,3.437,4.100,2.345,2.800,10.203,7.700,ROP_MAX_SAFETY_STOCK,"Stock on hand 2 is below the current reorder point 3.437. At the IMPACT service level of 95% and a 33-day lead time, the reorder point should be 4.1.",PROPOSED,2026-05-26
REC-002012,000000000010001298,1000,Mill Lube Pump Motor 55KW SKF,CRITICAL,INTERMITTENT,0,111,7.779,13.100,4.980,8.400,23.321,17.000,ROP_MAX_SAFETY_STOCK,"Stock on hand 0 is below the current reorder point 7.779. At the CRITICAL service level of 98% and a 111-day lead time, the reorder point should be 13.1.",APPROVED,2026-07-12
REC-002013,000000000030000323,4000,Flow Meter Sensor Head DN100 METSO,CRITICAL,ON_DEMAND,2,148,0.000,15.800,0.000,7.700,0.000,20.800,OAR_TO_MIN_MAX,This OAR material is classified CRITICAL on the critical parts list. Recommend Min-Max management with a reorder point of 15.8 and a maximum of 20.8.,APPROVED,2026-07-30
REC-002014,000000000080000300,2000,Slurry Pump Mechanical Seal 10/8 SKF,NORMAL,INTERMITTENT,4,54,3.657,7.000,1.803,3.500,15.987,13.000,ROP_MAX_SAFETY_STOCK,"Stock on hand 0 is below the current reorder point 3.657. At the NORMAL service level of 85% and a 54-day lead time, the reorder point should be 7.",REJECTED,2026-05-31
REC-002015,000000000010001299,2000,Level Radar Transmitter DN150 SEW,CRITICAL,INTERMITTENT,0,72,10.541,6.000,6.367,3.600,13.840,9.000,ROP_MAX_SAFETY_STOCK,"Stock on hand 0 is below the current reorder point 10.541. At the CRITICAL service level of 98% and a 72-day lead time, the reorder point should be 6.",PROPOSED,2026-05-10
